time, Vcn, Von, VoVcn,
0.000000, 1.672559, 1.654028, -0.018530,
0.010127, 1.682227, 1.672559, -0.009668,
0.020239, 1.678198, 1.690283, 0.012085,
0.030332, 1.672559, 1.654028, -0.018530,
0.040459, 1.677393, 1.662085, -0.015308,
0.050681, 1.679004, 1.666919, -0.012085,
0.060793, 1.679004, 1.669336, -0.009668,
0.071002, 1.676587, 1.683032, 0.006445,
0.081004, 1.674976, 1.665308, -0.009668,
0.091113, 1.674976, 1.669336, -0.005640,
0.101232, 1.674976, 1.666113, -0.008862,
0.111346, 1.673364, 1.670947, -0.002417,
0.121456, 1.674170, 1.674976, 0.000806,
0.131667, 1.673364, 1.679810, 0.006445,
0.141569, 1.674170, 1.654028, -0.020142,
0.151806, 1.677393, 1.670142, -0.007251,
0.161940, 1.677393, 1.670947, -0.006445,
0.172123, 1.674976, 1.670142, -0.004834,
0.182337, 1.670142, 1.650806, -0.019336,
0.192452, 1.676587, 1.661279, -0.015308,
0.202674, 1.678198, 1.672559, -0.005640,
0.212793, 1.665308, 1.669336, 0.004028,
0.222666, 1.670142, 1.670947, 0.000806,
0.232661, 1.677393, 1.661279, -0.016113,
0.242786, 1.666919, 1.673364, 0.006445,
0.252788, 1.669336, 1.672559, 0.003223,
0.262691, 1.677393, 1.669336, -0.008057,
0.272893, 1.676587, 1.678198, 0.001611,
0.282790, 1.668530, 1.666113, -0.002417,
0.292884, 1.669336, 1.660474, -0.008862,
0.303006, 1.672559, 1.673364, 0.000806,
0.312890, 1.678198, 1.674170, -0.004028,
0.323006, 1.674976, 1.666113, -0.008862,
0.333239, 1.669336, 1.661279, -0.008057,
0.343350, 1.660474, 1.662085, 0.001611,
0.353346, 1.662891, 1.670142, 0.007251,
0.363357, 1.662085, 1.669336, 0.007251,
0.373240, 1.654834, 1.670947, 0.016113,
0.383235, 1.666919, 1.662891, -0.004028,
0.393335, 1.662085, 1.657251, -0.004834,
0.403571, 1.665308, 1.645166, -0.020142,
0.413656, 1.665308, 1.666919, 0.001611,
0.423452, 1.662891, 1.654834, -0.008057,
0.433674, 1.660474, 1.658057, -0.002417,
0.443800, 1.669336, 1.654834, -0.014502,
0.454014, 1.666113, 1.662085, -0.004028,
0.464269, 1.666113, 1.666113, 0.000000,
0.474210, 1.668530, 1.670947, 0.002417,
0.484003, 1.665308, 1.669336, 0.004028,
0.493798, 1.668530, 1.662085, -0.006445,
0.503990, 1.665308, 1.674976, 0.009668,
0.513891, 1.668530, 1.674976, 0.006445,
0.523785, 1.668530, 1.662085, -0.006445,
0.533996, 1.662085, 1.653223, -0.008862,
0.544121, 1.670142, 1.641138, -0.029004,
0.554254, 1.664502, 1.662891, -0.001611,
0.564469, 1.670947, 1.670142, -0.000806,
0.574682, 1.672559, 1.660474, -0.012085,
0.584791, 1.669336, 1.666113, -0.003223,
0.594879, 1.666113, 1.665308, -0.000806,
0.605009, 1.670142, 1.674170, 0.004028,
0.614888, 1.666919, 1.662085, -0.004834,
0.625001, 1.670142, 1.661279, -0.008862,
0.635143, 1.666113, 1.658862, -0.007251,
0.645234, 1.681421, 1.649194, -0.032227,
0.655392, 1.674976, 1.674976, 0.000000,
0.665364, 1.678198, 1.662085, -0.016113,
0.675564, 1.677393, 1.662085, -0.015308,
0.685677, 1.670947, 1.666919, -0.004028,
0.695790, 1.670142, 1.670947, 0.000806,
0.705792, 1.677393, 1.678198, 0.000806,
0.715677, 1.674976, 1.679810, 0.004834,
0.725668, 1.676587, 1.660474, -0.016113,
0.735897, 1.677393, 1.666919, -0.010474,
0.746014, 1.676587, 1.647583, -0.029004,
0.756244, 1.677393, 1.673364, -0.004028,
0.766569, 1.670142, 1.666113, -0.004028,
0.776786, 1.674976, 1.661279, -0.013696,
0.786896, 1.676587, 1.674170, -0.002417,
0.797029, 1.678198, 1.662085, -0.016113,
0.807128, 1.674170, 1.666113, -0.008057,
0.817237, 1.679810, 1.673364, -0.006445,
0.827456, 1.676587, 1.656445, -0.020142,
0.837677, 1.670947, 1.683032, 0.012085,
0.847576, 1.672559, 1.668530, -0.004028,
0.857679, 1.674170, 1.660474, -0.013696,
0.867889, 1.674976, 1.664502, -0.010474,
0.878126, 1.668530, 1.666919, -0.001611,
0.888241, 1.673364, 1.670947, -0.002417,
0.898342, 1.681421, 1.662085, -0.019336,
0.908462, 1.670947, 1.670142, -0.000806,
0.918456, 1.677393, 1.666113, -0.011279,
0.928609, 1.668530, 1.662085, -0.006445,
0.938792, 1.673364, 1.683032, 0.009668,
0.948675, 1.677393, 1.662891, -0.014502,
0.958884, 1.670947, 1.665308, -0.005640,
0.969141, 1.654834, 1.670142, 0.015308,
0.979122, 1.660474, 1.654834, -0.005640,
0.989144, 1.662891, 1.662085, -0.000806,
0.999328, 1.660474, 1.669336, 0.008862,
1.009225, 1.661279, 1.656445, -0.004834,
1.019360, 1.662891, 1.643555, -0.019336,
1.029577, 1.660474, 1.662085, 0.001611,
1.039460, 1.662085, 1.672559, 0.010474,
1.049426, 1.669336, 1.640332, -0.029004,
1.059460, 1.669336, 1.670947, 0.001611,
1.069459, 1.666919, 1.678198, 0.011279,
1.079452, 1.665308, 1.662085, -0.003223,
1.089571, 1.666113, 1.665308, -0.000806,
1.099755, 1.664502, 1.660474, -0.004028,
1.109783, 1.662891, 1.664502, 0.001611,
1.119674, 1.657251, 1.656445, -0.000806,
1.129900, 1.670142, 1.669336, -0.000806,
1.140010, 1.666113, 1.636304, -0.029810,
1.150236, 1.665308, 1.658862, -0.006445,
1.160341, 1.666919, 1.658862, -0.008057,
1.170574, 1.666919, 1.687060, 0.020142,
1.180571, 1.666113, 1.665308, -0.000806,
1.190669, 1.670142, 1.658057, -0.012085,
1.200793, 1.670142, 1.666919, -0.003223,
1.210902, 1.666919, 1.654028, -0.012891,
1.221029, 1.670142, 1.674170, 0.004028,
1.231111, 1.668530, 1.658862, -0.009668,
1.241128, 1.664502, 1.654028, -0.010474,
1.251352, 1.660474, 1.662891, 0.002417,
1.261287, 1.662085, 1.654028, -0.008057,
1.271459, 1.666919, 1.693506, 0.026587,
1.281466, 1.662085, 1.672559, 0.010474,
1.291341, 1.682227, 1.666113, -0.016113,
1.301573, 1.674976, 1.666113, -0.008862,
1.311568, 1.678198, 1.654834, -0.023364,
1.321578, 1.674170, 1.662085, -0.012085,
1.331793, 1.666113, 1.650806, -0.015308,
1.341895, 1.668530, 1.643555, -0.024976,
1.352096, 1.678198, 1.662891, -0.015308,
1.362196, 1.674170, 1.666919, -0.007251,
1.372339, 1.678198, 1.661279, -0.016919,
1.382462, 1.676587, 1.670142, -0.006445,
1.392577, 1.676587, 1.666113, -0.010474,
1.402796, 1.672559, 1.674976, 0.002417,
1.412676, 1.674170, 1.666113, -0.008057,
1.422800, 1.673364, 1.662085, -0.011279,
1.433094, 1.674976, 1.672559, -0.002417,
1.443157, 1.670142, 1.666919, -0.003223,
1.453349, 1.674170, 1.679004, 0.004834,
1.463388, 1.673364, 1.662891, -0.010474,
1.473475, 1.670142, 1.670947, 0.000806,
1.483351, 1.672559, 1.664502, -0.008057,
1.493426, 1.670142, 1.662085, -0.008057,
1.503581, 1.670947, 1.677393, 0.006445,
1.513465, 1.670142, 1.666919, -0.003223,
1.523577, 1.670142, 1.660474, -0.009668,
1.533795, 1.670947, 1.664502, -0.006445,
1.543890, 1.677393, 1.662085, -0.015308,
1.554042, 1.677393, 1.668530, -0.008862,
1.564272, 1.672559, 1.673364, 0.000806,
1.574218, 1.676587, 1.664502, -0.012085,
1.584346, 1.670142, 1.669336, -0.000806,
1.594467, 1.676587, 1.662891, -0.013696,
1.604677, 1.668530, 1.662085, -0.006445,
1.614798, 1.665308, 1.662085, -0.003223,
1.624973, 1.664502, 1.654028, -0.010474,
1.635140, 1.662085, 1.658057, -0.004028,
1.645250, 1.654028, 1.645166, -0.008862,
1.655454, 1.662891, 1.676587, 0.013696,
1.665459, 1.660474, 1.658057, -0.002417,
1.675685, 1.658057, 1.650806, -0.007251,
1.685822, 1.664502, 1.665308, 0.000806,
1.695693, 1.666919, 1.654834, -0.012085,
1.705897, 1.662891, 1.666113, 0.003223,
1.715765, 1.668530, 1.662891, -0.005640,
1.725893, 1.665308, 1.652417, -0.012891,
1.736121, 1.664502, 1.668530, 0.004028,
1.746009, 1.662085, 1.658862, -0.003223,
1.756237, 1.665308, 1.658862, -0.006445,
1.766559, 1.662891, 1.658862, -0.004028,
1.776702, 1.666113, 1.662085, -0.004028,
1.786788, 1.662085, 1.662891, 0.000806,
1.796588, 1.665308, 1.666113, 0.000806,
1.806463, 1.668530, 1.666113, -0.002417,
1.816595, 1.665308, 1.658862, -0.006445,
1.826788, 1.668530, 1.664502, -0.004028,
1.836901, 1.670142, 1.674170, 0.004028,
1.846802, 1.665308, 1.660474, -0.004834,
1.856891, 1.670142, 1.674170, 0.004028,
1.866836, 1.657251, 1.640332, -0.016919,
1.877008, 1.664502, 1.654834, -0.009668,
1.887130, 1.668530, 1.670947, 0.002417,
1.897017, 1.664502, 1.661279, -0.003223,
1.907139, 1.670142, 1.637109, -0.033032,
1.917258, 1.666919, 1.660474, -0.006445,
1.927464, 1.679004, 1.662085, -0.016919,
1.937581, 1.677393, 1.636304, -0.041089,
1.947697, 1.676587, 1.668530, -0.008057,
1.957900, 1.674976, 1.677393, 0.002417,
1.967895, 1.673364, 1.656445, -0.016919,
1.978123, 1.678198, 1.687866, 0.009668,
1.988009, 1.677393, 1.682227, 0.004834,
1.997797, 1.670142, 1.639526, -0.030615,
2.007918, 1.674170, 1.639526, -0.034644,
2.018014, 1.670142, 1.656445, -0.013696,
2.028215, 1.678198, 1.686255, 0.008057,
2.038126, 1.672559, 1.683838, 0.011279,
2.048012, 1.673364, 1.670142, -0.003223,
2.058125, 1.677393, 1.660474, -0.016919,
2.068346, 1.668530, 1.664502, -0.004028,
2.078570, 1.664502, 1.668530, 0.004028,
2.088464, 1.673364, 1.674976, 0.001611,
2.098349, 1.672559, 1.679004, 0.006445,
2.108245, 1.677393, 1.662085, -0.015308,
2.118348, 1.677393, 1.662891, -0.014502,
2.128575, 1.674976, 1.669336, -0.005640,
2.138802, 1.677393, 1.670142, -0.007251,
2.148893, 1.672559, 1.666113, -0.006445,
2.159015, 1.672559, 1.650806, -0.021753,
2.169242, 1.664502, 1.670947, 0.006445,
2.179236, 1.672559, 1.666919, -0.005640,
2.189346, 1.670142, 1.669336, -0.000806,
2.199437, 1.672559, 1.679004, 0.006445,
2.209244, 1.664502, 1.660474, -0.004028,
2.219362, 1.662085, 1.674976, 0.012891,
2.229349, 1.665308, 1.653223, -0.012085,
2.239463, 1.673364, 1.673364, 0.000000,
2.249335, 1.679004, 1.665308, -0.013696,
2.259341, 1.662085, 1.658862, -0.003223,
2.269574, 1.662085, 1.678198, 0.016113,
2.279569, 1.666113, 1.670142, 0.004028,
2.288578, 1.662085, 1.661279, -0.000806,
2.298614, 1.666919, 1.665308, -0.001611,
2.308684, 1.660474, 1.654834, -0.005640,
2.318790, 1.662891, 1.669336, 0.006445,
2.328691, 1.665308, 1.676587, 0.011279,
2.338659, 1.662891, 1.666919, 0.004028,
2.348585, 1.666919, 1.670142, 0.003223,
2.358456, 1.668530, 1.677393, 0.008862,
2.368459, 1.666919, 1.654834, -0.012085,
2.378683, 1.668530, 1.658862, -0.009668,
2.388796, 1.668530, 1.677393, 0.008862,
2.398683, 1.662085, 1.676587, 0.014502,
2.408604, 1.666919, 1.649194, -0.017725,
2.418684, 1.669336, 1.673364, 0.004028,
2.428639, 1.658862, 1.664502, 0.005640,
2.438578, 1.658862, 1.662891, 0.004028,
2.448465, 1.668530, 1.674170, 0.005640,
2.458357, 1.660474, 1.654834, -0.005640,
2.468578, 1.654834, 1.660474, 0.005640,
2.478579, 1.666113, 1.661279, -0.004834,
2.488682, 1.664502, 1.669336, 0.004834,
2.498586, 1.666919, 1.661279, -0.005640,
2.508683, 1.656445, 1.661279, 0.004834,
2.518577, 1.666919, 1.662891, -0.004028,
2.528778, 1.669336, 1.668530, -0.000806,
2.538943, 1.656445, 1.661279, 0.004834,
2.548799, 1.665308, 1.657251, -0.008057,
2.558887, 1.670142, 1.658862, -0.011279,
2.569148, 1.674976, 1.670142, -0.004834,
2.579356, 1.677393, 1.673364, -0.004028,
2.589467, 1.676587, 1.673364, -0.003223,
2.599594, 1.677393, 1.664502, -0.012891,
2.609687, 1.677393, 1.670142, -0.007251,
2.619797, 1.674170, 1.676587, 0.002417,
2.629677, 1.669336, 1.677393, 0.008057,
2.639675, 1.673364, 1.670142, -0.003223,
2.649872, 1.677393, 1.674170, -0.003223,
2.659900, 1.677393, 1.657251, -0.020142,
2.670147, 1.668530, 1.669336, 0.000806,
2.680127, 1.677393, 1.664502, -0.012891,
2.690247, 1.678198, 1.686255, 0.008057,
2.700243, 1.677393, 1.670142, -0.007251,
2.710361, 1.670142, 1.674976, 0.004834,
2.720249, 1.676587, 1.666919, -0.009668,
2.730588, 1.670947, 1.660474, -0.010474,
2.740682, 1.670142, 1.683032, 0.012891,
2.750679, 1.677393, 1.654834, -0.022559,
2.760798, 1.665308, 1.674976, 0.009668,
2.770717, 1.673364, 1.691089, 0.017725,
2.780674, 1.676587, 1.669336, -0.007251,
2.790799, 1.673364, 1.679004, 0.005640,
2.800796, 1.674976, 1.665308, -0.009668,
2.810903, 1.676587, 1.656445, -0.020142,
2.820894, 1.678198, 1.670142, -0.008057,
2.831099, 1.669336, 1.658862, -0.010474,
2.841129, 1.674976, 1.668530, -0.006445,
2.851358, 1.668530, 1.666919, -0.001611,
2.861521, 1.673364, 1.664502, -0.008862,
2.871684, 1.677393, 1.673364, -0.004028,
2.881895, 1.673364, 1.650806, -0.022559,
2.892017, 1.662085, 1.650806, -0.011279,
2.902250, 1.662085, 1.662891, 0.000806,
2.912133, 1.665308, 1.673364, 0.008057,
2.922018, 1.657251, 1.670142, 0.012891,
2.932029, 1.664502, 1.658862, -0.005640,
2.942130, 1.669336, 1.658862, -0.010474,
2.952320, 1.658862, 1.669336, 0.010474,
2.962202, 1.662891, 1.679810, 0.016919,
2.972123, 1.669336, 1.662891, -0.006445,
2.982351, 1.661279, 1.658862, -0.002417,
2.992460, 1.664502, 1.656445, -0.008057,
3.002688, 1.657251, 1.662085, 0.004834,
3.012581, 1.662085, 1.676587, 0.014502,
3.022385, 1.664502, 1.668530, 0.004028,
3.032469, 1.661279, 1.666919, 0.005640,
3.042355, 1.662085, 1.648389, -0.013696,
3.052587, 1.661279, 1.674170, 0.012891,
3.062542, 1.662891, 1.661279, -0.001611,
3.072648, 1.670142, 1.676587, 0.006445,
3.082581, 1.662085, 1.657251, -0.004834,
3.092692, 1.670142, 1.649194, -0.020947,
3.102902, 1.661279, 1.670947, 0.009668,
3.112796, 1.664502, 1.662085, -0.002417,
3.122905, 1.666113, 1.661279, -0.004834,
3.133258, 1.656445, 1.658057, 0.001611,
3.143131, 1.670142, 1.657251, -0.012891,
3.153245, 1.662085, 1.670947, 0.008862,
3.163225, 1.669336, 1.662085, -0.007251,
3.173356, 1.665308, 1.669336, 0.004028,
3.183296, 1.670142, 1.669336, -0.000806,
3.193374, 1.666113, 1.662085, -0.004028,
3.203578, 1.658862, 1.669336, 0.010474,
3.213442, 1.674170, 1.683032, 0.008862,
3.223251, 1.673364, 1.668530, -0.004834,
3.233465, 1.677393, 1.681421, 0.004028,
3.243357, 1.677393, 1.681421, 0.004028,
3.253346, 1.670142, 1.673364, 0.003223,
3.263442, 1.677393, 1.672559, -0.004834,
3.273573, 1.674976, 1.668530, -0.006445,
3.283692, 1.674976, 1.676587, 0.001611,
3.293591, 1.677393, 1.661279, -0.016113,
3.303797, 1.673364, 1.673364, 0.000000,
3.313577, 1.674976, 1.670947, -0.004028,
3.323579, 1.674976, 1.668530, -0.006445,
3.333799, 1.670947, 1.661279, -0.009668,
3.343838, 1.678198, 1.683032, 0.004834,
3.353800, 1.677393, 1.679004, 0.001611,
3.363857, 1.677393, 1.666113, -0.011279,
3.373903, 1.672559, 1.657251, -0.015308,
3.384013, 1.674976, 1.656445, -0.018530,
3.394131, 1.678198, 1.666113, -0.012085,
3.404286, 1.674170, 1.666919, -0.007251,
3.414355, 1.672559, 1.660474, -0.012085,
3.424580, 1.670142, 1.654834, -0.015308,
3.434789, 1.674170, 1.662891, -0.011279,
3.444898, 1.669336, 1.670142, 0.000806,
3.454797, 1.670142, 1.669336, -0.000806,
3.465016, 1.673364, 1.658862, -0.014502,
3.475248, 1.668530, 1.676587, 0.008057,
3.485143, 1.677393, 1.670142, -0.007251,
3.495242, 1.664502, 1.644360, -0.020142,
3.505363, 1.672559, 1.672559, 0.000000,
3.507822, 1.677393, 1.670142, -0.007251,
3.517898, 1.670947, 1.669336, -0.001611,
3.528134, 1.662085, 1.660474, -0.001611,
3.538357, 1.664502, 1.669336, 0.004834,
3.548255, 1.662085, 1.654834, -0.007251,
3.558360, 1.658862, 1.654834, -0.004028,
3.568580, 1.656445, 1.670142, 0.013696,
3.578575, 1.662085, 1.650000, -0.012085,
3.588684, 1.662085, 1.658862, -0.003223,
3.598801, 1.662891, 1.654028, -0.008862,
3.608911, 1.666113, 1.657251, -0.008862,
3.619015, 1.662085, 1.666113, 0.004028,
3.629016, 1.666919, 1.641138, -0.025781,
3.639163, 1.654834, 1.668530, 0.013696,
3.649017, 1.664502, 1.670947, 0.006445,
3.659029, 1.664502, 1.662891, -0.001611,
3.669259, 1.664502, 1.678198, 0.013696,
3.679253, 1.662085, 1.660474, -0.001611,
3.689361, 1.665308, 1.669336, 0.004028,
3.699334, 1.664502, 1.661279, -0.003223,
3.709347, 1.669336, 1.658057, -0.011279,
3.719376, 1.662085, 1.670947, 0.008862,
3.729357, 1.664502, 1.666113, 0.001611,
3.739363, 1.669336, 1.665308, -0.004028,
3.749587, 1.666113, 1.637915, -0.028198,
3.759687, 1.668530, 1.648389, -0.020142,
3.769905, 1.666113, 1.666919, 0.000806,
3.779898, 1.668530, 1.661279, -0.007251,
3.790032, 1.666919, 1.666919, 0.000000,
3.799930, 1.668530, 1.674170, 0.005640,
3.809806, 1.673364, 1.647583, -0.025781,
3.819900, 1.666113, 1.676587, 0.010474,
3.829898, 1.666113, 1.662891, -0.003223,
3.840018, 1.666919, 1.654834, -0.012085,
3.850252, 1.670947, 1.664502, -0.006445,
3.860360, 1.678198, 1.662085, -0.016113,
3.870581, 1.683032, 1.674170, -0.008862,
3.880797, 1.677393, 1.679004, 0.001611,
3.890620, 1.676587, 1.673364, -0.003223,
3.900796, 1.677393, 1.676587, -0.000806,
3.910806, 1.676587, 1.657251, -0.019336,
3.920903, 1.678198, 1.674976, -0.003223,
3.931219, 1.677393, 1.676587, -0.000806,
3.941250, 1.674976, 1.660474, -0.014502,
3.951456, 1.670142, 1.662085, -0.008057,
3.961529, 1.677393, 1.647583, -0.029810,
3.971686, 1.670142, 1.668530, -0.001611,
3.981921, 1.677393, 1.658862, -0.018530,
3.992049, 1.673364, 1.662085, -0.011279,
4.002246, 1.674170, 1.668530, -0.005640,
4.012359, 1.682227, 1.679810, -0.002417,
4.022481, 1.674976, 1.662891, -0.012085,
4.032684, 1.673364, 1.657251, -0.016113,
4.042809, 1.677393, 1.678198, 0.000806,
4.052805, 1.674976, 1.673364, -0.001611,
4.062919, 1.674170, 1.673364, -0.000806,
4.073033, 1.672559, 1.662085, -0.010474,
4.083168, 1.670947, 1.641943, -0.029004,
4.093247, 1.666919, 1.665308, -0.001611,
4.103432, 1.674976, 1.681421, 0.006445,
4.113264, 1.674170, 1.669336, -0.004834,
4.123361, 1.674976, 1.666919, -0.008057,
4.133677, 1.670142, 1.666919, -0.003223,
4.143806, 1.676587, 1.661279, -0.015308,
4.153904, 1.664502, 1.677393, 0.012891,
4.163914, 1.676587, 1.666919, -0.009668,
4.174104, 1.677393, 1.670142, -0.007251,
4.184241, 1.664502, 1.657251, -0.007251,
4.194353, 1.664502, 1.664502, 0.000000,
4.204252, 1.662891, 1.662085, -0.000806,
4.214348, 1.662085, 1.665308, 0.003223,
4.224226, 1.665308, 1.658057, -0.007251,
4.234367, 1.661279, 1.645166, -0.016113,
4.244486, 1.665308, 1.658862, -0.006445,
4.254695, 1.668530, 1.665308, -0.003223,
4.264980, 1.664502, 1.660474, -0.004028,
4.275117, 1.666113, 1.666919, 0.000806,
4.284905, 1.662085, 1.662891, 0.000806,
4.294803, 1.662891, 1.662085, -0.000806,
4.304900, 1.666113, 1.670142, 0.004028,
4.314800, 1.668530, 1.666113, -0.002417,
4.324985, 1.670142, 1.666919, -0.003223,
4.335142, 1.660474, 1.662085, 0.001611,
4.345032, 1.668530, 1.661279, -0.007251,
4.355142, 1.660474, 1.662085, 0.001611,
4.365166, 1.656445, 1.672559, 0.016113,
4.375141, 1.662891, 1.658057, -0.004834,
4.385251, 1.669336, 1.676587, 0.007251,
4.395058, 1.666919, 1.668530, 0.001611,
4.405030, 1.669336, 1.662085, -0.007251,
4.415061, 1.665308, 1.658862, -0.006445,
4.425254, 1.662085, 1.653223, -0.008862,
4.435474, 1.666113, 1.673364, 0.007251,
4.445351, 1.665308, 1.661279, -0.004028,
4.455474, 1.670142, 1.666919, -0.003223,
4.465695, 1.665308, 1.658862, -0.006445,
4.475916, 1.666919, 1.654028, -0.012891,
4.486036, 1.673364, 1.662085, -0.011279,
4.496143, 1.673364, 1.673364, 0.000000,
4.506142, 1.678198, 1.678198, 0.000000,
4.512795, 1.665308, 1.662891, -0.002417,
4.523031, 1.677393, 1.657251, -0.020142,
4.533256, 1.679810, 1.683032, 0.003223,
4.543138, 1.676587, 1.664502, -0.012085,
4.553369, 1.672559, 1.674170, 0.001611,
4.563393, 1.670947, 1.677393, 0.006445,
4.573255, 1.662085, 1.677393, 0.015308,
4.583219, 1.674170, 1.681421, 0.007251,
4.593041, 1.679004, 1.654028, -0.024976,
4.603244, 1.668530, 1.674976, 0.006445,
4.613107, 1.677393, 1.653223, -0.024170,
4.623137, 1.673364, 1.660474, -0.012891,
4.633350, 1.674170, 1.670947, -0.003223,
4.643470, 1.674170, 1.658862, -0.015308,
4.653652, 1.677393, 1.674976, -0.002417,
4.663848, 1.677393, 1.670947, -0.006445,
4.673913, 1.668530, 1.677393, 0.008862,
4.683806, 1.674170, 1.673364, -0.000806,
4.693814, 1.673364, 1.658057, -0.015308,
4.704034, 1.670947, 1.674170, 0.003223,
4.713903, 1.673364, 1.666919, -0.006445,
4.724101, 1.668530, 1.665308, -0.003223,
4.734255, 1.677393, 1.662085, -0.015308,
4.744364, 1.674976, 1.669336, -0.005640,
4.754589, 1.676587, 1.666919, -0.009668,
4.764803, 1.672559, 1.672559, 0.000000,
4.774804, 1.672559, 1.669336, -0.003223,
4.784891, 1.672559, 1.654028, -0.018530,
4.794918, 1.670142, 1.662085, -0.008057,
4.805142, 1.664502, 1.676587, 0.012085,
4.815039, 1.664502, 1.665308, 0.000806,
4.824988, 1.662085, 1.654834, -0.007251,
4.835137, 1.657251, 1.668530, 0.011279,
4.845029, 1.658862, 1.662085, 0.003223,
4.854908, 1.660474, 1.664502, 0.004028,
4.864930, 1.666113, 1.666113, 0.000000,
4.874897, 1.668530, 1.641138, -0.027393,
4.885036, 1.666113, 1.654834, -0.011279,
4.895140, 1.666113, 1.656445, -0.009668,
4.905361, 1.669336, 1.670142, 0.000806,
4.915249, 1.665308, 1.662085, -0.003223,
4.925430, 1.665308, 1.654028, -0.011279,
4.935588, 1.664502, 1.656445, -0.008057,
4.945690, 1.657251, 1.656445, -0.000806,
4.955803, 1.670142, 1.658057, -0.012085,
4.966030, 1.665308, 1.660474, -0.004834,
4.976257, 1.662085, 1.656445, -0.005640,
4.986362, 1.670142, 1.670142, 0.000000,
4.996166, 1.665308, 1.666113, 0.000806,
5.003397, 1.665308, 1.676587, 0.011279,
5.013255, 1.666113, 1.661279, -0.004834,
5.023362, 1.662085, 1.660474, -0.001611,
5.033594, 1.665308, 1.658862, -0.006445,
5.043699, 1.665308, 1.658862, -0.006445,
5.053933, 1.670142, 1.664502, -0.005640,
5.064207, 1.666113, 1.654834, -0.011279,
5.074451, 1.662085, 1.656445, -0.005640,
5.084467, 1.666113, 1.660474, -0.005640,
5.094500, 1.670142, 1.662891, -0.007251,
5.104690, 1.670142, 1.660474, -0.009668,
5.114802, 1.670142, 1.660474, -0.009668,
5.124917, 1.677393, 1.658057, -0.019336,
5.135151, 1.672559, 1.670947, -0.001611,
5.145261, 1.679810, 1.649194, -0.030615,
5.155385, 1.676587, 1.662085, -0.014502,
5.165690, 1.678198, 1.691089, 0.012891,
5.175697, 1.676587, 1.647583, -0.029004,
5.185812, 1.674976, 1.679004, 0.004028,
5.195696, 1.674170, 1.666113, -0.008057,
5.205826, 1.676587, 1.668530, -0.008057,
5.215914, 1.670142, 1.662891, -0.007251,
5.226145, 1.674976, 1.666113, -0.008862,
5.236364, 1.673364, 1.687060, 0.013696,
5.246255, 1.673364, 1.640332, -0.033032,
5.256467, 1.672559, 1.660474, -0.012085,
5.266652, 1.677393, 1.670142, -0.007251,
5.276852, 1.674976, 1.656445, -0.018530,
5.286912, 1.674170, 1.674170, 0.000000,
5.296757, 1.674976, 1.674976, 0.000000,
5.306692, 1.673364, 1.668530, -0.004834,
5.316808, 1.674976, 1.662891, -0.012085,
5.327034, 1.677393, 1.662085, -0.015308,
5.337252, 1.674976, 1.674170, -0.000806,
5.347360, 1.672559, 1.665308, -0.007251,
5.357460, 1.672559, 1.670142, -0.002417,
5.367690, 1.664502, 1.679004, 0.014502,
5.377701, 1.672559, 1.633887, -0.038672,
5.387805, 1.676587, 1.674170, -0.002417,
5.397812, 1.674170, 1.665308, -0.008862,
5.407986, 1.670947, 1.669336, -0.001611,
5.418047, 1.670947, 1.673364, 0.002417,
5.428039, 1.677393, 1.669336, -0.008057,
5.438153, 1.670142, 1.670142, 0.000000,
5.448030, 1.665308, 1.664502, -0.000806,
5.458146, 1.662085, 1.658862, -0.003223,
5.468359, 1.666113, 1.666113, 0.000000,
5.478355, 1.664502, 1.654834, -0.009668,
5.488495, 1.657251, 1.660474, 0.003223,
5.498360, 1.661279, 1.664502, 0.003223,
5.508261, 1.662085, 1.662085, 0.000000,
5.518045, 1.668530, 1.670142, 0.001611,
5.527992, 1.669336, 1.662085, -0.007251,
5.538145, 1.666113, 1.654028, -0.012085,
5.548256, 1.662085, 1.664502, 0.002417,
5.558221, 1.665308, 1.669336, 0.004028,
5.568253, 1.662085, 1.666919, 0.004834,
5.578266, 1.661279, 1.679004, 0.017725,
5.588142, 1.664502, 1.670142, 0.005640,
5.598040, 1.668530, 1.666919, -0.001611,
5.608149, 1.670142, 1.657251, -0.012891,
5.618297, 1.662085, 1.669336, 0.007251,
5.628256, 1.661279, 1.662085, 0.000806,
5.638256, 1.660474, 1.664502, 0.004028,
5.648141, 1.660474, 1.662085, 0.001611,
5.658041, 1.670142, 1.650806, -0.019336,
5.668254, 1.662891, 1.676587, 0.013696,
5.678269, 1.662891, 1.636304, -0.026587,
5.688361, 1.665308, 1.669336, 0.004028,
5.698285, 1.654834, 1.662085, 0.007251,
5.708258, 1.660474, 1.653223, -0.007251,
5.718366, 1.669336, 1.665308, -0.004028,
5.728592, 1.662085, 1.662891, 0.000806,
5.738483, 1.664502, 1.658862, -0.005640,
5.748591, 1.669336, 1.658862, -0.010474,
5.758704, 1.666919, 1.658057, -0.008862,
5.768910, 1.677393, 1.662085, -0.015308,
5.779150, 1.670142, 1.670947, 0.000806,
5.789043, 1.679810, 1.676587, -0.003223,
5.799228, 1.666919, 1.679004, 0.012085,
5.809066, 1.673364, 1.672559, -0.000806,
5.819155, 1.677393, 1.683032, 0.005640,
5.829144, 1.677393, 1.662891, -0.014502,
5.839356, 1.674170, 1.670142, -0.004028,
5.849453, 1.677393, 1.644360, -0.033032,
5.859476, 1.670947, 1.666113, -0.004834,
5.869691, 1.674170, 1.647583, -0.026587,
5.879931, 1.676587, 1.678198, 0.001611,
5.889809, 1.679004, 1.670142, -0.008862,
5.899894, 1.665308, 1.637915, -0.027393,
5.909912, 1.674976, 1.662891, -0.012085,
5.919913, 1.673364, 1.662085, -0.011279,
5.930228, 1.673364, 1.676587, 0.003223,
5.940140, 1.670947, 1.666919, -0.004028,
5.950348, 1.673364, 1.664502, -0.008862,
5.960361, 1.666113, 1.658057, -0.008057,
5.970593, 1.674976, 1.670947, -0.004028,
5.980809, 1.670142, 1.661279, -0.008862,
5.990810, 1.670947, 1.665308, -0.005640,
6.000986, 1.677393, 1.657251, -0.020142,
6.011068, 1.677393, 1.668530, -0.008862,
6.021150, 1.672559, 1.679004, 0.006445,
6.031144, 1.673364, 1.669336, -0.004028,
6.041271, 1.674170, 1.662891, -0.011279,
6.051466, 1.670947, 1.664502, -0.006445,
6.061552, 1.669336, 1.674170, 0.004834,
6.071476, 1.670947, 1.674976, 0.004028,
6.081485, 1.670142, 1.662891, -0.007251,
6.091601, 1.676587, 1.662085, -0.014502,
6.101814, 1.657251, 1.677393, 0.020142,
6.111694, 1.657251, 1.658862, 0.001611,
6.121601, 1.665308, 1.672559, 0.007251,
6.131662, 1.666113, 1.658862, -0.007251,
6.141711, 1.664502, 1.650000, -0.014502,
6.151905, 1.662085, 1.677393, 0.015308,
6.161749, 1.654834, 1.633081, -0.021753,
6.171915, 1.662891, 1.654834, -0.008057,
6.182142, 1.669336, 1.673364, 0.004028,
6.192041, 1.662085, 1.679810, 0.017725,
6.202004, 1.669336, 1.666919, -0.002417,
6.212045, 1.668530, 1.661279, -0.007251,
6.222146, 1.664502, 1.666113, 0.001611,
6.232229, 1.662085, 1.654834, -0.007251,
6.242319, 1.662085, 1.660474, -0.001611,
6.252490, 1.664502, 1.674170, 0.009668,
6.262436, 1.665308, 1.633081, -0.032227,
6.272598, 1.665308, 1.647583, -0.017725,
6.282817, 1.668530, 1.650000, -0.018530,
6.292910, 1.668530, 1.662891, -0.005640,
6.303042, 1.669336, 1.662085, -0.007251,
6.313138, 1.662891, 1.657251, -0.005640,
6.323165, 1.664502, 1.670947, 0.006445,
6.333270, 1.666113, 1.662085, -0.004028,
6.343143, 1.665308, 1.649194, -0.016113,
6.353368, 1.668530, 1.670142, 0.001611,
6.363372, 1.664502, 1.665308, 0.000806,
6.373259, 1.665308, 1.664502, -0.000806,
6.383370, 1.668530, 1.674170, 0.005640,
6.393273, 1.662085, 1.662891, 0.000806,
6.403259, 1.668530, 1.662891, -0.005640,
6.413362, 1.670142, 1.674976, 0.004834,
6.423171, 1.670947, 1.643555, -0.027393,
6.433486, 1.677393, 1.668530, -0.008862,
6.443592, 1.673364, 1.656445, -0.016919,
6.453816, 1.665308, 1.691895, 0.026587,
6.463835, 1.673364, 1.674170, 0.000806,
6.473691, 1.674170, 1.669336, -0.004834,
6.483815, 1.674976, 1.648389, -0.026587,
6.493917, 1.674170, 1.657251, -0.016919,
6.503017, 1.677393, 1.674976, -0.002417,
6.513016, 1.672559, 1.673364, 0.000806,
6.522599, 1.678198, 1.664502, -0.013696,
6.532814, 1.673364, 1.662085, -0.011279,
6.542913, 1.673364, 1.650000, -0.023364,
6.553048, 1.679004, 1.670142, -0.008862,
6.563223, 1.674170, 1.666113, -0.008057,
6.573361, 1.669336, 1.670947, 0.001611,
6.583272, 1.674976, 1.668530, -0.006445,
6.593365, 1.673364, 1.661279, -0.012085,
6.603497, 1.676587, 1.665308, -0.011279,
6.613590, 1.670142, 1.662085, -0.008057,
6.623602, 1.674170, 1.666113, -0.008057,
6.633816, 1.672559, 1.669336, -0.003223,
6.643926, 1.673364, 1.683838, 0.010474,
6.653911, 1.670142, 1.677393, 0.007251,
6.663930, 1.670142, 1.664502, -0.005640,
6.674117, 1.673364, 1.658862, -0.014502,
6.684178, 1.672559, 1.662085, -0.010474,
6.694265, 1.670947, 1.654028, -0.016919,
6.704481, 1.673364, 1.674170, 0.000806,
6.714361, 1.666113, 1.661279, -0.004834,
6.724455, 1.670142, 1.653223, -0.016919,
6.734595, 1.662085, 1.669336, 0.007251,
6.744480, 1.668530, 1.654834, -0.013696,
6.754598, 1.669336, 1.661279, -0.008057,
6.764806, 1.662891, 1.658057, -0.004834,
6.775038, 1.660474, 1.658862, -0.001611,
6.785046, 1.654028, 1.670142, 0.016113,
6.794915, 1.662891, 1.664502, 0.001611,
6.804919, 1.668530, 1.670947, 0.002417,
6.813692, 1.665308, 1.662891, -0.002417,
6.823812, 1.657251, 1.657251, 0.000000,
6.833705, 1.670142, 1.668530, -0.001611,
6.843824, 1.662891, 1.657251, -0.005640,
6.854034, 1.662085, 1.668530, 0.006445,
6.864050, 1.666919, 1.670947, 0.004028,
6.873910, 1.668530, 1.658862, -0.009668,
6.884039, 1.669336, 1.653223, -0.016113,
6.894150, 1.665308, 1.666113, 0.000806,
6.904147, 1.666113, 1.685449, 0.019336,
6.914046, 1.666113, 1.664502, -0.001611,
6.924236, 1.666113, 1.658862, -0.007251,
6.934488, 1.658862, 1.652417, -0.006445,
6.944602, 1.661279, 1.670142, 0.008862,
6.954501, 1.662085, 1.636304, -0.025781,
6.964796, 1.665308, 1.647583, -0.017725,
6.975041, 1.666113, 1.657251, -0.008862,
6.985149, 1.668530, 1.668530, 0.000000,
6.994938, 1.662891, 1.658057, -0.004834,
7.005145, 1.662085, 1.653223, -0.008862,
7.015259, 1.668530, 1.660474, -0.008057,
7.025491, 1.668530, 1.654834, -0.013696,
7.035703, 1.666113, 1.664502, -0.001611,
7.045814, 1.674170, 1.662085, -0.012085,
7.055927, 1.677393, 1.668530, -0.008862,
7.066169, 1.677393, 1.693506, 0.016113,
7.076141, 1.678198, 1.658862, -0.019336,
7.086281, 1.677393, 1.683032, 0.005640,
7.096148, 1.674976, 1.649194, -0.025781,
7.106349, 1.674976, 1.679004, 0.004028,
7.116153, 1.665308, 1.658057, -0.007251,
7.126389, 1.676587, 1.647583, -0.029004,
7.136704, 1.677393, 1.672559, -0.004834,
7.146826, 1.674170, 1.668530, -0.005640,
7.157041, 1.678198, 1.666919, -0.011279,
7.167271, 1.674976, 1.676587, 0.001611,
7.177262, 1.673364, 1.681421, 0.008057,
7.187147, 1.665308, 1.679004, 0.013696,
7.197042, 1.674976, 1.665308, -0.009668,
7.207146, 1.677393, 1.683032, 0.005640,
7.217051, 1.672559, 1.666113, -0.006445,
7.227267, 1.674976, 1.674976, 0.000000,
7.237149, 1.674170, 1.677393, 0.003223,
7.247046, 1.674976, 1.668530, -0.006445,
7.257174, 1.678198, 1.662085, -0.016113,
7.267398, 1.673364, 1.658862, -0.014502,
7.277599, 1.674976, 1.674170, -0.000806,
7.287703, 1.673364, 1.677393, 0.004028,
7.297595, 1.674976, 1.691895, 0.016919,
7.307478, 1.673364, 1.660474, -0.012891,
7.317595, 1.670947, 1.674976, 0.004028,
7.327506, 1.672559, 1.683838, 0.011279,
7.337490, 1.674976, 1.666919, -0.008057,
7.347602, 1.676587, 1.668530, -0.008057,
7.357706, 1.670142, 1.676587, 0.006445,
7.367699, 1.662891, 1.668530, 0.005640,
7.377696, 1.657251, 1.664502, 0.007251,
7.387608, 1.658057, 1.662891, 0.004834,
7.397481, 1.664502, 1.668530, 0.004028,
7.407379, 1.654834, 1.666919, 0.012085,
7.417266, 1.662891, 1.666919, 0.004028,
7.427266, 1.662085, 1.670142, 0.008057,
7.437272, 1.662891, 1.656445, -0.006445,
7.447366, 1.656445, 1.658862, 0.002417,
7.457368, 1.666919, 1.674170, 0.007251,
7.467389, 1.665308, 1.672559, 0.007251,
7.477359, 1.665308, 1.677393, 0.012085,
7.487194, 1.662891, 1.661279, -0.001611,
7.497264, 1.665308, 1.679004, 0.013696,
7.507149, 1.670142, 1.662085, -0.008057,
7.517272, 1.662891, 1.656445, -0.006445,
7.527488, 1.666919, 1.658862, -0.008057,
7.537701, 1.668530, 1.666113, -0.002417,
7.547814, 1.658862, 1.661279, 0.002417,
7.557705, 1.665308, 1.658057, -0.007251,
7.567918, 1.668530, 1.653223, -0.015308,
7.578151, 1.658862, 1.677393, 0.018530,
7.588048, 1.668530, 1.662891, -0.005640,
7.598157, 1.668530, 1.666919, -0.001611,
7.608270, 1.664502, 1.658862, -0.005640,
7.618371, 1.668530, 1.662891, -0.005640,
7.628480, 1.664502, 1.672559, 0.008057,
7.638372, 1.666919, 1.637109, -0.029809,
7.648489, 1.669336, 1.662891, -0.006445,
7.658595, 1.665308, 1.645166, -0.020142,
7.668815, 1.670947, 1.661279, -0.009668,
7.679041, 1.664502, 1.653223, -0.011279,
7.689152, 1.677393, 1.670142, -0.007251,
7.699355, 1.674170, 1.672559, -0.001611,
7.709374, 1.674976, 1.670142, -0.004834,
7.719392, 1.676587, 1.676587, 0.000000,
7.729355, 1.677393, 1.682227, 0.004834,
7.739271, 1.678198, 1.669336, -0.008862,
7.749458, 1.676587, 1.679004, 0.002417,
7.759258, 1.677393, 1.668530, -0.008862,
7.769482, 1.677393, 1.678198, 0.000806,
7.779487, 1.674976, 1.654834, -0.020142,
7.789600, 1.677393, 1.677393, 0.000000,
7.799457, 1.677393, 1.672559, -0.004834,
7.809485, 1.674170, 1.661279, -0.012891,
7.819595, 1.670947, 1.691895, 0.020947,
7.829487, 1.668530, 1.670142, 0.001611,
7.839370, 1.670947, 1.677393, 0.006445,
7.849372, 1.674170, 1.672559, -0.001611,
7.859486, 1.674976, 1.666919, -0.008057,
7.869702, 1.665308, 1.662891, -0.002417,
7.879921, 1.679004, 1.670142, -0.008862,
7.890057, 1.665308, 1.677393, 0.012085,
7.900040, 1.672559, 1.656445, -0.016113,
7.910155, 1.674170, 1.665308, -0.008862,
7.920266, 1.670142, 1.670142, 0.000000,
7.930240, 1.670947, 1.662891, -0.008057,
7.940303, 1.679004, 1.686255, 0.007251,
7.950270, 1.678198, 1.664502, -0.013696,
7.960371, 1.662085, 1.650000, -0.012085,
7.970601, 1.662891, 1.683838, 0.020947,
7.980617, 1.674976, 1.662891, -0.012085,
7.990704, 1.678198, 1.666113, -0.012085,
8.000913, 1.677393, 1.643555, -0.033838,
8.010934, 1.678198, 1.666919, -0.011279,
8.021047, 1.662891, 1.678198, 0.015308,
8.031132, 1.666113, 1.641138, -0.024976,
8.041259, 1.662085, 1.645166, -0.016919,
8.051479, 1.666113, 1.670947, 0.004834,
8.061404, 1.662085, 1.681421, 0.019336,
8.071375, 1.661279, 1.687866, 0.026587,
8.081372, 1.662891, 1.668530, 0.005640,
8.091267, 1.662085, 1.673364, 0.011279,
8.101262, 1.664502, 1.660474, -0.004028,
8.111380, 1.666919, 1.668530, 0.001611,
8.121272, 1.661279, 1.677393, 0.016113,
8.131446, 1.657251, 1.658057, 0.000806,
8.141276, 1.665308, 1.677393, 0.012085,
8.151270, 1.666919, 1.662085, -0.004834,
8.161418, 1.664502, 1.650000, -0.014502,
8.171597, 1.666113, 1.670142, 0.004028,
8.181600, 1.666113, 1.657251, -0.008862,
8.191701, 1.658057, 1.661279, 0.003223,
8.201688, 1.660474, 1.662085, 0.001611,
8.211486, 1.664502, 1.657251, -0.007251,
8.221563, 1.668530, 1.672559, 0.004028,
8.231605, 1.666113, 1.666919, 0.000806,
8.241495, 1.666919, 1.650000, -0.016919,
8.251679, 1.665308, 1.668530, 0.003223,
8.261556, 1.666113, 1.662085, -0.004028,
8.271700, 1.666113, 1.676587, 0.010474,
8.281702, 1.668530, 1.662085, -0.006445,
8.291815, 1.666919, 1.658862, -0.008057,
8.302046, 1.658862, 1.670947, 0.012085,
8.311915, 1.670142, 1.641138, -0.029004,
8.322041, 1.662085, 1.657251, -0.004834,
8.332262, 1.681421, 1.662891, -0.018530,
8.342371, 1.679810, 1.661279, -0.018530,
8.352493, 1.678198, 1.681421, 0.003223,
8.362419, 1.674976, 1.654028, -0.020947,
8.372593, 1.678198, 1.676587, -0.001611,
8.382822, 1.683838, 1.669336, -0.014502,
8.392922, 1.676587, 1.665308, -0.011279,
8.403142, 1.674170, 1.677393, 0.003223,
8.413042, 1.678198, 1.672559, -0.005640,
8.423067, 1.674976, 1.676587, 0.001611,
8.433151, 1.670947, 1.664502, -0.006445,
8.443268, 1.676587, 1.665308, -0.011279,
8.453460, 1.674976, 1.701563, 0.026587,
8.463436, 1.674170, 1.677393, 0.003223,
8.473271, 1.676587, 1.661279, -0.015308,
8.483395, 1.670142, 1.686255, 0.016113,
8.493264, 1.670142, 1.657251, -0.012891,
8.503483, 1.672559, 1.670142, -0.002417,
8.513487, 1.664502, 1.668530, 0.004028,
8.523300, 1.664502, 1.673364, 0.008862,
8.533373, 1.672559, 1.660474, -0.012085,
8.543493, 1.674170, 1.657251, -0.016919,
8.553712, 1.670947, 1.674976, 0.004028,
8.563715, 1.676587, 1.669336, -0.007251,
8.573820, 1.673364, 1.660474, -0.012891,
8.583924, 1.677393, 1.662085, -0.015308,
8.593937, 1.672559, 1.665308, -0.007251,
8.604146, 1.674170, 1.686255, 0.012085,
8.614048, 1.677393, 1.669336, -0.008057,
8.624242, 1.677393, 1.662891, -0.014502,
8.634395, 1.670142, 1.670947, 0.000806,
8.644274, 1.674170, 1.676587, 0.002417,
8.654271, 1.662891, 1.662891, 0.000000,
8.664268, 1.662085, 1.674170, 0.012085,
8.674248, 1.654834, 1.662891, 0.008057,
8.684150, 1.654834, 1.662085, 0.007251,
8.694045, 1.668530, 1.660474, -0.008057,
8.704265, 1.662891, 1.670947, 0.008057,
8.714148, 1.664502, 1.666919, 0.002417,
8.724005, 1.668530, 1.657251, -0.011279,
8.734281, 1.662085, 1.664502, 0.002417,
8.744155, 1.670947, 1.666919, -0.004028,
8.754340, 1.660474, 1.666919, 0.006445,
8.764310, 1.662085, 1.670947, 0.008862,
8.774276, 1.666113, 1.653223, -0.012891,
8.784374, 1.668530, 1.654834, -0.013696,
8.794492, 1.669336, 1.662891, -0.006445,
8.804716, 1.662891, 1.678198, 0.015308,
8.814610, 1.670142, 1.670947, 0.000806,
8.824598, 1.665308, 1.652417, -0.012891,
8.834832, 1.669336, 1.637915, -0.031421,
8.844935, 1.656445, 1.654028, -0.002417,
8.855160, 1.661279, 1.656445, -0.004834,
8.869038, 1.665308, 1.672559, 0.007251,
8.889266, 1.666919, 1.678198, 0.011279,
8.911037, 1.665308, 1.690283, 0.024976,
8.931042, 1.673364, 1.668530, -0.004834,
8.952039, 1.658057, 1.674976, 0.016919,
8.973039, 1.678198, 1.672559, -0.005640,
8.994265, 1.677393, 1.670142, -0.007251,
9.016269, 1.676587, 1.673364, -0.003223,
9.038040, 1.677393, 1.666919, -0.010474,
9.059040, 1.682227, 1.665308, -0.016919,
9.079268, 1.674976, 1.674170, -0.000806,
9.101270, 1.676587, 1.679810, 0.003223,
9.123269, 1.674976, 1.665308, -0.009668,
9.146042, 1.677393, 1.662891, -0.014502,
9.166266, 1.677393, 1.670142, -0.007251,
9.188267, 1.673364, 1.643555, -0.029810,
9.210267, 1.676587, 1.645972, -0.030615,
9.232041, 1.677393, 1.674170, -0.003223,
9.253040, 1.666919, 1.673364, 0.006445,
9.273267, 1.666919, 1.665308, -0.001611,
9.296038, 1.664502, 1.652417, -0.012085,
9.317040, 1.666919, 1.670947, 0.004028,
9.337040, 1.670142, 1.678198, 0.008057,
9.357270, 1.668530, 1.664502, -0.004028,
9.379039, 1.670142, 1.660474, -0.009668,
9.399613, 1.674170, 1.664502, -0.009668,
9.422037, 1.666113, 1.639526, -0.026587,
9.442268, 1.662085, 1.662085, 0.000000,
9.464039, 1.670142, 1.654028, -0.016113,
9.485038, 1.669336, 1.670947, 0.001611,
9.505266, 1.668530, 1.666919, -0.001611,
9.527268, 1.670142, 1.654834, -0.015308,
9.549350, 1.668530, 1.661279, -0.007251,
9.571271, 1.662085, 1.691089, 0.029004,
9.593039, 1.673364, 1.654834, -0.018530,
9.614040, 1.682227, 1.669336, -0.012891,
9.634268, 1.677393, 1.668530, -0.008862,
9.656270, 1.679810, 1.682227, 0.002417,
9.678041, 1.677393, 1.662891, -0.014502,
9.699354, 1.676587, 1.658862, -0.017725,
9.722041, 1.677393, 1.669336, -0.008057,
9.736932, 1.670947, 1.685449, 0.014502,
9.741148, 1.670947, 1.665308, -0.005640,
9.745822, 1.674976, 1.657251, -0.017725,
9.756058, 1.679004, 1.669336, -0.009668,
9.766159, 1.678198, 1.665308, -0.012891,
9.776375, 1.678198, 1.677393, -0.000806,
9.786373, 1.678198, 1.676587, -0.001611,
9.796493, 1.678198, 1.672559, -0.005640,
9.806712, 1.673364, 1.666113, -0.007251,
9.816825, 1.674170, 1.670142, -0.004028,
9.827050, 1.674170, 1.658057, -0.016113,
9.837365, 1.679810, 1.666113, -0.013696,
9.847485, 1.670947, 1.669336, -0.001611,
9.857602, 1.674976, 1.660474, -0.014502,
9.867708, 1.672559, 1.679810, 0.007251,
9.877635, 1.673364, 1.664502, -0.008862,
9.887704, 1.677393, 1.672559, -0.004834,
9.897832, 1.670142, 1.657251, -0.012891,
9.908064, 1.664502, 1.654834, -0.009668,
9.918154, 1.669336, 1.658862, -0.010474,
9.928383, 1.670142, 1.670142, 0.000000,
9.938372, 1.666919, 1.658862, -0.008057,
9.948504, 1.664502, 1.674170, 0.009668,
9.958375, 1.664502, 1.658057, -0.006445,
9.968487, 1.664502, 1.670947, 0.006445,
9.978460, 1.666919, 1.670947, 0.004028,
9.988279, 1.661279, 1.658862, -0.002417,
9.998374, 1.664502, 1.658862, -0.005640,
10.008493, 1.664502, 1.654028, -0.010474,
10.018824, 1.666113, 1.674976, 0.008862,
10.029044, 1.666919, 1.665308, -0.001611,
10.039504, 1.664502, 1.658057, -0.006445,
10.049910, 1.664502, 1.660474, -0.004028,
10.060280, 1.658862, 1.654834, -0.004028,
10.070606, 1.666113, 1.677393, 0.011279,
10.080824, 1.660474, 1.682227, 0.021753,
10.090928, 1.669336, 1.654028, -0.015308,
10.101370, 1.661279, 1.674170, 0.012891,
10.111490, 1.661279, 1.662891, 0.001611,
10.121580, 1.670947, 1.650000, -0.020947,
10.132203, 1.666113, 1.670947, 0.004834,
10.142371, 1.660474, 1.662085, 0.001611,
10.152490, 1.670142, 1.674170, 0.004028,
10.162668, 1.669336, 1.670947, 0.001611,
10.172711, 1.662085, 1.656445, -0.005640,
10.183159, 1.662891, 1.661279, -0.001611,
10.193502, 1.666113, 1.654834, -0.011279,
10.203929, 1.662891, 1.669336, 0.006445,
10.214058, 1.666919, 1.668530, 0.001611,
10.224242, 1.664502, 1.662085, -0.002417,
10.234716, 1.668530, 1.668530, 0.000000,
10.244830, 1.679810, 1.668530, -0.011279,
10.255279, 1.679004, 1.666113, -0.012891,
10.265651, 1.670947, 1.679004, 0.008057,
10.275926, 1.679810, 1.664502, -0.015308,
10.286275, 1.677393, 1.678198, 0.000806,
10.296372, 1.679810, 1.660474, -0.019336,
10.306713, 1.673364, 1.683032, 0.009668,
10.316829, 1.677393, 1.673364, -0.004028,
10.327278, 1.676587, 1.662085, -0.014502,
10.337610, 1.674976, 1.666919, -0.008057,
10.347927, 1.679004, 1.683838, 0.004834,
10.358048, 1.673364, 1.666113, -0.007251,
10.368379, 1.674170, 1.662085, -0.012085,
10.378824, 1.677393, 1.653223, -0.024170,
10.389166, 1.677393, 1.664502, -0.012891,
10.399607, 1.674976, 1.666113, -0.008862,
10.409932, 1.669336, 1.657251, -0.012085,
10.420282, 1.668530, 1.670142, 0.001611,
10.430518, 1.677393, 1.664502, -0.012891,
10.440930, 1.678198, 1.670142, -0.008057,
10.451392, 1.674976, 1.674976, 0.000000,
10.461422, 1.674170, 1.679810, 0.005640,
10.471502, 1.673364, 1.673364, 0.000000,
10.481616, 1.672559, 1.670142, -0.002417,
10.491934, 1.672559, 1.665308, -0.007251,
10.502382, 1.670142, 1.670947, 0.000806,
10.512493, 1.679004, 1.665308, -0.013696,
10.521957, 1.672559, 1.672559, 0.000000,
10.532343, 1.669336, 1.668530, -0.000806,
10.542709, 1.669336, 1.643555, -0.025781,
10.553161, 1.677393, 1.679004, 0.001611,
10.563325, 1.670947, 1.656445, -0.014502,
10.573609, 1.662085, 1.654834, -0.007251,
10.583926, 1.661279, 1.660474, -0.000806,
10.594185, 1.654834, 1.670947, 0.016113,
10.604381, 1.654834, 1.641138, -0.013696,
10.614715, 1.664502, 1.656445, -0.008057,
10.625142, 1.658057, 1.654834, -0.003223,
10.635605, 1.662085, 1.662085, 0.000000,
10.645728, 1.662085, 1.657251, -0.004834,
10.656158, 1.668530, 1.661279, -0.007251,
10.666513, 1.668530, 1.664502, -0.004028,
10.676926, 1.668530, 1.679810, 0.011279,
10.687042, 1.662891, 1.658057, -0.004834,
10.697301, 1.662891, 1.669336, 0.006445,
10.707499, 1.669336, 1.637109, -0.032227,
10.717825, 1.662085, 1.665308, 0.003223,
10.728040, 1.670142, 1.662891, -0.007251,
10.738494, 1.669336, 1.662085, -0.007251,
10.748829, 1.666919, 1.670142, 0.003223,
10.758920, 1.661279, 1.677393, 0.016113,
10.769061, 1.666113, 1.662891, -0.003223,
10.779500, 1.666113, 1.673364, 0.007251,
10.789614, 1.666919, 1.637915, -0.029004,
10.800049, 1.658862, 1.678198, 0.019336,
10.810169, 1.666113, 1.662891, -0.003223,
10.820500, 1.669336, 1.662085, -0.007251,
10.830913, 1.670142, 1.666113, -0.004028,
10.841279, 1.660474, 1.654834, -0.005640,
10.851706, 1.666919, 1.670142, 0.003223,
10.861877, 1.654834, 1.654834, 0.000000,
10.871929, 1.669336, 1.668530, -0.000806,
10.882341, 1.666919, 1.658862, -0.008057,
10.892608, 1.679810, 1.662891, -0.016919,
10.903051, 1.670142, 1.674976, 0.004834,
10.913093, 1.674170, 1.666113, -0.008057,
10.923388, 1.678198, 1.657251, -0.020947,
10.933941, 1.674170, 1.673364, -0.000806,
10.944286, 1.677393, 1.662085, -0.015308,
10.954729, 1.670142, 1.654834, -0.015308,
10.965152, 1.679004, 1.662085, -0.016919,
10.975609, 1.673364, 1.669336, -0.004028,
10.985937, 1.677393, 1.674976, -0.002417,
10.996286, 1.677393, 1.662085, -0.015308,
11.004010, 1.678198, 1.670142, -0.008057,
11.014278, 1.677393, 1.678198, 0.000806,
11.024461, 1.674170, 1.657251, -0.016919,
11.034933, 1.674976, 1.669336, -0.005640,
11.045276, 1.674170, 1.674976, 0.000806,
11.055486, 1.666113, 1.683032, 0.016919,
11.065616, 1.670947, 1.668530, -0.002417,
11.076048, 1.676587, 1.682227, 0.005640,
11.086162, 1.668530, 1.690283, 0.021753,
11.096277, 1.672559, 1.670947, -0.001611,
11.106717, 1.674170, 1.666113, -0.008057,
11.117078, 1.673364, 1.665308, -0.008057,
11.127499, 1.664502, 1.668530, 0.004028,
11.137837, 1.669336, 1.669336, 0.000000,
11.147942, 1.669336, 1.674170, 0.004834,
11.158064, 1.669336, 1.669336, 0.000000,
11.168162, 1.674976, 1.674976, 0.000000,
11.178282, 1.674170, 1.681421, 0.007251,
11.188404, 1.673364, 1.670142, -0.003223,
11.198720, 1.676587, 1.658862, -0.017725,
11.209063, 1.654834, 1.658057, 0.003223,
11.219169, 1.658862, 1.664502, 0.005640,
11.228277, 1.658862, 1.654834, -0.004028,
11.238934, 1.662891, 1.662085, -0.000806,
11.249371, 1.662085, 1.666113, 0.004028,
11.259494, 1.658057, 1.679004, 0.020947,
11.269613, 1.666919, 1.665308, -0.001611,
11.280050, 1.654834, 1.662085, 0.007251,
11.290170, 1.666113, 1.653223, -0.012891,
11.300608, 1.668530, 1.670142, 0.001611,
11.310615, 1.665308, 1.674170, 0.008862,
11.320731, 1.668530, 1.660474, -0.008057,
11.331278, 1.662085, 1.654834, -0.007251,
11.341714, 1.662085, 1.664502, 0.002417,
11.351923, 1.668530, 1.664502, -0.004028,
11.362288, 1.665308, 1.654834, -0.010474,
11.372618, 1.670947, 1.662891, -0.008057,
11.382990, 1.662085, 1.648389, -0.013696,
11.393280, 1.654834, 1.668530, 0.013696,
11.403493, 1.664502, 1.668530, 0.004028,
11.413534, 1.668530, 1.665308, -0.003223,
11.423833, 1.669336, 1.660474, -0.008862,
11.434391, 1.665308, 1.665308, 0.000000,
11.444503, 1.666113, 1.679004, 0.012891,
11.454712, 1.670947, 1.654834, -0.016113,
11.465153, 1.662085, 1.661279, -0.000806,
11.475607, 1.666919, 1.662085, -0.004834,
11.485917, 1.670142, 1.668530, -0.001611,
11.496167, 1.670947, 1.662085, -0.008862,
11.506581, 1.670947, 1.648389, -0.022559,
11.516865, 1.661279, 1.656445, -0.004834,
11.527274, 1.676587, 1.665308, -0.011279,
11.537821, 1.678198, 1.660474, -0.017725,
11.548162, 1.677393, 1.670142, -0.007251,
11.558517, 1.678198, 1.689478, 0.011279,
11.568614, 1.670947, 1.653223, -0.017725,
11.579049, 1.678198, 1.665308, -0.012891,
11.589382, 1.676587, 1.668530, -0.008057,
11.599788, 1.673364, 1.678198, 0.004834,
11.609836, 1.665308, 1.665308, 0.000000,
11.619925, 1.677393, 1.672559, -0.004834,
11.630386, 1.670947, 1.665308, -0.005640,
11.640832, 1.674170, 1.666113, -0.008057,
11.651286, 1.672559, 1.670947, -0.001611,
11.661641, 1.676587, 1.649194, -0.027393,
11.671935, 1.668530, 1.666113, -0.002417,
11.682393, 1.670142, 1.668530, -0.001611,
11.692717, 1.674170, 1.654028, -0.020142,
11.703169, 1.668530, 1.694311, 0.025781,
11.713317, 1.673364, 1.664502, -0.008862,
11.723608, 1.677393, 1.668530, -0.008862,
11.734137, 1.679004, 1.679810, 0.000806,
11.744288, 1.676587, 1.654834, -0.021753,
11.754727, 1.670142, 1.660474, -0.009668,
11.765141, 1.668530, 1.678198, 0.009668,
11.775358, 1.674170, 1.690283, 0.016113,
11.785498, 1.674170, 1.677393, 0.003223,
11.795612, 1.668530, 1.645972, -0.022559,
11.806059, 1.674976, 1.654028, -0.020947,
11.816388, 1.670947, 1.683838, 0.012891,
11.826512, 1.678198, 1.662085, -0.016113,
11.837061, 1.674976, 1.662891, -0.012085,
11.847396, 1.670142, 1.673364, 0.003223,
11.857613, 1.672559, 1.647583, -0.024976,
11.867927, 1.666113, 1.656445, -0.009668,
11.878381, 1.662085, 1.645166, -0.016919,
11.888717, 1.661279, 1.668530, 0.007251,
11.898829, 1.666919, 1.661279, -0.005640,
11.909195, 1.668530, 1.662085, -0.006445,
11.919503, 1.662891, 1.678198, 0.015308,
11.929715, 1.666113, 1.666113, 0.000000,
11.939931, 1.670142, 1.662891, -0.007251,
11.950359, 1.665308, 1.683838, 0.018530,
11.960417, 1.662085, 1.635498, -0.026587,
11.970714, 1.670142, 1.665308, -0.004834,
11.981056, 1.668530, 1.661279, -0.007251,
11.991391, 1.666919, 1.662085, -0.004834,
12.001712, 1.665308, 1.673364, 0.008057,
12.011834, 1.664502, 1.664502, 0.000000,
12.021832, 1.666919, 1.654834, -0.012085,
12.032358, 1.665308, 1.666919, 0.001611,
12.042521, 1.668530, 1.662085, -0.006445,
12.052935, 1.670947, 1.673364, 0.002417,
12.062992, 1.666919, 1.664502, -0.002417,
12.073276, 1.666919, 1.670142, 0.003223,
12.083416, 1.668530, 1.654028, -0.014502,
12.093721, 1.666919, 1.658862, -0.008057,
12.104174, 1.670142, 1.636304, -0.033838,
12.114495, 1.665308, 1.662085, -0.003223,
12.124910, 1.669336, 1.662085, -0.007251,
12.135500, 1.668530, 1.668530, 0.000000,
12.145556, 1.666919, 1.670142, 0.003223,
12.155736, 1.668530, 1.662085, -0.006445,
12.166083, 1.676587, 1.637109, -0.039477,
12.176504, 1.679004, 1.649194, -0.029809,
12.186843, 1.678198, 1.695923, 0.017725,
12.196936, 1.677393, 1.664502, -0.012891,
12.207323, 1.674976, 1.673364, -0.001611,
12.217623, 1.674170, 1.678198, 0.004028,
12.227832, 1.678198, 1.666919, -0.011279,
12.238411, 1.676587, 1.661279, -0.015308,
12.248718, 1.677393, 1.678198, 0.000806,
12.258836, 1.674170, 1.656445, -0.017725,
12.269168, 1.677393, 1.674170, -0.003223,
12.279615, 1.668530, 1.641138, -0.027393,
12.289935, 1.677393, 1.643555, -0.033838,
12.300358, 1.672559, 1.678198, 0.005640,
12.310502, 1.677393, 1.654834, -0.022559,
12.320830, 1.678198, 1.674976, -0.003223,
12.331284, 1.673364, 1.666113, -0.007251,
12.341714, 1.676587, 1.658862, -0.017725,
12.352174, 1.677393, 1.665308, -0.012085,
12.362529, 1.674170, 1.669336, -0.004834,
12.372827, 1.674976, 1.662085, -0.012891,
12.383177, 1.674976, 1.669336, -0.005640,
12.393511, 1.674170, 1.670142, -0.004028,
12.403934, 1.678198, 1.668530, -0.009668,
12.414199, 1.670947, 1.666919, -0.004028,
12.424616, 1.677393, 1.647583, -0.029810,
12.435169, 1.674976, 1.689478, 0.014502,
12.445283, 1.670947, 1.670142, -0.000806,
12.455716, 1.674170, 1.650000, -0.024170,
12.466071, 1.676587, 1.647583, -0.029004,
12.476500, 1.670142, 1.656445, -0.013696,
12.486827, 1.665308, 1.662891, -0.002417,
12.497155, 1.662891, 1.669336, 0.006445,
12.507385, 1.662085, 1.670142, 0.008057,
12.517395, 1.662085, 1.650000, -0.012085,
12.527371, 1.664502, 1.668530, 0.004028,
12.537625, 1.662891, 1.661279, -0.001611,
12.547938, 1.661279, 1.658862, -0.002417,
12.558281, 1.662891, 1.664502, 0.001611,
12.568382, 1.662085, 1.672559, 0.010474,
12.578612, 1.665308, 1.662085, -0.003223,
12.588941, 1.664502, 1.666113, 0.001611,
12.599147, 1.658057, 1.661279, 0.003223,
12.609175, 1.666113, 1.664502, -0.001611,
12.619512, 1.665308, 1.672559, 0.007251,
12.629724, 1.666113, 1.662891, -0.003223,
12.640186, 1.662085, 1.662085, 0.000000,
12.650362, 1.668530, 1.660474, -0.008057,
12.660613, 1.660474, 1.669336, 0.008862,
12.670714, 1.672559, 1.665308, -0.007251,
12.681067, 1.664502, 1.658057, -0.006445,
12.691387, 1.666113, 1.660474, -0.005640,
12.701813, 1.662891, 1.670947, 0.008057,
12.711833, 1.666919, 1.660474, -0.006445,
12.722166, 1.670142, 1.662085, -0.008057,
12.732842, 1.672559, 1.661279, -0.011279,
12.743197, 1.669336, 1.654834, -0.014502,
12.753618, 1.662085, 1.665308, 0.003223,
12.763824, 1.670142, 1.636304, -0.033838,
12.774257, 1.658862, 1.654834, -0.004028,
12.784616, 1.668530, 1.662085, -0.006445,
12.794949, 1.665308, 1.649194, -0.016113,
12.805418, 1.674976, 1.666113, -0.008862,
12.815724, 1.677393, 1.662085, -0.015308,
12.826164, 1.672559, 1.650000, -0.022559,
12.836715, 1.674976, 1.670142, -0.004834,
12.847070, 1.677393, 1.662085, -0.015308,
12.857506, 1.673364, 1.662891, -0.010474,
12.867837, 1.666919, 1.683032, 0.016113,
12.878062, 1.678198, 1.662085, -0.016113,
12.888385, 1.676587, 1.657251, -0.019336,
12.898714, 1.677393, 1.647583, -0.029810,
12.909072, 1.670947, 1.662891, -0.008057,
12.919397, 1.674976, 1.690283, 0.015308,
12.929623, 1.673364, 1.669336, -0.004028,
12.940061, 1.674976, 1.665308, -0.009668,
12.950500, 1.673364, 1.677393, 0.004028,
12.960652, 1.670142, 1.686255, 0.016113,
12.970727, 1.673364, 1.670142, -0.003223,
12.981141, 1.678198, 1.661279, -0.016919,
12.991504, 1.668530, 1.654834, -0.013696,
13.001931, 1.678198, 1.674170, -0.004028,
13.012172, 1.676587, 1.662085, -0.014502,
13.022506, 1.672559, 1.670947, -0.001611,
13.033143, 1.670947, 1.657251, -0.013696,
13.043504, 1.672559, 1.682227, 0.009668,
13.053721, 1.664502, 1.679004, 0.014502,
13.063841, 1.674170, 1.669336, -0.004834,
13.074262, 1.673364, 1.664502, -0.008862,
13.084612, 1.672559, 1.682227, 0.009668,
13.094729, 1.677393, 1.665308, -0.012085,
13.105186, 1.665308, 1.672559, 0.007251,
13.115293, 1.670947, 1.668530, -0.002417,
13.125721, 1.668530, 1.668530, 0.000000,
13.136066, 1.662891, 1.678198, 0.015308,
13.146166, 1.654834, 1.672559, 0.017725,
13.156393, 1.669336, 1.657251, -0.012085,
13.166725, 1.664502, 1.647583, -0.016919,
13.177163, 1.662085, 1.661279, -0.000806,
13.187501, 1.664502, 1.662891, -0.001611,
13.197836, 1.661279, 1.668530, 0.007251,
13.207937, 1.654834, 1.666113, 0.011279,
13.218067, 1.670142, 1.673364, 0.003223,
13.228284, 1.664502, 1.672559, 0.008057,
13.238519, 1.664502, 1.670142, 0.005640,
13.248615, 1.666113, 1.657251, -0.008862,
13.258944, 1.665308, 1.652417, -0.012891,
13.269287, 1.665308, 1.666113, 0.000806,
13.279501, 1.662891, 1.664502, 0.001611,
13.289621, 1.668530, 1.650806, -0.017725,
13.300063, 1.664502, 1.670947, 0.006445,
13.310168, 1.668530, 1.662891, -0.005640,
13.320509, 1.665308, 1.662891, -0.002417,
13.330907, 1.664502, 1.672559, 0.008057,
13.341068, 1.665308, 1.669336, 0.004028,
13.351312, 1.664502, 1.676587, 0.012085,
13.361438, 1.666113, 1.640332, -0.025781,
13.371723, 1.664502, 1.662085, -0.002417,
13.382076, 1.669336, 1.666113, -0.003223,
13.392394, 1.668530, 1.664502, -0.004028,
13.402736, 1.662085, 1.654834, -0.007251,
13.413084, 1.666919, 1.662085, -0.004834,
13.423399, 1.668530, 1.658057, -0.010474,
13.433947, 1.665308, 1.665308, 0.000000,
13.444067, 1.673364, 1.674976, 0.001611,
13.454292, 1.679004, 1.669336, -0.009668,
13.464641, 1.677393, 1.650000, -0.027393,
13.475068, 1.677393, 1.670142, -0.007251,
13.485418, 1.679004, 1.678198, -0.000806,
13.495729, 1.668530, 1.665308, -0.003223,
13.506078, 1.673364, 1.677393, 0.004028,
13.516173, 1.677393, 1.641943, -0.035449,
13.526626, 1.679004, 1.658862, -0.020142,
13.537169, 1.677393, 1.669336, -0.008057,
13.547526, 1.678198, 1.670947, -0.007251,
13.557936, 1.673364, 1.649194, -0.024170,
13.568289, 1.672559, 1.670947, -0.001611,
13.578723, 1.679810, 1.669336, -0.010474,
13.589070, 1.674170, 1.662085, -0.012085,
13.599480, 1.670142, 1.678198, 0.008057,
13.609509, 1.666919, 1.658057, -0.008862,
13.619840, 1.673364, 1.673364, 0.000000,
13.629943, 1.674170, 1.668530, -0.005640,
13.640385, 1.678198, 1.683838, 0.005640,
13.650515, 1.674170, 1.687060, 0.012891,
13.660620, 1.677393, 1.665308, -0.012085,
13.670941, 1.673364, 1.683838, 0.010474,
13.681183, 1.672559, 1.665308, -0.007251,
13.691510, 1.670142, 1.677393, 0.007251,
13.701742, 1.674976, 1.668530, -0.006445,
13.712071, 1.672559, 1.665308, -0.007251,
13.722394, 1.669336, 1.673364, 0.004028,
13.732714, 1.669336, 1.649194, -0.020142,
13.742983, 1.672559, 1.656445, -0.016113,
13.753508, 1.669336, 1.674170, 0.004834,
13.763630, 1.666919, 1.670142, 0.003223,
13.773726, 1.677393, 1.658057, -0.019336,
13.784066, 1.662891, 1.664502, 0.001611,
13.794179, 1.654834, 1.660474, 0.005640,
13.804396, 1.662085, 1.658862, -0.003223,
13.814728, 1.661279, 1.658057, -0.003223,
13.825152, 1.658057, 1.662085, 0.004028,
13.835401, 1.664502, 1.670142, 0.005640,
13.845504, 1.662891, 1.658057, -0.004834,
13.855842, 1.661279, 1.661279, 0.000000,
13.865956, 1.668530, 1.666113, -0.002417,
13.876415, 1.662891, 1.657251, -0.005640,
13.886728, 1.664502, 1.670947, 0.006445,
13.896745, 1.668530, 1.670142, 0.001611,
13.906945, 1.660474, 1.662085, 0.001611,
13.917074, 1.665308, 1.654834, -0.010474,
13.927510, 1.668530, 1.658862, -0.009668,
13.938071, 1.666919, 1.674976, 0.008057,
13.948170, 1.668530, 1.658862, -0.009668,
13.958623, 1.670142, 1.647583, -0.022559,
13.968947, 1.669336, 1.670142, 0.000806,
13.979177, 1.669336, 1.662085, -0.007251,
13.989515, 1.666919, 1.679810, 0.012891,
13.999697, 1.666113, 1.658057, -0.008057,
14.009942, 1.665308, 1.670947, 0.005640,
14.020072, 1.670142, 1.673364, 0.003223,
14.030308, 1.662891, 1.637915, -0.024976,
14.040730, 1.662085, 1.668530, 0.006445,
14.050939, 1.665308, 1.670142, 0.004834,
14.060969, 1.665308, 1.658862, -0.006445,
14.071290, 1.664502, 1.677393, 0.012891,
14.081509, 1.666919, 1.633887, -0.033032,
14.091842, 1.677393, 1.641943, -0.035449,
14.102291, 1.678198, 1.673364, -0.004834,
14.112623, 1.666919, 1.656445, -0.010474,
14.122954, 1.676587, 1.654834, -0.021753,
14.133694, 1.678198, 1.669336, -0.008862,
14.144071, 1.672559, 1.654834, -0.017725,
14.154515, 1.662891, 1.670947, 0.008057,
14.164646, 1.674976, 1.664502, -0.010474,
14.175068, 1.678198, 1.654834, -0.023364,
14.185399, 1.674976, 1.670142, -0.004834,
14.195724, 1.674170, 1.668530, -0.005640,
14.206106, 1.678198, 1.664502, -0.013696,
14.216394, 1.673364, 1.668530, -0.004834,
14.226720, 1.674976, 1.665308, -0.009668,
14.237289, 1.678198, 1.668530, -0.009668,
14.247624, 1.676587, 1.674976, -0.001611,
14.258068, 1.673364, 1.664502, -0.008862,
14.268428, 1.670947, 1.672559, 0.001611,
14.278626, 1.677393, 1.683032, 0.005640,
14.288712, 1.673364, 1.666919, -0.006445,
14.298969, 1.672559, 1.677393, 0.004834,
14.309070, 1.673364, 1.657251, -0.016113,
14.319396, 1.665308, 1.691089, 0.025781,
14.329517, 1.679004, 1.683032, 0.004028,
14.339732, 1.674170, 1.662085, -0.012085,
14.350148, 1.668530, 1.662891, -0.005640,
14.360512, 1.670947, 1.664502, -0.006445,
14.370845, 1.670947, 1.677393, 0.006445,
14.381063, 1.669336, 1.662085, -0.007251,
14.391395, 1.674170, 1.679810, 0.005640,
14.401616, 1.678198, 1.645166, -0.033032,
14.411934, 1.658862, 1.665308, 0.006445,
14.421959, 1.665308, 1.654834, -0.010474,
14.432629, 1.666919, 1.662085, -0.004834,
14.442948, 1.666113, 1.660474, -0.005640,
14.453359, 1.668530, 1.661279, -0.007251,
14.463659, 1.664502, 1.654834, -0.009668,
14.473948, 1.662085, 1.662085, 0.000000,
14.484070, 1.669336, 1.666113, -0.003223,
14.494397, 1.668530, 1.670947, 0.002417,
14.504513, 1.662085, 1.674976, 0.012891,
14.514618, 1.666113, 1.666113, 0.000000,
14.524701, 1.660474, 1.654834, -0.005640,
14.535214, 1.665308, 1.662085, -0.003223,
14.545528, 1.666919, 1.666919, 0.000000,
14.555718, 1.668530, 1.666919, -0.001611,
14.566074, 1.668530, 1.662085, -0.006445,
14.576500, 1.669336, 1.660474, -0.008862,
14.586730, 1.660474, 1.666113, 0.005640,
14.596854, 1.660474, 1.647583, -0.012891,
14.607173, 1.666113, 1.645166, -0.020947,
14.617517, 1.670142, 1.666919, -0.003223,
14.627951, 1.668530, 1.664502, -0.004028,
14.638508, 1.668530, 1.661279, -0.007251,
14.648849, 1.658862, 1.662085, 0.003223,
14.658948, 1.662085, 1.662085, 0.000000,
14.669069, 1.668530, 1.670947, 0.002417,
14.679296, 1.664502, 1.668530, 0.004028,
14.689401, 1.666113, 1.682227, 0.016113,
14.699626, 1.666113, 1.665308, -0.000806,
14.709945, 1.662085, 1.635498, -0.026587,
14.720296, 1.658862, 1.666919, 0.008057,
14.730626, 1.679810, 1.673364, -0.006445,
14.741077, 1.677393, 1.674976, -0.002417,
14.751512, 1.664502, 1.677393, 0.012891,
14.761653, 1.676587, 1.662085, -0.014502,
14.771948, 1.676587, 1.683032, 0.006445,
14.782176, 1.677393, 1.658057, -0.019336,
14.792512, 1.669336, 1.640332, -0.029004,
14.802953, 1.677393, 1.681421, 0.004028,
14.813079, 1.676587, 1.674976, -0.001611,
14.823394, 1.665308, 1.670947, 0.005640,
14.833737, 1.673364, 1.654834, -0.018530,
14.844071, 1.676587, 1.654028, -0.022559,
14.854512, 1.673364, 1.664502, -0.008862,
14.864858, 1.670947, 1.669336, -0.001611,
14.875287, 1.666919, 1.661279, -0.005640,
14.885629, 1.673364, 1.658057, -0.015308,
14.895946, 1.665308, 1.653223, -0.012085,
14.906357, 1.673364, 1.654028, -0.019336,
14.916633, 1.674170, 1.681421, 0.007251,
14.926844, 1.673364, 1.662085, -0.011279,
14.937393, 1.670947, 1.662085, -0.008862,
14.947734, 1.672559, 1.674170, 0.001611,
14.957844, 1.676587, 1.654028, -0.022559,
14.968185, 1.674976, 1.662085, -0.012891,
14.978627, 1.678198, 1.670142, -0.008057,
14.988945, 1.678198, 1.670142, -0.008057,
14.999381, 1.664502, 1.666919, 0.002417,
15.009413, 1.668530, 1.657251, -0.011279,
15.019729, 1.674170, 1.674170, 0.000000,
15.029851, 1.677393, 1.666919, -0.010474,
15.040289, 1.670947, 1.666919, -0.004028,
15.050728, 1.664502, 1.665308, 0.000806,
15.060844, 1.664502, 1.664502, 0.000000,
15.070842, 1.664502, 1.658057, -0.006445,
15.081295, 1.664502, 1.665308, 0.000806,
15.091399, 1.662085, 1.658057, -0.004028,
15.101724, 1.662085, 1.670947, 0.008862,
15.111727, 1.662085, 1.657251, -0.004834,
15.122092, 1.665308, 1.661279, -0.004028,
15.132753, 1.664502, 1.658862, -0.005640,
15.143074, 1.660474, 1.654834, -0.005640,
15.153498, 1.665308, 1.670947, 0.005640,
15.163620, 1.657251, 1.666919, 0.009668,
15.173733, 1.670142, 1.635498, -0.034644,
15.184075, 1.669336, 1.664502, -0.004834,
15.194403, 1.653223, 1.669336, 0.016113,
15.204634, 1.669336, 1.666919, -0.002417,
15.214949, 1.666113, 1.676587, 0.010474,
15.225142, 1.662085, 1.640332, -0.021753,
15.235632, 1.666113, 1.669336, 0.003223,
15.245731, 1.668530, 1.650000, -0.018530,
15.256180, 1.661279, 1.665308, 0.004028,
15.266327, 1.669336, 1.673364, 0.004028,
15.276502, 1.666919, 1.654834, -0.012085,
15.286776, 1.670142, 1.668530, -0.001611,
15.297074, 1.666113, 1.673364, 0.007251,
15.307187, 1.668530, 1.662085, -0.006445,
15.317539, 1.666919, 1.661279, -0.005640,
15.327943, 1.664502, 1.670142, 0.005640,
15.338186, 1.666919, 1.652417, -0.014502,
15.348515, 1.668530, 1.662891, -0.005640,
15.358848, 1.670142, 1.662085, -0.008057,
15.369184, 1.677393, 1.669336, -0.008057,
15.379632, 1.677393, 1.674170, -0.003223,
15.389951, 1.676587, 1.650000, -0.026587,
15.400364, 1.672559, 1.664502, -0.008057,
15.410632, 1.674976, 1.658057, -0.016919,
15.420945, 1.664502, 1.674976, 0.010474,
15.431206, 1.674170, 1.677393, 0.003223,
15.441406, 1.670142, 1.654834, -0.015308,
15.451841, 1.677393, 1.691895, 0.014502,
15.462002, 1.673364, 1.656445, -0.016919,
15.472295, 1.677393, 1.679004, 0.001611,
15.482518, 1.676587, 1.670947, -0.005640,
15.492847, 1.677393, 1.665308, -0.012085,
15.503297, 1.665308, 1.677393, 0.012085,
15.513408, 1.674976, 1.670142, -0.004834,
15.523729, 1.676587, 1.661279, -0.015308,
15.534298, 1.674976, 1.664502, -0.010474,
15.544625, 1.676587, 1.660474, -0.016113,
15.554975, 1.666113, 1.670142, 0.004028,
15.565123, 1.674170, 1.673364, -0.000806,
15.575523, 1.673364, 1.641943, -0.031421,
15.585846, 1.682227, 1.669336, -0.012891,
15.596184, 1.676587, 1.661279, -0.015308,
15.606628, 1.669336, 1.662891, -0.006445,
15.616936, 1.673364, 1.670142, -0.003223,
15.627293, 1.673364, 1.672559, -0.000806,
15.637849, 1.674170, 1.669336, -0.004834,
15.648192, 1.670947, 1.673364, 0.002417,
15.658400, 1.662891, 1.678198, 0.015308,
15.668510, 1.666113, 1.673364, 0.007251,
15.678724, 1.672559, 1.662085, -0.010474,
15.689076, 1.674976, 1.664502, -0.010474,
15.699484, 1.666113, 1.654834, -0.011279,
15.709849, 1.668530, 1.637109, -0.031421,
15.720177, 1.662085, 1.669336, 0.007251,
15.730483, 1.662085, 1.683838, 0.021753,
15.740628, 1.664502, 1.633081, -0.031421,
15.751072, 1.660474, 1.669336, 0.008862,
15.761203, 1.668530, 1.662085, -0.006445,
15.771507, 1.664502, 1.665308, 0.000806,
15.781651, 1.662085, 1.664502, 0.002417,
15.791734, 1.662085, 1.662085, 0.000000,
15.801854, 1.670142, 1.679810, 0.009668,
15.811955, 1.664502, 1.662085, -0.002417,
15.822292, 1.662085, 1.676587, 0.014502,
15.832725, 1.668530, 1.645166, -0.023364,
15.843089, 1.665308, 1.660474, -0.004834,
15.853518, 1.669336, 1.666919, -0.002417,
15.863851, 1.669336, 1.658862, -0.010474,
15.874268, 1.660474, 1.662085, 0.001611,
15.884399, 1.662085, 1.670142, 0.008057,
15.894409, 1.672559, 1.654834, -0.017725,
15.904728, 1.664502, 1.633081, -0.031421,
15.915077, 1.668530, 1.662891, -0.005640,
15.925512, 1.660474, 1.670142, 0.009668,
15.935728, 1.666113, 1.681421, 0.015308,
15.945855, 1.670142, 1.652417, -0.017725,
15.956307, 1.666113, 1.662085, -0.004028,
15.966719, 1.657251, 1.662085, 0.004834,
15.976888, 1.670142, 1.649194, -0.020947,
15.987186, 1.656445, 1.666919, 0.010474,
15.997294, 1.664502, 1.673364, 0.008862,
16.007400, 1.679004, 1.661279, -0.017725,
16.017635, 1.677393, 1.670947, -0.006445,
16.028073, 1.674170, 1.662085, -0.012085,
16.038545, 1.677393, 1.664502, -0.012891,
16.048849, 1.677393, 1.678198, 0.000806,
16.058952, 1.674976, 1.662891, -0.012085,
16.069299, 1.674170, 1.674976, 0.000806,
16.079523, 1.670142, 1.665308, -0.004834,
16.089850, 1.679810, 1.670947, -0.008862,
16.100289, 1.668530, 1.665308, -0.003223,
16.110630, 1.676587, 1.670142, -0.006445,
16.120946, 1.678198, 1.679810, 0.001611,
16.131261, 1.674170, 1.670947, -0.003223,
16.141733, 1.674976, 1.662891, -0.012085,
16.152175, 1.676587, 1.668530, -0.008057,
16.162541, 1.670142, 1.681421, 0.011279,
16.172632, 1.670947, 1.683032, 0.012085,
16.182854, 1.674170, 1.673364, -0.000806,
16.193194, 1.670947, 1.658057, -0.012891,
16.203628, 1.676587, 1.665308, -0.011279,
16.213969, 1.679004, 1.670142, -0.008862,
16.224385, 1.677393, 1.661279, -0.016113,
16.234873, 1.677393, 1.673364, -0.004028,
16.245194, 1.673364, 1.661279, -0.012085,
16.255635, 1.673364, 1.669336, -0.004028,
16.265955, 1.670142, 1.670947, 0.000806,
16.276178, 1.672559, 1.658057, -0.014502,
16.286523, 1.677393, 1.662085, -0.015308,
16.296854, 1.677393, 1.669336, -0.008057,
16.307294, 1.672559, 1.666919, -0.005640,
16.317629, 1.670947, 1.674976, 0.004028,
16.327817, 1.662891, 1.674976, 0.012085,
16.338082, 1.669336, 1.662085, -0.007251,
16.348398, 1.664502, 1.662085, -0.002417,
16.358734, 1.665308, 1.658862, -0.006445,
16.369087, 1.666113, 1.678198, 0.012085,
16.379291, 1.665308, 1.676587, 0.011279,
16.389396, 1.657251, 1.668530, 0.011279,
16.399517, 1.665308, 1.662085, -0.003223,
16.409862, 1.662891, 1.656445, -0.006445,
16.420189, 1.662891, 1.666113, 0.003223,
16.430494, 1.664502, 1.658862, -0.005640,
16.440848, 1.668530, 1.654028, -0.014502,
16.451293, 1.662891, 1.662085, -0.000806,
16.461667, 1.668530, 1.633887, -0.034644,
16.471953, 1.668530, 1.656445, -0.012085,
16.482400, 1.668530, 1.661279, -0.007251,
16.492642, 1.670142, 1.658057, -0.012085,
16.503082, 1.666113, 1.668530, 0.002417,
16.513192, 1.662085, 1.658057, -0.004028,
16.523533, 1.664502, 1.674976, 0.010474,
16.533847, 1.670142, 1.668530, -0.001611,
16.538079, 1.665308, 1.664502, -0.000806,
16.548404, 1.668530, 1.662085, -0.006445,
16.558739, 1.662085, 1.662891, 0.000806,
16.568851, 1.662085, 1.665308, 0.003223,
16.579076, 1.664502, 1.658862, -0.005640,
16.589409, 1.662085, 1.641138, -0.020947,
16.599845, 1.668530, 1.657251, -0.011279,
16.610189, 1.666113, 1.654834, -0.011279,
16.620516, 1.669336, 1.670142, 0.000806,
16.630746, 1.674976, 1.666113, -0.008862,
16.641200, 1.662085, 1.658862, -0.003223,
16.651633, 1.678198, 1.670947, -0.007251,
16.662001, 1.679810, 1.662891, -0.016919,
16.672307, 1.679004, 1.670947, -0.008057,
16.682737, 1.679004, 1.661279, -0.017725,
16.693090, 1.677393, 1.653223, -0.024170,
16.703513, 1.676587, 1.677393, 0.000806,
16.713638, 1.677393, 1.662085, -0.015308,
16.723951, 1.674976, 1.666113, -0.008862,
16.734512, 1.679004, 1.686255, 0.007251,
16.744636, 1.670142, 1.661279, -0.008862,
16.755068, 1.670947, 1.658057, -0.012891,
16.765414, 1.670142, 1.666113, -0.004028,
16.775846, 1.676587, 1.660474, -0.016113,
16.786187, 1.674170, 1.685449, 0.011279,
16.796298, 1.677393, 1.677393, 0.000000,
16.806404, 1.676587, 1.662891, -0.013696,
16.816746, 1.678198, 1.691089, 0.012891,
16.826964, 1.674976, 1.670142, -0.004834,
16.837509, 1.672559, 1.673364, 0.000806,
16.847391, 1.673364, 1.654834, -0.018530,
16.857737, 1.666919, 1.662085, -0.004834,
16.868074, 1.674170, 1.673364, -0.000806,
16.878486, 1.672559, 1.665308, -0.007251,
16.888741, 1.670947, 1.677393, 0.006445,
16.898846, 1.670142, 1.670142, 0.000000,
16.908950, 1.668530, 1.664502, -0.004028,
16.919299, 1.677393, 1.647583, -0.029810,
16.929734, 1.674170, 1.669336, -0.004834,
16.940180, 1.677393, 1.670142, -0.007251,
16.950621, 1.678198, 1.670142, -0.008057,
16.960955, 1.676587, 1.686255, 0.009668,
16.971079, 1.664502, 1.656445, -0.008057,
16.981404, 1.657251, 1.665308, 0.008057,
16.991412, 1.668530, 1.658057, -0.010474,
17.001856, 1.664502, 1.670142, 0.005640,
17.011956, 1.665308, 1.645166, -0.020142,
17.022323, 1.662891, 1.665308, 0.002417,
17.032731, 1.665308, 1.657251, -0.008057,
17.043082, 1.666113, 1.662891, -0.003223,
17.053510, 1.666919, 1.645166, -0.021753,
17.063852, 1.670142, 1.666919, -0.003223,
17.074278, 1.664502, 1.654028, -0.010474,
17.084636, 1.662085, 1.670142, 0.008057,
17.094740, 1.664502, 1.662085, -0.002417,
17.105193, 1.665308, 1.662085, -0.003223,
17.115524, 1.665308, 1.657251, -0.008057,
17.125953, 1.666919, 1.668530, 0.001611,
17.136299, 1.666113, 1.665308, -0.000806,
17.146633, 1.668530, 1.656445, -0.012085,
17.157079, 1.670142, 1.654834, -0.015308,
17.167408, 1.662891, 1.665308, 0.002417,
17.177636, 1.664502, 1.652417, -0.012085,
17.187957, 1.665308, 1.660474, -0.004834,
17.198294, 1.665308, 1.656445, -0.008862,
17.208634, 1.668530, 1.665308, -0.003223,
17.218982, 1.668530, 1.662891, -0.005640,
17.229397, 1.665308, 1.660474, -0.004834,
17.239847, 1.666919, 1.672559, 0.005640,
17.250074, 1.670142, 1.662085, -0.008057,
17.260297, 1.670947, 1.658862, -0.012085,
17.270634, 1.669336, 1.666919, -0.002417,
17.280975, 1.665308, 1.657251, -0.008057,
17.291301, 1.683032, 1.654834, -0.028198,
17.301725, 1.669336, 1.681421, 0.012085,
17.311740, 1.677393, 1.668530, -0.008862,
17.322091, 1.674170, 1.674170, 0.000000,
17.332352, 1.674976, 1.658057, -0.016919,
17.342635, 1.677393, 1.658862, -0.018530,
17.353081, 1.676587, 1.682227, 0.005640,
17.363201, 1.678198, 1.674170, -0.004028,
17.373523, 1.676587, 1.677393, 0.000806,
17.383640, 1.674976, 1.670142, -0.004834,
17.393953, 1.674170, 1.669336, -0.004834,
17.404314, 1.673364, 1.670142, -0.003223,
17.414650, 1.674170, 1.681421, 0.007251,
17.424845, 1.673364, 1.650000, -0.023364,
17.435374, 1.673364, 1.666919, -0.006445,
17.445737, 1.669336, 1.668530, -0.000806,
17.456092, 1.666919, 1.677393, 0.010474,
17.466285, 1.677393, 1.672559, -0.004834,
17.476736, 1.674170, 1.683032, 0.008862,
17.486851, 1.677393, 1.666919, -0.010474,
17.497190, 1.674170, 1.654834, -0.019336,
17.507637, 1.670142, 1.669336, -0.000806,
17.517919, 1.670947, 1.679810, 0.008862,
17.528083, 1.674170, 1.674976, 0.000806,
17.538408, 1.669336, 1.654834, -0.014502,
17.548749, 1.670947, 1.660474, -0.010474,
17.559091, 1.677393, 1.640332, -0.037061,
17.569405, 1.673364, 1.677393, 0.004028,
17.579525, 1.673364, 1.669336, -0.004028,
17.589856, 1.673364, 1.662891, -0.010474,
17.600306, 1.670947, 1.670947, 0.000000,
17.610400, 1.666113, 1.661279, -0.004834,
17.620638, 1.666113, 1.658057, -0.008057,
17.631152, 1.661279, 1.657251, -0.004028,
17.641640, 1.656445, 1.654834, -0.001611,
17.652084, 1.665308, 1.665308, 0.000000,
17.662239, 1.654834, 1.654834, 0.000000,
17.672299, 1.660474, 1.672559, 0.012085,
17.682513, 1.668530, 1.657251, -0.011279,
17.692859, 1.665308, 1.670142, 0.004834,
17.703076, 1.661279, 1.670142, 0.008862,
17.713196, 1.666113, 1.657251, -0.008862,
17.723527, 1.658862, 1.662891, 0.004028,
17.733851, 1.661279, 1.682227, 0.020947,
17.743973, 1.666113, 1.666113, 0.000000,
17.754153, 1.662891, 1.662085, -0.000806,
17.764460, 1.660474, 1.641943, -0.018530,
17.774850, 1.664502, 1.650806, -0.013696,
17.785205, 1.668530, 1.666113, -0.002417,
17.795521, 1.658862, 1.674170, 0.015308,
17.805645, 1.662085, 1.656445, -0.005640,
17.815955, 1.665308, 1.670947, 0.005640,
17.826084, 1.665308, 1.654028, -0.011279,
17.836642, 1.665308, 1.677393, 0.012085,
17.846748, 1.666919, 1.656445, -0.010474,
17.857187, 1.669336, 1.666113, -0.003223,
17.867635, 1.668530, 1.674170, 0.005640,
17.877784, 1.665308, 1.676587, 0.011279,
17.887856, 1.673364, 1.672559, -0.000806,
17.898149, 1.662891, 1.660474, -0.002417,
17.908548, 1.662085, 1.652417, -0.009668,
17.918864, 1.665308, 1.660474, -0.004834,
17.929309, 1.676587, 1.654028, -0.022559,
17.939869, 1.676587, 1.664502, -0.012085,
17.950307, 1.676587, 1.665308, -0.011279,
17.960637, 1.682227, 1.669336, -0.012891,
17.970968, 1.678198, 1.674976, -0.003223,
17.981408, 1.674976, 1.666113, -0.008862,
17.991641, 1.670947, 1.665308, -0.005640,
18.002084, 1.677393, 1.676587, -0.000806,
18.012408, 1.674976, 1.677393, 0.002417,
18.022520, 1.677393, 1.654834, -0.022559,
18.033082, 1.679004, 1.662085, -0.016919,
18.043426, 1.672559, 1.668530, -0.004028,
18.053855, 1.674976, 1.674976, 0.000000,
18.063922, 1.676587, 1.670947, -0.005640,
18.074268, 1.670947, 1.647583, -0.023364,
18.084638, 1.678198, 1.674170, -0.004028,
18.094951, 1.672559, 1.662085, -0.010474,
18.105307, 1.677393, 1.644360, -0.033032,
18.115640, 1.673364, 1.660474, -0.012891,
18.126066, 1.673364, 1.658862, -0.014502,
18.136640, 1.676587, 1.676587, 0.000000,
18.146740, 1.664502, 1.662891, -0.001611,
18.157190, 1.676587, 1.662085, -0.014502,
18.167635, 1.677393, 1.678198, 0.000806,
18.177849, 1.679810, 1.670142, -0.009668,
18.188176, 1.670142, 1.670142, 0.000000,
18.198199, 1.672559, 1.660474, -0.012085,
18.208638, 1.678198, 1.662085, -0.016113,
18.218967, 1.666919, 1.647583, -0.019336,
18.229404, 1.669336, 1.662891, -0.006445,
18.239865, 1.668530, 1.666919, -0.001611,
18.250309, 1.658057, 1.662891, 0.004834,
18.260411, 1.665308, 1.654834, -0.010474,
18.270747, 1.664502, 1.656445, -0.008057,
18.281185, 1.664502, 1.658862, -0.005640,
18.291529, 1.670142, 1.654028, -0.016113,
18.301958, 1.669336, 1.662891, -0.006445,
18.312199, 1.662085, 1.662085, 0.000000,
18.322200, 1.661279, 1.670947, 0.009668,
18.332650, 1.666919, 1.649194, -0.017725,
18.342959, 1.669336, 1.657251, -0.012085,
18.353408, 1.665308, 1.666919, 0.001611,
18.363482, 1.668530, 1.661279, -0.007251,
18.373744, 1.665308, 1.658862, -0.006445,
18.384081, 1.669336, 1.664502, -0.004834,
18.394318, 1.654028, 1.633887, -0.020142,
18.404744, 1.670947, 1.662085, -0.008862,
18.415092, 1.661279, 1.664502, 0.003223,
18.425301, 1.668530, 1.653223, -0.015308,
18.435855, 1.670142, 1.674976, 0.004834,
18.445965, 1.670142, 1.664502, -0.005640,
18.456389, 1.670947, 1.664502, -0.006445,
18.466744, 1.670142, 1.681421, 0.011279,
18.476953, 1.668530, 1.670947, 0.002417,
18.487093, 1.662891, 1.664502, 0.001611,
18.497190, 1.666919, 1.687060, 0.020142,
18.507411, 1.666919, 1.676587, 0.009668,
18.517425, 1.661279, 1.669336, 0.008057,
18.527580, 1.670142, 1.658862, -0.011279,
18.538089, 1.666113, 1.669336, 0.003223,
18.548210, 1.665308, 1.662891, -0.002417,
18.558645, 1.670947, 1.681421, 0.010474,
18.568742, 1.673364, 1.672559, -0.000806,
18.579181, 1.679810, 1.664502, -0.015308,
18.589536, 1.674976, 1.662085, -0.012891,
18.599929, 1.679004, 1.668530, -0.010474,
18.610195, 1.681421, 1.658057, -0.023364,
18.620531, 1.679810, 1.670142, -0.009668,
18.630943, 1.670947, 1.664502, -0.006445,
18.641324, 1.677393, 1.662891, -0.014502,
18.651734, 1.674170, 1.670142, -0.004028,
18.662128, 1.677393, 1.658057, -0.019336,
18.672417, 1.670142, 1.669336, -0.000806,
18.682747, 1.672559, 1.662085, -0.010474,
18.693089, 1.674976, 1.662085, -0.012891,
18.703499, 1.677393, 1.674170, -0.003223,
18.713749, 1.674170, 1.662085, -0.012085,
18.724167, 1.676587, 1.653223, -0.023364,
18.734750, 1.676587, 1.670947, -0.005640,
18.745087, 1.677393, 1.633081, -0.044312,
18.755489, 1.679004, 1.670947, -0.008057,
18.765791, 1.670142, 1.670142, 0.000000,
18.775960, 1.665308, 1.665308, 0.000000,
18.785962, 1.673364, 1.683032, 0.009668,
18.796099, 1.674170, 1.637915, -0.036255,
18.806522, 1.674976, 1.666919, -0.008057,
18.816754, 1.670142, 1.652417, -0.017725,
18.827193, 1.670142, 1.644360, -0.025781,
18.837742, 1.673364, 1.661279, -0.012085,
18.848085, 1.676587, 1.658057, -0.018530,
18.858435, 1.668530, 1.661279, -0.007251,
18.868745, 1.673364, 1.673364, 0.000000,
18.878862, 1.673364, 1.658057, -0.015308,
18.889195, 1.652417, 1.660474, 0.008057,
18.899397, 1.662891, 1.665308, 0.002417,
18.909416, 1.656445, 1.652417, -0.004028,
18.919422, 1.661279, 1.662085, 0.000806,
18.929650, 1.662085, 1.670142, 0.008057,
18.940191, 1.660474, 1.661279, 0.000806,
18.950388, 1.661279, 1.654834, -0.006445,
18.960640, 1.668530, 1.660474, -0.008057,
18.970970, 1.666113, 1.644360, -0.021753,
18.981405, 1.664502, 1.670947, 0.006445,
18.991531, 1.662085, 1.668530, 0.006445,
19.001729, 1.662891, 1.670947, 0.008057,
19.011747, 1.666113, 1.654834, -0.011279,
19.022087, 1.666113, 1.660474, -0.005640,
19.032649, 1.662085, 1.654028, -0.008057,
19.042968, 1.666113, 1.644360, -0.021753,
19.053444, 1.666919, 1.664502, -0.002417,
19.063793, 1.666113, 1.679004, 0.012891,
19.073858, 1.673364, 1.668530, -0.004834,
19.084199, 1.662085, 1.670142, 0.008057,
19.094314, 1.662891, 1.669336, 0.006445,
19.104524, 1.665308, 1.672559, 0.007251,
19.114643, 1.664502, 1.661279, -0.003223,
19.125092, 1.665308, 1.668530, 0.003223,
19.135412, 1.665308, 1.683838, 0.018530,
19.145525, 1.669336, 1.677393, 0.008057,
19.155639, 1.668530, 1.669336, 0.000806,
19.165741, 1.666113, 1.656445, -0.009668,
19.176202, 1.669336, 1.645972, -0.023364,
19.186543, 1.666919, 1.660474, -0.006445,
19.196855, 1.669336, 1.656445, -0.012891,
19.207195, 1.670142, 1.669336, -0.000806,
19.217530, 1.679004, 1.679004, 0.000000,
19.227637, 1.676587, 1.660474, -0.016113,
19.238089, 1.683032, 1.670142, -0.012891,
19.248421, 1.674170, 1.665308, -0.008862,
19.258752, 1.678198, 1.673364, -0.004834,
19.269090, 1.673364, 1.673364, 0.000000,
19.279196, 1.678198, 1.662891, -0.015308,
19.289528, 1.670142, 1.660474, -0.009668,
19.299938, 1.669336, 1.645166, -0.024170,
19.310202, 1.676587, 1.657251, -0.019336,
19.320532, 1.676587, 1.666113, -0.010474,
19.331060, 1.670947, 1.681421, 0.010474,
19.341197, 1.678198, 1.658862, -0.019336,
19.351653, 1.665308, 1.640332, -0.024976,
19.362037, 1.674170, 1.662085, -0.012085,
19.372301, 1.674976, 1.665308, -0.009668,
19.382644, 1.670142, 1.664502, -0.005640,
19.392925, 1.677393, 1.665308, -0.012085,
19.403305, 1.673364, 1.702368, 0.029004,
19.413413, 1.673364, 1.673364, 0.000000,
19.423414, 1.674170, 1.674170, 0.000000,
19.433757, 1.676587, 1.662085, -0.014502,
19.444083, 1.673364, 1.654028, -0.019336,
19.454528, 1.673364, 1.677393, 0.004028,
19.464651, 1.677393, 1.668530, -0.008862,
19.475092, 1.670947, 1.661279, -0.009668,
19.485416, 1.674170, 1.681421, 0.007251,
19.495527, 1.674976, 1.658057, -0.016919,
19.505950, 1.666113, 1.678198, 0.012085,
19.516012, 1.677393, 1.662085, -0.015308,
19.526410, 1.665308, 1.656445, -0.008862,
19.536871, 1.666113, 1.661279, -0.004834,
19.547207, 1.668530, 1.660474, -0.008057,
19.557645, 1.660474, 1.654028, -0.006445,
19.567966, 1.657251, 1.677393, 0.020142,
19.578222, 1.662085, 1.664502, 0.002417,
19.588309, 1.665308, 1.658862, -0.006445,
19.598646, 1.665308, 1.660474, -0.004834,
19.608963, 1.666113, 1.654028, -0.012085,
19.619216, 1.666113, 1.683838, 0.017725,
19.629413, 1.666113, 1.679004, 0.012891,
19.639638, 1.665308, 1.654834, -0.010474,
19.650088, 1.669336, 1.666919, -0.002417,
19.660415, 1.662085, 1.674170, 0.012085,
19.670532, 1.662891, 1.669336, 0.006445,
19.680658, 1.661279, 1.662891, 0.001611,
19.690758, 1.670142, 1.656445, -0.013696,
19.701197, 1.662891, 1.674976, 0.012085,
19.711310, 1.666919, 1.661279, -0.005640,
19.721651, 1.662891, 1.662085, -0.000806,
19.732089, 1.666919, 1.658057, -0.008862,
19.742538, 1.670142, 1.657251, -0.012891,
19.752968, 1.666919, 1.670947, 0.004028,
19.763118, 1.668530, 1.670947, 0.002417,
19.773196, 1.665308, 1.661279, -0.004028,
19.783648, 1.666113, 1.681421, 0.015308,
19.793742, 1.666919, 1.669336, 0.002417,
19.803948, 1.669336, 1.654028, -0.015308,
19.814215, 1.666113, 1.662085, -0.004028,
19.824645, 1.665308, 1.661279, -0.004028,
19.835206, 1.670142, 1.683032, 0.012891,
19.845309, 1.673364, 1.674976, 0.001611,
19.855549, 1.677393, 1.677393, 0.000000,
19.865656, 1.677393, 1.670947, -0.006445,
19.876091, 1.677393, 1.654834, -0.022559,
19.886418, 1.674976, 1.669336, -0.005640,
19.896647, 1.673364, 1.672559, -0.000806,
19.907013, 1.681421, 1.656445, -0.024976,
19.917318, 1.674170, 1.669336, -0.004834,
19.927750, 1.674170, 1.660474, -0.013696,
19.938316, 1.670947, 1.653223, -0.017725,
19.948651, 1.674976, 1.669336, -0.005640,
19.958968, 1.674170, 1.660474, -0.013696,
19.969312, 1.674976, 1.670947, -0.004028,
19.979739, 1.674170, 1.664502, -0.009668,
19.990091, 1.678198, 1.670947, -0.007251,
20.000531, 1.674976, 1.677393, 0.002417,
20.010644, 1.673364, 1.669336, -0.004028,
20.020915, 1.676587, 1.674976, -0.001611,
20.031425, 1.674976, 1.658057, -0.016919,
20.041871, 1.672559, 1.670947, -0.001611,
20.052311, 1.677393, 1.669336, -0.008057,
20.062710, 1.674976, 1.674170, -0.000806,
20.072966, 1.673364, 1.666919, -0.006445,
20.083378, 1.673364, 1.666113, -0.007251,
20.093650, 1.673364, 1.674976, 0.001611,
20.103871, 1.673364, 1.674976, 0.001611,
20.113969, 1.677393, 1.669336, -0.008057,
20.124401, 1.664502, 1.647583, -0.016919,
20.134983, 1.672559, 1.687060, 0.014502,
20.145089, 1.666919, 1.664502, -0.002417,
20.155426, 1.670947, 1.678198, 0.007251,
20.165551, 1.664502, 1.674976, 0.010474,
20.175752, 1.665308, 1.662891, -0.002417,
20.186110, 1.664502, 1.662085, -0.002417,
20.196421, 1.662085, 1.666113, 0.004028,
20.206632, 1.662085, 1.662891, 0.000806,
20.216653, 1.669336, 1.658057, -0.011279,
20.227093, 1.664502, 1.668530, 0.004028,
20.237425, 1.664502, 1.664502, 0.000000,
20.247534, 1.664502, 1.662085, -0.002417,
20.257964, 1.664502, 1.665308, 0.000806,
20.268094, 1.666919, 1.664502, -0.002417,
20.278496, 1.665308, 1.657251, -0.008057,
20.288753, 1.668530, 1.662085, -0.006445,
20.299193, 1.670947, 1.664502, -0.006445,
20.309527, 1.666113, 1.658862, -0.007251,
20.319864, 1.666113, 1.668530, 0.002417,
20.329973, 1.665308, 1.652417, -0.012891,
20.340421, 1.670142, 1.665308, -0.004834,
20.350856, 1.670142, 1.665308, -0.004834,
20.361131, 1.662085, 1.666919, 0.004834,
20.371196, 1.662085, 1.658057, -0.004028,
20.381648, 1.670142, 1.666113, -0.004028,
20.391963, 1.669336, 1.658862, -0.010474,
20.402382, 1.665308, 1.666919, 0.001611,
20.412417, 1.668530, 1.673364, 0.004834,
20.422448, 1.662085, 1.653223, -0.008862,
20.432967, 1.662085, 1.658057, -0.004028,
20.443319, 1.666919, 1.658862, -0.008057,
20.453753, 1.668530, 1.662891, -0.005640,
20.464115, 1.670947, 1.633081, -0.037866,
20.474520, 1.664502, 1.670947, 0.006445,
20.484532, 1.673364, 1.678198, 0.004834,
20.494636, 1.677393, 1.665308, -0.012085,
20.504974, 1.681421, 1.660474, -0.020947,
20.515314, 1.674170, 1.656445, -0.017725,
20.525745, 1.678198, 1.658862, -0.019336,
20.536313, 1.665308, 1.678198, 0.012891,
20.546426, 1.674976, 1.666113, -0.008862,
20.556011, 1.668530, 1.661279, -0.007251,
20.566414, 1.670142, 1.662891, -0.007251,
20.576863, 1.678198, 1.669336, -0.008862,
20.587200, 1.674170, 1.670142, -0.004028,
20.597554, 1.674976, 1.665308, -0.009668,
20.607954, 1.677393, 1.662085, -0.015308,
20.618325, 1.670947, 1.670947, 0.000000,
20.628524, 1.672559, 1.668530, -0.004028,
20.639060, 1.670947, 1.647583, -0.023364,
20.649513, 1.674170, 1.656445, -0.017725,
20.659862, 1.666919, 1.670142, 0.003223,
20.669965, 1.677393, 1.679004, 0.001611,
20.680199, 1.677393, 1.662085, -0.015308,
20.690536, 1.679004, 1.681421, 0.002417,
20.700745, 1.670947, 1.669336, -0.001611,
20.711097, 1.674976, 1.677393, 0.002417,
20.721196, 1.679004, 1.666113, -0.012891,
20.731743, 1.674976, 1.670142, -0.004834,
20.742187, 1.673364, 1.656445, -0.016919,
20.752648, 1.676587, 1.670142, -0.006445,
20.763054, 1.670142, 1.670947, 0.000806,
20.773091, 1.670142, 1.658862, -0.011279,
20.783418, 1.666113, 1.658862, -0.007251,
20.793722, 1.664502, 1.702368, 0.037866,
20.803866, 1.674976, 1.670947, -0.004028,
20.814199, 1.662085, 1.670947, 0.008862,
20.824429, 1.662085, 1.664502, 0.002417,
20.834761, 1.665308, 1.660474, -0.004834,
20.845101, 1.664502, 1.657251, -0.007251,
20.855475, 1.666113, 1.670142, 0.004028,
20.865584, 1.665308, 1.640332, -0.024976,
20.875958, 1.658057, 1.662085, 0.004028,
20.878062, 1.664502, 1.640332, -0.024170,
20.888433, 1.660474, 1.666113, 0.005640,
20.898431, 1.662085, 1.654834, -0.007251,
20.908747, 1.670142, 1.658862, -0.011279,
20.919102, 1.668530, 1.665308, -0.003223,
20.929529, 1.665308, 1.650000, -0.015308,
20.939976, 1.662085, 1.661279, -0.000806,
20.950398, 1.669336, 1.670142, 0.000806,
20.960451, 1.666919, 1.660474, -0.006445,
20.970757, 1.669336, 1.654028, -0.015308,
20.981192, 1.654834, 1.658862, 0.004028,
20.991313, 1.656445, 1.658862, 0.002417,
21.001532, 1.666113, 1.679004, 0.012891,
21.011649, 1.668530, 1.633081, -0.035449,
21.021984, 1.666113, 1.662085, -0.004028,
21.032508, 1.668530, 1.670947, 0.002417,
21.042643, 1.669336, 1.654834, -0.014502,
21.053070, 1.665308, 1.643555, -0.021753,
21.063357, 1.670142, 1.670142, 0.000000,
21.073426, 1.668530, 1.639526, -0.029004,
21.083760, 1.666919, 1.668530, 0.001611,
21.093874, 1.658862, 1.641138, -0.017725,
21.104323, 1.668530, 1.665308, -0.003223,
21.114658, 1.670142, 1.662891, -0.007251,
21.125093, 1.679004, 1.672559, -0.006445,
21.135737, 1.666919, 1.644360, -0.022559,
21.146098, 1.678198, 1.668530, -0.009668,
21.156532, 1.681421, 1.670142, -0.011279,
21.166870, 1.672559, 1.658862, -0.013696,
21.177322, 1.674976, 1.665308, -0.009668,
21.187655, 1.670947, 1.664502, -0.006445,
21.197973, 1.674976, 1.650000, -0.024976,
21.208370, 1.678198, 1.668530, -0.009668,
21.218651, 1.674170, 1.674976, 0.000806,
21.228872, 1.674170, 1.664502, -0.009668,
21.239424, 1.668530, 1.647583, -0.020947,
21.249863, 1.665308, 1.664502, -0.000806,
21.260213, 1.674976, 1.674976, 0.000000,
21.270310, 1.674976, 1.682227, 0.007251,
21.280477, 1.664502, 1.662891, -0.001611,
21.290760, 1.666919, 1.662085, -0.004834,
21.301202, 1.673364, 1.687866, 0.014502,
21.311316, 1.673364, 1.670947, -0.002417,
21.321659, 1.666919, 1.672559, 0.005640,
21.331933, 1.666919, 1.662891, -0.004028,
21.342320, 1.677393, 1.678198, 0.000806,
21.352540, 1.674170, 1.672559, -0.001611,
21.362907, 1.672559, 1.687060, 0.014502,
21.372972, 1.674976, 1.661279, -0.013696,
21.383321, 1.677393, 1.648389, -0.029004,
21.393649, 1.662891, 1.647583, -0.015308,
21.404093, 1.673364, 1.664502, -0.008862,
21.414420, 1.672559, 1.689478, 0.016919,
21.424557, 1.674170, 1.660474, -0.013696,
21.435092, 1.674170, 1.670947, -0.003223,
21.445435, 1.669336, 1.654834, -0.014502,
21.455870, 1.670142, 1.662085, -0.008057,
21.466201, 1.664502, 1.673364, 0.008862,
21.476419, 1.664502, 1.657251, -0.007251,
21.486753, 1.666919, 1.650000, -0.016919,
21.497096, 1.665308, 1.662891, -0.002417,
21.507431, 1.665308, 1.662085, -0.003223,
21.517749, 1.654834, 1.670947, 0.016113,
21.527973, 1.661279, 1.654834, -0.006445,
21.538538, 1.662085, 1.658057, -0.004028,
21.548877, 1.666919, 1.654834, -0.012085,
21.559209, 1.666919, 1.665308, -0.001611,
21.569542, 1.654834, 1.660474, 0.005640,
21.579758, 1.658057, 1.658862, 0.000806,
21.589876, 1.664502, 1.683032, 0.018530,
21.600094, 1.665308, 1.665308, 0.000000,
21.610108, 1.666113, 1.668530, 0.002417,
21.620208, 1.662891, 1.653223, -0.009668,
21.630734, 1.669336, 1.658057, -0.011279,
21.641203, 1.665308, 1.658057, -0.007251,
21.651652, 1.669336, 1.678198, 0.008862,
21.661809, 1.665308, 1.669336, 0.004028,
21.671868, 1.664502, 1.662891, -0.001611,
21.682314, 1.666113, 1.662891, -0.003223,
21.692658, 1.668530, 1.649194, -0.019336,
21.703098, 1.666113, 1.666113, 0.000000,
21.713202, 1.654834, 1.678198, 0.023364,
21.723323, 1.670142, 1.670947, 0.000806,
21.733666, 1.668530, 1.666113, -0.002417,
21.743984, 1.665308, 1.658057, -0.007251,
21.754412, 1.661279, 1.665308, 0.004028,
21.764479, 1.679810, 1.665308, -0.014502,
21.774868, 1.677393, 1.668530, -0.008862,
21.785203, 1.678198, 1.666113, -0.012085,
21.795538, 1.678198, 1.652417, -0.025781,
21.805888, 1.673364, 1.658057, -0.015308,
21.816202, 1.670142, 1.666113, -0.004028,
21.826656, 1.676587, 1.683838, 0.007251,
21.836978, 1.672559, 1.666919, -0.005640,
21.847320, 1.674976, 1.662085, -0.012891,
21.857718, 1.679810, 1.661279, -0.018530,
21.867984, 1.676587, 1.673364, -0.003223,
21.878427, 1.672559, 1.666113, -0.006445,
21.888762, 1.673364, 1.661279, -0.012085,
21.899180, 1.674170, 1.664502, -0.009668,
21.909542, 1.674170, 1.660474, -0.013696,
21.919877, 1.672559, 1.682227, 0.009668,
21.930104, 1.674976, 1.677393, 0.002417,
21.940323, 1.670947, 1.666113, -0.004834,
21.950755, 1.677393, 1.665308, -0.012085,
21.961132, 1.676587, 1.658862, -0.017725,
21.971427, 1.670947, 1.669336, -0.001611,
21.981866, 1.670142, 1.664502, -0.005640,
21.992211, 1.673364, 1.665308, -0.008057,
22.002669, 1.670142, 1.670142, 0.000000,
22.012757, 1.672559, 1.636304, -0.036255,
22.023107, 1.670947, 1.670947, 0.000000,
22.033393, 1.670142, 1.673364, 0.003223,
22.043532, 1.670142, 1.670142, 0.000000,
22.053653, 1.678198, 1.679810, 0.001611,
22.063770, 1.664502, 1.673364, 0.008862,
22.073875, 1.676587, 1.662085, -0.014502,
22.084233, 1.677393, 1.682227, 0.004834,
22.094320, 1.662085, 1.662891, 0.000806,
22.104536, 1.666919, 1.666919, 0.000000,
22.114544, 1.664502, 1.658862, -0.005640,
22.124957, 1.666113, 1.657251, -0.008862,
22.135539, 1.666113, 1.670142, 0.004028,
22.145650, 1.664502, 1.665308, 0.000806,
22.155874, 1.668530, 1.658057, -0.010474,
22.166211, 1.658057, 1.658862, 0.000806,
22.176448, 1.664502, 1.656445, -0.008057,
22.186763, 1.662085, 1.682227, 0.020142,
22.196873, 1.668530, 1.666113, -0.002417,
22.207229, 1.662085, 1.637109, -0.024976,
22.217540, 1.657251, 1.668530, 0.011279,
22.227757, 1.668530, 1.662891, -0.005640,
22.238316, 1.666113, 1.669336, 0.003223,
22.248429, 1.669336, 1.664502, -0.004834,
22.258764, 1.673364, 1.660474, -0.012891,
22.269097, 1.664502, 1.695117, 0.030615,
22.279320, 1.666919, 1.660474, -0.006445,
22.289651, 1.664502, 1.654834, -0.009668,
22.300102, 1.666919, 1.676587, 0.009668,
22.310208, 1.666113, 1.654834, -0.011279,
22.320538, 1.665308, 1.669336, 0.004028,
22.330868, 1.670142, 1.679004, 0.008862,
22.341094, 1.670142, 1.649194, -0.020947,
22.351545, 1.662891, 1.677393, 0.014502,
22.361683, 1.662085, 1.668530, 0.006445,
22.371763, 1.668530, 1.678198, 0.009668,
22.381976, 1.664502, 1.664502, 0.000000,
22.392002, 1.664502, 1.666919, 0.002417,
22.402206, 1.658862, 1.662085, 0.003223,
22.412329, 1.681421, 1.662085, -0.019336,
22.422654, 1.677393, 1.665308, -0.012085,
22.433105, 1.677393, 1.666113, -0.011279,
22.443538, 1.677393, 1.645166, -0.032227,
22.453968, 1.679004, 1.674976, -0.004028,
22.464320, 1.674170, 1.670142, -0.004028,
22.474735, 1.674976, 1.662891, -0.012085,
22.485008, 1.682227, 1.672559, -0.009668,
22.495321, 1.677393, 1.672559, -0.004834,
22.505746, 1.674170, 1.666919, -0.007251,
22.516095, 1.677393, 1.666919, -0.010474,
22.526562, 1.674976, 1.636304, -0.038672,
22.537098, 1.670142, 1.668530, -0.001611,
22.547432, 1.664502, 1.669336, 0.004834,
22.557656, 1.674170, 1.662891, -0.011279,
22.567976, 1.676587, 1.666919, -0.009668,
22.578423, 1.670142, 1.668530, -0.001611,
22.588656, 1.670947, 1.666113, -0.004834,
22.598972, 1.672559, 1.668530, -0.004028,
22.609320, 1.677393, 1.677393, 0.000000,
22.619425, 1.672559, 1.677393, 0.004834,
22.629541, 1.672559, 1.653223, -0.019336,
22.639974, 1.674976, 1.645166, -0.029809,
22.650412, 1.673364, 1.665308, -0.008057,
22.660721, 1.668530, 1.678198, 0.009668,
22.670874, 1.670142, 1.665308, -0.004834,
22.681321, 1.677393, 1.691895, 0.014502,
22.691426, 1.670142, 1.662085, -0.008057,
22.701755, 1.672559, 1.665308, -0.007251,
22.711991, 1.672559, 1.662085, -0.010474,
22.722297, 1.664502, 1.662891, -0.001611,
22.732755, 1.658057, 1.666113, 0.008057,
22.742967, 1.665308, 1.672559, 0.007251,
22.753207, 1.666113, 1.670142, 0.004028,
22.763367, 1.665308, 1.660474, -0.004834,
22.773657, 1.665308, 1.650000, -0.015308,
22.783712, 1.670947, 1.666113, -0.004834,
22.794325, 1.669336, 1.661279, -0.008057,
22.804768, 1.665308, 1.658862, -0.006445,
22.815116, 1.664502, 1.637915, -0.026587,
22.825547, 1.662085, 1.657251, -0.004834,
22.836104, 1.664502, 1.664502, 0.000000,
22.846209, 1.656445, 1.660474, 0.004028,
22.856441, 1.662085, 1.664502, 0.002417,
22.866535, 1.669336, 1.665308, -0.004028,
22.876962, 1.666919, 1.658862, -0.008057,
22.887230, 1.670142, 1.665308, -0.004834,
22.897542, 1.664502, 1.658057, -0.006445,
22.907873, 1.666113, 1.653223, -0.012891,
22.918202, 1.665308, 1.670947, 0.005640,
22.928428, 1.665308, 1.654028, -0.011279,
22.938895, 1.662891, 1.682227, 0.019336,
22.949198, 1.661279, 1.672559, 0.011279,
22.959323, 1.665308, 1.662891, -0.002417,
22.969664, 1.662891, 1.673364, 0.010474,
22.979880, 1.670142, 1.640332, -0.029810,
22.990203, 1.664502, 1.668530, 0.004028,
23.000400, 1.665308, 1.662891, -0.002417,
23.010665, 1.669336, 1.678198, 0.008862,
23.020754, 1.670142, 1.669336, -0.000806,
23.031203, 1.665308, 1.658862, -0.006445,
23.041655, 1.666919, 1.658862, -0.008057,
23.052119, 1.683032, 1.674976, -0.008057,
23.062462, 1.678198, 1.670947, -0.007251,
23.072767, 1.674976, 1.677393, 0.002417,
23.082879, 1.670142, 1.662085, -0.008057,
23.093208, 1.679004, 1.672559, -0.006445,
23.103650, 1.670142, 1.665308, -0.004834,
23.113882, 1.679004, 1.670142, -0.008862,
23.124289, 1.674976, 1.657251, -0.017725,
23.134929, 1.679004, 1.670947, -0.008057,
23.145213, 1.674170, 1.670142, -0.004028,
23.155653, 1.676587, 1.665308, -0.011279,
23.166062, 1.670947, 1.662891, -0.008057,
23.176425, 1.674976, 1.685449, 0.010474,
23.186532, 1.674976, 1.687060, 0.012085,
23.196660, 1.670142, 1.669336, -0.000806,
23.206980, 1.669336, 1.662891, -0.006445,
23.217336, 1.678198, 1.674976, -0.003223,
23.227760, 1.674976, 1.674170, -0.000806,
23.238316, 1.674170, 1.654028, -0.020142,
23.248673, 1.670947, 1.666113, -0.004834,
23.259108, 1.670947, 1.670142, -0.000806,
23.269433, 1.674976, 1.670142, -0.004834,
23.279883, 1.674976, 1.647583, -0.027393,
23.290219, 1.674976, 1.661279, -0.013696,
23.300656, 1.673364, 1.673364, 0.000000,
23.310663, 1.674976, 1.654028, -0.020947,
23.320980, 1.668530, 1.676587, 0.008057,
23.331229, 1.679004, 1.674170, -0.004834,
23.341655, 1.670142, 1.650000, -0.020142,
23.352106, 1.670142, 1.679810, 0.009668,
23.362241, 1.677393, 1.669336, -0.008057,
23.372539, 1.670947, 1.673364, 0.002417,
23.382653, 1.666113, 1.654028, -0.012085,
23.392977, 1.662085, 1.661279, -0.000806,
23.403429, 1.662891, 1.650000, -0.012891,
23.413751, 1.668530, 1.666113, -0.002417,
23.424001, 1.662891, 1.658057, -0.004834,
23.434501, 1.664502, 1.668530, 0.004028,
23.444558, 1.666919, 1.668530, 0.001611,
23.454769, 1.666919, 1.673364, 0.006445,
23.464914, 1.665308, 1.679004, 0.013696,
23.475108, 1.662085, 1.669336, 0.007251,
23.485206, 1.665308, 1.669336, 0.004028,
23.495331, 1.664502, 1.670142, 0.005640,
23.505543, 1.664502, 1.650806, -0.013696,
23.515876, 1.670142, 1.661279, -0.008862,
23.526316, 1.662085, 1.654834, -0.007251,
23.536765, 1.660474, 1.670142, 0.009668,
23.546877, 1.662085, 1.657251, -0.004834,
23.557215, 1.670142, 1.664502, -0.005640,
23.567544, 1.664502, 1.666113, 0.001611,
23.577824, 1.668530, 1.664502, -0.004028,
23.588114, 1.670142, 1.662891, -0.007251,
23.598442, 1.670142, 1.648389, -0.021753,
23.608767, 1.665308, 1.645166, -0.020142,
23.619108, 1.669336, 1.666113, -0.003223,
23.629554, 1.666113, 1.662085, -0.004028,
23.639978, 1.668530, 1.662891, -0.005640,
23.650416, 1.670142, 1.679004, 0.008862,
23.660439, 1.670142, 1.664502, -0.005640,
23.670767, 1.662891, 1.662891, 0.000000,
23.680871, 1.668530, 1.662085, -0.006445,
23.691213, 1.674170, 1.672559, -0.001611,
23.701658, 1.674976, 1.669336, -0.005640,
23.711987, 1.676587, 1.660474, -0.016113,
23.722335, 1.683838, 1.658057, -0.025781,
23.732880, 1.677393, 1.670947, -0.006445,
23.743278, 1.674976, 1.673364, -0.001611,
23.753749, 1.677393, 1.662085, -0.015308,
23.764108, 1.678198, 1.673364, -0.004834,
23.774536, 1.670142, 1.658862, -0.011279,
23.784879, 1.677393, 1.670142, -0.007251,
23.795212, 1.674976, 1.689478, 0.014502,
23.805425, 1.673364, 1.676587, 0.003223,
23.815421, 1.673364, 1.670947, -0.002417,
23.825759, 1.673364, 1.640332, -0.033032,
23.836324, 1.679004, 1.650806, -0.028198,
23.846664, 1.674170, 1.670947, -0.003223,
23.857106, 1.678198, 1.666113, -0.012085,
23.867432, 1.670142, 1.685449, 0.015308,
23.877660, 1.677393, 1.674170, -0.003223,
23.887978, 1.669336, 1.668530, -0.000806,
23.898304, 1.673364, 1.679004, 0.005640,
23.908430, 1.668530, 1.679004, 0.010474,
23.918551, 1.677393, 1.672559, -0.004834,
23.928977, 1.673364, 1.674976, 0.001611,
23.939211, 1.670947, 1.662085, -0.008862,
23.949659, 1.670947, 1.661279, -0.009668,
23.959987, 1.679004, 1.657251, -0.021753,
23.970342, 1.677393, 1.682227, 0.004834,
23.980552, 1.677393, 1.670142, -0.007251,
23.990885, 1.670142, 1.662891, -0.007251,
24.001312, 1.672559, 1.678198, 0.005640,
24.011419, 1.662891, 1.654834, -0.008057,
24.021667, 1.662891, 1.652417, -0.010474,
24.032213, 1.662891, 1.658057, -0.004834,
24.042656, 1.662891, 1.645166, -0.017725,
24.053105, 1.668530, 1.674976, 0.006445,
24.063216, 1.670142, 1.670142, 0.000000,
24.073335, 1.654834, 1.664502, 0.009668,
24.083428, 1.665308, 1.666113, 0.000806,
24.093431, 1.654028, 1.664502, 0.010474,
24.103598, 1.666113, 1.665308, -0.000806,
24.113875, 1.666113, 1.662085, -0.004028,
24.124296, 1.662085, 1.661279, -0.000806,
24.134878, 1.666919, 1.665308, -0.001611,
24.145218, 1.662085, 1.669336, 0.007251,
24.155445, 1.666919, 1.666113, -0.000806,
24.165838, 1.669336, 1.662085, -0.007251,
24.176212, 1.668530, 1.662085, -0.006445,
24.186556, 1.669336, 1.670142, 0.000806,
24.196666, 1.666113, 1.654834, -0.011279,
24.206981, 1.668530, 1.658862, -0.009668,
24.217326, 1.658862, 1.669336, 0.010474,
24.227544, 1.666113, 1.662085, -0.004028,
24.238108, 1.670142, 1.672559, 0.002417,
24.248215, 1.661279, 1.662085, 0.000806,
24.258422, 1.669336, 1.665308, -0.004028,
24.268759, 1.669336, 1.687060, 0.017725,
24.278885, 1.665308, 1.670947, 0.005640,
24.288984, 1.670142, 1.668530, -0.001611,
24.299428, 1.666919, 1.662085, -0.004834,
24.309682, 1.670142, 1.674170, 0.004028,
24.319770, 1.658057, 1.664502, 0.006445,
24.329888, 1.677393, 1.673364, -0.004028,
24.340328, 1.677393, 1.653223, -0.024170,
24.350761, 1.677393, 1.677393, 0.000000,
24.360767, 1.677393, 1.678198, 0.000806,
24.370898, 1.677393, 1.674976, -0.002417,
24.381329, 1.672559, 1.689478, 0.016919,
24.391430, 1.666919, 1.654028, -0.012891,
24.401849, 1.679004, 1.677393, -0.001611,
24.412115, 1.677393, 1.666113, -0.011279,
24.422430, 1.679810, 1.666113, -0.013696,
24.432898, 1.676587, 1.669336, -0.007251,
24.443333, 1.670947, 1.666113, -0.004834,
24.453763, 1.677393, 1.666919, -0.010474,
24.464132, 1.670947, 1.664502, -0.006445,
24.474529, 1.670142, 1.672559, 0.002417,
24.484551, 1.677393, 1.656445, -0.020947,
24.494897, 1.668530, 1.661279, -0.007251,
24.505327, 1.674170, 1.639526, -0.034644,
24.515664, 1.674170, 1.674976, 0.000806,
24.525871, 1.674170, 1.658057, -0.016113,
24.536333, 1.666113, 1.674170, 0.008057,
24.546443, 1.674170, 1.662085, -0.012085,
24.556874, 1.674170, 1.658862, -0.015308,
24.567220, 1.674976, 1.683838, 0.008862,
24.577423, 1.670947, 1.666113, -0.004834,
24.587663, 1.677393, 1.677393, 0.000000,
24.597665, 1.666919, 1.678198, 0.011279,
24.607882, 1.674170, 1.656445, -0.017725,
24.618217, 1.674976, 1.681421, 0.006445,
24.628433, 1.676587, 1.666113, -0.010474,
24.638978, 1.677393, 1.677393, 0.000000,
24.649199, 1.662085, 1.670142, 0.008057,
24.659331, 1.665308, 1.669336, 0.004028,
24.669436, 1.658862, 1.669336, 0.010474,
24.679665, 1.664502, 1.654028, -0.010474,
24.690007, 1.662891, 1.654834, -0.008057,
24.700411, 1.660474, 1.662085, 0.001611,
24.710440, 1.665308, 1.664502, -0.000806,
24.720667, 1.666919, 1.657251, -0.009668,
24.731185, 1.658057, 1.662891, 0.004834,
24.741348, 1.662085, 1.665308, 0.003223,
24.751546, 1.664502, 1.654028, -0.010474,
24.761904, 1.664502, 1.665308, 0.000806,
24.771979, 1.665308, 1.658862, -0.006445,
24.782343, 1.664502, 1.662085, -0.002417,
24.792671, 1.668530, 1.662891, -0.005640,
24.803122, 1.666919, 1.672559, 0.005640,
24.813215, 1.670142, 1.674976, 0.004834,
24.823331, 1.662891, 1.668530, 0.005640,
24.833550, 1.661279, 1.672559, 0.011279,
24.843662, 1.666113, 1.665308, -0.000806,
24.854117, 1.665308, 1.654834, -0.010474,
24.864471, 1.660474, 1.660474, 0.000000,
24.874663, 1.669336, 1.650806, -0.018530,
24.884986, 1.664502, 1.652417, -0.012085,
24.895336, 1.665308, 1.648389, -0.016919,
24.905761, 1.660474, 1.654834, -0.005640,
24.916116, 1.668530, 1.657251, -0.011279,
24.926547, 1.665308, 1.645166, -0.020142,
24.937105, 1.662085, 1.674976, 0.012891,
24.947221, 1.669336, 1.665308, -0.004028,
24.957660, 1.666113, 1.661279, -0.004834,
24.967992, 1.679004, 1.681421, 0.002417,
24.978210, 1.673364, 1.666919, -0.006445,
24.988597, 1.682227, 1.676587, -0.005640,
24.998888, 1.672559, 1.644360, -0.028198,
25.009222, 1.676587, 1.653223, -0.023364,
25.019547, 1.677393, 1.670142, -0.007251,
25.029884, 1.670947, 1.666113, -0.004834,
25.040325, 1.677393, 1.654834, -0.022559,
25.050764, 1.677393, 1.686255, 0.008862,
25.060880, 1.677393, 1.661279, -0.016113,
25.071213, 1.676587, 1.679810, 0.003223,
25.081430, 1.672559, 1.670142, -0.002417,
25.091665, 1.674976, 1.668530, -0.006445,
25.102093, 1.673364, 1.673364, 0.000000,
25.112116, 1.677393, 1.657251, -0.020142,
25.122440, 1.674170, 1.657251, -0.016919,
25.133080, 1.670947, 1.658862, -0.012085,
25.143544, 1.674170, 1.666113, -0.008057,
25.153983, 1.674976, 1.662085, -0.012891,
25.164345, 1.673364, 1.657251, -0.016113,
25.174749, 1.669336, 1.665308, -0.004028,
25.185002, 1.676587, 1.668530, -0.008057,
25.195341, 1.678198, 1.668530, -0.009668,
25.205755, 1.676587, 1.669336, -0.007251,
25.216114, 1.676587, 1.648389, -0.028198,
25.226541, 1.670142, 1.670142, 0.000000,
25.236767, 1.678198, 1.678198, 0.000000,
25.246883, 1.668530, 1.666113, -0.002417,
25.257266, 1.676587, 1.662891, -0.013696,
25.267661, 1.670947, 1.681421, 0.010474,
25.277854, 1.677393, 1.662085, -0.015308,
25.288113, 1.676587, 1.683032, 0.006445,
25.298156, 1.670142, 1.662085, -0.008057,
25.308559, 1.666113, 1.654834, -0.011279,
25.318889, 1.665308, 1.666113, 0.000806,
25.329116, 1.661279, 1.653223, -0.008057,
25.339552, 1.665308, 1.654834, -0.010474,
25.349964, 1.665308, 1.670947, 0.005640,
25.359991, 1.665308, 1.633887, -0.031421,
25.370343, 1.666919, 1.662085, -0.004834,
25.380770, 1.664502, 1.654834, -0.009668,
25.391118, 1.670142, 1.662085, -0.008057,
25.401523, 1.670142, 1.674170, 0.004028,
25.411573, 1.658862, 1.650000, -0.008862,
25.421883, 1.669336, 1.658862, -0.010474,
25.432334, 1.662085, 1.650000, -0.012085,
25.442771, 1.670142, 1.662085, -0.008057,
25.453224, 1.666919, 1.668530, 0.001611,
25.463379, 1.661279, 1.670142, 0.008862,
25.473437, 1.668530, 1.652417, -0.016113,
25.483880, 1.670142, 1.640332, -0.029810,
25.494217, 1.666113, 1.670142, 0.004028,
25.504440, 1.666113, 1.665308, -0.000806,
25.514769, 1.665308, 1.643555, -0.021753,
25.525181, 1.670947, 1.658057, -0.012891,
25.535666, 1.662891, 1.658057, -0.004834,
25.545987, 1.668530, 1.658057, -0.010474,
25.556433, 1.672559, 1.658057, -0.014502,
25.566771, 1.670142, 1.665308, -0.004834,
25.577206, 1.658862, 1.658057, -0.000806,
25.587461, 1.664502, 1.673364, 0.008862,
25.597545, 1.670142, 1.650000, -0.020142,
25.607940, 1.677393, 1.666919, -0.010474,
25.618214, 1.676587, 1.689478, 0.012891,
25.628446, 1.674976, 1.678198, 0.003223,
25.638701, 1.682227, 1.662891, -0.019336,
25.648989, 1.673364, 1.670947, -0.002417,
25.659341, 1.678198, 1.662085, -0.016113,
25.669670, 1.674976, 1.674170, -0.000806,
25.680127, 1.677393, 1.661279, -0.016113,
25.690443, 1.673364, 1.662891, -0.010474,
25.700875, 1.677393, 1.674170, -0.003223,
25.711111, 1.674976, 1.664502, -0.010474,
25.721437, 1.673364, 1.666113, -0.007251,
25.731884, 1.665308, 1.660474, -0.004834,
25.742329, 1.676587, 1.668530, -0.008057,
25.752774, 1.677393, 1.670947, -0.006445,
25.763153, 1.672559, 1.660474, -0.012085,
25.773431, 1.673364, 1.666113, -0.007251,
25.783768, 1.677393, 1.666113, -0.011279,
25.794114, 1.662085, 1.670947, 0.008862,
25.804357, 1.662891, 1.668530, 0.005640,
25.814443, 1.670142, 1.670142, 0.000000,
25.824526, 1.676587, 1.664502, -0.012085,
25.834979, 1.670142, 1.677393, 0.007251,
25.845116, 1.677393, 1.665308, -0.012085,
25.855564, 1.664502, 1.681421, 0.016919,
25.865684, 1.672559, 1.666113, -0.006445,
25.876113, 1.679810, 1.664502, -0.015308,
25.886445, 1.672559, 1.668530, -0.004028,
25.896759, 1.665308, 1.672559, 0.007251,
25.906882, 1.673364, 1.666113, -0.007251,
25.917229, 1.677393, 1.687060, 0.009668,
25.927440, 1.661279, 1.662891, 0.001611,
25.937661, 1.664502, 1.658057, -0.006445,
25.947991, 1.662085, 1.648389, -0.013696,
25.958337, 1.662891, 1.650000, -0.012891,
25.968674, 1.654834, 1.677393, 0.022559,
25.978889, 1.660474, 1.662085, 0.001611,
25.988988, 1.662891, 1.658862, -0.004028,
25.999292, 1.668530, 1.669336, 0.000806,
26.009431, 1.668530, 1.665308, -0.003223,
26.019671, 1.668530, 1.661279, -0.007251,
26.030199, 1.668530, 1.662891, -0.005640,
26.040665, 1.662085, 1.662891, 0.000806,
26.050879, 1.666113, 1.665308, -0.000806,
26.061258, 1.657251, 1.666919, 0.009668,
26.071357, 1.657251, 1.662085, 0.004834,
26.081558, 1.666919, 1.665308, -0.001611,
26.091881, 1.662085, 1.656445, -0.005640,
26.102335, 1.669336, 1.666113, -0.003223,
26.112667, 1.670142, 1.660474, -0.009668,
26.122994, 1.658862, 1.654834, -0.004028,
26.133552, 1.664502, 1.673364, 0.008862,
26.143670, 1.668530, 1.662085, -0.006445,
26.154120, 1.669336, 1.668530, -0.000806,
26.164490, 1.660474, 1.666113, 0.005640,
26.174671, 1.664502, 1.662085, -0.002417,
26.184991, 1.668530, 1.650000, -0.018530,
26.195340, 1.665308, 1.658862, -0.006445,
26.205776, 1.662085, 1.654834, -0.007251,
26.216114, 1.666919, 1.668530, 0.001611,
26.226322, 1.662085, 1.665308, 0.003223,
26.236550, 1.658057, 1.662085, 0.004028,
26.246672, 1.681421, 1.668530, -0.012891,
26.257003, 1.670142, 1.666919, -0.003223,
26.267450, 1.683838, 1.678198, -0.005640,
26.277886, 1.678198, 1.664502, -0.013696,
26.288227, 1.683032, 1.673364, -0.009668,
26.298563, 1.673364, 1.673364, 0.000000,
26.308665, 1.674976, 1.660474, -0.014502,
26.318997, 1.679004, 1.670142, -0.008862,
26.329452, 1.676587, 1.669336, -0.007251,
26.339435, 1.674976, 1.666113, -0.008862,
26.349885, 1.677393, 1.666919, -0.010474,
26.360225, 1.674976, 1.662085, -0.012891,
26.370566, 1.679810, 1.664502, -0.015308,
26.380976, 1.679004, 1.662085, -0.016919,
26.391342, 1.677393, 1.660474, -0.016919,
26.401762, 1.668530, 1.682227, 0.013696,
26.411892, 1.677393, 1.679810, 0.002417,
26.421994, 1.677393, 1.660474, -0.016919,
26.432548, 1.678198, 1.666919, -0.011279,
26.442987, 1.668530, 1.668530, 0.000000,
26.453227, 1.673364, 1.679004, 0.005640,
26.463402, 1.672559, 1.662085, -0.010474,
26.473681, 1.674976, 1.648389, -0.026587,
26.484109, 1.676587, 1.670142, -0.006445,
26.494442, 1.674170, 1.662085, -0.012085,
26.504891, 1.677393, 1.669336, -0.008057,
26.515228, 1.670947, 1.666113, -0.004834,
26.525665, 1.672559, 1.658057, -0.014502,
26.536201, 1.678198, 1.670947, -0.007251,
26.546555, 1.670947, 1.678198, 0.007251,
26.556750, 1.678198, 1.660474, -0.017725,
26.567117, 1.661279, 1.669336, 0.008057,
26.577350, 1.660474, 1.650000, -0.010474,
26.587671, 1.662891, 1.658057, -0.004834,
26.597992, 1.662085, 1.650000, -0.012085,
26.608343, 1.662891, 1.666113, 0.003223,
26.618439, 1.664502, 1.677393, 0.012891,
26.628666, 1.668530, 1.662085, -0.006445,
26.639228, 1.658862, 1.654028, -0.004834,
26.649680, 1.666113, 1.664502, -0.001611,
26.659993, 1.661279, 1.665308, 0.004028,
26.670123, 1.664502, 1.664502, 0.000000,
26.680236, 1.664502, 1.666919, 0.002417,
26.690341, 1.662891, 1.657251, -0.005640,
26.700783, 1.670142, 1.674170, 0.004028,
26.710891, 1.670142, 1.676587, 0.006445,
26.721029, 1.664502, 1.670947, 0.006445,
26.731339, 1.661279, 1.670947, 0.009668,
26.741559, 1.668530, 1.666113, -0.002417,
26.751990, 1.657251, 1.668530, 0.011279,
26.762151, 1.666113, 1.674170, 0.008057,
26.772222, 1.664502, 1.658057, -0.006445,
26.782673, 1.664502, 1.674976, 0.010474,
26.792767, 1.670142, 1.654028, -0.016113,
26.803223, 1.669336, 1.670142, 0.000806,
26.813343, 1.665308, 1.657251, -0.008057,
26.823670, 1.664502, 1.644360, -0.020142,
26.834326, 1.670142, 1.678198, 0.008057,
26.844434, 1.674170, 1.687866, 0.013696,
26.854559, 1.666919, 1.676587, 0.009668,
26.864675, 1.665308, 1.662085, -0.003223,
26.875123, 1.669336, 1.657251, -0.012085,
26.885441, 1.670142, 1.668530, -0.001611,
26.895684, 1.677393, 1.668530, -0.008862,
26.906127, 1.677393, 1.662891, -0.014502,
26.916445, 1.676587, 1.670947, -0.005640,
26.926773, 1.672559, 1.668530, -0.004028,
26.937227, 1.676587, 1.683032, 0.006445,
26.947342, 1.679004, 1.689478, 0.010474,
26.957517, 1.677393, 1.676587, -0.000806,
26.967893, 1.669336, 1.683838, 0.014502,
26.978119, 1.673364, 1.670142, -0.003223,
26.988439, 1.673364, 1.662891, -0.010474,
26.998677, 1.676587, 1.666113, -0.010474,
27.009122, 1.670142, 1.660474, -0.009668,
27.019448, 1.666113, 1.672559, 0.006445,
27.029557, 1.668530, 1.656445, -0.012085,
27.039989, 1.677393, 1.662085, -0.015308,
27.050457, 1.677393, 1.672559, -0.004834,
27.060776, 1.673364, 1.677393, 0.004028,
27.070889, 1.670142, 1.658862, -0.011279,
27.081346, 1.678198, 1.665308, -0.012891,
27.091672, 1.676587, 1.664502, -0.012085,
27.102120, 1.679810, 1.676587, -0.003223,
27.112445, 1.670947, 1.670947, 0.000000,
27.122463, 1.670947, 1.668530, -0.002417,
27.133118, 1.673364, 1.668530, -0.004834,
27.143558, 1.669336, 1.641138, -0.028198,
27.153998, 1.681421, 1.670142, -0.011279,
27.164352, 1.677393, 1.669336, -0.008057,
27.174756, 1.672559, 1.656445, -0.016113,
27.185104, 1.672559, 1.665308, -0.007251,
27.195344, 1.674170, 1.672559, -0.001611,
27.205686, 1.662085, 1.654834, -0.007251,
27.216005, 1.674976, 1.665308, -0.009668,
27.226445, 1.666113, 1.654028, -0.012085,
27.236996, 1.661279, 1.674976, 0.013696,
27.247136, 1.662891, 1.641138, -0.021753,
27.257566, 1.664502, 1.658057, -0.006445,
27.267898, 1.656445, 1.664502, 0.008057,
27.278122, 1.664502, 1.660474, -0.004028,
27.288446, 1.662891, 1.672559, 0.009668,
27.298463, 1.662085, 1.662891, 0.000806,
27.308340, 1.666113, 1.672559, 0.006445,
27.318442, 1.660474, 1.660474, 0.000000,
27.328551, 1.662891, 1.664502, 0.001611,
27.338782, 1.670142, 1.662085, -0.008057,
27.349209, 1.665308, 1.662085, -0.003223,
27.359565, 1.666919, 1.668530, 0.001611,
27.369684, 1.666919, 1.668530, 0.001611,
27.379887, 1.670947, 1.656445, -0.014502,
27.390227, 1.662085, 1.656445, -0.005640,
27.399972, 1.665308, 1.662085, -0.003223,
27.410227, 1.660474, 1.658057, -0.002417,
27.420558, 1.660474, 1.664502, 0.004028,
27.430770, 1.664502, 1.679004, 0.014502,
27.440991, 1.669336, 1.657251, -0.012085,
27.451446, 1.665308, 1.639526, -0.025781,
27.461826, 1.662085, 1.657251, -0.004834,
27.472123, 1.670142, 1.670947, 0.000806,
27.482235, 1.670947, 1.662085, -0.008862,
27.492558, 1.668530, 1.658057, -0.010474,
27.503002, 1.670142, 1.658862, -0.011279,
27.513339, 1.668530, 1.657251, -0.011279,
27.523676, 1.670142, 1.658057, -0.012085,
27.534326, 1.677393, 1.679810, 0.002417,
27.544447, 1.677393, 1.668530, -0.008862,
27.554772, 1.677393, 1.666919, -0.010474,
27.565124, 1.670947, 1.677393, 0.006445,
27.575336, 1.677393, 1.658057, -0.019336,
27.585670, 1.676587, 1.662085, -0.014502,
27.596000, 1.677393, 1.660474, -0.016919,
27.606450, 1.669336, 1.664502, -0.004834,
27.616675, 1.674976, 1.658862, -0.016113,
27.627134, 1.676587, 1.670947, -0.005640,
27.637675, 1.674170, 1.670142, -0.004028,
27.648000, 1.679810, 1.665308, -0.014502,
27.658448, 1.665308, 1.652417, -0.012891,
27.668780, 1.673364, 1.685449, 0.012085,
27.678992, 1.670947, 1.652417, -0.018530,
27.689339, 1.670142, 1.670142, 0.000000,
27.699429, 1.672559, 1.674976, 0.002417,
27.709487, 1.676587, 1.670947, -0.005640,
27.719768, 1.674976, 1.669336, -0.005640,
27.730201, 1.677393, 1.677393, 0.000000,
27.740336, 1.679004, 1.654834, -0.024170,
27.750776, 1.674170, 1.683838, 0.009668,
27.760895, 1.662891, 1.654834, -0.008057,
27.771242, 1.674976, 1.637915, -0.037060,
27.781002, 1.673364, 1.665308, -0.008057,
27.791355, 1.670142, 1.668530, -0.001611,
27.801765, 1.676587, 1.679004, 0.002417,
27.811772, 1.670947, 1.673364, 0.002417,
27.821857, 1.676587, 1.658862, -0.017725,
27.832336, 1.673364, 1.664502, -0.008862,
27.842779, 1.677393, 1.677393, 0.000000,
27.852997, 1.658057, 1.662085, 0.004028,
27.863159, 1.665308, 1.662891, -0.002417,
27.873445, 1.664502, 1.658862, -0.005640,
27.883781, 1.654834, 1.662891, 0.008057,
27.893896, 1.660474, 1.662085, 0.001611,
27.904122, 1.662085, 1.666919, 0.004834,
27.914235, 1.664502, 1.674976, 0.010474,
27.924437, 1.666113, 1.650000, -0.016113,
27.934892, 1.666919, 1.670142, 0.003223,
27.945011, 1.662085, 1.674976, 0.012891,
27.955243, 1.668530, 1.633887, -0.034644,
27.965674, 1.668530, 1.666113, -0.002417,
27.976120, 1.666919, 1.633081, -0.033838,
27.986449, 1.668530, 1.660474, -0.008057,
27.996674, 1.666113, 1.668530, 0.002417,
28.006780, 1.658057, 1.652417, -0.005640,
28.017135, 1.664502, 1.660474, -0.004028,
28.027569, 1.669336, 1.665308, -0.004028,
28.038125, 1.670142, 1.673364, 0.003223,
28.048228, 1.669336, 1.670947, 0.001611,
28.058447, 1.662891, 1.653223, -0.009668,
28.068776, 1.670142, 1.666919, -0.003223,
28.079223, 1.665308, 1.665308, 0.000000,
28.089224, 1.665308, 1.658862, -0.006445,
28.099670, 1.666113, 1.662891, -0.003223,
28.109992, 1.670947, 1.654834, -0.016113,
28.120343, 1.665308, 1.673364, 0.008057,
28.130676, 1.666113, 1.660474, -0.005640,
28.141126, 1.670142, 1.648389, -0.021753,
28.151551, 1.666113, 1.668530, 0.002417,
28.161714, 1.666919, 1.657251, -0.009668,
28.171992, 1.674170, 1.654834, -0.019336,
28.182446, 1.672559, 1.669336, -0.003223,
28.192780, 1.677393, 1.679810, 0.002417,
28.203002, 1.683032, 1.662891, -0.020142,
28.213347, 1.674170, 1.670142, -0.004028,
28.223705, 1.677393, 1.664502, -0.012891,
28.234324, 1.677393, 1.682227, 0.004834,
28.244446, 1.666919, 1.669336, 0.002417,
28.254561, 1.676587, 1.665308, -0.011279,
28.264933, 1.673364, 1.658057, -0.015308,
28.275115, 1.672559, 1.653223, -0.019336,
28.285453, 1.678198, 1.662891, -0.015308,
28.295794, 1.674170, 1.670142, -0.004028,
28.306215, 1.678198, 1.654834, -0.023364,
28.316561, 1.670947, 1.676587, 0.005640,
28.326702, 1.677393, 1.643555, -0.033838,
28.337221, 1.676587, 1.677393, 0.000806,
28.347351, 1.670947, 1.662085, -0.008862,
28.357782, 1.666113, 1.654028, -0.012085,
28.368129, 1.677393, 1.672559, -0.004834,
28.378570, 1.676587, 1.658862, -0.017725,
28.388892, 1.670142, 1.639526, -0.030615,
28.399317, 1.674170, 1.672559, -0.001611,
28.409566, 1.674976, 1.664502, -0.010474,
28.419898, 1.672559, 1.662891, -0.009668,
28.430433, 1.674170, 1.676587, 0.002417,
28.440567, 1.677393, 1.640332, -0.037061,
28.451008, 1.670142, 1.644360, -0.025781,
28.461416, 1.670947, 1.666919, -0.004028,
28.471681, 1.672559, 1.654028, -0.018530,
28.482130, 1.670947, 1.677393, 0.006445,
28.492246, 1.662085, 1.656445, -0.005640,
28.502681, 1.664502, 1.670947, 0.006445,
28.512781, 1.660474, 1.658057, -0.002417,
28.523131, 1.665308, 1.629858, -0.035449,
28.533565, 1.665308, 1.665308, 0.000000,
28.543674, 1.665308, 1.658057, -0.007251,
28.554139, 1.668530, 1.666113, -0.002417,
28.564525, 1.666919, 1.661279, -0.005640,
28.574898, 1.657251, 1.666919, 0.009668,
28.584997, 1.670142, 1.673364, 0.003223,
28.595126, 1.662085, 1.654028, -0.008057,
28.605562, 1.665308, 1.662891, -0.002417,
28.615897, 1.668530, 1.662085, -0.006445,
28.626310, 1.658862, 1.660474, 0.001611,
28.636572, 1.665308, 1.679810, 0.014502,
28.646681, 1.662085, 1.670142, 0.008057,
28.656773, 1.668530, 1.657251, -0.011279,
28.667132, 1.661279, 1.670947, 0.009668,
28.677349, 1.664502, 1.665308, 0.000806,
28.687476, 1.658862, 1.666113, 0.007251,
28.697571, 1.666113, 1.662085, -0.004028,
28.707897, 1.670142, 1.656445, -0.013696,
28.718228, 1.665308, 1.656445, -0.008862,
28.728677, 1.670947, 1.666113, -0.004834,
28.739238, 1.668530, 1.658862, -0.009668,
28.749684, 1.666919, 1.664502, -0.002417,
28.759998, 1.660474, 1.670142, 0.009668,
28.770127, 1.670142, 1.640332, -0.029810,
28.780554, 1.664502, 1.640332, -0.024170,
28.790799, 1.668530, 1.657251, -0.011279,
28.801233, 1.664502, 1.665308, 0.000806,
28.811350, 1.679004, 1.658862, -0.020142,
28.821680, 1.673364, 1.669336, -0.004028,
28.832126, 1.683032, 1.662085, -0.020947,
28.842578, 1.674976, 1.660474, -0.014502,
28.853007, 1.678198, 1.664502, -0.013696,
28.863404, 1.679004, 1.666919, -0.012085,
28.873689, 1.674976, 1.654834, -0.020142,
28.884152, 1.673364, 1.674170, 0.000806,
28.894236, 1.673364, 1.670947, -0.002417,
28.904685, 1.674170, 1.662891, -0.011279,
28.915013, 1.674170, 1.665308, -0.008862,
28.925418, 1.672559, 1.662085, -0.010474,
28.936282, 1.674170, 1.670142, -0.004028,
28.946567, 1.665308, 1.653223, -0.012085,
28.956315, 1.673364, 1.662085, -0.011279,
28.958993, 1.670142, 1.650806, -0.019336,
28.969358, 1.677393, 1.679004, 0.001611,
28.979569, 1.673364, 1.674976, 0.001611,
28.989681, 1.674976, 1.662891, -0.012085,
29.000127, 1.674170, 1.670142, -0.004028,
29.010446, 1.670947, 1.662085, -0.008862,
29.020775, 1.670142, 1.679004, 0.008862,
29.030994, 1.670142, 1.666919, -0.003223,
29.041447, 1.670947, 1.678198, 0.007251,
29.051686, 1.674976, 1.676587, 0.001611,
29.061827, 1.666919, 1.677393, 0.010474,
29.071890, 1.677393, 1.664502, -0.012891,
29.082246, 1.670947, 1.656445, -0.014502,
29.092566, 1.670947, 1.676587, 0.005640,
29.102798, 1.673364, 1.668530, -0.004834,
29.113128, 1.676587, 1.654834, -0.021753,
29.123453, 1.670142, 1.669336, -0.000806,
29.133973, 1.677393, 1.666113, -0.011279,
29.144360, 1.654834, 1.654834, 0.000000,
29.154560, 1.661279, 1.670142, 0.008862,
29.164701, 1.662085, 1.654834, -0.007251,
29.175123, 1.665308, 1.647583, -0.017725,
29.185453, 1.670142, 1.670142, 0.000000,
29.195463, 1.662085, 1.665308, 0.003223,
29.205684, 1.665308, 1.660474, -0.004834,
29.216007, 1.664502, 1.639526, -0.024976,
29.226458, 1.670947, 1.654028, -0.016919,
29.237003, 1.664502, 1.666919, 0.002417,
29.247130, 1.670947, 1.658862, -0.012085,
29.257461, 1.666919, 1.656445, -0.010474,
29.267783, 1.666919, 1.672559, 0.005640,
29.278039, 1.669336, 1.657251, -0.012085,
29.288361, 1.662085, 1.664502, 0.002417,
29.298452, 1.668530, 1.658862, -0.009668,
29.308780, 1.664502, 1.654834, -0.009668,
29.319007, 1.662891, 1.658057, -0.004834,
29.329451, 1.668530, 1.662085, -0.006445,
29.339901, 1.666113, 1.662085, -0.004028,
29.350351, 1.669336, 1.674170, 0.004834,
29.360454, 1.668530, 1.647583, -0.020947,
29.370798, 1.670142, 1.662085, -0.008057,
29.381220, 1.662085, 1.665308, 0.003223,
29.391349, 1.666113, 1.649194, -0.016919,
29.401789, 1.668530, 1.664502, -0.004028,
29.412136, 1.670142, 1.662085, -0.008057,
29.422449, 1.665308, 1.660474, -0.004834,
29.432904, 1.670142, 1.660474, -0.009668,
29.443343, 1.666113, 1.650000, -0.016113,
29.453783, 1.677393, 1.666113, -0.011279,
29.464151, 1.666919, 1.672559, 0.005640,
29.474336, 1.674170, 1.662085, -0.012085,
29.484685, 1.676587, 1.661279, -0.015308,
29.495000, 1.674976, 1.658057, -0.016919,
29.505446, 1.676587, 1.686255, 0.009668,
29.515455, 1.673364, 1.664502, -0.008862,
29.525781, 1.670142, 1.665308, -0.004834,
29.536345, 1.677393, 1.674976, -0.002417,
29.546685, 1.674976, 1.640332, -0.034644,
29.557130, 1.676587, 1.657251, -0.019336,
29.567476, 1.674170, 1.683838, 0.009668,
29.577691, 1.670142, 1.662085, -0.008057,
29.588062, 1.670947, 1.673364, 0.002417,
29.598136, 1.670947, 1.681421, 0.010474,
29.608363, 1.677393, 1.662085, -0.015308,
29.618685, 1.672559, 1.652417, -0.020142,
29.629126, 1.676587, 1.658862, -0.017725,
29.639689, 1.674976, 1.660474, -0.014502,
29.650123, 1.666113, 1.657251, -0.008862,
29.660452, 1.669336, 1.669336, 0.000000,
29.670482, 1.673364, 1.677393, 0.004028,
29.680676, 1.668530, 1.662085, -0.006445,
29.691006, 1.674976, 1.668530, -0.006445,
29.701449, 1.673364, 1.686255, 0.012891,
29.711458, 1.674976, 1.660474, -0.014502,
29.721794, 1.677393, 1.654834, -0.022559,
29.732352, 1.677393, 1.673364, -0.004028,
29.742779, 1.670142, 1.657251, -0.012891,
29.753237, 1.673364, 1.670947, -0.002417,
29.763651, 1.666919, 1.668530, 0.001611,
29.773681, 1.662085, 1.636304, -0.025781,
29.784131, 1.662891, 1.662891, 0.000000,
29.794232, 1.664502, 1.662891, -0.001611,
29.804682, 1.665308, 1.662085, -0.003223,
29.815006, 1.666113, 1.689478, 0.023364,
29.825211, 1.666919, 1.657251, -0.009668,
29.835678, 1.666919, 1.666919, 0.000000,
29.845795, 1.664502, 1.662891, -0.001611,
29.856191, 1.666113, 1.666919, 0.000806,
29.866386, 1.664502, 1.657251, -0.007251,
29.876782, 1.665308, 1.658862, -0.006445,
29.887044, 1.665308, 1.670142, 0.004834,
29.897132, 1.666113, 1.637109, -0.029004,
29.907536, 1.666113, 1.658057, -0.008057,
29.917781, 1.665308, 1.677393, 0.012085,
29.928001, 1.656445, 1.662085, 0.005640,
29.938348, 1.665308, 1.660474, -0.004834,
29.948683, 1.666113, 1.662085, -0.004028,
29.959098, 1.669336, 1.664502, -0.004834,
29.969457, 1.662891, 1.679810, 0.016919,
29.979620, 1.668530, 1.654834, -0.013696,
29.989899, 1.670947, 1.670947, 0.000000,
29.999994, 1.669336, 1.672559, 0.003223,
30.010140, 1.666113, 1.660474, -0.005640,
30.020460, 1.670142, 1.662085, -0.008057,
30.030902, 1.665308, 1.673364, 0.008057,
30.041127, 1.668530, 1.665308, -0.003223,
30.051578, 1.665308, 1.678198, 0.012891,
30.061712, 1.666113, 1.670142, 0.004028,
30.071788, 1.662085, 1.670142, 0.008057,
30.081898, 1.668530, 1.665308, -0.003223,
30.092224, 1.678198, 1.654028, -0.024170,
30.102686, 1.665308, 1.677393, 0.012085,
30.112791, 1.670142, 1.662891, -0.007251,
30.123131, 1.683838, 1.657251, -0.026587,
30.133691, 1.676587, 1.674976, -0.001611,
30.144138, 1.676587, 1.637915, -0.038672,
30.154583, 1.668530, 1.666113, -0.002417,
30.164995, 1.677393, 1.660474, -0.016919,
30.175439, 1.676587, 1.664502, -0.012085,
30.185785, 1.677393, 1.674976, -0.002417,
30.196169, 1.679004, 1.644360, -0.034644,
30.206573, 1.673364, 1.658862, -0.014502,
30.216901, 1.673364, 1.668530, -0.004834,
30.227260, 1.674170, 1.665308, -0.008862,
30.237797, 1.665308, 1.669336, 0.004028,
30.247901, 1.669336, 1.666113, -0.003223,
30.258242, 1.677393, 1.644360, -0.033032,
30.268586, 1.677393, 1.677393, 0.000000,
30.278754, 1.673364, 1.662085, -0.011279,
30.289028, 1.674976, 1.650806, -0.024170,
30.299454, 1.672559, 1.662891, -0.009668,
30.309787, 1.673364, 1.662085, -0.011279,
30.320144, 1.670142, 1.672559, 0.002417,
30.330447, 1.666113, 1.666919, 0.000806,
30.340565, 1.670142, 1.672559, 0.002417,
30.350786, 1.670142, 1.662085, -0.008057,
30.361168, 1.674976, 1.654028, -0.020947,
30.371453, 1.674976, 1.677393, 0.002417,
30.381568, 1.678198, 1.674170, -0.004028,
30.391905, 1.674170, 1.649194, -0.024976,
30.402360, 1.670142, 1.669336, -0.000806,
30.412681, 1.661279, 1.662891, 0.001611,
30.422793, 1.666919, 1.654834, -0.012085,
30.433248, 1.657251, 1.664502, 0.007251,
30.443462, 1.658862, 1.657251, -0.001611,
30.453903, 1.661279, 1.637915, -0.023364,
30.464321, 1.658862, 1.664502, 0.005640,
30.474546, 1.662085, 1.658862, -0.003223,
30.484787, 1.664502, 1.662085, -0.002417,
30.495012, 1.673364, 1.673364, 0.000000,
30.505136, 1.668530, 1.653223, -0.015308,
30.515459, 1.670142, 1.661279, -0.008862,
30.525785, 1.666113, 1.664502, -0.001611,
30.536359, 1.670142, 1.656445, -0.013696,
30.546684, 1.662085, 1.652417, -0.009668,
30.557015, 1.669336, 1.650806, -0.018530,
30.567361, 1.661279, 1.668530, 0.007251,
30.577570, 1.668530, 1.658862, -0.009668,
30.587929, 1.668530, 1.658862, -0.009668,
30.598234, 1.670142, 1.677393, 0.007251,
30.608377, 1.658862, 1.658057, -0.000806,
30.618686, 1.657251, 1.668530, 0.011279,
30.628903, 1.665308, 1.662085, -0.003223,
30.639363, 1.662085, 1.657251, -0.004834,
30.649773, 1.662891, 1.662085, -0.000806,
30.660140, 1.666919, 1.664502, -0.002417,
30.670468, 1.669336, 1.670947, 0.001611,
30.680689, 1.666919, 1.661279, -0.005640,
30.691003, 1.668530, 1.658862, -0.009668,
30.701463, 1.664502, 1.670947, 0.006445,
30.711579, 1.664502, 1.674976, 0.010474,
30.721690, 1.658057, 1.662085, 0.004028,
30.731920, 1.681421, 1.672559, -0.008862,
30.742360, 1.677393, 1.666919, -0.010474,
30.752792, 1.665308, 1.674170, 0.008862,
30.762962, 1.676587, 1.641943, -0.034644,
30.773241, 1.676587, 1.654834, -0.021753,
30.783696, 1.677393, 1.674976, -0.002417,
30.794007, 1.677393, 1.674170, -0.003223,
30.804439, 1.674976, 1.678198, 0.003223,
30.814464, 1.674170, 1.664502, -0.009668,
30.824780, 1.679004, 1.664502, -0.014502,
30.835232, 1.673364, 1.683838, 0.010474,
30.845351, 1.668530, 1.654834, -0.013696,
30.855793, 1.674170, 1.677393, 0.003223,
30.865249, 1.676587, 1.679810, 0.003223,
30.875445, 1.677393, 1.673364, -0.004028,
30.885688, 1.674976, 1.689478, 0.014502,
30.895797, 1.670142, 1.658862, -0.011279,
30.906235, 1.670947, 1.660474, -0.010474,
30.916585, 1.674170, 1.682227, 0.008057,
30.926778, 1.674170, 1.666919, -0.007251,
30.937245, 1.662891, 1.679004, 0.016113,
30.947351, 1.679004, 1.669336, -0.009668,
30.957692, 1.670142, 1.674170, 0.004028,
30.967792, 1.664502, 1.670142, 0.005640,
30.977940, 1.670947, 1.664502, -0.006445,
30.988239, 1.670142, 1.668530, -0.001611,
30.998576, 1.677393, 1.664502, -0.012891,
31.008910, 1.673364, 1.666919, -0.006445,
31.019253, 1.673364, 1.683838, 0.010474,
31.029462, 1.673364, 1.664502, -0.008862,
31.039899, 1.670142, 1.657251, -0.012891,
31.050360, 1.669336, 1.670947, 0.001611,
31.060472, 1.662891, 1.672559, 0.009668,
31.070576, 1.661279, 1.658862, -0.002417,
31.080362, 1.662085, 1.637109, -0.024976,
31.090689, 1.670142, 1.670142, 0.000000,
31.100799, 1.666919, 1.656445, -0.010474,
31.111156, 1.658057, 1.662891, 0.004834,
31.121250, 1.665308, 1.668530, 0.003223,
31.131655, 1.665308, 1.658862, -0.006445,
31.141998, 1.665308, 1.645972, -0.019336,
31.152441, 1.664502, 1.674976, 0.010474,
31.162530, 1.669336, 1.658862, -0.010474,
31.172784, 1.668530, 1.662085, -0.006445,
31.183164, 1.665308, 1.670142, 0.004834,
31.193235, 1.664502, 1.658862, -0.005640,
31.203689, 1.665308, 1.662085, -0.003223,
31.214009, 1.664502, 1.653223, -0.011279,
31.224447, 1.666919, 1.666919, 0.000000,
31.234685, 1.666113, 1.678198, 0.012085,
31.244837, 1.668530, 1.652417, -0.016113,
31.255250, 1.665308, 1.660474, -0.004834,
31.265660, 1.658057, 1.665308, 0.007251,
31.275794, 1.658862, 1.666113, 0.007251,
31.285913, 1.664502, 1.662085, -0.002417,
31.296243, 1.666919, 1.664502, -0.002417,
31.306695, 1.670142, 1.679810, 0.009668,
31.316793, 1.662085, 1.665308, 0.003223,
31.327010, 1.669336, 1.673364, 0.004028,
31.337244, 1.669336, 1.677393, 0.008057,
31.347360, 1.666919, 1.666919, 0.000000,
31.357454, 1.666113, 1.670142, 0.004028,
31.367578, 1.678198, 1.676587, -0.001611,
31.378012, 1.677393, 1.669336, -0.008057,
31.388358, 1.676587, 1.647583, -0.029004,
31.398695, 1.673364, 1.669336, -0.004028,
31.409007, 1.669336, 1.662085, -0.007251,
31.419351, 1.676587, 1.677393, 0.000806,
31.429574, 1.669336, 1.670142, 0.000806,
31.439823, 1.677393, 1.661279, -0.016113,
31.450215, 1.679004, 1.656445, -0.022559,
31.460459, 1.676587, 1.647583, -0.029004,
31.470804, 1.670947, 1.670142, -0.000806,
31.481236, 1.669336, 1.658862, -0.010474,
31.491583, 1.677393, 1.660474, -0.016919,
31.502009, 1.664502, 1.677393, 0.012891,
31.512139, 1.669336, 1.689478, 0.020142,
31.522239, 1.674170, 1.670142, -0.004028,
31.532784, 1.674170, 1.682227, 0.008057,
31.542995, 1.673364, 1.662891, -0.010474,
31.553462, 1.674976, 1.670142, -0.004834,
31.563782, 1.674976, 1.673364, -0.001611,
31.574233, 1.677393, 1.647583, -0.029810,
31.584574, 1.677393, 1.658057, -0.019336,
31.594907, 1.662891, 1.658862, -0.004028,
31.605237, 1.668530, 1.657251, -0.011279,
31.615579, 1.676587, 1.662891, -0.013696,
31.626007, 1.669336, 1.679810, 0.010474,
31.636374, 1.674976, 1.662891, -0.012085,
31.646688, 1.677393, 1.670947, -0.006445,
31.657028, 1.662085, 1.674976, 0.012891,
31.667229, 1.665308, 1.699145, 0.033838,
31.677455, 1.674976, 1.679004, 0.004028,
31.687469, 1.665308, 1.670142, 0.004834,
31.697564, 1.664502, 1.662891, -0.001611,
31.707903, 1.662891, 1.666919, 0.004028,
31.717962, 1.665308, 1.673364, 0.008057,
31.728139, 1.658057, 1.657251, -0.000806,
31.738579, 1.670142, 1.664502, -0.005640,
31.748911, 1.664502, 1.662085, -0.002417,
31.759250, 1.664502, 1.637109, -0.027393,
31.769581, 1.666113, 1.664502, -0.001611,
31.780014, 1.664502, 1.662891, -0.001611,
31.790359, 1.664502, 1.664502, 0.000000,
31.800456, 1.666113, 1.654834, -0.011279,
31.810761, 1.665308, 1.666113, 0.000806,
31.820809, 1.670142, 1.669336, -0.000806,
31.831362, 1.658057, 1.666113, 0.008057,
31.841578, 1.666919, 1.654834, -0.012085,
31.852011, 1.670142, 1.670142, 0.000000,
31.862071, 1.664502, 1.658862, -0.005640,
31.872358, 1.664502, 1.658057, -0.006445,
31.882691, 1.665308, 1.658862, -0.006445,
31.893030, 1.665308, 1.633081, -0.032227,
31.903471, 1.668530, 1.674976, 0.006445,
31.913586, 1.670142, 1.629858, -0.040283,
31.923905, 1.665308, 1.656445, -0.008862,
31.934462, 1.664502, 1.670142, 0.005640,
31.944584, 1.666113, 1.666919, 0.000806,
31.954792, 1.672559, 1.674170, 0.001611,
31.964972, 1.666919, 1.662085, -0.004834,
31.975359, 1.665308, 1.647583, -0.017725,
31.985249, 1.665308, 1.679004, 0.013696,
31.995357, 1.666113, 1.683032, 0.016919,
32.005566, 1.674976, 1.662085, -0.012891,
32.015916, 1.676587, 1.681421, 0.004834,
32.026036, 1.677393, 1.670142, -0.007251,
32.036606, 1.678198, 1.685449, 0.007251,
32.046693, 1.678198, 1.666919, -0.011279,
32.057140, 1.676587, 1.661279, -0.015308,
32.067462, 1.674976, 1.687866, 0.012891,
32.077694, 1.679004, 1.679810, 0.000806,
32.087795, 1.670947, 1.668530, -0.002417,
32.098142, 1.678198, 1.670142, -0.008057,
32.108578, 1.676587, 1.661279, -0.015308,
32.118908, 1.673364, 1.679810, 0.006445,
32.129013, 1.678198, 1.678198, 0.000000,
32.139357, 1.677393, 1.666113, -0.011279,
32.149770, 1.668530, 1.669336, 0.000806,
32.159822, 1.677393, 1.633081, -0.044312,
32.170150, 1.674170, 1.668530, -0.005640,
32.180577, 1.674976, 1.679004, 0.004028,
32.190700, 1.676587, 1.650000, -0.026587,
32.201142, 1.677393, 1.699145, 0.021753,
32.211248, 1.669336, 1.662891, -0.006445,
32.221580, 1.666113, 1.664502, -0.001611,
32.232142, 1.672559, 1.644360, -0.028198,
32.242574, 1.670947, 1.643555, -0.027393,
32.253012, 1.670142, 1.673364, 0.003223,
32.263188, 1.677393, 1.662085, -0.015308,
32.273465, 1.677393, 1.664502, -0.012891,
32.283809, 1.674170, 1.670142, -0.004028,
32.294141, 1.673364, 1.658862, -0.014502,
32.304588, 1.673364, 1.666919, -0.006445,
32.314915, 1.678198, 1.664502, -0.013696,
32.325365, 1.666113, 1.647583, -0.018530,
32.335911, 1.661279, 1.658057, -0.003223,
32.346254, 1.662891, 1.662085, -0.000806,
32.356707, 1.658862, 1.662085, 0.003223,
32.366795, 1.656445, 1.658862, 0.002417,
32.377010, 1.654834, 1.643555, -0.011279,
32.387366, 1.662891, 1.662085, -0.000806,
32.397697, 1.662891, 1.662891, 0.000000,
32.407786, 1.664502, 1.664502, 0.000000,
32.417800, 1.666919, 1.673364, 0.006445,
32.428017, 1.666113, 1.650806, -0.015308,
32.438577, 1.666919, 1.632275, -0.034644,
32.448917, 1.670142, 1.676587, 0.006445,
32.459034, 1.666919, 1.654834, -0.012085,
32.469363, 1.662891, 1.640332, -0.022559,
32.479804, 1.665308, 1.658057, -0.007251,
32.490147, 1.668530, 1.653223, -0.015308,
32.500583, 1.666113, 1.674170, 0.008057,
32.510697, 1.669336, 1.656445, -0.012891,
32.521018, 1.668530, 1.647583, -0.020947,
32.531579, 1.666919, 1.658057, -0.008862,
32.542012, 1.664502, 1.654834, -0.009668,
32.552458, 1.664502, 1.670142, 0.005640,
32.562515, 1.666113, 1.657251, -0.008862,
32.572792, 1.665308, 1.656445, -0.008862,
32.583145, 1.676587, 1.673364, -0.003223,
32.593462, 1.669336, 1.640332, -0.029004,
32.603795, 1.664502, 1.664502, 0.000000,
32.613795, 1.665308, 1.670947, 0.005640,
32.623911, 1.665308, 1.660474, -0.004834,
32.634477, 1.670142, 1.658862, -0.011279,
32.644806, 1.679810, 1.681421, 0.001611,
32.655013, 1.677393, 1.668530, -0.008862,
32.665368, 1.677393, 1.662891, -0.014502,
32.675797, 1.678198, 1.633887, -0.044312,
32.686180, 1.679810, 1.687866, 0.008057,
32.696244, 1.673364, 1.662891, -0.010474,
32.706699, 1.679004, 1.649194, -0.029809,
32.717011, 1.679004, 1.673364, -0.005640,
32.727461, 1.669336, 1.683838, 0.014502,
32.737693, 1.677393, 1.654834, -0.022559,
32.748029, 1.673364, 1.670142, -0.003223,
32.758472, 1.670947, 1.662891, -0.008057,
32.768813, 1.674170, 1.658862, -0.015308,
32.779251, 1.668530, 1.670142, 0.001611,
32.789366, 1.677393, 1.678198, 0.000806,
32.799548, 1.674976, 1.670142, -0.004834,
32.809800, 1.676587, 1.676587, 0.000000,
32.819830, 1.674170, 1.677393, 0.003223,
32.830015, 1.673364, 1.690283, 0.016919,
32.840358, 1.674170, 1.669336, -0.004834,
32.850793, 1.672559, 1.657251, -0.015308,
32.861183, 1.673364, 1.656445, -0.016919,
32.871469, 1.669336, 1.682227, 0.012891,
32.881600, 1.672559, 1.679004, 0.006445,
32.891697, 1.670142, 1.657251, -0.012891,
32.902140, 1.674170, 1.670142, -0.004028,
32.912471, 1.674976, 1.664502, -0.010474,
32.922716, 1.672559, 1.657251, -0.015308,
32.933248, 1.673364, 1.686255, 0.012891,
32.943473, 1.677393, 1.658862, -0.018530,
32.953921, 1.669336, 1.666113, -0.003223,
32.964350, 1.674170, 1.664502, -0.009668,
32.974771, 1.670142, 1.666113, -0.004028,
32.985012, 1.665308, 1.665308, 0.000000,
32.995017, 1.662891, 1.662085, -0.000806,
33.005463, 1.662085, 1.679004, 0.016919,
33.015564, 1.653223, 1.678198, 0.024976,
33.025692, 1.662891, 1.669336, 0.006445,
33.035941, 1.664502, 1.662085, -0.002417,
33.046247, 1.665308, 1.660474, -0.004834,
33.056697, 1.665308, 1.658057, -0.007251,
33.067110, 1.670142, 1.670142, 0.000000,
33.077268, 1.665308, 1.666919, 0.001611,
33.087369, 1.660474, 1.665308, 0.004834,
33.097469, 1.665308, 1.666919, 0.001611,
33.107578, 1.662085, 1.666113, 0.004028,
33.117699, 1.668530, 1.672559, 0.004028,
33.127917, 1.670947, 1.673364, 0.002417,
33.138248, 1.666113, 1.656445, -0.009668,
33.148587, 1.668530, 1.662891, -0.005640,
33.158923, 1.668530, 1.654834, -0.013696,
33.169254, 1.661279, 1.662891, 0.001611,
33.179466, 1.664502, 1.677393, 0.012891,
33.189579, 1.664502, 1.658862, -0.005640,
33.199998, 1.669336, 1.666113, -0.003223,
33.210374, 1.666113, 1.665308, -0.000806,
33.220695, 1.670142, 1.654834, -0.015308,
33.231230, 1.670142, 1.662085, -0.008057,
33.241578, 1.661279, 1.654834, -0.006445,
33.252013, 1.669336, 1.670947, 0.001611,
33.262183, 1.664502, 1.665308, 0.000806,
33.272248, 1.664502, 1.662085, -0.002417,
33.282698, 1.665308, 1.672559, 0.007251,
33.292803, 1.679810, 1.677393, -0.002417,
33.303199, 1.679004, 1.676587, -0.002417,
33.313474, 1.677393, 1.654834, -0.022559,
33.323805, 1.674976, 1.681421, 0.006445,
33.334017, 1.676587, 1.673364, -0.003223,
33.344481, 1.674976, 1.666919, -0.008057,
33.354916, 1.676587, 1.670947, -0.005640,
33.365246, 1.677393, 1.664502, -0.012891,
33.375687, 1.674170, 1.666919, -0.007251,
33.386018, 1.677393, 1.677393, 0.000000,
33.396032, 1.670947, 1.662891, -0.008057,
33.406486, 1.673364, 1.668530, -0.004834,
33.416797, 1.674976, 1.672559, -0.002417,
33.427240, 1.670947, 1.665308, -0.005640,
33.437703, 1.672559, 1.679810, 0.007251,
33.447800, 1.670947, 1.662085, -0.008862,
33.458148, 1.677393, 1.661279, -0.016113,
33.468482, 1.670947, 1.674170, 0.003223,
33.478696, 1.677393, 1.686255, 0.008862,
33.488804, 1.672559, 1.660474, -0.012085,
33.499230, 1.672559, 1.666919, -0.005640,
33.509575, 1.674976, 1.691895, 0.016919,
33.519696, 1.673364, 1.670947, -0.002417,
33.530159, 1.672559, 1.683032, 0.010474,
33.540366, 1.679004, 1.661279, -0.017725,
33.550800, 1.668530, 1.670142, 0.001611,
33.560916, 1.673364, 1.660474, -0.012891,
33.571256, 1.674170, 1.664502, -0.009668,
33.581703, 1.670142, 1.676587, 0.006445,
33.591813, 1.674170, 1.658862, -0.015308,
33.602269, 1.673364, 1.678198, 0.004834,
33.612366, 1.656445, 1.664502, 0.008057,
33.622469, 1.664502, 1.662891, -0.001611,
33.632922, 1.668530, 1.654834, -0.013696,
33.643360, 1.668530, 1.665308, -0.003223,
33.653803, 1.662891, 1.668530, 0.005640,
33.663949, 1.654028, 1.664502, 0.010474,
33.674101, 1.665308, 1.647583, -0.017725,
33.684366, 1.664502, 1.670947, 0.006445,
33.694468, 1.664502, 1.645166, -0.019336,
33.704809, 1.666919, 1.666113, -0.000806,
33.715147, 1.668530, 1.664502, -0.004028,
33.725580, 1.669336, 1.658862, -0.010474,
33.736140, 1.666113, 1.666113, 0.000000,
33.746258, 1.668530, 1.649194, -0.019336,
33.756699, 1.668530, 1.670142, 0.001611,
33.766801, 1.670142, 1.670947, 0.000806,
33.777010, 1.670142, 1.654834, -0.015308,
33.787368, 1.662891, 1.654834, -0.008057,
33.797697, 1.662891, 1.670142, 0.007251,
33.807922, 1.670142, 1.649194, -0.020947,
33.818250, 1.658862, 1.674170, 0.015308,
33.828469, 1.668530, 1.662891, -0.005640,
33.838914, 1.664502, 1.652417, -0.012085,
33.849349, 1.662891, 1.677393, 0.014502,
33.859402, 1.665308, 1.665308, 0.000000,
33.869475, 1.669336, 1.673364, 0.004028,
33.879699, 1.668530, 1.658057, -0.010474,
33.890029, 1.666113, 1.662085, -0.004028,
33.900420, 1.654834, 1.662085, 0.007251,
33.910473, 1.666113, 1.654028, -0.012085,
33.920796, 1.670142, 1.654834, -0.015308,
33.931310, 1.679004, 1.666919, -0.012085,
33.941703, 1.670142, 1.662085, -0.008057,
33.952151, 1.678198, 1.666919, -0.011279,
33.962546, 1.679004, 1.695923, 0.016919,
33.972592, 1.677393, 1.664502, -0.012891,
33.983031, 1.679004, 1.665308, -0.013696,
33.993372, 1.673364, 1.658862, -0.014502,
34.003802, 1.673364, 1.657251, -0.016113,
34.014149, 1.676587, 1.665308, -0.011279,
34.024570, 1.679004, 1.661279, -0.017725,
34.035074, 1.673364, 1.665308, -0.008057,
34.045364, 1.677393, 1.664502, -0.012891,
34.055800, 1.672559, 1.670142, -0.002417,
34.066211, 1.674976, 1.662085, -0.012891,
34.076575, 1.670947, 1.644360, -0.026587,
34.086907, 1.673364, 1.666919, -0.006445,
34.097238, 1.670947, 1.685449, 0.014502,
34.107474, 1.666113, 1.660474, -0.005640,
34.117795, 1.672559, 1.654834, -0.017725,
34.128181, 1.673364, 1.662085, -0.011279,
34.138798, 1.674976, 1.661279, -0.013696,
34.149235, 1.677393, 1.662891, -0.014502,
34.159590, 1.679810, 1.668530, -0.011279,
34.169922, 1.673364, 1.666919, -0.006445,
34.180354, 1.666113, 1.677393, 0.011279,
34.190477, 1.677393, 1.657251, -0.020142,
34.200908, 1.672559, 1.683838, 0.011279,
34.210938, 1.673364, 1.678198, 0.004834,
34.221032, 1.672559, 1.672559, 0.000000,
34.231234, 1.676587, 1.654028, -0.022559,
34.241701, 1.670142, 1.649194, -0.020947,
34.252150, 1.658057, 1.666113, 0.008057,
34.262306, 1.654028, 1.637109, -0.016919,
34.272586, 1.666919, 1.657251, -0.009668,
34.282915, 1.657251, 1.633887, -0.023364,
34.293284, 1.658057, 1.677393, 0.019336,
34.303469, 1.665308, 1.666113, 0.000806,
34.313479, 1.662085, 1.666919, 0.004834,
34.323585, 1.662891, 1.654028, -0.008862,
34.334106, 1.661279, 1.662085, 0.000806,
34.344254, 1.661279, 1.668530, 0.007251,
34.354480, 1.664502, 1.658057, -0.006445,
34.364806, 1.669336, 1.673364, 0.004028,
34.375000, 1.665308, 1.637915, -0.027393,
34.385270, 1.664502, 1.687060, 0.022559,
34.395366, 1.666113, 1.662085, -0.004028,
34.405793, 1.669336, 1.654834, -0.014502,
34.416106, 1.666113, 1.648389, -0.017725,
34.426467, 1.668530, 1.654834, -0.013696,
34.436919, 1.668530, 1.639526, -0.029004,
34.447262, 1.668530, 1.654834, -0.013696,
34.457707, 1.668530, 1.664502, -0.004028,
34.468036, 1.669336, 1.686255, 0.016919,
34.478258, 1.668530, 1.662891, -0.005640,
34.488584, 1.668530, 1.654834, -0.013696,
34.498835, 1.666113, 1.665308, -0.000806,
34.509147, 1.668530, 1.662085, -0.006445,
34.519493, 1.668530, 1.674170, 0.005640,
34.529706, 1.664502, 1.672559, 0.008057,
34.540031, 1.662891, 1.650806, -0.012085,
34.550448, 1.669336, 1.668530, -0.000806,
34.560708, 1.664502, 1.672559, 0.008057,
34.570803, 1.678198, 1.666113, -0.012085,
34.581184, 1.677393, 1.662085, -0.015308,
34.591472, 1.673364, 1.664502, -0.008862,
34.601843, 1.682227, 1.681421, -0.000806,
34.612147, 1.677393, 1.673364, -0.004028,
34.622480, 1.666919, 1.673364, 0.006445,
34.632803, 1.674976, 1.657251, -0.017725,
34.643239, 1.665308, 1.666113, 0.000806,
34.653506, 1.674170, 1.678198, 0.004028,
34.663645, 1.673364, 1.648389, -0.024976,
34.673923, 1.677393, 1.666919, -0.010474,
34.684252, 1.670142, 1.679810, 0.009668,
34.694369, 1.677393, 1.678198, 0.000806,
34.704585, 1.673364, 1.658862, -0.014502,
34.714921, 1.670947, 1.662085, -0.008862,
34.725365, 1.673364, 1.658057, -0.015308,
34.735918, 1.670142, 1.661279, -0.008862,
34.746253, 1.670947, 1.661279, -0.009668,
34.756705, 1.670947, 1.654028, -0.016919,
34.767038, 1.677393, 1.683032, 0.005640,
34.777247, 1.676587, 1.679810, 0.003223,
34.787371, 1.676587, 1.645972, -0.030615,
34.797705, 1.674170, 1.666113, -0.008057,
34.808147, 1.674976, 1.679004, 0.004028,
34.818256, 1.677393, 1.674976, -0.002417,
34.828705, 1.674976, 1.661279, -0.013696,
34.839244, 1.674170, 1.668530, -0.005640,
34.849706, 1.674976, 1.704785, 0.029810,
34.859806, 1.674976, 1.670947, -0.004028,
34.870153, 1.677393, 1.664502, -0.012891,
34.880588, 1.672559, 1.664502, -0.008057,
34.890925, 1.674976, 1.674976, 0.000000,
34.901036, 1.661279, 1.669336, 0.008057,
34.911160, 1.668530, 1.665308, -0.003223,
34.921483, 1.664502, 1.633081, -0.031421,
34.931923, 1.665308, 1.662085, -0.003223,
34.942363, 1.665308, 1.662085, -0.003223,
34.952801, 1.666113, 1.674976, 0.008862,
34.962976, 1.666113, 1.666113, 0.000000,
34.973032, 1.666113, 1.653223, -0.012891,
34.983402, 1.666113, 1.674976, 0.008862,
34.993471, 1.664502, 1.678198, 0.013696,
35.003584, 1.665308, 1.639526, -0.025781,
35.013920, 1.668530, 1.660474, -0.008057,
35.024293, 1.664502, 1.660474, -0.004028,
35.034798, 1.666113, 1.677393, 0.011279,
35.044938, 1.666113, 1.654834, -0.011279,
35.049661, 1.666113, 1.669336, 0.003223,
35.056579, 1.666919, 1.658057, -0.008862,
35.066795, 1.670142, 1.683032, 0.012891,
35.076929, 1.669336, 1.660474, -0.008862,
35.087258, 1.668530, 1.676587, 0.008057,
35.097374, 1.664502, 1.670947, 0.006445,
35.107503, 1.662891, 1.661279, -0.001611,
35.117803, 1.668530, 1.652417, -0.016113,
35.128254, 1.666113, 1.653223, -0.012891,
35.138804, 1.668530, 1.665308, -0.003223,
35.149243, 1.664502, 1.664502, 0.000000,
35.159247, 1.669336, 1.662891, -0.006445,
35.169589, 1.665308, 1.674170, 0.008862,
35.179806, 1.670142, 1.654834, -0.015308,
35.190159, 1.666113, 1.662085, -0.004028,
35.200588, 1.666919, 1.669336, 0.002417,
35.210713, 1.679004, 1.666113, -0.012891,
35.221036, 1.674170, 1.677393, 0.003223,
35.231370, 1.670142, 1.677393, 0.007251,
35.241603, 1.678198, 1.658057, -0.020142,
35.252016, 1.674170, 1.683032, 0.008862,
35.262124, 1.674976, 1.654028, -0.020947,
35.272395, 1.674976, 1.666919, -0.008057,
35.282808, 1.676587, 1.665308, -0.011279,
35.293161, 1.674976, 1.682227, 0.007251,
35.303372, 1.676587, 1.654834, -0.021753,
35.313706, 1.674976, 1.666113, -0.008862,
35.324110, 1.668530, 1.660474, -0.008057,
35.334580, 1.678198, 1.674170, -0.004028,
35.344936, 1.674976, 1.674170, -0.000806,
35.355365, 1.670142, 1.647583, -0.022559,
35.365720, 1.673364, 1.678198, 0.004834,
35.375919, 1.677393, 1.676587, -0.000806,
35.386253, 1.676587, 1.641943, -0.034644,
35.396587, 1.670142, 1.673364, 0.003223,
35.406809, 1.674170, 1.668530, -0.005640,
35.417163, 1.677393, 1.687866, 0.010474,
35.427366, 1.664502, 1.664502, 0.000000,
35.437600, 1.674976, 1.658862, -0.016113,
35.447921, 1.669336, 1.662891, -0.006445,
35.458365, 1.674170, 1.648389, -0.025781,
35.468711, 1.678198, 1.687866, 0.009668,
35.478924, 1.672559, 1.676587, 0.004028,
35.489040, 1.674170, 1.657251, -0.016919,
35.499461, 1.677393, 1.670142, -0.007251,
35.509812, 1.674170, 1.685449, 0.011279,
35.519929, 1.677393, 1.666113, -0.011279,
35.530393, 1.662085, 1.650000, -0.012085,
35.540805, 1.666919, 1.666919, 0.000000,
35.551042, 1.656445, 1.665308, 0.008862,
35.561198, 1.658057, 1.664502, 0.006445,
35.571263, 1.665308, 1.662085, -0.003223,
35.581711, 1.666113, 1.648389, -0.017725,
35.592037, 1.666113, 1.677393, 0.011279,
35.602250, 1.666113, 1.662891, -0.003223,
35.612600, 1.666113, 1.662085, -0.004028,
35.622924, 1.669336, 1.645166, -0.024170,
35.633400, 1.666113, 1.668530, 0.002417,
35.643594, 1.662085, 1.665308, 0.003223,
35.653793, 1.662085, 1.679810, 0.017725,
35.663925, 1.664502, 1.668530, 0.004028,
35.674114, 1.662891, 1.666113, 0.003223,
35.684155, 1.664502, 1.662891, -0.001611,
35.694478, 1.669336, 1.658862, -0.010474,
35.704917, 1.669336, 1.660474, -0.008862,
35.715262, 1.669336, 1.662891, -0.006445,
35.725702, 1.665308, 1.658057, -0.007251,
35.736189, 1.670142, 1.668530, -0.001611,
35.746474, 1.666919, 1.658862, -0.008057,
35.756811, 1.670142, 1.654834, -0.015308,
35.767155, 1.664502, 1.683032, 0.018530,
35.777372, 1.670142, 1.654834, -0.015308,
35.787711, 1.669336, 1.662891, -0.006445,
35.798036, 1.670947, 1.661279, -0.009668,
35.808371, 1.662085, 1.658862, -0.003223,
35.818712, 1.672559, 1.678198, 0.005640,
35.828928, 1.668530, 1.662085, -0.006445,
35.839468, 1.664502, 1.670947, 0.006445,
35.849715, 1.677393, 1.678198, 0.000806,
35.859806, 1.678198, 1.679004, 0.000806,
35.869920, 1.677393, 1.673364, -0.004028,
35.880255, 1.674976, 1.660474, -0.014502,
35.890599, 1.674976, 1.673364, -0.001611,
35.901035, 1.669336, 1.679810, 0.010474,
35.911165, 1.674170, 1.670947, -0.003223,
35.921476, 1.677393, 1.670142, -0.007251,
35.931933, 1.678198, 1.666919, -0.011279,
35.942372, 1.678198, 1.637109, -0.041089,
35.952814, 1.678198, 1.670947, -0.007251,
35.963253, 1.673364, 1.641138, -0.032227,
35.973600, 1.673364, 1.664502, -0.008862,
35.983924, 1.679004, 1.679810, 0.000806,
35.994047, 1.669336, 1.672559, 0.003223,
36.004259, 1.676587, 1.666919, -0.009668,
36.014596, 1.681421, 1.683032, 0.001611,
36.024782, 1.677393, 1.661279, -0.016113,
36.035376, 1.670947, 1.677393, 0.006445,
36.045471, 1.668530, 1.662891, -0.005640,
36.055812, 1.674170, 1.637109, -0.037060,
36.066154, 1.677393, 1.662085, -0.015308,
36.076586, 1.673364, 1.664502, -0.008862,
36.086924, 1.672559, 1.668530, -0.004028,
36.097258, 1.670142, 1.654834, -0.015308,
36.107704, 1.668530, 1.654834, -0.013696,
36.118047, 1.672559, 1.670142, -0.002417,
36.128480, 1.677393, 1.676587, -0.000806,
36.139047, 1.670947, 1.670142, -0.000806,
36.149471, 1.670142, 1.674976, 0.004834,
36.159550, 1.674976, 1.674976, 0.000000,
36.169712, 1.656445, 1.668530, 0.012085,
36.179935, 1.662085, 1.645972, -0.016113,
36.190260, 1.662891, 1.666919, 0.004028,
36.200456, 1.664502, 1.681421, 0.016919,
36.210478, 1.660474, 1.665308, 0.004834,
36.220557, 1.665308, 1.670947, 0.005640,
36.230782, 1.666919, 1.662085, -0.004834,
36.241162, 1.668530, 1.658862, -0.009668,
36.251584, 1.666113, 1.678198, 0.012085,
36.261743, 1.657251, 1.656445, -0.000806,
36.272034, 1.665308, 1.677393, 0.012085,
36.282259, 1.666919, 1.665308, -0.001611,
36.292601, 1.668530, 1.666919, -0.001611,
36.303035, 1.668530, 1.654834, -0.013696,
36.313371, 1.665308, 1.662891, -0.002417,
36.323711, 1.665308, 1.670947, 0.005640,
36.333928, 1.673364, 1.644360, -0.029004,
36.344261, 1.666919, 1.664502, -0.002417,
36.354723, 1.662085, 1.664502, 0.002417,
36.364821, 1.666113, 1.640332, -0.025781,
36.375236, 1.669336, 1.665308, -0.004028,
36.385489, 1.668530, 1.673364, 0.004834,
36.395495, 1.666919, 1.657251, -0.009668,
36.405926, 1.670142, 1.669336, -0.000806,
36.416262, 1.668530, 1.669336, 0.000806,
36.426475, 1.670142, 1.666113, -0.004028,
36.436935, 1.672559, 1.662085, -0.010474,
36.447261, 1.660474, 1.658862, -0.001611,
36.457717, 1.669336, 1.665308, -0.004028,
36.468040, 1.668530, 1.670142, 0.001611,
36.478262, 1.665308, 1.658862, -0.006445,
36.488602, 1.683032, 1.662085, -0.020947,
36.498934, 1.674170, 1.666919, -0.007251,
36.509262, 1.679004, 1.686255, 0.007251,
36.519377, 1.677393, 1.677393, 0.000000,
36.529485, 1.666919, 1.664502, -0.002417,
36.539922, 1.677393, 1.650806, -0.026587,
36.550376, 1.677393, 1.674170, -0.003223,
36.560709, 1.677393, 1.647583, -0.029810,
36.571042, 1.670142, 1.679004, 0.008862,
36.581176, 1.674170, 1.681421, 0.007251,
36.591269, 1.677393, 1.664502, -0.012891,
36.601719, 1.676587, 1.679004, 0.002417,
36.611820, 1.676587, 1.656445, -0.020142,
36.622160, 1.664502, 1.647583, -0.016919,
36.632718, 1.674976, 1.664502, -0.010474,
36.643160, 1.670142, 1.661279, -0.008862,
36.653594, 1.674170, 1.673364, -0.000806,
36.663935, 1.678198, 1.641943, -0.036255,
36.674350, 1.674976, 1.657251, -0.017725,
36.684709, 1.670142, 1.674170, 0.004028,
36.694807, 1.677393, 1.650806, -0.026587,
36.705260, 1.677393, 1.666113, -0.011279,
36.715595, 1.673364, 1.674170, 0.000806,
36.725808, 1.676587, 1.664502, -0.012085,
36.736371, 1.677393, 1.666919, -0.010474,
36.746714, 1.670947, 1.668530, -0.002417,
36.757157, 1.669336, 1.669336, 0.000000,
36.767266, 1.677393, 1.679004, 0.001611,
36.777472, 1.672559, 1.660474, -0.012085,
36.787756, 1.673364, 1.654834, -0.018530,
36.798041, 1.674976, 1.661279, -0.013696,
36.808378, 1.677393, 1.665308, -0.012085,
36.818724, 1.668530, 1.662891, -0.005640,
36.829163, 1.664502, 1.650806, -0.013696,
36.839710, 1.656445, 1.660474, 0.004028,
36.849930, 1.662891, 1.670947, 0.008057,
36.860042, 1.670142, 1.665308, -0.004834,
36.870377, 1.666919, 1.662085, -0.004834,
36.880818, 1.670142, 1.658057, -0.012085,
36.891160, 1.662085, 1.658057, -0.004028,
36.901586, 1.662085, 1.677393, 0.015308,
36.911707, 1.662891, 1.669336, 0.006445,
36.921812, 1.657251, 1.662891, 0.005640,
36.932154, 1.665308, 1.664502, -0.000806,
36.942602, 1.668530, 1.670142, 0.001611,
36.952813, 1.666113, 1.664502, -0.001611,
36.963205, 1.664502, 1.662085, -0.002417,
36.973480, 1.666113, 1.658057, -0.008057,
36.983814, 1.664502, 1.666919, 0.002417,
36.993932, 1.657251, 1.654834, -0.002417,
37.004383, 1.666113, 1.661279, -0.004834,
37.014715, 1.670142, 1.657251, -0.012891,
37.025159, 1.666113, 1.666113, 0.000000,
37.035447, 1.670947, 1.674170, 0.003223,
37.045567, 1.665308, 1.662891, -0.002417,
37.055931, 1.665308, 1.645972, -0.019336,
37.066281, 1.669336, 1.669336, 0.000000,
37.076505, 1.665308, 1.664502, -0.000806,
37.086816, 1.665308, 1.654028, -0.011279,
37.097161, 1.662085, 1.654834, -0.007251,
37.107515, 1.670947, 1.664502, -0.006445,
37.117820, 1.666113, 1.670142, 0.004028,
37.128045, 1.673364, 1.678198, 0.004834,
37.138368, 1.673364, 1.666113, -0.007251,
37.148711, 1.674976, 1.658057, -0.016919,
37.159050, 1.679810, 1.657251, -0.022559,
37.169368, 1.674976, 1.669336, -0.005640,
37.179807, 1.672559, 1.666113, -0.006445,
37.190165, 1.678198, 1.670947, -0.007251,
37.200593, 1.668530, 1.686255, 0.017725,
37.210707, 1.674170, 1.665308, -0.008862,
37.221038, 1.677393, 1.656445, -0.020947,
37.231456, 1.668530, 1.674170, 0.005640,
37.241600, 1.677393, 1.664502, -0.012891,
37.252032, 1.670142, 1.665308, -0.004834,
37.262349, 1.674170, 1.656445, -0.017725,
37.272609, 1.669336, 1.656445, -0.012891,
37.282938, 1.670947, 1.674976, 0.004028,
37.293050, 1.677393, 1.664502, -0.012891,
37.303490, 1.673364, 1.670947, -0.002417,
37.313814, 1.677393, 1.670947, -0.006445,
37.324255, 1.677393, 1.666919, -0.010474,
37.334806, 1.677393, 1.676587, -0.000806,
37.345168, 1.677393, 1.654834, -0.022559,
37.355601, 1.666919, 1.674170, 0.007251,
37.365714, 1.672559, 1.670947, -0.001611,
37.376149, 1.665308, 1.640332, -0.024976,
37.386493, 1.665308, 1.662085, -0.003223,
37.396819, 1.670947, 1.662891, -0.008057,
37.407158, 1.678198, 1.650000, -0.028198,
37.417490, 1.665308, 1.677393, 0.012085,
37.427599, 1.676587, 1.662085, -0.014502,
37.438160, 1.670142, 1.661279, -0.008862,
37.448500, 1.657251, 1.666919, 0.009668,
37.458602, 1.665308, 1.632275, -0.033032,
37.468956, 1.654028, 1.669336, 0.015308,
37.479164, 1.662891, 1.674170, 0.011279,
37.489268, 1.666113, 1.658057, -0.008057,
37.499709, 1.660474, 1.677393, 0.016919,
37.509825, 1.662891, 1.666919, 0.004028,
37.519934, 1.662085, 1.676587, 0.014502,
37.530222, 1.658862, 1.673364, 0.014502,
37.540482, 1.666919, 1.658862, -0.008057,
37.550914, 1.660474, 1.674976, 0.014502,
37.560935, 1.665308, 1.660474, -0.004834,
37.571268, 1.666919, 1.640332, -0.026587,
37.581710, 1.666113, 1.661279, -0.004834,
37.592042, 1.666919, 1.653223, -0.013696,
37.602486, 1.662085, 1.687866, 0.025781,
37.612595, 1.664502, 1.662891, -0.001611,
37.622935, 1.670947, 1.656445, -0.014502,
37.633400, 1.662085, 1.664502, 0.002417,
37.643600, 1.668530, 1.670142, 0.001611,
37.653814, 1.662891, 1.673364, 0.010474,
37.663944, 1.662085, 1.676587, 0.014502,
37.674117, 1.666919, 1.662891, -0.004028,
37.684388, 1.664502, 1.666113, 0.001611,
37.694488, 1.670142, 1.658057, -0.012085,
37.704933, 1.666113, 1.668530, 0.002417,
37.715043, 1.670947, 1.665308, -0.005640,
37.725455, 1.668530, 1.650000, -0.018530,
37.735928, 1.669336, 1.666113, -0.003223,
37.746266, 1.668530, 1.674170, 0.005640,
37.756476, 1.666113, 1.662085, -0.004028,
37.766824, 1.682227, 1.641943, -0.040283,
37.777260, 1.679004, 1.669336, -0.009668,
37.787605, 1.678198, 1.662085, -0.016113,
37.797962, 1.674170, 1.658057, -0.016113,
37.808378, 1.679004, 1.660474, -0.018530,
37.818720, 1.668530, 1.679810, 0.011279,
37.828935, 1.674976, 1.670142, -0.004834,
37.839455, 1.672559, 1.665308, -0.007251,
37.849799, 1.669336, 1.665308, -0.004028,
37.860059, 1.674170, 1.670142, -0.004028,
37.870379, 1.677393, 1.656445, -0.020947,
37.880816, 1.677393, 1.664502, -0.012891,
37.891169, 1.670947, 1.662891, -0.008057,
37.901596, 1.676587, 1.673364, -0.003223,
37.911906, 1.674170, 1.656445, -0.017725,
37.922165, 1.677393, 1.666919, -0.010474,
37.932702, 1.674976, 1.658057, -0.016919,
37.943152, 1.674170, 1.641138, -0.033032,
37.953615, 1.673364, 1.674976, 0.001611,
37.963732, 1.670142, 1.683838, 0.013696,
37.973822, 1.674170, 1.674170, 0.000000,
37.983935, 1.670142, 1.665308, -0.004834,
37.994263, 1.678198, 1.674170, -0.004028,
38.004720, 1.673364, 1.662891, -0.010474,
38.015053, 1.674170, 1.666919, -0.007251,
38.025441, 1.678198, 1.665308, -0.012891,
38.035939, 1.664502, 1.662085, -0.002417,
38.046270, 1.670142, 1.647583, -0.022559,
38.056714, 1.670947, 1.660474, -0.010474,
38.067050, 1.677393, 1.670947, -0.006445,
38.077476, 1.666113, 1.670142, 0.004028,
38.087492, 1.654028, 1.648389, -0.005640,
38.097737, 1.662891, 1.656445, -0.006445,
38.108156, 1.654834, 1.658057, 0.003223,
38.118270, 1.662085, 1.668530, 0.006445,
38.128488, 1.660474, 1.650000, -0.010474,
38.139049, 1.662085, 1.635498, -0.026587,
38.149473, 1.665308, 1.662085, -0.003223,
38.159716, 1.668530, 1.654028, -0.014502,
38.170050, 1.664502, 1.647583, -0.016919,
38.180485, 1.666919, 1.658057, -0.008862,
38.190736, 1.665308, 1.665308, 0.000000,
38.200936, 1.668530, 1.691089, 0.022559,
38.211052, 1.668530, 1.629858, -0.038672,
38.221385, 1.658862, 1.649194, -0.009668,
38.231838, 1.668530, 1.658057, -0.010474,
38.242270, 1.660474, 1.672559, 0.012085,
38.252486, 1.669336, 1.664502, -0.004834,
38.262841, 1.668530, 1.673364, 0.004834,
38.272945, 1.664502, 1.662085, -0.002417,
38.283353, 1.662891, 1.661279, -0.001611,
38.293600, 1.666113, 1.657251, -0.008862,
38.304013, 1.665308, 1.679004, 0.013696,
38.314050, 1.670947, 1.658862, -0.012085,
38.324472, 1.670142, 1.673364, 0.003223,
38.334709, 1.666113, 1.661279, -0.004834,
38.345049, 1.660474, 1.670142, 0.009668,
38.355269, 1.657251, 1.662085, 0.004834,
38.365444, 1.668530, 1.658057, -0.010474,
38.375818, 1.668530, 1.658057, -0.010474,
38.386195, 1.662085, 1.683838, 0.021753,
38.396290, 1.662085, 1.670142, 0.008057,
38.406489, 1.679810, 1.666113, -0.013696,
38.416817, 1.677393, 1.666113, -0.011279,
38.427263, 1.676587, 1.666919, -0.009668,
38.437816, 1.674170, 1.652417, -0.021753,
38.448175, 1.679810, 1.657251, -0.022559,
38.458606, 1.674976, 1.656445, -0.018530,
38.468929, 1.677393, 1.677393, 0.000000,
38.479051, 1.677393, 1.677393, 0.000000,
38.489051, 1.673364, 1.657251, -0.016113,
38.499475, 1.677393, 1.665308, -0.012085,
38.509787, 1.677393, 1.664502, -0.012891,
38.520060, 1.674170, 1.674170, 0.000000,
38.530350, 1.670142, 1.654834, -0.015308,
38.540721, 1.677393, 1.670142, -0.007251,
38.551158, 1.674976, 1.669336, -0.005640,
38.561537, 1.666113, 1.654028, -0.012085,
38.571820, 1.674976, 1.668530, -0.006445,
38.582283, 1.674170, 1.668530, -0.005640,
38.592606, 1.679004, 1.665308, -0.013696,
38.603055, 1.674976, 1.665308, -0.009668,
38.613386, 1.678198, 1.687866, 0.009668,
38.623440, 1.674976, 1.687060, 0.012085,
38.633609, 1.673364, 1.683838, 0.010474,
38.643718, 1.664502, 1.669336, 0.004834,
38.653942, 1.674170, 1.666113, -0.008057,
38.664349, 1.666113, 1.677393, 0.011279,
38.674547, 1.670142, 1.654834, -0.015308,
38.684825, 1.672559, 1.662085, -0.010474,
38.695166, 1.670142, 1.674976, 0.004834,
38.705382, 1.678198, 1.677393, -0.000806,
38.715733, 1.674976, 1.676587, 0.001611,
38.725931, 1.670947, 1.666113, -0.004834,
38.736384, 1.674976, 1.668530, -0.006445,
38.746725, 1.658057, 1.666113, 0.008057,
38.756823, 1.664502, 1.666919, 0.002417,
38.766938, 1.662891, 1.666919, 0.004028,
38.777063, 1.662085, 1.654834, -0.007251,
38.787384, 1.664502, 1.673364, 0.008862,
38.797492, 1.662085, 1.661279, -0.000806,
38.807818, 1.657251, 1.662891, 0.005640,
38.817949, 1.670142, 1.670142, 0.000000,
38.828193, 1.662891, 1.660474, -0.002417,
38.838725, 1.666113, 1.654834, -0.011279,
38.849142, 1.664502, 1.666113, 0.001611,
38.859273, 1.665308, 1.666113, 0.000806,
38.869379, 1.661279, 1.637109, -0.024170,
38.879816, 1.662891, 1.664502, 0.001611,
38.889941, 1.665308, 1.644360, -0.020947,
38.900387, 1.654834, 1.662085, 0.007251,
38.910511, 1.662891, 1.668530, 0.005640,
38.920601, 1.669336, 1.668530, -0.000806,
38.931004, 1.670142, 1.660474, -0.009668,
38.941813, 1.658057, 1.665308, 0.007251,
38.952050, 1.664502, 1.666919, 0.002417,
38.962195, 1.662891, 1.674170, 0.011279,
38.972279, 1.666919, 1.666113, -0.000806,
38.982716, 1.666113, 1.668530, 0.002417,
38.992817, 1.665308, 1.654834, -0.010474,
39.003277, 1.669336, 1.674170, 0.004834,
39.013385, 1.668530, 1.670142, 0.001611,
39.023484, 1.657251, 1.662085, 0.004834,
39.033718, 1.669336, 1.687866, 0.018530,
39.043941, 1.669336, 1.658862, -0.010474,
39.054377, 1.676587, 1.673364, -0.003223,
39.064793, 1.679004, 1.669336, -0.009668,
39.075164, 1.679004, 1.666113, -0.012891,
39.085489, 1.677393, 1.670142, -0.007251,
39.095725, 1.673364, 1.669336, -0.004028,
39.106168, 1.677393, 1.654834, -0.022559,
39.116488, 1.678198, 1.661279, -0.016919,
39.126932, 1.674976, 1.662085, -0.012891,
39.137490, 1.672559, 1.679810, 0.007251,
39.147600, 1.670947, 1.670142, -0.000806,
39.157944, 1.664502, 1.661279, -0.003223,
39.168272, 1.674170, 1.674976, 0.000806,
39.178497, 1.661279, 1.664502, 0.003223,
39.188607, 1.676587, 1.643555, -0.033032,
39.198939, 1.678198, 1.661279, -0.016919,
39.209287, 1.677393, 1.673364, -0.004028,
39.219618, 1.670947, 1.668530, -0.002417,
39.230116, 1.674170, 1.669336, -0.004834,
39.240508, 1.666919, 1.661279, -0.005640,
39.250929, 1.677393, 1.677393, 0.000000,
39.260942, 1.669336, 1.639526, -0.029810,
39.271273, 1.673364, 1.650806, -0.022559,
39.281721, 1.672559, 1.666919, -0.005640,
39.292056, 1.673364, 1.658862, -0.014502,
39.302481, 1.673364, 1.658057, -0.015308,
39.312822, 1.674170, 1.664502, -0.009668,
39.323168, 1.678198, 1.664502, -0.013696,
39.333727, 1.672559, 1.681421, 0.008862,
39.343943, 1.669336, 1.666919, -0.002417,
39.354394, 1.674976, 1.674170, -0.000806,
39.364751, 1.670142, 1.683838, 0.013696,
39.374939, 1.664502, 1.658862, -0.005640,
39.385275, 1.664502, 1.664502, 0.000000,
39.395324, 1.657251, 1.639526, -0.017725,
39.405722, 1.656445, 1.654028, -0.002417,
39.416054, 1.662891, 1.670142, 0.007251,
39.426271, 1.656445, 1.664502, 0.008057,
39.436608, 1.666919, 1.656445, -0.010474,
39.446945, 1.666919, 1.662085, -0.004834,
39.457286, 1.665308, 1.662085, -0.003223,
39.467709, 1.666113, 1.682227, 0.016113,
39.477937, 1.662891, 1.668530, 0.005640,
39.488057, 1.657251, 1.662891, 0.005640,
39.498181, 1.665308, 1.658862, -0.006445,
39.508610, 1.664502, 1.654834, -0.009668,
39.518934, 1.669336, 1.654834, -0.014502,
39.529383, 1.666919, 1.662085, -0.004834,
39.539832, 1.665308, 1.660474, -0.004834,
39.550243, 1.666113, 1.682227, 0.016113,
39.560394, 1.664502, 1.633887, -0.030615,
39.570731, 1.673364, 1.658057, -0.015308,
39.581170, 1.666113, 1.670142, 0.004028,
39.591269, 1.666113, 1.654834, -0.011279,
39.601718, 1.666113, 1.662891, -0.003223,
39.612049, 1.666113, 1.656445, -0.009668,
39.622393, 1.658862, 1.661279, 0.002417,
39.632611, 1.665308, 1.662085, -0.003223,
39.643055, 1.669336, 1.653223, -0.016113,
39.653500, 1.660474, 1.664502, 0.004028,
39.663680, 1.668530, 1.674976, 0.006445,
39.673731, 1.669336, 1.670142, 0.000806,
39.683830, 1.670142, 1.677393, 0.007251,
39.693938, 1.677393, 1.673364, -0.004028,
39.704387, 1.681421, 1.637109, -0.044312,
39.714722, 1.674976, 1.654834, -0.020142,
39.725171, 1.673364, 1.668530, -0.004834,
39.735721, 1.674976, 1.674170, -0.000806,
39.746056, 1.678198, 1.672559, -0.005640,
39.756487, 1.677393, 1.668530, -0.008862,
39.766824, 1.678198, 1.674976, -0.003223,
39.777270, 1.677393, 1.674976, -0.002417,
39.787607, 1.668530, 1.647583, -0.020947,
39.797944, 1.665308, 1.666113, 0.000806,
39.808053, 1.678198, 1.660474, -0.017725,
39.818394, 1.673364, 1.698340, 0.024976,
39.828606, 1.676587, 1.677393, 0.000806,
39.838829, 1.677393, 1.660474, -0.016919,
39.849252, 1.673364, 1.670142, -0.003223,
39.859617, 1.674976, 1.677393, 0.002417,
39.869727, 1.666919, 1.682227, 0.015308,
39.879862, 1.678198, 1.647583, -0.030615,
39.890171, 1.664502, 1.662085, -0.002417,
39.900602, 1.678198, 1.683838, 0.005640,
39.910724, 1.677393, 1.669336, -0.008057,
39.921061, 1.672559, 1.665308, -0.007251,
39.931476, 1.670142, 1.666919, -0.003223,
39.941821, 1.670142, 1.665308, -0.004834,
39.952272, 1.676587, 1.670142, -0.006445,
39.962682, 1.666113, 1.672559, 0.006445,
39.972724, 1.677393, 1.649194, -0.028198,
39.983100, 1.670947, 1.683838, 0.012891,
39.993174, 1.674170, 1.669336, -0.004834,
40.003605, 1.670142, 1.666919, -0.003223,
40.013951, 1.662085, 1.670142, 0.008057,
40.024134, 1.664502, 1.652417, -0.012085,
40.034723, 1.666919, 1.670142, 0.003223,
40.044836, 1.666113, 1.677393, 0.011279,
40.055056, 1.665308, 1.661279, -0.004028,
40.065412, 1.665308, 1.654834, -0.010474,
40.075832, 1.664502, 1.662085, -0.002417,
40.086180, 1.661279, 1.654834, -0.006445,
40.096501, 1.666113, 1.656445, -0.009668,
40.106899, 1.665308, 1.653223, -0.012085,
40.117175, 1.668530, 1.673364, 0.004834,
40.127395, 1.662085, 1.658057, -0.004028,
40.137955, 1.670947, 1.664502, -0.006445,
40.148282, 1.669336, 1.654834, -0.014502,
40.158724, 1.669336, 1.662085, -0.007251,
40.169066, 1.662085, 1.669336, 0.007251,
40.179278, 1.668530, 1.654834, -0.013696,
40.189616, 1.669336, 1.658862, -0.010474,
40.200010, 1.669336, 1.668530, -0.000806,
40.210275, 1.669336, 1.660474, -0.008862,
40.220613, 1.660474, 1.654834, -0.005640,
40.231177, 1.670142, 1.664502, -0.005640,
40.241609, 1.669336, 1.633081, -0.036255,
40.252047, 1.662891, 1.670142, 0.007251,
40.262112, 1.673364, 1.640332, -0.033032,
40.272390, 1.668530, 1.666919, -0.001611,
40.282719, 1.670142, 1.674976, 0.004834,
40.292832, 1.660474, 1.669336, 0.008862,
40.303060, 1.668530, 1.662891, -0.005640,
40.313397, 1.664502, 1.677393, 0.012891,
40.323498, 1.668530, 1.670142, 0.001611,
40.333729, 1.673364, 1.677393, 0.004028,
40.343944, 1.666113, 1.679004, 0.012891,
40.354203, 1.679004, 1.650000, -0.029004,
40.364535, 1.679810, 1.670142, -0.009668,
40.374942, 1.678198, 1.668530, -0.009668,
40.385272, 1.673364, 1.669336, -0.004028,
40.395611, 1.674170, 1.681421, 0.007251,
40.405724, 1.664502, 1.665308, 0.000806,
40.415827, 1.674976, 1.662891, -0.012085,
40.426287, 1.674976, 1.666919, -0.008057,
40.436827, 1.674170, 1.666113, -0.008057,
40.447176, 1.670142, 1.668530, -0.001611,
40.457501, 1.670947, 1.662085, -0.008862,
40.467839, 1.670947, 1.670142, -0.000806,
40.478272, 1.677393, 1.670142, -0.007251,
40.488618, 1.676587, 1.687866, 0.011279,
40.498723, 1.669336, 1.670947, 0.001611,
40.508823, 1.681421, 1.647583, -0.033838,
40.519183, 1.677393, 1.670142, -0.007251,
40.529614, 1.673364, 1.678198, 0.004834,
40.539827, 1.674976, 1.662085, -0.012891,
40.550308, 1.670142, 1.672559, 0.002417,
40.560405, 1.673364, 1.666919, -0.006445,
40.570725, 1.673364, 1.670142, -0.003223,
40.581185, 1.677393, 1.654834, -0.022559,
40.591495, 1.666113, 1.654834, -0.011279,
40.601830, 1.673364, 1.637915, -0.035449,
40.612175, 1.674170, 1.666113, -0.008057,
40.621426, 1.670142, 1.650000, -0.020142,
40.631937, 1.674170, 1.664502, -0.009668,
40.642281, 1.674976, 1.669336, -0.005640,
40.652725, 1.672559, 1.665308, -0.007251,
40.663106, 1.658862, 1.662085, 0.003223,
40.673174, 1.664502, 1.664502, 0.000000,
40.683297, 1.662085, 1.683838, 0.021753,
40.693398, 1.665308, 1.670142, 0.004834,
40.703497, 1.662085, 1.665308, 0.003223,
40.713491, 1.662085, 1.658862, -0.003223,
40.723736, 1.664502, 1.660474, -0.004028,
40.734253, 1.666919, 1.672559, 0.005640,
40.744390, 1.665308, 1.668530, 0.003223,
40.754612, 1.661279, 1.657251, -0.004028,
40.764977, 1.666919, 1.656445, -0.010474,
40.775392, 1.658057, 1.677393, 0.019336,
40.785420, 1.665308, 1.658862, -0.006445,
40.795727, 1.665308, 1.660474, -0.004834,
40.806177, 1.666113, 1.662891, -0.003223,
40.816498, 1.666919, 1.670142, 0.003223,
40.826617, 1.668530, 1.661279, -0.007251,
40.837182, 1.666919, 1.652417, -0.014502,
40.847500, 1.662085, 1.668530, 0.006445,
40.857613, 1.666919, 1.658862, -0.008057,
40.867949, 1.670142, 1.665308, -0.004834,
40.878405, 1.666113, 1.654834, -0.011279,
40.888724, 1.666113, 1.652417, -0.013696,
40.899139, 1.668530, 1.670142, 0.001611,
40.909176, 1.665308, 1.661279, -0.004028,
40.919503, 1.670142, 1.674170, 0.004028,
40.929631, 1.666113, 1.664502, -0.001611,
40.940056, 1.664502, 1.654834, -0.009668,
40.950466, 1.662085, 1.666113, 0.004028,
40.960499, 1.668530, 1.647583, -0.020947,
40.970833, 1.679004, 1.662085, -0.016919,
40.981273, 1.676587, 1.661279, -0.015308,
40.991608, 1.676587, 1.662891, -0.013696,
41.002046, 1.677393, 1.679810, 0.002417,
41.012170, 1.677393, 1.670142, -0.007251,
41.022485, 1.672559, 1.661279, -0.011279,
41.032947, 1.662891, 1.678198, 0.015308,
41.043177, 1.679004, 1.670142, -0.008862,
41.053615, 1.673364, 1.669336, -0.004028,
41.063962, 1.678198, 1.678198, 0.000000,
41.074163, 1.672559, 1.654028, -0.018530,
41.084505, 1.676587, 1.650000, -0.026587,
41.094825, 1.678198, 1.664502, -0.013696,
41.105288, 1.677393, 1.657251, -0.020142,
41.115613, 1.669336, 1.678198, 0.008862,
41.125835, 1.677393, 1.674170, -0.003223,
41.136394, 1.668530, 1.673364, 0.004834,
41.146500, 1.670142, 1.670142, 0.000000,
41.156621, 1.677393, 1.666113, -0.011279,
41.166974, 1.670947, 1.674170, 0.003223,
41.177177, 1.672559, 1.645972, -0.026587,
41.187502, 1.673364, 1.662891, -0.010474,
41.197778, 1.670947, 1.658057, -0.012891,
41.208183, 1.670947, 1.656445, -0.014502,
41.218502, 1.677393, 1.690283, 0.012891,
41.228619, 1.672559, 1.670947, -0.001611,
41.239176, 1.666919, 1.665308, -0.001611,
41.249599, 1.674976, 1.670947, -0.004028,
41.259838, 1.674170, 1.670142, -0.004028,
41.270191, 1.677393, 1.661279, -0.016113,
41.280615, 1.674170, 1.672559, -0.001611,
41.290949, 1.665308, 1.656445, -0.008862,
41.301333, 1.662085, 1.664502, 0.002417,
41.311403, 1.664502, 1.666113, 0.001611,
41.321503, 1.657251, 1.636304, -0.020947,
41.332062, 1.657251, 1.666919, 0.009668,
41.342281, 1.666919, 1.654834, -0.012085,
41.352725, 1.668530, 1.674976, 0.006445,
41.362859, 1.662891, 1.658057, -0.004834,
41.373183, 1.668530, 1.665308, -0.003223,
41.383622, 1.669336, 1.679004, 0.009668,
41.393731, 1.654834, 1.662085, 0.007251,
41.403847, 1.664502, 1.662085, -0.002417,
41.414183, 1.666919, 1.691895, 0.024976,
41.424374, 1.662085, 1.656445, -0.005640,
41.434827, 1.661279, 1.670947, 0.009668,
41.444947, 1.668530, 1.658862, -0.009668,
41.455382, 1.664502, 1.650000, -0.014502,
41.465729, 1.664502, 1.662085, -0.002417,
41.476169, 1.666919, 1.662891, -0.004028,
41.486502, 1.668530, 1.658057, -0.010474,
41.496827, 1.670142, 1.664502, -0.005640,
41.507273, 1.670142, 1.656445, -0.013696,
41.517608, 1.668530, 1.662085, -0.006445,
41.527943, 1.664502, 1.662891, -0.001611,
41.538497, 1.670142, 1.670142, 0.000000,
41.548503, 1.666919, 1.670142, 0.003223,
41.558605, 1.662891, 1.650000, -0.012891,
41.568951, 1.662891, 1.658057, -0.004834,
41.579399, 1.664502, 1.633081, -0.031421,
41.589726, 1.658057, 1.653223, -0.004834,
41.600183, 1.665308, 1.666919, 0.001611,
41.610282, 1.677393, 1.662085, -0.015308,
41.620616, 1.677393, 1.660474, -0.016919,
41.631181, 1.673364, 1.670142, -0.003223,
41.641615, 1.673364, 1.656445, -0.016919,
41.652049, 1.677393, 1.672559, -0.004834,
41.662440, 1.681421, 1.679004, -0.002417,
41.672729, 1.678198, 1.666919, -0.011279,
41.683170, 1.679004, 1.691895, 0.012891,
41.693293, 1.670947, 1.693506, 0.022559,
41.703497, 1.666919, 1.656445, -0.010474,
41.713827, 1.668530, 1.658862, -0.009668,
41.724258, 1.673364, 1.661279, -0.012085,
41.734824, 1.674170, 1.676587, 0.002417,
41.744946, 1.670947, 1.674976, 0.004028,
41.755069, 1.677393, 1.640332, -0.037061,
41.765421, 1.674170, 1.677393, 0.003223,
41.775619, 1.670947, 1.666113, -0.004834,
41.785964, 1.666919, 1.674976, 0.008057,
41.796076, 1.677393, 1.658862, -0.018530,
41.806502, 1.673364, 1.661279, -0.012085,
41.816742, 1.673364, 1.670142, -0.003223,
41.827179, 1.674170, 1.657251, -0.016919,
41.837727, 1.670947, 1.662085, -0.008862,
41.848070, 1.665308, 1.661279, -0.004028,
41.858497, 1.676587, 1.664502, -0.012085,
41.868859, 1.670947, 1.670947, 0.000000,
41.879068, 1.670142, 1.666113, -0.004028,
41.889408, 1.673364, 1.672559, -0.000806,
41.899814, 1.673364, 1.662891, -0.010474,
41.910062, 1.670947, 1.661279, -0.009668,
41.920399, 1.676587, 1.677393, 0.000806,
41.930731, 1.662085, 1.666113, 0.004028,
41.940944, 1.665308, 1.656445, -0.008862,
41.951393, 1.664502, 1.665308, 0.000806,
41.961541, 1.662085, 1.664502, 0.002417,
41.971620, 1.666919, 1.652417, -0.014502,
41.982056, 1.664502, 1.660474, -0.004028,
41.992419, 1.661279, 1.658862, -0.002417,
42.002839, 1.666919, 1.662891, -0.004028,
42.013187, 1.666113, 1.662085, -0.004028,
42.023510, 1.668530, 1.639526, -0.029004,
42.033949, 1.664502, 1.670142, 0.005640,
42.044063, 1.666113, 1.670142, 0.004028,
42.054291, 1.666919, 1.658862, -0.008057,
42.064622, 1.658862, 1.660474, 0.001611,
42.074814, 1.670142, 1.662085, -0.008057,
42.085179, 1.666919, 1.677393, 0.010474,
42.095283, 1.670142, 1.631470, -0.038672,
42.105743, 1.665308, 1.650000, -0.015308,
42.116063, 1.665308, 1.662891, -0.002417,
42.126493, 1.666113, 1.662085, -0.004028,
42.137062, 1.664502, 1.662085, -0.002417,
42.147400, 1.666113, 1.654834, -0.011279,
42.157728, 1.664502, 1.662085, -0.002417,
42.168066, 1.662891, 1.697534, 0.034644,
42.178289, 1.668530, 1.660474, -0.008057,
42.188645, 1.666113, 1.658862, -0.007251,
42.198947, 1.662891, 1.670142, 0.007251,
42.209065, 1.666919, 1.670142, 0.003223,
42.219177, 1.666113, 1.669336, 0.003223,
42.229404, 1.662085, 1.662085, 0.000000,
42.239618, 1.664502, 1.661279, -0.003223,
42.250036, 1.678198, 1.687060, 0.008862,
42.260182, 1.679004, 1.670947, -0.008057,
42.270504, 1.674170, 1.662085, -0.012085,
42.280950, 1.677393, 1.670947, -0.006445,
42.291289, 1.676587, 1.660474, -0.016113,
42.301739, 1.674976, 1.641943, -0.033032,
42.312067, 1.676587, 1.664502, -0.012085,
42.322417, 1.668530, 1.650000, -0.018530,
42.332959, 1.672559, 1.674170, 0.001611,
42.343183, 1.678198, 1.657251, -0.020947,
42.353615, 1.674170, 1.645166, -0.029004,
42.363958, 1.670142, 1.657251, -0.012891,
42.374372, 1.677393, 1.670947, -0.006445,
42.384745, 1.673364, 1.678198, 0.004834,
42.394839, 1.674976, 1.658862, -0.016113,
42.405289, 1.668530, 1.661279, -0.007251,
42.415612, 1.672559, 1.674170, 0.001611,
42.425831, 1.673364, 1.666113, -0.007251,
42.436394, 1.677393, 1.668530, -0.008862,
42.446734, 1.677393, 1.685449, 0.008057,
42.456949, 1.670142, 1.654834, -0.015308,
42.467295, 1.677393, 1.657251, -0.020142,
42.477734, 1.672559, 1.666113, -0.006445,
42.488073, 1.670142, 1.657251, -0.012891,
42.498406, 1.677393, 1.670947, -0.006445,
42.508727, 1.672559, 1.673364, 0.000806,
42.518851, 1.676587, 1.670947, -0.005640,
42.529256, 1.677393, 1.679004, 0.001611,
42.539508, 1.672559, 1.678198, 0.005640,
42.549730, 1.669336, 1.666113, -0.003223,
42.560066, 1.674170, 1.652417, -0.021753,
42.570407, 1.670947, 1.660474, -0.010474,
42.580867, 1.668530, 1.662085, -0.006445,
42.591181, 1.666919, 1.650806, -0.016113,
42.601606, 1.662085, 1.674976, 0.012891,
42.611628, 1.664502, 1.677393, 0.012891,
42.621733, 1.662085, 1.654834, -0.007251,
42.632200, 1.666919, 1.662085, -0.004834,
42.642624, 1.666919, 1.666113, -0.000806,
42.653066, 1.665308, 1.662085, -0.003223,
42.663464, 1.666919, 1.678198, 0.011279,
42.673504, 1.670142, 1.689478, 0.019336,
42.683623, 1.654834, 1.674170, 0.019336,
42.693739, 1.661279, 1.662891, 0.001611,
42.703953, 1.668530, 1.656445, -0.012085,
42.714303, 1.662085, 1.665308, 0.003223,
42.724491, 1.664502, 1.641943, -0.022559,
42.734968, 1.666919, 1.666919, 0.000000,
42.745065, 1.668530, 1.660474, -0.008057,
42.755511, 1.658057, 1.662085, 0.004028,
42.765693, 1.665308, 1.665308, 0.000000,
42.775837, 1.666919, 1.640332, -0.026587,
42.786186, 1.670142, 1.662085, -0.008057,
42.796499, 1.670947, 1.658057, -0.012891,
42.806841, 1.662085, 1.662891, 0.000806,
42.816956, 1.666919, 1.658862, -0.008057,
42.827405, 1.658862, 1.679004, 0.020142,
42.837739, 1.665308, 1.654834, -0.010474,
42.848059, 1.666113, 1.672559, 0.006445,
42.858188, 1.666919, 1.666919, 0.000000,
42.868294, 1.668530, 1.682227, 0.013696,
42.878509, 1.662085, 1.676587, 0.014502,
42.888625, 1.677393, 1.662085, -0.015308,
42.898954, 1.678198, 1.670142, -0.008057,
42.909315, 1.666113, 1.674170, 0.008057,
42.919401, 1.674170, 1.668530, -0.005640,
42.929729, 1.677393, 1.662891, -0.014502,
42.940190, 1.678198, 1.662085, -0.016113,
42.950616, 1.674976, 1.674170, -0.000806,
42.960954, 1.676587, 1.678198, 0.001611,
42.971066, 1.674976, 1.664502, -0.010474,
42.981500, 1.674976, 1.668530, -0.006445,
42.991727, 1.669336, 1.650806, -0.018530,
43.002188, 1.676587, 1.679004, 0.002417,
43.012278, 1.674170, 1.661279, -0.012891,
43.022624, 1.679004, 1.658057, -0.020947,
43.033062, 1.674170, 1.676587, 0.002417,
43.043275, 1.674976, 1.662085, -0.012891,
43.053739, 1.674976, 1.670142, -0.004834,
43.064093, 1.677393, 1.660474, -0.016919,
43.074497, 1.670142, 1.670142, 0.000000,
43.084513, 1.670142, 1.678198, 0.008057,
43.094620, 1.674170, 1.664502, -0.009668,
43.104965, 1.674170, 1.652417, -0.021753,
43.115294, 1.678198, 1.670142, -0.008057,
43.125730, 1.674170, 1.658862, -0.015308,
43.136296, 1.674170, 1.679810, 0.005640,
43.146422, 1.678198, 1.670947, -0.007251,
43.156841, 1.670142, 1.677393, 0.007251,
43.167039, 1.672559, 1.678198, 0.005640,
43.177182, 1.664502, 1.677393, 0.012891,
43.187282, 1.678198, 1.674170, -0.004028,
43.197630, 1.674170, 1.666113, -0.008057,
43.207948, 1.662085, 1.654834, -0.007251,
43.218289, 1.660474, 1.662891, 0.002417,
43.228506, 1.664502, 1.654028, -0.010474,
43.238985, 1.661279, 1.648389, -0.012891,
43.249374, 1.664502, 1.674976, 0.010474,
43.259399, 1.662891, 1.657251, -0.005640,
43.269732, 1.665308, 1.628247, -0.037061,
43.280184, 1.662891, 1.664502, 0.001611,
43.290322, 1.665308, 1.664502, -0.000806,
43.300729, 1.660474, 1.676587, 0.016113,
43.310849, 1.668530, 1.657251, -0.011279,
43.321195, 1.674170, 1.672559, -0.001611,
43.331730, 1.664502, 1.662891, -0.001611,
43.342187, 1.666919, 1.657251, -0.009668,
43.352624, 1.661279, 1.662891, 0.001611,
43.362771, 1.665308, 1.657251, -0.008057,
43.373060, 1.662085, 1.670142, 0.008057,
43.383187, 1.670142, 1.666919, -0.003223,
43.393504, 1.665308, 1.658057, -0.007251,
43.403845, 1.668530, 1.669336, 0.000806,
43.413956, 1.662891, 1.660474, -0.002417,
43.424372, 1.664502, 1.654834, -0.009668,
43.434851, 1.670142, 1.690283, 0.020142,
43.444955, 1.666113, 1.678198, 0.012085,
43.455182, 1.666113, 1.658057, -0.008057,
43.465589, 1.661279, 1.665308, 0.004028,
43.475729, 1.666113, 1.650000, -0.016113,
43.486069, 1.668530, 1.670142, 0.001611,
43.496193, 1.670947, 1.657251, -0.013696,
43.506621, 1.668530, 1.658057, -0.010474,
43.516961, 1.665308, 1.661279, -0.004028,
43.527317, 1.672559, 1.662085, -0.010474,
43.537839, 1.679004, 1.658862, -0.020142,
43.548177, 1.669336, 1.656445, -0.012891,
43.558513, 1.669336, 1.670947, 0.001611,
43.568636, 1.676587, 1.681421, 0.004834,
43.578846, 1.676587, 1.666919, -0.009668,
43.589195, 1.676587, 1.662085, -0.014502,
43.599595, 1.670142, 1.683032, 0.012891,
43.609619, 1.674976, 1.662085, -0.012891,
43.619959, 1.679004, 1.664502, -0.014502,
43.630497, 1.679810, 1.668530, -0.011279,
43.640955, 1.681421, 1.653223, -0.028198,
43.651398, 1.674976, 1.686255, 0.011279,
43.661542, 1.674170, 1.637109, -0.037060,
43.671845, 1.677393, 1.664502, -0.012891,
43.682293, 1.672559, 1.674976, 0.002417,
43.692403, 1.674976, 1.678198, 0.003223,
43.702623, 1.676587, 1.674976, -0.001611,
43.712956, 1.676587, 1.658057, -0.018530,
43.723303, 1.673364, 1.670142, -0.003223,
43.733829, 1.674976, 1.670947, -0.004028,
43.744188, 1.678198, 1.670947, -0.007251,
43.754630, 1.673364, 1.662891, -0.010474,
43.765042, 1.666919, 1.670142, 0.003223,
43.775191, 1.674170, 1.662085, -0.012085,
43.785514, 1.673364, 1.691089, 0.017725,
43.795624, 1.673364, 1.678198, 0.004834,
43.805739, 1.674170, 1.654834, -0.019336,
43.816069, 1.665308, 1.673364, 0.008057,
43.826319, 1.674170, 1.661279, -0.012891,
43.836844, 1.677393, 1.664502, -0.012891,
43.847189, 1.662085, 1.658862, -0.003223,
43.857512, 1.664502, 1.654834, -0.009668,
43.867845, 1.666919, 1.677393, 0.010474,
43.878071, 1.662891, 1.668530, 0.005640,
43.888189, 1.658862, 1.664502, 0.005640,
43.898291, 1.662891, 1.661279, -0.001611,
43.908743, 1.669336, 1.649194, -0.020142,
43.919070, 1.664502, 1.662085, -0.002417,
43.929442, 1.666113, 1.673364, 0.007251,
43.939624, 1.666113, 1.668530, 0.002417,
43.949830, 1.666919, 1.672559, 0.005640,
43.959952, 1.669336, 1.664502, -0.004834,
43.970305, 1.665308, 1.687866, 0.022559,
43.980511, 1.666919, 1.650000, -0.016919,
43.990848, 1.662085, 1.653223, -0.008862,
44.001293, 1.662891, 1.649194, -0.013696,
44.011633, 1.666113, 1.662085, -0.004028,
44.021991, 1.669336, 1.668530, -0.000806,
44.032514, 1.670142, 1.666919, -0.003223,
44.042962, 1.662085, 1.679004, 0.016919,
44.053192, 1.665308, 1.668530, 0.003223,
44.063313, 1.666919, 1.660474, -0.006445,
44.073624, 1.664502, 1.657251, -0.007251,
44.083953, 1.660474, 1.670142, 0.009668,
44.094061, 1.661279, 1.658862, -0.002417,
44.104473, 1.668530, 1.670142, 0.001611,
44.114510, 1.665308, 1.662891, -0.002417,
44.124819, 1.670142, 1.654028, -0.016113,
44.135426, 1.660474, 1.676587, 0.016113,
44.145516, 1.666113, 1.683032, 0.016919,
44.155085, 1.666113, 1.679810, 0.013696,
44.165279, 1.677393, 1.674170, -0.003223,
44.175730, 1.677393, 1.678198, 0.000806,
44.185838, 1.679004, 1.679004, 0.000000,
44.195846, 1.681421, 1.656445, -0.024976,
44.206193, 1.677393, 1.665308, -0.012085,
44.216511, 1.678198, 1.674976, -0.003223,
44.226951, 1.674170, 1.645166, -0.029004,
44.237496, 1.677393, 1.658862, -0.018530,
44.247836, 1.677393, 1.668530, -0.008862,
44.258186, 1.676587, 1.666919, -0.009668,
44.268517, 1.670947, 1.673364, 0.002417,
44.278738, 1.672559, 1.669336, -0.003223,
44.289080, 1.677393, 1.668530, -0.008862,
44.299497, 1.674976, 1.666113, -0.008862,
44.309736, 1.674976, 1.674170, -0.000806,
44.319966, 1.678198, 1.657251, -0.020947,
44.330492, 1.677393, 1.670947, -0.006445,
44.340842, 1.674976, 1.650000, -0.024976,
44.351319, 1.669336, 1.666919, -0.002417,
44.361681, 1.674976, 1.650000, -0.024976,
44.371963, 1.674170, 1.664502, -0.009668,
44.382304, 1.677393, 1.668530, -0.008862,
44.392629, 1.670142, 1.666113, -0.004028,
44.403078, 1.670947, 1.670142, -0.000806,
44.413412, 1.674170, 1.673364, -0.000806,
44.423744, 1.673364, 1.658862, -0.014502,
44.434189, 1.674170, 1.664502, -0.009668,
44.444638, 1.677393, 1.656445, -0.020947,
44.455077, 1.677393, 1.666919, -0.010474,
44.465480, 1.677393, 1.664502, -0.012891,
44.475851, 1.672559, 1.674170, 0.001611,
44.485960, 1.670142, 1.673364, 0.003223,
44.496078, 1.666919, 1.665308, -0.001611,
44.506460, 1.662085, 1.658862, -0.003223,
44.516745, 1.669336, 1.677393, 0.008057,
44.526960, 1.662891, 1.670142, 0.007251,
44.537310, 1.662085, 1.665308, 0.003223,
44.547420, 1.662891, 1.661279, -0.001611,
44.557744, 1.662891, 1.649194, -0.013696,
44.568066, 1.665308, 1.670947, 0.005640,
44.578190, 1.665308, 1.668530, 0.003223,
44.588308, 1.666919, 1.660474, -0.006445,
44.598636, 1.662891, 1.662085, -0.000806,
44.608962, 1.662891, 1.678198, 0.015308,
44.619076, 1.666919, 1.662085, -0.004834,
44.629444, 1.660474, 1.676587, 0.016113,
44.639625, 1.665308, 1.658862, -0.006445,
44.650038, 1.660474, 1.670142, 0.009668,
44.660063, 1.662891, 1.662085, -0.000806,
44.670420, 1.662085, 1.662085, 0.000000,
44.680592, 1.658862, 1.641138, -0.017725,
44.690840, 1.665308, 1.650806, -0.014502,
44.701288, 1.666919, 1.677393, 0.010474,
44.711409, 1.666113, 1.670142, 0.004028,
44.721519, 1.666113, 1.666919, 0.000806,
44.731741, 1.666919, 1.673364, 0.006445,
44.741959, 1.670947, 1.636304, -0.034644,
44.752419, 1.669336, 1.656445, -0.012891,
44.762810, 1.665308, 1.660474, -0.004834,
44.773089, 1.669336, 1.662085, -0.007251,
44.783512, 1.668530, 1.683838, 0.015308,
44.793641, 1.662085, 1.657251, -0.004834,
44.804077, 1.677393, 1.691895, 0.014502,
44.814191, 1.678198, 1.662085, -0.016113,
44.824601, 1.677393, 1.669336, -0.008057,
44.834966, 1.674170, 1.658057, -0.016113,
44.845294, 1.674976, 1.660474, -0.014502,
44.855743, 1.670947, 1.660474, -0.010474,
44.866094, 1.674170, 1.683032, 0.008862,
44.876303, 1.674976, 1.672559, -0.002417,
44.886626, 1.679004, 1.666113, -0.012891,
44.896963, 1.673364, 1.662085, -0.011279,
44.907307, 1.673364, 1.662085, -0.011279,
44.917626, 1.666113, 1.665308, -0.000806,
44.928070, 1.670142, 1.668530, -0.001611,
44.938626, 1.673364, 1.654028, -0.019336,
44.948962, 1.674170, 1.674170, 0.000000,
44.958545, 1.676587, 1.669336, -0.007251,
44.968840, 1.673364, 1.677393, 0.004028,
44.978963, 1.670947, 1.654834, -0.016113,
44.989295, 1.676587, 1.674170, -0.002417,
44.999741, 1.670947, 1.689478, 0.018530,
45.009849, 1.679004, 1.679004, 0.000000,
45.019857, 1.677393, 1.677393, 0.000000,
45.029962, 1.672559, 1.678198, 0.005640,
45.040190, 1.678198, 1.660474, -0.017725,
45.050635, 1.674976, 1.672559, -0.002417,
45.060961, 1.662891, 1.657251, -0.005640,
45.071317, 1.668530, 1.668530, 0.000000,
45.081522, 1.673364, 1.670142, -0.003223,
45.091847, 1.668530, 1.654834, -0.013696,
45.102285, 1.674976, 1.669336, -0.005640,
45.112627, 1.672559, 1.662085, -0.010474,
45.122925, 1.674976, 1.666919, -0.008057,
45.133487, 1.654834, 1.677393, 0.022559,
45.143640, 1.664502, 1.660474, -0.004028,
45.154075, 1.662891, 1.660474, -0.002417,
45.164418, 1.662085, 1.658057, -0.004028,
45.174829, 1.658057, 1.625830, -0.032227,
45.185196, 1.662891, 1.674976, 0.012085,
45.195302, 1.660474, 1.652417, -0.008057,
45.205745, 1.664502, 1.662891, -0.001611,
45.216078, 1.670142, 1.668530, -0.001611,
45.226512, 1.662085, 1.662085, 0.000000,
45.236746, 1.670142, 1.669336, -0.000806,
45.247079, 1.664502, 1.676587, 0.012085,
45.257295, 1.661279, 1.652417, -0.008862,
45.267679, 1.665308, 1.674170, 0.008862,
45.277852, 1.669336, 1.679004, 0.009668,
45.287972, 1.664502, 1.652417, -0.012085,
45.298313, 1.666113, 1.664502, -0.001611,
45.308752, 1.670142, 1.654834, -0.015308,
45.319072, 1.660474, 1.670142, 0.009668,
45.329280, 1.669336, 1.658862, -0.010474,
45.339840, 1.669336, 1.657251, -0.012085,
45.350271, 1.665308, 1.670142, 0.004834,
45.360300, 1.664502, 1.654834, -0.009668,
45.370633, 1.661279, 1.652417, -0.008862,
45.380978, 1.670142, 1.658057, -0.012085,
45.391289, 1.658862, 1.650806, -0.008057,
45.401751, 1.670142, 1.674170, 0.004028,
45.411874, 1.668530, 1.664502, -0.004028,
45.422192, 1.669336, 1.649194, -0.020142,
45.432749, 1.670142, 1.674976, 0.004834,
45.442961, 1.669336, 1.657251, -0.012085,
45.453414, 1.679810, 1.670947, -0.008862,
45.463788, 1.677393, 1.665308, -0.012085,
45.474168, 1.677393, 1.658862, -0.018530,
45.484492, 1.677393, 1.662085, -0.015308,
45.494748, 1.677393, 1.665308, -0.012085,
45.505074, 1.676587, 1.674170, -0.002417,
45.515314, 1.670947, 1.670142, -0.000806,
45.525735, 1.666113, 1.673364, 0.007251,
45.536058, 1.674170, 1.681421, 0.007251,
45.546199, 1.672559, 1.665308, -0.007251,
45.556636, 1.673364, 1.670947, -0.002417,
45.566967, 1.674976, 1.673364, -0.001611,
45.577417, 1.677393, 1.666113, -0.011279,
45.587752, 1.672559, 1.683032, 0.010474,
45.597885, 1.673364, 1.665308, -0.008057,
45.608295, 1.677393, 1.687866, 0.010474,
45.618418, 1.673364, 1.674976, 0.001611,
45.628624, 1.673364, 1.662085, -0.011279,
45.639167, 1.674976, 1.665308, -0.009668,
45.649609, 1.666919, 1.677393, 0.010474,
45.659632, 1.670142, 1.668530, -0.001611,
45.669966, 1.677393, 1.685449, 0.008057,
45.680194, 1.672559, 1.670947, -0.001611,
45.690519, 1.674976, 1.665308, -0.009668,
45.700849, 1.678198, 1.693506, 0.015308,
45.710975, 1.678198, 1.678198, 0.000000,
45.720980, 1.673364, 1.674170, 0.000806,
45.731264, 1.678198, 1.674170, -0.004028,
45.741656, 1.670947, 1.641138, -0.029809,
45.752063, 1.677393, 1.669336, -0.008057,
45.762428, 1.672559, 1.666113, -0.006445,
45.772744, 1.665308, 1.656445, -0.008862,
45.783195, 1.660474, 1.674170, 0.013696,
45.793315, 1.658057, 1.662085, 0.004028,
45.803530, 1.666919, 1.669336, 0.002417,
45.813628, 1.662085, 1.668530, 0.006445,
45.823748, 1.665308, 1.661279, -0.004028,
45.834196, 1.666919, 1.670947, 0.004028,
45.844411, 1.662085, 1.656445, -0.005640,
45.854850, 1.670142, 1.670947, 0.000806,
45.865050, 1.670142, 1.662085, -0.008057,
45.875416, 1.656445, 1.654834, -0.001611,
45.885751, 1.665308, 1.661279, -0.004028,
45.895963, 1.668530, 1.674170, 0.005640,
45.906090, 1.668530, 1.658862, -0.009668,
45.916415, 1.664502, 1.665308, 0.000806,
45.926619, 1.665308, 1.662085, -0.003223,
45.937177, 1.670142, 1.658862, -0.011279,
45.947521, 1.666919, 1.665308, -0.001611,
45.957856, 1.665308, 1.665308, 0.000000,
45.967292, 1.665308, 1.683032, 0.017725,
45.977516, 1.658057, 1.650000, -0.008057,
45.987749, 1.666113, 1.645166, -0.020947,
45.998087, 1.665308, 1.658057, -0.007251,
46.008418, 1.665308, 1.654028, -0.011279,
46.018749, 1.668530, 1.654834, -0.013696,
46.029199, 1.670142, 1.664502, -0.005640,
46.039739, 1.669336, 1.672559, 0.003223,
46.049968, 1.670142, 1.679810, 0.009668,
46.060084, 1.662891, 1.660474, -0.002417,
46.070421, 1.666919, 1.666113, -0.000806,
46.080752, 1.657251, 1.665308, 0.008057,
46.090864, 1.673364, 1.664502, -0.008862,
46.101303, 1.674170, 1.658057, -0.016113,
46.111638, 1.674170, 1.677393, 0.003223,
46.121753, 1.674976, 1.661279, -0.013696,
46.132340, 1.673364, 1.678198, 0.004834,
46.142512, 1.676587, 1.685449, 0.008862,
46.152747, 1.666113, 1.677393, 0.011279,
46.162878, 1.674170, 1.665308, -0.008862,
46.173231, 1.678198, 1.669336, -0.008862,
46.183637, 1.678198, 1.690283, 0.012085,
46.193749, 1.673364, 1.668530, -0.004834,
46.204190, 1.677393, 1.679004, 0.001611,
46.214303, 1.677393, 1.662085, -0.015308,
46.224744, 1.668530, 1.666919, -0.001611,
46.235198, 1.665308, 1.670947, 0.005640,
46.245419, 1.672559, 1.691895, 0.019336,
46.255643, 1.670947, 1.681421, 0.010474,
46.265759, 1.672559, 1.664502, -0.008057,
46.276187, 1.674170, 1.668530, -0.005640,
46.286521, 1.662891, 1.673364, 0.010474,
46.296532, 1.670142, 1.673364, 0.003223,
46.306755, 1.664502, 1.666919, 0.002417,
46.316880, 1.673364, 1.677393, 0.004028,
46.327071, 1.674976, 1.673364, -0.001611,
46.337505, 1.682227, 1.664502, -0.017725,
46.347853, 1.681421, 1.658057, -0.023364,
46.358202, 1.674976, 1.677393, 0.002417,
46.368306, 1.673364, 1.652417, -0.020947,
46.378748, 1.670947, 1.657251, -0.013696,
46.389085, 1.670142, 1.654028, -0.016113,
46.399500, 1.662085, 1.673364, 0.011279,
46.409528, 1.669336, 1.662085, -0.007251,
46.419857, 1.668530, 1.643555, -0.024976,
46.430384, 1.662891, 1.654834, -0.008057,
46.440755, 1.666113, 1.650806, -0.015308,
46.451202, 1.668530, 1.666113, -0.002417,
46.461561, 1.665308, 1.662085, -0.003223,
46.471863, 1.662085, 1.662891, 0.000806,
46.482090, 1.666919, 1.685449, 0.018530,
46.492199, 1.665308, 1.654834, -0.010474,
46.502651, 1.668530, 1.661279, -0.007251,
46.512980, 1.664502, 1.664502, 0.000000,
46.523044, 1.664502, 1.656445, -0.008057,
46.533509, 1.669336, 1.662085, -0.007251,
46.543850, 1.674170, 1.654028, -0.020142,
46.554303, 1.669336, 1.654028, -0.015308,
46.564688, 1.666113, 1.665308, -0.000806,
46.575039, 1.666919, 1.658057, -0.008862,
46.585296, 1.666919, 1.682227, 0.015308,
46.595418, 1.666113, 1.665308, -0.000806,
46.605804, 1.670142, 1.660474, -0.009668,
46.616082, 1.670142, 1.670947, 0.000806,
46.626336, 1.666919, 1.672559, 0.005640,
46.636625, 1.658862, 1.660474, 0.001611,
46.646769, 1.666113, 1.645972, -0.020142,
46.657205, 1.666113, 1.654834, -0.011279,
46.667525, 1.670142, 1.669336, -0.000806,
46.677860, 1.669336, 1.672559, 0.003223,
46.687970, 1.666919, 1.661279, -0.005640,
46.698302, 1.668530, 1.656445, -0.012085,
46.708755, 1.668530, 1.654834, -0.013696,
46.719089, 1.658862, 1.670142, 0.011279,
46.729292, 1.679004, 1.670947, -0.008057,
46.739848, 1.679004, 1.662891, -0.016113,
46.750267, 1.677393, 1.673364, -0.004028,
46.760630, 1.679004, 1.666919, -0.012085,
46.770969, 1.679004, 1.668530, -0.010474,
46.781421, 1.677393, 1.666919, -0.010474,
46.791751, 1.672559, 1.662891, -0.009668,
46.802203, 1.677393, 1.645166, -0.032227,
46.812511, 1.679004, 1.645972, -0.033032,
46.822852, 1.679004, 1.676587, -0.002417,
46.833300, 1.678198, 1.666919, -0.011279,
46.843749, 1.673364, 1.665308, -0.008057,
46.854199, 1.673364, 1.662085, -0.011279,
46.864623, 1.678198, 1.670142, -0.008057,
46.875055, 1.677393, 1.674976, -0.002417,
46.885336, 1.664502, 1.670142, 0.005640,
46.895421, 1.676587, 1.677393, 0.000806,
46.905567, 1.670947, 1.666113, -0.004834,
46.915858, 1.668530, 1.678198, 0.009668,
46.926086, 1.677393, 1.666113, -0.011279,
46.936626, 1.670947, 1.661279, -0.009668,
46.946971, 1.670947, 1.668530, -0.002417,
46.957306, 1.666919, 1.660474, -0.006445,
46.967634, 1.674170, 1.670947, -0.003223,
46.978090, 1.677393, 1.666919, -0.010474,
46.988418, 1.678198, 1.660474, -0.017725,
46.998753, 1.668530, 1.666113, -0.002417,
47.009105, 1.665308, 1.636304, -0.029004,
47.019427, 1.666919, 1.670142, 0.003223,
47.029637, 1.674170, 1.650000, -0.024170,
47.040091, 1.673364, 1.656445, -0.016919,
47.050496, 1.662891, 1.678198, 0.015308,
47.060636, 1.660474, 1.660474, 0.000000,
47.070633, 1.665308, 1.662085, -0.003223,
47.081069, 1.664502, 1.641943, -0.022559,
47.091416, 1.662891, 1.678198, 0.015308,
47.101596, 1.657251, 1.670142, 0.012891,
47.111630, 1.666919, 1.670142, 0.003223,
47.121753, 1.662085, 1.658862, -0.003223,
47.132250, 1.661279, 1.666919, 0.005640,
47.142419, 1.654834, 1.647583, -0.007251,
47.152855, 1.662085, 1.662085, 0.000000,
47.162880, 1.669336, 1.666113, -0.003223,
47.173198, 1.662085, 1.661279, -0.000806,
47.183643, 1.666113, 1.673364, 0.007251,
47.193766, 1.666113, 1.662085, -0.004028,
47.204203, 1.664502, 1.658057, -0.006445,
47.214519, 1.662085, 1.660474, -0.001611,
47.224828, 1.666113, 1.650806, -0.015308,
47.235210, 1.666113, 1.672559, 0.006445,
47.245421, 1.658057, 1.668530, 0.010474,
47.255624, 1.666919, 1.658862, -0.008057,
47.265965, 1.665308, 1.658862, -0.006445,
47.276309, 1.661279, 1.679810, 0.018530,
47.286421, 1.669336, 1.678198, 0.008862,
47.296521, 1.670142, 1.665308, -0.004834,
47.306866, 1.665308, 1.665308, 0.000000,
47.316975, 1.661279, 1.666113, 0.004834,
47.327206, 1.666919, 1.635498, -0.031421,
47.337759, 1.670142, 1.660474, -0.009668,
47.348086, 1.662891, 1.658862, -0.004028,
47.358417, 1.664502, 1.662085, -0.002417,
47.368756, 1.677393, 1.679810, 0.002417,
47.378973, 1.678198, 1.672559, -0.005640,
47.389319, 1.677393, 1.679810, 0.002417,
47.399519, 1.670142, 1.673364, 0.003223,
47.409529, 1.670142, 1.669336, -0.000806,
47.419754, 1.677393, 1.664502, -0.012891,
47.430235, 1.666113, 1.694311, 0.028198,
47.440417, 1.677393, 1.657251, -0.020142,
47.450862, 1.674976, 1.670142, -0.004834,
47.461241, 1.670142, 1.670947, 0.000806,
47.471304, 1.673364, 1.679810, 0.006445,
47.481507, 1.672559, 1.676587, 0.004028,
47.491516, 1.666113, 1.669336, 0.003223,
47.501754, 1.674976, 1.674170, -0.000806,
47.512080, 1.668530, 1.674170, 0.005640,
47.522203, 1.674170, 1.670142, -0.004028,
47.532638, 1.677393, 1.677393, 0.000000,
47.542761, 1.678198, 1.668530, -0.009668,
47.553202, 1.674170, 1.668530, -0.005640,
47.563609, 1.676587, 1.666919, -0.009668,
47.573865, 1.674170, 1.674170, 0.000000,
47.583973, 1.677393, 1.679004, 0.001611,
47.594011, 1.674976, 1.668530, -0.006445,
47.604427, 1.673364, 1.674170, 0.000806,
47.614533, 1.666919, 1.666113, -0.000806,
47.624969, 1.670142, 1.666113, -0.004028,
47.635425, 1.673364, 1.674170, 0.000806,
47.645524, 1.664502, 1.673364, 0.008862,
47.655642, 1.672559, 1.665308, -0.007251,
47.665966, 1.673364, 1.691089, 0.017725,
47.676189, 1.674976, 1.664502, -0.010474,
47.686527, 1.662085, 1.666919, 0.004834,
47.696646, 1.656445, 1.658862, 0.002417,
47.706863, 1.669336, 1.654834, -0.014502,
47.717207, 1.662085, 1.670142, 0.008057,
47.727420, 1.658862, 1.654834, -0.004028,
47.737872, 1.662085, 1.654834, -0.007251,
47.748205, 1.669336, 1.662085, -0.007251,
47.758658, 1.668530, 1.668530, 0.000000,
47.768755, 1.669336, 1.657251, -0.012085,
47.779203, 1.665308, 1.664502, -0.000806,
47.789527, 1.666113, 1.674170, 0.008057,
47.799618, 1.666113, 1.668530, 0.002417,
47.809637, 1.665308, 1.677393, 0.012085,
47.819757, 1.664502, 1.662891, -0.001611,
47.830300, 1.662891, 1.673364, 0.010474,
47.840518, 1.665308, 1.658057, -0.007251,
47.850942, 1.669336, 1.670142, 0.000806,
47.860978, 1.666113, 1.662085, -0.004028,
47.871302, 1.662085, 1.665308, 0.003223,
47.881524, 1.666113, 1.664502, -0.001611,
47.891857, 1.670142, 1.664502, -0.005640,
47.902302, 1.670142, 1.656445, -0.013696,
47.912640, 1.662085, 1.650806, -0.011279,
47.922974, 1.670142, 1.654834, -0.015308,
47.933419, 1.669336, 1.670142, 0.000806,
47.943616, 1.668530, 1.650806, -0.017725,
47.953995, 1.670947, 1.658057, -0.012891,
47.964362, 1.664502, 1.664502, 0.000000,
47.974515, 1.670142, 1.669336, -0.000806,
47.984763, 1.666919, 1.670947, 0.004028,
47.994861, 1.670947, 1.656445, -0.014502,
48.005311, 1.676587, 1.672559, -0.004028,
48.015645, 1.679004, 1.674170, -0.004834,
48.026091, 1.678198, 1.665308, -0.012891,
48.036629, 1.679004, 1.658862, -0.020142,
48.046977, 1.674976, 1.662085, -0.012891,
48.057301, 1.677393, 1.664502, -0.012891,
48.067650, 1.678198, 1.670947, -0.007251,
48.078088, 1.678198, 1.662085, -0.016113,
48.088446, 1.679004, 1.658057, -0.020947,
48.098754, 1.670142, 1.666113, -0.004028,
48.109087, 1.674170, 1.666919, -0.007251,
48.119427, 1.674976, 1.672559, -0.002417,
48.129859, 1.672559, 1.669336, -0.003223,
48.140304, 1.674976, 1.662085, -0.012891,
48.150764, 1.677393, 1.677393, 0.000000,
48.160853, 1.676587, 1.666113, -0.010474,
48.171202, 1.673364, 1.679004, 0.005640,
48.181432, 1.673364, 1.674976, 0.001611,
48.191535, 1.676587, 1.645972, -0.030615,
48.201978, 1.673364, 1.670142, -0.003223,
48.212319, 1.670142, 1.662085, -0.008057,
48.222638, 1.670947, 1.657251, -0.013696,
48.233059, 1.670142, 1.678198, 0.008057,
48.243214, 1.673364, 1.682227, 0.008862,
48.253425, 1.674170, 1.679004, 0.004834,
48.263550, 1.673364, 1.677393, 0.004028,
48.273649, 1.673364, 1.662891, -0.010474,
48.283972, 1.677393, 1.660474, -0.016919,
48.294305, 1.677393, 1.689478, 0.012085,
48.304514, 1.673364, 1.674170, 0.000806,
48.314523, 1.677393, 1.672559, -0.004834,
48.324837, 1.666919, 1.674976, 0.008057,
48.334979, 1.669336, 1.668530, -0.000806,
48.345429, 1.662891, 1.654028, -0.008862,
48.355856, 1.669336, 1.654834, -0.014502,
48.366208, 1.668530, 1.666113, -0.002417,
48.376631, 1.666919, 1.662085, -0.004834,
48.386973, 1.661279, 1.666113, 0.004834,
48.397089, 1.662891, 1.661279, -0.001611,
48.407527, 1.662891, 1.660474, -0.002417,
48.417765, 1.668530, 1.670947, 0.002417,
48.427942, 1.662891, 1.676587, 0.013696,
48.438206, 1.668530, 1.633081, -0.035449,
48.448535, 1.668530, 1.665308, -0.003223,
48.458875, 1.664502, 1.683838, 0.019336,
48.469085, 1.664502, 1.658862, -0.005640,
48.479545, 1.666919, 1.662085, -0.004834,
48.489859, 1.662085, 1.661279, -0.000806,
48.500204, 1.669336, 1.666113, -0.003223,
48.510529, 1.670142, 1.654834, -0.015308,
48.520855, 1.670142, 1.662085, -0.008057,
48.531299, 1.666919, 1.662085, -0.004834,
48.541754, 1.666919, 1.661279, -0.005640,
48.552210, 1.666919, 1.662085, -0.004834,
48.562603, 1.662891, 1.633887, -0.029004,
48.572864, 1.670142, 1.662085, -0.008057,
48.583207, 1.666113, 1.673364, 0.007251,
48.593317, 1.664502, 1.665308, 0.000806,
48.603538, 1.666113, 1.669336, 0.003223,
48.613638, 1.666113, 1.669336, 0.003223,
48.623765, 1.666113, 1.673364, 0.007251,
48.633982, 1.664502, 1.674976, 0.010474,
48.644213, 1.665308, 1.666919, 0.001611,
48.654432, 1.679810, 1.662085, -0.017725,
48.664781, 1.682227, 1.670142, -0.012085,
48.675239, 1.677393, 1.662085, -0.015308,
48.685526, 1.669336, 1.674976, 0.005640,
48.695521, 1.676587, 1.670142, -0.006445,
48.705860, 1.676587, 1.662085, -0.014502,
48.716210, 1.677393, 1.673364, -0.004028,
48.726628, 1.674170, 1.662085, -0.012085,
48.737083, 1.679810, 1.676587, -0.003223,
48.747425, 1.677393, 1.661279, -0.016113,
48.757865, 1.678198, 1.670142, -0.008057,
48.768215, 1.674976, 1.670142, -0.004834,
48.778649, 1.666113, 1.670947, 0.004834,
48.788761, 1.677393, 1.679810, 0.002417,
48.798862, 1.674976, 1.674976, 0.000000,
48.808976, 1.677393, 1.679004, 0.001611,
48.817760, 1.670142, 1.670142, 0.000000,
48.827950, 1.672559, 1.661279, -0.011279,
48.838424, 1.672559, 1.640332, -0.032227,
48.848766, 1.677393, 1.674976, -0.002417,
48.859095, 1.662891, 1.658862, -0.004028,
48.869428, 1.670142, 1.662085, -0.008057,
48.879859, 1.670947, 1.641138, -0.029809,
48.890216, 1.670142, 1.660474, -0.009668,
48.900641, 1.666113, 1.677393, 0.011279,
48.910763, 1.670142, 1.666919, -0.003223,
48.921092, 1.672559, 1.652417, -0.020142,
48.931630, 1.674170, 1.669336, -0.004834,
48.942432, 1.676587, 1.662085, -0.014502,
48.952862, 1.678198, 1.673364, -0.004834,
48.963254, 1.670947, 1.654834, -0.016113,
48.973540, 1.662085, 1.677393, 0.015308,
48.983648, 1.662085, 1.670947, 0.008862,
48.993697, 1.662085, 1.658057, -0.004028,
49.004099, 1.662891, 1.640332, -0.022559,
49.014431, 1.664502, 1.658862, -0.005640,
49.024806, 1.654834, 1.670947, 0.016113,
49.034978, 1.665308, 1.670142, 0.004834,
49.045231, 1.662891, 1.657251, -0.005640,
49.055652, 1.665308, 1.650000, -0.015308,
49.065985, 1.661279, 1.662085, 0.000806,
49.076178, 1.665308, 1.662891, -0.002417,
49.086526, 1.666919, 1.668530, 0.001611,
49.096632, 1.670142, 1.669336, -0.000806,
49.106977, 1.665308, 1.656445, -0.008862,
49.117314, 1.662891, 1.670142, 0.007251,
49.127518, 1.662891, 1.662085, -0.000806,
49.138098, 1.664502, 1.658862, -0.005640,
49.148425, 1.661279, 1.662085, 0.000806,
49.158535, 1.670142, 1.668530, -0.001611,
49.168858, 1.670947, 1.668530, -0.002417,
49.179312, 1.666919, 1.640332, -0.026587,
49.189638, 1.665308, 1.666113, 0.000806,
49.199839, 1.669336, 1.645166, -0.024170,
49.210104, 1.669336, 1.673364, 0.004028,
49.220208, 1.666919, 1.658057, -0.008862,
49.230759, 1.662085, 1.670947, 0.008862,
49.240986, 1.662085, 1.662891, 0.000806,
49.251199, 1.670142, 1.670142, 0.000000,
49.261254, 1.665308, 1.658862, -0.006445,
49.271530, 1.666113, 1.668530, 0.002417,
49.281652, 1.665308, 1.670142, 0.004834,
49.291761, 1.676587, 1.636304, -0.040283,
49.302215, 1.678198, 1.662891, -0.015308,
49.312530, 1.674976, 1.669336, -0.005640,
49.322761, 1.668530, 1.666113, -0.002417,
49.333279, 1.674976, 1.673364, -0.001611,
49.343654, 1.674976, 1.664502, -0.010474,
49.354092, 1.679004, 1.669336, -0.009668,
49.364445, 1.674976, 1.679004, 0.004028,
49.374619, 1.678198, 1.665308, -0.012891,
49.384866, 1.676587, 1.672559, -0.004028,
49.395208, 1.674170, 1.665308, -0.008862,
49.405598, 1.677393, 1.666113, -0.011279,
49.415867, 1.674170, 1.665308, -0.008862,
49.426310, 1.677393, 1.662891, -0.014502,
49.436857, 1.676587, 1.668530, -0.008057,
49.447211, 1.670947, 1.670142, -0.000806,
49.457650, 1.677393, 1.658057, -0.019336,
49.468013, 1.673364, 1.674170, 0.000806,
49.478216, 1.670947, 1.658057, -0.012891,
49.488534, 1.674170, 1.658862, -0.015308,
49.498877, 1.674170, 1.662891, -0.011279,
49.509222, 1.676587, 1.670142, -0.006445,
49.519535, 1.673364, 1.670142, -0.003223,
49.529951, 1.662891, 1.679004, 0.016113,
49.540211, 1.670947, 1.658862, -0.012085,
49.550642, 1.664502, 1.670142, 0.005640,
49.560761, 1.670142, 1.673364, 0.003223,
49.570861, 1.664502, 1.669336, 0.004834,
49.581050, 1.665308, 1.668530, 0.003223,
49.591087, 1.674976, 1.658057, -0.016919,
49.601530, 1.670947, 1.670142, -0.000806,
49.611860, 1.657251, 1.662085, 0.004834,
49.621979, 1.656445, 1.656445, 0.000000,
49.632211, 1.658057, 1.665308, 0.007251,
49.642436, 1.658862, 1.664502, 0.005640,
49.652649, 1.668530, 1.654834, -0.013696,
49.663059, 1.669336, 1.683838, 0.014502,
49.673091, 1.658057, 1.657251, -0.000806,
49.683429, 1.662891, 1.662891, 0.000000,
49.693426, 1.661279, 1.664502, 0.003223,
49.703628, 1.664502, 1.660474, -0.004028,
49.713870, 1.665308, 1.662891, -0.002417,
49.724315, 1.664502, 1.662085, -0.002417,
49.734766, 1.665308, 1.661279, -0.004028,
49.745211, 1.668530, 1.658057, -0.010474,
49.755649, 1.662891, 1.656445, -0.006445,
49.765982, 1.665308, 1.673364, 0.008057,
49.776206, 1.668530, 1.677393, 0.008862,
49.786316, 1.664502, 1.658862, -0.005640,
49.796656, 1.665308, 1.674976, 0.009668,
49.806868, 1.661279, 1.668530, 0.007251,
49.816982, 1.664502, 1.669336, 0.004834,
49.827091, 1.668530, 1.662085, -0.006445,
49.837537, 1.668530, 1.654834, -0.013696,
49.847864, 1.660474, 1.652417, -0.008057,
49.858247, 1.665308, 1.657251, -0.008057,
49.868641, 1.670142, 1.665308, -0.004834,
49.879069, 1.670142, 1.657251, -0.012891,
49.889321, 1.665308, 1.633081, -0.032227,
49.899766, 1.665308, 1.670142, 0.004834,
49.909871, 1.668530, 1.674976, 0.006445,
49.919957, 1.666113, 1.664502, -0.001611,
49.930429, 1.677393, 1.670142, -0.007251,
49.940862, 1.676587, 1.658057, -0.018530,
49.951314, 1.679004, 1.670947, -0.008057,
49.961705, 1.679004, 1.660474, -0.018530,
49.971978, 1.670142, 1.654028, -0.016113,
49.982319, 1.673364, 1.674170, 0.000806,
49.992429, 1.672559, 1.683032, 0.010474,
50.002647, 1.674976, 1.676587, 0.001611,
50.012763, 1.676587, 1.660474, -0.016113,
50.023097, 1.681421, 1.656445, -0.024976,
50.033534, 1.677393, 1.670142, -0.007251,
50.043872, 1.676587, 1.666919, -0.009668,
50.054327, 1.677393, 1.639526, -0.037866,
50.064667, 1.678198, 1.662085, -0.016113,
50.075068, 1.670947, 1.677393, 0.006445,
50.085100, 1.673364, 1.674976, 0.001611,
50.095217, 1.670142, 1.661279, -0.008862,
50.105651, 1.676587, 1.662085, -0.014502,
50.115986, 1.674976, 1.681421, 0.006445,
50.126198, 1.662891, 1.670142, 0.007251,
50.136514, 1.673364, 1.670142, -0.003223,
50.146870, 1.668530, 1.668530, 0.000000,
50.156981, 1.676587, 1.669336, -0.007251,
50.167324, 1.670142, 1.679810, 0.009668,
50.177534, 1.670142, 1.670142, 0.000000,
50.187536, 1.674170, 1.682227, 0.008057,
50.197618, 1.674170, 1.662891, -0.011279,
50.207982, 1.670142, 1.662085, -0.008057,
50.218231, 1.670947, 1.670142, -0.000806,
50.228643, 1.670142, 1.673364, 0.003223,
50.238868, 1.673364, 1.641943, -0.031421,
50.249321, 1.670142, 1.674976, 0.004834,
50.259429, 1.666919, 1.672559, 0.005640,
50.269540, 1.662891, 1.641138, -0.021753,
50.279873, 1.666113, 1.661279, -0.004834,
50.290216, 1.654834, 1.653223, -0.001611,
50.300657, 1.664502, 1.678198, 0.013696,
50.310766, 1.662891, 1.674170, 0.011279,
50.320861, 1.664502, 1.670947, 0.006445,
50.331057, 1.666919, 1.661279, -0.005640,
50.341432, 1.662891, 1.661279, -0.001611,
50.351854, 1.669336, 1.670947, 0.001611,
50.361957, 1.665308, 1.664502, -0.000806,
50.372213, 1.664502, 1.649194, -0.015308,
50.382640, 1.664502, 1.662891, -0.001611,
50.392889, 1.670142, 1.661279, -0.008862,
50.403315, 1.665308, 1.656445, -0.008862,
50.413651, 1.662891, 1.654834, -0.008057,
50.423878, 1.665308, 1.657251, -0.008057,
50.434320, 1.669336, 1.670142, 0.000806,
50.444561, 1.662085, 1.674976, 0.012891,
50.454771, 1.668530, 1.654834, -0.013696,
50.465113, 1.666919, 1.674170, 0.007251,
50.475294, 1.658862, 1.650806, -0.008057,
50.485545, 1.665308, 1.639526, -0.025781,
50.495864, 1.673364, 1.673364, 0.000000,
50.505995, 1.662085, 1.661279, -0.000806,
50.516315, 1.666113, 1.666113, 0.000000,
50.526429, 1.666919, 1.661279, -0.005640,
50.536858, 1.666113, 1.654028, -0.012085,
50.547218, 1.668530, 1.650000, -0.018530,
50.557650, 1.665308, 1.656445, -0.008862,
50.567992, 1.674170, 1.672559, -0.001611,
50.578433, 1.679810, 1.662085, -0.017725,
50.588765, 1.678198, 1.665308, -0.012891,
50.599182, 1.678198, 1.674976, -0.003223,
50.609530, 1.678198, 1.670947, -0.007251,
50.619783, 1.672559, 1.640332, -0.032227,
50.630311, 1.677393, 1.668530, -0.008862,
50.640315, 1.679004, 1.654834, -0.024170,
50.650768, 1.677393, 1.670142, -0.007251,
50.661147, 1.674976, 1.660474, -0.014502,
50.671434, 1.678198, 1.670142, -0.008057,
50.681871, 1.672559, 1.679810, 0.007251,
50.691989, 1.662891, 1.662891, 0.000000,
50.702084, 1.673364, 1.672559, -0.000806,
50.712441, 1.673364, 1.677393, 0.004028,
50.722545, 1.670947, 1.670142, -0.000806,
50.732989, 1.673364, 1.674976, 0.001611,
50.743218, 1.677393, 1.662085, -0.015308,
50.753651, 1.670142, 1.658862, -0.011279,
50.763996, 1.674170, 1.670142, -0.004028,
50.774424, 1.670947, 1.670947, 0.000000,
50.784433, 1.672559, 1.674170, 0.001611,
50.794537, 1.673364, 1.636304, -0.037061,
50.804984, 1.669336, 1.660474, -0.008862,
50.815321, 1.674170, 1.694311, 0.020142,
50.825515, 1.674976, 1.662085, -0.012891,
50.835868, 1.673364, 1.658862, -0.014502,
50.846215, 1.677393, 1.674170, -0.003223,
50.856645, 1.672559, 1.670947, -0.001611,
50.866980, 1.672559, 1.677393, 0.004834,
50.877187, 1.672559, 1.658862, -0.013696,
50.887442, 1.662891, 1.666113, 0.003223,
50.897544, 1.654834, 1.641138, -0.013696,
50.907980, 1.662085, 1.647583, -0.014502,
50.918323, 1.660474, 1.664502, 0.004028,
50.928555, 1.662891, 1.650000, -0.012891,
50.939098, 1.658862, 1.656445, -0.002417,
50.949533, 1.658862, 1.674976, 0.016113,
50.959636, 1.664502, 1.664502, 0.000000,
50.969784, 1.666919, 1.662085, -0.004834,
50.980226, 1.662085, 1.647583, -0.014502,
50.990545, 1.666113, 1.641138, -0.024976,
51.000981, 1.660474, 1.654834, -0.005640,
51.011252, 1.664502, 1.647583, -0.016919,
51.021535, 1.662085, 1.657251, -0.004834,
51.031973, 1.666113, 1.670142, 0.004028,
51.042218, 1.661279, 1.673364, 0.012085,
51.052435, 1.665308, 1.668530, 0.003223,
51.062593, 1.662891, 1.668530, 0.005640,
51.072663, 1.662891, 1.654834, -0.008057,
51.082980, 1.662891, 1.654834, -0.008057,
51.093326, 1.661279, 1.662085, 0.000806,
51.103555, 1.665308, 1.666919, 0.001611,
51.113651, 1.666919, 1.661279, -0.005640,
51.123990, 1.670142, 1.652417, -0.017725,
51.134502, 1.666113, 1.670947, 0.004834,
51.144657, 1.666919, 1.670142, 0.003223,
51.154875, 1.662085, 1.635498, -0.026587,
51.165319, 1.664502, 1.676587, 0.012085,
51.175509, 1.668530, 1.669336, 0.000806,
51.185538, 1.665308, 1.669336, 0.004028,
51.195651, 1.666919, 1.665308, -0.001611,
51.205985, 1.674976, 1.670142, -0.004834,
51.216288, 1.679810, 1.670947, -0.008862,
51.226623, 1.679004, 1.664502, -0.014502,
51.237090, 1.674976, 1.635498, -0.039477,
51.247434, 1.677393, 1.666919, -0.010474,
51.257868, 1.677393, 1.682227, 0.004834,
51.267990, 1.674976, 1.643555, -0.031421,
51.278423, 1.679004, 1.677393, -0.001611,
51.288771, 1.674976, 1.665308, -0.009668,
51.299210, 1.674976, 1.665308, -0.009668,
51.309544, 1.666113, 1.654834, -0.011279,
51.319889, 1.677393, 1.666113, -0.011279,
51.330407, 1.678198, 1.668530, -0.009668,
51.340766, 1.670142, 1.658057, -0.012085,
51.351217, 1.670142, 1.652417, -0.017725,
51.361578, 1.674170, 1.672559, -0.001611,
51.371871, 1.673364, 1.656445, -0.016919,
51.382321, 1.673364, 1.668530, -0.004834,
51.392656, 1.677393, 1.669336, -0.008057,
51.403107, 1.674170, 1.673364, -0.000806,
51.413442, 1.673364, 1.665308, -0.008057,
51.423770, 1.672559, 1.658057, -0.014502,
51.434231, 1.674976, 1.683032, 0.008057,
51.444438, 1.679004, 1.670947, -0.008057,
51.454872, 1.672559, 1.654834, -0.017725,
51.465255, 1.670142, 1.672559, 0.002417,
51.475434, 1.673364, 1.681421, 0.008057,
51.485544, 1.673364, 1.677393, 0.004028,
51.495653, 1.669336, 1.644360, -0.024976,
51.506110, 1.672559, 1.664502, -0.008057,
51.516439, 1.674976, 1.672559, -0.002417,
51.526864, 1.656445, 1.677393, 0.020947,
51.537184, 1.664502, 1.658862, -0.005640,
51.547553, 1.662891, 1.668530, 0.005640,
51.557769, 1.664502, 1.658862, -0.005640,
51.568120, 1.665308, 1.678198, 0.012891,
51.578328, 1.664502, 1.662085, -0.002417,
51.588655, 1.654834, 1.650806, -0.004028,
51.598979, 1.657251, 1.677393, 0.020142,
51.609113, 1.668530, 1.658862, -0.009668,
51.619448, 1.664502, 1.662085, -0.002417,
51.629887, 1.664502, 1.679004, 0.014502,
51.640099, 1.666919, 1.653223, -0.013696,
51.650509, 1.661279, 1.677393, 0.016113,
51.660536, 1.662085, 1.660474, -0.001611,
51.670840, 1.670142, 1.662085, -0.008057,
51.681212, 1.665308, 1.658057, -0.007251,
51.691561, 1.668530, 1.664502, -0.004028,
51.701981, 1.665308, 1.657251, -0.008057,
51.712321, 1.670142, 1.639526, -0.030615,
51.722660, 1.670142, 1.662085, -0.008057,
51.733095, 1.662891, 1.676587, 0.013696,
51.743316, 1.670142, 1.665308, -0.004834,
51.753778, 1.665308, 1.653223, -0.012085,
51.764150, 1.670947, 1.666113, -0.004834,
51.774534, 1.666919, 1.658057, -0.008862,
51.784770, 1.665308, 1.674976, 0.009668,
51.794836, 1.666113, 1.662085, -0.004028,
51.805220, 1.668530, 1.654834, -0.013696,
51.815544, 1.666919, 1.662891, -0.004028,
51.825982, 1.664502, 1.654834, -0.009668,
51.836404, 1.666113, 1.665308, -0.000806,
51.846776, 1.683032, 1.650000, -0.033032,
51.857112, 1.673364, 1.670142, -0.003223,
51.867481, 1.677393, 1.677393, 0.000000,
51.877661, 1.668530, 1.666113, -0.002417,
51.888000, 1.677393, 1.649194, -0.028198,
51.898316, 1.674976, 1.681421, 0.006445,
51.908512, 1.673364, 1.662891, -0.010474,
51.918779, 1.677393, 1.670142, -0.007251,
51.929219, 1.673364, 1.658862, -0.014502,
51.939773, 1.677393, 1.668530, -0.008862,
51.950217, 1.676587, 1.645972, -0.030615,
51.960536, 1.674170, 1.662085, -0.012085,
51.970873, 1.678198, 1.641943, -0.036255,
51.981238, 1.672559, 1.670142, -0.002417,
51.991540, 1.673364, 1.662891, -0.010474,
52.001875, 1.673364, 1.673364, 0.000000,
52.011991, 1.672559, 1.640332, -0.032227,
52.022328, 1.673364, 1.670947, -0.002417,
52.032867, 1.678198, 1.670947, -0.007251,
52.043327, 1.669336, 1.669336, 0.000000,
52.053544, 1.666113, 1.679004, 0.012891,
52.063695, 1.674170, 1.662085, -0.012085,
52.073995, 1.662085, 1.661279, -0.000806,
52.084456, 1.676587, 1.666919, -0.009668,
52.094777, 1.677393, 1.666919, -0.010474,
52.105186, 1.674170, 1.649194, -0.024976,
52.115443, 1.673364, 1.683032, 0.009668,
52.125662, 1.662085, 1.658862, -0.003223,
52.136219, 1.677393, 1.669336, -0.008057,
52.146666, 1.676587, 1.683838, 0.007251,
52.156872, 1.679004, 1.666919, -0.012085,
52.167229, 1.665308, 1.670142, 0.004834,
52.177442, 1.674170, 1.652417, -0.021753,
52.187776, 1.662085, 1.658862, -0.003223,
52.198105, 1.664502, 1.668530, 0.004028,
52.208224, 1.662891, 1.677393, 0.014502,
52.218314, 1.666919, 1.672559, 0.005640,
52.228542, 1.662085, 1.672559, 0.010474,
52.238767, 1.658862, 1.661279, 0.002417,
52.248878, 1.654834, 1.666113, 0.011279,
52.258992, 1.662085, 1.658862, -0.003223,
52.269324, 1.665308, 1.654834, -0.010474,
52.279779, 1.666113, 1.661279, -0.004834,
52.290106, 1.665308, 1.666113, 0.000806,
52.300297, 1.670142, 1.674170, 0.004028,
52.310324, 1.666113, 1.662085, -0.004028,
52.320663, 1.670142, 1.656445, -0.013696,
52.331228, 1.665308, 1.660474, -0.004834,
52.341662, 1.665308, 1.654028, -0.011279,
52.352100, 1.665308, 1.668530, 0.003223,
52.362251, 1.662085, 1.666919, 0.004834,
52.372332, 1.668530, 1.662085, -0.006445,
52.382773, 1.668530, 1.665308, -0.003223,
52.393103, 1.666113, 1.662085, -0.004028,
52.403542, 1.664502, 1.662085, -0.002417,
52.413780, 1.665308, 1.657251, -0.008057,
52.424188, 1.666113, 1.665308, -0.000806,
52.434548, 1.668530, 1.662085, -0.006445,
52.444992, 1.662085, 1.661279, -0.000806,
52.455447, 1.662085, 1.660474, -0.001611,
52.465774, 1.658057, 1.677393, 0.019336,
52.476009, 1.666113, 1.661279, -0.004834,
52.486327, 1.679004, 1.674170, -0.004834,
52.496656, 1.679004, 1.666919, -0.012085,
52.507077, 1.679810, 1.665308, -0.014502,
52.517345, 1.670947, 1.677393, 0.006445,
52.527519, 1.676587, 1.685449, 0.008862,
52.537786, 1.677393, 1.662085, -0.015308,
52.548112, 1.679004, 1.664502, -0.014502,
52.558464, 1.677393, 1.666113, -0.011279,
52.568798, 1.673364, 1.640332, -0.033032,
52.579238, 1.676587, 1.670947, -0.005640,
52.589547, 1.674170, 1.674170, 0.000000,
52.599622, 1.674976, 1.670947, -0.004028,
52.609893, 1.677393, 1.672559, -0.004834,
52.620225, 1.677393, 1.654834, -0.022559,
52.630776, 1.670947, 1.677393, 0.006445,
52.640991, 1.670142, 1.647583, -0.022559,
52.651429, 1.673364, 1.668530, -0.004834,
52.661786, 1.676587, 1.666113, -0.010474,
52.672101, 1.678198, 1.654028, -0.024170,
52.682537, 1.666113, 1.674170, 0.008057,
52.692548, 1.678198, 1.670947, -0.007251,
52.702883, 1.677393, 1.669336, -0.008057,
52.713221, 1.677393, 1.669336, -0.008057,
52.723543, 1.674976, 1.658057, -0.016919,
52.733900, 1.679004, 1.670142, -0.008862,
52.744333, 1.677393, 1.669336, -0.008057,
52.754771, 1.674170, 1.643555, -0.030615,
52.765113, 1.677393, 1.673364, -0.004028,
52.775520, 1.672559, 1.670947, -0.001611,
52.785776, 1.668530, 1.674170, 0.005640,
52.795878, 1.676587, 1.665308, -0.011279,
52.806311, 1.662085, 1.654834, -0.007251,
52.816670, 1.662085, 1.670142, 0.008057,
52.826875, 1.658862, 1.664502, 0.005640,
52.837080, 1.662085, 1.656445, -0.005640,
52.847441, 1.662085, 1.665308, 0.003223,
52.857655, 1.656445, 1.656445, 0.000000,
52.867776, 1.664502, 1.670142, 0.005640,
52.877996, 1.662085, 1.661279, -0.000806,
52.888337, 1.670142, 1.661279, -0.008862,
52.898668, 1.672559, 1.666113, -0.006445,
52.908996, 1.668530, 1.668530, 0.000000,
52.918996, 1.662085, 1.668530, 0.006445,
52.929229, 1.666113, 1.656445, -0.009668,
52.939777, 1.668530, 1.669336, 0.000806,
52.949994, 1.670142, 1.654834, -0.015308,
52.960333, 1.666919, 1.664502, -0.002417,
52.970673, 1.666919, 1.656445, -0.010474,
52.981111, 1.662891, 1.662085, -0.000806,
52.991455, 1.662085, 1.662085, 0.000000,
53.001578, 1.665308, 1.661279, -0.004028,
53.011879, 1.670947, 1.650806, -0.020142,
53.022230, 1.662891, 1.662085, -0.000806,
53.032664, 1.670142, 1.668530, -0.001611,
53.043114, 1.664502, 1.665308, 0.000806,
53.053333, 1.670142, 1.677393, 0.007251,
53.063480, 1.666113, 1.670947, 0.004834,
53.073545, 1.662891, 1.640332, -0.022559,
53.083877, 1.669336, 1.668530, -0.000806,
53.094224, 1.657251, 1.662085, 0.004834,
53.104438, 1.673364, 1.670142, -0.003223,
53.114775, 1.670142, 1.658862, -0.011279,
53.125220, 1.678198, 1.656445, -0.021753,
53.135777, 1.670947, 1.666113, -0.004834,
53.146237, 1.676587, 1.666113, -0.010474,
53.156655, 1.668530, 1.658862, -0.009668,
53.167001, 1.679810, 1.674976, -0.004834,
53.177446, 1.674170, 1.658862, -0.015308,
53.187782, 1.677393, 1.660474, -0.016919,
53.198153, 1.668530, 1.653223, -0.015308,
53.208555, 1.674170, 1.666919, -0.007251,
53.218882, 1.677393, 1.665308, -0.012085,
53.229260, 1.673364, 1.679004, 0.005640,
53.239538, 1.672559, 1.662085, -0.010474,
53.249998, 1.673364, 1.678198, 0.004834,
53.260108, 1.677393, 1.654028, -0.023364,
53.270442, 1.678198, 1.660474, -0.017725,
53.280870, 1.676587, 1.660474, -0.016113,
53.291228, 1.678198, 1.672559, -0.005640,
53.301652, 1.672559, 1.673364, 0.000806,
53.311692, 1.666919, 1.657251, -0.009668,
53.322001, 1.677393, 1.666919, -0.010474,
53.332508, 1.676587, 1.677393, 0.000806,
53.342663, 1.673364, 1.668530, -0.004834,
53.353109, 1.672559, 1.670947, -0.001611,
53.363508, 1.674170, 1.670142, -0.004028,
53.373777, 1.670142, 1.656445, -0.013696,
53.384115, 1.676587, 1.664502, -0.012085,
53.394463, 1.670947, 1.654834, -0.016113,
53.404885, 1.674170, 1.657251, -0.016919,
53.415227, 1.678198, 1.670142, -0.008057,
53.425665, 1.678198, 1.669336, -0.008862,
53.436113, 1.672559, 1.678198, 0.005640,
53.446326, 1.666919, 1.674976, 0.008057,
53.456555, 1.654834, 1.652417, -0.002417,
53.466896, 1.664502, 1.666919, 0.002417,
53.477101, 1.664502, 1.674170, 0.009668,
53.487227, 1.665308, 1.666919, 0.001611,
53.497334, 1.662085, 1.664502, 0.002417,
53.507545, 1.666919, 1.661279, -0.005640,
53.517842, 1.665308, 1.666113, 0.000806,
53.528000, 1.664502, 1.673364, 0.008862,
53.538190, 1.666919, 1.658057, -0.008862,
53.548536, 1.664502, 1.674976, 0.010474,
53.558659, 1.665308, 1.658057, -0.007251,
53.569005, 1.669336, 1.661279, -0.008057,
53.579448, 1.662891, 1.658862, -0.004028,
53.589780, 1.666113, 1.658862, -0.007251,
53.600226, 1.666113, 1.665308, -0.000806,
53.610547, 1.662085, 1.661279, -0.000806,
53.620779, 1.664502, 1.654834, -0.009668,
53.631308, 1.661279, 1.662085, 0.000806,
53.641544, 1.657251, 1.656445, -0.000806,
53.651999, 1.669336, 1.662085, -0.007251,
53.662438, 1.665308, 1.658862, -0.006445,
53.672717, 1.669336, 1.654834, -0.014502,
53.683111, 1.668530, 1.665308, -0.003223,
53.693444, 1.662891, 1.668530, 0.005640,
53.703545, 1.666113, 1.650806, -0.015308,
53.713784, 1.664502, 1.662085, -0.002417,
53.724208, 1.670142, 1.666919, -0.003223,
53.734570, 1.665308, 1.658862, -0.006445,
53.744994, 1.662891, 1.660474, -0.002417,
53.755447, 1.664502, 1.677393, 0.012891,
53.765552, 1.676587, 1.670947, -0.005640,
53.775960, 1.673364, 1.670947, -0.002417,
53.786240, 1.674170, 1.674976, 0.000806,
53.796330, 1.679004, 1.666919, -0.012085,
53.806672, 1.679004, 1.662085, -0.016919,
53.816994, 1.673364, 1.665308, -0.008057,
53.827455, 1.676587, 1.670142, -0.006445,
53.837892, 1.674976, 1.658862, -0.016113,
53.848327, 1.678198, 1.673364, -0.004834,
53.858774, 1.677393, 1.670142, -0.007251,
53.869106, 1.676587, 1.660474, -0.016113,
53.879542, 1.674170, 1.664502, -0.009668,
53.889876, 1.672559, 1.670142, -0.002417,
53.900306, 1.678198, 1.665308, -0.012891,
53.910664, 1.664502, 1.650000, -0.014502,
53.921003, 1.672559, 1.664502, -0.008057,
53.931502, 1.674976, 1.662085, -0.012891,
53.941890, 1.677393, 1.666113, -0.011279,
53.952327, 1.664502, 1.674170, 0.009668,
53.962475, 1.666919, 1.678198, 0.011279,
53.972564, 1.678198, 1.676587, -0.001611,
53.982883, 1.674976, 1.681421, 0.006445,
53.993004, 1.665308, 1.679004, 0.013696,
54.003229, 1.670947, 1.661279, -0.009668,
54.013542, 1.676587, 1.672559, -0.004028,
54.023784, 1.665308, 1.662891, -0.002417,
54.031671, 1.672559, 1.674976, 0.002417,
54.041882, 1.676587, 1.661279, -0.015308,
54.052330, 1.676587, 1.670142, -0.006445,
54.062686, 1.672559, 1.662085, -0.010474,
54.072994, 1.677393, 1.674976, -0.002417,
54.083468, 1.670142, 1.681421, 0.011279,
54.093559, 1.673364, 1.662891, -0.010474,
54.103993, 1.668530, 1.662085, -0.006445,
54.114350, 1.657251, 1.650000, -0.007251,
54.124778, 1.661279, 1.637109, -0.024170,
54.135284, 1.668530, 1.661279, -0.007251,
54.145664, 1.660474, 1.662085, 0.001611,
54.155882, 1.668530, 1.661279, -0.007251,
54.166228, 1.665308, 1.632275, -0.033032,
54.176659, 1.666919, 1.683838, 0.016919,
54.186780, 1.666113, 1.662085, -0.004028,
54.197049, 1.665308, 1.654028, -0.011279,
54.207452, 1.662891, 1.665308, 0.002417,
54.217562, 1.666113, 1.682227, 0.016113,
54.227783, 1.666113, 1.670947, 0.004834,
54.237889, 1.662085, 1.662085, 0.000000,
54.247994, 1.665308, 1.662085, -0.003223,
54.258445, 1.662085, 1.648389, -0.013696,
54.268783, 1.666919, 1.662891, -0.004028,
54.279234, 1.664502, 1.647583, -0.016919,
54.289572, 1.665308, 1.660474, -0.004834,
54.299996, 1.666919, 1.662891, -0.004028,
54.310341, 1.658057, 1.670947, 0.012891,
54.320451, 1.658057, 1.689478, 0.031421,
54.330687, 1.660474, 1.661279, 0.000806,
54.340887, 1.657251, 1.662085, 0.004834,
54.351114, 1.666113, 1.668530, 0.002417,
54.361274, 1.670142, 1.662085, -0.008057,
54.371545, 1.665308, 1.665308, 0.000000,
54.381662, 1.660474, 1.672559, 0.012085,
54.391783, 1.666113, 1.679810, 0.013696,
54.402000, 1.658862, 1.678198, 0.019336,
54.412124, 1.678198, 1.658862, -0.019336,
54.422452, 1.678198, 1.673364, -0.004834,
54.432879, 1.678198, 1.673364, -0.004834,
54.443360, 1.678198, 1.662085, -0.016113,
54.453782, 1.674976, 1.670947, -0.004028,
54.464198, 1.676587, 1.662891, -0.013696,
54.474557, 1.672559, 1.664502, -0.008057,
54.484887, 1.683032, 1.668530, -0.014502,
54.495235, 1.674170, 1.672559, -0.001611,
54.505666, 1.674976, 1.662085, -0.012891,
54.515997, 1.678198, 1.668530, -0.009668,
54.526442, 1.679810, 1.661279, -0.018530,
54.536777, 1.674170, 1.661279, -0.012891,
54.547234, 1.678198, 1.643555, -0.034644,
54.557666, 1.670142, 1.662085, -0.008057,
54.568000, 1.679004, 1.650000, -0.029004,
54.578457, 1.677393, 1.674170, -0.003223,
54.588787, 1.674170, 1.650806, -0.023364,
54.599202, 1.677393, 1.672559, -0.004834,
54.609551, 1.672559, 1.647583, -0.024976,
54.619784, 1.672559, 1.670947, -0.001611,
54.630208, 1.674170, 1.654834, -0.019336,
54.640688, 1.677393, 1.657251, -0.020142,
54.651123, 1.670142, 1.652417, -0.017725,
54.661495, 1.673364, 1.674170, 0.000806,
54.671556, 1.670947, 1.666919, -0.004028,
54.681888, 1.678198, 1.665308, -0.012891,
54.692228, 1.666919, 1.673364, 0.006445,
54.702453, 1.674976, 1.672559, -0.002417,
54.712786, 1.672559, 1.689478, 0.016919,
54.722895, 1.666919, 1.668530, 0.001611,
54.733242, 1.661279, 1.669336, 0.008057,
54.743456, 1.662085, 1.661279, -0.000806,
54.753884, 1.669336, 1.672559, 0.003223,
54.764013, 1.662891, 1.662085, -0.000806,
54.774421, 1.662891, 1.654028, -0.008862,
54.784664, 1.665308, 1.673364, 0.008057,
54.794781, 1.662085, 1.662085, 0.000000,
54.804888, 1.669336, 1.661279, -0.008057,
54.815238, 1.668530, 1.662085, -0.006445,
54.825669, 1.664502, 1.678198, 0.013696,
54.835918, 1.669336, 1.660474, -0.008862,
54.846329, 1.665308, 1.660474, -0.004834,
54.856777, 1.660474, 1.654834, -0.005640,
54.867113, 1.666919, 1.674976, 0.008057,
54.877310, 1.665308, 1.670947, 0.005640,
54.887336, 1.662085, 1.662085, 0.000000,
54.897340, 1.670142, 1.670947, 0.000806,
54.907557, 1.662891, 1.662085, -0.000806,
54.917891, 1.666113, 1.658862, -0.007251,
54.928334, 1.662085, 1.662085, 0.000000,
54.938452, 1.662085, 1.658862, -0.003223,
54.948789, 1.662085, 1.658862, -0.003223,
54.959116, 1.668530, 1.661279, -0.007251,
54.969466, 1.665308, 1.650806, -0.014502,
54.979885, 1.674976, 1.660474, -0.014502,
54.990237, 1.662891, 1.643555, -0.019336,
55.000668, 1.670142, 1.662891, -0.007251,
55.010886, 1.670142, 1.673364, 0.003223,
55.020991, 1.668530, 1.661279, -0.007251,
55.031451, 1.665308, 1.652417, -0.012891,
55.041889, 1.664502, 1.654028, -0.010474,
55.052335, 1.678198, 1.670947, -0.007251,
55.062702, 1.677393, 1.669336, -0.008057,
55.072996, 1.673364, 1.656445, -0.016919,
55.083376, 1.677393, 1.668530, -0.008862,
55.093791, 1.674170, 1.665308, -0.008862,
55.104230, 1.677393, 1.658862, -0.018530,
55.114561, 1.674170, 1.662891, -0.011279,
55.124896, 1.677393, 1.669336, -0.008057,
55.135347, 1.665308, 1.674170, 0.008862,
55.145582, 1.670142, 1.656445, -0.013696,
55.156004, 1.670142, 1.668530, -0.001611,
55.166385, 1.679004, 1.683838, 0.004834,
55.176560, 1.669336, 1.664502, -0.004834,
55.186894, 1.678198, 1.658057, -0.020142,
55.197236, 1.676587, 1.664502, -0.012085,
55.207678, 1.676587, 1.683838, 0.007251,
55.217788, 1.676587, 1.670947, -0.005640,
55.228205, 1.674170, 1.657251, -0.016919,
55.238569, 1.666919, 1.665308, -0.001611,
55.248886, 1.674976, 1.679004, 0.004028,
55.259003, 1.669336, 1.664502, -0.004834,
55.269333, 1.665308, 1.674976, 0.009668,
55.279550, 1.673364, 1.660474, -0.012891,
55.289885, 1.674976, 1.650806, -0.024170,
55.300334, 1.677393, 1.681421, 0.004028,
55.310451, 1.677393, 1.673364, -0.004028,
55.320788, 1.670142, 1.673364, 0.003223,
55.331087, 1.676587, 1.660474, -0.016113,
55.341465, 1.672559, 1.666919, -0.005640,
55.351880, 1.676587, 1.666919, -0.009668,
55.362278, 1.670142, 1.666919, -0.003223,
55.372557, 1.662085, 1.662891, 0.000806,
55.382679, 1.662891, 1.669336, 0.006445,
55.392786, 1.654834, 1.660474, 0.005640,
55.402993, 1.670142, 1.664502, -0.005640,
55.413336, 1.662085, 1.649194, -0.012891,
55.423675, 1.656445, 1.657251, 0.000806,
55.434006, 1.665308, 1.695117, 0.029809,
55.444237, 1.658057, 1.662085, 0.004028,
55.454449, 1.668530, 1.669336, 0.000806,
55.464656, 1.670142, 1.662085, -0.008057,
55.474998, 1.662085, 1.665308, 0.003223,
55.485122, 1.669336, 1.677393, 0.008057,
55.495272, 1.666113, 1.662085, -0.004028,
55.505672, 1.664502, 1.660474, -0.004028,
55.515997, 1.670142, 1.656445, -0.013696,
55.526446, 1.665308, 1.669336, 0.004028,
55.536568, 1.666113, 1.670947, 0.004834,
55.546784, 1.664502, 1.657251, -0.007251,
55.557255, 1.668530, 1.670142, 0.001611,
55.567345, 1.668530, 1.681421, 0.012891,
55.577548, 1.666919, 1.665308, -0.001611,
55.587880, 1.666113, 1.647583, -0.018530,
55.598247, 1.668530, 1.662891, -0.005640,
55.608675, 1.658057, 1.661279, 0.003223,
55.618795, 1.666919, 1.664502, -0.002417,
55.629236, 1.660474, 1.662085, 0.001611,
55.639555, 1.668530, 1.668530, 0.000000,
55.649788, 1.669336, 1.660474, -0.008862,
55.660120, 1.670947, 1.672559, 0.001611,
55.670237, 1.662085, 1.664502, 0.002417,
55.680450, 1.666113, 1.661279, -0.004834,
55.690779, 1.678198, 1.666919, -0.011279,
55.701223, 1.669336, 1.670142, 0.000806,
55.711277, 1.670142, 1.662891, -0.007251,
55.721566, 1.673364, 1.658057, -0.015308,
55.732124, 1.678198, 1.673364, -0.004834,
55.742564, 1.676587, 1.666919, -0.009668,
55.753042, 1.674976, 1.676587, 0.001611,
55.763151, 1.662891, 1.683032, 0.020142,
55.773244, 1.670947, 1.670142, -0.000806,
55.783674, 1.676587, 1.670142, -0.006445,
55.794014, 1.674170, 1.672559, -0.001611,
55.804450, 1.666919, 1.658862, -0.008057,
55.814788, 1.674976, 1.664502, -0.010474,
55.825230, 1.676587, 1.676587, 0.000000,
55.835342, 1.670142, 1.673364, 0.003223,
55.845556, 1.673364, 1.686255, 0.012891,
55.855786, 1.676587, 1.654834, -0.021753,
55.866138, 1.677393, 1.691895, 0.014502,
55.876346, 1.664502, 1.679004, 0.014502,
55.886471, 1.666919, 1.658057, -0.008862,
55.896787, 1.673364, 1.662891, -0.010474,
55.907123, 1.669336, 1.668530, -0.000806,
55.917465, 1.673364, 1.670947, -0.002417,
55.927894, 1.676587, 1.654834, -0.021753,
55.938347, 1.670142, 1.662085, -0.008057,
55.948788, 1.666919, 1.670142, 0.003223,
55.958887, 1.670947, 1.674976, 0.004028,
55.968786, 1.673364, 1.654834, -0.018530,
55.979234, 1.669336, 1.670947, 0.001611,
55.989350, 1.678198, 1.664502, -0.013696,
55.999789, 1.672559, 1.669336, -0.003223,
56.010121, 1.666113, 1.687060, 0.020947,
56.020234, 1.665308, 1.665308, 0.000000,
56.030431, 1.661279, 1.647583, -0.013696,
56.040805, 1.664502, 1.654834, -0.009668,
56.051231, 1.658862, 1.662085, 0.003223,
56.061381, 1.666919, 1.668530, 0.001611,
56.071454, 1.666919, 1.637915, -0.029004,
56.081903, 1.665308, 1.669336, 0.004028,
56.092004, 1.665308, 1.647583, -0.017725,
56.102463, 1.662085, 1.664502, 0.002417,
56.112562, 1.666919, 1.681421, 0.014502,
56.122682, 1.670947, 1.669336, -0.001611,
56.133228, 1.660474, 1.654834, -0.005640,
56.143675, 1.665308, 1.662085, -0.003223,
56.154114, 1.670142, 1.676587, 0.006445,
56.164257, 1.665308, 1.665308, 0.000000,
56.174429, 1.665308, 1.658862, -0.006445,
56.184682, 1.662085, 1.664502, 0.002417,
56.194794, 1.662891, 1.665308, 0.002417,
56.204910, 1.670142, 1.662085, -0.008057,
56.215243, 1.664502, 1.677393, 0.012891,
56.225457, 1.668530, 1.678198, 0.009668,
56.235668, 1.666919, 1.668530, 0.001611,
56.245890, 1.656445, 1.674976, 0.018530,
56.256121, 1.670142, 1.662085, -0.008057,
56.266467, 1.666919, 1.679810, 0.012891,
56.276667, 1.670142, 1.653223, -0.016919,
56.287008, 1.668530, 1.665308, -0.003223,
56.297355, 1.670142, 1.666919, -0.003223,
56.307800, 1.669336, 1.677393, 0.008057,
56.317897, 1.668530, 1.674976, 0.006445,
56.328130, 1.666919, 1.654834, -0.012085,
56.338562, 1.677393, 1.676587, -0.000806,
56.348900, 1.677393, 1.677393, 0.000000,
56.359011, 1.674170, 1.668530, -0.005640,
56.369346, 1.666113, 1.664502, -0.001611,
56.379789, 1.676587, 1.665308, -0.011279,
56.390124, 1.677393, 1.657251, -0.020142,
56.400530, 1.677393, 1.677393, 0.000000,
56.410577, 1.674170, 1.662891, -0.011279,
56.420894, 1.676587, 1.665308, -0.011279,
56.431453, 1.673364, 1.670947, -0.002417,
56.441892, 1.678198, 1.669336, -0.008862,
56.452336, 1.676587, 1.666113, -0.010474,
56.462699, 1.674170, 1.677393, 0.003223,
56.472792, 1.674170, 1.669336, -0.004834,
56.483233, 1.677393, 1.678198, 0.000806,
56.493347, 1.674976, 1.670142, -0.004834,
56.503788, 1.668530, 1.670142, 0.001611,
56.513893, 1.682227, 1.677393, -0.004834,
56.524319, 1.678198, 1.661279, -0.016919,
56.534785, 1.670142, 1.681421, 0.011279,
56.545006, 1.674976, 1.677393, 0.002417,
56.555246, 1.679004, 1.658862, -0.020142,
56.565620, 1.676587, 1.676587, 0.000000,
56.575788, 1.674976, 1.662085, -0.012891,
56.586117, 1.670947, 1.640332, -0.030615,
56.596455, 1.676587, 1.685449, 0.008862,
56.606709, 1.670947, 1.636304, -0.034644,
56.617010, 1.670947, 1.678198, 0.007251,
56.627233, 1.673364, 1.645166, -0.028198,
56.637678, 1.674976, 1.670142, -0.004834,
56.648123, 1.666919, 1.664502, -0.002417,
56.658495, 1.662085, 1.660474, -0.001611,
56.668888, 1.661279, 1.691089, 0.029809,
56.679127, 1.662085, 1.672559, 0.010474,
56.689240, 1.662085, 1.666919, 0.004834,
56.699448, 1.662085, 1.674170, 0.012085,
56.709565, 1.665308, 1.677393, 0.012085,
56.719669, 1.665308, 1.636304, -0.029004,
56.730217, 1.664502, 1.658057, -0.006445,
56.740685, 1.666113, 1.657251, -0.008862,
56.751128, 1.664502, 1.679004, 0.014502,
56.761290, 1.666919, 1.666919, 0.000000,
56.771348, 1.668530, 1.656445, -0.012085,
56.781785, 1.658057, 1.670947, 0.012891,
56.791899, 1.668530, 1.657251, -0.011279,
56.802365, 1.666113, 1.662085, -0.004028,
56.812673, 1.670142, 1.637109, -0.033032,
56.823015, 1.670947, 1.653223, -0.017725,
56.833545, 1.665308, 1.656445, -0.008862,
56.843899, 1.661279, 1.677393, 0.016113,
56.854122, 1.666919, 1.658057, -0.008862,
56.864466, 1.666113, 1.664502, -0.001611,
56.874865, 1.662085, 1.637109, -0.024976,
56.885134, 1.662891, 1.670142, 0.007251,
56.895234, 1.661279, 1.654028, -0.007251,
56.905609, 1.665308, 1.658862, -0.006445,
56.915894, 1.665308, 1.666919, 0.001611,
56.926130, 1.669336, 1.664502, -0.004834,
56.936562, 1.658862, 1.664502, 0.005640,
56.946691, 1.668530, 1.665308, -0.003223,
56.957128, 1.668530, 1.658862, -0.009668,
56.967466, 1.681421, 1.679810, -0.001611,
56.977897, 1.679004, 1.665308, -0.013696,
56.988245, 1.666919, 1.662085, -0.004834,
56.998583, 1.673364, 1.669336, -0.004028,
57.008902, 1.674976, 1.666113, -0.008862,
57.019236, 1.673364, 1.665308, -0.008057,
57.029674, 1.673364, 1.677393, 0.004028,
57.039998, 1.679004, 1.662085, -0.016919,
57.050464, 1.670947, 1.679004, 0.008057,
57.060552, 1.674170, 1.666113, -0.008057,
57.070897, 1.677393, 1.662891, -0.014502,
57.081339, 1.674170, 1.666919, -0.007251,
57.091677, 1.670947, 1.660474, -0.010474,
57.102119, 1.674976, 1.669336, -0.005640,
57.112468, 1.674170, 1.665308, -0.008862,
57.122791, 1.674170, 1.662085, -0.012085,
57.133353, 1.677393, 1.679004, 0.001611,
57.143566, 1.673364, 1.689478, 0.016113,
57.153786, 1.674170, 1.683032, 0.008862,
57.163917, 1.670947, 1.661279, -0.009668,
57.174330, 1.677393, 1.665308, -0.012085,
57.184681, 1.666113, 1.641138, -0.024976,
57.195060, 1.674170, 1.670947, -0.003223,
57.205456, 1.679810, 1.647583, -0.032227,
57.215796, 1.666113, 1.662085, -0.004028,
57.226210, 1.670947, 1.662891, -0.008057,
57.236567, 1.672559, 1.670947, -0.001611,
57.247006, 1.674976, 1.662085, -0.012891,
57.257465, 1.674976, 1.654834, -0.020142,
57.267902, 1.673364, 1.666113, -0.007251,
57.278349, 1.672559, 1.662085, -0.010474,
57.288689, 1.658862, 1.662085, 0.003223,
57.298801, 1.658862, 1.666919, 0.008057,
57.308894, 1.665308, 1.662085, -0.003223,
57.319243, 1.662085, 1.664502, 0.002417,
57.329469, 1.662085, 1.653223, -0.008862,
57.339887, 1.670142, 1.654028, -0.016113,
57.350322, 1.668530, 1.665308, -0.003223,
57.360563, 1.662085, 1.643555, -0.018530,
57.370900, 1.658862, 1.650000, -0.008862,
57.381332, 1.658862, 1.670142, 0.011279,
57.391488, 1.662085, 1.662891, 0.000806,
57.401668, 1.657251, 1.662085, 0.004834,
57.411793, 1.665308, 1.660474, -0.004834,
57.422063, 1.661279, 1.645972, -0.015308,
57.432565, 1.665308, 1.670142, 0.004834,
57.442757, 1.666919, 1.662085, -0.004834,
57.453160, 1.660474, 1.679004, 0.018530,
57.463312, 1.669336, 1.669336, 0.000000,
57.473345, 1.658862, 1.654834, -0.004028,
57.483679, 1.670142, 1.660474, -0.009668,
57.494010, 1.664502, 1.672559, 0.008057,
57.504240, 1.666113, 1.654834, -0.011279,
57.514576, 1.662085, 1.657251, -0.004834,
57.525013, 1.665308, 1.657251, -0.008057,
57.535345, 1.664502, 1.679810, 0.015308,
57.545565, 1.666919, 1.649194, -0.017725,
57.556013, 1.665308, 1.666919, 0.001611,
57.566140, 1.666919, 1.672559, 0.005640,
57.576356, 1.670142, 1.650806, -0.019336,
57.586680, 1.668530, 1.650806, -0.017725,
57.597018, 1.670142, 1.666919, -0.003223,
57.607347, 1.670142, 1.666919, -0.003223,
57.617685, 1.674170, 1.664502, -0.009668,
57.628128, 1.674170, 1.662085, -0.012085,
57.638582, 1.672559, 1.662891, -0.009668,
57.648902, 1.674976, 1.672559, -0.002417,
57.659247, 1.674976, 1.664502, -0.010474,
57.669569, 1.676587, 1.683838, 0.007251,
57.679682, 1.676587, 1.641943, -0.034644,
57.690015, 1.670142, 1.649194, -0.020947,
57.700465, 1.673364, 1.670142, -0.003223,
57.710801, 1.673364, 1.674976, 0.001611,
57.720906, 1.674170, 1.650806, -0.023364,
57.731354, 1.677393, 1.666919, -0.010474,
57.741803, 1.674976, 1.640332, -0.034644,
57.752252, 1.666919, 1.670142, 0.003223,
57.762400, 1.677393, 1.669336, -0.008057,
57.772675, 1.674976, 1.664502, -0.010474,
57.783123, 1.670142, 1.683838, 0.013696,
57.793248, 1.678198, 1.662085, -0.016113,
57.803677, 1.666919, 1.668530, 0.001611,
57.813799, 1.677393, 1.666919, -0.010474,
57.824216, 1.673364, 1.664502, -0.008862,
57.834621, 1.664502, 1.649194, -0.015308,
57.845011, 1.673364, 1.668530, -0.004834,
57.855456, 1.677393, 1.654834, -0.022559,
57.865801, 1.677393, 1.669336, -0.008057,
57.876244, 1.677393, 1.662085, -0.015308,
57.886569, 1.674976, 1.665308, -0.009668,
57.896801, 1.670947, 1.658862, -0.012085,
57.907132, 1.676587, 1.649194, -0.027393,
57.917471, 1.670142, 1.650806, -0.019336,
57.927899, 1.668530, 1.666919, -0.001611,
57.938354, 1.670947, 1.674170, 0.003223,
57.948568, 1.665308, 1.648389, -0.016919,
57.958907, 1.662891, 1.669336, 0.006445,
57.969010, 1.666919, 1.653223, -0.013696,
57.979465, 1.658057, 1.664502, 0.006445,
57.989572, 1.668530, 1.658057, -0.010474,
58.000017, 1.662085, 1.668530, 0.006445,
58.010129, 1.661279, 1.654028, -0.007251,
58.020465, 1.657251, 1.650000, -0.007251,
58.030982, 1.665308, 1.681421, 0.016113,
58.041128, 1.665308, 1.662085, -0.003223,
58.051566, 1.665308, 1.679004, 0.013696,
58.061657, 1.665308, 1.660474, -0.004834,
58.071904, 1.662085, 1.661279, -0.000806,
58.082358, 1.665308, 1.664502, -0.000806,
58.092681, 1.665308, 1.658057, -0.007251,
58.103134, 1.666919, 1.662085, -0.004834,
58.113485, 1.658862, 1.660474, 0.001611,
58.123583, 1.665308, 1.654028, -0.011279,
58.134095, 1.662891, 1.660474, -0.002417,
58.144507, 1.665308, 1.661279, -0.004028,
58.154904, 1.666113, 1.649194, -0.016919,
58.165268, 1.670142, 1.658862, -0.011279,
58.175681, 1.668530, 1.654028, -0.014502,
58.186035, 1.670142, 1.666113, -0.004028,
58.196362, 1.666113, 1.665308, -0.000806,
58.206799, 1.660474, 1.662085, 0.001611,
58.216911, 1.662891, 1.662085, -0.000806,
58.227340, 1.668530, 1.654834, -0.013696,
58.237689, 1.670142, 1.652417, -0.017725,
58.248127, 1.677393, 1.670142, -0.007251,
58.258566, 1.679004, 1.657251, -0.021753,
58.268897, 1.679810, 1.670947, -0.008862,
58.279345, 1.677393, 1.669336, -0.008057,
58.289681, 1.674170, 1.654834, -0.019336,
58.300104, 1.665308, 1.645972, -0.019336,
58.310476, 1.677393, 1.662085, -0.015308,
58.320801, 1.677393, 1.669336, -0.008057,
58.331322, 1.673364, 1.672559, -0.000806,
58.341683, 1.669336, 1.670947, 0.001611,
58.351891, 1.676587, 1.674170, -0.002417,
58.362269, 1.677393, 1.672559, -0.004834,
58.372576, 1.676587, 1.664502, -0.012085,
58.383015, 1.670142, 1.665308, -0.004834,
58.393349, 1.668530, 1.664502, -0.004028,
58.403797, 1.674170, 1.661279, -0.012891,
58.414136, 1.672559, 1.674170, 0.001611,
58.424331, 1.674170, 1.640332, -0.033838,
58.434693, 1.674170, 1.670947, -0.003223,
58.445133, 1.679004, 1.672559, -0.006445,
58.455571, 1.674170, 1.666919, -0.007251,
58.466029, 1.666113, 1.685449, 0.019336,
58.476241, 1.679004, 1.664502, -0.014502,
58.486566, 1.677393, 1.666919, -0.010474,
58.496817, 1.673364, 1.657251, -0.016113,
58.507249, 1.673364, 1.662085, -0.011279,
58.517572, 1.670947, 1.670947, 0.000000,
58.527683, 1.673364, 1.662085, -0.011279,
58.538133, 1.658862, 1.661279, 0.002417,
58.548359, 1.677393, 1.670947, -0.006445,
58.558799, 1.666919, 1.662085, -0.004834,
58.569133, 1.664502, 1.666113, 0.001611,
58.579349, 1.658862, 1.664502, 0.005640,
58.589469, 1.666113, 1.672559, 0.006445,
58.599659, 1.658057, 1.657251, -0.000806,
58.609905, 1.666113, 1.654028, -0.012085,
58.620252, 1.669336, 1.650000, -0.019336,
58.630797, 1.662085, 1.664502, 0.002417,
58.641034, 1.662085, 1.662891, 0.000806,
58.650794, 1.665308, 1.662085, -0.003223,
58.661184, 1.654834, 1.658862, 0.004028,
58.671251, 1.665308, 1.657251, -0.008057,
58.681685, 1.662085, 1.666113, 0.004028,
58.691799, 1.668530, 1.676587, 0.008057,
58.702050, 1.666113, 1.662085, -0.004028,
58.712345, 1.666113, 1.668530, 0.002417,
58.722466, 1.665308, 1.657251, -0.008057,
58.732893, 1.670142, 1.677393, 0.007251,
58.743124, 1.662891, 1.662085, -0.000806,
58.753567, 1.662085, 1.660474, -0.001611,
58.763896, 1.665308, 1.673364, 0.008057,
58.774101, 1.668530, 1.647583, -0.020947,
58.784469, 1.665308, 1.677393, 0.012085,
58.794575, 1.664502, 1.662085, -0.002417,
58.804907, 1.668530, 1.660474, -0.008057,
58.815250, 1.666113, 1.666113, 0.000000,
58.825470, 1.669336, 1.665308, -0.004028,
58.835917, 1.673364, 1.670947, -0.002417,
58.846358, 1.668530, 1.662085, -0.006445,
58.856807, 1.660474, 1.650806, -0.009668,
58.867139, 1.665308, 1.647583, -0.017725,
58.877564, 1.669336, 1.657251, -0.012085,
58.887903, 1.677393, 1.665308, -0.012085,
58.898246, 1.677393, 1.679004, 0.001611,
58.908461, 1.679004, 1.662085, -0.016919,
58.918805, 1.674976, 1.662891, -0.012085,
58.929248, 1.674976, 1.670142, -0.004834,
58.940186, 1.674976, 1.657251, -0.017725,
58.950556, 1.666919, 1.685449, 0.018530,
58.960568, 1.670947, 1.676587, 0.005640,
58.970661, 1.677393, 1.661279, -0.016113,
58.981033, 1.674976, 1.660474, -0.014502,
58.991355, 1.678198, 1.661279, -0.016919,
59.001806, 1.677393, 1.677393, 0.000000,
59.011816, 1.677393, 1.654834, -0.022559,
59.022138, 1.670142, 1.670947, 0.000806,
59.032470, 1.679004, 1.683838, 0.004834,
59.042682, 1.674976, 1.670142, -0.004834,
59.053138, 1.676587, 1.650806, -0.025781,
59.063529, 1.674976, 1.678198, 0.003223,
59.073580, 1.662085, 1.664502, 0.002417,
59.083695, 1.666919, 1.674976, 0.008057,
59.093805, 1.670947, 1.676587, 0.005640,
59.104029, 1.679004, 1.665308, -0.013696,
59.114350, 1.670142, 1.674976, 0.004834,
59.124555, 1.672559, 1.677393, 0.004834,
59.134801, 1.669336, 1.637109, -0.032227,
59.145250, 1.678198, 1.666113, -0.012085,
59.155684, 1.669336, 1.665308, -0.004028,
59.166133, 1.670142, 1.662891, -0.007251,
59.176571, 1.679004, 1.664502, -0.014502,
59.186900, 1.662891, 1.645166, -0.017725,
59.197257, 1.679004, 1.668530, -0.010474,
59.207685, 1.662891, 1.669336, 0.006445,
59.217803, 1.665308, 1.654834, -0.010474,
59.228270, 1.665308, 1.670947, 0.005640,
59.238469, 1.660474, 1.648389, -0.012085,
59.248807, 1.668530, 1.666113, -0.002417,
59.259142, 1.670142, 1.682227, 0.012085,
59.269254, 1.658057, 1.673364, 0.015308,
59.279475, 1.664502, 1.662085, -0.002417,
59.289814, 1.664502, 1.664502, 0.000000,
59.300017, 1.661279, 1.666113, 0.004834,
59.310130, 1.666113, 1.665308, -0.000806,
59.320468, 1.665308, 1.652417, -0.012891,
59.330893, 1.668530, 1.664502, -0.004028,
59.341349, 1.665308, 1.689478, 0.024170,
59.351579, 1.669336, 1.654834, -0.014502,
59.361984, 1.661279, 1.658862, -0.002417,
59.372246, 1.666919, 1.665308, -0.001611,
59.382579, 1.670142, 1.658057, -0.012085,
59.392900, 1.658862, 1.656445, -0.002417,
59.403370, 1.668530, 1.691089, 0.022559,
59.413475, 1.669336, 1.662085, -0.007251,
59.423815, 1.665308, 1.654834, -0.010474,
59.434261, 1.668530, 1.670142, 0.001611,
59.444465, 1.666919, 1.662891, -0.004028,
59.454905, 1.670142, 1.657251, -0.012891,
59.465330, 1.668530, 1.677393, 0.008862,
59.475465, 1.668530, 1.678198, 0.009668,
59.485571, 1.662891, 1.654834, -0.008057,
59.495907, 1.666919, 1.662891, -0.004028,
59.506258, 1.670142, 1.658057, -0.012085,
59.516580, 1.670947, 1.673364, 0.002417,
59.526699, 1.677393, 1.674170, -0.003223,
59.537139, 1.679810, 1.661279, -0.018530,
59.547579, 1.670142, 1.678198, 0.008057,
59.557799, 1.679004, 1.665308, -0.013696,
59.568135, 1.683838, 1.670947, -0.012891,
59.578567, 1.674170, 1.674170, 0.000000,
59.588578, 1.672559, 1.658862, -0.013696,
59.598901, 1.674976, 1.666113, -0.008862,
59.609253, 1.674976, 1.668530, -0.006445,
59.619590, 1.677393, 1.669336, -0.008057,
59.630108, 1.676587, 1.670142, -0.006445,
59.640558, 1.674170, 1.662085, -0.012085,
59.651009, 1.674170, 1.670142, -0.004028,
59.661396, 1.672559, 1.670947, -0.001611,
59.671689, 1.670947, 1.658862, -0.012085,
59.682138, 1.672559, 1.683032, 0.010474,
59.692244, 1.677393, 1.666113, -0.011279,
59.702691, 1.677393, 1.654834, -0.022559,
59.713015, 1.673364, 1.645972, -0.027393,
59.723359, 1.673364, 1.662085, -0.011279,
59.733805, 1.677393, 1.650000, -0.027393,
59.744255, 1.676587, 1.662085, -0.014502,
59.754690, 1.679004, 1.654028, -0.024976,
59.765104, 1.658862, 1.676587, 0.017725,
59.775251, 1.672559, 1.669336, -0.003223,
59.785568, 1.665308, 1.673364, 0.008057,
59.795587, 1.673364, 1.666113, -0.007251,
59.806031, 1.673364, 1.662085, -0.011279,
59.816380, 1.677393, 1.672559, -0.004834,
59.826809, 1.674170, 1.666919, -0.007251,
59.837253, 1.673364, 1.648389, -0.024976,
59.847692, 1.674976, 1.666113, -0.008862,
59.858138, 1.670142, 1.657251, -0.012891,
59.868560, 1.665308, 1.673364, 0.008057,
59.878695, 1.668530, 1.665308, -0.003223,
59.889031, 1.665308, 1.666113, 0.000806,
59.899227, 1.664502, 1.670947, 0.006445,
59.909362, 1.662085, 1.661279, -0.000806,
59.919697, 1.666113, 1.665308, -0.000806,
59.930224, 1.665308, 1.658057, -0.007251,
59.940686, 1.665308, 1.666113, 0.000806,
59.950898, 1.666113, 1.686255, 0.020142,
59.961018, 1.669336, 1.658057, -0.011279,
59.971365, 1.670142, 1.637915, -0.032227,
59.981802, 1.666113, 1.674170, 0.008057,
59.991911, 1.668530, 1.665308, -0.003223,
60.002258, 1.669336, 1.654028, -0.015308,
60.012603, 1.670142, 1.665308, -0.004834,
60.022909, 1.666919, 1.656445, -0.010474,
60.033362, 1.666919, 1.674170, 0.007251,
60.043576, 1.666919, 1.664502, -0.002417,
60.054031, 1.664502, 1.657251, -0.007251,
60.064434, 1.665308, 1.668530, 0.003223,
60.074563, 1.662891, 1.662085, -0.000806,
60.084812, 1.670142, 1.672559, 0.002417,
60.094908, 1.669336, 1.672559, 0.003223,
60.105130, 1.670142, 1.666919, -0.003223,
60.115472, 1.666919, 1.660474, -0.006445,
60.125903, 1.661279, 1.654834, -0.006445,
60.136360, 1.662891, 1.645972, -0.016919,
60.146814, 1.669336, 1.679810, 0.010474,
60.157015, 1.672559, 1.652417, -0.020142,
60.167366, 1.678198, 1.678198, 0.000000,
60.177547, 1.673364, 1.662085, -0.011279,
60.187806, 1.679810, 1.645166, -0.034644,
60.198138, 1.681421, 1.674170, -0.007251,
60.208471, 1.674976, 1.664502, -0.010474,
60.218809, 1.670142, 1.668530, -0.001611,
60.229254, 1.674170, 1.677393, 0.003223,
60.239573, 1.674976, 1.662891, -0.012085,
60.250038, 1.677393, 1.677393, 0.000000,
60.260033, 1.662085, 1.658862, -0.003223,
60.270352, 1.677393, 1.661279, -0.016113,
60.280802, 1.674976, 1.677393, 0.002417,
60.290903, 1.679004, 1.654834, -0.024170,
60.301253, 1.678198, 1.670142, -0.008057,
60.311578, 1.676587, 1.665308, -0.011279,
60.321810, 1.670947, 1.662085, -0.008862,
60.332253, 1.674976, 1.686255, 0.011279,
60.342485, 1.669336, 1.674976, 0.005640,
60.352690, 1.670142, 1.682227, 0.012085,
60.362877, 1.673364, 1.677393, 0.004028,
60.372909, 1.674170, 1.658862, -0.015308,
60.383252, 1.665308, 1.674170, 0.008862,
60.393369, 1.672559, 1.683838, 0.011279,
60.403587, 1.670947, 1.662085, -0.008862,
60.413921, 1.674976, 1.662085, -0.012891,
60.424345, 1.673364, 1.662085, -0.011279,
60.434807, 1.668530, 1.676587, 0.008057,
60.445028, 1.674976, 1.666113, -0.008862,
60.455474, 1.672559, 1.662085, -0.010474,
60.465815, 1.674976, 1.666113, -0.008862,
60.476256, 1.670947, 1.662085, -0.008862,
60.486563, 1.661279, 1.664502, 0.003223,
60.496598, 1.662891, 1.666919, 0.004028,
60.506806, 1.666919, 1.657251, -0.009668,
60.517140, 1.662891, 1.662085, -0.000806,
60.527566, 1.666113, 1.654028, -0.012085,
60.537939, 1.668530, 1.657251, -0.011279,
60.548360, 1.662085, 1.691895, 0.029810,
60.558588, 1.665308, 1.666919, 0.001611,
60.568690, 1.668530, 1.665308, -0.003223,
60.579142, 1.666919, 1.660474, -0.006445,
60.589474, 1.665308, 1.661279, -0.004028,
60.599813, 1.662891, 1.678198, 0.015308,
60.609913, 1.664502, 1.662085, -0.002417,
60.620259, 1.668530, 1.665308, -0.003223,
60.630812, 1.666919, 1.661279, -0.005640,
60.641259, 1.666113, 1.670142, 0.004028,
60.651471, 1.668530, 1.683032, 0.014502,
60.661620, 1.668530, 1.670142, 0.001611,
60.671698, 1.665308, 1.670947, 0.005640,
60.681918, 1.670142, 1.666113, -0.004028,
60.692259, 1.666919, 1.666919, 0.000000,
60.702482, 1.666919, 1.662085, -0.004834,
60.712808, 1.670947, 1.660474, -0.010474,
60.723145, 1.669336, 1.647583, -0.021753,
60.733680, 1.660474, 1.673364, 0.012891,
60.743918, 1.670142, 1.662085, -0.008057,
60.754354, 1.662085, 1.662085, 0.000000,
60.764419, 1.662891, 1.658862, -0.004028,
60.774807, 1.670142, 1.650000, -0.020142,
60.785147, 1.668530, 1.670947, 0.002417,
60.795256, 1.666113, 1.672559, 0.006445,
60.805475, 1.676587, 1.670947, -0.005640,
60.815800, 1.678198, 1.674976, -0.003223,
60.826231, 1.676587, 1.670142, -0.006445,
60.836580, 1.670142, 1.666919, -0.003223,
60.846914, 1.677393, 1.669336, -0.008057,
60.857363, 1.676587, 1.662085, -0.014502,
60.867800, 1.677393, 1.665308, -0.012085,
60.878266, 1.677393, 1.666919, -0.010474,
60.888577, 1.677393, 1.677393, 0.000000,
60.898567, 1.674170, 1.679004, 0.004834,
60.908651, 1.674170, 1.676587, 0.002417,
60.918698, 1.674976, 1.645972, -0.029004,
60.929137, 1.674976, 1.664502, -0.010474,
60.939679, 1.670142, 1.666113, -0.004028,
60.950119, 1.666113, 1.687866, 0.021753,
60.960156, 1.670142, 1.664502, -0.005640,
60.970483, 1.670142, 1.679810, 0.009668,
60.980676, 1.676587, 1.666113, -0.010474,
60.991037, 1.678198, 1.670142, -0.008057,
61.001474, 1.676587, 1.666113, -0.010474,
61.011809, 1.674170, 1.662085, -0.012085,
61.022057, 1.677393, 1.654834, -0.022559,
61.032578, 1.670142, 1.666113, -0.004028,
61.043037, 1.670947, 1.670142, -0.000806,
61.053477, 1.677393, 1.678198, 0.000806,
61.063661, 1.674170, 1.665308, -0.008862,
61.073922, 1.674170, 1.658057, -0.016113,
61.084258, 1.672559, 1.666919, -0.005640,
61.094583, 1.662891, 1.673364, 0.010474,
61.104806, 1.670947, 1.650000, -0.020947,
61.115148, 1.677393, 1.669336, -0.008057,
61.125562, 1.662891, 1.657251, -0.005640,
61.136036, 1.665308, 1.648389, -0.016919,
61.146477, 1.661279, 1.650806, -0.010474,
61.156916, 1.662085, 1.652417, -0.009668,
61.167257, 1.660474, 1.679810, 0.019336,
61.177476, 1.654834, 1.658862, 0.004028,
61.187588, 1.662085, 1.660474, -0.001611,
61.197912, 1.662891, 1.679004, 0.016113,
61.208037, 1.668530, 1.656445, -0.012085,
61.218362, 1.666919, 1.668530, 0.001611,
61.228582, 1.666113, 1.664502, -0.001611,
61.239118, 1.661279, 1.664502, 0.003223,
61.249350, 1.664502, 1.661279, -0.003223,
61.259717, 1.662085, 1.674170, 0.012085,
61.269804, 1.666919, 1.656445, -0.010474,
61.280167, 1.664502, 1.661279, -0.003223,
61.290492, 1.666113, 1.658862, -0.007251,
61.300917, 1.662891, 1.666113, 0.003223,
61.311047, 1.665308, 1.647583, -0.017725,
61.321367, 1.668530, 1.654834, -0.013696,
61.331912, 1.665308, 1.662891, -0.002417,
61.342359, 1.668530, 1.662085, -0.006445,
61.352813, 1.662085, 1.670142, 0.008057,
61.362942, 1.668530, 1.652417, -0.016113,
61.373263, 1.660474, 1.654028, -0.006445,
61.383695, 1.662085, 1.672559, 0.010474,
61.393802, 1.669336, 1.660474, -0.008862,
61.404260, 1.661279, 1.668530, 0.007251,
61.414359, 1.668530, 1.665308, -0.003223,
61.424810, 1.672559, 1.665308, -0.007251,
61.435257, 1.670142, 1.662891, -0.007251,
61.445699, 1.676587, 1.669336, -0.007251,
61.456172, 1.677393, 1.658057, -0.019336,
61.466515, 1.678198, 1.674976, -0.003223,
61.476910, 1.679810, 1.674170, -0.005640,
61.487261, 1.677393, 1.652417, -0.024976,
61.497579, 1.674170, 1.648389, -0.025781,
61.507919, 1.673364, 1.677393, 0.004028,
61.518039, 1.670142, 1.679004, 0.008862,
61.528261, 1.672559, 1.668530, -0.004028,
61.538692, 1.672559, 1.662085, -0.010474,
61.549229, 1.674170, 1.670142, -0.004028,
61.559579, 1.670947, 1.661279, -0.009668,
61.569917, 1.670142, 1.670947, 0.000806,
61.580140, 1.677393, 1.677393, 0.000000,
61.590144, 1.666113, 1.654834, -0.011279,
61.600554, 1.670142, 1.662085, -0.008057,
61.610818, 1.670142, 1.664502, -0.005640,
61.621144, 1.677393, 1.661279, -0.016113,
61.631692, 1.679004, 1.664502, -0.014502,
61.642144, 1.670947, 1.662085, -0.008862,
61.652609, 1.674976, 1.650000, -0.024976,
61.662963, 1.668530, 1.639526, -0.029004,
61.673263, 1.676587, 1.654028, -0.022559,
61.683695, 1.676587, 1.647583, -0.029004,
61.694040, 1.677393, 1.643555, -0.033838,
61.704477, 1.669336, 1.662085, -0.007251,
61.714811, 1.673364, 1.677393, 0.004028,
61.725033, 1.677393, 1.673364, -0.004028,
61.735476, 1.673364, 1.683838, 0.010474,
61.745699, 1.676587, 1.658057, -0.018530,
61.756161, 1.678198, 1.662085, -0.016113,
61.766503, 1.669336, 1.672559, 0.003223,
61.776693, 1.669336, 1.664502, -0.004834,
61.787035, 1.664502, 1.665308, 0.000806,
61.797076, 1.662085, 1.653223, -0.008862,
61.807483, 1.665308, 1.676587, 0.011279,
61.817587, 1.662085, 1.661279, -0.000806,
61.828040, 1.662085, 1.669336, 0.007251,
61.838142, 1.658862, 1.656445, -0.002417,
61.848605, 1.662891, 1.669336, 0.006445,
61.858696, 1.670142, 1.672559, 0.002417,
61.868810, 1.668530, 1.658862, -0.009668,
61.879260, 1.666919, 1.645972, -0.020947,
61.889585, 1.664502, 1.647583, -0.016919,
61.899968, 1.668530, 1.670947, 0.002417,
61.910039, 1.670142, 1.676587, 0.006445,
61.920148, 1.670142, 1.679810, 0.009668,
61.930455, 1.657251, 1.676587, 0.019336,
61.940568, 1.665308, 1.654834, -0.010474,
61.950998, 1.665308, 1.629858, -0.035449,
61.961346, 1.670947, 1.686255, 0.015308,
61.971474, 1.657251, 1.658862, 0.001611,
61.981694, 1.664502, 1.662085, -0.002417,
61.992043, 1.668530, 1.660474, -0.008057,
62.002477, 1.665308, 1.670142, 0.004834,
62.012594, 1.670142, 1.658862, -0.011279,
62.022913, 1.662085, 1.656445, -0.005640,
62.033362, 1.668530, 1.678198, 0.009668,
62.043588, 1.654834, 1.654834, 0.000000,
62.053814, 1.664502, 1.658862, -0.005640,
62.064222, 1.670947, 1.664502, -0.006445,
62.074575, 1.662085, 1.665308, 0.003223,
62.084589, 1.679810, 1.678198, -0.001611,
62.094915, 1.677393, 1.666919, -0.010474,
62.105360, 1.676587, 1.654834, -0.021753,
62.115696, 1.677393, 1.669336, -0.008057,
62.126149, 1.672559, 1.645972, -0.026587,
62.136696, 1.678198, 1.672559, -0.005640,
62.147150, 1.673364, 1.670142, -0.003223,
62.157593, 1.670947, 1.654834, -0.016113,
62.167934, 1.677393, 1.664502, -0.012891,
62.178377, 1.677393, 1.670142, -0.007251,
62.188698, 1.673364, 1.664502, -0.008862,
62.199114, 1.678198, 1.672559, -0.005640,
62.209377, 1.674976, 1.672559, -0.002417,
62.219706, 1.674170, 1.683838, 0.009668,
62.229920, 1.672559, 1.666113, -0.006445,
62.240347, 1.674170, 1.662085, -0.012085,
62.250806, 1.674170, 1.665308, -0.008862,
62.261182, 1.679004, 1.666919, -0.012085,
62.271480, 1.679004, 1.660474, -0.018530,
62.281910, 1.670947, 1.676587, 0.005640,
62.292043, 1.673364, 1.658862, -0.014502,
62.302483, 1.673364, 1.658862, -0.014502,
62.312810, 1.674976, 1.677393, 0.002417,
62.322913, 1.673364, 1.658057, -0.015308,
62.333362, 1.676587, 1.674976, -0.001611,
62.343815, 1.665308, 1.674976, 0.009668,
62.354041, 1.677393, 1.666113, -0.011279,
62.364421, 1.672559, 1.665308, -0.007251,
62.374809, 1.674170, 1.647583, -0.026587,
62.385153, 1.677393, 1.665308, -0.012085,
62.395481, 1.670947, 1.670142, -0.000806,
62.405814, 1.669336, 1.660474, -0.008862,
62.416154, 1.668530, 1.668530, 0.000000,
62.426273, 1.665308, 1.650806, -0.014502,
62.436710, 1.666113, 1.650000, -0.016113,
62.447147, 1.665308, 1.678198, 0.012891,
62.457380, 1.664502, 1.670142, 0.005640,
62.467519, 1.660474, 1.661279, 0.000806,
62.477696, 1.662891, 1.673364, 0.010474,
62.487816, 1.662085, 1.665308, 0.003223,
62.497922, 1.662085, 1.666113, 0.004028,
62.508055, 1.665308, 1.656445, -0.008862,
62.518366, 1.666919, 1.672559, 0.005640,
62.528586, 1.668530, 1.662085, -0.006445,
62.538927, 1.664502, 1.647583, -0.016919,
62.549355, 1.668530, 1.678198, 0.009668,
62.559482, 1.664502, 1.664502, 0.000000,
62.569623, 1.664502, 1.674976, 0.010474,
62.579813, 1.666113, 1.670947, 0.004834,
62.589923, 1.664502, 1.674170, 0.009668,
62.600129, 1.670142, 1.658862, -0.011279,
62.610489, 1.666113, 1.666113, 0.000000,
62.620490, 1.670142, 1.665308, -0.004834,
62.630919, 1.662085, 1.660474, -0.001611,
62.641366, 1.661279, 1.662085, 0.000806,
62.651587, 1.665308, 1.645166, -0.020142,
62.661970, 1.669336, 1.660474, -0.008862,
62.672269, 1.670142, 1.657251, -0.012891,
62.682703, 1.670947, 1.666919, -0.004028,
62.693049, 1.670947, 1.657251, -0.013696,
62.703484, 1.662085, 1.650000, -0.012085,
62.713817, 1.666919, 1.662085, -0.004834,
62.724232, 1.674976, 1.670142, -0.004834,
62.734607, 1.678198, 1.670142, -0.008057,
62.745045, 1.679004, 1.678198, -0.000806,
62.755481, 1.666113, 1.669336, 0.003223,
62.765610, 1.676587, 1.685449, 0.008862,
62.775815, 1.674170, 1.664502, -0.009668,
62.786152, 1.674170, 1.654834, -0.019336,
62.796481, 1.674976, 1.660474, -0.014502,
62.806920, 1.677393, 1.650806, -0.026587,
62.817269, 1.677393, 1.670947, -0.006445,
62.827701, 1.668530, 1.657251, -0.011279,
62.838148, 1.677393, 1.654028, -0.023364,
62.848589, 1.674976, 1.670947, -0.004028,
62.858923, 1.665308, 1.683032, 0.017725,
62.869048, 1.677393, 1.645166, -0.032227,
62.879485, 1.673364, 1.669336, -0.004028,
62.889819, 1.674170, 1.656445, -0.017725,
62.900259, 1.672559, 1.674170, 0.001611,
62.910373, 1.678198, 1.664502, -0.013696,
62.920700, 1.674976, 1.662085, -0.012891,
62.931262, 1.673364, 1.673364, 0.000000,
62.941477, 1.674976, 1.656445, -0.018530,
62.951914, 1.662085, 1.658862, -0.003223,
62.962271, 1.674170, 1.670142, -0.004028,
62.972591, 1.670142, 1.666113, -0.004028,
62.983042, 1.670947, 1.666113, -0.004834,
62.993357, 1.673364, 1.674170, 0.000806,
63.003593, 1.677393, 1.662085, -0.015308,
63.013923, 1.674976, 1.674976, 0.000000,
63.023926, 1.670947, 1.674170, 0.003223,
63.034152, 1.677393, 1.673364, -0.004028,
63.044588, 1.666919, 1.672559, 0.005640,
63.054821, 1.661279, 1.670142, 0.008862,
63.064940, 1.661279, 1.670947, 0.009668,
63.075136, 1.660474, 1.637109, -0.023364,
63.085492, 1.665308, 1.658862, -0.006445,
63.095830, 1.662891, 1.658057, -0.004834,
63.106274, 1.670142, 1.654028, -0.016113,
63.116586, 1.668530, 1.664502, -0.004028,
63.126917, 1.666113, 1.656445, -0.009668,
63.137374, 1.665308, 1.679810, 0.014502,
63.147585, 1.665308, 1.664502, -0.000806,
63.158044, 1.662085, 1.668530, 0.006445,
63.168183, 1.664502, 1.664502, 0.000000,
63.178370, 1.666919, 1.661279, -0.005640,
63.188692, 1.665308, 1.641138, -0.024170,
63.199110, 1.665308, 1.672559, 0.007251,
63.209151, 1.666919, 1.662085, -0.004834,
63.219484, 1.666919, 1.670947, 0.004028,
63.229700, 1.668530, 1.662085, -0.006445,
63.240253, 1.670142, 1.654834, -0.015308,
63.250700, 1.670142, 1.670142, 0.000000,
63.260708, 1.666113, 1.676587, 0.010474,
63.270817, 1.668530, 1.670142, 0.001611,
63.280939, 1.662891, 1.673364, 0.010474,
63.291062, 1.657251, 1.654834, -0.002417,
63.301477, 1.662891, 1.666919, 0.004028,
63.311583, 1.666113, 1.658057, -0.008057,
63.321829, 1.664502, 1.664502, 0.000000,
63.332043, 1.670947, 1.686255, 0.015308,
63.342269, 1.674170, 1.662085, -0.012085,
63.352703, 1.669336, 1.672559, 0.003223,
63.362853, 1.669336, 1.668530, -0.000806,
63.373148, 1.679004, 1.658862, -0.020142,
63.382260, 1.679004, 1.645166, -0.033838,
63.392598, 1.674170, 1.687866, 0.013696,
63.402820, 1.672559, 1.670142, -0.002417,
63.413158, 1.682227, 1.683838, 0.001611,
63.423266, 1.673364, 1.657251, -0.016113,
63.433824, 1.677393, 1.662085, -0.015308,
63.444268, 1.674170, 1.674170, 0.000000,
63.454489, 1.674976, 1.658057, -0.016919,
63.464861, 1.681421, 1.673364, -0.008057,
63.475269, 1.670142, 1.666919, -0.003223,
63.485585, 1.678198, 1.670947, -0.007251,
63.495917, 1.674976, 1.668530, -0.006445,
63.506269, 1.674170, 1.661279, -0.012891,
63.516586, 1.677393, 1.677393, 0.000000,
63.526693, 1.670947, 1.639526, -0.031421,
63.537155, 1.676587, 1.662085, -0.014502,
63.547591, 1.674976, 1.664502, -0.010474,
63.558044, 1.679004, 1.674170, -0.004834,
63.568369, 1.678198, 1.666919, -0.011279,
63.578819, 1.678198, 1.668530, -0.009668,
63.589150, 1.674976, 1.670142, -0.004834,
63.599573, 1.674170, 1.674170, 0.000000,
63.609590, 1.669336, 1.666919, -0.002417,
63.619923, 1.678198, 1.658862, -0.019336,
63.630475, 1.676587, 1.668530, -0.008057,
63.640925, 1.673364, 1.673364, 0.000000,
63.651150, 1.678198, 1.676587, -0.001611,
63.661526, 1.673364, 1.677393, 0.004028,
63.671584, 1.674170, 1.681421, 0.007251,
63.681704, 1.677393, 1.666919, -0.010474,
63.692047, 1.673364, 1.670142, -0.003223,
63.702489, 1.661279, 1.670947, 0.009668,
63.712587, 1.662085, 1.668530, 0.006445,
63.722614, 1.654834, 1.661279, 0.006445,
63.732922, 1.662891, 1.670947, 0.008057,
63.743153, 1.664502, 1.670142, 0.005640,
63.753368, 1.661279, 1.662085, 0.000806,
63.763535, 1.662891, 1.662085, -0.000806,
63.773823, 1.664502, 1.668530, 0.004028,
63.783923, 1.668530, 1.656445, -0.012085,
63.794271, 1.666919, 1.645972, -0.020947,
63.804703, 1.665308, 1.662085, -0.003223,
63.815064, 1.668530, 1.670947, 0.002417,
63.825271, 1.666113, 1.665308, -0.000806,
63.835718, 1.658057, 1.664502, 0.006445,
63.845937, 1.664502, 1.662085, -0.002417,
63.856374, 1.664502, 1.658057, -0.006445,
63.866722, 1.668530, 1.666113, -0.002417,
63.877147, 1.669336, 1.660474, -0.008862,
63.887487, 1.669336, 1.672559, 0.003223,
63.897592, 1.669336, 1.657251, -0.012085,
63.908049, 1.669336, 1.666919, -0.002417,
63.918366, 1.670142, 1.661279, -0.008862,
63.928819, 1.670142, 1.650000, -0.020142,
63.939342, 1.668530, 1.658862, -0.009668,
63.949815, 1.666919, 1.685449, 0.018530,
63.959932, 1.674170, 1.664502, -0.009668,
63.970267, 1.662085, 1.668530, 0.006445,
63.980492, 1.669336, 1.657251, -0.012085,
63.990825, 1.666919, 1.647583, -0.019336,
64.001262, 1.665308, 1.662085, -0.003223,
64.011651, 1.674170, 1.657251, -0.016919,
64.021926, 1.683032, 1.674170, -0.008862,
64.032481, 1.681421, 1.674170, -0.007251,
64.042940, 1.676587, 1.666919, -0.009668,
64.053370, 1.678198, 1.665308, -0.012891,
64.063757, 1.673364, 1.650806, -0.022559,
64.074140, 1.678198, 1.666113, -0.012085,
64.084492, 1.681421, 1.693506, 0.012085,
64.094594, 1.674976, 1.682227, 0.007251,
64.104716, 1.669336, 1.672559, 0.003223,
64.114817, 1.676587, 1.676587, 0.000000,
64.124902, 1.674976, 1.660474, -0.014502,
64.135344, 1.670142, 1.672559, 0.002417,
64.145499, 1.677393, 1.669336, -0.008057,
64.155921, 1.678198, 1.670142, -0.008057,
64.166284, 1.670947, 1.679810, 0.008862,
64.176489, 1.669336, 1.656445, -0.012891,
64.186828, 1.666919, 1.676587, 0.009668,
64.196932, 1.673364, 1.662891, -0.010474,
64.207401, 1.676587, 1.669336, -0.007251,
64.217707, 1.665308, 1.650000, -0.015308,
64.228163, 1.670947, 1.654834, -0.016113,
64.238589, 1.670142, 1.673364, 0.003223,
64.248705, 1.676587, 1.654028, -0.022559,
64.259153, 1.670142, 1.670142, 0.000000,
64.269281, 1.670142, 1.674976, 0.004834,
64.279497, 1.666919, 1.670142, 0.003223,
64.289600, 1.674976, 1.662085, -0.012891,
64.300058, 1.674976, 1.673364, -0.001611,
64.310376, 1.669336, 1.658862, -0.010474,
64.320708, 1.662085, 1.657251, -0.004834,
64.331131, 1.662085, 1.641138, -0.020947,
64.341587, 1.662891, 1.658862, -0.004028,
64.352057, 1.666113, 1.674976, 0.008862,
64.362188, 1.665308, 1.670142, 0.004834,
64.372273, 1.657251, 1.662891, 0.005640,
64.382489, 1.662085, 1.679004, 0.016919,
64.392588, 1.665308, 1.641943, -0.023364,
64.402937, 1.654834, 1.670947, 0.016113,
64.413056, 1.670142, 1.657251, -0.012891,
64.423379, 1.662891, 1.662085, -0.000806,
64.433821, 1.664502, 1.670142, 0.005640,
64.444041, 1.668530, 1.662085, -0.006445,
64.454491, 1.670947, 1.662891, -0.008057,
64.464861, 1.666113, 1.670947, 0.004834,
64.475054, 1.665308, 1.654834, -0.010474,
64.485380, 1.670142, 1.660474, -0.009668,
64.495707, 1.665308, 1.666113, 0.000806,
64.505828, 1.666113, 1.662085, -0.004028,
64.516161, 1.668530, 1.666919, -0.001611,
64.526593, 1.664502, 1.654834, -0.009668,
64.536972, 1.668530, 1.654834, -0.013696,
64.547382, 1.666919, 1.666113, -0.000806,
64.557826, 1.670142, 1.662085, -0.008057,
64.568160, 1.670142, 1.672559, 0.002417,
64.578371, 1.666919, 1.664502, -0.002417,
64.588712, 1.670142, 1.658057, -0.012085,
64.599127, 1.665308, 1.673364, 0.008057,
64.609271, 1.670142, 1.657251, -0.012891,
64.619604, 1.660474, 1.650000, -0.010474,
64.630128, 1.666113, 1.654834, -0.011279,
64.640585, 1.665308, 1.668530, 0.003223,
64.650822, 1.678198, 1.673364, -0.004834,
64.661199, 1.677393, 1.649194, -0.028198,
64.671502, 1.677393, 1.670142, -0.007251,
64.681056, 1.670142, 1.666113, -0.004028,
64.691376, 1.670947, 1.662085, -0.008862,
64.701830, 1.674976, 1.665308, -0.009668,
64.712159, 1.673364, 1.662891, -0.010474,
64.722500, 1.677393, 1.661279, -0.016113,
64.732955, 1.674976, 1.678198, 0.003223,
64.743154, 1.679004, 1.668530, -0.010474,
64.753586, 1.674976, 1.673364, -0.001611,
64.763890, 1.673364, 1.662085, -0.011279,
64.774238, 1.676587, 1.636304, -0.040283,
64.784591, 1.670142, 1.673364, 0.003223,
64.794616, 1.676587, 1.673364, -0.003223,
64.805054, 1.669336, 1.650806, -0.018530,
64.815365, 1.669336, 1.665308, -0.004028,
64.825804, 1.676587, 1.681421, 0.004834,
64.835923, 1.678198, 1.664502, -0.013696,
64.846379, 1.674976, 1.654834, -0.020142,
64.856825, 1.673364, 1.666113, -0.007251,
64.867268, 1.679004, 1.670947, -0.008057,
64.877713, 1.674170, 1.662085, -0.012085,
64.888059, 1.666113, 1.685449, 0.019336,
64.898160, 1.674976, 1.674976, 0.000000,
64.908274, 1.677393, 1.670142, -0.007251,
64.918602, 1.676587, 1.670142, -0.006445,
64.929058, 1.672559, 1.691895, 0.019336,
64.939357, 1.673364, 1.666113, -0.007251,
64.949826, 1.672559, 1.666919, -0.005640,
64.960154, 1.673364, 1.666113, -0.007251,
64.970503, 1.658862, 1.654834, -0.004028,
64.980926, 1.665308, 1.662085, -0.003223,
64.991272, 1.666113, 1.653223, -0.012891,
65.001702, 1.654834, 1.660474, 0.005640,
65.011831, 1.665308, 1.670142, 0.004834,
65.021923, 1.669336, 1.674976, 0.005640,
65.032158, 1.666113, 1.641943, -0.024170,
65.042594, 1.662891, 1.666113, 0.003223,
65.052826, 1.658862, 1.666919, 0.008057,
65.062978, 1.668530, 1.670142, 0.001611,
65.073057, 1.665308, 1.654834, -0.010474,
65.083382, 1.657251, 1.670142, 0.012891,
65.093488, 1.662085, 1.657251, -0.004834,
65.103914, 1.662891, 1.657251, -0.005640,
65.114283, 1.661279, 1.662891, 0.001611,
65.124495, 1.665308, 1.662891, -0.002417,
65.134952, 1.660474, 1.654834, -0.005640,
65.145380, 1.661279, 1.670142, 0.008862,
65.155597, 1.664502, 1.657251, -0.007251,
65.165936, 1.666113, 1.676587, 0.010474,
65.176161, 1.665308, 1.658862, -0.006445,
65.186489, 1.665308, 1.653223, -0.012085,
65.196823, 1.658862, 1.673364, 0.014502,
65.206957, 1.666919, 1.662085, -0.004834,
65.217282, 1.670142, 1.664502, -0.005640,
65.227707, 1.666113, 1.665308, -0.000806,
65.238172, 1.669336, 1.661279, -0.008057,
65.248597, 1.662085, 1.664502, 0.002417,
65.258712, 1.668530, 1.648389, -0.020142,
65.269048, 1.664502, 1.658057, -0.006445,
65.279380, 1.666113, 1.664502, -0.001611,
65.289713, 1.672559, 1.650806, -0.021753,
65.300130, 1.676587, 1.679004, 0.002417,
65.310161, 1.677393, 1.666113, -0.011279,
65.320488, 1.678198, 1.658057, -0.020142,
65.330932, 1.673364, 1.668530, -0.004834,
65.341384, 1.676587, 1.654028, -0.022559,
65.351826, 1.674976, 1.665308, -0.009668,
65.362208, 1.679004, 1.639526, -0.039477,
65.372498, 1.666919, 1.662085, -0.004834,
65.382830, 1.670142, 1.683032, 0.012891,
65.392939, 1.664502, 1.658862, -0.005640,
65.403383, 1.669336, 1.662891, -0.006445,
65.413735, 1.670142, 1.677393, 0.007251,
65.423830, 1.676587, 1.657251, -0.019336,
65.434291, 1.676587, 1.674170, -0.002417,
65.444710, 1.668530, 1.668530, 0.000000,
65.454942, 1.677393, 1.662085, -0.015308,
65.465376, 1.677393, 1.678198, 0.000806,
65.474908, 1.670142, 1.639526, -0.030615,
65.485279, 1.678198, 1.673364, -0.004834,
65.495600, 1.670142, 1.662085, -0.008057,
65.506002, 1.674170, 1.668530, -0.005640,
65.516279, 1.670947, 1.666919, -0.004028,
65.526711, 1.668530, 1.670947, 0.002417,
65.536835, 1.669336, 1.672559, 0.003223,
65.547054, 1.674976, 1.666919, -0.008057,
65.556826, 1.670142, 1.669336, -0.000806,
65.567180, 1.672559, 1.662891, -0.009668,
65.577589, 1.673364, 1.682227, 0.008862,
65.587704, 1.672559, 1.662891, -0.009668,
65.598053, 1.679004, 1.676587, -0.002417,
65.608369, 1.668530, 1.666919, -0.001611,
65.618714, 1.672559, 1.656445, -0.016113,
65.629153, 1.665308, 1.656445, -0.008862,
65.639700, 1.652417, 1.674976, 0.022559,
65.649922, 1.658057, 1.670142, 0.012085,
65.660055, 1.665308, 1.679810, 0.014502,
65.670156, 1.664502, 1.676587, 0.012085,
65.680390, 1.669336, 1.669336, 0.000000,
65.690382, 1.666919, 1.661279, -0.005640,
65.700821, 1.666113, 1.657251, -0.008862,
65.711066, 1.662891, 1.661279, -0.001611,
65.721371, 1.662891, 1.666919, 0.004028,
65.731585, 1.665308, 1.653223, -0.012085,
65.741925, 1.665308, 1.668530, 0.003223,
65.752158, 1.664502, 1.658862, -0.005640,
65.762524, 1.654028, 1.665308, 0.011279,
65.772600, 1.670142, 1.658057, -0.012085,
65.783056, 1.666113, 1.674976, 0.008862,
65.793157, 1.668530, 1.654834, -0.013696,
65.803598, 1.666919, 1.658057, -0.008862,
65.813830, 1.668530, 1.647583, -0.020947,
65.824249, 1.666113, 1.658862, -0.007251,
65.834647, 1.668530, 1.673364, 0.004834,
65.844820, 1.658057, 1.652417, -0.005640,
65.855283, 1.666919, 1.657251, -0.009668,
65.865613, 1.666919, 1.641138, -0.025781,
65.876056, 1.662891, 1.669336, 0.006445,
65.886160, 1.670142, 1.649194, -0.020947,
65.896499, 1.666113, 1.658862, -0.007251,
65.906853, 1.670947, 1.661279, -0.009668,
65.917190, 1.669336, 1.670142, 0.000806,
65.927369, 1.679004, 1.653223, -0.025781,
65.937727, 1.679810, 1.665308, -0.014502,
65.948162, 1.674170, 1.658057, -0.016113,
65.958597, 1.676587, 1.665308, -0.011279,
65.968935, 1.674170, 1.665308, -0.008862,
65.979382, 1.678198, 1.661279, -0.016919,
65.989718, 1.674976, 1.653223, -0.021753,
66.000146, 1.676587, 1.666113, -0.010474,
66.010507, 1.672559, 1.666113, -0.006445,
66.020833, 1.670947, 1.658862, -0.012085,
66.031350, 1.674976, 1.674170, -0.000806,
66.041719, 1.673364, 1.666919, -0.006445,
66.052154, 1.676587, 1.666919, -0.009668,
66.062531, 1.679810, 1.662891, -0.016919,
66.072826, 1.670947, 1.662085, -0.008862,
66.083278, 1.676587, 1.693506, 0.016919,
66.093378, 1.674170, 1.666113, -0.008057,
66.103710, 1.677393, 1.666113, -0.011279,
66.114058, 1.678198, 1.670142, -0.008057,
66.124382, 1.674170, 1.661279, -0.012891,
66.134901, 1.674170, 1.685449, 0.011279,
66.145057, 1.673364, 1.669336, -0.004028,
66.155495, 1.670142, 1.668530, -0.001611,
66.165830, 1.673364, 1.677393, 0.004028,
66.176052, 1.672559, 1.673364, 0.000806,
66.186170, 1.677393, 1.672559, -0.004834,
66.196496, 1.676587, 1.657251, -0.019336,
66.206830, 1.672559, 1.662085, -0.010474,
66.217164, 1.676587, 1.679810, 0.003223,
66.227380, 1.677393, 1.674170, -0.003223,
66.237729, 1.670947, 1.639526, -0.031421,
66.248166, 1.662085, 1.637109, -0.024976,
66.258600, 1.661279, 1.647583, -0.013696,
66.268947, 1.666113, 1.661279, -0.004834,
66.279378, 1.662085, 1.661279, -0.000806,
66.289724, 1.662891, 1.660474, -0.002417,
66.300143, 1.666113, 1.641943, -0.024170,
66.310496, 1.662085, 1.661279, -0.000806,
66.320825, 1.665308, 1.657251, -0.008057,
66.331351, 1.669336, 1.674976, 0.005640,
66.341494, 1.664502, 1.662085, -0.002417,
66.351923, 1.668530, 1.677393, 0.008862,
66.361985, 1.662085, 1.668530, 0.006445,
66.372059, 1.664502, 1.662891, -0.001611,
66.382393, 1.666113, 1.669336, 0.003223,
66.392500, 1.666919, 1.649194, -0.017725,
66.402935, 1.658862, 1.636304, -0.022559,
66.413283, 1.668530, 1.662891, -0.005640,
66.423606, 1.670947, 1.683838, 0.012891,
66.433838, 1.670947, 1.682227, 0.011279,
66.444059, 1.670947, 1.664502, -0.006445,
66.454499, 1.662085, 1.661279, -0.000806,
66.464902, 1.669336, 1.668530, -0.000806,
66.475280, 1.670142, 1.672559, 0.002417,
66.485383, 1.666113, 1.669336, 0.003223,
66.495501, 1.666919, 1.665308, -0.001611,
66.505943, 1.666113, 1.670947, 0.004834,
66.516058, 1.662891, 1.672559, 0.009668,
66.526270, 1.665308, 1.653223, -0.012085,
66.536707, 1.668530, 1.635498, -0.033032,
66.547155, 1.665308, 1.654834, -0.010474,
66.557591, 1.654028, 1.658057, 0.004028,
66.567744, 1.676587, 1.679004, 0.002417,
66.577934, 1.679004, 1.654028, -0.024976,
66.588274, 1.679004, 1.669336, -0.009668,
66.598563, 1.673364, 1.691895, 0.018530,
66.608609, 1.673364, 1.677393, 0.004028,
66.618728, 1.677393, 1.658862, -0.018530,
66.629175, 1.679810, 1.658862, -0.020947,
66.639699, 1.673364, 1.666113, -0.007251,
66.650140, 1.674170, 1.691089, 0.016919,
66.660199, 1.673364, 1.633887, -0.039478,
66.670499, 1.674976, 1.658862, -0.016113,
66.680945, 1.670947, 1.665308, -0.005640,
66.691280, 1.666113, 1.657251, -0.008862,
66.701724, 1.670947, 1.673364, 0.002417,
66.711833, 1.676587, 1.668530, -0.008057,
66.722161, 1.672559, 1.664502, -0.008057,
66.732700, 1.678198, 1.678198, 0.000000,
66.742831, 1.669336, 1.662891, -0.006445,
66.753282, 1.670947, 1.664502, -0.006445,
66.763707, 1.670142, 1.666919, -0.003223,
66.774151, 1.674976, 1.662891, -0.012085,
66.784507, 1.674170, 1.658057, -0.016113,
66.794832, 1.666919, 1.670142, 0.003223,
66.804954, 1.668530, 1.654028, -0.014502,
66.815285, 1.679810, 1.677393, -0.002417,
66.825720, 1.674976, 1.665308, -0.009668,
66.836169, 1.673364, 1.643555, -0.029810,
66.846612, 1.666919, 1.662891, -0.004028,
66.857059, 1.670142, 1.666919, -0.003223,
66.867396, 1.665308, 1.679810, 0.014502,
66.877595, 1.670142, 1.657251, -0.012891,
66.887847, 1.669336, 1.656445, -0.012891,
66.898175, 1.657251, 1.670142, 0.012891,
66.908388, 1.666919, 1.669336, 0.002417,
66.918508, 1.662085, 1.665308, 0.003223,
66.928687, 1.664502, 1.656445, -0.008057,
66.939073, 1.665308, 1.662085, -0.003223,
66.949596, 1.664502, 1.662085, -0.002417,
66.959958, 1.666919, 1.633081, -0.033838,
66.970285, 1.664502, 1.682227, 0.017725,
66.980496, 1.662085, 1.662085, 0.000000,
66.990499, 1.658862, 1.658057, -0.000806,
67.000932, 1.665308, 1.658862, -0.006445,
67.011286, 1.668530, 1.662891, -0.005640,
67.021596, 1.666113, 1.674976, 0.008862,
67.031829, 1.664502, 1.668530, 0.004028,
67.042050, 1.657251, 1.664502, 0.007251,
67.052284, 1.669336, 1.665308, -0.004028,
67.062678, 1.668530, 1.682227, 0.013696,
67.072728, 1.666113, 1.661279, -0.004834,
67.083169, 1.664502, 1.670142, 0.005640,
67.093280, 1.670142, 1.661279, -0.008862,
67.103690, 1.666919, 1.654028, -0.012891,
67.113930, 1.662891, 1.660474, -0.002417,
67.124356, 1.662085, 1.666919, 0.004834,
67.134569, 1.658057, 1.683838, 0.025781,
67.144715, 1.670142, 1.669336, -0.000806,
67.155166, 1.668530, 1.664502, -0.004028,
67.165536, 1.670142, 1.673364, 0.003223,
67.175714, 1.670142, 1.654028, -0.016113,
67.186069, 1.672559, 1.664502, -0.008057,
67.196385, 1.665308, 1.662085, -0.003223,
67.206723, 1.676587, 1.647583, -0.029004,
67.217066, 1.679810, 1.661279, -0.018530,
67.227505, 1.677393, 1.668530, -0.008862,
67.237935, 1.673364, 1.660474, -0.012891,
67.248394, 1.676587, 1.683838, 0.007251,
67.258591, 1.678198, 1.677393, -0.000806,
67.268944, 1.676587, 1.673364, -0.003223,
67.279387, 1.665308, 1.645166, -0.020142,
67.289732, 1.676587, 1.665308, -0.011279,
67.300150, 1.674170, 1.679004, 0.004834,
67.310174, 1.677393, 1.670142, -0.007251,
67.320501, 1.679810, 1.650806, -0.029004,
67.330908, 1.674170, 1.666919, -0.007251,
67.341287, 1.670142, 1.662085, -0.008057,
67.351713, 1.674170, 1.683838, 0.009668,
67.361866, 1.677393, 1.662085, -0.015308,
67.372168, 1.668530, 1.662891, -0.005640,
67.382607, 1.672559, 1.652417, -0.020142,
67.392952, 1.676587, 1.656445, -0.020142,
67.403392, 1.673364, 1.674976, 0.001611,
67.413498, 1.674170, 1.666919, -0.007251,
67.423831, 1.672559, 1.662085, -0.010474,
67.434281, 1.676587, 1.678198, 0.001611,
67.444506, 1.677393, 1.662891, -0.014502,
67.454940, 1.668530, 1.658057, -0.010474,
67.465315, 1.677393, 1.687060, 0.009668,
67.475496, 1.674170, 1.640332, -0.033838,
67.485833, 1.672559, 1.670142, -0.002417,
67.496166, 1.670947, 1.653223, -0.017725,
67.506608, 1.670947, 1.665308, -0.005640,
67.516936, 1.674170, 1.670947, -0.003223,
67.527382, 1.673364, 1.672559, -0.000806,
67.537790, 1.672559, 1.674170, 0.001611,
67.539805, 1.664502, 1.654028, -0.010474,
67.550388, 1.665308, 1.672559, 0.007251,
67.560501, 1.664502, 1.660474, -0.004028,
67.570837, 1.662085, 1.670142, 0.008057,
67.581065, 1.665308, 1.674976, 0.009668,
67.591169, 1.662085, 1.650806, -0.011279,
67.601604, 1.662891, 1.661279, -0.001611,
67.611937, 1.664502, 1.658862, -0.005640,
67.622290, 1.662891, 1.662085, -0.000806,
67.632837, 1.662085, 1.679004, 0.016919,
67.643056, 1.662085, 1.665308, 0.003223,
67.653283, 1.660474, 1.637109, -0.023364,
67.663632, 1.662085, 1.662085, 0.000000,
67.673684, 1.664502, 1.658862, -0.005640,
67.684071, 1.670142, 1.639526, -0.030615,
67.694386, 1.670142, 1.649194, -0.020947,
67.704837, 1.662891, 1.654834, -0.008057,
67.715160, 1.666919, 1.674170, 0.007251,
67.725362, 1.670947, 1.658862, -0.012085,
67.735717, 1.666919, 1.662085, -0.004834,
67.746199, 1.666919, 1.645166, -0.021753,
67.756606, 1.669336, 1.656445, -0.012891,
67.766948, 1.666919, 1.673364, 0.006445,
67.777161, 1.666113, 1.661279, -0.004834,
67.787510, 1.660474, 1.662891, 0.002417,
67.797526, 1.668530, 1.665308, -0.003223,
67.807871, 1.664502, 1.662085, -0.002417,
67.818163, 1.670142, 1.660474, -0.009668,
67.828623, 1.662085, 1.657251, -0.004834,
67.839061, 1.666113, 1.662085, -0.004028,
67.849596, 1.678198, 1.670142, -0.008057,
67.859942, 1.677393, 1.666113, -0.011279,
67.870288, 1.678198, 1.660474, -0.017725,
67.880725, 1.679004, 1.670142, -0.008862,
67.891068, 1.677393, 1.673364, -0.004028,
67.901499, 1.670142, 1.679004, 0.008862,
67.911571, 1.677393, 1.679810, 0.002417,
67.921601, 1.676587, 1.654834, -0.021753,
67.932034, 1.674976, 1.691895, 0.016919,
67.942184, 1.670142, 1.660474, -0.009668,
67.952602, 1.673364, 1.672559, -0.000806,
67.962931, 1.674170, 1.672559, -0.001611,
67.973177, 1.674976, 1.664502, -0.010474,
67.983597, 1.674976, 1.672559, -0.002417,
67.993845, 1.677393, 1.691089, 0.013696,
68.004060, 1.677393, 1.645166, -0.032227,
68.014393, 1.677393, 1.664502, -0.012891,
68.024832, 1.668530, 1.668530, 0.000000,
68.034944, 1.677393, 1.679810, 0.002417,
68.045171, 1.670142, 1.666919, -0.003223,
68.055614, 1.670142, 1.664502, -0.005640,
68.066006, 1.677393, 1.673364, -0.004028,
68.076382, 1.677393, 1.673364, -0.004028,
68.086727, 1.672559, 1.665308, -0.007251,
68.097070, 1.676587, 1.681421, 0.004834,
68.107177, 1.676587, 1.670947, -0.005640,
68.117507, 1.666919, 1.676587, 0.009668,
68.127726, 1.673364, 1.669336, -0.004028,
68.138177, 1.677393, 1.665308, -0.012085,
68.148369, 1.674170, 1.676587, 0.002417,
68.158503, 1.673364, 1.665308, -0.008057,
68.168841, 1.662891, 1.658057, -0.004834,
68.179291, 1.664502, 1.664502, 0.000000,
68.189399, 1.662085, 1.661279, -0.000806,
68.199834, 1.662085, 1.661279, -0.000806,
68.210177, 1.670947, 1.672559, 0.001611,
68.220288, 1.668530, 1.664502, -0.004028,
68.230839, 1.664502, 1.670947, 0.006445,
68.241066, 1.658057, 1.661279, 0.003223,
68.251285, 1.664502, 1.670947, 0.006445,
68.261433, 1.666113, 1.661279, -0.004834,
68.271749, 1.668530, 1.670142, 0.001611,
68.281947, 1.662891, 1.677393, 0.014502,
68.292069, 1.664502, 1.668530, 0.004028,
68.302296, 1.666919, 1.678198, 0.011279,
68.312389, 1.673364, 1.681421, 0.008057,
68.322457, 1.670142, 1.669336, -0.000806,
68.332935, 1.661279, 1.658862, -0.002417,
68.343381, 1.668530, 1.665308, -0.003223,
68.353839, 1.670947, 1.645166, -0.025781,
68.364207, 1.670142, 1.654028, -0.016113,
68.374594, 1.665308, 1.660474, -0.004834,
68.384848, 1.668530, 1.673364, 0.004834,
68.394953, 1.666113, 1.649194, -0.016919,
68.405396, 1.666919, 1.662891, -0.004028,
68.415726, 1.662891, 1.640332, -0.022559,
68.426165, 1.665308, 1.662085, -0.003223,
68.436609, 1.670947, 1.650806, -0.020142,
68.447061, 1.668530, 1.677393, 0.008862,
68.457244, 1.664502, 1.662085, -0.002417,
68.467640, 1.668530, 1.668530, 0.000000,
68.477837, 1.668530, 1.670947, 0.002417,
68.487941, 1.677393, 1.666919, -0.010474,
68.498203, 1.676587, 1.673364, -0.003223,
68.508606, 1.669336, 1.668530, -0.000806,
68.518939, 1.673364, 1.666919, -0.006445,
68.529387, 1.674976, 1.683838, 0.008862,
68.539597, 1.677393, 1.662085, -0.015308,
68.550064, 1.678198, 1.670947, -0.007251,
68.560394, 1.677393, 1.673364, -0.004028,
68.562541, 1.672559, 1.664502, -0.008057,
68.569726, 1.670947, 1.687060, 0.016113,
68.579951, 1.672559, 1.664502, -0.008057,
68.590291, 1.676587, 1.660474, -0.016113,
68.600724, 1.679004, 1.661279, -0.017725,
68.611065, 1.674170, 1.662085, -0.012085,
68.621400, 1.662085, 1.668530, 0.006445,
68.631731, 1.673364, 1.644360, -0.029004,
68.642181, 1.677393, 1.657251, -0.020142,
68.652596, 1.677393, 1.679810, 0.002417,
68.662640, 1.678198, 1.683838, 0.005640,
68.672721, 1.666113, 1.664502, -0.001611,
68.683076, 1.676587, 1.681421, 0.004834,
68.693172, 1.677393, 1.668530, -0.008862,
68.703614, 1.673364, 1.665308, -0.008057,
68.713943, 1.674976, 1.672559, -0.002417,
68.724368, 1.669336, 1.665308, -0.004028,
68.734725, 1.674976, 1.669336, -0.005640,
68.745173, 1.674170, 1.662085, -0.012085,
68.755611, 1.670947, 1.662085, -0.008862,
68.765943, 1.673364, 1.674976, 0.001611,
68.776175, 1.677393, 1.676587, -0.000806,
68.786512, 1.670142, 1.666113, -0.004028,
68.796839, 1.674976, 1.668530, -0.006445,
68.807176, 1.662085, 1.654834, -0.007251,
68.817513, 1.662891, 1.662085, -0.000806,
68.827955, 1.666113, 1.674976, 0.008862,
68.838176, 1.666919, 1.662085, -0.004834,
68.848612, 1.658057, 1.666113, 0.008057,
68.858726, 1.660474, 1.658862, -0.001611,
68.869073, 1.657251, 1.666919, 0.009668,
68.879292, 1.666919, 1.654834, -0.012085,
68.889615, 1.664502, 1.654028, -0.010474,
68.900068, 1.660474, 1.683838, 0.023364,
68.910177, 1.654834, 1.650806, -0.004028,
68.920507, 1.662085, 1.657251, -0.004834,
68.930928, 1.664502, 1.662085, -0.002417,
68.941796, 1.665308, 1.644360, -0.020947,
68.952169, 1.666919, 1.664502, -0.002417,
68.962541, 1.662085, 1.654028, -0.008057,
68.972843, 1.670142, 1.641138, -0.029004,
68.983181, 1.664502, 1.666919, 0.002417,
68.993313, 1.666919, 1.662085, -0.004834,
69.003728, 1.660474, 1.658057, -0.002417,
69.014073, 1.668530, 1.664502, -0.004028,
69.024490, 1.670142, 1.683838, 0.013696,
69.034620, 1.670142, 1.666113, -0.004028,
69.045068, 1.665308, 1.656445, -0.008862,
69.055510, 1.666113, 1.654834, -0.011279,
69.065847, 1.670947, 1.644360, -0.026587,
69.076286, 1.666919, 1.691895, 0.024976,
69.086408, 1.666113, 1.654834, -0.011279,
69.096733, 1.665308, 1.665308, 0.000000,
69.106841, 1.669336, 1.647583, -0.021753,
69.117184, 1.665308, 1.662085, -0.003223,
69.127607, 1.673364, 1.669336, -0.004028,
69.138074, 1.676587, 1.658862, -0.017725,
69.148507, 1.679810, 1.658862, -0.020947,
69.158846, 1.670142, 1.670947, 0.000806,
69.168941, 1.677393, 1.666113, -0.011279,
69.179393, 1.676587, 1.669336, -0.007251,
69.189744, 1.676587, 1.662085, -0.014502,
69.200146, 1.676587, 1.673364, -0.003223,
69.210428, 1.678198, 1.673364, -0.004834,
69.220725, 1.678198, 1.662085, -0.016113,
69.231248, 1.673364, 1.660474, -0.012891,
69.241721, 1.676587, 1.669336, -0.007251,
69.252162, 1.676587, 1.662085, -0.014502,
69.262536, 1.683032, 1.665308, -0.017725,
69.272839, 1.674170, 1.654834, -0.019336,
69.283292, 1.673364, 1.674170, 0.000806,
69.293404, 1.674170, 1.670142, -0.004028,
69.303845, 1.673364, 1.674170, 0.000806,
69.313946, 1.670947, 1.670142, -0.000806,
69.324374, 1.674976, 1.660474, -0.014502,
69.334843, 1.676587, 1.665308, -0.011279,
69.345296, 1.674170, 1.670142, -0.004028,
69.355727, 1.670142, 1.677393, 0.007251,
69.365848, 1.674170, 1.670142, -0.004028,
69.376282, 1.666919, 1.668530, 0.001611,
69.386416, 1.668530, 1.662891, -0.005640,
69.396733, 1.676587, 1.676587, 0.000000,
69.406843, 1.674170, 1.662085, -0.012085,
69.417176, 1.677393, 1.673364, -0.004028,
69.427607, 1.674170, 1.662085, -0.012085,
69.437944, 1.670947, 1.664502, -0.006445,
69.448395, 1.677393, 1.677393, 0.000000,
69.458521, 1.666113, 1.654834, -0.011279,
69.468857, 1.666113, 1.657251, -0.008862,
69.479293, 1.654834, 1.666113, 0.011279,
69.489395, 1.661279, 1.658862, -0.002417,
69.499842, 1.665308, 1.662085, -0.003223,
69.510181, 1.664502, 1.668530, 0.004028,
69.520300, 1.658862, 1.677393, 0.018530,
69.530596, 1.664502, 1.665308, 0.000806,
69.540719, 1.658057, 1.687060, 0.029004,
69.550950, 1.666113, 1.656445, -0.009668,
69.561342, 1.662085, 1.676587, 0.014502,
69.571400, 1.669336, 1.658862, -0.010474,
69.581849, 1.670142, 1.677393, 0.007251,
69.591952, 1.657251, 1.662085, 0.004834,
69.602158, 1.665308, 1.670947, 0.005640,
69.612177, 1.666919, 1.669336, 0.002417,
69.622298, 1.666919, 1.661279, -0.005640,
69.632843, 1.665308, 1.662891, -0.002417,
69.643293, 1.666919, 1.676587, 0.009668,
69.653507, 1.662891, 1.670142, 0.007251,
69.663635, 1.666113, 1.673364, 0.007251,
69.673732, 1.666113, 1.660474, -0.005640,
69.684066, 1.662085, 1.683838, 0.021753,
69.694179, 1.662891, 1.650000, -0.012891,
69.704618, 1.670142, 1.658862, -0.011279,
69.714973, 1.662085, 1.669336, 0.007251,
69.725144, 1.668530, 1.666113, -0.002417,
69.735512, 1.665308, 1.657251, -0.008057,
69.745948, 1.669336, 1.650806, -0.018530,
69.756405, 1.666919, 1.650806, -0.016113,
69.766783, 1.666113, 1.666919, 0.000806,
69.776936, 1.678198, 1.666113, -0.012085,
69.787294, 1.677393, 1.666919, -0.010474,
69.797621, 1.677393, 1.670947, -0.006445,
69.808071, 1.682227, 1.674170, -0.008057,
69.818399, 1.673364, 1.676587, 0.003223,
69.828613, 1.670947, 1.662085, -0.008862,
69.838944, 1.674170, 1.679004, 0.004834,
69.849262, 1.677393, 1.687060, 0.009668,
69.859399, 1.674170, 1.664502, -0.009668,
69.869732, 1.674170, 1.657251, -0.016919,
69.880178, 1.666113, 1.657251, -0.008862,
69.890518, 1.672559, 1.666919, -0.005640,
69.900943, 1.673364, 1.662891, -0.010474,
69.911311, 1.677393, 1.658057, -0.019336,
69.921619, 1.677393, 1.682227, 0.004834,
69.931831, 1.670947, 1.668530, -0.002417,
69.942290, 1.677393, 1.661279, -0.016113,
69.952738, 1.670947, 1.669336, -0.001611,
69.963101, 1.670142, 1.662085, -0.008057,
69.973417, 1.673364, 1.658862, -0.014502,
69.983734, 1.679004, 1.686255, 0.007251,
69.993851, 1.676587, 1.683838, 0.007251,
70.004069, 1.670142, 1.662891, -0.007251,
70.007827, 1.662085, 1.679004, 0.016919,
70.018178, 1.677393, 1.672559, -0.004834,
70.028623, 1.674170, 1.658862, -0.015308,
70.039079, 1.677393, 1.660474, -0.016919,
70.049604, 1.670947, 1.693506, 0.022559,
70.059623, 1.670142, 1.660474, -0.009668,
70.069953, 1.674976, 1.658862, -0.016113,
70.080406, 1.670142, 1.673364, 0.003223,
70.090525, 1.661279, 1.662085, 0.000806,
70.100738, 1.664502, 1.666113, 0.001611,
70.110852, 1.662085, 1.674170, 0.012085,
70.120943, 1.662085, 1.654834, -0.007251,
70.131473, 1.662891, 1.666919, 0.004028,
70.141601, 1.662891, 1.648389, -0.014502,
70.152063, 1.665308, 1.665308, 0.000000,
70.162109, 1.668530, 1.633081, -0.035449,
70.172407, 1.662085, 1.677393, 0.015308,
70.182620, 1.666919, 1.665308, -0.001611,
70.192944, 1.665308, 1.660474, -0.004834,
70.203405, 1.669336, 1.647583, -0.021753,
70.213734, 1.664502, 1.665308, 0.000806,
70.223850, 1.670142, 1.662085, -0.008057,
70.234290, 1.668530, 1.662085, -0.006445,
70.244731, 1.662085, 1.662085, 0.000000,
70.254843, 1.666113, 1.654028, -0.012085,
70.265181, 1.661279, 1.669336, 0.008057,
70.275369, 1.665308, 1.662085, -0.003223,
70.285625, 1.670142, 1.658057, -0.012085,
70.295891, 1.664502, 1.633887, -0.030615,
70.306299, 1.672559, 1.660474, -0.012085,
70.316613, 1.668530, 1.676587, 0.008057,
70.326727, 1.658862, 1.641138, -0.017725,
70.337094, 1.662085, 1.665308, 0.003223,
70.347291, 1.665308, 1.647583, -0.017725,
70.357730, 1.666113, 1.662085, -0.004028,
70.368089, 1.669336, 1.670142, 0.000806,
70.378297, 1.665308, 1.654834, -0.010474,
70.388623, 1.670142, 1.665308, -0.004834,
70.398857, 1.670142, 1.666919, -0.003223,
70.409188, 1.678198, 1.662085, -0.016113,
70.419519, 1.679004, 1.673364, -0.005640,
70.429951, 1.677393, 1.674170, -0.003223,
70.440361, 1.681421, 1.661279, -0.020142,
70.450842, 1.677393, 1.662085, -0.015308,
70.461213, 1.677393, 1.691089, 0.013696,
70.471300, 1.676587, 1.657251, -0.019336,
70.481730, 1.668530, 1.673364, 0.004834,
70.491842, 1.678198, 1.668530, -0.009668,
70.502290, 1.677393, 1.639526, -0.037866,
70.512618, 1.670142, 1.670142, 0.000000,
70.522622, 1.670947, 1.670142, -0.000806,
70.533077, 1.678198, 1.670947, -0.007251,
70.543520, 1.676587, 1.670142, -0.006445,
70.553954, 1.674170, 1.645972, -0.028198,
70.564330, 1.677393, 1.654834, -0.022559,
70.574710, 1.673364, 1.673364, 0.000000,
70.584730, 1.662891, 1.665308, 0.002417,
70.594850, 1.677393, 1.676587, -0.000806,
70.605290, 1.672559, 1.654834, -0.017725,
70.615612, 1.668530, 1.687866, 0.019336,
70.625731, 1.669336, 1.674170, 0.004834,
70.635954, 1.668530, 1.648389, -0.020142,
70.646394, 1.674976, 1.665308, -0.009668,
70.656846, 1.677393, 1.644360, -0.033032,
70.667183, 1.674170, 1.674170, 0.000000,
70.677388, 1.678198, 1.640332, -0.037866,
70.687739, 1.672559, 1.665308, -0.007251,
70.698082, 1.674976, 1.673364, -0.001611,
70.708411, 1.670142, 1.668530, -0.001611,
70.718737, 1.672559, 1.681421, 0.008862,
70.728958, 1.662891, 1.664502, 0.001611,
70.739085, 1.664502, 1.657251, -0.007251,
70.749602, 1.660474, 1.664502, 0.004028,
70.759610, 1.653223, 1.650806, -0.002417,
70.769953, 1.666113, 1.658057, -0.008057,
70.780405, 1.664502, 1.662891, -0.001611,
70.790733, 1.669336, 1.654834, -0.014502,
70.801184, 1.669336, 1.664502, -0.004834,
70.811515, 1.666113, 1.670142, 0.004028,
70.821617, 1.662085, 1.654028, -0.008057,
70.832069, 1.670142, 1.670142, 0.000000,
70.842181, 1.666919, 1.673364, 0.006445,
70.852407, 1.669336, 1.674170, 0.004834,
70.862553, 1.666113, 1.661279, -0.004834,
70.872848, 1.665308, 1.658057, -0.007251,
70.883181, 1.665308, 1.689478, 0.024170,
70.893317, 1.665308, 1.658862, -0.006445,
70.903736, 1.668530, 1.666113, -0.002417,
70.914082, 1.670947, 1.664502, -0.006445,
70.924491, 1.668530, 1.645972, -0.022559,
70.934848, 1.668530, 1.664502, -0.004028,
70.945294, 1.660474, 1.661279, 0.000806,
70.955526, 1.666113, 1.670142, 0.004028,
70.965656, 1.665308, 1.658862, -0.006445,
70.976078, 1.670142, 1.662085, -0.008057,
70.986399, 1.666919, 1.635498, -0.031421,
70.996710, 1.670947, 1.658862, -0.012085,
71.007078, 1.668530, 1.654834, -0.013696,
71.017402, 1.664502, 1.670142, 0.005640,
71.027611, 1.666113, 1.670142, 0.004028,
71.037736, 1.658057, 1.665308, 0.007251,
71.047947, 1.677393, 1.683838, 0.006445,
71.058176, 1.679004, 1.677393, -0.001611,
71.068510, 1.679004, 1.670142, -0.008862,
71.078919, 1.679004, 1.666919, -0.012085,
71.089207, 1.682227, 1.665308, -0.016919,
71.099610, 1.677393, 1.674976, -0.002417,
71.109848, 1.678198, 1.670947, -0.007251,
71.120189, 1.679810, 1.682227, 0.002417,
71.130564, 1.678198, 1.669336, -0.008862,
71.140942, 1.681421, 1.668530, -0.012891,
71.151405, 1.673364, 1.662085, -0.011279,
71.161337, 1.678198, 1.677393, -0.000806,
71.171626, 1.672559, 1.665308, -0.007251,
71.181951, 1.662891, 1.674976, 0.012085,
71.192085, 1.670947, 1.666113, -0.004834,
71.202526, 1.674976, 1.665308, -0.009668,
71.212845, 1.665308, 1.668530, 0.003223,
71.222946, 1.677393, 1.654834, -0.022559,
71.233403, 1.668530, 1.669336, 0.000806,
71.243622, 1.670142, 1.656445, -0.013696,
71.254080, 1.673364, 1.662891, -0.010474,
71.264449, 1.670142, 1.679004, 0.008862,
71.274614, 1.674170, 1.666919, -0.007251,
71.284887, 1.670142, 1.679810, 0.009668,
71.294960, 1.673364, 1.664502, -0.008862,
71.305401, 1.674976, 1.658862, -0.016113,
71.315741, 1.664502, 1.670947, 0.006445,
71.325946, 1.661279, 1.662891, 0.001611,
71.336177, 1.673364, 1.670947, -0.002417,
71.346629, 1.672559, 1.662085, -0.010474,
71.357073, 1.672559, 1.654834, -0.017725,
71.367416, 1.674170, 1.670947, -0.003223,
71.377853, 1.677393, 1.665308, -0.012085,
71.388192, 1.662891, 1.668530, 0.005640,
71.398307, 1.662085, 1.670142, 0.008057,
71.408521, 1.662891, 1.662891, 0.000000,
71.418554, 1.662891, 1.670142, 0.007251,
71.428732, 1.666113, 1.665308, -0.000806,
71.439077, 1.658862, 1.673364, 0.014502,
71.449393, 1.657251, 1.643555, -0.013696,
71.459739, 1.658057, 1.640332, -0.017725,
71.470082, 1.665308, 1.662891, -0.002417,
71.480489, 1.666919, 1.674976, 0.008057,
71.490613, 1.665308, 1.645166, -0.020142,
71.500951, 1.668530, 1.650806, -0.017725,
71.511301, 1.666113, 1.662891, -0.003223,
71.521625, 1.670142, 1.666919, -0.003223,
71.532180, 1.662085, 1.666919, 0.004834,
71.542406, 1.668530, 1.656445, -0.012085,
71.552851, 1.668530, 1.657251, -0.011279,
71.563213, 1.665308, 1.654834, -0.010474,
71.573527, 1.658862, 1.654028, -0.004834,
71.583852, 1.672559, 1.664502, -0.008057,
71.594186, 1.666919, 1.662891, -0.004028,
71.604619, 1.666113, 1.649194, -0.016919,
71.615001, 1.666113, 1.670947, 0.004834,
71.625159, 1.668530, 1.664502, -0.004028,
71.635526, 1.666919, 1.677393, 0.010474,
71.645740, 1.666919, 1.662085, -0.004834,
71.656187, 1.662891, 1.654028, -0.008862,
71.666526, 1.669336, 1.674976, 0.005640,
71.676741, 1.666113, 1.666113, 0.000000,
71.686845, 1.679810, 1.664502, -0.015308,
71.697169, 1.677393, 1.673364, -0.004028,
71.707613, 1.677393, 1.666113, -0.011279,
71.717851, 1.679004, 1.674170, -0.004834,
71.728209, 1.676587, 1.657251, -0.019336,
71.738627, 1.678198, 1.662085, -0.016113,
71.749166, 1.677393, 1.665308, -0.012085,
71.759519, 1.677393, 1.681421, 0.004028,
71.769630, 1.674976, 1.674976, 0.000000,
71.779738, 1.669336, 1.647583, -0.021753,
71.790085, 1.672559, 1.666113, -0.006445,
71.800526, 1.673364, 1.662085, -0.011279,
71.810870, 1.673364, 1.662085, -0.011279,
71.821198, 1.674170, 1.668530, -0.005640,
71.831733, 1.674976, 1.666919, -0.008057,
71.842195, 1.668530, 1.668530, 0.000000,
71.852403, 1.679004, 1.683838, 0.004834,
71.862483, 1.677393, 1.672559, -0.004834,
71.872741, 1.676587, 1.664502, -0.012085,
71.883188, 1.666113, 1.670947, 0.004834,
71.893299, 1.670947, 1.679004, 0.008057,
71.903482, 1.676587, 1.673364, -0.003223,
71.913741, 1.673364, 1.673364, 0.000000,
71.923744, 1.674976, 1.654834, -0.020142,
71.934188, 1.673364, 1.647583, -0.025781,
71.944617, 1.674976, 1.664502, -0.010474,
71.955066, 1.677393, 1.668530, -0.008862,
71.965402, 1.676587, 1.683838, 0.007251,
71.975539, 1.670947, 1.670947, 0.000000,
71.985560, 1.677393, 1.670947, -0.006445,
71.995848, 1.679004, 1.664502, -0.014502,
72.006312, 1.654834, 1.658862, 0.004028,
72.016414, 1.662891, 1.666919, 0.004028,
72.026528, 1.662085, 1.672559, 0.010474,
72.036727, 1.664502, 1.647583, -0.016919,
72.047149, 1.666113, 1.674976, 0.008862,
72.057309, 1.658862, 1.668530, 0.009668,
72.067408, 1.664502, 1.657251, -0.007251,
72.077851, 1.669336, 1.662891, -0.006445,
72.088183, 1.662891, 1.665308, 0.002417,
72.098302, 1.666113, 1.658862, -0.007251,
72.108738, 1.666919, 1.677393, 0.010474,
72.118850, 1.668530, 1.686255, 0.017725,
72.129084, 1.665308, 1.679810, 0.014502,
72.139311, 1.666919, 1.674976, 0.008057,
72.149610, 1.666113, 1.677393, 0.011279,
72.159635, 1.669336, 1.658057, -0.011279,
72.169959, 1.658057, 1.662085, 0.004028,
72.180193, 1.658057, 1.664502, 0.006445,
72.190308, 1.668530, 1.643555, -0.024976,
72.200742, 1.669336, 1.664502, -0.004834,
72.211088, 1.666919, 1.654834, -0.012085,
72.221407, 1.666113, 1.633081, -0.033032,
72.231956, 1.670142, 1.673364, 0.003223,
72.242200, 1.668530, 1.654028, -0.014502,
72.252613, 1.664502, 1.662891, -0.001611,
72.262957, 1.669336, 1.654834, -0.014502,
72.273302, 1.666113, 1.660474, -0.005640,
72.283653, 1.668530, 1.677393, 0.008862,
72.293734, 1.661279, 1.662085, 0.000806,
72.303901, 1.666919, 1.658057, -0.008862,
72.314185, 1.670142, 1.665308, -0.004834,
72.324606, 1.679004, 1.670947, -0.008057,
72.334966, 1.683032, 1.678198, -0.004834,
72.345407, 1.679004, 1.662085, -0.016919,
72.355852, 1.683838, 1.666113, -0.017725,
72.366187, 1.677393, 1.689478, 0.012085,
72.376407, 1.681421, 1.672559, -0.008862,
72.386743, 1.674170, 1.670142, -0.004028,
72.397090, 1.679004, 1.676587, -0.002417,
72.407522, 1.670142, 1.673364, 0.003223,
72.417631, 1.676587, 1.695117, 0.018530,
72.427850, 1.679810, 1.643555, -0.036255,
72.438205, 1.674170, 1.658862, -0.015308,
72.448626, 1.673364, 1.677393, 0.004028,
72.458742, 1.672559, 1.647583, -0.024976,
72.469082, 1.670947, 1.664502, -0.006445,
72.479526, 1.674170, 1.665308, -0.008862,
72.489862, 1.677393, 1.657251, -0.020142,
72.500311, 1.672559, 1.662085, -0.010474,
72.510626, 1.673364, 1.673364, 0.000000,
72.520627, 1.670947, 1.670947, 0.000000,
72.530859, 1.674170, 1.673364, -0.000806,
72.541304, 1.681421, 1.662891, -0.018530,
72.551737, 1.674170, 1.665308, -0.008862,
72.562117, 1.677393, 1.670142, -0.007251,
72.572414, 1.677393, 1.687060, 0.009668,
72.582625, 1.672559, 1.682227, 0.009668,
72.592732, 1.666113, 1.660474, -0.005640,
72.603196, 1.678198, 1.666113, -0.012085,
72.613519, 1.670947, 1.674976, 0.004028,
72.623633, 1.666919, 1.664502, -0.002417,
72.625993, 1.666919, 1.670947, 0.004028,
72.636302, 1.673364, 1.666919, -0.006445,
72.646743, 1.662085, 1.662085, 0.000000,
72.656965, 1.662085, 1.658862, -0.003223,
72.667418, 1.662085, 1.666919, 0.004834,
72.677626, 1.657251, 1.668530, 0.011279,
72.687092, 1.668530, 1.641943, -0.026587,
72.697412, 1.658862, 1.676587, 0.017725,
72.707623, 1.664502, 1.662891, -0.001611,
72.717957, 1.670142, 1.664502, -0.005640,
72.728420, 1.665308, 1.639526, -0.025781,
72.738855, 1.665308, 1.662085, -0.003223,
72.749393, 1.666113, 1.665308, -0.000806,
72.759740, 1.665308, 1.662085, -0.003223,
72.770086, 1.665308, 1.660474, -0.004834,
72.780511, 1.664502, 1.648389, -0.016113,
72.790778, 1.665308, 1.650806, -0.014502,
72.801184, 1.662085, 1.641138, -0.020947,
72.811524, 1.665308, 1.670947, 0.005640,
72.821625, 1.662891, 1.658862, -0.004028,
72.832076, 1.666919, 1.672559, 0.005640,
72.842302, 1.669336, 1.668530, -0.000806,
72.852745, 1.658862, 1.674976, 0.016113,
72.862896, 1.664502, 1.649194, -0.015308,
72.873195, 1.666919, 1.645166, -0.021753,
72.883524, 1.665308, 1.673364, 0.008057,
72.893622, 1.668530, 1.665308, -0.003223,
72.903964, 1.673364, 1.662085, -0.011279,
72.914308, 1.670142, 1.665308, -0.004834,
72.924745, 1.668530, 1.654834, -0.013696,
72.935196, 1.666919, 1.666113, -0.000806,
72.945631, 1.668530, 1.654834, -0.013696,
72.956085, 1.670142, 1.661279, -0.008862,
72.966416, 1.679810, 1.664502, -0.015308,
72.976860, 1.670142, 1.660474, -0.009668,
72.987197, 1.679810, 1.654834, -0.024976,
72.997522, 1.679004, 1.672559, -0.006445,
73.007856, 1.677393, 1.676587, -0.000806,
73.018092, 1.677393, 1.654028, -0.023364,
73.028524, 1.673364, 1.666919, -0.006445,
73.038857, 1.672559, 1.657251, -0.015308,
73.049405, 1.670142, 1.670947, 0.000806,
73.059531, 1.672559, 1.672559, 0.000000,
73.069626, 1.673364, 1.662085, -0.011279,
73.080088, 1.673364, 1.685449, 0.012085,
73.090192, 1.677393, 1.665308, -0.012085,
73.100611, 1.669336, 1.676587, 0.007251,
73.110636, 1.670142, 1.670142, 0.000000,
73.120669, 1.670142, 1.666919, -0.003223,
73.131249, 1.672559, 1.666919, -0.005640,
73.141629, 1.670142, 1.668530, -0.001611,
73.152091, 1.670947, 1.674976, 0.004028,
73.162249, 1.673364, 1.676587, 0.003223,
73.172315, 1.677393, 1.669336, -0.008057,
73.182749, 1.674976, 1.673364, -0.001611,
73.193081, 1.672559, 1.673364, 0.000806,
73.203292, 1.669336, 1.674170, 0.004834,
73.213407, 1.676587, 1.662085, -0.014502,
73.223749, 1.674170, 1.658862, -0.015308,
73.234194, 1.673364, 1.676587, 0.003223,
73.244405, 1.677393, 1.677393, 0.000000,
73.254635, 1.672559, 1.662085, -0.010474,
73.264972, 1.677393, 1.670947, -0.006445,
73.275391, 1.674976, 1.658862, -0.016113,
73.285633, 1.662085, 1.661279, -0.000806,
73.295859, 1.664502, 1.670142, 0.005640,
73.306096, 1.666919, 1.669336, 0.002417,
73.316190, 1.658057, 1.658862, 0.000806,
73.326412, 1.656445, 1.645972, -0.010474,
73.336860, 1.661279, 1.654834, -0.006445,
73.347310, 1.664502, 1.670142, 0.005640,
73.357521, 1.660474, 1.672559, 0.012085,
73.367638, 1.666919, 1.674170, 0.007251,
73.377857, 1.668530, 1.662085, -0.006445,
73.388191, 1.654834, 1.647583, -0.007251,
73.398527, 1.666113, 1.665308, -0.000806,
73.408865, 1.673364, 1.665308, -0.008057,
73.419198, 1.668530, 1.662891, -0.005640,
73.429637, 1.664502, 1.678198, 0.013696,
73.439744, 1.662085, 1.664502, 0.002417,
73.449954, 1.665308, 1.670142, 0.004834,
73.460082, 1.670142, 1.657251, -0.012891,
73.470419, 1.666113, 1.662085, -0.004028,
73.480853, 1.668530, 1.658057, -0.010474,
73.491198, 1.665308, 1.660474, -0.004834,
73.501638, 1.666919, 1.674976, 0.008057,
73.511750, 1.660474, 1.677393, 0.016919,
73.521858, 1.668530, 1.666113, -0.002417,
73.532283, 1.670142, 1.673364, 0.003223,
73.542434, 1.665308, 1.670947, 0.005640,
73.552629, 1.665308, 1.674170, 0.008862,
73.562684, 1.666113, 1.658057, -0.008057,
73.572961, 1.666919, 1.666113, -0.000806,
73.583302, 1.664502, 1.677393, 0.012891,
73.593408, 1.666919, 1.662085, -0.004834,
73.603863, 1.669336, 1.661279, -0.008057,
73.613095, 1.682227, 1.677393, -0.004834,
73.623419, 1.677393, 1.669336, -0.008057,
73.633863, 1.674976, 1.670947, -0.004028,
73.644338, 1.679004, 1.668530, -0.010474,
73.654743, 1.676587, 1.658057, -0.018530,
73.665098, 1.682227, 1.673364, -0.008862,
73.675531, 1.674170, 1.670142, -0.004028,
73.685863, 1.676587, 1.678198, 0.001611,
73.695965, 1.674976, 1.653223, -0.021753,
73.706374, 1.674170, 1.665308, -0.008862,
73.716629, 1.674170, 1.674170, 0.000000,
73.726739, 1.670947, 1.679810, 0.008862,
73.736950, 1.677393, 1.660474, -0.016919,
73.747411, 1.677393, 1.669336, -0.008057,
73.757859, 1.677393, 1.641138, -0.036255,
73.768200, 1.674170, 1.656445, -0.017725,
73.778647, 1.674976, 1.662891, -0.012085,
73.788961, 1.674170, 1.666113, -0.008057,
73.799399, 1.668530, 1.677393, 0.008862,
73.809413, 1.674170, 1.662891, -0.011279,
73.819753, 1.679004, 1.677393, -0.001611,
73.830274, 1.672559, 1.668530, -0.004028,
73.840729, 1.670142, 1.654834, -0.015308,
73.851201, 1.670947, 1.669336, -0.001611,
73.861569, 1.670142, 1.661279, -0.008862,
73.871863, 1.674170, 1.662085, -0.012085,
73.882209, 1.670142, 1.678198, 0.008057,
73.892314, 1.674976, 1.673364, -0.001611,
73.902747, 1.673364, 1.668530, -0.004834,
73.913094, 1.670142, 1.661279, -0.008862,
73.923420, 1.661279, 1.658057, -0.003223,
73.933865, 1.662085, 1.666113, 0.004028,
73.944098, 1.664502, 1.633081, -0.031421,
73.954525, 1.662891, 1.657251, -0.005640,
73.964869, 1.662891, 1.678198, 0.015308,
73.975088, 1.664502, 1.665308, 0.000806,
73.985195, 1.662085, 1.662085, 0.000000,
73.995309, 1.662891, 1.654834, -0.008057,
74.005749, 1.666919, 1.672559, 0.005640,
74.015862, 1.666919, 1.669336, 0.002417,
74.026089, 1.665308, 1.662085, -0.003223,
74.036448, 1.668530, 1.641138, -0.027393,
74.046865, 1.661279, 1.650000, -0.011279,
74.057310, 1.665308, 1.648389, -0.016919,
74.067632, 1.666919, 1.658862, -0.008057,
74.078087, 1.669336, 1.664502, -0.004834,
74.088412, 1.668530, 1.656445, -0.012085,
74.098745, 1.668530, 1.670142, 0.001611,
74.108864, 1.666113, 1.662891, -0.003223,
74.119202, 1.668530, 1.670947, 0.002417,
74.129417, 1.658862, 1.654834, -0.004028,
74.139863, 1.670142, 1.661279, -0.008862,
74.150310, 1.658862, 1.670947, 0.012085,
74.160417, 1.666919, 1.673364, 0.006445,
74.170559, 1.665308, 1.661279, -0.004028,
74.180971, 1.665308, 1.654834, -0.010474,
74.191309, 1.664502, 1.674170, 0.009668,
74.201530, 1.666919, 1.653223, -0.013696,
74.211866, 1.661279, 1.660474, -0.000806,
74.222200, 1.664502, 1.661279, -0.003223,
74.232748, 1.666113, 1.670142, 0.004028,
74.242962, 1.670142, 1.666919, -0.003223,
74.253410, 1.673364, 1.683838, 0.010474,
74.263579, 1.677393, 1.654834, -0.022559,
74.273858, 1.676587, 1.654834, -0.021753,
74.284198, 1.677393, 1.674976, -0.002417,
74.294538, 1.677393, 1.654028, -0.023364,
74.304968, 1.677393, 1.677393, 0.000000,
74.314971, 1.677393, 1.669336, -0.008057,
74.325406, 1.678198, 1.661279, -0.016919,
74.335758, 1.670947, 1.668530, -0.002417,
74.346198, 1.677393, 1.662085, -0.015308,
74.356636, 1.674976, 1.669336, -0.005640,
74.366981, 1.674170, 1.677393, 0.003223,
74.377194, 1.672559, 1.670142, -0.002417,
74.387535, 1.677393, 1.654834, -0.022559,
74.397860, 1.672559, 1.662085, -0.010474,
74.408205, 1.674976, 1.666113, -0.008862,
74.418543, 1.669336, 1.670142, 0.000806,
74.428734, 1.676587, 1.670947, -0.005640,
74.439205, 1.670947, 1.674170, 0.003223,
74.449514, 1.670947, 1.674170, 0.003223,
74.459634, 1.670947, 1.666113, -0.004834,
74.469971, 1.670142, 1.669336, -0.000806,
74.480410, 1.673364, 1.660474, -0.012891,
74.490752, 1.666113, 1.654834, -0.011279,
74.501197, 1.672559, 1.677393, 0.004834,
74.511312, 1.677393, 1.662891, -0.014502,
74.521630, 1.672559, 1.664502, -0.008057,
74.532085, 1.677393, 1.674170, -0.003223,
74.542524, 1.677393, 1.654028, -0.023364,
74.552962, 1.676587, 1.668530, -0.008057,
74.563402, 1.674976, 1.657251, -0.017725,
74.573744, 1.662085, 1.652417, -0.009668,
74.584100, 1.654834, 1.676587, 0.021753,
74.594204, 1.664502, 1.662085, -0.002417,
74.604624, 1.664502, 1.669336, 0.004834,
74.614660, 1.662891, 1.662891, 0.000000,
74.624863, 1.669336, 1.650000, -0.019336,
74.635314, 1.664502, 1.662085, -0.002417,
74.645748, 1.666113, 1.669336, 0.003223,
74.655965, 1.665308, 1.662891, -0.002417,
74.666321, 1.662085, 1.666919, 0.004834,
74.676524, 1.668530, 1.666113, -0.002417,
74.686751, 1.670142, 1.657251, -0.012891,
74.697105, 1.668530, 1.661279, -0.007251,
74.707521, 1.662085, 1.654834, -0.007251,
74.717743, 1.658057, 1.673364, 0.015308,
74.727961, 1.662085, 1.670947, 0.008862,
74.738095, 1.666113, 1.668530, 0.002417,
74.748309, 1.665308, 1.664502, -0.000806,
74.758776, 1.672559, 1.654834, -0.017725,
74.769210, 1.662085, 1.660474, -0.001611,
74.779642, 1.665308, 1.652417, -0.012891,
74.789971, 1.664502, 1.661279, -0.003223,
74.800396, 1.666919, 1.670142, 0.003223,
74.810427, 1.669336, 1.666919, -0.002417,
74.820746, 1.662085, 1.666919, 0.004834,
74.831060, 1.658862, 1.664502, 0.005640,
74.841179, 1.666919, 1.654834, -0.012085,
74.851638, 1.666113, 1.670947, 0.004834,
74.861802, 1.670142, 1.653223, -0.016919,
74.872109, 1.658057, 1.637109, -0.020947,
74.882540, 1.654834, 1.677393, 0.022559,
74.892684, 1.673364, 1.650000, -0.023364,
74.903090, 1.674170, 1.660474, -0.013696,
74.913417, 1.670947, 1.662085, -0.008862,
74.923747, 1.670142, 1.661279, -0.008862,
74.934203, 1.682227, 1.672559, -0.009668,
74.944632, 1.670142, 1.633081, -0.037060,
74.955120, 1.674170, 1.660474, -0.013696,
74.965433, 1.670142, 1.676587, 0.006445,
74.975645, 1.672559, 1.658862, -0.013696,
74.985962, 1.679004, 1.677393, -0.001611,
74.996313, 1.677393, 1.677393, 0.000000,
75.006420, 1.673364, 1.656445, -0.016919,
75.016755, 1.670142, 1.674976, 0.004834,
75.026966, 1.669336, 1.677393, 0.008057,
75.037091, 1.670142, 1.662891, -0.007251,
75.047542, 1.674170, 1.674170, 0.000000,
75.057634, 1.666113, 1.657251, -0.008862,
75.067964, 1.679004, 1.673364, -0.005640,
75.078420, 1.666919, 1.662085, -0.004834,
75.088823, 1.677393, 1.673364, -0.004028,
75.099174, 1.679004, 1.677393, -0.001611,
75.109542, 1.670947, 1.670142, -0.000806,
75.119873, 1.674976, 1.673364, -0.001611,
75.130394, 1.669336, 1.653223, -0.016113,
75.140738, 1.665308, 1.654834, -0.010474,
75.151204, 1.676587, 1.674170, -0.002417,
75.161574, 1.674976, 1.661279, -0.013696,
75.171867, 1.666113, 1.662085, -0.004028,
75.182204, 1.672559, 1.677393, 0.004834,
75.192321, 1.674976, 1.658057, -0.016919,
75.202758, 1.674976, 1.673364, -0.001611,
75.213097, 1.669336, 1.658057, -0.011279,
75.223427, 1.664502, 1.664502, 0.000000,
75.233638, 1.662891, 1.668530, 0.005640,
75.243868, 1.662891, 1.664502, 0.001611,
75.254098, 1.665308, 1.666113, 0.000806,
75.264252, 1.668530, 1.654834, -0.013696,
75.274626, 1.662891, 1.678198, 0.015308,
75.284748, 1.658057, 1.679810, 0.021753,
75.294871, 1.664502, 1.662085, -0.002417,
75.305201, 1.664502, 1.654028, -0.010474,
75.315539, 1.666113, 1.669336, 0.003223,
75.325754, 1.664502, 1.670142, 0.005640,
75.335970, 1.669336, 1.662085, -0.007251,
75.346414, 1.666113, 1.660474, -0.005640,
75.356868, 1.666113, 1.662085, -0.004028,
75.367204, 1.666113, 1.681421, 0.015308,
75.377407, 1.658057, 1.686255, 0.028198,
75.387428, 1.668530, 1.666113, -0.002417,
75.397753, 1.662085, 1.670142, 0.008057,
75.407923, 1.670947, 1.645972, -0.024976,
75.418198, 1.670142, 1.662085, -0.008057,
75.428637, 1.666113, 1.666113, 0.000000,
75.438759, 1.666113, 1.647583, -0.018530,
75.449300, 1.669336, 1.664502, -0.004834,
75.459634, 1.665308, 1.674976, 0.009668,
75.469761, 1.665308, 1.666113, 0.000806,
75.479993, 1.670142, 1.658862, -0.011279,
75.490319, 1.662891, 1.652417, -0.010474,
75.500749, 1.668530, 1.670947, 0.002417,
75.510868, 1.668530, 1.664502, -0.004028,
75.521207, 1.669336, 1.658862, -0.010474,
75.531758, 1.677393, 1.672559, -0.004834,
75.542197, 1.677393, 1.673364, -0.004028,
75.552636, 1.674170, 1.644360, -0.029810,
75.562909, 1.679810, 1.666113, -0.013696,
75.573206, 1.676587, 1.673364, -0.003223,
75.583636, 1.666113, 1.691089, 0.024976,
75.593759, 1.670947, 1.668530, -0.002417,
75.604203, 1.677393, 1.670142, -0.007251,
75.614543, 1.672559, 1.662085, -0.010474,
75.624947, 1.674976, 1.674170, -0.000806,
75.635318, 1.673364, 1.645972, -0.027393,
75.645750, 1.674170, 1.674976, 0.000806,
75.655979, 1.670142, 1.664502, -0.005640,
75.666324, 1.677393, 1.674170, -0.003223,
75.676754, 1.670142, 1.664502, -0.005640,
75.687097, 1.674170, 1.665308, -0.008862,
75.697407, 1.674170, 1.668530, -0.005640,
75.707746, 1.674170, 1.664502, -0.009668,
75.718099, 1.669336, 1.661279, -0.008057,
75.728539, 1.679810, 1.683838, 0.004028,
75.738640, 1.677393, 1.637915, -0.039478,
75.749180, 1.673364, 1.681421, 0.008057,
75.759321, 1.674976, 1.666113, -0.008862,
75.769646, 1.673364, 1.673364, 0.000000,
75.779764, 1.674976, 1.664502, -0.010474,
75.790098, 1.670947, 1.666919, -0.004028,
75.800533, 1.669336, 1.677393, 0.008057,
75.810629, 1.672559, 1.662085, -0.010474,
75.820871, 1.674976, 1.669336, -0.005640,
75.831313, 1.669336, 1.666919, -0.002417,
75.841750, 1.673364, 1.666919, -0.006445,
75.852195, 1.656445, 1.672559, 0.016113,
75.862348, 1.666113, 1.661279, -0.004834,
75.872659, 1.662891, 1.658862, -0.004028,
75.883107, 1.666919, 1.685449, 0.018530,
75.893201, 1.664502, 1.662891, -0.001611,
75.903644, 1.664502, 1.666919, 0.002417,
75.913753, 1.660474, 1.666919, 0.006445,
75.923876, 1.668530, 1.654028, -0.014502,
75.934321, 1.668530, 1.664502, -0.004028,
75.944753, 1.669336, 1.658057, -0.011279,
75.955202, 1.658057, 1.654028, -0.004028,
75.965605, 1.662085, 1.666113, 0.004028,
75.975751, 1.666919, 1.666113, -0.000806,
75.986101, 1.662085, 1.668530, 0.006445,
75.996200, 1.658057, 1.664502, 0.006445,
76.006404, 1.670142, 1.662891, -0.007251,
76.016639, 1.669336, 1.672559, 0.003223,
76.026753, 1.670947, 1.662085, -0.008862,
76.037200, 1.668530, 1.665308, -0.003223,
76.047638, 1.664502, 1.668530, 0.004028,
76.057764, 1.666919, 1.640332, -0.026587,
76.068101, 1.669336, 1.674170, 0.004834,
76.078316, 1.669336, 1.664502, -0.004834,
76.088640, 1.670142, 1.661279, -0.008862,
76.098938, 1.670947, 1.669336, -0.001611,
76.109201, 1.674170, 1.658057, -0.016113,
76.119536, 1.670142, 1.676587, 0.006445,
76.129756, 1.669336, 1.683838, 0.014502,
76.139966, 1.669336, 1.658862, -0.010474,
76.150406, 1.672559, 1.674170, 0.001611,
76.160497, 1.662891, 1.662085, -0.000806,
76.170759, 1.676587, 1.658862, -0.017725,
76.181127, 1.676587, 1.674170, -0.002417,
76.191428, 1.668530, 1.665308, -0.003223,
76.201878, 1.677393, 1.683838, 0.006445,
76.211979, 1.678198, 1.668530, -0.009668,
76.222321, 1.677393, 1.674170, -0.003223,
76.232868, 1.670142, 1.670142, 0.000000,
76.242980, 1.673364, 1.661279, -0.012085,
76.253420, 1.676587, 1.677393, 0.000806,
76.263568, 1.674170, 1.645972, -0.028198,
76.273874, 1.670142, 1.657251, -0.012891,
76.284208, 1.674976, 1.681421, 0.006445,
76.294313, 1.679810, 1.668530, -0.011279,
76.304752, 1.674170, 1.669336, -0.004834,
76.315100, 1.676587, 1.674976, -0.001611,
76.325532, 1.676587, 1.669336, -0.007251,
76.335978, 1.670947, 1.676587, 0.005640,
76.346213, 1.674976, 1.690283, 0.015308,
76.356426, 1.678198, 1.666113, -0.012085,
76.366759, 1.670142, 1.677393, 0.007251,
76.376970, 1.674976, 1.677393, 0.002417,
76.387007, 1.670142, 1.664502, -0.005640,
76.397337, 1.670142, 1.678198, 0.008057,
76.407542, 1.673364, 1.660474, -0.012891,
76.417872, 1.672559, 1.670142, -0.002417,
76.428255, 1.678198, 1.662891, -0.015308,
76.438644, 1.676587, 1.647583, -0.029004,
76.449184, 1.674170, 1.673364, -0.000806,
76.459540, 1.668530, 1.662085, -0.006445,
76.469874, 1.673364, 1.670947, -0.002417,
76.480325, 1.676587, 1.670142, -0.006445,
76.490641, 1.664502, 1.654834, -0.009668,
76.500971, 1.664502, 1.644360, -0.020142,
76.511321, 1.668530, 1.666113, -0.002417,
76.521646, 1.656445, 1.662085, 0.005640,
76.531867, 1.665308, 1.673364, 0.008057,
76.542104, 1.668530, 1.658862, -0.009668,
76.552546, 1.660474, 1.664502, 0.004028,
76.562695, 1.666919, 1.672559, 0.005640,
76.572759, 1.668530, 1.654834, -0.013696,
76.583123, 1.664502, 1.665308, 0.000806,
76.593231, 1.665308, 1.666919, 0.001611,
76.603443, 1.669336, 1.679004, 0.009668,
76.613540, 1.664502, 1.670142, 0.005640,
76.623566, 1.666113, 1.661279, -0.004834,
76.633973, 1.670947, 1.670142, -0.000806,
76.644425, 1.668530, 1.658057, -0.010474,
76.654871, 1.664502, 1.648389, -0.016113,
76.665257, 1.670142, 1.662085, -0.008057,
76.675614, 1.668530, 1.660474, -0.008057,
76.685874, 1.666919, 1.664502, -0.002417,
76.696209, 1.666919, 1.683838, 0.016919,
76.706422, 1.666919, 1.669336, 0.002417,
76.716535, 1.666919, 1.677393, 0.010474,
76.726753, 1.662085, 1.637109, -0.024976,
76.737202, 1.670142, 1.658862, -0.011279,
76.747648, 1.662085, 1.664502, 0.002417,
76.757877, 1.672559, 1.653223, -0.019336,
76.759786, 1.658862, 1.668530, 0.009668,
76.761339, 1.662085, 1.657251, -0.004834,
76.762837, 1.670142, 1.662085, -0.008057,
76.764316, 1.665308, 1.657251, -0.008057,
76.765793, 1.662891, 1.665308, 0.002417,
76.767254, 1.665308, 1.660474, -0.004834,
76.790126, 1.668530, 1.665308, -0.003223,
76.800536, 1.664502, 1.673364, 0.008862,
76.810643, 1.666919, 1.681421, 0.014502,
76.820753, 1.677393, 1.665308, -0.012085,
76.831187, 1.682227, 1.662085, -0.020142,
76.841632, 1.670142, 1.673364, 0.003223,
76.851755, 1.673364, 1.665308, -0.008057,
76.862130, 1.673364, 1.665308, -0.008057,
76.872428, 1.666113, 1.649194, -0.016919,
76.882868, 1.670142, 1.678198, 0.008057,
76.892967, 1.666113, 1.670142, 0.004028,
76.903108, 1.668530, 1.666919, -0.001611,
76.913430, 1.677393, 1.670142, -0.007251,
76.923812, 1.673364, 1.660474, -0.012891,
76.934209, 1.679004, 1.687866, 0.008862,
76.944432, 1.677393, 1.673364, -0.004028,
76.954880, 1.673364, 1.654834, -0.018530,
76.965210, 1.677393, 1.658057, -0.019336,
76.975622, 1.669336, 1.666919, -0.002417,
76.985888, 1.678198, 1.643555, -0.034644,
76.996209, 1.674170, 1.658862, -0.015308,
77.006622, 1.677393, 1.662085, -0.015308,
77.016878, 1.674170, 1.673364, -0.000806,
77.027328, 1.674170, 1.674170, 0.000000,
77.037429, 1.677393, 1.662085, -0.015308,
77.047876, 1.676587, 1.670142, -0.006445,
77.058327, 1.676587, 1.674976, -0.001611,
77.068656, 1.670947, 1.683032, 0.012085,
77.078876, 1.668530, 1.650806, -0.017725,
77.089207, 1.673364, 1.660474, -0.012891,
77.099624, 1.674170, 1.664502, -0.009668,
77.109872, 1.670142, 1.662085, -0.008057,
77.120193, 1.674170, 1.670142, -0.004028,
77.130838, 1.676587, 1.670142, -0.006445,
77.141208, 1.662085, 1.662085, 0.000000,
77.151422, 1.662891, 1.666919, 0.004028,
77.161574, 1.662085, 1.666113, 0.004028,
77.171648, 1.664502, 1.660474, -0.004028,
77.182108, 1.662085, 1.668530, 0.006445,
77.192207, 1.662085, 1.662085, 0.000000,
77.202441, 1.656445, 1.665308, 0.008862,
77.212543, 1.666113, 1.654834, -0.011279,
77.222877, 1.669336, 1.657251, -0.012085,
77.233332, 1.662891, 1.636304, -0.026587,
77.243759, 1.662891, 1.662085, -0.000806,
77.254211, 1.658862, 1.665308, 0.006445,
77.264366, 1.656445, 1.661279, 0.004834,
77.274516, 1.658862, 1.645972, -0.012891,
77.284763, 1.666919, 1.654834, -0.012085,
77.295112, 1.664502, 1.687060, 0.022559,
77.305327, 1.668530, 1.668530, 0.000000,
77.315451, 1.666113, 1.669336, 0.003223,
77.325630, 1.664502, 1.654834, -0.009668,
77.335977, 1.665308, 1.664502, -0.000806,
77.346432, 1.661279, 1.670142, 0.008862,
77.356636, 1.658862, 1.653223, -0.005640,
77.366971, 1.670142, 1.679004, 0.008862,
77.377114, 1.666919, 1.662085, -0.004834,
77.387435, 1.666919, 1.662085, -0.004834,
77.397760, 1.660474, 1.661279, 0.000806,
77.407880, 1.672559, 1.652417, -0.020142,
77.418212, 1.664502, 1.668530, 0.004028,
77.428431, 1.668530, 1.664502, -0.004028,
77.438875, 1.668530, 1.662085, -0.006445,
77.449429, 1.679004, 1.650000, -0.029004,
77.459771, 1.677393, 1.677393, 0.000000,
77.469874, 1.681421, 1.670947, -0.010474,
77.480246, 1.679004, 1.666113, -0.012891,
77.490550, 1.677393, 1.670142, -0.007251,
77.500975, 1.679810, 1.670947, -0.008862,
77.511325, 1.676587, 1.658862, -0.017725,
77.521642, 1.674170, 1.662891, -0.011279,
77.532092, 1.677393, 1.674170, -0.003223,
77.542536, 1.670947, 1.673364, 0.002417,
77.552768, 1.677393, 1.668530, -0.008862,
77.563148, 1.674976, 1.650000, -0.024976,
77.573432, 1.681421, 1.683838, 0.002417,
77.583539, 1.673364, 1.672559, -0.000806,
77.593880, 1.679810, 1.666113, -0.013696,
77.604320, 1.672559, 1.670947, -0.001611,
77.614649, 1.674976, 1.662085, -0.012891,
77.625104, 1.674976, 1.662891, -0.012085,
77.635547, 1.673364, 1.654834, -0.018530,
77.645990, 1.673364, 1.669336, -0.004028,
77.656429, 1.669336, 1.654028, -0.015308,
77.666758, 1.669336, 1.673364, 0.004028,
77.676966, 1.668530, 1.647583, -0.020947,
77.687230, 1.670947, 1.670142, -0.000806,
77.697549, 1.674170, 1.665308, -0.008862,
77.707988, 1.668530, 1.674976, 0.006445,
77.718108, 1.672559, 1.677393, 0.004834,
77.728321, 1.672559, 1.670142, -0.002417,
77.738647, 1.673364, 1.658862, -0.014502,
77.749191, 1.669336, 1.662085, -0.007251,
77.759547, 1.678198, 1.666113, -0.012085,
77.769885, 1.662891, 1.670142, 0.007251,
77.780105, 1.665308, 1.653223, -0.012085,
77.790427, 1.662085, 1.660474, -0.001611,
77.800863, 1.664502, 1.670142, 0.005640,
77.810871, 1.662085, 1.656445, -0.005640,
77.821151, 1.661279, 1.640332, -0.020947,
77.831630, 1.665308, 1.662085, -0.003223,
77.841988, 1.666919, 1.652417, -0.014502,
77.852426, 1.664502, 1.664502, 0.000000,
77.862504, 1.664502, 1.669336, 0.004834,
77.872545, 1.666919, 1.664502, -0.002417,
77.882881, 1.664502, 1.678198, 0.013696,
77.892982, 1.662891, 1.653223, -0.009668,
77.903429, 1.662891, 1.670142, 0.007251,
77.913544, 1.669336, 1.660474, -0.008862,
77.923881, 1.665308, 1.656445, -0.008862,
77.934327, 1.670142, 1.670142, 0.000000,
77.944470, 1.662891, 1.662085, -0.000806,
77.954883, 1.666113, 1.635498, -0.030615,
77.965246, 1.668530, 1.662891, -0.005640,
77.975617, 1.669336, 1.648389, -0.020947,
77.985884, 1.670947, 1.668530, -0.002417,
77.996206, 1.666113, 1.670947, 0.004834,
78.006421, 1.656445, 1.673364, 0.016919,
78.016546, 1.665308, 1.664502, -0.000806,
78.026978, 1.665308, 1.670142, 0.004834,
78.037139, 1.662891, 1.677393, 0.014502,
78.047323, 1.666113, 1.666113, 0.000000,
78.057437, 1.661279, 1.658862, -0.002417,
78.067762, 1.669336, 1.664502, -0.004834,
78.078211, 1.662085, 1.665308, 0.003223,
78.088335, 1.679810, 1.676587, -0.003223,
78.098646, 1.670947, 1.666919, -0.004028,
78.108977, 1.677393, 1.681421, 0.004028,
78.119068, 1.677393, 1.677393, 0.000000,
78.129216, 1.677393, 1.677393, 0.000000,
78.139435, 1.674976, 1.665308, -0.009668,
78.149881, 1.673364, 1.670142, -0.003223,
78.160209, 1.674976, 1.666113, -0.008862,
78.170557, 1.673364, 1.672559, -0.000806,
78.180941, 1.678198, 1.664502, -0.013696,
78.191213, 1.670947, 1.658862, -0.012085,
78.201643, 1.677393, 1.670142, -0.007251,
78.212005, 1.674976, 1.670947, -0.004028,
78.222325, 1.673364, 1.666113, -0.007251,
78.232764, 1.674170, 1.674170, 0.000000,
78.242878, 1.679004, 1.677393, -0.001611,
78.253223, 1.677393, 1.662891, -0.014502,
78.263582, 1.672559, 1.664502, -0.008057,
78.273882, 1.670947, 1.665308, -0.005640,
78.284214, 1.672559, 1.640332, -0.032227,
78.294543, 1.666919, 1.668530, 0.001611,
78.304766, 1.677393, 1.657251, -0.020142,
78.315109, 1.677393, 1.662891, -0.014502,
78.325546, 1.677393, 1.658057, -0.019336,
78.335989, 1.672559, 1.660474, -0.012085,
78.346429, 1.673364, 1.658862, -0.014502,
78.356880, 1.674170, 1.660474, -0.013696,
78.367222, 1.679004, 1.670142, -0.008862,
78.377647, 1.669336, 1.670142, 0.000806,
78.387676, 1.669336, 1.670142, 0.000806,
78.397773, 1.672559, 1.669336, -0.003223,
78.408212, 1.670142, 1.658862, -0.011279,
78.418557, 1.658862, 1.670142, 0.011279,
78.428780, 1.665308, 1.664502, -0.000806,
78.439113, 1.654834, 1.661279, 0.006445,
78.449417, 1.662085, 1.670142, 0.008057,
78.459554, 1.660474, 1.650806, -0.009668,
78.469878, 1.666919, 1.670142, 0.003223,
78.480001, 1.658862, 1.660474, 0.001611,
78.490115, 1.666919, 1.654028, -0.012891,
78.500542, 1.662085, 1.665308, 0.003223,
78.510653, 1.672559, 1.665308, -0.007251,
78.520889, 1.666113, 1.652417, -0.013696,
78.531409, 1.666113, 1.662891, -0.003223,
78.541764, 1.656445, 1.666113, 0.009668,
78.551979, 1.665308, 1.676587, 0.011279,
78.562120, 1.665308, 1.662085, -0.003223,
78.572434, 1.666113, 1.654028, -0.012085,
78.582885, 1.669336, 1.661279, -0.008057,
78.593215, 1.672559, 1.648389, -0.024170,
78.603659, 1.660474, 1.658057, -0.002417,
78.613981, 1.670142, 1.658057, -0.012085,
78.624420, 1.668530, 1.656445, -0.012085,
78.634879, 1.669336, 1.674170, 0.004834,
78.645115, 1.662085, 1.650806, -0.011279,
78.655545, 1.664502, 1.662085, -0.002417,
78.665884, 1.669336, 1.669336, 0.000000,
78.675982, 1.665308, 1.656445, -0.008862,
78.686223, 1.662891, 1.657251, -0.005640,
78.696544, 1.665308, 1.662891, -0.002417,
78.706986, 1.668530, 1.658057, -0.010474,
78.717328, 1.665308, 1.674170, 0.008862,
78.727303, 1.676587, 1.666919, -0.009668,
78.737653, 1.676587, 1.665308, -0.011279,
78.748111, 1.676587, 1.672559, -0.004028,
78.758568, 1.674976, 1.660474, -0.014502,
78.768889, 1.677393, 1.670142, -0.007251,
78.779327, 1.676587, 1.668530, -0.008057,
78.789652, 1.677393, 1.662085, -0.015308,
78.799960, 1.677393, 1.647583, -0.029810,
78.810217, 1.679004, 1.674976, -0.004028,
78.820544, 1.666113, 1.641943, -0.024170,
78.831115, 1.673364, 1.703979, 0.030615,
78.841336, 1.670947, 1.669336, -0.001611,
78.851762, 1.674976, 1.662085, -0.012891,
78.862141, 1.674976, 1.662085, -0.012891,
78.872432, 1.676587, 1.665308, -0.011279,
78.882763, 1.676587, 1.666919, -0.009668,
78.893114, 1.674170, 1.666113, -0.008057,
78.903545, 1.674170, 1.669336, -0.004834,
78.913881, 1.677393, 1.669336, -0.008057,
78.924301, 1.677393, 1.658862, -0.018530,
78.934762, 1.676587, 1.679810, 0.003223,
78.945325, 1.677393, 1.662085, -0.015308,
78.955766, 1.677393, 1.670142, -0.007251,
78.966114, 1.670947, 1.674170, 0.003223,
78.976321, 1.677393, 1.677393, 0.000000,
78.986330, 1.679004, 1.668530, -0.010474,
78.996650, 1.672559, 1.662085, -0.010474,
79.006987, 1.677393, 1.665308, -0.012085,
79.017331, 1.679004, 1.676587, -0.002417,
79.027772, 1.673364, 1.647583, -0.025781,
79.038223, 1.678198, 1.660474, -0.017725,
79.048650, 1.674170, 1.666919, -0.007251,
79.058991, 1.668530, 1.661279, -0.007251,
79.069333, 1.662891, 1.640332, -0.022559,
79.079769, 1.654834, 1.676587, 0.021753,
79.089885, 1.668530, 1.654028, -0.014502,
79.100329, 1.662891, 1.658862, -0.004028,
79.110648, 1.654834, 1.669336, 0.014502,
79.120646, 1.665308, 1.681421, 0.016113,
79.130934, 1.666113, 1.665308, -0.000806,
79.141331, 1.662085, 1.666113, 0.004028,
79.151550, 1.666113, 1.672559, 0.006445,
79.161702, 1.668530, 1.665308, -0.003223,
79.171981, 1.666919, 1.665308, -0.001611,
79.182337, 1.666113, 1.660474, -0.005640,
79.192655, 1.665308, 1.647583, -0.017725,
79.202990, 1.668530, 1.657251, -0.011279,
79.213331, 1.668530, 1.662085, -0.006445,
79.223656, 1.666919, 1.662891, -0.004028,
79.234113, 1.662085, 1.674976, 0.012891,
79.244328, 1.666919, 1.635498, -0.031421,
79.254767, 1.662891, 1.656445, -0.006445,
79.265112, 1.670142, 1.664502, -0.005640,
79.275547, 1.669336, 1.669336, 0.000000,
79.285633, 1.668530, 1.674976, 0.006445,
79.295660, 1.666113, 1.662085, -0.004028,
79.305990, 1.670142, 1.645972, -0.024170,
79.316332, 1.665308, 1.665308, 0.000000,
79.326429, 1.666113, 1.660474, -0.005640,
79.336820, 1.666113, 1.670947, 0.004834,
79.347014, 1.665308, 1.660474, -0.004834,
79.357439, 1.670142, 1.654834, -0.015308,
79.367766, 1.677393, 1.677393, 0.000000,
79.377881, 1.679810, 1.666113, -0.013696,
79.388209, 1.679810, 1.662085, -0.017725,
79.398544, 1.666113, 1.673364, 0.007251,
79.408650, 1.669336, 1.662085, -0.007251,
79.418988, 1.678198, 1.673364, -0.004834,
79.429366, 1.674170, 1.683032, 0.008862,
79.439551, 1.674170, 1.661279, -0.012891,
79.449964, 1.681421, 1.668530, -0.012891,
79.460245, 1.670947, 1.665308, -0.005640,
79.470553, 1.676587, 1.676587, 0.000000,
79.480716, 1.673364, 1.674976, 0.001611,
79.490772, 1.674976, 1.670947, -0.004028,
79.501213, 1.678198, 1.679004, 0.000806,
79.511332, 1.668530, 1.649194, -0.019336,
79.521653, 1.674976, 1.650000, -0.024976,
79.532108, 1.678198, 1.664502, -0.013696,
79.542575, 1.662891, 1.670947, 0.008057,
79.552770, 1.678198, 1.678198, 0.000000,
79.562920, 1.674170, 1.674976, 0.000806,
79.572986, 1.672559, 1.662085, -0.010474,
79.583327, 1.676587, 1.682227, 0.005640,
79.593437, 1.677393, 1.672559, -0.004834,
79.603847, 1.679004, 1.662085, -0.016919,
79.614127, 1.674976, 1.670947, -0.004028,
79.624527, 1.676587, 1.662085, -0.014502,
79.634888, 1.674170, 1.674976, 0.000806,
79.645108, 1.674170, 1.669336, -0.004834,
79.655559, 1.674976, 1.662085, -0.012891,
79.665900, 1.674976, 1.679004, 0.004028,
79.676116, 1.677393, 1.662085, -0.015308,
79.686440, 1.666919, 1.641138, -0.025781,
79.696774, 1.658057, 1.682227, 0.024170,
79.706987, 1.666113, 1.665308, -0.000806,
79.717343, 1.665308, 1.641943, -0.023364,
79.727785, 1.666113, 1.662891, -0.003223,
79.738225, 1.662085, 1.654834, -0.007251,
79.748655, 1.658862, 1.658862, 0.000000,
79.758772, 1.665308, 1.662085, -0.003223,
79.769119, 1.666113, 1.677393, 0.011279,
79.779341, 1.666919, 1.640332, -0.026587,
79.789656, 1.664502, 1.658057, -0.006445,
79.800113, 1.661279, 1.657251, -0.004028,
79.810429, 1.665308, 1.641943, -0.023364,
79.820775, 1.664502, 1.664502, 0.000000,
79.830953, 1.662891, 1.672559, 0.009668,
79.841123, 1.662085, 1.658862, -0.003223,
79.851548, 1.666113, 1.666919, 0.000806,
79.861694, 1.668530, 1.657251, -0.011279,
79.871999, 1.661279, 1.654834, -0.006445,
79.882438, 1.670142, 1.654028, -0.016113,
79.892767, 1.668530, 1.658057, -0.010474,
79.903118, 1.669336, 1.666113, -0.003223,
79.913437, 1.674170, 1.664502, -0.009668,
79.923778, 1.660474, 1.665308, 0.004834,
79.933992, 1.669336, 1.670947, 0.001611,
79.944218, 1.666113, 1.666113, 0.000000,
79.954435, 1.657251, 1.691089, 0.033838,
79.964573, 1.666919, 1.662085, -0.004834,
79.974965, 1.668530, 1.661279, -0.007251,
79.985227, 1.666919, 1.670142, 0.003223,
79.995337, 1.668530, 1.654834, -0.013696,
80.005773, 1.678198, 1.662085, -0.016113,
80.016111, 1.679004, 1.656445, -0.022559,
80.026496, 1.673364, 1.666919, -0.006445,
80.036889, 1.670142, 1.658057, -0.012085,
80.047336, 1.677393, 1.670142, -0.007251,
80.057768, 1.678198, 1.673364, -0.004834,
80.068136, 1.677393, 1.687060, 0.009668,
80.078330, 1.677393, 1.668530, -0.008862,
80.088657, 1.677393, 1.657251, -0.020142,
80.098953, 1.672559, 1.674170, 0.001611,
80.108998, 1.672559, 1.662891, -0.009668,
80.119340, 1.670142, 1.677393, 0.007251,
80.129556, 1.674976, 1.668530, -0.006445,
80.139884, 1.674976, 1.664502, -0.010474,
80.150329, 1.679004, 1.666919, -0.012085,
80.160664, 1.670947, 1.668530, -0.002417,
80.171009, 1.677393, 1.660474, -0.016919,
80.181437, 1.666113, 1.670142, 0.004028,
80.191557, 1.676587, 1.679810, 0.003223,
80.201760, 1.677393, 1.674170, -0.003223,
80.212120, 1.665308, 1.656445, -0.008862,
80.222448, 1.681421, 1.666113, -0.015308,
80.232990, 1.673364, 1.670947, -0.002417,
80.243418, 1.673364, 1.666113, -0.007251,
80.253886, 1.678198, 1.689478, 0.011279,
80.264075, 1.679004, 1.682227, 0.003223,
80.274122, 1.673364, 1.664502, -0.008862,
80.284490, 1.670947, 1.682227, 0.011279,
80.294557, 1.674976, 1.669336, -0.005640,
80.304985, 1.674976, 1.670142, -0.004834,
80.315242, 1.679004, 1.670142, -0.008862,
80.325646, 1.666113, 1.650000, -0.016113,
80.336118, 1.665308, 1.637109, -0.028198,
80.346563, 1.660474, 1.670142, 0.009668,
80.356780, 1.666113, 1.658057, -0.008057,
80.367130, 1.654834, 1.656445, 0.001611,
80.377333, 1.657251, 1.660474, 0.003223,
80.387438, 1.662085, 1.674170, 0.012085,
80.397541, 1.664502, 1.658057, -0.006445,
80.407887, 1.670142, 1.652417, -0.017725,
80.418220, 1.668530, 1.662891, -0.005640,
80.428659, 1.665308, 1.656445, -0.008862,
80.439000, 1.668530, 1.647583, -0.020947,
80.449444, 1.660474, 1.664502, 0.004028,
80.459556, 1.666113, 1.639526, -0.026587,
80.469883, 1.673364, 1.650806, -0.022559,
80.480335, 1.665308, 1.669336, 0.004028,
80.490449, 1.658057, 1.668530, 0.010474,
80.500641, 1.662085, 1.657251, -0.004834,
80.510889, 1.666113, 1.640332, -0.025781,
80.521227, 1.668530, 1.662085, -0.006445,
80.531747, 1.666113, 1.662891, -0.003223,
80.542121, 1.666113, 1.644360, -0.021753,
80.552553, 1.664502, 1.654834, -0.009668,
80.562917, 1.669336, 1.665308, -0.004028,
80.573223, 1.662891, 1.649194, -0.013696,
80.583665, 1.666919, 1.669336, 0.002417,
80.593795, 1.668530, 1.662085, -0.006445,
80.604224, 1.668530, 1.668530, 0.000000,
80.614359, 1.669336, 1.662891, -0.006445,
80.624656, 1.664502, 1.660474, -0.004028,
80.635088, 1.669336, 1.679810, 0.010474,
80.645223, 1.676587, 1.670947, -0.005640,
80.655654, 1.678198, 1.653223, -0.024976,
80.666006, 1.678198, 1.662085, -0.016113,
80.676423, 1.679004, 1.669336, -0.009668,
80.686652, 1.683838, 1.686255, 0.002417,
80.696663, 1.681421, 1.660474, -0.020947,
80.706987, 1.677393, 1.658862, -0.018530,
80.717338, 1.682227, 1.672559, -0.009668,
80.727770, 1.673364, 1.643555, -0.029810,
80.738133, 1.670142, 1.666113, -0.004028,
80.748562, 1.674976, 1.668530, -0.006445,
80.758994, 1.673364, 1.662085, -0.011279,
80.769340, 1.673364, 1.673364, 0.000000,
80.779486, 1.674170, 1.670142, -0.004028,
80.789792, 1.676587, 1.664502, -0.012085,
80.800200, 1.670947, 1.673364, 0.002417,
80.810310, 1.678198, 1.658057, -0.020142,
80.820560, 1.669336, 1.666113, -0.003223,
80.830996, 1.674170, 1.661279, -0.012891,
80.841512, 1.670947, 1.665308, -0.005640,
80.851884, 1.672559, 1.670142, -0.002417,
80.862259, 1.676587, 1.662085, -0.014502,
80.872558, 1.672559, 1.658862, -0.013696,
80.882993, 1.670142, 1.661279, -0.008862,
80.893344, 1.674170, 1.670142, -0.004028,
80.903774, 1.670947, 1.670142, -0.000806,
80.914126, 1.676587, 1.666919, -0.009668,
80.924434, 1.670947, 1.662891, -0.008057,
80.934897, 1.672559, 1.662891, -0.009668,
80.945340, 1.677393, 1.656445, -0.020947,
80.955771, 1.666113, 1.661279, -0.004834,
80.966116, 1.669336, 1.662891, -0.006445,
80.976561, 1.674170, 1.664502, -0.009668,
80.986883, 1.662891, 1.660474, -0.002417,
80.997126, 1.660474, 1.662891, 0.002417,
81.007334, 1.662085, 1.662085, 0.000000,
81.017333, 1.669336, 1.670142, 0.000806,
81.027547, 1.662891, 1.662085, -0.000806,
81.037889, 1.670142, 1.674976, 0.004834,
81.048119, 1.664502, 1.650806, -0.013696,
81.058561, 1.668530, 1.650000, -0.018530,
81.068891, 1.670142, 1.677393, 0.007251,
81.079055, 1.654028, 1.654834, 0.000806,
81.089124, 1.657251, 1.662085, 0.004834,
81.099226, 1.670142, 1.653223, -0.016919,
81.109550, 1.665308, 1.662085, -0.003223,
81.119893, 1.670142, 1.672559, 0.002417,
81.130132, 1.666919, 1.673364, 0.006445,
81.140365, 1.666113, 1.658862, -0.007251,
81.150895, 1.670142, 1.673364, 0.003223,
81.160991, 1.666919, 1.662891, -0.004028,
81.171346, 1.662085, 1.647583, -0.014502,
81.181795, 1.665308, 1.666113, 0.000806,
81.191891, 1.658057, 1.658057, 0.000000,
81.201992, 1.664502, 1.691089, 0.026587,
81.212121, 1.664502, 1.650000, -0.014502,
81.222440, 1.670947, 1.658057, -0.012891,
81.232983, 1.662891, 1.658862, -0.004028,
81.243442, 1.668530, 1.657251, -0.011279,
81.253889, 1.669336, 1.673364, 0.004028,
81.264033, 1.665308, 1.664502, -0.000806,
81.274347, 1.665308, 1.662891, -0.002417,
81.284777, 1.678198, 1.668530, -0.009668,
81.295124, 1.678198, 1.645166, -0.033032,
81.305565, 1.674976, 1.683032, 0.008057,
81.315678, 1.672559, 1.664502, -0.008057,
81.326123, 1.670142, 1.662085, -0.008057,
81.336561, 1.683838, 1.665308, -0.018530,
81.347002, 1.674976, 1.673364, -0.001611,
81.357441, 1.679004, 1.661279, -0.017725,
81.367777, 1.674976, 1.685449, 0.010474,
81.378027, 1.673364, 1.668530, -0.004834,
81.388339, 1.676587, 1.658862, -0.017725,
81.398661, 1.669336, 1.666919, -0.002417,
81.408987, 1.674170, 1.662085, -0.012085,
81.419229, 1.674976, 1.685449, 0.010474,
81.429451, 1.677393, 1.679004, 0.001611,
81.439668, 1.674976, 1.662085, -0.012891,
81.450215, 1.672559, 1.670142, -0.002417,
81.460553, 1.677393, 1.670947, -0.006445,
81.470897, 1.673364, 1.682227, 0.008862,
81.481052, 1.677393, 1.661279, -0.016113,
81.491343, 1.678198, 1.666919, -0.011279,
81.501786, 1.673364, 1.677393, 0.004028,
81.511901, 1.674170, 1.674976, 0.000806,
81.521999, 1.681421, 1.676587, -0.004834,
81.532450, 1.677393, 1.672559, -0.004834,
81.542886, 1.670142, 1.670142, 0.000000,
81.553015, 1.673364, 1.670142, -0.003223,
81.563385, 1.672559, 1.676587, 0.004028,
81.573445, 1.670142, 1.668530, -0.001611,
81.583899, 1.670142, 1.674976, 0.004834,
81.593996, 1.672559, 1.666919, -0.005640,
81.604439, 1.665308, 1.662891, -0.002417,
81.614663, 1.664502, 1.662891, -0.001611,
81.625001, 1.662891, 1.662085, -0.000806,
81.635444, 1.664502, 1.669336, 0.004834,
81.645656, 1.665308, 1.660474, -0.004834,
81.656122, 1.662085, 1.644360, -0.017725,
81.666446, 1.654834, 1.683032, 0.028198,
81.676646, 1.658862, 1.666113, 0.007251,
81.686666, 1.660474, 1.662085, 0.001611,
81.696776, 1.656445, 1.668530, 0.012085,
81.706992, 1.666919, 1.654834, -0.012085,
81.717349, 1.666919, 1.654834, -0.012085,
81.727768, 1.669336, 1.674170, 0.004834,
81.737900, 1.665308, 1.664502, -0.000806,
81.748347, 1.657251, 1.658862, 0.001611,
81.758561, 1.662891, 1.653223, -0.009668,
81.768899, 1.662891, 1.674170, 0.011279,
81.779121, 1.664502, 1.666113, 0.001611,
81.789226, 1.666919, 1.657251, -0.009668,
81.799562, 1.668530, 1.654028, -0.014502,
81.809901, 1.662891, 1.666113, 0.003223,
81.819999, 1.669336, 1.662085, -0.007251,
81.830444, 1.665308, 1.633081, -0.032227,
81.840780, 1.661279, 1.661279, 0.000000,
81.850972, 1.669336, 1.668530, -0.000806,
81.861231, 1.658862, 1.685449, 0.026587,
81.871342, 1.669336, 1.668530, -0.000806,
81.881780, 1.665308, 1.658862, -0.006445,
81.892117, 1.670142, 1.657251, -0.012891,
81.902561, 1.664502, 1.662085, -0.002417,
81.912893, 1.666919, 1.665308, -0.001611,
81.923227, 1.668530, 1.647583, -0.020947,
81.933776, 1.670142, 1.665308, -0.004834,
81.944229, 1.679004, 1.681421, 0.002417,
81.954445, 1.681421, 1.681421, 0.000000,
81.964475, 1.677393, 1.657251, -0.020142,
81.974781, 1.670142, 1.662085, -0.008057,
81.985128, 1.670947, 1.647583, -0.023364,
81.995455, 1.673364, 1.660474, -0.012891,
82.005900, 1.666919, 1.658057, -0.008862,
82.016226, 1.673364, 1.658862, -0.014502,
82.026644, 1.673364, 1.662085, -0.011279,
82.037107, 1.678198, 1.694311, 0.016113,
82.047342, 1.674170, 1.668530, -0.005640,
82.057787, 1.676587, 1.669336, -0.007251,
82.068126, 1.674170, 1.674976, 0.000806,
82.078348, 1.673364, 1.664502, -0.008862,
82.088657, 1.674976, 1.668530, -0.006445,
82.098988, 1.666919, 1.666919, 0.000000,
82.109125, 1.679810, 1.662085, -0.017725,
82.119453, 1.676587, 1.670142, -0.006445,
82.129903, 1.676587, 1.670142, -0.006445,
82.140341, 1.674170, 1.670947, -0.003223,
82.150892, 1.674170, 1.679004, 0.004834,
82.160999, 1.673364, 1.658862, -0.014502,
82.171349, 1.670142, 1.665308, -0.004834,
82.181780, 1.662891, 1.668530, 0.005640,
82.191901, 1.673364, 1.653223, -0.020142,
82.202346, 1.662891, 1.677393, 0.014502,
82.212449, 1.670142, 1.674170, 0.004028,
82.222560, 1.674170, 1.654028, -0.020142,
82.233119, 1.674170, 1.686255, 0.012085,
82.243348, 1.672559, 1.670142, -0.002417,
82.253780, 1.662085, 1.666113, 0.004028,
82.263937, 1.666919, 1.678198, 0.011279,
82.273997, 1.662085, 1.654834, -0.007251,
82.284345, 1.654834, 1.658862, 0.004028,
82.294460, 1.670142, 1.665308, -0.004834,
82.304896, 1.664502, 1.665308, 0.000806,
82.315005, 1.660474, 1.652417, -0.008057,
82.325450, 1.658862, 1.641138, -0.017725,
82.335889, 1.665308, 1.676587, 0.011279,
82.346132, 1.668530, 1.658862, -0.009668,
82.356568, 1.664502, 1.652417, -0.012085,
82.366901, 1.668530, 1.670142, 0.001611,
82.377124, 1.666919, 1.660474, -0.006445,
82.387455, 1.664502, 1.664502, 0.000000,
82.397452, 1.666113, 1.665308, -0.000806,
82.407898, 1.668530, 1.643555, -0.024976,
82.418232, 1.662891, 1.654834, -0.008057,
82.428662, 1.669336, 1.665308, -0.004028,
82.439010, 1.666113, 1.662891, -0.003223,
82.449459, 1.658862, 1.668530, 0.009668,
82.459560, 1.660474, 1.664502, 0.004028,
82.469657, 1.662891, 1.664502, 0.001611,
82.479891, 1.669336, 1.670947, 0.001611,
82.489999, 1.666919, 1.633887, -0.033032,
82.500436, 1.670142, 1.666113, -0.004028,
82.510668, 1.670947, 1.672559, 0.001611,
82.520778, 1.672559, 1.664502, -0.008057,
82.531209, 1.665308, 1.670142, 0.004834,
82.541457, 1.662891, 1.660474, -0.002417,
82.551895, 1.669336, 1.662891, -0.006445,
82.562286, 1.665308, 1.661279, -0.004028,
82.572563, 1.674976, 1.678198, 0.003223,
82.582779, 1.678198, 1.654834, -0.023364,
82.593127, 1.677393, 1.665308, -0.012085,
82.603571, 1.673364, 1.677393, 0.004028,
82.613667, 1.674170, 1.658862, -0.015308,
82.624028, 1.674170, 1.657251, -0.016919,
82.634563, 1.679004, 1.683032, 0.004028,
82.644779, 1.682227, 1.677393, -0.004834,
82.655227, 1.674170, 1.637109, -0.037060,
82.665627, 1.674170, 1.669336, -0.004834,
82.675975, 1.670142, 1.657251, -0.012891,
82.686229, 1.672559, 1.650806, -0.021753,
82.696562, 1.679810, 1.658862, -0.020947,
82.706905, 1.670947, 1.665308, -0.005640,
82.717228, 1.677393, 1.662891, -0.014502,
82.727670, 1.674170, 1.670947, -0.003223,
82.738135, 1.673364, 1.662891, -0.010474,
82.748567, 1.674976, 1.662085, -0.012891,
82.758999, 1.678198, 1.683838, 0.005640,
82.769132, 1.677393, 1.678198, 0.000806,
82.779342, 1.674976, 1.673364, -0.001611,
82.789678, 1.666919, 1.662085, -0.004834,
82.800001, 1.670142, 1.669336, -0.000806,
82.810354, 1.672559, 1.664502, -0.008057,
82.820694, 1.674976, 1.673364, -0.001611,
82.831207, 1.674170, 1.677393, 0.003223,
82.841456, 1.670947, 1.673364, 0.002417,
82.851647, 1.668530, 1.676587, 0.008057,
82.861670, 1.673364, 1.668530, -0.004834,
82.872001, 1.674170, 1.668530, -0.005640,
82.882451, 1.666919, 1.677393, 0.010474,
82.892565, 1.673364, 1.658862, -0.014502,
82.902993, 1.665308, 1.687866, 0.022559,
82.913129, 1.661279, 1.664502, 0.003223,
82.923229, 1.662891, 1.668530, 0.005640,
82.933533, 1.662085, 1.660474, -0.001611,
82.943894, 1.666113, 1.674976, 0.008862,
82.954139, 1.670142, 1.674170, 0.004028,
82.964260, 1.669336, 1.669336, 0.000000,
82.974356, 1.670142, 1.673364, 0.003223,
82.984569, 1.664502, 1.664502, 0.000000,
82.994577, 1.662891, 1.662085, -0.000806,
83.004989, 1.665308, 1.657251, -0.008057,
83.015350, 1.670142, 1.661279, -0.008862,
83.025764, 1.662085, 1.660474, -0.001611,
83.036142, 1.670947, 1.668530, -0.002417,
83.046560, 1.665308, 1.662085, -0.003223,
83.057000, 1.668530, 1.654834, -0.013696,
83.067358, 1.666113, 1.674976, 0.008862,
83.077558, 1.666113, 1.669336, 0.003223,
83.087684, 1.665308, 1.666113, 0.000806,
83.097775, 1.669336, 1.665308, -0.004028,
83.108128, 1.665308, 1.650806, -0.014502,
83.118451, 1.662891, 1.669336, 0.006445,
83.128656, 1.662891, 1.666919, 0.004028,
83.138907, 1.665308, 1.635498, -0.029810,
83.149352, 1.669336, 1.664502, -0.004834,
83.159786, 1.666919, 1.654834, -0.012085,
83.170131, 1.662891, 1.670142, 0.007251,
83.180353, 1.669336, 1.673364, 0.004028,
83.190463, 1.658862, 1.658057, -0.000806,
83.200898, 1.666919, 1.672559, 0.005640,
83.211030, 1.681421, 1.668530, -0.012891,
83.221353, 1.674170, 1.668530, -0.005640,
83.231894, 1.674976, 1.664502, -0.010474,
83.242357, 1.670947, 1.670947, 0.000000,
83.252561, 1.677393, 1.679004, 0.001611,
83.262727, 1.677393, 1.678198, 0.000806,
83.272783, 1.674170, 1.683838, 0.009668,
83.282993, 1.670142, 1.665308, -0.004834,
83.293344, 1.677393, 1.668530, -0.008862,
83.303783, 1.674976, 1.662891, -0.012085,
83.314131, 1.674170, 1.654028, -0.020142,
83.324461, 1.672559, 1.669336, -0.003223,
83.334901, 1.669336, 1.670142, 0.000806,
83.345159, 1.677393, 1.674170, -0.003223,
83.355557, 1.673364, 1.669336, -0.004028,
83.365900, 1.672559, 1.686255, 0.013696,
83.376127, 1.678198, 1.650000, -0.028198,
83.386464, 1.676587, 1.669336, -0.007251,
83.396796, 1.666919, 1.670142, 0.003223,
83.407007, 1.674170, 1.662891, -0.011279,
83.417351, 1.670142, 1.677393, 0.007251,
83.427558, 1.666919, 1.676587, 0.009668,
83.437667, 1.673364, 1.669336, -0.004028,
83.448139, 1.678198, 1.672559, -0.005640,
83.458576, 1.676587, 1.666113, -0.010474,
83.468913, 1.673364, 1.670142, -0.003223,
83.479358, 1.674170, 1.665308, -0.008862,
83.489678, 1.676587, 1.672559, -0.004028,
83.499998, 1.670142, 1.683838, 0.013696,
83.510134, 1.677393, 1.668530, -0.008862,
83.520453, 1.677393, 1.674170, -0.003223,
83.530890, 1.662891, 1.678198, 0.015308,
83.541112, 1.658862, 1.654834, -0.004028,
83.551566, 1.665308, 1.670947, 0.005640,
83.561661, 1.662085, 1.660474, -0.001611,
83.571901, 1.662085, 1.669336, 0.007251,
83.582135, 1.668530, 1.677393, 0.008862,
83.592236, 1.665308, 1.654834, -0.010474,
83.602676, 1.661279, 1.650000, -0.011279,
83.613001, 1.665308, 1.674976, 0.009668,
83.623135, 1.666919, 1.658862, -0.008057,
83.633571, 1.665308, 1.662085, -0.003223,
83.644008, 1.664502, 1.654028, -0.010474,
83.654472, 1.666113, 1.670142, 0.004028,
83.664605, 1.666919, 1.661279, -0.005640,
83.674899, 1.670142, 1.648389, -0.021753,
83.685236, 1.668530, 1.637915, -0.030615,
83.695570, 1.666113, 1.670947, 0.004834,
83.705791, 1.664502, 1.657251, -0.007251,
83.716129, 1.670142, 1.665308, -0.004834,
83.726561, 1.665308, 1.666919, 0.001611,
83.736813, 1.665308, 1.677393, 0.012085,
83.746996, 1.670142, 1.661279, -0.008862,
83.757443, 1.669336, 1.660474, -0.008862,
83.767785, 1.666919, 1.670947, 0.004028,
83.777995, 1.670142, 1.662085, -0.008057,
83.788343, 1.670142, 1.665308, -0.004834,
83.798605, 1.662085, 1.658862, -0.003223,
83.809001, 1.666113, 1.654834, -0.011279,
83.819349, 1.666113, 1.678198, 0.012085,
83.829562, 1.666919, 1.673364, 0.006445,
83.839683, 1.669336, 1.666113, -0.003223,
83.850228, 1.682227, 1.666113, -0.016113,
83.860580, 1.678198, 1.673364, -0.004834,
83.870909, 1.681421, 1.670947, -0.010474,
83.881351, 1.677393, 1.662085, -0.015308,
83.891673, 1.677393, 1.660474, -0.016919,
83.902117, 1.670142, 1.666919, -0.003223,
83.912448, 1.666113, 1.666919, 0.000806,
83.922475, 1.678198, 1.664502, -0.013696,
83.933003, 1.679004, 1.669336, -0.009668,
83.943453, 1.668530, 1.666919, -0.001611,
83.953903, 1.668530, 1.666919, -0.001611,
83.964263, 1.677393, 1.683032, 0.005640,
83.974353, 1.665308, 1.653223, -0.012085,
83.984752, 1.674976, 1.670142, -0.004834,
83.995017, 1.679004, 1.677393, -0.001611,
84.005463, 1.674170, 1.668530, -0.005640,
84.015782, 1.670142, 1.662085, -0.008057,
84.026200, 1.670947, 1.650000, -0.020947,
84.036570, 1.677393, 1.676587, -0.000806,
84.047005, 1.673364, 1.669336, -0.004028,
84.057456, 1.665308, 1.666919, 0.001611,
84.067567, 1.672559, 1.674976, 0.002417,
84.077752, 1.670947, 1.654834, -0.016113,
84.088010, 1.674170, 1.670142, -0.004028,
84.098353, 1.676587, 1.664502, -0.012085,
84.108782, 1.670947, 1.662085, -0.008862,
84.119131, 1.670947, 1.653223, -0.017725,
84.129559, 1.674170, 1.670142, -0.004028,
84.140011, 1.665308, 1.666113, 0.000806,
84.150333, 1.670947, 1.669336, -0.001611,
84.160682, 1.673364, 1.664502, -0.008862,
84.171011, 1.665308, 1.662085, -0.003223,
84.181460, 1.664502, 1.658862, -0.005640,
84.191791, 1.665308, 1.666919, 0.001611,
84.201993, 1.666113, 1.670142, 0.004028,
84.212071, 1.662085, 1.668530, 0.006445,
84.222138, 1.668530, 1.652417, -0.016113,
84.232651, 1.664502, 1.658862, -0.005640,
84.243002, 1.670142, 1.654028, -0.016113,
84.253442, 1.662085, 1.669336, 0.007251,
84.263530, 1.665308, 1.661279, -0.004028,
84.273785, 1.664502, 1.654834, -0.009668,
84.284137, 1.666919, 1.679004, 0.012085,
84.294235, 1.666919, 1.664502, -0.002417,
84.304683, 1.670142, 1.640332, -0.029810,
84.315014, 1.666113, 1.662085, -0.004028,
84.325439, 1.662085, 1.657251, -0.004834,
84.335901, 1.666113, 1.676587, 0.010474,
84.346141, 1.668530, 1.657251, -0.011279,
84.356567, 1.669336, 1.664502, -0.004834,
84.366910, 1.670947, 1.658057, -0.012891,
84.377347, 1.665308, 1.664502, -0.000806,
84.387605, 1.668530, 1.673364, 0.004834,
84.397681, 1.665308, 1.662085, -0.003223,
84.408130, 1.666919, 1.658057, -0.008862,
84.418459, 1.669336, 1.672559, 0.003223,
84.428671, 1.668530, 1.652417, -0.016113,
84.439137, 1.666919, 1.636304, -0.030615,
84.449566, 1.668530, 1.670142, 0.001611,
84.459722, 1.666113, 1.647583, -0.018530,
84.470137, 1.661279, 1.665308, 0.004028,
84.480357, 1.673364, 1.635498, -0.037866,
84.490670, 1.674976, 1.657251, -0.017725,
84.501138, 1.682227, 1.676587, -0.005640,
84.511457, 1.677393, 1.669336, -0.008057,
84.521795, 1.679004, 1.679810, 0.000806,
84.532138, 1.679810, 1.662085, -0.017725,
84.542581, 1.678198, 1.658057, -0.020142,
84.553001, 1.676587, 1.666919, -0.009668,
84.563396, 1.673364, 1.670142, -0.003223,
84.573683, 1.676587, 1.662085, -0.014502,
84.584133, 1.677393, 1.677393, 0.000000,
84.594249, 1.677393, 1.656445, -0.020947,
84.604695, 1.674170, 1.658057, -0.016113,
84.615013, 1.676587, 1.664502, -0.012085,
84.625443, 1.665308, 1.670142, 0.004834,
84.635583, 1.674170, 1.670142, -0.004028,
84.646013, 1.668530, 1.662891, -0.005640,
84.656468, 1.674170, 1.669336, -0.004834,
84.666898, 1.674170, 1.672559, -0.001611,
84.677342, 1.672559, 1.650806, -0.021753,
84.687672, 1.674976, 1.673364, -0.001611,
84.698011, 1.666919, 1.666919, 0.000000,
84.708132, 1.679004, 1.668530, -0.010474,
84.718465, 1.677393, 1.691895, 0.014502,
84.728672, 1.674976, 1.662085, -0.012891,
84.739144, 1.673364, 1.656445, -0.016919,
84.748902, 1.670947, 1.662891, -0.008057,
84.759358, 1.673364, 1.654834, -0.018530,
84.769680, 1.676587, 1.665308, -0.011279,
84.780131, 1.673364, 1.670142, -0.003223,
84.790463, 1.677393, 1.670142, -0.007251,
84.800905, 1.668530, 1.678198, 0.009668,
84.811015, 1.672559, 1.650806, -0.021753,
84.821361, 1.662891, 1.668530, 0.005640,
84.831664, 1.662891, 1.665308, 0.002417,
84.841909, 1.664502, 1.650000, -0.014502,
84.852356, 1.665308, 1.668530, 0.003223,
84.862507, 1.662891, 1.666919, 0.004028,
84.872574, 1.665308, 1.656445, -0.008862,
84.883006, 1.660474, 1.658057, -0.002417,
84.893360, 1.665308, 1.661279, -0.004028,
84.903787, 1.666919, 1.666919, 0.000000,
84.913795, 1.664502, 1.670142, 0.005640,
84.923903, 1.666113, 1.683838, 0.017725,
84.934140, 1.665308, 1.668530, 0.003223,
84.944360, 1.665308, 1.670142, 0.004834,
84.954580, 1.662085, 1.661279, -0.000806,
84.964929, 1.664502, 1.677393, 0.012891,
84.975011, 1.661279, 1.674976, 0.013696,
84.985153, 1.670142, 1.640332, -0.029810,
84.995467, 1.666919, 1.670947, 0.004028,
85.005666, 1.666919, 1.687060, 0.020142,
85.015752, 1.666919, 1.662891, -0.004028,
85.026142, 1.668530, 1.656445, -0.012085,
85.036576, 1.661279, 1.689478, 0.028198,
85.046793, 1.669336, 1.668530, -0.000806,
85.057238, 1.670947, 1.640332, -0.030615,
85.067576, 1.662085, 1.662085, 0.000000,
85.077672, 1.662891, 1.657251, -0.005640,
85.088008, 1.661279, 1.666919, 0.005640,
85.098143, 1.666919, 1.666919, 0.000000,
85.108240, 1.670142, 1.670142, 0.000000,
85.118350, 1.670142, 1.670142, 0.000000,
85.128452, 1.681421, 1.661279, -0.020142,
85.138910, 1.677393, 1.647583, -0.029810,
85.149359, 1.679004, 1.679004, 0.000000,
85.159577, 1.677393, 1.664502, -0.012891,
85.169909, 1.672559, 1.670142, -0.002417,
85.180396, 1.676587, 1.673364, -0.003223,
85.190673, 1.676587, 1.666919, -0.009668,
85.200985, 1.677393, 1.678198, 0.000806,
85.211010, 1.672559, 1.652417, -0.020142,
85.221357, 1.679004, 1.672559, -0.006445,
85.231908, 1.670947, 1.645972, -0.024976,
85.242364, 1.673364, 1.669336, -0.004028,
85.252789, 1.673364, 1.687060, 0.013696,
85.262943, 1.670947, 1.672559, 0.001611,
85.273013, 1.677393, 1.666919, -0.010474,
85.283462, 1.677393, 1.664502, -0.012891,
85.293797, 1.674976, 1.679810, 0.004834,
85.304018, 1.670947, 1.678198, 0.007251,
85.314138, 1.670142, 1.691895, 0.021753,
85.324242, 1.670142, 1.640332, -0.029810,
85.334676, 1.662085, 1.674976, 0.012891,
85.344904, 1.677393, 1.678198, 0.000806,
85.355132, 1.673364, 1.674170, 0.000806,
85.365333, 1.674170, 1.662085, -0.012085,
85.375792, 1.674170, 1.666113, -0.008057,
85.386152, 1.674170, 1.676587, 0.002417,
85.396246, 1.677393, 1.666919, -0.010474,
85.406686, 1.670947, 1.677393, 0.006445,
85.416791, 1.678198, 1.658057, -0.020142,
85.427246, 1.677393, 1.668530, -0.008862,
85.437675, 1.672559, 1.674976, 0.002417,
85.447906, 1.664502, 1.654834, -0.009668,
85.458357, 1.657251, 1.657251, 0.000000,
85.468454, 1.662891, 1.674170, 0.011279,
85.478678, 1.666113, 1.670142, 0.004028,
85.488797, 1.669336, 1.673364, 0.004028,
85.498926, 1.669336, 1.670142, 0.000806,
85.509127, 1.665308, 1.662085, -0.003223,
85.519461, 1.668530, 1.672559, 0.004028,
85.529681, 1.666919, 1.632275, -0.034644,
85.540145, 1.666113, 1.669336, 0.003223,
85.550459, 1.668530, 1.657251, -0.011279,
85.560787, 1.669336, 1.669336, 0.000000,
85.570915, 1.661279, 1.670947, 0.009668,
85.581140, 1.662891, 1.633887, -0.029004,
85.591468, 1.666113, 1.657251, -0.008862,
85.601905, 1.672559, 1.666919, -0.005640,
85.612243, 1.664502, 1.678198, 0.013696,
85.622358, 1.666113, 1.662085, -0.004028,
85.632875, 1.669336, 1.657251, -0.012085,
85.643260, 1.665308, 1.658862, -0.006445,
85.653683, 1.660474, 1.683032, 0.022559,
85.663867, 1.662085, 1.664502, 0.002417,
85.673917, 1.668530, 1.660474, -0.008057,
85.684344, 1.670142, 1.641943, -0.028198,
85.694690, 1.669336, 1.662891, -0.006445,
85.705148, 1.669336, 1.670142, 0.000806,
85.715253, 1.662891, 1.665308, 0.002417,
85.725441, 1.668530, 1.645972, -0.022559,
85.735795, 1.662085, 1.666113, 0.004028,
85.746031, 1.666919, 1.665308, -0.001611,
85.756465, 1.669336, 1.662891, -0.006445,
85.766850, 1.679810, 1.670142, -0.009668,
85.777245, 1.670947, 1.662085, -0.008862,
85.787586, 1.678198, 1.670947, -0.007251,
85.797914, 1.678198, 1.657251, -0.020947,
85.808367, 1.674976, 1.661279, -0.013696,
85.818681, 1.674170, 1.641943, -0.032227,
85.829137, 1.676587, 1.665308, -0.011279,
85.839575, 1.678198, 1.645166, -0.033032,
85.850013, 1.673364, 1.660474, -0.012891,
85.860454, 1.678198, 1.673364, -0.004834,
85.870797, 1.674170, 1.658862, -0.015308,
85.881242, 1.679004, 1.658057, -0.020947,
85.891577, 1.670947, 1.660474, -0.010474,
85.902010, 1.670947, 1.677393, 0.006445,
85.912144, 1.670947, 1.685449, 0.014502,
85.922244, 1.670142, 1.643555, -0.026587,
85.932797, 1.670142, 1.669336, -0.000806,
85.943241, 1.672559, 1.661279, -0.011279,
85.953677, 1.670947, 1.666919, -0.004028,
85.964058, 1.672559, 1.668530, -0.004028,
85.974360, 1.672559, 1.662085, -0.010474,
85.984690, 1.670947, 1.670947, 0.000000,
85.994706, 1.670142, 1.637915, -0.032227,
86.005142, 1.676587, 1.658862, -0.017725,
86.015466, 1.673364, 1.669336, -0.004028,
86.025915, 1.668530, 1.666113, -0.002417,
86.036367, 1.674170, 1.662891, -0.011279,
86.046796, 1.670142, 1.672559, 0.002417,
86.057010, 1.670142, 1.656445, -0.013696,
86.067370, 1.670142, 1.677393, 0.007251,
86.077575, 1.670947, 1.669336, -0.001611,
86.087913, 1.662891, 1.662085, -0.000806,
86.098248, 1.665308, 1.654834, -0.010474,
86.108684, 1.662085, 1.666919, 0.004834,
86.118796, 1.662085, 1.677393, 0.015308,
86.129016, 1.662891, 1.658862, -0.004028,
86.139477, 1.662085, 1.665308, 0.003223,
86.149683, 1.669336, 1.664502, -0.004834,
86.160140, 1.664502, 1.657251, -0.007251,
86.170458, 1.662891, 1.658057, -0.004834,
86.180911, 1.664502, 1.677393, 0.012891,
86.191030, 1.661279, 1.643555, -0.017725,
86.201441, 1.662085, 1.668530, 0.006445,
86.211477, 1.665308, 1.689478, 0.024170,
86.221579, 1.666113, 1.666919, 0.000806,
86.231873, 1.657251, 1.657251, 0.000000,
86.242009, 1.665308, 1.661279, -0.004028,
86.252476, 1.668530, 1.666919, -0.001611,
86.262869, 1.666113, 1.660474, -0.005640,
86.273152, 1.665308, 1.674976, 0.009668,
86.283360, 1.666113, 1.662891, -0.003223,
86.293704, 1.658862, 1.650000, -0.008862,
86.304139, 1.668530, 1.677393, 0.008862,
86.314249, 1.666919, 1.654834, -0.012085,
86.324579, 1.665308, 1.661279, -0.004028,
86.335015, 1.662891, 1.670947, 0.008057,
86.345240, 1.666919, 1.662891, -0.004028,
86.355680, 1.664502, 1.666113, 0.001611,
86.365821, 1.665308, 1.656445, -0.008862,
86.376219, 1.666919, 1.657251, -0.009668,
86.386579, 1.665308, 1.670142, 0.004834,
86.396689, 1.666919, 1.657251, -0.009668,
86.407140, 1.677393, 1.672559, -0.004834,
86.417474, 1.677393, 1.664502, -0.012891,
86.427914, 1.673364, 1.666113, -0.007251,
86.438365, 1.677393, 1.670142, -0.007251,
86.448804, 1.679004, 1.670142, -0.008862,
86.459251, 1.670947, 1.666919, -0.004028,
86.469580, 1.674976, 1.672559, -0.002417,
86.479952, 1.673364, 1.674170, 0.000806,
86.490052, 1.677393, 1.662891, -0.014502,
86.500457, 1.673364, 1.668530, -0.004834,
86.510791, 1.673364, 1.672559, -0.000806,
86.521107, 1.677393, 1.648389, -0.029004,
86.531558, 1.674976, 1.683032, 0.008057,
86.541687, 1.674976, 1.657251, -0.017725,
86.552141, 1.662085, 1.666919, 0.004834,
86.562294, 1.672559, 1.666113, -0.006445,
86.572582, 1.662891, 1.645972, -0.016919,
86.583029, 1.673364, 1.672559, -0.000806,
86.593364, 1.670142, 1.669336, -0.000806,
86.603787, 1.673364, 1.668530, -0.004834,
86.614136, 1.670142, 1.668530, -0.001611,
86.624466, 1.677393, 1.657251, -0.020142,
86.634911, 1.669336, 1.669336, 0.000000,
86.645016, 1.668530, 1.668530, 0.000000,
86.655233, 1.676587, 1.679004, 0.002417,
86.665375, 1.674170, 1.650806, -0.023364,
86.675776, 1.674170, 1.658862, -0.015308,
86.686170, 1.670142, 1.679004, 0.008862,
86.696257, 1.677393, 1.662085, -0.015308,
86.706692, 1.668530, 1.665308, -0.003223,
86.717030, 1.668530, 1.677393, 0.008862,
86.727249, 1.662891, 1.660474, -0.002417,
86.737682, 1.672559, 1.674170, 0.001611,
86.746815, 1.668530, 1.677393, 0.008862,
86.757010, 1.654028, 1.647583, -0.006445,
86.767365, 1.665308, 1.683838, 0.018530,
86.777572, 1.660474, 1.661279, 0.000806,
86.787672, 1.661279, 1.682227, 0.020947,
86.797694, 1.662891, 1.657251, -0.005640,
86.808150, 1.654834, 1.670142, 0.015308,
86.818269, 1.665308, 1.676587, 0.011279,
86.828462, 1.662085, 1.670142, 0.008057,
86.838586, 1.662891, 1.674170, 0.011279,
86.848803, 1.668530, 1.653223, -0.015308,
86.859252, 1.662085, 1.668530, 0.006445,
86.869362, 1.670947, 1.669336, -0.001611,
86.879795, 1.658862, 1.639526, -0.019336,
86.890147, 1.666919, 1.670947, 0.004028,
86.900329, 1.658862, 1.662085, 0.003223,
86.910368, 1.669336, 1.668530, -0.000806,
86.920685, 1.664502, 1.662891, -0.001611,
86.931194, 1.669336, 1.650806, -0.018530,
86.941573, 1.666113, 1.661279, -0.004834,
86.952054, 1.664502, 1.673364, 0.008862,
86.961909, 1.665308, 1.662085, -0.003223,
86.972183, 1.666919, 1.670142, 0.003223,
86.982358, 1.665308, 1.652417, -0.012891,
86.992691, 1.670142, 1.653223, -0.016919,
87.003143, 1.666919, 1.665308, -0.001611,
87.013505, 1.669336, 1.670947, 0.001611,
87.023589, 1.666113, 1.658057, -0.008057,
87.034018, 1.664502, 1.670142, 0.005640,
87.044245, 1.678198, 1.662085, -0.016113,
87.054691, 1.681421, 1.669336, -0.012085,
87.065060, 1.677393, 1.664502, -0.012891,
87.075459, 1.673364, 1.679004, 0.005640,
87.085583, 1.676587, 1.677393, 0.000806,
87.095687, 1.673364, 1.648389, -0.024976,
87.106142, 1.670947, 1.670142, -0.000806,
87.116472, 1.670947, 1.670947, 0.000000,
87.126576, 1.677393, 1.654028, -0.023364,
87.137048, 1.679004, 1.660474, -0.018530,
87.147514, 1.670142, 1.674976, 0.004834,
87.157692, 1.674170, 1.662891, -0.011279,
87.168074, 1.674976, 1.672559, -0.002417,
87.178461, 1.674170, 1.645972, -0.028198,
87.188799, 1.672559, 1.679810, 0.007251,
87.198918, 1.665308, 1.670142, 0.004834,
87.209016, 1.676587, 1.664502, -0.012085,
87.219372, 1.665308, 1.679004, 0.013696,
87.229585, 1.673364, 1.662085, -0.011279,
87.239919, 1.674170, 1.674976, 0.000806,
87.250230, 1.678198, 1.662085, -0.016113,
87.260588, 1.676587, 1.637109, -0.039477,
87.270919, 1.673364, 1.673364, 0.000000,
87.281077, 1.669336, 1.661279, -0.008057,
87.291362, 1.672559, 1.657251, -0.015308,
87.301796, 1.669336, 1.662085, -0.007251,
87.312030, 1.672559, 1.658862, -0.013696,
87.322377, 1.678198, 1.670142, -0.008057,
87.332918, 1.665308, 1.670142, 0.004834,
87.343146, 1.678198, 1.670142, -0.008057,
87.353582, 1.673364, 1.672559, -0.000806,
87.363959, 1.670947, 1.661279, -0.009668,
87.374249, 1.668530, 1.643555, -0.024976,
87.384688, 1.669336, 1.678198, 0.008862,
87.394807, 1.662085, 1.669336, 0.007251,
87.405013, 1.668530, 1.662891, -0.005640,
87.415359, 1.664502, 1.662085, -0.002417,
87.425778, 1.662891, 1.670142, 0.007251,
87.435915, 1.662891, 1.656445, -0.006445,
87.446371, 1.669336, 1.658862, -0.010474,
87.456818, 1.666113, 1.685449, 0.019336,
87.466918, 1.664502, 1.641138, -0.023364,
87.477361, 1.668530, 1.666113, -0.002417,
87.487686, 1.668530, 1.662085, -0.006445,
87.498029, 1.665308, 1.661279, -0.004028,
87.508470, 1.670947, 1.654834, -0.016113,
87.518803, 1.662891, 1.645166, -0.017725,
87.529249, 1.662085, 1.677393, 0.015308,
87.539487, 1.664502, 1.661279, -0.003223,
87.549918, 1.666113, 1.683838, 0.017725,
87.560031, 1.670142, 1.654834, -0.015308,
87.570368, 1.665308, 1.668530, 0.003223,
87.580587, 1.674170, 1.650806, -0.023364,
87.590916, 1.666113, 1.658057, -0.008057,
87.601257, 1.662891, 1.668530, 0.005640,
87.611369, 1.664502, 1.649194, -0.015308,
87.621685, 1.666919, 1.657251, -0.009668,
87.632158, 1.666919, 1.658057, -0.008862,
87.642588, 1.654834, 1.662891, 0.008057,
87.652793, 1.665308, 1.640332, -0.024976,
87.663184, 1.665308, 1.656445, -0.008862,
87.673478, 1.669336, 1.658057, -0.011279,
87.683920, 1.673364, 1.670142, -0.003223,
87.694257, 1.676587, 1.669336, -0.007251,
87.704691, 1.673364, 1.664502, -0.008862,
87.715035, 1.677393, 1.668530, -0.008862,
87.725454, 1.679004, 1.666113, -0.012891,
87.735817, 1.664502, 1.672559, 0.008057,
87.746018, 1.678198, 1.665308, -0.012891,
87.756473, 1.679004, 1.682227, 0.003223,
87.766615, 1.677393, 1.673364, -0.004028,
87.777029, 1.674976, 1.664502, -0.010474,
87.787359, 1.670142, 1.678198, 0.008057,
87.797472, 1.670142, 1.666113, -0.004028,
87.807854, 1.679810, 1.662085, -0.017725,
87.818151, 1.676587, 1.670947, -0.005640,
87.828586, 1.677393, 1.662891, -0.014502,
87.839039, 1.677393, 1.665308, -0.012085,
87.849467, 1.672559, 1.687866, 0.015308,
87.859596, 1.674976, 1.670142, -0.004834,
87.869922, 1.677393, 1.649194, -0.028198,
87.880365, 1.677393, 1.665308, -0.012085,
87.890699, 1.670947, 1.666113, -0.004834,
87.901153, 1.674170, 1.672559, -0.001611,
87.911474, 1.673364, 1.677393, 0.004028,
87.921579, 1.672559, 1.682227, 0.009668,
87.931811, 1.670947, 1.679004, 0.008057,
87.942015, 1.670947, 1.670947, 0.000000,
87.952156, 1.676587, 1.662891, -0.013696,
87.962522, 1.673364, 1.673364, 0.000000,
87.972585, 1.670947, 1.653223, -0.017725,
87.983018, 1.673364, 1.670947, -0.002417,
87.993365, 1.674170, 1.662085, -0.012085,
88.003806, 1.676587, 1.668530, -0.008057,
88.014149, 1.662085, 1.654028, -0.008057,
88.024474, 1.654834, 1.658862, 0.004028,
88.034678, 1.654028, 1.666113, 0.012085,
88.044903, 1.662891, 1.664502, 0.001611,
88.055150, 1.666919, 1.670142, 0.003223,
88.065365, 1.662085, 1.664502, 0.002417,
88.075571, 1.666919, 1.654028, -0.012891,
88.085917, 1.666113, 1.668530, 0.002417,
88.096031, 1.665308, 1.670142, 0.004834,
88.106251, 1.658862, 1.647583, -0.011279,
88.116583, 1.665308, 1.660474, -0.004834,
88.126918, 1.669336, 1.658862, -0.010474,
88.137375, 1.658862, 1.674170, 0.015308,
88.147597, 1.665308, 1.654028, -0.011279,
88.158030, 1.669336, 1.678198, 0.008862,
88.168149, 1.668530, 1.662891, -0.005640,
88.178582, 1.670142, 1.654834, -0.015308,
88.188839, 1.665308, 1.662085, -0.003223,
88.199143, 1.670142, 1.670947, 0.000806,
88.209369, 1.664502, 1.664502, 0.000000,
88.219375, 1.666919, 1.677393, 0.010474,
88.229579, 1.665308, 1.672559, 0.007251,
88.239691, 1.666919, 1.647583, -0.019336,
88.250249, 1.664502, 1.645166, -0.019336,
88.260609, 1.664502, 1.649194, -0.015308,
88.270924, 1.662085, 1.662085, 0.000000,
88.281032, 1.662085, 1.662085, 0.000000,
88.291050, 1.661279, 1.662891, 0.001611,
88.301232, 1.668530, 1.662891, -0.005640,
88.311513, 1.665308, 1.662085, -0.003223,
88.321807, 1.669336, 1.668530, -0.000806,
88.332377, 1.679810, 1.670142, -0.009668,
88.342807, 1.679004, 1.666919, -0.012085,
88.353249, 1.678198, 1.682227, 0.004028,
88.363397, 1.677393, 1.662891, -0.014502,
88.373685, 1.674170, 1.641943, -0.032227,
88.384148, 1.674976, 1.670947, -0.004028,
88.394484, 1.677393, 1.670142, -0.007251,
88.404922, 1.678198, 1.662085, -0.016113,
88.415257, 1.672559, 1.658862, -0.013696,
88.425674, 1.676587, 1.679004, 0.002417,
88.435802, 1.676587, 1.678198, 0.001611,
88.446035, 1.673364, 1.645166, -0.028198,
88.456504, 1.678198, 1.670142, -0.008057,
88.466878, 1.665308, 1.664502, -0.000806,
88.477252, 1.674170, 1.658057, -0.016113,
88.487585, 1.672559, 1.673364, 0.000806,
88.497621, 1.666919, 1.670947, 0.004028,
88.507807, 1.677393, 1.665308, -0.012085,
88.516011, 1.677393, 1.662085, -0.015308,
88.526448, 1.674976, 1.662891, -0.012085,
88.536809, 1.672559, 1.666113, -0.006445,
88.547251, 1.672559, 1.669336, -0.003223,
88.557694, 1.674976, 1.677393, 0.002417,
88.567803, 1.674976, 1.652417, -0.022559,
88.578252, 1.674170, 1.672559, -0.001611,
88.588627, 1.674976, 1.660474, -0.014502,
88.598926, 1.673364, 1.664502, -0.008862,
88.609256, 1.676587, 1.654028, -0.022559,
88.619590, 1.674976, 1.672559, -0.002417,
88.629956, 1.674976, 1.670947, -0.004028,
88.640371, 1.672559, 1.653223, -0.019336,
88.650919, 1.662085, 1.678198, 0.016113,
88.661035, 1.660474, 1.653223, -0.007251,
88.671371, 1.666113, 1.674170, 0.008057,
88.681583, 1.662891, 1.670142, 0.007251,
88.691657, 1.658057, 1.656445, -0.001611,
88.702038, 1.668530, 1.676587, 0.008057,
88.712156, 1.662891, 1.660474, -0.002417,
88.722490, 1.664502, 1.677393, 0.012891,
88.732803, 1.668530, 1.654834, -0.013696,
88.743251, 1.665308, 1.662085, -0.003223,
88.753681, 1.662085, 1.669336, 0.007251,
88.761900, 1.665308, 1.660474, -0.004834,
88.772148, 1.670142, 1.658862, -0.011279,
88.782594, 1.670142, 1.658057, -0.012085,
88.792925, 1.668530, 1.664502, -0.004028,
88.803375, 1.670142, 1.683838, 0.013696,
88.813468, 1.669336, 1.662891, -0.006445,
88.823805, 1.668530, 1.676587, 0.008057,
88.834032, 1.668530, 1.674976, 0.006445,
88.844266, 1.669336, 1.662085, -0.007251,
88.854694, 1.662891, 1.665308, 0.002417,
88.864888, 1.658057, 1.661279, 0.003223,
88.874924, 1.668530, 1.656445, -0.012085,
88.885256, 1.669336, 1.669336, 0.000000,
88.895369, 1.662891, 1.665308, 0.002417,
88.905597, 1.665308, 1.654834, -0.010474,
88.915935, 1.666113, 1.662891, -0.003223,
88.926372, 1.670142, 1.653223, -0.016919,
88.936801, 1.660474, 1.689478, 0.029004,
88.947371, 1.670142, 1.650000, -0.020142,
88.957824, 1.662085, 1.658862, -0.003223,
88.968186, 1.681421, 1.669336, -0.012085,
88.978596, 1.679004, 1.673364, -0.005640,
88.988937, 1.670142, 1.660474, -0.009668,
88.999262, 1.678198, 1.670142, -0.008057,
89.009696, 1.670142, 1.665308, -0.004834,
89.020041, 1.679810, 1.674976, -0.004834,
89.030480, 1.679004, 1.668530, -0.010474,
89.040803, 1.673364, 1.664502, -0.008862,
89.051230, 1.679810, 1.666113, -0.013696,
89.061588, 1.670947, 1.670947, 0.000000,
89.071593, 1.674170, 1.695117, 0.020947,
89.081807, 1.670947, 1.658862, -0.012085,
89.092152, 1.678198, 1.653223, -0.024976,
89.102582, 1.674976, 1.664502, -0.010474,
89.112920, 1.672559, 1.665308, -0.007251,
89.123248, 1.677393, 1.657251, -0.020142,
89.133891, 1.678198, 1.672559, -0.005640,
89.144255, 1.679004, 1.666113, -0.012891,
89.154692, 1.662085, 1.668530, 0.006445,
89.164910, 1.673364, 1.668530, -0.004834,
89.175291, 1.674170, 1.641943, -0.032227,
89.185585, 1.674170, 1.666113, -0.008057,
89.195889, 1.679810, 1.654028, -0.025781,
89.206275, 1.674976, 1.662085, -0.012891,
89.216590, 1.677393, 1.656445, -0.020947,
89.227047, 1.673364, 1.661279, -0.012085,
89.237479, 1.676587, 1.669336, -0.007251,
89.247915, 1.666113, 1.677393, 0.011279,
89.258164, 1.674170, 1.672559, -0.001611,
89.268477, 1.672559, 1.670947, -0.001611,
89.278925, 1.662891, 1.665308, 0.002417,
89.289039, 1.665308, 1.662085, -0.003223,
89.299376, 1.658862, 1.670947, 0.012085,
89.309521, 1.666113, 1.672559, 0.006445,
89.319588, 1.665308, 1.673364, 0.008057,
89.329755, 1.664502, 1.653223, -0.011279,
89.340152, 1.658862, 1.665308, 0.006445,
89.350469, 1.670142, 1.658862, -0.011279,
89.360803, 1.666919, 1.653223, -0.013696,
89.371161, 1.665308, 1.665308, 0.000000,
89.381373, 1.669336, 1.654834, -0.014502,
89.391687, 1.654834, 1.660474, 0.005640,
89.401869, 1.660474, 1.678198, 0.017725,
89.411926, 1.662891, 1.683032, 0.020142,
89.422034, 1.668530, 1.666919, -0.001611,
89.432456, 1.666113, 1.674170, 0.008057,
89.442590, 1.669336, 1.664502, -0.004834,
89.453031, 1.669336, 1.682227, 0.012891,
89.463190, 1.666113, 1.654834, -0.011279,
89.473476, 1.666919, 1.670142, 0.003223,
89.483696, 1.660474, 1.654834, -0.005640,
89.494031, 1.668530, 1.654834, -0.013696,
89.504505, 1.662891, 1.660474, -0.002417,
89.514811, 1.662891, 1.665308, 0.002417,
89.524931, 1.670142, 1.649194, -0.020947,
89.535369, 1.669336, 1.670947, 0.001611,
89.545591, 1.662891, 1.658862, -0.004028,
89.556035, 1.665308, 1.652417, -0.012891,
89.566411, 1.666919, 1.664502, -0.002417,
89.576888, 1.670142, 1.658862, -0.011279,
89.587157, 1.665308, 1.670142, 0.004834,
89.597252, 1.668530, 1.662085, -0.006445,
89.607699, 1.674170, 1.666113, -0.008057,
89.618035, 1.677393, 1.662891, -0.014502,
89.628467, 1.674976, 1.677393, 0.002417,
89.638695, 1.670947, 1.670142, -0.000806,
89.649157, 1.677393, 1.691895, 0.014502,
89.659380, 1.679004, 1.664502, -0.014502,
89.669703, 1.670142, 1.685449, 0.015308,
89.679930, 1.678198, 1.665308, -0.012891,
89.690261, 1.672559, 1.662085, -0.010474,
89.700710, 1.677393, 1.662891, -0.014502,
89.711033, 1.674170, 1.676587, 0.002417,
89.721157, 1.669336, 1.674170, 0.004834,
89.731452, 1.670947, 1.666113, -0.004834,
89.741795, 1.672559, 1.660474, -0.012085,
89.752257, 1.678198, 1.660474, -0.017725,
89.762637, 1.677393, 1.666113, -0.011279,
89.772926, 1.677393, 1.676587, -0.000806,
89.783372, 1.670142, 1.674976, 0.004834,
89.793491, 1.664502, 1.665308, 0.000806,
89.803696, 1.662891, 1.677393, 0.014502,
89.813814, 1.670947, 1.645166, -0.025781,
89.824153, 1.669336, 1.656445, -0.012891,
89.834682, 1.668530, 1.665308, -0.003223,
89.845063, 1.678198, 1.650806, -0.027393,
89.855491, 1.666919, 1.677393, 0.010474,
89.865608, 1.677393, 1.656445, -0.020947,
89.876008, 1.670947, 1.674170, 0.003223,
89.886160, 1.672559, 1.670142, -0.002417,
89.896482, 1.672559, 1.660474, -0.012085,
89.906925, 1.674976, 1.672559, -0.002417,
89.917265, 1.673364, 1.691895, 0.018530,
89.927474, 1.662085, 1.645972, -0.016113,
89.937831, 1.654028, 1.668530, 0.014502,
89.948039, 1.660474, 1.654834, -0.005640,
89.958478, 1.662891, 1.657251, -0.005640,
89.968860, 1.665308, 1.660474, -0.004834,
89.979260, 1.656445, 1.660474, 0.004028,
89.989369, 1.654834, 1.668530, 0.013696,
89.999477, 1.662085, 1.654834, -0.007251,
90.009806, 1.664502, 1.650806, -0.013696,
90.020159, 1.664502, 1.662085, -0.002417,
90.030609, 1.664502, 1.657251, -0.007251,
90.040924, 1.668530, 1.658057, -0.010474,
90.051372, 1.662085, 1.674976, 0.012891,
90.061486, 1.668530, 1.639526, -0.029004,
90.071817, 1.664502, 1.665308, 0.000806,
90.082015, 1.665308, 1.666919, 0.001611,
90.092035, 1.668530, 1.635498, -0.033032,
90.102475, 1.668530, 1.664502, -0.004028,
90.112800, 1.668530, 1.670947, 0.002417,
90.122842, 1.662891, 1.662891, 0.000000,
90.133217, 1.656445, 1.650000, -0.006445,
90.143589, 1.665308, 1.649194, -0.016113,
90.154045, 1.661279, 1.656445, -0.004834,
90.164415, 1.666113, 1.661279, -0.004834,
90.174707, 1.662891, 1.657251, -0.005640,
90.185048, 1.668530, 1.654834, -0.013696,
90.195374, 1.665308, 1.664502, -0.000806,
90.205809, 1.669336, 1.668530, -0.000806,
90.216159, 1.668530, 1.662085, -0.006445,
90.226592, 1.660474, 1.662085, 0.001611,
90.236803, 1.669336, 1.662085, -0.007251,
90.247262, 1.677393, 1.672559, -0.004834,
90.257696, 1.674976, 1.664502, -0.010474,
90.268037, 1.674170, 1.679810, 0.005640,
90.278254, 1.679810, 1.673364, -0.006445,
90.288591, 1.679004, 1.670142, -0.008862,
90.298928, 1.678198, 1.670142, -0.008057,
90.309261, 1.673364, 1.670142, -0.003223,
90.319591, 1.677393, 1.683838, 0.006445,
90.329751, 1.670142, 1.661279, -0.008862,
90.340159, 1.673364, 1.669336, -0.004028,
90.350697, 1.670142, 1.673364, 0.003223,
90.360821, 1.674976, 1.658862, -0.016113,
90.371163, 1.670947, 1.670142, -0.000806,
90.381592, 1.678198, 1.665308, -0.012891,
90.391935, 1.670142, 1.662085, -0.008057,
90.402346, 1.666919, 1.670142, 0.003223,
90.412377, 1.679004, 1.666919, -0.012085,
90.422720, 1.674170, 1.676587, 0.002417,
90.433039, 1.672559, 1.668530, -0.004028,
90.443482, 1.673364, 1.668530, -0.004834,
90.453926, 1.678198, 1.672559, -0.005640,
90.464292, 1.678198, 1.640332, -0.037866,
90.474600, 1.677393, 1.664502, -0.012891,
90.484926, 1.670947, 1.664502, -0.006445,
90.495269, 1.678198, 1.674170, -0.004028,
90.505695, 1.662891, 1.662085, -0.000806,
90.516039, 1.677393, 1.662891, -0.014502,
90.526443, 1.666113, 1.683838, 0.017725,
90.536595, 1.672559, 1.674170, 0.001611,
90.546815, 1.670142, 1.654028, -0.016113,
90.557284, 1.668530, 1.661279, -0.007251,
90.567600, 1.668530, 1.666919, -0.001611,
90.578018, 1.670142, 1.658057, -0.012085,
90.588383, 1.665308, 1.653223, -0.012085,
90.598697, 1.662891, 1.657251, -0.005640,
90.609161, 1.662085, 1.654028, -0.008057,
90.619530, 1.657251, 1.670142, 0.012891,
90.629694, 1.664502, 1.650000, -0.014502,
90.640157, 1.664502, 1.669336, 0.004834,
90.650469, 1.666919, 1.650806, -0.016113,
90.660816, 1.669336, 1.654834, -0.014502,
90.671164, 1.666113, 1.676587, 0.010474,
90.681380, 1.668530, 1.650806, -0.017725,
90.691697, 1.665308, 1.666113, 0.000806,
90.701923, 1.665308, 1.658862, -0.006445,
90.712168, 1.661279, 1.658862, -0.002417,
90.722484, 1.669336, 1.677393, 0.008057,
90.732813, 1.668530, 1.665308, -0.003223,
90.743272, 1.666919, 1.665308, -0.001611,
90.753706, 1.666113, 1.669336, 0.003223,
90.763841, 1.668530, 1.669336, 0.000806,
90.773933, 1.669336, 1.664502, -0.004834,
90.784269, 1.665308, 1.652417, -0.012891,
90.794607, 1.662085, 1.658057, -0.004028,
90.805037, 1.666113, 1.662085, -0.004028,
90.815394, 1.668530, 1.687866, 0.019336,
90.825574, 1.666919, 1.661279, -0.005640,
90.835933, 1.666919, 1.670142, 0.003223,
90.846166, 1.662891, 1.652417, -0.010474,
90.856599, 1.668530, 1.664502, -0.004028,
90.866933, 1.670142, 1.664502, -0.005640,
90.877374, 1.665308, 1.658862, -0.006445,
90.887701, 1.677393, 1.672559, -0.004834,
90.898036, 1.677393, 1.669336, -0.008057,
90.908486, 1.676587, 1.661279, -0.015308,
90.918813, 1.679810, 1.677393, -0.002417,
90.929267, 1.679004, 1.677393, -0.001611,
90.939715, 1.668530, 1.668530, 0.000000,
90.949852, 1.678198, 1.649194, -0.029004,
90.960158, 1.673364, 1.673364, 0.000000,
90.970260, 1.670142, 1.691895, 0.021753,
90.980486, 1.678198, 1.662085, -0.016113,
90.990821, 1.673364, 1.670947, -0.002417,
91.001245, 1.674170, 1.653223, -0.020947,
91.011631, 1.672559, 1.660474, -0.012085,
91.021935, 1.677393, 1.662891, -0.014502,
91.032429, 1.673364, 1.665308, -0.008057,
91.042818, 1.677393, 1.654028, -0.023364,
91.053259, 1.673364, 1.670142, -0.003223,
91.063631, 1.673364, 1.670142, -0.003223,
91.073932, 1.679810, 1.674976, -0.004834,
91.084380, 1.670947, 1.666113, -0.004834,
91.094703, 1.674976, 1.668530, -0.006445,
91.105162, 1.673364, 1.697534, 0.024170,
91.115283, 1.679004, 1.650000, -0.029004,
91.125688, 1.674976, 1.654834, -0.020142,
91.136233, 1.670947, 1.670142, -0.000806,
91.146604, 1.670142, 1.641943, -0.028198,
91.157044, 1.677393, 1.662085, -0.015308,
91.167376, 1.672559, 1.664502, -0.008057,
91.177804, 1.673364, 1.662891, -0.010474,
91.188165, 1.670142, 1.654834, -0.015308,
91.198491, 1.670142, 1.653223, -0.016919,
91.208939, 1.664502, 1.682227, 0.017725,
91.219045, 1.658862, 1.676587, 0.017725,
91.229276, 1.664502, 1.654834, -0.009668,
91.239705, 1.662085, 1.645166, -0.016919,
91.250257, 1.666919, 1.672559, 0.005640,
91.260380, 1.666113, 1.660474, -0.005640,
91.270717, 1.662085, 1.673364, 0.011279,
91.280934, 1.664502, 1.645166, -0.019336,
91.291274, 1.658862, 1.670142, 0.011279,
91.301462, 1.668530, 1.679004, 0.010474,
91.311494, 1.669336, 1.665308, -0.004028,
91.321824, 1.670142, 1.658862, -0.011279,
91.332268, 1.669336, 1.660474, -0.008862,
91.342707, 1.670142, 1.654028, -0.016113,
91.353166, 1.668530, 1.668530, 0.000000,
91.363315, 1.665308, 1.661279, -0.004028,
91.373597, 1.662891, 1.668530, 0.005640,
91.383810, 1.665308, 1.666919, 0.001611,
91.393938, 1.665308, 1.649194, -0.016113,
91.404397, 1.664502, 1.670142, 0.005640,
91.414471, 1.665308, 1.679810, 0.014502,
91.424508, 1.665308, 1.665308, 0.000000,
91.434689, 1.664502, 1.673364, 0.008862,
91.444932, 1.665308, 1.670142, 0.004834,
91.455170, 1.662891, 1.650806, -0.012085,
91.465508, 1.662891, 1.673364, 0.010474,
91.475689, 1.666919, 1.666919, 0.000000,
91.485696, 1.662085, 1.643555, -0.018530,
91.495928, 1.669336, 1.674170, 0.004834,
91.506064, 1.669336, 1.649194, -0.020142,
91.516377, 1.665308, 1.665308, 0.000000,
91.526457, 1.678198, 1.662891, -0.015308,
91.536842, 1.679004, 1.682227, 0.003223,
91.547053, 1.669336, 1.673364, 0.004028,
91.557260, 1.677393, 1.668530, -0.008862,
91.567615, 1.670947, 1.662085, -0.008862,
91.578047, 1.676587, 1.666113, -0.010474,
91.588380, 1.672559, 1.662891, -0.009668,
91.598695, 1.674170, 1.670947, -0.003223,
91.609093, 1.673364, 1.654834, -0.018530,
91.619376, 1.676587, 1.670947, -0.005640,
91.629710, 1.677393, 1.673364, -0.004028,
91.640165, 1.676587, 1.658862, -0.017725,
91.650694, 1.674976, 1.670947, -0.004028,
91.661042, 1.673364, 1.670142, -0.003223,
91.671392, 1.674976, 1.670142, -0.004834,
91.681817, 1.670142, 1.658057, -0.012085,
91.692168, 1.677393, 1.656445, -0.020947,
91.702593, 1.670142, 1.665308, -0.004834,
91.712929, 1.669336, 1.662085, -0.007251,
91.723187, 1.674170, 1.647583, -0.026587,
91.733728, 1.670142, 1.676587, 0.006445,
91.743938, 1.670947, 1.662085, -0.008862,
91.754390, 1.678198, 1.674170, -0.004028,
91.764729, 1.676587, 1.670142, -0.006445,
91.775122, 1.670947, 1.678198, 0.007251,
91.785163, 1.670947, 1.687060, 0.016113,
91.795263, 1.673364, 1.643555, -0.029810,
91.805698, 1.673364, 1.679810, 0.006445,
91.815818, 1.668530, 1.672559, 0.004028,
91.826008, 1.674170, 1.670142, -0.004028,
91.836379, 1.672559, 1.687060, 0.014502,
91.846594, 1.664502, 1.656445, -0.008057,
91.857041, 1.669336, 1.677393, 0.008057,
91.867160, 1.654028, 1.664502, 0.010474,
91.877374, 1.660474, 1.656445, -0.004028,
91.887708, 1.666113, 1.670142, 0.004028,
91.897706, 1.656445, 1.664502, 0.008057,
91.907821, 1.662085, 1.653223, -0.008862,
91.918166, 1.665308, 1.662085, -0.003223,
91.928628, 1.666113, 1.662085, -0.004028,
91.939043, 1.658862, 1.678198, 0.019336,
91.949283, 1.670142, 1.664502, -0.005640,
91.959708, 1.666113, 1.670142, 0.004028,
91.969820, 1.666113, 1.685449, 0.019336,
91.980046, 1.654834, 1.665308, 0.010474,
91.990166, 1.669336, 1.666113, -0.003223,
92.000572, 1.662891, 1.682227, 0.019336,
92.010620, 1.666919, 1.665308, -0.001611,
92.020933, 1.666919, 1.650000, -0.016919,
92.031386, 1.666919, 1.654028, -0.012891,
92.041806, 1.668530, 1.654028, -0.014502,
92.052270, 1.677393, 1.662085, -0.015308,
92.062659, 1.662085, 1.664502, 0.002417,
92.072719, 1.666113, 1.661279, -0.004834,
92.083171, 1.665308, 1.658057, -0.007251,
92.093492, 1.666919, 1.662085, -0.004834,
92.103818, 1.666113, 1.664502, -0.001611,
92.114050, 1.668530, 1.647583, -0.020947,
92.124388, 1.666113, 1.661279, -0.004834,
92.134982, 1.662085, 1.660474, -0.001611,
92.145391, 1.666113, 1.662085, -0.004028,
92.155828, 1.670947, 1.650000, -0.020947,
92.166190, 1.682227, 1.672559, -0.009668,
92.176605, 1.682227, 1.670142, -0.012085,
92.186928, 1.679004, 1.670142, -0.008862,
92.197243, 1.676587, 1.645166, -0.031421,
92.207600, 1.672559, 1.658057, -0.014502,
92.217948, 1.670947, 1.666113, -0.004834,
92.228384, 1.674976, 1.672559, -0.002417,
92.238815, 1.673364, 1.678198, 0.004834,
92.249044, 1.677393, 1.670142, -0.007251,
92.259493, 1.679004, 1.677393, -0.001611,
92.269818, 1.677393, 1.678198, 0.000806,
92.280036, 1.676587, 1.665308, -0.011279,
92.290385, 1.665308, 1.678198, 0.012891,
92.300575, 1.668530, 1.662085, -0.006445,
92.310820, 1.672559, 1.654028, -0.018530,
92.321166, 1.678198, 1.654834, -0.023364,
92.331687, 1.674976, 1.662085, -0.012891,
92.342073, 1.674976, 1.648389, -0.026587,
92.352488, 1.670142, 1.683838, 0.013696,
92.362647, 1.676587, 1.666113, -0.010474,
92.372935, 1.674976, 1.681421, 0.006445,
92.383042, 1.670142, 1.654834, -0.015308,
92.393394, 1.669336, 1.670142, 0.000806,
92.403605, 1.674170, 1.678198, 0.004028,
92.413703, 1.673364, 1.670947, -0.002417,
92.423968, 1.674170, 1.648389, -0.025781,
92.434479, 1.669336, 1.665308, -0.004028,
92.444939, 1.677393, 1.664502, -0.012891,
92.455427, 1.670947, 1.683838, 0.012891,
92.465551, 1.664502, 1.695923, 0.031421,
92.475696, 1.664502, 1.650806, -0.013696,
92.485971, 1.670142, 1.673364, 0.003223,
92.496044, 1.662891, 1.691895, 0.029004,
92.506276, 1.662085, 1.668530, 0.006445,
92.516395, 1.661279, 1.670947, 0.009668,
92.526604, 1.660474, 1.657251, -0.003223,
92.537048, 1.664502, 1.669336, 0.004834,
92.547278, 1.666919, 1.662891, -0.004028,
92.557717, 1.661279, 1.676587, 0.015308,
92.567902, 1.664502, 1.668530, 0.004028,
92.578051, 1.662085, 1.662085, 0.000000,
92.588137, 1.658057, 1.662891, 0.004834,
92.598171, 1.662085, 1.647583, -0.014502,
92.608593, 1.665308, 1.656445, -0.008862,
92.618941, 1.668530, 1.683032, 0.014502,
92.629163, 1.665308, 1.664502, -0.000806,
92.639603, 1.666919, 1.670142, 0.003223,
92.649843, 1.670947, 1.678198, 0.007251,
92.659947, 1.665308, 1.660474, -0.004834,
92.670268, 1.666919, 1.683032, 0.016113,
92.680483, 1.657251, 1.670947, 0.013696,
92.690600, 1.666113, 1.669336, 0.003223,
92.700713, 1.670142, 1.662085, -0.008057,
92.711041, 1.662085, 1.664502, 0.002417,
92.721169, 1.666113, 1.673364, 0.007251,
92.731473, 1.670142, 1.670142, 0.000000,
92.741598, 1.666113, 1.661279, -0.004834,
92.752048, 1.662085, 1.665308, 0.003223,
92.762209, 1.669336, 1.662085, -0.007251,
92.772494, 1.669336, 1.681421, 0.012085,
92.782637, 1.664502, 1.662891, -0.001611,
92.792935, 1.666113, 1.654834, -0.011279,
92.803387, 1.670142, 1.693506, 0.023364,
92.813499, 1.674976, 1.677393, 0.002417,
92.823607, 1.677393, 1.658862, -0.018530,
92.834055, 1.677393, 1.665308, -0.012085,
92.844496, 1.682227, 1.665308, -0.016919,
92.854943, 1.677393, 1.672559, -0.004834,
92.865273, 1.674976, 1.657251, -0.017725,
92.875696, 1.677393, 1.662085, -0.015308,
92.885955, 1.674170, 1.665308, -0.008862,
92.896282, 1.674976, 1.653223, -0.021753,
92.906702, 1.670142, 1.670142, 0.000000,
92.916717, 1.674976, 1.666113, -0.008862,
92.927160, 1.662891, 1.670142, 0.007251,
92.937380, 1.676587, 1.676587, 0.000000,
92.947499, 1.677393, 1.668530, -0.008862,
92.957944, 1.672559, 1.666113, -0.006445,
92.968284, 1.670947, 1.669336, -0.001611,
92.978733, 1.677393, 1.666919, -0.010474,
92.989062, 1.670947, 1.672559, 0.001611,
92.999168, 1.674976, 1.666919, -0.008057,
93.009538, 1.666919, 1.674976, 0.008057,
93.019602, 1.673364, 1.678198, 0.004834,
93.029806, 1.674976, 1.670947, -0.004028,
93.040175, 1.677393, 1.674976, -0.002417,
93.050707, 1.662085, 1.668530, 0.006445,
93.060822, 1.672559, 1.662891, -0.009668,
93.071163, 1.677393, 1.674976, -0.002417,
93.081602, 1.666113, 1.682227, 0.016113,
93.091717, 1.674170, 1.666113, -0.008057,
93.102165, 1.673364, 1.669336, -0.004028,
93.112494, 1.662085, 1.666113, 0.004028,
93.122602, 1.665308, 1.673364, 0.008057,
93.132902, 1.654834, 1.666919, 0.012085,
93.143041, 1.662891, 1.647583, -0.015308,
93.153501, 1.665308, 1.668530, 0.003223,
93.163639, 1.661279, 1.657251, -0.004028,
93.173943, 1.662085, 1.658057, -0.004028,
93.184371, 1.668530, 1.668530, 0.000000,
93.194400, 1.668530, 1.660474, -0.008057,
93.204820, 1.666919, 1.673364, 0.006445,
93.214926, 1.668530, 1.660474, -0.008057,
93.225257, 1.664502, 1.653223, -0.011279,
93.235708, 1.662085, 1.658862, -0.003223,
93.246169, 1.668530, 1.660474, -0.008057,
93.256606, 1.662891, 1.677393, 0.014502,
93.266723, 1.665308, 1.656445, -0.008862,
93.277181, 1.668530, 1.658862, -0.009668,
93.287491, 1.662085, 1.668530, 0.006445,
93.297605, 1.666113, 1.682227, 0.016113,
93.307845, 1.670142, 1.650806, -0.019336,
93.318171, 1.666113, 1.664502, -0.001611,
93.328607, 1.662085, 1.679004, 0.016919,
93.338833, 1.662085, 1.664502, 0.002417,
93.349058, 1.664502, 1.666113, 0.001611,
93.359273, 1.662085, 1.633081, -0.029004,
93.369610, 1.662891, 1.650806, -0.012085,
93.380055, 1.666919, 1.660474, -0.006445,
93.390399, 1.665308, 1.676587, 0.011279,
93.400584, 1.672559, 1.672559, 0.000000,
93.410599, 1.665308, 1.648389, -0.016919,
93.420939, 1.666919, 1.672559, 0.005640,
93.431125, 1.666919, 1.662085, -0.004834,
93.441581, 1.662085, 1.643555, -0.018530,
93.452049, 1.679004, 1.678198, -0.000806,
93.462432, 1.679004, 1.666113, -0.012891,
93.472712, 1.668530, 1.662891, -0.005640,
93.483057, 1.677393, 1.647583, -0.029810,
93.493391, 1.666113, 1.670142, 0.004028,
93.503610, 1.677393, 1.676587, -0.000806,
93.513951, 1.672559, 1.669336, -0.003223,
93.524280, 1.678198, 1.654834, -0.023364,
93.534829, 1.672559, 1.636304, -0.036255,
93.545280, 1.677393, 1.650806, -0.026587,
93.555707, 1.672559, 1.679004, 0.006445,
93.565817, 1.673364, 1.666919, -0.006445,
93.576249, 1.677393, 1.662085, -0.015308,
93.586607, 1.676587, 1.664502, -0.012085,
93.596854, 1.676587, 1.656445, -0.020142,
93.607286, 1.678198, 1.654834, -0.023364,
93.617604, 1.668530, 1.665308, -0.003223,
93.628038, 1.674170, 1.657251, -0.016919,
93.638430, 1.678198, 1.660474, -0.017725,
93.648828, 1.674170, 1.665308, -0.008862,
93.659289, 1.678198, 1.653223, -0.024976,
93.669611, 1.677393, 1.676587, -0.000806,
93.680040, 1.670142, 1.665308, -0.004834,
93.690279, 1.674170, 1.650806, -0.023364,
93.700707, 1.670947, 1.662085, -0.008862,
93.711056, 1.673364, 1.658862, -0.014502,
93.721395, 1.670947, 1.676587, 0.005640,
93.731693, 1.670142, 1.648389, -0.021753,
93.742048, 1.670142, 1.662085, -0.008057,
93.752499, 1.674170, 1.682227, 0.008057,
93.762642, 1.677393, 1.665308, -0.012085,
93.772960, 1.662085, 1.673364, 0.011279,
93.783182, 1.660474, 1.658862, -0.001611,
93.793499, 1.664502, 1.656445, -0.008057,
93.803937, 1.657251, 1.653223, -0.004028,
93.814280, 1.668530, 1.677393, 0.008862,
93.824396, 1.666919, 1.656445, -0.010474,
93.834831, 1.665308, 1.662891, -0.002417,
93.845287, 1.666919, 1.674976, 0.008057,
93.855507, 1.666919, 1.664502, -0.002417,
93.865846, 1.664502, 1.664502, 0.000000,
93.876029, 1.665308, 1.648389, -0.016919,
93.886274, 1.662891, 1.668530, 0.005640,
93.896416, 1.666113, 1.664502, -0.001611,
93.906608, 1.664502, 1.658057, -0.006445,
93.916938, 1.664502, 1.660474, -0.004028,
93.927269, 1.666113, 1.650806, -0.015308,
93.937708, 1.661279, 1.668530, 0.007251,
93.947909, 1.662891, 1.666919, 0.004028,
93.958048, 1.666919, 1.654834, -0.012085,
93.968491, 1.665308, 1.654834, -0.010474,
93.978938, 1.666919, 1.666113, -0.000806,
93.989276, 1.666919, 1.658862, -0.008057,
93.999611, 1.662891, 1.654028, -0.008862,
94.009949, 1.666113, 1.668530, 0.002417,
94.019970, 1.669336, 1.660474, -0.008862,
94.030393, 1.666113, 1.669336, 0.003223,
94.040617, 1.662085, 1.665308, 0.003223,
94.050806, 1.669336, 1.658862, -0.010474,
94.061048, 1.672559, 1.654028, -0.018530,
94.071389, 1.670142, 1.666113, -0.004028,
94.081728, 1.662085, 1.660474, -0.001611,
94.092082, 1.678198, 1.669336, -0.008862,
94.102499, 1.670947, 1.670142, -0.000806,
94.112829, 1.677393, 1.658057, -0.019336,
94.123173, 1.670947, 1.674170, 0.003223,
94.133466, 1.678198, 1.664502, -0.013696,
94.143826, 1.668530, 1.654834, -0.013696,
94.154271, 1.674170, 1.677393, 0.003223,
94.164432, 1.677393, 1.679004, 0.001611,
94.174500, 1.678198, 1.652417, -0.025781,
94.184830, 1.670947, 1.666113, -0.004834,
94.195179, 1.673364, 1.658057, -0.015308,
94.205612, 1.678198, 1.679004, 0.000806,
94.215719, 1.670947, 1.661279, -0.009668,
94.226175, 1.674170, 1.654028, -0.020142,
94.236614, 1.681421, 1.674976, -0.006445,
94.247054, 1.673364, 1.670142, -0.003223,
94.257490, 1.677393, 1.650000, -0.027393,
94.267832, 1.674170, 1.670947, -0.003223,
94.278272, 1.673364, 1.661279, -0.012085,
94.288637, 1.674170, 1.691089, 0.016919,
94.298722, 1.670947, 1.672559, 0.001611,
94.308952, 1.677393, 1.682227, 0.004834,
94.319089, 1.672559, 1.662085, -0.010474,
94.329501, 1.677393, 1.665308, -0.012085,
94.339882, 1.679004, 1.669336, -0.009668,
94.350369, 1.679004, 1.666919, -0.012085,
94.360707, 1.676587, 1.660474, -0.016113,
94.371064, 1.670947, 1.687060, 0.016113,
94.381275, 1.673364, 1.668530, -0.004834,
94.391616, 1.670142, 1.658862, -0.011279,
94.402055, 1.678198, 1.669336, -0.008862,
94.412396, 1.670947, 1.668530, -0.002417,
94.422737, 1.656445, 1.679004, 0.022559,
94.433058, 1.658057, 1.629053, -0.029004,
94.443489, 1.664502, 1.668530, 0.004028,
94.453712, 1.660474, 1.674976, 0.014502,
94.463858, 1.657251, 1.660474, 0.003223,
94.473952, 1.664502, 1.668530, 0.004028,
94.484177, 1.662085, 1.664502, 0.002417,
94.494289, 1.657251, 1.658057, 0.000806,
94.504496, 1.660474, 1.669336, 0.008862,
94.514613, 1.661279, 1.677393, 0.016113,
94.524720, 1.666919, 1.658862, -0.008057,
94.535185, 1.666113, 1.668530, 0.002417,
94.545395, 1.662085, 1.650806, -0.011279,
94.555828, 1.666919, 1.679004, 0.012085,
94.565996, 1.668530, 1.666113, -0.002417,
94.576393, 1.665308, 1.654028, -0.011279,
94.586717, 1.662891, 1.665308, 0.002417,
94.596793, 1.664502, 1.657251, -0.007251,
94.607171, 1.670142, 1.637109, -0.033032,
94.617514, 1.668530, 1.652417, -0.016113,
94.627944, 1.662891, 1.654028, -0.008862,
94.638406, 1.670142, 1.666919, -0.003223,
94.648831, 1.662891, 1.645166, -0.017725,
94.659284, 1.665308, 1.653223, -0.012085,
94.669620, 1.666113, 1.668530, 0.002417,
94.679835, 1.668530, 1.658057, -0.010474,
94.690174, 1.669336, 1.654834, -0.014502,
94.700592, 1.666919, 1.662085, -0.004834,
94.710839, 1.665308, 1.683838, 0.018530,
94.720949, 1.666919, 1.670142, 0.003223,
94.731145, 1.679004, 1.668530, -0.010474,
94.741595, 1.674976, 1.674976, 0.000000,
94.751700, 1.670142, 1.681421, 0.011279,
94.761827, 1.676587, 1.654834, -0.021753,
94.772177, 1.679004, 1.674976, -0.004028,
94.780652, 1.674976, 1.658862, -0.016113,
94.790946, 1.681421, 1.673364, -0.008057,
94.801393, 1.674976, 1.658862, -0.016113,
94.811727, 1.672559, 1.666919, -0.005640,
94.822061, 1.677393, 1.672559, -0.004834,
94.832480, 1.677393, 1.670947, -0.006445,
94.842844, 1.674976, 1.641943, -0.033032,
94.853272, 1.674976, 1.668530, -0.006445,
94.863655, 1.676587, 1.678198, 0.001611,
94.873715, 1.674170, 1.664502, -0.009668,
94.884060, 1.673364, 1.662891, -0.010474,
94.894406, 1.674976, 1.665308, -0.009668,
94.904814, 1.677393, 1.679810, 0.002417,
94.914828, 1.676587, 1.662085, -0.014502,
94.925259, 1.669336, 1.662891, -0.006445,
94.935717, 1.672559, 1.654834, -0.017725,
94.946178, 1.670142, 1.679004, 0.008862,
94.956391, 1.664502, 1.662891, -0.001611,
94.966719, 1.678198, 1.664502, -0.013696,
94.977175, 1.672559, 1.669336, -0.003223,
94.987516, 1.674976, 1.676587, 0.001611,
94.997612, 1.669336, 1.670142, 0.000806,
95.007741, 1.673364, 1.641138, -0.032227,
95.018059, 1.673364, 1.672559, -0.000806,
95.028488, 1.673364, 1.648389, -0.024976,
95.038830, 1.674976, 1.670142, -0.004834,
95.049290, 1.654834, 1.654834, 0.000000,
95.059502, 1.664502, 1.666919, 0.002417,
95.069619, 1.662085, 1.661279, -0.000806,
95.080064, 1.661279, 1.658862, -0.002417,
95.090409, 1.666113, 1.670947, 0.004834,
95.100596, 1.662891, 1.660474, -0.002417,
95.110836, 1.666919, 1.661279, -0.005640,
95.121182, 1.666919, 1.670142, 0.003223,
95.131556, 1.664502, 1.662085, -0.002417,
95.141942, 1.662085, 1.660474, -0.001611,
95.152391, 1.658862, 1.654834, -0.004028,
95.162757, 1.654834, 1.636304, -0.018530,
95.173065, 1.670947, 1.672559, 0.001611,
95.183279, 1.670142, 1.672559, 0.002417,
95.193394, 1.664502, 1.668530, 0.004028,
95.203506, 1.670142, 1.678198, 0.008057,
95.213609, 1.664502, 1.640332, -0.024170,
95.223945, 1.665308, 1.665308, 0.000000,
95.234182, 1.669336, 1.658862, -0.010474,
95.244619, 1.664502, 1.662085, -0.002417,
95.255065, 1.669336, 1.674170, 0.004834,
95.265180, 1.665308, 1.673364, 0.008057,
95.275376, 1.673364, 1.656445, -0.016919,
95.285716, 1.666113, 1.664502, -0.001611,
95.295944, 1.658862, 1.636304, -0.022559,
95.306372, 1.666113, 1.666919, 0.000806,
95.316401, 1.662085, 1.672559, 0.010474,
95.326613, 1.670142, 1.670142, 0.000000,
95.336755, 1.657251, 1.668530, 0.011279,
95.346948, 1.666919, 1.673364, 0.006445,
95.357178, 1.662891, 1.674170, 0.011279,
95.367360, 1.669336, 1.664502, -0.004834,
95.377720, 1.678198, 1.677393, -0.000806,
95.387967, 1.677393, 1.673364, -0.004028,
95.398283, 1.672559, 1.660474, -0.012085,
95.408715, 1.668530, 1.687060, 0.018530,
95.418839, 1.672559, 1.679810, 0.007251,
95.429065, 1.676587, 1.669336, -0.007251,
95.439504, 1.674976, 1.683032, 0.008057,
95.449722, 1.673364, 1.681421, 0.008057,
95.459833, 1.677393, 1.670142, -0.007251,
95.470184, 1.679004, 1.670142, -0.008862,
95.480622, 1.679004, 1.661279, -0.017725,
95.490950, 1.677393, 1.673364, -0.004028,
95.501401, 1.670142, 1.670142, 0.000000,
95.511469, 1.668530, 1.670947, 0.002417,
95.521499, 1.673364, 1.670142, -0.003223,
95.531946, 1.668530, 1.683032, 0.014502,
95.542180, 1.670142, 1.677393, 0.007251,
95.552393, 1.674976, 1.669336, -0.005640,
95.562747, 1.665308, 1.654834, -0.010474,
95.573061, 1.670947, 1.677393, 0.006445,
95.583285, 1.670947, 1.668530, -0.002417,
95.593612, 1.674976, 1.664502, -0.010474,
95.604063, 1.670142, 1.670947, 0.000806,
95.614180, 1.670142, 1.665308, -0.004834,
95.624504, 1.670142, 1.662085, -0.008057,
95.634949, 1.668530, 1.670947, 0.002417,
95.645181, 1.670142, 1.656445, -0.013696,
95.655620, 1.670142, 1.670142, 0.000000,
95.665706, 1.674170, 1.666919, -0.007251,
95.676178, 1.677393, 1.658057, -0.019336,
95.686505, 1.662891, 1.650806, -0.012085,
95.696834, 1.666113, 1.662891, -0.003223,
95.707177, 1.662085, 1.666113, 0.004028,
95.717292, 1.665308, 1.662085, -0.003223,
95.727718, 1.662891, 1.661279, -0.001611,
95.738189, 1.666919, 1.664502, -0.002417,
95.748622, 1.654834, 1.661279, 0.006445,
95.758831, 1.664502, 1.657251, -0.007251,
95.769181, 1.661279, 1.669336, 0.008057,
95.779404, 1.665308, 1.670142, 0.004834,
95.789503, 1.666919, 1.673364, 0.006445,
95.799627, 1.658057, 1.662085, 0.004028,
95.809738, 1.666919, 1.649194, -0.017725,
95.820068, 1.668530, 1.670142, 0.001611,
95.830256, 1.666919, 1.668530, 0.001611,
95.840400, 1.662891, 1.664502, 0.001611,
95.850601, 1.661279, 1.654834, -0.006445,
95.860873, 1.665308, 1.645972, -0.019336,
95.871183, 1.665308, 1.665308, 0.000000,
95.881398, 1.668530, 1.662085, -0.006445,
95.891716, 1.658057, 1.639526, -0.018530,
95.902061, 1.658862, 1.654028, -0.004834,
95.912310, 1.666113, 1.653223, -0.012891,
95.922619, 1.660474, 1.664502, 0.004028,
95.932946, 1.666919, 1.669336, 0.002417,
95.943178, 1.664502, 1.670142, 0.005640,
95.953403, 1.670142, 1.670947, 0.000806,
95.963556, 1.662085, 1.662085, 0.000000,
95.973615, 1.666919, 1.668530, 0.001611,
95.983723, 1.666113, 1.670947, 0.004834,
95.993849, 1.670142, 1.666919, -0.003223,
96.004283, 1.673364, 1.670947, -0.002417,
96.014625, 1.679004, 1.660474, -0.018530,
96.024957, 1.677393, 1.691895, 0.014502,
96.035182, 1.669336, 1.693506, 0.024170,
96.045399, 1.677393, 1.664502, -0.012891,
96.055836, 1.674976, 1.670947, -0.004028,
96.066254, 1.677393, 1.670947, -0.006445,
96.076615, 1.681421, 1.654834, -0.026587,
96.086953, 1.674976, 1.672559, -0.002417,
96.097287, 1.674976, 1.670947, -0.004028,
96.107694, 1.670142, 1.669336, -0.000806,
96.117951, 1.673364, 1.662891, -0.010474,
96.128396, 1.677393, 1.658862, -0.018530,
96.138844, 1.673364, 1.670947, -0.002417,
96.149281, 1.670142, 1.676587, 0.006445,
96.159510, 1.677393, 1.669336, -0.008057,
96.169840, 1.674976, 1.658057, -0.016919,
96.180287, 1.679810, 1.672559, -0.007251,
96.190677, 1.673364, 1.669336, -0.004028,
96.201040, 1.672559, 1.670142, -0.002417,
96.211287, 1.668530, 1.662085, -0.006445,
96.221624, 1.670947, 1.666919, -0.004028,
96.232150, 1.669336, 1.657251, -0.012085,
96.242620, 1.668530, 1.665308, -0.003223,
96.253069, 1.678198, 1.670142, -0.008057,
96.263431, 1.665308, 1.666113, 0.000806,
96.273512, 1.676587, 1.674170, -0.002417,
96.283947, 1.672559, 1.661279, -0.011279,
96.294290, 1.679004, 1.670947, -0.008057,
96.304730, 1.670142, 1.677393, 0.007251,
96.314858, 1.665308, 1.662085, -0.003223,
96.325266, 1.662085, 1.666113, 0.004028,
96.335510, 1.674976, 1.674976, 0.000000,
96.345719, 1.662085, 1.654834, -0.007251,
96.356180, 1.660474, 1.647583, -0.012891,
96.366523, 1.666113, 1.666919, 0.000806,
96.376695, 1.662085, 1.650806, -0.011279,
96.387061, 1.658057, 1.657251, -0.000806,
96.397401, 1.664502, 1.644360, -0.020142,
96.407836, 1.664502, 1.658057, -0.006445,
96.418187, 1.668530, 1.650000, -0.018530,
96.428614, 1.654834, 1.657251, 0.002417,
96.438835, 1.668530, 1.662085, -0.006445,
96.449281, 1.666919, 1.658862, -0.008057,
96.459723, 1.665308, 1.654028, -0.011279,
96.470070, 1.670142, 1.656445, -0.013696,
96.480510, 1.662085, 1.662085, 0.000000,
96.490511, 1.664502, 1.664502, 0.000000,
96.500597, 1.666919, 1.669336, 0.002417,
96.510641, 1.665308, 1.660474, -0.004834,
96.520955, 1.665308, 1.670947, 0.005640,
96.531238, 1.662891, 1.664502, 0.001611,
96.541364, 1.669336, 1.679004, 0.009668,
96.551623, 1.668530, 1.670142, 0.001611,
96.561720, 1.658862, 1.658862, 0.000000,
96.571838, 1.669336, 1.672559, 0.003223,
96.582092, 1.666919, 1.654834, -0.012085,
96.592416, 1.668530, 1.653223, -0.015308,
96.602837, 1.658057, 1.660474, 0.002417,
96.612961, 1.670142, 1.653223, -0.016919,
96.623286, 1.670142, 1.664502, -0.005640,
96.633841, 1.665308, 1.641138, -0.024170,
96.644284, 1.679810, 1.660474, -0.019336,
96.654727, 1.666919, 1.670142, 0.003223,
96.664838, 1.676587, 1.673364, -0.003223,
96.675266, 1.677393, 1.670142, -0.007251,
96.685618, 1.677393, 1.664502, -0.012891,
96.695872, 1.670947, 1.661279, -0.009668,
96.706291, 1.676587, 1.670142, -0.006445,
96.716622, 1.679810, 1.666919, -0.012891,
96.727069, 1.677393, 1.666113, -0.011279,
96.737509, 1.674170, 1.677393, 0.003223,
96.747734, 1.670947, 1.668530, -0.002417,
96.758190, 1.678198, 1.683032, 0.004834,
96.768370, 1.676587, 1.662891, -0.013696,
96.778745, 1.672559, 1.662085, -0.010474,
96.789089, 1.669336, 1.665308, -0.004028,
96.799408, 1.678198, 1.670142, -0.008057,
96.809729, 1.674976, 1.666113, -0.008862,
96.820078, 1.669336, 1.666113, -0.003223,
96.830506, 1.670142, 1.670142, 0.000000,
96.840615, 1.677393, 1.679810, 0.002417,
96.850817, 1.681421, 1.679004, -0.002417,
96.861062, 1.673364, 1.670142, -0.003223,
96.871404, 1.670947, 1.679004, 0.008057,
96.881520, 1.673364, 1.662085, -0.011279,
96.891832, 1.674170, 1.662891, -0.011279,
96.902289, 1.672559, 1.661279, -0.011279,
96.912619, 1.673364, 1.662891, -0.010474,
96.922954, 1.670947, 1.674170, 0.003223,
96.933186, 1.670947, 1.662891, -0.008057,
96.943621, 1.674170, 1.648389, -0.025781,
96.954069, 1.672559, 1.674170, 0.001611,
96.964223, 1.670142, 1.665308, -0.004834,
96.974500, 1.668530, 1.662085, -0.006445,
96.984842, 1.666919, 1.666113, -0.000806,
96.995188, 1.662085, 1.658057, -0.004028,
97.005624, 1.660474, 1.669336, 0.008862,
97.015730, 1.661279, 1.656445, -0.004834,
97.026186, 1.666113, 1.657251, -0.008862,
97.033428, 1.662085, 1.664502, 0.002417,
97.039953, 1.660474, 1.669336, 0.008862,
97.050276, 1.666113, 1.662891, -0.003223,
97.060630, 1.665308, 1.666113, 0.000806,
97.070726, 1.666919, 1.674976, 0.008057,
97.080948, 1.666113, 1.664502, -0.001611,
97.091288, 1.666919, 1.670142, 0.003223,
97.101485, 1.668530, 1.662891, -0.005640,
97.111726, 1.666919, 1.652417, -0.014502,
97.122069, 1.669336, 1.676587, 0.007251,
97.132372, 1.665308, 1.662085, -0.003223,
97.142840, 1.670142, 1.669336, -0.000806,
97.153287, 1.658057, 1.660474, 0.002417,
97.163436, 1.666919, 1.662085, -0.004834,
97.173743, 1.669336, 1.678198, 0.008862,
97.183956, 1.670142, 1.662085, -0.008057,
97.194199, 1.668530, 1.661279, -0.007251,
97.204630, 1.670142, 1.679810, 0.009668,
97.214734, 1.664502, 1.662085, -0.002417,
97.225139, 1.668530, 1.665308, -0.003223,
97.235511, 1.666919, 1.670142, 0.003223,
97.245731, 1.666919, 1.647583, -0.019336,
97.256197, 1.662085, 1.676587, 0.014502,
97.266308, 1.668530, 1.683838, 0.015308,
97.276491, 1.669336, 1.658057, -0.011279,
97.286841, 1.676587, 1.670142, -0.006445,
97.297190, 1.681421, 1.666919, -0.014502,
97.307626, 1.674976, 1.672559, -0.002417,
97.317959, 1.677393, 1.657251, -0.020142,
97.328404, 1.676587, 1.683838, 0.007251,
97.338626, 1.674170, 1.673364, -0.000806,
97.349072, 1.676587, 1.677393, 0.000806,
97.359289, 1.676587, 1.658862, -0.017725,
97.369633, 1.670947, 1.668530, -0.002417,
97.380066, 1.669336, 1.687060, 0.017725,
97.390188, 1.673364, 1.670142, -0.003223,
97.400598, 1.673364, 1.654834, -0.018530,
97.410847, 1.677393, 1.669336, -0.008057,
97.421187, 1.674170, 1.672559, -0.001611,
97.431711, 1.670142, 1.681421, 0.011279,
97.441963, 1.678198, 1.662891, -0.015308,
97.452408, 1.676587, 1.666113, -0.010474,
97.462769, 1.674170, 1.658862, -0.015308,
97.473072, 1.665308, 1.673364, 0.008057,
97.483191, 1.673364, 1.669336, -0.004028,
97.493509, 1.674976, 1.670142, -0.004834,
97.503960, 1.677393, 1.678198, 0.000806,
97.514073, 1.664502, 1.664502, 0.000000,
97.524123, 1.677393, 1.658862, -0.018530,
97.534624, 1.674976, 1.686255, 0.011279,
97.544836, 1.670947, 1.676587, 0.005640,
97.555069, 1.673364, 1.678198, 0.004834,
97.565231, 1.679810, 1.662891, -0.016919,
97.575602, 1.678198, 1.658862, -0.019336,
97.585961, 1.676587, 1.660474, -0.016113,
97.596296, 1.669336, 1.654028, -0.015308,
97.606732, 1.658057, 1.662891, 0.004834,
97.616751, 1.658862, 1.662085, 0.003223,
97.626954, 1.665308, 1.669336, 0.004028,
97.637190, 1.662891, 1.665308, 0.002417,
97.647407, 1.662085, 1.670142, 0.008057,
97.657636, 1.658862, 1.677393, 0.018530,
97.667748, 1.662891, 1.661279, -0.001611,
97.678200, 1.665308, 1.669336, 0.004028,
97.688301, 1.662891, 1.664502, 0.001611,
97.698402, 1.662891, 1.660474, -0.002417,
97.708795, 1.665308, 1.674170, 0.008862,
97.718845, 1.666919, 1.662891, -0.004028,
97.729295, 1.666919, 1.653223, -0.013696,
97.739734, 1.670142, 1.677393, 0.007251,
97.749961, 1.666919, 1.662085, -0.004834,
97.760291, 1.662891, 1.654834, -0.008057,
97.770632, 1.665308, 1.660474, -0.004834,
97.781068, 1.666919, 1.653223, -0.013696,
97.791404, 1.665308, 1.662085, -0.003223,
97.801729, 1.669336, 1.660474, -0.008862,
97.812072, 1.665308, 1.637109, -0.028198,
97.822410, 1.666113, 1.666919, 0.000806,
97.832711, 1.669336, 1.662085, -0.007251,
97.843076, 1.669336, 1.662085, -0.007251,
97.853502, 1.654028, 1.650000, -0.004028,
97.863766, 1.665308, 1.662085, -0.003223,
97.874076, 1.670142, 1.689478, 0.019336,
97.884226, 1.664502, 1.657251, -0.007251,
97.894535, 1.665308, 1.654834, -0.010474,
97.904960, 1.670142, 1.665308, -0.004834,
97.915295, 1.669336, 1.666113, -0.003223,
97.925717, 1.679810, 1.661279, -0.018530,
97.936188, 1.676587, 1.664502, -0.012085,
97.946633, 1.674976, 1.670142, -0.004834,
97.957077, 1.674976, 1.661279, -0.013696,
97.967409, 1.677393, 1.670142, -0.007251,
97.977812, 1.674170, 1.650000, -0.024170,
97.988077, 1.672559, 1.689478, 0.016919,
97.998192, 1.670142, 1.665308, -0.004834,
98.008530, 1.678198, 1.670947, -0.007251,
98.018840, 1.678198, 1.670142, -0.008057,
98.029295, 1.678198, 1.652417, -0.025781,
98.039732, 1.673364, 1.643555, -0.029810,
98.050279, 1.674170, 1.661279, -0.012891,
98.060626, 1.678198, 1.662085, -0.016113,
98.070960, 1.670947, 1.676587, 0.005640,
98.081077, 1.674976, 1.656445, -0.018530,
98.091441, 1.670142, 1.670947, 0.000806,
98.101629, 1.666113, 1.676587, 0.010474,
98.111730, 1.670142, 1.660474, -0.009668,
98.121970, 1.669336, 1.677393, 0.008057,
98.132354, 1.673364, 1.666919, -0.006445,
98.142725, 1.673364, 1.665308, -0.008057,
98.153201, 1.676587, 1.662891, -0.013696,
98.163561, 1.672559, 1.669336, -0.003223,
98.173847, 1.672559, 1.679004, 0.006445,
98.184069, 1.670142, 1.661279, -0.008862,
98.194410, 1.679004, 1.658862, -0.020142,
98.204825, 1.678198, 1.676587, -0.001611,
98.215194, 1.668530, 1.673364, 0.004834,
98.225372, 1.677393, 1.666919, -0.010474,
98.235733, 1.670142, 1.668530, -0.001611,
98.246190, 1.666113, 1.637915, -0.028198,
98.256627, 1.678198, 1.674170, -0.004028,
98.266968, 1.662085, 1.658057, -0.004028,
98.277407, 1.656445, 1.661279, 0.004834,
98.287521, 1.664502, 1.674170, 0.009668,
98.297635, 1.665308, 1.676587, 0.011279,
98.307847, 1.669336, 1.669336, 0.000000,
98.317872, 1.662085, 1.633081, -0.029004,
98.328278, 1.668530, 1.662085, -0.006445,
98.338636, 1.664502, 1.670142, 0.005640,
98.348848, 1.666919, 1.650000, -0.016919,
98.359301, 1.666919, 1.654834, -0.012085,
98.369629, 1.662085, 1.662891, 0.000806,
98.379845, 1.670142, 1.650806, -0.019336,
98.390200, 1.666919, 1.665308, -0.001611,
98.400596, 1.666919, 1.654834, -0.012085,
98.410854, 1.670142, 1.662085, -0.008057,
98.421191, 1.662085, 1.673364, 0.011279,
98.431490, 1.665308, 1.658057, -0.007251,
98.441805, 1.660474, 1.647583, -0.012891,
98.452293, 1.664502, 1.661279, -0.003223,
98.462670, 1.654834, 1.658862, 0.004028,
98.472741, 1.670142, 1.662085, -0.008057,
98.483123, 1.666919, 1.658057, -0.008862,
98.493415, 1.660474, 1.670947, 0.010474,
98.503634, 1.668530, 1.665308, -0.003223,
98.513960, 1.668530, 1.664502, -0.004028,
98.524298, 1.666113, 1.657251, -0.008862,
98.534848, 1.666113, 1.666919, 0.000806,
98.545077, 1.666113, 1.664502, -0.001611,
98.555522, 1.670947, 1.677393, 0.006445,
98.565643, 1.674976, 1.662085, -0.012891,
98.576062, 1.679004, 1.691895, 0.012891,
98.586197, 1.678198, 1.668530, -0.009668,
98.596516, 1.679810, 1.687060, 0.007251,
98.606734, 1.672559, 1.674976, 0.002417,
98.616802, 1.674976, 1.670142, -0.004834,
98.627182, 1.674170, 1.666113, -0.008057,
98.637630, 1.674170, 1.666113, -0.008057,
98.648070, 1.669336, 1.668530, -0.000806,
98.658506, 1.674976, 1.669336, -0.005640,
98.668835, 1.674976, 1.661279, -0.013696,
98.679318, 1.674976, 1.656445, -0.018530,
98.689622, 1.677393, 1.672559, -0.004834,
98.699959, 1.669336, 1.662891, -0.006445,
98.710300, 1.672559, 1.669336, -0.003223,
98.720626, 1.677393, 1.670142, -0.007251,
98.730961, 1.666919, 1.683838, 0.016919,
98.741073, 1.677393, 1.677393, 0.000000,
98.751364, 1.673364, 1.683838, 0.010474,
98.761445, 1.679004, 1.664502, -0.014502,
98.771734, 1.670142, 1.670947, 0.000806,
98.781956, 1.677393, 1.664502, -0.012891,
98.792298, 1.673364, 1.668530, -0.004834,
98.802731, 1.678198, 1.672559, -0.005640,
98.813092, 1.670142, 1.665308, -0.004834,
98.823404, 1.676587, 1.683032, 0.006445,
98.833621, 1.673364, 1.664502, -0.008862,
98.844082, 1.670142, 1.662085, -0.008057,
98.854519, 1.670142, 1.674976, 0.004834,
98.864664, 1.666919, 1.666113, -0.000806,
98.874969, 1.670142, 1.664502, -0.005640,
98.885298, 1.668530, 1.666113, -0.002417,
98.895632, 1.654834, 1.658862, 0.004028,
98.905851, 1.665308, 1.669336, 0.004028,
98.915964, 1.662891, 1.662085, -0.000806,
98.926417, 1.666113, 1.658057, -0.008057,
98.936850, 1.664502, 1.665308, 0.000806,
98.947505, 1.665308, 1.665308, 0.000000,
98.957632, 1.665308, 1.679004, 0.013696,
98.967743, 1.662891, 1.661279, -0.001611,
98.978190, 1.668530, 1.662085, -0.006445,
98.988521, 1.668530, 1.669336, 0.000806,
98.998636, 1.664502, 1.661279, -0.003223,
99.008973, 1.669336, 1.654834, -0.014502,
99.019308, 1.661279, 1.670142, 0.008862,
99.029516, 1.665308, 1.656445, -0.008862,
99.039968, 1.666919, 1.679004, 0.012085,
99.050279, 1.668530, 1.654028, -0.014502,
99.060629, 1.665308, 1.662085, -0.003223,
99.070962, 1.666919, 1.666113, -0.000806,
99.081410, 1.664502, 1.664502, 0.000000,
99.091411, 1.662085, 1.670142, 0.008057,
99.101629, 1.666113, 1.661279, -0.004834,
99.111965, 1.657251, 1.658862, 0.001611,
99.122071, 1.670142, 1.654834, -0.015308,
99.132644, 1.664502, 1.661279, -0.003223,
99.143072, 1.668530, 1.657251, -0.011279,
99.153506, 1.662891, 1.670142, 0.007251,
99.163599, 1.664502, 1.669336, 0.004834,
99.173632, 1.661279, 1.678198, 0.016919,
99.183733, 1.669336, 1.669336, 0.000000,
99.193733, 1.664502, 1.631470, -0.033032,
99.204106, 1.677393, 1.670142, -0.007251,
99.214414, 1.674170, 1.654028, -0.020142,
99.224743, 1.679810, 1.662891, -0.016919,
99.235191, 1.679004, 1.683838, 0.004834,
99.245415, 1.677393, 1.665308, -0.012085,
99.255848, 1.674170, 1.670947, -0.003223,
99.266199, 1.676587, 1.664502, -0.012085,
99.276629, 1.672559, 1.665308, -0.007251,
99.286964, 1.677393, 1.658057, -0.019336,
99.297294, 1.674170, 1.641943, -0.032227,
99.307738, 1.665308, 1.672559, 0.007251,
99.317766, 1.677393, 1.657251, -0.020142,
99.328196, 1.676587, 1.672559, -0.004028,
99.338639, 1.666919, 1.676587, 0.009668,
99.348851, 1.672559, 1.683032, 0.010474,
99.359082, 1.670947, 1.666113, -0.004834,
99.369419, 1.674170, 1.670142, -0.004028,
99.379841, 1.674170, 1.657251, -0.016919,
99.390163, 1.679004, 1.670947, -0.008057,
99.400527, 1.677393, 1.674170, -0.003223,
99.410851, 1.676587, 1.676587, 0.000000,
99.420950, 1.674976, 1.676587, 0.001611,
99.431160, 1.677393, 1.670142, -0.007251,
99.441489, 1.677393, 1.666919, -0.010474,
99.451962, 1.676587, 1.683838, 0.007251,
99.462118, 1.665308, 1.662085, -0.003223,
99.472488, 1.672559, 1.660474, -0.012085,
99.482856, 1.674170, 1.679004, 0.004834,
99.492969, 1.672559, 1.661279, -0.011279,
99.503415, 1.674976, 1.674976, 0.000000,
99.513414, 1.674976, 1.665308, -0.009668,
99.523732, 1.670142, 1.662891, -0.007251,
99.534197, 1.662891, 1.661279, -0.001611,
99.544631, 1.665308, 1.670142, 0.004834,
99.554844, 1.661279, 1.677393, 0.016113,
99.564968, 1.669336, 1.666113, -0.003223,
99.575387, 1.664502, 1.653223, -0.011279,
99.585633, 1.665308, 1.676587, 0.011279,
99.595743, 1.662085, 1.660474, -0.001611,
99.606089, 1.664502, 1.670142, 0.005640,
99.616198, 1.666919, 1.670142, 0.003223,
99.626425, 1.666919, 1.649194, -0.017725,
99.636854, 1.665308, 1.650000, -0.015308,
99.647307, 1.662085, 1.648389, -0.013696,
99.657731, 1.662891, 1.670142, 0.007251,
99.667844, 1.668530, 1.664502, -0.004028,
99.678297, 1.669336, 1.656445, -0.012891,
99.688634, 1.662085, 1.668530, 0.006445,
99.698728, 1.665308, 1.670142, 0.004834,
99.708851, 1.668530, 1.645972, -0.022559,
99.719193, 1.664502, 1.668530, 0.004028,
99.729423, 1.666113, 1.662085, -0.004028,
99.739853, 1.670142, 1.670142, 0.000000,
99.749964, 1.666919, 1.665308, -0.001611,
99.760306, 1.670947, 1.654028, -0.016919,
99.770637, 1.660474, 1.666919, 0.006445,
99.780857, 1.668530, 1.654834, -0.013696,
99.791199, 1.666113, 1.668530, 0.002417,
99.801415, 1.658057, 1.654834, -0.003223,
99.811743, 1.662891, 1.658862, -0.004028,
99.822081, 1.670142, 1.674170, 0.004028,
99.832272, 1.665308, 1.662891, -0.002417,
99.842736, 1.672559, 1.668530, -0.004028,
99.853199, 1.669336, 1.666919, -0.002417,
99.863647, 1.674170, 1.640332, -0.033838,
99.873971, 1.679810, 1.658057, -0.021753,
99.884303, 1.677393, 1.658862, -0.018530,
99.894641, 1.673364, 1.670142, -0.003223,
99.904971, 1.676587, 1.672559, -0.004028,
99.915301, 1.677393, 1.662085, -0.015308,
99.925736, 1.674170, 1.665308, -0.008862,
99.936200, 1.676587, 1.662085, -0.014502,
99.946634, 1.662891, 1.658862, -0.004028,
99.957082, 1.674976, 1.677393, 0.002417,
99.967199, 1.676587, 1.678198, 0.001611,
99.977403, 1.674976, 1.640332, -0.034644,
99.987743, 1.672559, 1.658862, -0.013696,
99.998076, 1.674170, 1.669336, -0.004834,
100.008410, 1.677393, 1.674976, -0.002417,
100.018969, 1.678198, 1.672559, -0.005640,
100.029534, 1.677393, 1.656445, -0.020947,
100.040201, 1.672559, 1.665308, -0.007251,
100.050966, 1.677393, 1.678198, 0.000806,
100.061288, 1.665308, 1.670947, 0.005640,
100.071631, 1.676587, 1.687060, 0.010474,
100.082063, 1.673364, 1.670947, -0.002417,
100.092568, 1.672559, 1.670142, -0.002417,
100.103204, 1.670947, 1.666113, -0.004834,
100.113744, 1.674976, 1.666113, -0.008862,
100.124306, 1.674170, 1.676587, 0.002417,
100.134853, 1.676587, 1.679004, 0.002417,
100.145294, 1.673364, 1.662891, -0.010474,
100.155962, 1.677393, 1.668530, -0.008862,
100.166515, 1.666113, 1.670947, 0.004834,
100.176960, 1.673364, 1.662085, -0.011279,
100.187548, 1.653223, 1.670142, 0.016919,
100.197856, 1.668530, 1.657251, -0.011279,
100.208523, 1.668530, 1.669336, 0.000806,
100.218864, 1.666919, 1.656445, -0.010474,
100.229513, 1.668530, 1.656445, -0.012085,
100.240091, 1.660474, 1.686255, 0.025781,
100.250606, 1.660474, 1.662085, 0.001611,
100.260968, 1.666919, 1.635498, -0.031421,
100.271520, 1.656445, 1.666919, 0.010474,
100.281978, 1.662085, 1.654028, -0.008057,
100.292516, 1.666919, 1.653223, -0.013696,
100.303194, 1.665308, 1.662085, -0.003223,
100.313744, 1.660474, 1.661279, 0.000806,
100.324087, 1.666919, 1.662891, -0.004028,
100.334725, 1.668530, 1.670142, 0.001611,
100.345077, 1.670142, 1.653223, -0.016919,
100.355739, 1.668530, 1.677393, 0.008862,
100.366087, 1.669336, 1.664502, -0.004834,
100.376704, 1.669336, 1.658862, -0.010474,
100.387196, 1.670142, 1.665308, -0.004834,
100.397740, 1.668530, 1.662085, -0.006445,
100.408416, 1.669336, 1.666919, -0.002417,
100.418973, 1.670142, 1.670142, 0.000000,
100.429309, 1.669336, 1.656445, -0.012891,
100.439969, 1.666919, 1.665308, -0.001611,
100.450728, 1.664502, 1.658862, -0.005640,
100.461301, 1.670947, 1.664502, -0.006445,
100.471859, 1.666919, 1.662891, -0.004028,
100.482512, 1.670142, 1.656445, -0.013696,
100.493081, 1.678198, 1.670142, -0.008057,
100.503704, 1.674976, 1.673364, -0.001611,
100.514215, 1.683838, 1.674170, -0.009668,
100.524737, 1.672559, 1.674976, 0.002417,
100.535194, 1.679004, 1.679810, 0.000806,
100.545632, 1.670947, 1.658057, -0.012891,
100.556301, 1.674170, 1.662085, -0.012085,
100.566906, 1.670142, 1.666919, -0.003223,
100.577515, 1.665308, 1.683838, 0.018530,
100.587850, 1.678198, 1.683838, 0.005640,
100.598196, 1.674976, 1.673364, -0.001611,
100.608856, 1.682227, 1.672559, -0.009668,
100.619416, 1.673364, 1.666113, -0.007251,
100.630079, 1.677393, 1.657251, -0.020142,
100.640678, 1.679004, 1.681421, 0.002417,
100.651195, 1.670947, 1.662085, -0.008862,
100.661740, 1.670947, 1.666113, -0.004834,
100.672301, 1.679004, 1.681421, 0.002417,
100.682730, 1.677393, 1.660474, -0.016919,
100.693209, 1.676587, 1.662891, -0.013696,
100.703855, 1.677393, 1.658862, -0.018530,
100.714416, 1.679810, 1.670947, -0.008862,
100.724970, 1.679004, 1.666919, -0.012085,
100.735638, 1.674976, 1.657251, -0.017725,
100.746302, 1.674976, 1.660474, -0.014502,
100.756968, 1.674170, 1.672559, -0.001611,
100.767521, 1.666113, 1.683838, 0.017725,
100.777980, 1.662891, 1.654834, -0.008057,
100.788522, 1.676587, 1.650806, -0.025781,
100.798391, 1.674170, 1.662891, -0.011279,
100.809081, 1.665308, 1.668530, 0.003223,
100.819420, 1.656445, 1.670142, 0.013696,
100.829842, 1.662891, 1.666113, 0.003223,
100.840199, 1.661279, 1.661279, 0.000000,
100.850732, 1.662085, 1.674976, 0.012891,
100.861080, 1.666919, 1.657251, -0.009668,
100.871641, 1.664502, 1.699145, 0.034644,
100.882078, 1.666919, 1.658862, -0.008057,
100.892622, 1.658862, 1.678198, 0.019336,
100.903006, 1.670142, 1.668530, -0.001611,
100.913526, 1.664502, 1.660474, -0.004028,
100.924083, 1.666113, 1.660474, -0.005640,
100.934749, 1.657251, 1.658057, 0.000806,
100.945207, 1.664502, 1.640332, -0.024170,
100.955854, 1.670947, 1.670142, -0.000806,
100.966454, 1.668530, 1.649194, -0.019336,
100.977088, 1.660474, 1.658057, -0.002417,
100.987635, 1.665308, 1.666113, 0.000806,
100.997966, 1.670142, 1.660474, -0.009668,
101.008525, 1.670947, 1.662891, -0.008057,
101.019053, 1.668530, 1.662891, -0.005640,
101.029635, 1.666919, 1.656445, -0.010474,
101.040308, 1.666113, 1.662085, -0.004028,
101.051060, 1.670947, 1.669336, -0.001611,
101.061635, 1.669336, 1.661279, -0.008057,
101.072204, 1.670947, 1.674976, 0.004028,
101.082641, 1.658862, 1.679810, 0.020947,
101.092970, 1.666919, 1.676587, 0.009668,
101.103321, 1.668530, 1.666919, -0.001611,
101.113855, 1.662891, 1.647583, -0.015308,
101.124417, 1.678198, 1.676587, -0.001611,
101.135204, 1.679004, 1.678198, -0.000806,
101.145846, 1.683838, 1.664502, -0.019336,
101.156519, 1.674976, 1.670142, -0.004834,
101.167038, 1.679004, 1.670142, -0.008862,
101.177628, 1.666919, 1.669336, 0.002417,
101.187972, 1.669336, 1.676587, 0.007251,
101.198305, 1.666919, 1.686255, 0.019336,
101.208744, 1.670947, 1.668530, -0.002417,
101.219304, 1.670142, 1.637109, -0.033032,
101.229969, 1.677393, 1.665308, -0.012085,
101.240596, 1.674170, 1.649194, -0.024976,
101.251284, 1.670142, 1.661279, -0.008862,
101.261854, 1.666113, 1.657251, -0.008862,
101.272424, 1.677393, 1.674976, -0.002417,
101.283084, 1.674170, 1.676587, 0.002417,
101.293416, 1.676587, 1.670142, -0.006445,
101.304087, 1.678198, 1.677393, -0.000806,
101.314643, 1.666919, 1.672559, 0.005640,
101.324974, 1.673364, 1.664502, -0.008862,
101.335642, 1.676587, 1.678198, 0.001611,
101.346075, 1.674170, 1.668530, -0.005640,
101.356740, 1.674170, 1.664502, -0.009668,
101.367320, 1.676587, 1.678198, 0.001611,
101.377747, 1.672559, 1.658057, -0.014502,
101.388301, 1.666113, 1.677393, 0.011279,
101.398645, 1.677393, 1.676587, -0.000806,
101.409204, 1.674170, 1.666113, -0.008057,
101.419751, 1.672559, 1.677393, 0.004834,
101.430205, 1.672559, 1.657251, -0.015308,
101.440854, 1.670142, 1.670947, 0.000806,
101.451415, 1.658057, 1.654834, -0.003223,
101.461977, 1.660474, 1.666113, 0.005640,
101.472301, 1.658057, 1.670947, 0.012891,
101.482736, 1.665308, 1.670947, 0.005640,
101.493085, 1.669336, 1.674170, 0.004834,
101.503526, 1.664502, 1.662891, -0.001611,
101.514083, 1.668530, 1.660474, -0.008057,
101.524624, 1.654834, 1.637109, -0.017725,
101.535312, 1.656445, 1.662891, 0.006445,
101.545742, 1.664502, 1.662085, -0.002417,
101.556420, 1.668530, 1.665308, -0.003223,
101.567086, 1.654834, 1.665308, 0.010474,
101.577521, 1.662085, 1.670947, 0.008862,
101.587814, 1.664502, 1.660474, -0.004028,
101.598315, 1.662085, 1.664502, 0.002417,
101.608748, 1.669336, 1.664502, -0.004834,
101.619310, 1.668530, 1.673364, 0.004834,
101.629776, 1.669336, 1.662891, -0.006445,
101.640418, 1.658057, 1.664502, 0.006445,
101.650889, 1.660474, 1.654028, -0.006445,
101.661424, 1.666919, 1.658057, -0.008862,
101.671972, 1.662891, 1.666919, 0.004028,
101.682354, 1.670142, 1.662085, -0.008057,
101.692860, 1.662891, 1.674976, 0.012085,
101.703302, 1.666919, 1.664502, -0.002417,
101.713863, 1.658057, 1.636304, -0.021753,
101.724423, 1.666919, 1.662891, -0.004028,
101.735081, 1.674170, 1.674976, 0.000806,
101.745526, 1.668530, 1.662891, -0.005640,
101.756208, 1.665308, 1.662891, -0.002417,
101.766793, 1.674976, 1.669336, -0.005640,
101.777424, 1.683032, 1.654834, -0.028198,
101.787975, 1.681421, 1.672559, -0.008862,
101.798464, 1.673364, 1.668530, -0.004834,
101.809093, 1.679004, 1.678198, -0.000806,
101.819643, 1.677393, 1.668530, -0.008862,
101.830303, 1.673364, 1.662085, -0.011279,
101.840974, 1.676587, 1.695923, 0.019336,
101.851502, 1.678198, 1.662085, -0.016113,
101.862116, 1.679004, 1.677393, -0.001611,
101.872638, 1.677393, 1.672559, -0.004834,
101.883311, 1.672559, 1.666113, -0.006445,
101.893851, 1.664502, 1.665308, 0.000806,
101.904199, 1.666113, 1.662891, -0.003223,
101.914742, 1.670947, 1.673364, 0.002417,
101.925112, 1.672559, 1.683838, 0.011279,
101.935527, 1.676587, 1.670142, -0.006445,
101.946207, 1.669336, 1.650000, -0.019336,
101.956871, 1.674976, 1.673364, -0.001611,
101.967425, 1.673364, 1.657251, -0.016113,
101.978078, 1.674170, 1.662085, -0.012085,
101.988644, 1.674170, 1.673364, -0.000806,
101.999213, 1.666919, 1.677393, 0.010474,
102.009642, 1.674170, 1.647583, -0.026587,
102.020208, 1.677393, 1.650000, -0.027393,
102.030857, 1.673364, 1.657251, -0.016113,
102.041417, 1.673364, 1.664502, -0.008862,
102.052086, 1.674170, 1.674170, 0.000000,
102.062344, 1.678198, 1.677393, -0.000806,
102.072857, 1.676587, 1.662085, -0.014502,
102.083521, 1.674976, 1.666919, -0.008057,
102.094087, 1.674170, 1.662085, -0.012085,
102.104741, 1.660474, 1.674170, 0.013696,
102.115086, 1.664502, 1.662085, -0.002417,
102.125735, 1.658862, 1.653223, -0.005640,
102.136429, 1.654834, 1.658862, 0.004028,
102.146856, 1.664502, 1.654834, -0.009668,
102.157517, 1.658862, 1.674170, 0.015308,
102.167855, 1.666919, 1.660474, -0.006445,
102.178495, 1.666919, 1.658057, -0.008862,
102.188977, 1.668530, 1.669336, 0.000806,
102.199358, 1.666113, 1.654834, -0.011279,
102.209979, 1.658862, 1.664502, 0.005640,
102.220320, 1.668530, 1.664502, -0.004028,
102.230975, 1.670142, 1.670142, 0.000000,
102.241306, 1.669336, 1.668530, -0.000806,
102.252081, 1.670947, 1.657251, -0.013696,
102.262679, 1.654834, 1.657251, 0.002417,
102.272975, 1.660474, 1.662085, 0.001611,
102.283340, 1.670142, 1.683032, 0.012891,
102.293639, 1.666113, 1.670142, 0.004028,
102.304094, 1.664502, 1.664502, 0.000000,
102.314401, 1.665308, 1.665308, 0.000000,
102.324640, 1.664502, 1.662085, -0.002417,
102.335310, 1.670142, 1.656445, -0.013696,
102.345979, 1.660474, 1.661279, 0.000806,
102.356424, 1.672559, 1.674170, 0.001611,
102.366750, 1.670142, 1.662891, -0.007251,
102.377417, 1.666919, 1.652417, -0.014502,
102.387974, 1.658862, 1.654834, -0.004028,
102.398530, 1.670142, 1.657251, -0.012891,
102.409097, 1.677393, 1.670142, -0.007251,
102.419641, 1.670142, 1.654834, -0.015308,
102.430303, 1.672559, 1.658057, -0.014502,
102.440976, 1.676587, 1.666919, -0.009668,
102.451725, 1.676587, 1.677393, 0.000806,
102.462118, 1.676587, 1.662085, -0.014502,
102.472640, 1.677393, 1.678198, 0.000806,
102.482978, 1.677393, 1.665308, -0.012085,
102.493529, 1.674170, 1.666113, -0.008057,
102.504173, 1.674170, 1.672559, -0.001611,
102.514647, 1.676587, 1.664502, -0.012085,
102.525295, 1.674170, 1.653223, -0.020947,
102.535971, 1.662891, 1.679810, 0.016919,
102.546433, 1.666919, 1.656445, -0.010474,
102.557088, 1.673364, 1.670142, -0.003223,
102.567649, 1.673364, 1.676587, 0.003223,
102.578092, 1.679004, 1.662891, -0.016113,
102.588641, 1.677393, 1.681421, 0.004028,
102.598980, 1.665308, 1.666919, 0.001611,
102.609424, 1.670947, 1.664502, -0.006445,
102.619975, 1.670947, 1.670142, -0.000806,
102.630639, 1.672559, 1.666113, -0.006445,
102.641204, 1.678198, 1.661279, -0.016919,
102.651964, 1.679004, 1.656445, -0.022559,
102.662560, 1.677393, 1.664502, -0.012891,
102.673093, 1.673364, 1.666113, -0.007251,
102.683749, 1.668530, 1.660474, -0.008057,
102.694310, 1.670947, 1.666919, -0.004028,
102.704974, 1.676587, 1.670947, -0.005640,
102.715529, 1.673364, 1.640332, -0.033032,
102.726210, 1.665308, 1.665308, 0.000000,
102.736636, 1.661279, 1.650000, -0.011279,
102.747313, 1.662085, 1.662891, 0.000806,
102.757745, 1.662891, 1.666919, 0.004028,
102.768091, 1.665308, 1.666113, 0.000806,
102.778519, 1.665308, 1.656445, -0.008862,
102.789011, 1.669336, 1.673364, 0.004028,
102.799311, 1.658057, 1.679810, 0.021753,
102.809723, 1.665308, 1.647583, -0.017725,
102.820216, 1.664502, 1.658862, -0.005640,
102.830868, 1.666919, 1.662891, -0.004028,
102.841430, 1.658057, 1.677393, 0.019336,
102.851859, 1.668530, 1.647583, -0.020947,
102.862470, 1.661279, 1.662085, 0.000806,
102.872757, 1.662085, 1.662891, 0.000806,
102.883227, 1.669336, 1.648389, -0.020947,
102.893758, 1.666113, 1.657251, -0.008862,
102.904425, 1.670142, 1.673364, 0.003223,
102.914750, 1.666113, 1.657251, -0.008862,
102.925399, 1.672559, 1.650000, -0.022559,
102.935981, 1.664502, 1.677393, 0.012891,
102.946432, 1.666113, 1.652417, -0.013696,
102.957098, 1.668530, 1.661279, -0.007251,
102.967645, 1.669336, 1.654028, -0.015308,
102.978304, 1.670947, 1.662085, -0.008862,
102.988863, 1.666113, 1.662085, -0.004028,
102.999431, 1.668530, 1.654834, -0.013696,
103.009977, 1.665308, 1.670947, 0.005640,
103.020315, 1.665308, 1.641138, -0.024170,
103.030983, 1.666113, 1.662085, -0.004028,
103.041527, 1.669336, 1.666919, -0.002417,
103.052196, 1.683838, 1.661279, -0.022559,
103.062786, 1.672559, 1.670142, -0.002417,
103.073302, 1.678198, 1.687060, 0.008862,
103.083757, 1.678198, 1.669336, -0.008862,
103.094309, 1.677393, 1.683032, 0.005640,
103.104743, 1.674170, 1.669336, -0.004834,
103.115214, 1.677393, 1.670142, -0.007251,
103.125832, 1.677393, 1.670142, -0.007251,
103.136549, 1.674170, 1.666113, -0.008057,
103.147204, 1.677393, 1.666919, -0.010474,
103.157858, 1.672559, 1.668530, -0.004028,
103.168436, 1.670142, 1.662085, -0.008057,
103.179102, 1.674976, 1.661279, -0.013696,
103.189649, 1.670142, 1.666919, -0.003223,
103.200299, 1.677393, 1.674976, -0.002417,
103.210869, 1.677393, 1.670947, -0.006445,
103.221432, 1.669336, 1.670142, 0.000806,
103.231873, 1.670142, 1.683838, 0.013696,
103.242226, 1.679004, 1.679810, 0.000806,
103.252768, 1.673364, 1.658057, -0.015308,
103.263367, 1.673364, 1.656445, -0.016919,
103.273922, 1.677393, 1.664502, -0.012891,
103.284528, 1.676587, 1.631470, -0.045117,
103.295099, 1.674976, 1.662085, -0.012891,
103.305736, 1.673364, 1.683838, 0.010474,
103.315986, 1.669336, 1.650000, -0.019336,
103.326647, 1.678198, 1.665308, -0.012891,
103.337314, 1.673364, 1.662085, -0.011279,
103.347977, 1.665308, 1.669336, 0.004028,
103.358319, 1.670142, 1.670947, 0.000806,
103.368652, 1.662085, 1.665308, 0.003223,
103.379094, 1.662085, 1.654834, -0.007251,
103.389652, 1.665308, 1.685449, 0.020142,
103.399994, 1.672559, 1.637109, -0.035449,
103.410652, 1.658862, 1.654834, -0.004028,
103.421221, 1.654028, 1.662085, 0.008057,
103.431735, 1.665308, 1.665308, 0.000000,
103.441982, 1.662891, 1.676587, 0.013696,
103.452529, 1.654834, 1.674976, 0.020142,
103.462959, 1.665308, 1.656445, -0.008862,
103.473430, 1.666919, 1.662085, -0.004834,
103.483974, 1.664502, 1.662085, -0.002417,
103.494434, 1.669336, 1.658057, -0.011279,
103.505063, 1.662085, 1.666919, 0.004834,
103.515317, 1.665308, 1.674170, 0.008862,
103.525742, 1.666113, 1.661279, -0.004834,
103.536436, 1.668530, 1.673364, 0.004834,
103.546871, 1.668530, 1.656445, -0.012085,
103.557538, 1.664502, 1.645166, -0.019336,
103.568089, 1.666113, 1.662891, -0.003223,
103.578741, 1.664502, 1.658862, -0.005640,
103.589283, 1.669336, 1.674976, 0.005640,
103.599576, 1.666113, 1.669336, 0.003223,
103.609867, 1.665308, 1.669336, 0.004028,
103.620214, 1.665308, 1.666113, 0.000806,
103.630647, 1.662891, 1.649194, -0.013696,
103.641213, 1.662085, 1.683032, 0.020947,
103.651737, 1.662085, 1.664502, 0.002417,
103.662146, 1.662085, 1.660474, -0.001611,
103.672641, 1.662891, 1.644360, -0.018530,
103.683218, 1.666113, 1.647583, -0.018530,
103.693751, 1.670947, 1.658862, -0.012085,
103.704430, 1.678198, 1.677393, -0.000806,
103.714979, 1.670947, 1.665308, -0.005640,
103.725575, 1.679004, 1.650806, -0.028198,
103.736215, 1.679004, 1.681421, 0.002417,
103.746648, 1.678198, 1.650000, -0.028198,
103.757315, 1.677393, 1.674976, -0.002417,
103.767866, 1.670142, 1.662085, -0.008057,
103.778534, 1.679004, 1.668530, -0.010474,
103.789088, 1.678198, 1.683838, 0.005640,
103.799431, 1.676587, 1.662891, -0.013696,
103.809982, 1.670142, 1.674170, 0.004028,
103.820319, 1.673364, 1.673364, 0.000000,
103.830648, 1.677393, 1.658057, -0.019336,
103.841211, 1.674170, 1.666919, -0.007251,
103.851969, 1.678198, 1.666919, -0.011279,
103.862570, 1.673364, 1.660474, -0.012891,
103.873094, 1.676587, 1.670947, -0.005640,
103.883758, 1.674976, 1.650000, -0.024976,
103.894312, 1.677393, 1.676587, -0.000806,
103.904974, 1.670142, 1.679004, 0.008862,
103.915324, 1.672559, 1.657251, -0.015308,
103.925970, 1.677393, 1.670142, -0.007251,
103.936550, 1.673364, 1.670142, -0.003223,
103.947227, 1.670947, 1.670142, -0.000806,
103.957865, 1.674976, 1.665308, -0.009668,
103.968488, 1.676587, 1.669336, -0.007251,
103.979096, 1.674170, 1.690283, 0.016113,
103.989509, 1.679810, 1.683838, 0.004028,
103.999757, 1.673364, 1.636304, -0.037061,
104.010314, 1.676587, 1.674170, -0.002417,
104.020865, 1.668530, 1.668530, 0.000000,
104.031301, 1.658862, 1.662085, 0.003223,
104.041647, 1.662891, 1.658862, -0.004028,
104.052417, 1.665308, 1.665308, 0.000000,
104.062692, 1.662891, 1.666113, 0.003223,
104.072981, 1.665308, 1.662085, -0.003223,
104.083535, 1.660474, 1.632275, -0.028198,
104.094099, 1.662085, 1.661279, -0.000806,
104.104751, 1.654834, 1.650000, -0.004834,
104.115218, 1.657251, 1.664502, 0.007251,
104.125621, 1.670142, 1.664502, -0.005640,
104.136305, 1.666919, 1.664502, -0.002417,
104.146985, 1.662891, 1.650806, -0.012085,
104.157645, 1.669336, 1.677393, 0.008057,
104.167985, 1.666113, 1.673364, 0.007251,
104.178439, 1.666113, 1.677393, 0.011279,
104.188753, 1.666113, 1.672559, 0.006445,
104.199009, 1.665308, 1.661279, -0.004028,
104.209650, 1.665308, 1.649194, -0.016113,
104.220218, 1.657251, 1.664502, 0.007251,
104.230648, 1.672559, 1.645166, -0.027393,
104.241219, 1.666113, 1.665308, -0.000806,
104.251978, 1.662085, 1.656445, -0.005640,
104.262582, 1.669336, 1.666919, -0.002417,
104.273096, 1.669336, 1.673364, 0.004028,
104.283552, 1.669336, 1.662085, -0.007251,
104.294100, 1.670142, 1.652417, -0.017725,
104.304753, 1.666919, 1.657251, -0.009668,
104.315250, 1.670142, 1.665308, -0.004834,
104.325845, 1.679810, 1.670947, -0.008862,
104.336440, 1.678198, 1.665308, -0.012891,
104.347105, 1.677393, 1.660474, -0.016919,
104.357750, 1.676587, 1.670142, -0.006445,
104.368321, 1.670947, 1.670947, 0.000000,
104.378743, 1.677393, 1.664502, -0.012891,
104.389317, 1.676587, 1.683032, 0.006445,
104.399652, 1.676587, 1.670947, -0.005640,
104.410220, 1.669336, 1.662891, -0.006445,
104.420748, 1.674170, 1.660474, -0.013696,
104.431409, 1.674976, 1.670142, -0.004834,
104.441874, 1.678198, 1.662085, -0.016113,
104.452649, 1.677393, 1.665308, -0.012085,
104.463246, 1.674976, 1.666113, -0.008862,
104.473759, 1.666113, 1.677393, 0.011279,
104.484218, 1.672559, 1.654834, -0.017725,
104.494757, 1.674976, 1.662085, -0.012891,
104.505435, 1.669336, 1.672559, 0.003223,
104.515746, 1.674170, 1.645166, -0.029004,
104.526350, 1.672559, 1.676587, 0.004028,
104.536759, 1.672559, 1.668530, -0.004028,
104.547422, 1.674976, 1.658862, -0.016113,
104.558107, 1.677393, 1.664502, -0.012891,
104.568686, 1.679004, 1.678198, -0.000806,
104.579332, 1.677393, 1.674170, -0.003223,
104.589869, 1.674170, 1.682227, 0.008057,
104.600300, 1.677393, 1.662085, -0.015308,
104.610870, 1.672559, 1.658862, -0.013696,
104.621439, 1.673364, 1.653223, -0.020142,
104.632221, 1.676587, 1.687866, 0.011279,
104.642550, 1.673364, 1.677393, 0.004028,
104.652991, 1.664502, 1.666919, 0.002417,
104.663371, 1.662891, 1.666113, 0.003223,
104.673652, 1.666113, 1.670947, 0.004834,
104.683987, 1.664502, 1.670947, 0.006445,
104.694268, 1.664502, 1.670142, 0.005640,
104.704651, 1.665308, 1.654834, -0.010474,
104.715217, 1.668530, 1.666919, -0.001611,
104.725843, 1.669336, 1.666113, -0.003223,
104.736435, 1.654028, 1.674976, 0.020947,
104.746879, 1.668530, 1.652417, -0.016113,
104.757543, 1.669336, 1.669336, 0.000000,
104.767871, 1.669336, 1.660474, -0.008862,
104.778529, 1.670142, 1.652417, -0.017725,
104.789100, 1.668530, 1.670142, 0.001611,
104.799434, 1.666113, 1.676587, 0.010474,
104.809763, 1.658862, 1.672559, 0.013696,
104.818988, 1.662891, 1.666113, 0.003223,
104.829348, 1.673364, 1.657251, -0.016113,
104.839997, 1.664502, 1.670142, 0.005640,
104.850533, 1.669336, 1.654834, -0.014502,
104.861100, 1.666919, 1.653223, -0.013696,
104.871654, 1.664502, 1.662891, -0.001611,
104.882226, 1.666113, 1.660474, -0.005640,
104.892764, 1.668530, 1.678198, 0.009668,
104.903106, 1.669336, 1.670947, 0.001611,
104.913444, 1.670142, 1.674170, 0.004028,
104.923761, 1.669336, 1.669336, 0.000000,
104.934216, 1.669336, 1.682227, 0.012891,
104.944657, 1.658862, 1.650000, -0.008862,
104.955328, 1.666919, 1.677393, 0.010474,
104.965717, 1.677393, 1.662085, -0.015308,
104.976430, 1.672559, 1.687866, 0.015308,
104.986753, 1.674976, 1.668530, -0.006445,
104.997218, 1.666113, 1.654028, -0.012085,
105.007869, 1.678198, 1.673364, -0.004834,
105.018448, 1.673364, 1.662085, -0.011279,
105.029097, 1.676587, 1.645972, -0.030615,
105.039759, 1.677393, 1.679004, 0.001611,
105.050240, 1.670142, 1.695923, 0.025781,
105.060538, 1.674976, 1.678198, 0.003223,
105.070873, 1.668530, 1.657251, -0.011279,
105.081544, 1.674170, 1.664502, -0.009668,
105.092100, 1.672559, 1.679004, 0.006445,
105.102576, 1.676587, 1.662085, -0.014502,
105.113097, 1.676587, 1.674976, -0.001611,
105.123658, 1.674170, 1.672559, -0.001611,
105.134372, 1.677393, 1.673364, -0.004028,
105.144989, 1.674170, 1.657251, -0.016919,
105.155654, 1.673364, 1.685449, 0.012085,
105.166094, 1.677393, 1.639526, -0.037866,
105.176730, 1.677393, 1.670947, -0.006445,
105.187218, 1.674976, 1.670947, -0.004028,
105.197751, 1.674170, 1.666113, -0.008057,
105.208326, 1.673364, 1.669336, -0.004028,
105.218873, 1.677393, 1.678198, 0.000806,
105.229322, 1.668530, 1.670947, 0.002417,
105.239757, 1.673364, 1.683838, 0.010474,
105.250305, 1.674170, 1.673364, -0.000806,
105.260869, 1.666919, 1.654834, -0.012085,
105.271438, 1.674170, 1.665308, -0.008862,
105.282088, 1.678198, 1.668530, -0.009668,
105.292659, 1.660474, 1.637109, -0.023364,
105.303321, 1.665308, 1.647583, -0.017725,
105.313871, 1.662085, 1.637915, -0.024170,
105.324444, 1.666919, 1.670142, 0.003223,
105.334872, 1.662891, 1.650806, -0.012085,
105.345535, 1.664502, 1.650000, -0.014502,
105.356223, 1.666113, 1.666113, 0.000000,
105.366625, 1.662085, 1.657251, -0.004834,
105.377216, 1.664502, 1.654834, -0.009668,
105.387760, 1.660474, 1.670142, 0.009668,
105.397999, 1.662891, 1.660474, -0.002417,
105.408640, 1.662891, 1.662085, -0.000806,
105.419110, 1.666919, 1.664502, -0.002417,
105.429787, 1.666113, 1.658862, -0.007251,
105.440444, 1.666113, 1.662085, -0.004028,
105.451218, 1.664502, 1.641943, -0.022559,
105.461764, 1.666919, 1.661279, -0.005640,
105.472320, 1.662891, 1.669336, 0.006445,
105.482767, 1.674976, 1.673364, -0.001611,
105.493319, 1.670142, 1.631470, -0.038672,
105.503991, 1.666113, 1.676587, 0.010474,
105.514328, 1.666113, 1.654834, -0.011279,
105.524873, 1.658862, 1.654834, -0.004028,
105.535539, 1.666113, 1.664502, -0.001611,
105.546222, 1.670142, 1.673364, 0.003223,
105.556660, 1.666919, 1.683838, 0.016919,
105.566987, 1.670142, 1.669336, -0.000806,
105.577643, 1.666113, 1.661279, -0.004834,
105.588115, 1.665308, 1.660474, -0.004834,
105.598657, 1.665308, 1.661279, -0.004028,
105.609226, 1.678198, 1.666113, -0.012085,
105.619761, 1.670947, 1.679810, 0.008862,
105.630222, 1.677393, 1.682227, 0.004834,
105.640657, 1.679004, 1.670142, -0.008862,
105.651439, 1.676587, 1.665308, -0.011279,
105.661992, 1.674976, 1.668530, -0.006445,
105.672549, 1.678198, 1.668530, -0.009668,
105.683104, 1.674170, 1.662891, -0.011279,
105.693678, 1.674976, 1.665308, -0.009668,
105.704324, 1.678198, 1.668530, -0.009668,
105.714888, 1.673364, 1.665308, -0.008057,
105.725533, 1.678198, 1.670142, -0.008057,
105.736133, 1.677393, 1.672559, -0.004834,
105.746756, 1.670142, 1.657251, -0.012891,
105.757463, 1.670947, 1.681421, 0.010474,
105.767807, 1.670142, 1.668530, -0.001611,
105.778438, 1.677393, 1.662891, -0.014502,
105.788993, 1.674170, 1.677393, 0.003223,
105.799333, 1.662891, 1.677393, 0.014502,
105.809691, 1.672559, 1.658862, -0.013696,
105.820217, 1.672559, 1.673364, 0.000806,
105.830659, 1.677393, 1.660474, -0.016919,
105.841222, 1.674170, 1.658862, -0.015308,
105.851983, 1.669336, 1.673364, 0.004028,
105.862367, 1.677393, 1.677393, 0.000000,
105.872667, 1.674976, 1.670947, -0.004028,
105.883326, 1.670947, 1.654834, -0.016113,
105.893876, 1.670947, 1.656445, -0.014502,
105.904541, 1.677393, 1.669336, -0.008057,
105.914991, 1.666113, 1.658862, -0.007251,
105.925633, 1.666919, 1.693506, 0.026587,
105.935991, 1.670947, 1.657251, -0.013696,
105.946670, 1.653223, 1.654834, 0.001611,
105.957105, 1.654834, 1.673364, 0.018530,
105.967447, 1.662891, 1.668530, 0.005640,
105.977866, 1.665308, 1.658862, -0.006445,
105.988357, 1.664502, 1.662085, -0.002417,
105.998881, 1.666919, 1.662085, -0.004834,
106.009447, 1.668530, 1.662085, -0.006445,
106.020016, 1.662085, 1.658057, -0.004028,
106.030662, 1.665308, 1.660474, -0.004834,
106.041222, 1.669336, 1.676587, 0.007251,
106.051749, 1.661279, 1.670142, 0.008862,
106.062142, 1.666919, 1.658057, -0.008862,
106.072660, 1.664502, 1.665308, 0.000806,
106.083103, 1.664502, 1.650806, -0.013696,
106.093665, 1.668530, 1.669336, 0.000806,
106.104100, 1.673364, 1.668530, -0.004834,
106.114667, 1.662891, 1.666919, 0.004028,
106.124991, 1.665308, 1.666113, 0.000806,
106.135447, 1.664502, 1.664502, 0.000000,
106.145874, 1.665308, 1.673364, 0.008057,
106.156362, 1.668530, 1.673364, 0.004834,
106.166728, 1.670142, 1.687060, 0.016919,
106.177109, 1.662891, 1.662085, -0.000806,
106.187658, 1.664502, 1.662085, -0.002417,
106.198225, 1.668530, 1.662085, -0.006445,
106.208793, 1.670947, 1.662085, -0.008862,
106.219340, 1.669336, 1.674976, 0.005640,
106.229757, 1.657251, 1.662085, 0.004834,
106.240112, 1.672559, 1.657251, -0.015308,
106.250846, 1.681421, 1.662085, -0.019336,
106.261446, 1.678198, 1.664502, -0.013696,
106.271998, 1.672559, 1.674976, 0.002417,
106.282462, 1.673364, 1.650000, -0.023364,
106.292992, 1.674976, 1.676587, 0.001611,
106.303440, 1.668530, 1.662891, -0.005640,
106.314003, 1.672559, 1.666113, -0.006445,
106.324536, 1.678198, 1.693506, 0.015308,
106.334992, 1.673364, 1.662891, -0.010474,
106.345654, 1.678198, 1.654834, -0.023364,
106.356330, 1.674976, 1.678198, 0.003223,
106.366756, 1.677393, 1.666113, -0.011279,
106.377429, 1.674170, 1.670947, -0.003223,
106.387877, 1.664502, 1.662085, -0.002417,
106.398448, 1.674170, 1.664502, -0.009668,
106.408996, 1.677393, 1.674170, -0.003223,
106.419538, 1.668530, 1.660474, -0.008057,
106.430108, 1.677393, 1.669336, -0.008057,
106.440666, 1.666919, 1.702368, 0.035449,
106.451220, 1.678198, 1.670947, -0.007251,
106.461761, 1.670142, 1.658057, -0.012085,
106.472335, 1.674170, 1.666113, -0.008057,
106.482992, 1.669336, 1.661279, -0.008057,
106.493558, 1.676587, 1.674170, -0.002417,
106.504227, 1.678198, 1.660474, -0.017725,
106.514762, 1.674170, 1.662085, -0.012085,
106.525311, 1.677393, 1.670142, -0.007251,
106.535994, 1.678198, 1.662085, -0.016113,
106.546663, 1.676587, 1.668530, -0.008057,
106.557334, 1.669336, 1.670142, 0.000806,
106.567674, 1.662891, 1.662891, 0.000000,
106.578080, 1.662891, 1.654834, -0.008057,
106.588549, 1.662085, 1.666113, 0.004028,
106.598904, 1.654028, 1.656445, 0.002417,
106.609356, 1.660474, 1.666113, 0.005640,
106.619658, 1.664502, 1.665308, 0.000806,
106.630014, 1.669336, 1.657251, -0.012085,
106.640662, 1.662085, 1.670947, 0.008862,
106.651226, 1.670142, 1.662085, -0.008057,
106.661762, 1.664502, 1.670142, 0.005640,
106.672010, 1.664502, 1.670142, 0.005640,
106.682451, 1.661279, 1.632275, -0.029004,
106.692760, 1.668530, 1.670947, 0.002417,
106.701663, 1.666113, 1.654834, -0.011279,
106.712225, 1.669336, 1.658057, -0.011279,
106.722782, 1.662891, 1.677393, 0.014502,
106.733107, 1.665308, 1.670947, 0.005640,
106.743574, 1.665308, 1.647583, -0.017725,
106.754224, 1.662891, 1.662891, 0.000000,
106.764543, 1.664502, 1.673364, 0.008862,
106.774883, 1.669336, 1.647583, -0.021753,
106.785451, 1.666919, 1.661279, -0.005640,
106.795997, 1.665308, 1.661279, -0.004028,
106.806655, 1.666919, 1.662085, -0.004834,
106.817228, 1.665308, 1.645972, -0.019336,
106.827626, 1.664502, 1.669336, 0.004834,
106.837996, 1.669336, 1.650000, -0.019336,
106.848666, 1.666919, 1.654834, -0.012085,
106.859332, 1.668530, 1.661279, -0.007251,
106.869888, 1.666113, 1.666113, 0.000000,
106.880329, 1.662891, 1.658862, -0.004028,
106.890894, 1.670947, 1.679004, 0.008057,
106.901295, 1.678198, 1.656445, -0.021753,
106.911765, 1.676587, 1.664502, -0.012085,
106.922239, 1.677393, 1.670142, -0.007251,
106.933000, 1.674976, 1.670142, -0.004834,
106.943654, 1.677393, 1.662085, -0.015308,
106.954340, 1.669336, 1.666113, -0.003223,
106.964962, 1.678198, 1.664502, -0.013696,
106.975539, 1.674170, 1.661279, -0.012891,
106.986106, 1.673364, 1.676587, 0.003223,
106.996449, 1.677393, 1.664502, -0.012891,
107.007107, 1.670947, 1.673364, 0.002417,
107.017441, 1.670947, 1.666919, -0.004028,
107.027993, 1.670142, 1.658862, -0.011279,
107.038658, 1.677393, 1.666919, -0.010474,
107.049322, 1.676587, 1.668530, -0.008057,
107.059993, 1.670947, 1.674976, 0.004028,
107.070377, 1.673364, 1.658057, -0.015308,
107.081002, 1.677393, 1.648389, -0.029004,
107.091557, 1.669336, 1.666113, -0.003223,
107.102226, 1.673364, 1.670142, -0.003223,
107.112775, 1.672559, 1.686255, 0.013696,
107.123114, 1.669336, 1.679004, 0.009668,
107.133759, 1.670947, 1.666919, -0.004028,
107.144449, 1.674170, 1.670142, -0.004028,
107.155107, 1.677393, 1.661279, -0.016113,
107.165689, 1.676587, 1.662891, -0.013696,
107.176308, 1.677393, 1.683838, 0.006445,
107.186666, 1.677393, 1.666919, -0.010474,
107.197230, 1.669336, 1.670142, 0.000806,
107.207662, 1.654834, 1.670947, 0.016113,
107.217989, 1.662085, 1.662891, 0.000806,
107.228339, 1.665308, 1.650806, -0.014502,
107.238999, 1.662891, 1.698340, 0.035449,
107.249442, 1.664502, 1.654834, -0.009668,
107.259996, 1.661279, 1.657251, -0.004028,
107.270550, 1.664502, 1.662085, -0.002417,
107.281219, 1.666113, 1.662891, -0.003223,
107.291780, 1.668530, 1.658057, -0.010474,
107.302444, 1.668530, 1.662891, -0.005640,
107.313000, 1.656445, 1.666113, 0.009668,
107.323342, 1.658862, 1.670947, 0.012085,
107.333883, 1.662891, 1.656445, -0.006445,
107.344542, 1.666919, 1.660474, -0.006445,
107.355233, 1.666113, 1.670947, 0.004834,
107.365595, 1.664502, 1.691895, 0.027393,
107.376002, 1.666919, 1.662085, -0.004834,
107.386560, 1.664502, 1.669336, 0.004834,
107.396903, 1.670142, 1.647583, -0.022559,
107.407551, 1.669336, 1.678198, 0.008862,
107.417886, 1.670142, 1.664502, -0.005640,
107.428540, 1.662085, 1.658057, -0.004028,
107.439121, 1.670142, 1.654834, -0.015308,
107.449768, 1.666919, 1.664502, -0.002417,
107.460345, 1.665308, 1.665308, 0.000000,
107.470665, 1.668530, 1.656445, -0.012085,
107.481338, 1.668530, 1.670947, 0.002417,
107.491666, 1.669336, 1.664502, -0.004834,
107.502341, 1.669336, 1.670947, 0.001611,
107.512663, 1.664502, 1.657251, -0.007251,
107.523223, 1.666919, 1.649194, -0.017725,
107.533998, 1.678198, 1.658862, -0.019336,
107.544674, 1.674976, 1.639526, -0.035449,
107.555331, 1.677393, 1.669336, -0.008057,
107.565969, 1.683032, 1.672559, -0.010474,
107.576526, 1.677393, 1.660474, -0.016919,
107.586997, 1.676587, 1.682227, 0.005640,
107.597327, 1.676587, 1.664502, -0.012085,
107.607901, 1.668530, 1.677393, 0.008862,
107.618234, 1.676587, 1.690283, 0.013696,
107.628672, 1.670947, 1.660474, -0.010474,
107.639343, 1.668530, 1.668530, 0.000000,
107.649766, 1.670947, 1.662085, -0.008862,
107.660414, 1.676587, 1.661279, -0.015308,
107.671005, 1.678198, 1.665308, -0.012891,
107.681670, 1.674170, 1.662085, -0.012085,
107.692229, 1.673364, 1.670947, -0.002417,
107.702876, 1.677393, 1.673364, -0.004028,
107.713449, 1.668530, 1.670947, 0.002417,
107.723704, 1.673364, 1.676587, 0.003223,
107.734232, 1.678198, 1.665308, -0.012891,
107.744882, 1.677393, 1.677393, 0.000000,
107.755332, 1.672559, 1.668530, -0.004028,
107.765903, 1.672559, 1.676587, 0.004028,
107.776315, 1.679004, 1.670947, -0.008057,
107.786891, 1.677393, 1.670142, -0.007251,
107.797450, 1.670142, 1.670142, 0.000000,
107.807766, 1.674170, 1.676587, 0.002417,
107.818062, 1.674976, 1.677393, 0.002417,
107.828447, 1.673364, 1.664502, -0.008862,
107.839112, 1.673364, 1.677393, 0.004028,
107.849548, 1.677393, 1.666919, -0.010474,
107.860121, 1.669336, 1.668530, -0.000806,
107.870671, 1.669336, 1.647583, -0.021753,
107.881338, 1.662891, 1.660474, -0.002417,
107.891885, 1.664502, 1.664502, 0.000000,
107.902224, 1.662085, 1.668530, 0.006445,
107.912558, 1.658057, 1.666919, 0.008862,
107.922887, 1.661279, 1.662085, 0.000806,
107.933444, 1.654834, 1.666919, 0.012085,
107.943882, 1.669336, 1.666113, -0.003223,
107.954560, 1.664502, 1.664502, 0.000000,
107.964855, 1.669336, 1.662891, -0.006445,
107.975421, 1.668530, 1.668530, 0.000000,
107.985702, 1.666919, 1.683838, 0.016919,
107.995997, 1.670142, 1.666113, -0.004028,
108.006639, 1.660474, 1.669336, 0.008862,
108.016994, 1.664502, 1.670142, 0.005640,
108.027440, 1.665308, 1.662891, -0.002417,
108.038007, 1.657251, 1.665308, 0.008057,
108.048441, 1.665308, 1.670142, 0.004834,
108.058894, 1.668530, 1.661279, -0.007251,
108.069450, 1.670142, 1.666919, -0.003223,
108.080115, 1.670142, 1.657251, -0.012891,
108.090674, 1.666919, 1.683838, 0.016919,
108.101090, 1.669336, 1.654834, -0.014502,
108.111564, 1.666919, 1.670142, 0.003223,
108.121880, 1.669336, 1.652417, -0.016919,
108.132665, 1.670142, 1.670947, 0.000806,
108.142999, 1.666919, 1.662085, -0.004834,
108.153754, 1.669336, 1.669336, 0.000000,
108.164052, 1.672559, 1.656445, -0.016113,
108.174560, 1.677393, 1.676587, -0.000806,
108.185122, 1.676587, 1.673364, -0.003223,
108.195673, 1.676587, 1.662085, -0.014502,
108.206342, 1.677393, 1.677393, 0.000000,
108.216566, 1.670142, 1.664502, -0.005640,
108.227222, 1.674976, 1.683032, 0.008057,
108.237556, 1.677393, 1.665308, -0.012085,
108.248253, 1.674976, 1.666919, -0.008057,
108.258885, 1.678198, 1.649194, -0.029004,
108.269449, 1.676587, 1.691089, 0.014502,
108.279870, 1.669336, 1.662891, -0.006445,
108.290445, 1.668530, 1.664502, -0.004028,
108.301040, 1.664502, 1.670142, 0.005640,
108.311341, 1.673364, 1.660474, -0.012891,
108.321887, 1.678198, 1.668530, -0.009668,
108.332670, 1.672559, 1.664502, -0.008057,
108.343334, 1.664502, 1.672559, 0.008057,
108.353762, 1.678198, 1.643555, -0.034644,
108.364346, 1.672559, 1.658057, -0.014502,
108.374885, 1.674170, 1.677393, 0.003223,
108.385230, 1.673364, 1.654834, -0.018530,
108.395779, 1.677393, 1.662085, -0.015308,
108.406456, 1.665308, 1.673364, 0.008057,
108.416775, 1.670142, 1.678198, 0.008057,
108.427126, 1.670142, 1.658057, -0.012085,
108.437778, 1.674976, 1.650000, -0.024976,
108.448465, 1.670947, 1.676587, 0.005640,
108.458887, 1.670947, 1.645166, -0.025781,
108.469453, 1.674976, 1.676587, 0.001611,
108.479855, 1.674976, 1.658862, -0.016113,
108.490460, 1.664502, 1.686255, 0.021753,
108.500863, 1.666113, 1.669336, 0.003223,
108.511147, 1.654834, 1.656445, 0.001611,
108.521456, 1.654834, 1.676587, 0.021753,
108.532003, 1.662085, 1.672559, 0.010474,
108.542339, 1.658057, 1.650000, -0.008057,
108.553110, 1.666919, 1.664502, -0.002417,
108.563697, 1.665308, 1.657251, -0.008057,
108.574229, 1.670142, 1.662085, -0.008057,
108.584894, 1.668530, 1.683032, 0.014502,
108.595237, 1.670142, 1.629858, -0.040283,
108.605894, 1.670142, 1.689478, 0.019336,
108.616242, 1.670142, 1.656445, -0.013696,
108.626890, 1.662891, 1.666919, 0.004028,
108.637343, 1.670947, 1.654028, -0.016919,
108.648000, 1.668530, 1.677393, 0.008862,
108.658456, 1.666919, 1.660474, -0.006445,
108.668999, 1.669336, 1.670142, 0.000806,
108.679427, 1.668530, 1.669336, 0.000806,
108.689675, 1.661279, 1.666919, 0.005640,
108.700004, 1.668530, 1.670947, 0.002417,
108.710447, 1.670947, 1.678198, 0.007251,
108.720776, 1.672559, 1.665308, -0.007251,
108.731540, 1.666919, 1.664502, -0.002417,
108.742113, 1.670142, 1.676587, 0.006445,
108.752631, 1.670142, 1.666113, -0.004028,
108.763203, 1.666113, 1.664502, -0.001611,
108.773779, 1.662891, 1.670947, 0.008057,
108.784133, 1.665308, 1.666919, 0.001611,
108.794456, 1.661279, 1.661279, 0.000000,
108.804776, 1.683032, 1.676587, -0.006445,
108.815339, 1.677393, 1.672559, -0.004834,
108.826005, 1.679004, 1.674976, -0.004028,
108.836454, 1.673364, 1.658057, -0.015308,
108.847114, 1.676587, 1.668530, -0.008057,
108.857768, 1.670142, 1.665308, -0.004834,
108.868345, 1.674976, 1.658057, -0.016919,
108.879004, 1.672559, 1.674170, 0.001611,
108.889344, 1.673364, 1.647583, -0.025781,
108.899888, 1.681421, 1.672559, -0.008862,
108.910451, 1.682227, 1.678198, -0.004028,
108.921000, 1.678198, 1.672559, -0.005640,
108.931726, 1.672559, 1.661279, -0.011279,
108.942234, 1.676587, 1.678198, 0.001611,
108.953123, 1.665308, 1.665308, 0.000000,
108.963475, 1.676587, 1.665308, -0.011279,
108.974014, 1.670947, 1.673364, 0.002417,
108.984452, 1.672559, 1.665308, -0.007251,
108.995012, 1.674170, 1.679810, 0.005640,
109.005455, 1.676587, 1.668530, -0.008057,
109.016005, 1.682227, 1.670142, -0.012085,
109.026670, 1.665308, 1.673364, 0.008057,
109.037123, 1.674170, 1.670142, -0.004028,
109.047766, 1.674170, 1.649194, -0.024976,
109.058452, 1.677393, 1.677393, 0.000000,
109.068770, 1.670142, 1.672559, 0.002417,
109.079123, 1.674170, 1.656445, -0.017725,
109.089667, 1.670947, 1.683838, 0.012891,
109.100015, 1.672559, 1.641138, -0.031421,
109.110670, 1.677393, 1.645972, -0.031421,
109.121237, 1.670142, 1.670947, 0.000806,
109.131845, 1.668530, 1.664502, -0.004028,
109.142335, 1.665308, 1.676587, 0.011279,
109.152881, 1.665308, 1.658862, -0.006445,
109.163479, 1.662085, 1.664502, 0.002417,
109.173768, 1.665308, 1.674170, 0.008862,
109.184117, 1.664502, 1.650000, -0.014502,
109.194681, 1.670142, 1.649194, -0.020947,
109.205343, 1.666919, 1.661279, -0.005640,
109.215890, 1.666113, 1.640332, -0.025781,
109.226521, 1.662891, 1.662085, -0.000806,
109.237118, 1.666919, 1.679004, 0.012085,
109.247553, 1.662891, 1.664502, 0.001611,
109.258009, 1.664502, 1.670142, 0.005640,
109.268344, 1.669336, 1.673364, 0.004028,
109.278768, 1.662891, 1.645972, -0.016919,
109.289333, 1.668530, 1.672559, 0.004028,
109.299675, 1.658862, 1.654834, -0.004028,
109.310337, 1.669336, 1.661279, -0.008057,
109.320888, 1.669336, 1.661279, -0.008057,
109.331645, 1.670142, 1.662085, -0.008057,
109.342110, 1.669336, 1.665308, -0.004028,
109.352769, 1.662891, 1.660474, -0.002417,
109.363408, 1.662891, 1.654834, -0.008057,
109.373889, 1.662085, 1.668530, 0.006445,
109.384229, 1.669336, 1.662085, -0.007251,
109.394780, 1.666919, 1.656445, -0.010474,
109.405454, 1.670947, 1.662085, -0.008862,
109.416006, 1.662891, 1.647583, -0.015308,
109.426686, 1.664502, 1.674170, 0.009668,
109.437119, 1.666919, 1.658057, -0.008862,
109.447772, 1.676587, 1.654834, -0.021753,
109.458456, 1.682227, 1.669336, -0.012891,
109.469002, 1.677393, 1.670142, -0.007251,
109.479666, 1.670947, 1.668530, -0.002417,
109.490236, 1.677393, 1.647583, -0.029810,
109.500858, 1.674976, 1.665308, -0.009668,
109.511346, 1.666113, 1.662891, -0.003223,
109.521893, 1.677393, 1.670142, -0.007251,
109.532674, 1.678198, 1.666919, -0.011279,
109.543344, 1.677393, 1.654028, -0.023364,
109.554005, 1.670142, 1.666919, -0.003223,
109.564581, 1.673364, 1.665308, -0.008057,
109.575211, 1.677393, 1.677393, 0.000000,
109.585460, 1.677393, 1.673364, -0.004028,
109.596012, 1.669336, 1.664502, -0.004834,
109.606662, 1.678198, 1.664502, -0.013696,
109.617245, 1.674976, 1.673364, -0.001611,
109.627897, 1.674976, 1.662891, -0.012085,
109.638566, 1.670947, 1.637109, -0.033838,
109.649235, 1.674976, 1.660474, -0.014502,
109.659895, 1.678198, 1.664502, -0.013696,
109.670465, 1.676587, 1.662891, -0.013696,
109.681128, 1.674170, 1.653223, -0.020947,
109.691687, 1.679004, 1.670142, -0.008862,
109.702344, 1.678198, 1.654028, -0.024170,
109.712904, 1.665308, 1.654028, -0.011279,
109.723459, 1.677393, 1.676587, -0.000806,
109.734118, 1.662891, 1.670947, 0.008057,
109.744561, 1.673364, 1.660474, -0.012891,
109.755256, 1.673364, 1.677393, 0.004028,
109.765643, 1.664502, 1.645972, -0.018530,
109.776242, 1.670947, 1.654834, -0.016113,
109.786782, 1.665308, 1.661279, -0.004028,
109.797344, 1.658862, 1.654834, -0.004028,
109.807940, 1.664502, 1.674170, 0.009668,
109.818249, 1.662085, 1.668530, 0.006445,
109.828676, 1.658862, 1.657251, -0.001611,
109.839353, 1.668530, 1.670947, 0.002417,
109.849782, 1.666113, 1.687866, 0.021753,
109.860130, 1.662891, 1.681421, 0.018530,
109.870532, 1.662085, 1.662891, 0.000806,
109.880901, 1.665308, 1.658862, -0.006445,
109.891461, 1.668530, 1.660474, -0.008057,
109.902128, 1.669336, 1.658862, -0.010474,
109.912684, 1.661279, 1.647583, -0.013696,
109.923247, 1.665308, 1.662085, -0.003223,
109.934008, 1.662891, 1.661279, -0.001611,
109.944677, 1.666113, 1.662085, -0.004028,
109.955343, 1.662891, 1.633081, -0.029809,
109.965994, 1.668530, 1.664502, -0.004028,
109.976674, 1.664502, 1.656445, -0.008057,
109.987241, 1.669336, 1.664502, -0.004834,
109.997779, 1.662891, 1.662085, -0.000806,
110.008357, 1.666919, 1.672559, 0.005640,
110.018692, 1.662891, 1.637109, -0.025781,
110.029353, 1.666113, 1.672559, 0.006445,
110.039784, 1.662891, 1.669336, 0.006445,
110.050332, 1.666113, 1.662085, -0.004028,
110.060897, 1.662085, 1.660474, -0.001611,
110.071460, 1.670947, 1.654028, -0.016919,
110.082150, 1.665308, 1.661279, -0.004028,
110.092679, 1.677393, 1.674976, -0.002417,
110.103321, 1.674976, 1.662085, -0.012891,
110.113892, 1.678198, 1.660474, -0.017725,
110.124450, 1.670947, 1.662085, -0.008862,
110.135211, 1.678198, 1.649194, -0.029004,
110.145876, 1.676587, 1.662085, -0.014502,
110.156579, 1.674170, 1.666919, -0.007251,
110.167228, 1.677393, 1.666919, -0.010474,
110.177888, 1.673364, 1.670142, -0.003223,
110.188463, 1.676587, 1.658057, -0.018530,
110.199011, 1.679004, 1.669336, -0.009668,
110.209679, 1.678198, 1.668530, -0.009668,
110.220244, 1.677393, 1.666919, -0.010474,
110.230895, 1.670947, 1.658862, -0.012085,
110.241466, 1.673364, 1.670142, -0.003223,
110.252209, 1.670947, 1.662891, -0.008057,
110.262820, 1.674170, 1.665308, -0.008862,
110.273341, 1.670142, 1.654834, -0.015308,
110.284012, 1.668530, 1.679004, 0.010474,
110.294335, 1.662891, 1.677393, 0.014502,
110.304780, 1.674170, 1.677393, 0.003223,
110.315018, 1.674170, 1.666919, -0.007251,
110.325651, 1.670142, 1.666919, -0.003223,
110.336242, 1.673364, 1.666919, -0.006445,
110.346924, 1.669336, 1.664502, -0.004834,
110.357566, 1.672559, 1.679810, 0.007251,
110.367904, 1.674170, 1.656445, -0.017725,
110.378557, 1.673364, 1.662085, -0.011279,
110.389131, 1.674976, 1.672559, -0.002417,
110.399680, 1.670947, 1.662891, -0.008057,
110.410267, 1.662085, 1.660474, -0.001611,
110.420784, 1.661279, 1.650806, -0.010474,
110.431432, 1.662085, 1.654834, -0.007251,
110.442017, 1.653223, 1.687866, 0.034644,
110.452564, 1.666919, 1.660474, -0.006445,
110.463199, 1.665308, 1.649194, -0.016113,
110.473775, 1.664502, 1.670947, 0.006445,
110.484239, 1.665308, 1.660474, -0.004834,
110.494785, 1.665308, 1.670947, 0.005640,
110.505238, 1.666919, 1.654028, -0.012891,
110.515786, 1.665308, 1.670142, 0.004834,
110.526239, 1.660474, 1.666113, 0.005640,
110.536687, 1.664502, 1.660474, -0.004028,
110.547342, 1.666919, 1.670142, 0.003223,
110.557782, 1.668530, 1.670142, 0.001611,
110.568126, 1.670142, 1.673364, 0.003223,
110.578556, 1.666113, 1.637109, -0.029004,
110.589128, 1.666113, 1.676587, 0.010474,
110.599472, 1.669336, 1.658862, -0.010474,
110.610091, 1.662891, 1.668530, 0.005640,
110.620337, 1.662085, 1.665308, 0.003223,
110.630753, 1.670142, 1.640332, -0.029810,
110.641347, 1.666919, 1.669336, 0.002417,
110.651894, 1.657251, 1.654834, -0.002417,
110.662503, 1.666919, 1.656445, -0.010474,
110.673033, 1.668530, 1.670947, 0.002417,
110.683407, 1.670947, 1.660474, -0.010474,
110.693887, 1.658862, 1.645166, -0.013696,
110.704140, 1.661279, 1.674976, 0.013696,
110.714466, 1.669336, 1.657251, -0.012085,
110.725006, 1.674976, 1.668530, -0.006445,
110.735676, 1.674170, 1.670142, -0.004028,
110.746348, 1.677393, 1.658057, -0.019336,
110.757008, 1.673364, 1.670947, -0.002417,
110.767578, 1.670947, 1.654834, -0.016113,
110.778250, 1.672559, 1.681421, 0.008862,
110.788579, 1.662891, 1.665308, 0.002417,
110.798894, 1.673364, 1.666919, -0.006445,
110.809468, 1.677393, 1.669336, -0.008057,
110.820009, 1.679004, 1.666113, -0.012891,
110.830679, 1.677393, 1.665308, -0.012085,
110.841322, 1.674170, 1.679004, 0.004834,
110.851879, 1.670947, 1.674170, 0.003223,
110.862290, 1.673364, 1.678198, 0.004834,
110.872563, 1.670947, 1.672559, 0.001611,
110.882898, 1.678198, 1.665308, -0.012891,
110.893462, 1.670947, 1.668530, -0.002417,
110.904134, 1.670142, 1.645972, -0.024170,
110.914677, 1.679004, 1.662891, -0.016113,
110.925326, 1.674976, 1.670142, -0.004834,
110.935919, 1.679004, 1.682227, 0.003223,
110.946349, 1.673364, 1.669336, -0.004028,
110.957011, 1.677393, 1.670142, -0.007251,
110.967580, 1.668530, 1.662891, -0.005640,
110.978237, 1.677393, 1.679004, 0.001611,
110.988567, 1.664502, 1.673364, 0.008862,
110.998906, 1.670142, 1.674976, 0.004834,
111.009266, 1.669336, 1.669336, 0.000000,
111.019584, 1.676587, 1.674170, -0.002417,
111.030244, 1.676587, 1.669336, -0.007251,
111.040908, 1.677393, 1.691089, 0.013696,
111.051468, 1.662085, 1.666919, 0.004834,
111.061780, 1.662085, 1.662085, 0.000000,
111.072056, 1.664502, 1.661279, -0.003223,
111.082689, 1.657251, 1.662891, 0.005640,
111.093011, 1.665308, 1.666919, 0.001611,
111.103469, 1.654834, 1.662891, 0.008057,
111.113789, 1.664502, 1.662085, -0.002417,
111.124348, 1.658057, 1.672559, 0.014502,
111.134897, 1.666113, 1.650806, -0.015308,
111.145565, 1.656445, 1.658862, 0.002417,
111.156016, 1.662085, 1.665308, 0.003223,
111.166367, 1.664502, 1.657251, -0.007251,
111.177000, 1.657251, 1.658862, 0.001611,
111.187343, 1.666113, 1.658862, -0.007251,
111.197913, 1.665308, 1.658862, -0.006445,
111.208565, 1.662891, 1.664502, 0.001611,
111.218897, 1.668530, 1.662891, -0.005640,
111.229569, 1.658862, 1.660474, 0.001611,
111.240014, 1.665308, 1.662085, -0.003223,
111.250771, 1.662085, 1.650000, -0.012085,
111.261347, 1.662085, 1.647583, -0.014502,
111.271891, 1.666919, 1.670142, 0.003223,
111.282334, 1.673364, 1.662891, -0.010474,
111.292899, 1.670142, 1.682227, 0.012085,
111.303344, 1.666919, 1.654834, -0.012085,
111.313897, 1.660474, 1.669336, 0.008862,
111.324253, 1.660474, 1.677393, 0.016919,
111.334763, 1.658057, 1.658862, 0.000806,
111.345173, 1.668530, 1.661279, -0.007251,
111.355791, 1.658057, 1.661279, 0.003223,
111.366134, 1.678198, 1.668530, -0.009668,
111.376755, 1.679004, 1.670947, -0.008057,
111.387244, 1.677393, 1.670947, -0.006445,
111.397780, 1.670142, 1.654028, -0.016113,
111.408352, 1.679004, 1.673364, -0.005640,
111.418905, 1.679810, 1.679810, 0.000000,
111.429346, 1.673364, 1.661279, -0.012085,
111.440016, 1.674170, 1.670947, -0.003223,
111.450772, 1.679004, 1.666919, -0.012085,
111.461356, 1.672559, 1.664502, -0.008057,
111.471902, 1.665308, 1.670142, 0.004834,
111.482264, 1.674170, 1.662085, -0.012085,
111.492780, 1.665308, 1.666919, 0.001611,
111.503245, 1.670142, 1.672559, 0.002417,
111.513571, 1.668530, 1.660474, -0.008057,
111.524165, 1.679004, 1.664502, -0.014502,
111.534899, 1.673364, 1.657251, -0.016113,
111.545569, 1.670142, 1.662085, -0.008057,
111.556246, 1.673364, 1.678198, 0.004834,
111.566595, 1.669336, 1.662085, -0.007251,
111.577241, 1.662085, 1.658862, -0.003223,
111.587781, 1.672559, 1.649194, -0.023364,
111.598350, 1.672559, 1.654834, -0.017725,
111.609031, 1.668530, 1.665308, -0.003223,
111.619562, 1.670142, 1.673364, 0.003223,
111.630011, 1.672559, 1.657251, -0.015308,
111.640684, 1.674170, 1.670142, -0.004028,
111.651466, 1.666113, 1.668530, 0.002417,
111.661781, 1.676587, 1.670142, -0.006445,
111.672357, 1.678198, 1.677393, -0.000806,
111.683016, 1.674976, 1.670142, -0.004834,
111.693564, 1.676587, 1.677393, 0.000806,
111.703931, 1.662085, 1.664502, 0.002417,
111.714247, 1.665308, 1.647583, -0.017725,
111.724790, 1.662085, 1.683838, 0.021753,
111.735256, 1.665308, 1.670142, 0.004834,
111.745675, 1.657251, 1.653223, -0.004028,
111.756346, 1.666113, 1.662891, -0.003223,
111.766952, 1.661279, 1.650000, -0.011279,
111.777563, 1.661279, 1.673364, 0.012085,
111.787909, 1.664502, 1.670142, 0.005640,
111.798247, 1.664502, 1.658057, -0.006445,
111.808883, 1.662891, 1.687060, 0.024170,
111.819254, 1.666919, 1.664502, -0.002417,
111.829897, 1.666919, 1.649194, -0.017725,
111.840465, 1.672559, 1.658862, -0.013696,
111.851240, 1.670142, 1.661279, -0.008862,
111.861787, 1.661279, 1.657251, -0.004028,
111.872341, 1.669336, 1.661279, -0.008057,
111.883013, 1.670142, 1.652417, -0.017725,
111.893563, 1.666113, 1.670142, 0.004028,
111.903906, 1.664502, 1.669336, 0.004834,
111.914256, 1.666919, 1.668530, 0.001611,
111.924565, 1.664502, 1.670142, 0.005640,
111.935011, 1.668530, 1.636304, -0.032227,
111.945681, 1.668530, 1.656445, -0.012085,
111.956345, 1.665308, 1.679810, 0.014502,
111.966751, 1.662891, 1.660474, -0.002417,
111.977343, 1.668530, 1.665308, -0.003223,
111.987904, 1.662085, 1.660474, -0.001611,
111.998471, 1.666113, 1.660474, -0.005640,
112.009126, 1.679810, 1.673364, -0.006445,
112.019676, 1.674170, 1.666919, -0.007251,
112.030321, 1.681421, 1.662085, -0.019336,
112.040897, 1.683032, 1.682227, -0.000806,
112.051719, 1.677393, 1.665308, -0.012085,
112.062289, 1.674976, 1.662085, -0.012891,
112.072791, 1.673364, 1.670947, -0.002417,
112.083468, 1.677393, 1.673364, -0.004028,
112.094030, 1.679810, 1.670142, -0.009668,
112.104684, 1.679004, 1.665308, -0.013696,
112.115269, 1.670947, 1.674976, 0.004028,
112.125668, 1.674976, 1.668530, -0.006445,
112.136353, 1.677393, 1.662085, -0.015308,
112.147012, 1.677393, 1.662085, -0.015308,
112.157693, 1.674976, 1.670947, -0.004028,
112.168349, 1.679004, 1.661279, -0.017725,
112.179014, 1.670947, 1.676587, 0.005640,
112.189355, 1.674976, 1.677393, 0.002417,
112.199688, 1.672559, 1.672559, 0.000000,
112.210018, 1.674976, 1.639526, -0.035449,
112.220576, 1.674976, 1.677393, 0.002417,
112.231016, 1.670947, 1.679004, 0.008057,
112.241464, 1.666113, 1.683032, 0.016919,
112.252006, 1.674976, 1.661279, -0.013696,
112.262602, 1.676587, 1.668530, -0.008057,
112.273137, 1.670142, 1.682227, 0.012085,
112.283567, 1.672559, 1.666919, -0.005640,
112.294132, 1.676587, 1.654028, -0.022559,
112.304791, 1.674976, 1.662085, -0.012891,
112.315347, 1.674976, 1.665308, -0.009668,
112.326017, 1.662891, 1.664502, 0.001611,
112.336472, 1.662085, 1.664502, 0.002417,
112.346903, 1.666919, 1.668530, 0.001611,
112.357351, 1.664502, 1.670947, 0.006445,
112.367684, 1.658862, 1.662085, 0.003223,
112.378123, 1.666919, 1.650806, -0.016113,
112.388681, 1.654834, 1.654834, 0.000000,
112.398904, 1.662891, 1.670142, 0.007251,
112.409258, 1.666919, 1.666919, 0.000000,
112.419563, 1.662891, 1.677393, 0.014502,
112.430033, 1.670142, 1.657251, -0.012891,
112.440683, 1.666919, 1.668530, 0.001611,
112.451245, 1.666113, 1.668530, 0.002417,
112.461570, 1.670142, 1.658862, -0.011279,
112.472126, 1.666919, 1.643555, -0.023364,
112.482787, 1.664502, 1.660474, -0.004028,
112.493359, 1.664502, 1.633081, -0.031421,
112.504013, 1.666113, 1.660474, -0.005640,
112.514568, 1.666113, 1.657251, -0.008862,
112.525207, 1.670142, 1.679004, 0.008862,
112.535569, 1.665308, 1.670947, 0.005640,
112.546014, 1.666113, 1.662085, -0.004028,
112.556646, 1.666113, 1.670142, 0.004028,
112.567030, 1.664502, 1.669336, 0.004834,
112.577462, 1.665308, 1.648389, -0.016919,
112.588028, 1.673364, 1.660474, -0.012891,
112.598578, 1.665308, 1.631470, -0.033838,
112.609253, 1.662891, 1.685449, 0.022559,
112.619589, 1.668530, 1.668530, 0.000000,
112.630015, 1.664502, 1.654834, -0.009668,
112.640732, 1.666113, 1.668530, 0.002417,
112.651250, 1.679004, 1.670142, -0.008862,
112.661787, 1.676587, 1.668530, -0.008057,
112.672348, 1.683032, 1.654834, -0.028198,
112.683029, 1.678198, 1.670947, -0.007251,
112.693573, 1.670947, 1.664502, -0.006445,
112.704258, 1.677393, 1.672559, -0.004834,
112.714795, 1.673364, 1.661279, -0.012085,
112.725438, 1.668530, 1.672559, 0.004028,
112.735786, 1.673364, 1.678198, 0.004834,
112.746260, 1.674170, 1.662891, -0.011279,
112.756900, 1.677393, 1.658057, -0.019336,
112.767472, 1.670142, 1.658057, -0.012085,
112.778128, 1.678198, 1.652417, -0.025781,
112.788687, 1.670142, 1.668530, -0.001611,
112.799251, 1.678198, 1.662891, -0.015308,
112.809909, 1.672559, 1.658057, -0.014502,
112.820467, 1.679004, 1.662085, -0.016919,
112.831227, 1.672559, 1.665308, -0.007251,
112.841783, 1.672559, 1.674170, 0.001611,
112.852349, 1.673364, 1.654028, -0.019336,
112.862977, 1.673364, 1.662085, -0.011279,
112.873470, 1.670142, 1.682227, 0.012085,
112.883891, 1.681421, 1.647583, -0.033838,
112.894381, 1.670142, 1.665308, -0.004834,
112.905028, 1.674976, 1.687060, 0.012085,
112.915351, 1.673364, 1.669336, -0.004028,
112.926029, 1.672559, 1.677393, 0.004834,
112.936474, 1.670947, 1.683032, 0.012085,
112.946902, 1.676587, 1.654834, -0.021753,
112.957569, 1.666113, 1.685449, 0.019336,
112.967921, 1.666919, 1.658862, -0.008057,
112.978565, 1.664502, 1.637915, -0.026587,
112.989134, 1.662085, 1.665308, 0.003223,
112.999468, 1.660474, 1.662085, 0.001611,
113.009784, 1.662085, 1.666919, 0.004834,
113.020032, 1.662891, 1.654834, -0.008057,
113.030688, 1.664502, 1.662085, -0.002417,
113.041348, 1.665308, 1.662891, -0.002417,
113.052138, 1.662085, 1.660474, -0.001611,
113.062734, 1.658057, 1.650000, -0.008057,
113.073252, 1.669336, 1.654834, -0.014502,
113.083902, 1.662085, 1.683838, 0.021753,
113.094254, 1.662085, 1.669336, 0.007251,
113.104687, 1.664502, 1.657251, -0.007251,
113.115251, 1.666113, 1.662085, -0.004028,
113.125885, 1.662891, 1.670142, 0.007251,
113.136354, 1.662085, 1.637109, -0.024976,
113.147031, 1.666113, 1.648389, -0.017725,
113.157683, 1.664502, 1.662085, -0.002417,
113.168334, 1.666919, 1.658862, -0.008057,
113.178909, 1.669336, 1.670142, 0.000806,
113.189256, 1.666113, 1.677393, 0.011279,
113.199572, 1.664502, 1.662085, -0.002417,
113.210135, 1.670142, 1.664502, -0.005640,
113.220696, 1.658057, 1.652417, -0.005640,
113.231448, 1.666113, 1.650806, -0.015308,
113.242040, 1.665308, 1.653223, -0.012085,
113.252797, 1.665308, 1.656445, -0.008862,
113.260783, 1.670142, 1.647583, -0.022559,
113.266663, 1.668530, 1.654834, -0.013696,
113.277315, 1.662891, 1.664502, 0.001611,
113.287583, 1.683032, 1.664502, -0.018530,
113.298190, 1.673364, 1.650806, -0.022559,
113.308805, 1.668530, 1.685449, 0.016919,
113.319145, 1.679004, 1.666919, -0.012085,
113.329804, 1.677393, 1.660474, -0.016919,
113.340475, 1.673364, 1.687060, 0.013696,
113.351038, 1.677393, 1.668530, -0.008862,
113.361607, 1.673364, 1.664502, -0.008862,
113.372147, 1.674170, 1.665308, -0.008862,
113.382796, 1.676587, 1.678198, 0.001611,
113.393150, 1.670142, 1.670142, 0.000000,
113.403529, 1.679810, 1.662891, -0.016919,
113.414035, 1.673364, 1.677393, 0.004028,
113.424382, 1.677393, 1.674170, -0.003223,
113.435153, 1.668530, 1.658057, -0.010474,
113.445790, 1.674976, 1.658862, -0.016113,
113.456478, 1.677393, 1.673364, -0.004028,
113.467034, 1.678198, 1.662085, -0.016113,
113.477686, 1.672559, 1.662891, -0.009668,
113.488253, 1.673364, 1.664502, -0.008862,
113.498802, 1.679810, 1.662085, -0.017725,
113.509474, 1.672559, 1.668530, -0.004028,
113.520017, 1.670947, 1.654028, -0.016919,
113.530690, 1.674170, 1.665308, -0.008862,
113.541357, 1.677393, 1.683838, 0.006445,
113.551909, 1.672559, 1.670142, -0.002417,
113.562515, 1.674170, 1.665308, -0.008862,
113.573015, 1.672559, 1.664502, -0.008057,
113.583578, 1.677393, 1.662891, -0.014502,
113.594137, 1.669336, 1.673364, 0.004028,
113.604582, 1.670142, 1.643555, -0.026587,
113.615131, 1.674170, 1.658057, -0.016113,
113.625782, 1.658057, 1.666919, 0.008862,
113.636246, 1.662085, 1.652417, -0.009668,
113.646900, 1.664502, 1.665308, 0.000806,
113.657364, 1.662085, 1.666113, 0.004028,
113.667688, 1.662891, 1.670142, 0.007251,
113.678143, 1.669336, 1.683838, 0.014502,
113.688505, 1.656445, 1.673364, 0.016919,
113.698793, 1.662891, 1.664502, 0.001611,
113.709145, 1.654834, 1.668530, 0.013696,
113.719476, 1.662085, 1.654834, -0.007251,
113.730034, 1.666919, 1.647583, -0.019336,
113.740699, 1.662891, 1.670947, 0.008057,
113.751257, 1.661279, 1.654834, -0.006445,
113.761791, 1.658862, 1.677393, 0.018530,
113.772144, 1.661279, 1.668530, 0.007251,
113.782574, 1.666113, 1.669336, 0.003223,
113.792912, 1.670142, 1.662085, -0.008057,
113.803580, 1.664502, 1.665308, 0.000806,
113.813919, 1.669336, 1.683838, 0.014502,
113.824249, 1.668530, 1.658862, -0.009668,
113.834921, 1.664502, 1.662085, -0.002417,
113.845575, 1.662085, 1.653223, -0.008862,
113.856266, 1.658862, 1.674170, 0.015308,
113.866599, 1.664502, 1.662085, -0.002417,
113.877247, 1.666919, 1.665308, -0.001611,
113.887802, 1.662085, 1.661279, -0.000806,
113.898367, 1.668530, 1.650806, -0.017725,
113.909039, 1.666919, 1.679004, 0.012085,
113.919365, 1.666919, 1.679810, 0.012891,
113.929797, 1.679004, 1.670947, -0.008057,
113.940363, 1.679004, 1.672559, -0.006445,
113.951124, 1.676587, 1.668530, -0.008057,
113.961696, 1.676587, 1.657251, -0.019336,
113.972266, 1.679004, 1.670142, -0.008862,
113.982912, 1.674170, 1.681421, 0.007251,
113.993262, 1.677393, 1.668530, -0.008862,
114.003916, 1.669336, 1.656445, -0.012891,
114.014507, 1.676587, 1.666919, -0.009668,
114.025100, 1.673364, 1.661279, -0.012085,
114.035693, 1.676587, 1.661279, -0.015308,
114.046358, 1.674170, 1.666113, -0.008057,
114.057030, 1.679004, 1.666113, -0.012891,
114.067590, 1.674170, 1.669336, -0.004834,
114.078259, 1.676587, 1.665308, -0.011279,
114.088802, 1.665308, 1.670947, 0.005640,
114.099127, 1.678198, 1.666919, -0.011279,
114.109705, 1.670947, 1.666113, -0.004834,
114.120260, 1.674170, 1.670142, -0.004028,
114.130923, 1.674976, 1.679004, 0.004028,
114.141276, 1.677393, 1.683032, 0.005640,
114.151772, 1.673364, 1.681421, 0.008057,
114.162069, 1.672559, 1.664502, -0.008057,
114.172580, 1.678198, 1.662085, -0.016113,
114.183169, 1.676587, 1.668530, -0.008057,
114.193703, 1.674976, 1.682227, 0.007251,
114.204145, 1.670142, 1.661279, -0.008862,
114.214701, 1.677393, 1.657251, -0.020142,
114.225335, 1.674976, 1.674976, 0.000000,
114.235696, 1.674976, 1.672559, -0.002417,
114.246369, 1.666919, 1.658862, -0.008057,
114.257035, 1.666113, 1.670947, 0.004834,
114.267396, 1.670142, 1.685449, 0.015308,
114.277822, 1.662891, 1.658057, -0.004834,
114.288362, 1.657251, 1.652417, -0.004834,
114.298920, 1.664502, 1.656445, -0.008057,
114.309584, 1.666919, 1.669336, 0.002417,
114.319916, 1.668530, 1.670142, 0.001611,
114.330359, 1.666919, 1.662891, -0.004028,
114.341034, 1.665308, 1.662891, -0.002417,
114.351769, 1.664502, 1.662085, -0.002417,
114.362304, 1.669336, 1.650806, -0.018530,
114.372802, 1.661279, 1.658862, -0.002417,
114.383370, 1.662891, 1.669336, 0.006445,
114.393700, 1.665308, 1.664502, -0.000806,
114.404365, 1.670142, 1.666919, -0.003223,
114.414915, 1.664502, 1.658057, -0.006445,
114.425566, 1.666113, 1.654028, -0.012085,
114.436256, 1.666919, 1.664502, -0.002417,
114.446929, 1.674170, 1.662085, -0.012085,
114.457592, 1.662085, 1.679810, 0.017725,
114.467920, 1.666113, 1.668530, 0.002417,
114.478359, 1.670142, 1.662085, -0.008057,
114.488915, 1.670142, 1.658862, -0.011279,
114.499482, 1.669336, 1.653223, -0.016113,
114.510038, 1.668530, 1.666113, -0.002417,
114.520578, 1.669336, 1.652417, -0.016919,
114.531345, 1.666113, 1.656445, -0.009668,
114.541909, 1.666113, 1.654834, -0.011279,
114.552677, 1.670142, 1.670142, 0.000000,
114.563070, 1.666919, 1.668530, 0.001611,
114.573369, 1.678198, 1.678198, 0.000000,
114.583798, 1.666919, 1.650806, -0.016113,
114.594369, 1.674976, 1.674976, 0.000000,
114.604794, 1.676587, 1.670142, -0.006445,
114.615367, 1.669336, 1.662085, -0.007251,
114.626039, 1.679004, 1.670947, -0.008057,
114.636707, 1.677393, 1.664502, -0.012891,
114.647359, 1.674976, 1.666919, -0.008057,
114.658030, 1.678198, 1.678198, 0.000000,
114.668349, 1.673364, 1.661279, -0.012085,
114.679037, 1.677393, 1.666113, -0.011279,
114.689587, 1.674170, 1.673364, -0.000806,
114.700234, 1.670947, 1.662085, -0.008862,
114.710801, 1.670947, 1.647583, -0.023364,
114.721370, 1.676587, 1.665308, -0.011279,
114.732125, 1.674976, 1.662085, -0.012891,
114.742692, 1.672559, 1.665308, -0.007251,
114.753471, 1.674976, 1.668530, -0.006445,
114.764108, 1.676587, 1.662085, -0.014502,
114.774642, 1.679004, 1.676587, -0.002417,
114.785139, 1.674976, 1.662085, -0.012891,
114.795695, 1.674170, 1.662085, -0.012085,
114.806356, 1.676587, 1.669336, -0.007251,
114.816914, 1.662085, 1.662891, 0.000806,
114.827371, 1.677393, 1.666113, -0.011279,
114.838041, 1.672559, 1.677393, 0.004834,
114.848474, 1.677393, 1.658862, -0.018530,
114.859149, 1.670142, 1.662891, -0.007251,
114.869726, 1.670142, 1.677393, 0.007251,
114.880144, 1.669336, 1.672559, 0.003223,
114.890479, 1.666113, 1.644360, -0.021753,
114.901115, 1.665308, 1.662891, -0.002417,
114.911594, 1.662085, 1.662085, 0.000000,
114.921920, 1.668530, 1.660474, -0.008057,
114.932590, 1.662085, 1.657251, -0.004834,
114.943215, 1.656445, 1.665308, 0.008862,
114.953695, 1.666113, 1.662891, -0.003223,
114.964319, 1.664502, 1.660474, -0.004028,
114.974811, 1.661279, 1.677393, 0.016113,
114.985142, 1.658862, 1.654834, -0.004028,
114.995473, 1.666113, 1.657251, -0.008862,
115.006143, 1.665308, 1.664502, -0.000806,
115.016701, 1.664502, 1.662085, -0.002417,
115.027366, 1.666113, 1.662891, -0.003223,
115.038040, 1.668530, 1.662891, -0.005640,
115.048694, 1.664502, 1.665308, 0.000806,
115.059134, 1.669336, 1.660474, -0.008862,
115.069797, 1.666113, 1.662891, -0.003223,
115.080482, 1.658057, 1.666919, 0.008862,
115.090806, 1.670142, 1.669336, -0.000806,
115.101480, 1.668530, 1.664502, -0.004028,
115.112044, 1.670947, 1.648389, -0.022559,
115.122591, 1.666919, 1.664502, -0.002417,
115.133448, 1.666113, 1.656445, -0.009668,
115.144039, 1.668530, 1.677393, 0.008862,
115.154482, 1.662891, 1.670947, 0.008057,
115.164824, 1.670142, 1.654834, -0.015308,
115.175457, 1.668530, 1.649194, -0.019336,
115.185968, 1.670142, 1.662085, -0.008057,
115.196486, 1.669336, 1.660474, -0.008862,
115.207067, 1.681421, 1.674976, -0.006445,
115.217580, 1.679004, 1.662085, -0.016919,
115.228264, 1.678198, 1.662085, -0.016113,
115.238911, 1.677393, 1.666919, -0.010474,
115.249582, 1.677393, 1.673364, -0.004028,
115.260174, 1.674976, 1.678198, 0.003223,
115.270591, 1.678198, 1.654834, -0.023364,
115.281262, 1.673364, 1.673364, 0.000000,
115.287515, 1.674170, 1.670142, -0.004028,
115.294477, 1.678198, 1.676587, -0.001611,
115.305130, 1.672559, 1.670142, -0.002417,
115.315694, 1.672559, 1.643555, -0.029004,
115.326369, 1.677393, 1.664502, -0.012891,
115.337037, 1.672559, 1.670142, -0.002417,
115.347686, 1.669336, 1.664502, -0.004834,
115.358361, 1.674976, 1.672559, -0.002417,
115.368917, 1.672559, 1.673364, 0.000806,
115.379397, 1.668530, 1.670947, 0.002417,
115.389705, 1.674170, 1.674976, 0.000806,
115.400111, 1.678198, 1.668530, -0.009668,
115.410579, 1.674170, 1.677393, 0.003223,
115.420912, 1.677393, 1.662085, -0.015308,
115.431670, 1.673364, 1.662891, -0.010474,
115.442263, 1.670947, 1.662891, -0.008057,
115.453039, 1.664502, 1.657251, -0.007251,
115.463636, 1.674976, 1.658057, -0.016919,
115.474149, 1.674170, 1.670947, -0.003223,
115.484800, 1.676587, 1.666919, -0.009668,
115.495365, 1.670142, 1.662085, -0.008057,
115.506041, 1.676587, 1.668530, -0.008057,
115.516585, 1.672559, 1.662085, -0.010474,
115.527246, 1.662085, 1.670142, 0.008057,
115.537584, 1.674170, 1.658862, -0.015308,
115.548255, 1.662891, 1.654834, -0.008057,
115.558919, 1.654834, 1.669336, 0.014502,
115.569265, 1.654834, 1.687060, 0.032227,
115.579701, 1.662891, 1.643555, -0.019336,
115.590275, 1.658862, 1.669336, 0.010474,
115.600672, 1.665308, 1.662891, -0.002417,
115.611150, 1.666113, 1.665308, -0.000806,
115.621703, 1.666113, 1.657251, -0.008862,
115.632481, 1.664502, 1.662085, -0.002417,
115.643118, 1.660474, 1.677393, 0.016919,
115.653604, 1.666113, 1.666919, 0.000806,
115.663943, 1.662085, 1.670947, 0.008862,
115.674270, 1.668530, 1.674976, 0.006445,
115.680480, 1.666113, 1.654028, -0.012085,
115.682026, 1.666919, 1.654028, -0.012891,
115.683525, 1.665308, 1.662085, -0.003223,
115.685005, 1.666919, 1.687866, 0.020947,
115.686490, 1.664502, 1.664502, 0.000000,
115.687938, 1.666113, 1.654834, -0.011279,
115.710129, 1.666113, 1.666113, 0.000000,
115.720343, 1.666113, 1.662085, -0.004028,
115.730922, 1.665308, 1.657251, -0.008057,
115.741483, 1.668530, 1.674976, 0.006445,
115.752032, 1.670142, 1.666113, -0.004028,
115.762633, 1.666919, 1.658057, -0.008862,
115.773140, 1.666919, 1.668530, 0.001611,
115.783584, 1.668530, 1.654028, -0.014502,
115.794151, 1.670947, 1.660474, -0.010474,
115.804799, 1.669336, 1.645972, -0.023364,
115.815282, 1.669336, 1.647583, -0.021753,
115.825892, 1.666919, 1.670947, 0.004028,
115.836263, 1.669336, 1.661279, -0.008057,
115.846912, 1.677393, 1.677393, 0.000000,
115.857369, 1.677393, 1.683838, 0.006445,
115.867702, 1.666919, 1.640332, -0.026587,
115.878365, 1.674976, 1.657251, -0.017725,
115.888925, 1.674976, 1.673364, -0.001611,
115.899491, 1.676587, 1.669336, -0.007251,
115.910043, 1.681421, 1.669336, -0.012085,
115.920586, 1.669336, 1.662891, -0.006445,
115.931238, 1.677393, 1.679810, 0.002417,
115.941579, 1.672559, 1.673364, 0.000806,
115.952147, 1.677393, 1.645166, -0.032227,
115.962747, 1.676587, 1.661279, -0.015308,
115.973268, 1.668530, 1.665308, -0.003223,
115.983915, 1.672559, 1.664502, -0.008057,
115.994487, 1.665308, 1.674170, 0.008862,
116.004883, 1.674170, 1.666919, -0.007251,
116.015369, 1.677393, 1.677393, 0.000000,
116.025671, 1.673364, 1.669336, -0.004028,
116.036261, 1.672559, 1.666113, -0.006445,
116.046968, 1.677393, 1.647583, -0.029810,
116.057582, 1.670947, 1.674170, 0.003223,
116.067918, 1.678198, 1.661279, -0.016919,
116.078578, 1.670142, 1.664502, -0.005640,
116.089043, 1.674976, 1.660474, -0.014502,
116.099584, 1.674170, 1.666919, -0.007251,
116.110148, 1.682227, 1.678198, -0.004028,
116.120704, 1.678198, 1.673364, -0.004834,
116.131534, 1.676587, 1.661279, -0.015308,
116.142044, 1.681421, 1.682227, 0.000806,
116.152582, 1.674170, 1.658057, -0.016113,
116.163198, 1.666113, 1.668530, 0.002417,
116.173480, 1.654834, 1.683838, 0.029004,
116.183885, 1.670142, 1.669336, -0.000806,
116.194365, 1.669336, 1.654834, -0.014502,
116.205043, 1.666113, 1.650000, -0.016113,
116.215586, 1.666113, 1.662085, -0.004028,
116.226260, 1.670142, 1.674976, 0.004834,
116.236702, 1.661279, 1.676587, 0.015308,
116.247148, 1.662085, 1.654834, -0.007251,
116.257800, 1.665308, 1.669336, 0.004028,
116.268151, 1.664502, 1.662085, -0.002417,
116.278798, 1.665308, 1.665308, 0.000000,
116.289050, 1.665308, 1.666919, 0.001611,
116.299387, 1.666919, 1.674170, 0.007251,
116.309716, 1.668530, 1.633081, -0.035449,
116.320272, 1.665308, 1.656445, -0.008862,
116.330924, 1.665308, 1.662085, -0.003223,
116.341490, 1.664502, 1.694311, 0.029810,
116.352038, 1.658862, 1.661279, 0.002417,
116.362418, 1.658862, 1.660474, 0.001611,
116.372699, 1.656445, 1.666919, 0.010474,
116.383141, 1.662891, 1.661279, -0.001611,
116.393695, 1.666113, 1.658057, -0.008057,
116.404371, 1.673364, 1.673364, 0.000000,
116.414691, 1.666919, 1.640332, -0.026587,
116.425353, 1.666113, 1.670142, 0.004028,
116.435794, 1.668530, 1.662085, -0.006445,
116.446481, 1.669336, 1.647583, -0.021753,
116.457164, 1.658862, 1.678198, 0.019336,
116.467487, 1.665308, 1.678198, 0.012891,
116.477916, 1.672559, 1.647583, -0.024976,
116.488485, 1.677393, 1.666919, -0.010474,
116.499044, 1.681421, 1.650000, -0.031421,
116.509700, 1.674170, 1.664502, -0.009668,
116.520262, 1.679004, 1.670142, -0.008862,
116.530919, 1.672559, 1.666919, -0.005640,
116.541484, 1.674976, 1.660474, -0.014502,
116.552267, 1.677393, 1.672559, -0.004834,
116.562843, 1.676587, 1.660474, -0.016113,
116.573383, 1.672559, 1.677393, 0.004834,
116.583801, 1.677393, 1.658057, -0.019336,
116.594267, 1.677393, 1.672559, -0.004834,
116.604916, 1.676587, 1.670142, -0.006445,
116.615485, 1.674170, 1.660474, -0.013696,
116.626122, 1.677393, 1.672559, -0.004834,
116.636722, 1.670142, 1.666919, -0.003223,
116.647369, 1.673364, 1.664502, -0.008862,
116.658040, 1.679810, 1.670947, -0.008862,
116.668580, 1.674170, 1.677393, 0.003223,
116.679048, 1.672559, 1.658862, -0.013696,
116.689586, 1.673364, 1.668530, -0.004834,
116.700234, 1.676587, 1.662891, -0.013696,
116.710804, 1.670947, 1.670142, -0.000806,
116.721274, 1.670947, 1.665308, -0.005640,
116.732041, 1.662085, 1.670142, 0.008057,
116.742377, 1.677393, 1.670142, -0.007251,
116.753143, 1.670947, 1.665308, -0.005640,
116.763729, 1.674976, 1.668530, -0.006445,
116.774266, 1.674976, 1.666919, -0.008057,
116.784927, 1.673364, 1.666919, -0.006445,
116.795488, 1.670142, 1.681421, 0.011279,
116.805923, 1.666919, 1.665308, -0.001611,
116.816482, 1.662085, 1.661279, -0.000806,
116.827153, 1.665308, 1.654834, -0.010474,
116.837814, 1.662891, 1.658057, -0.004834,
116.848492, 1.664502, 1.650000, -0.014502,
116.858702, 1.662085, 1.666919, 0.004834,
116.869062, 1.669336, 1.666919, -0.002417,
116.879710, 1.656445, 1.660474, 0.004028,
116.890052, 1.665308, 1.665308, 0.000000,
116.900362, 1.664502, 1.662085, -0.002417,
116.910916, 1.662891, 1.665308, 0.002417,
116.921267, 1.661279, 1.641943, -0.019336,
116.932043, 1.664502, 1.649194, -0.015308,
116.942594, 1.669336, 1.672559, 0.003223,
116.953053, 1.672559, 1.677393, 0.004834,
116.963450, 1.662891, 1.662891, 0.000000,
116.973707, 1.665308, 1.672559, 0.007251,
116.984063, 1.666113, 1.670947, 0.004834,
116.994376, 1.666919, 1.662085, -0.004834,
117.005052, 1.666113, 1.662085, -0.004028,
117.015580, 1.665308, 1.674170, 0.008862,
117.025974, 1.664502, 1.673364, 0.008862,
117.036379, 1.664502, 1.658057, -0.006445,
117.047046, 1.666113, 1.658862, -0.007251,
117.057701, 1.670142, 1.679004, 0.008862,
117.068042, 1.666919, 1.650000, -0.016919,
117.078707, 1.662891, 1.636304, -0.026587,
117.089271, 1.666113, 1.654028, -0.012085,
117.099814, 1.669336, 1.636304, -0.033032,
117.110238, 1.666919, 1.672559, 0.005640,
117.120488, 1.658057, 1.661279, 0.003223,
117.130930, 1.677393, 1.648389, -0.029004,
117.141489, 1.673364, 1.681421, 0.008057,
117.152041, 1.666113, 1.676587, 0.010474,
117.162431, 1.676587, 1.660474, -0.016113,
117.172919, 1.674976, 1.673364, -0.001611,
117.183589, 1.676587, 1.677393, 0.000806,
117.193915, 1.673364, 1.658862, -0.014502,
117.204586, 1.670142, 1.674170, 0.004028,
117.214810, 1.676587, 1.650000, -0.026587,
117.225472, 1.670142, 1.672559, 0.002417,
117.235890, 1.668530, 1.665308, -0.003223,
117.246499, 1.674976, 1.669336, -0.005640,
117.257151, 1.670142, 1.654834, -0.015308,
117.267703, 1.677393, 1.673364, -0.004028,
117.278365, 1.677393, 1.665308, -0.012085,
117.288931, 1.674170, 1.664502, -0.009668,
117.299485, 1.670947, 1.662085, -0.008862,
117.310057, 1.677393, 1.670142, -0.007251,
117.320595, 1.677393, 1.664502, -0.012891,
117.331351, 1.677393, 1.645166, -0.032227,
117.341921, 1.670947, 1.666113, -0.004834,
117.352584, 1.669336, 1.665308, -0.004028,
117.363230, 1.669336, 1.657251, -0.012085,
117.373709, 1.672559, 1.647583, -0.024976,
117.384368, 1.678198, 1.660474, -0.017725,
117.394918, 1.673364, 1.673364, 0.000000,
117.405268, 1.670142, 1.670947, 0.000806,
117.415590, 1.670947, 1.653223, -0.017725,
117.426268, 1.677393, 1.662891, -0.014502,
117.436935, 1.678198, 1.664502, -0.013696,
117.447595, 1.677393, 1.666919, -0.010474,
117.458269, 1.666919, 1.673364, 0.006445,
117.468592, 1.664502, 1.658862, -0.005640,
117.479271, 1.662891, 1.657251, -0.005640,
117.489826, 1.662085, 1.674170, 0.012085,
117.500240, 1.662085, 1.654028, -0.008057,
117.510715, 1.665308, 1.658057, -0.007251,
117.521276, 1.656445, 1.647583, -0.008862,
117.532049, 1.656445, 1.656445, 0.000000,
117.542372, 1.665308, 1.672559, 0.007251,
117.552916, 1.664502, 1.657251, -0.007251,
117.563529, 1.665308, 1.674170, 0.008862,
117.573810, 1.662085, 1.664502, 0.002417,
117.584152, 1.662085, 1.643555, -0.018530,
117.594710, 1.664502, 1.636304, -0.028198,
117.605361, 1.668530, 1.658057, -0.010474,
117.615929, 1.668530, 1.654834, -0.013696,
117.626586, 1.662085, 1.666919, 0.004834,
117.637049, 1.665308, 1.662085, -0.003223,
117.647703, 1.664502, 1.660474, -0.004028,
117.658369, 1.662085, 1.670142, 0.008057,
117.668714, 1.669336, 1.650806, -0.018530,
117.679363, 1.666113, 1.656445, -0.009668,
117.689925, 1.670142, 1.664502, -0.005640,
117.700582, 1.662891, 1.640332, -0.022559,
117.711155, 1.665308, 1.657251, -0.008057,
117.721706, 1.669336, 1.661279, -0.008057,
117.732399, 1.664502, 1.658057, -0.006445,
117.742928, 1.668530, 1.661279, -0.007251,
117.753610, 1.664502, 1.633081, -0.031421,
117.764201, 1.679004, 1.665308, -0.013696,
117.774707, 1.682227, 1.666113, -0.016113,
117.785364, 1.678198, 1.665308, -0.012891,
117.795929, 1.678198, 1.661279, -0.016919,
117.806588, 1.679004, 1.673364, -0.005640,
117.817184, 1.674170, 1.668530, -0.005640,
117.827804, 1.670142, 1.670142, 0.000000,
117.838156, 1.670947, 1.673364, 0.002417,
117.848592, 1.679810, 1.654028, -0.025781,
117.859266, 1.673364, 1.665308, -0.008057,
117.869806, 1.672559, 1.657251, -0.015308,
117.880489, 1.674976, 1.672559, -0.002417,
117.891057, 1.670142, 1.674976, 0.004834,
117.901482, 1.666919, 1.665308, -0.001611,
117.911923, 1.662085, 1.662085, 0.000000,
117.922163, 1.673364, 1.670142, -0.003223,
117.932923, 1.672559, 1.657251, -0.015308,
117.943590, 1.670947, 1.674976, 0.004028,
117.954050, 1.674976, 1.665308, -0.009668,
117.964619, 1.672559, 1.662085, -0.010474,
117.975244, 1.670142, 1.673364, 0.003223,
117.985592, 1.674170, 1.677393, 0.003223,
117.995924, 1.674170, 1.641943, -0.032227,
118.006596, 1.670947, 1.668530, -0.002417,
118.017150, 1.670142, 1.670142, 0.000000,
118.027484, 1.674976, 1.670947, -0.004028,
118.038059, 1.670142, 1.670947, 0.000806,
118.048484, 1.670142, 1.658862, -0.011279,
118.059086, 1.676587, 1.677393, 0.000806,
118.069487, 1.674170, 1.672559, -0.001611,
118.080166, 1.673364, 1.648389, -0.024976,
118.090711, 1.661279, 1.664502, 0.003223,
118.101137, 1.666113, 1.679004, 0.012891,
118.111427, 1.658862, 1.668530, 0.009668,
118.121707, 1.653223, 1.664502, 0.011279,
118.132318, 1.656445, 1.662085, 0.005640,
118.142597, 1.666919, 1.668530, 0.001611,
118.153052, 1.665308, 1.662085, -0.003223,
118.163666, 1.668530, 1.662085, -0.006445,
118.174163, 1.662891, 1.670947, 0.008057,
118.184558, 1.662891, 1.662891, 0.000000,
118.194826, 1.662891, 1.668530, 0.005640,
118.205273, 1.666919, 1.658862, -0.008057,
118.215806, 1.665308, 1.665308, 0.000000,
118.226141, 1.658862, 1.670947, 0.012085,
118.236583, 1.665308, 1.654834, -0.010474,
118.247270, 1.666113, 1.662891, -0.003223,
118.257929, 1.670142, 1.661279, -0.008862,
118.268490, 1.662085, 1.650806, -0.011279,
118.279160, 1.670142, 1.670142, 0.000000,
118.289499, 1.669336, 1.661279, -0.008057,
118.300119, 1.669336, 1.674170, 0.004834,
118.310491, 1.666919, 1.639526, -0.027393,
118.321057, 1.669336, 1.669336, 0.000000,
118.331466, 1.666113, 1.664502, -0.001611,
118.341941, 1.666919, 1.670142, 0.003223,
118.352482, 1.666919, 1.657251, -0.009668,
118.363087, 1.668530, 1.654834, -0.013696,
118.373592, 1.664502, 1.670142, 0.005640,
118.383932, 1.669336, 1.654028, -0.015308,
118.394498, 1.668530, 1.657251, -0.011279,
118.405180, 1.673364, 1.662085, -0.011279,
118.415713, 1.674976, 1.670142, -0.004834,
118.426352, 1.678198, 1.673364, -0.004834,
118.437048, 1.679004, 1.640332, -0.038672,
118.447707, 1.673364, 1.656445, -0.016919,
118.458386, 1.679810, 1.677393, -0.002417,
118.468920, 1.679810, 1.670947, -0.008862,
118.479590, 1.674170, 1.661279, -0.012891,
118.490150, 1.672559, 1.674976, 0.002417,
118.500579, 1.679810, 1.703979, 0.024170,
118.510933, 1.674976, 1.669336, -0.005640,
118.521496, 1.677393, 1.662085, -0.015308,
118.532185, 1.677393, 1.658862, -0.018530,
118.542709, 1.674976, 1.661279, -0.013696,
118.553491, 1.677393, 1.677393, 0.000000,
118.563825, 1.673364, 1.668530, -0.004834,
118.574383, 1.670947, 1.683838, 0.012891,
118.584718, 1.668530, 1.652417, -0.016113,
118.595273, 1.672559, 1.677393, 0.004834,
118.605708, 1.674170, 1.666113, -0.008057,
118.616283, 1.674976, 1.669336, -0.005640,
118.626920, 1.670142, 1.661279, -0.008862,
118.637613, 1.670947, 1.670947, 0.000000,
118.648047, 1.670947, 1.669336, -0.001611,
118.658710, 1.673364, 1.672559, -0.000806,
118.669323, 1.676587, 1.658862, -0.017725,
118.679925, 1.677393, 1.669336, -0.008057,
118.690490, 1.674976, 1.670142, -0.004834,
118.701057, 1.672559, 1.662085, -0.010474,
118.711626, 1.670142, 1.668530, -0.001611,
118.722219, 1.674170, 1.640332, -0.033838,
118.732990, 1.665308, 1.666919, 0.001611,
118.743438, 1.662085, 1.673364, 0.011279,
118.753847, 1.662085, 1.658057, -0.004028,
118.764544, 1.657251, 1.662085, 0.004834,
118.774916, 1.668530, 1.658862, -0.009668,
118.785618, 1.664502, 1.664502, 0.000000,
118.796052, 1.654834, 1.666919, 0.012085,
118.806508, 1.662891, 1.683032, 0.020142,
118.816952, 1.664502, 1.687060, 0.022559,
118.827501, 1.662085, 1.664502, 0.002417,
118.837960, 1.668530, 1.666113, -0.002417,
118.848630, 1.665308, 1.652417, -0.012891,
118.859276, 1.668530, 1.669336, 0.000806,
118.869732, 1.665308, 1.661279, -0.004028,
118.880436, 1.658862, 1.657251, -0.001611,
118.891102, 1.665308, 1.666919, 0.001611,
118.901595, 1.657251, 1.668530, 0.011279,
118.911985, 1.665308, 1.654834, -0.010474,
118.922511, 1.664502, 1.654028, -0.010474,
118.933333, 1.669336, 1.665308, -0.004028,
118.944365, 1.664502, 1.662085, -0.002417,
118.955086, 1.664502, 1.645972, -0.018530,
118.965748, 1.664502, 1.666919, 0.002417,
118.976277, 1.662891, 1.666919, 0.004028,
118.986729, 1.664502, 1.668530, 0.004028,
118.997122, 1.664502, 1.649194, -0.015308,
119.007766, 1.665308, 1.665308, 0.000000,
119.018192, 1.666113, 1.662085, -0.004028,
119.028912, 1.670947, 1.664502, -0.006445,
119.039632, 1.670947, 1.641138, -0.029809,
119.050505, 1.678198, 1.636304, -0.041895,
119.061177, 1.674976, 1.668530, -0.006445,
119.071880, 1.676587, 1.672559, -0.004028,
119.082612, 1.674976, 1.676587, 0.001611,
119.093063, 1.682227, 1.664502, -0.017725,
119.103720, 1.677393, 1.664502, -0.012891,
119.114317, 1.670947, 1.654834, -0.016113,
119.124900, 1.677393, 1.670947, -0.006445,
119.135729, 1.674976, 1.662891, -0.012085,
119.146471, 1.673364, 1.637109, -0.036255,
119.157258, 1.676587, 1.668530, -0.008057,
119.167945, 1.672559, 1.662085, -0.010474,
119.178666, 1.673364, 1.641943, -0.031421,
119.189286, 1.670947, 1.670142, -0.000806,
119.199827, 1.673364, 1.676587, 0.003223,
119.210239, 1.676587, 1.672559, -0.004028,
119.220936, 1.665308, 1.658057, -0.007251,
119.231735, 1.670142, 1.654834, -0.015308,
119.242404, 1.668530, 1.674170, 0.005640,
119.252989, 1.677393, 1.662085, -0.015308,
119.263716, 1.674170, 1.670142, -0.004028,
119.274377, 1.673364, 1.670947, -0.002417,
119.285069, 1.674976, 1.665308, -0.009668,
119.295742, 1.672559, 1.666113, -0.006445,
119.306485, 1.674170, 1.679810, 0.005640,
119.316871, 1.668530, 1.662085, -0.006445,
119.327615, 1.674170, 1.660474, -0.013696,
119.338398, 1.670947, 1.654834, -0.016113,
119.349066, 1.666113, 1.678198, 0.012085,
119.359590, 1.674170, 1.668530, -0.005640,
119.370299, 1.674976, 1.662085, -0.012891,
119.381028, 1.666919, 1.658057, -0.008862,
119.391646, 1.657251, 1.685449, 0.028198,
119.402132, 1.662085, 1.656445, -0.005640,
119.412729, 1.661279, 1.658057, -0.003223,
119.423298, 1.660474, 1.665308, 0.004834,
119.433930, 1.668530, 1.658862, -0.009668,
119.444686, 1.658057, 1.661279, 0.003223,
119.455222, 1.670947, 1.662891, -0.008057,
119.465964, 1.662085, 1.660474, -0.001611,
119.476599, 1.668530, 1.669336, 0.000806,
119.487029, 1.654028, 1.666113, 0.012085,
119.497470, 1.666113, 1.658057, -0.008057,
119.508065, 1.665308, 1.666919, 0.001611,
119.518411, 1.662891, 1.658862, -0.004028,
119.529133, 1.670142, 1.666113, -0.004028,
119.539867, 1.666919, 1.666919, 0.000000,
119.550383, 1.668530, 1.660474, -0.008057,
119.561000, 1.664502, 1.666113, 0.001611,
119.571477, 1.664502, 1.654028, -0.010474,
119.582182, 1.665308, 1.656445, -0.008862,
119.592902, 1.661279, 1.662085, 0.000806,
119.603385, 1.666113, 1.661279, -0.004834,
119.613935, 1.668530, 1.647583, -0.020947,
119.624558, 1.664502, 1.673364, 0.008862,
119.635094, 1.666113, 1.662085, -0.004028,
119.645805, 1.666919, 1.656445, -0.010474,
119.656588, 1.666919, 1.661279, -0.005640,
119.667297, 1.666113, 1.668530, 0.002417,
119.677741, 1.665308, 1.666919, 0.001611,
119.688169, 1.677393, 1.664502, -0.012891,
119.698841, 1.674976, 1.662085, -0.012891,
119.709527, 1.679004, 1.666113, -0.012891,
119.720211, 1.674976, 1.666919, -0.008057,
119.730900, 1.670947, 1.650000, -0.020947,
119.741514, 1.668530, 1.683032, 0.014502,
119.752061, 1.674170, 1.658057, -0.016113,
119.762693, 1.674976, 1.662085, -0.012891,
119.773285, 1.677393, 1.679810, 0.002417,
119.783837, 1.673364, 1.677393, 0.004028,
119.794216, 1.678198, 1.674170, -0.004028,
119.804962, 1.679810, 1.683838, 0.004028,
119.815327, 1.672559, 1.650806, -0.021753,
119.826072, 1.677393, 1.673364, -0.004028,
119.836732, 1.673364, 1.657251, -0.016113,
119.847487, 1.670142, 1.670142, 0.000000,
119.857942, 1.669336, 1.685449, 0.016113,
119.868403, 1.676587, 1.669336, -0.007251,
119.879120, 1.670142, 1.665308, -0.004834,
119.889657, 1.666919, 1.661279, -0.005640,
119.900261, 1.673364, 1.669336, -0.004028,
119.910912, 1.674170, 1.677393, 0.003223,
119.921321, 1.672559, 1.672559, 0.000000,
119.931815, 1.673364, 1.666919, -0.006445,
119.942514, 1.674170, 1.672559, -0.001611,
119.953181, 1.670142, 1.670947, 0.000806,
119.963601, 1.666919, 1.670947, 0.004028,
119.974013, 1.674170, 1.701563, 0.027393,
119.984426, 1.672559, 1.668530, -0.004028,
119.994954, 1.673364, 1.633887, -0.039478,
120.005652, 1.665308, 1.658862, -0.006445,
120.016303, 1.654834, 1.676587, 0.021753,
120.026756, 1.662085, 1.662085, 0.000000,
120.037201, 1.658862, 1.664502, 0.005640,
120.047692, 1.662891, 1.662891, 0.000000,
120.058186, 1.654834, 1.670947, 0.016113,
120.068627, 1.654834, 1.658057, 0.003223,
120.079091, 1.666113, 1.658862, -0.007251,
120.089656, 1.662085, 1.633081, -0.029004,
120.100344, 1.665308, 1.666919, 0.001611,
120.110732, 1.662891, 1.662085, -0.000806,
120.121293, 1.665308, 1.670142, 0.004834,
120.131913, 1.661279, 1.658862, -0.002417,
120.142543, 1.665308, 1.669336, 0.004028,
120.153081, 1.665308, 1.674170, 0.008862,
120.163519, 1.661279, 1.666113, 0.004834,
120.173960, 1.669336, 1.677393, 0.008057,
120.184398, 1.665308, 1.673364, 0.008057,
120.194801, 1.666919, 1.664502, -0.002417,
120.205524, 1.666919, 1.660474, -0.006445,
120.216113, 1.665308, 1.670142, 0.004834,
120.226563, 1.668530, 1.670142, 0.001611,
120.236893, 1.666919, 1.661279, -0.005640,
120.247731, 1.662891, 1.662085, -0.000806,
120.258507, 1.662085, 1.665308, 0.003223,
120.268948, 1.669336, 1.660474, -0.008862,
120.279628, 1.665308, 1.650000, -0.015308,
120.290262, 1.665308, 1.677393, 0.012085,
120.300728, 1.664502, 1.645166, -0.019336,
120.311403, 1.666919, 1.662891, -0.004028,
120.321966, 1.656445, 1.665308, 0.008862,
120.332508, 1.679004, 1.665308, -0.013696,
120.343082, 1.679004, 1.678198, -0.000806,
120.353838, 1.677393, 1.674170, -0.003223,
120.364523, 1.677393, 1.664502, -0.012891,
120.375223, 1.670142, 1.662085, -0.008057,
120.385860, 1.679004, 1.662891, -0.016113,
120.396482, 1.677393, 1.665308, -0.012085,
120.407151, 1.673364, 1.664502, -0.008862,
120.417802, 1.674976, 1.668530, -0.006445,
120.428522, 1.674976, 1.640332, -0.034644,
120.439266, 1.677393, 1.670947, -0.006445,
120.449889, 1.674170, 1.679004, 0.004834,
120.460394, 1.677393, 1.666113, -0.011279,
120.471070, 1.676587, 1.656445, -0.020142,
120.481779, 1.672559, 1.670142, -0.002417,
120.492405, 1.676587, 1.677393, 0.000806,
120.502859, 1.678198, 1.640332, -0.037866,
120.513458, 1.666113, 1.666113, 0.000000,
120.523755, 1.674170, 1.676587, 0.002417,
120.534312, 1.674976, 1.672559, -0.002417,
120.544996, 1.674170, 1.674976, 0.000806,
120.555507, 1.673364, 1.661279, -0.012085,
120.566146, 1.673364, 1.676587, 0.003223,
120.576593, 1.673364, 1.662085, -0.011279,
120.587200, 1.676587, 1.670142, -0.006445,
120.597840, 1.677393, 1.670142, -0.007251,
120.608588, 1.674170, 1.645166, -0.029004,
120.619230, 1.674976, 1.643555, -0.031421,
120.629935, 1.676587, 1.661279, -0.015308,
120.640652, 1.673364, 1.673364, 0.000000,
120.651235, 1.666919, 1.670142, 0.003223,
120.661632, 1.662085, 1.670142, 0.008057,
120.672074, 1.666113, 1.662891, -0.003223,
120.682755, 1.662085, 1.672559, 0.010474,
120.693074, 1.666919, 1.664502, -0.002417,
120.703819, 1.660474, 1.662085, 0.001611,
120.714267, 1.661279, 1.658057, -0.003223,
120.724831, 1.665308, 1.662085, -0.003223,
120.735505, 1.661279, 1.660474, -0.000806,
120.746172, 1.662085, 1.657251, -0.004834,
120.756823, 1.670142, 1.662085, -0.008057,
120.767385, 1.662891, 1.674170, 0.011279,
120.777823, 1.666919, 1.662085, -0.004834,
120.788299, 1.669336, 1.669336, 0.000000,
120.798611, 1.669336, 1.656445, -0.012891,
120.809284, 1.656445, 1.668530, 0.012085,
120.819605, 1.668530, 1.661279, -0.007251,
120.830304, 1.668530, 1.662085, -0.006445,
120.840939, 1.665308, 1.666919, 0.001611,
120.851499, 1.658862, 1.658057, -0.000806,
120.862103, 1.662891, 1.669336, 0.006445,
120.871733, 1.658057, 1.670142, 0.012085,
120.882165, 1.670947, 1.666919, -0.004028,
120.892719, 1.666113, 1.670142, 0.004028,
120.903149, 1.666113, 1.650806, -0.015308,
120.913713, 1.664502, 1.658862, -0.005640,
120.924289, 1.666113, 1.665308, -0.000806,
120.935060, 1.658862, 1.674976, 0.016113,
120.945500, 1.664502, 1.656445, -0.008057,
120.956170, 1.670142, 1.652417, -0.017725,
120.966793, 1.669336, 1.657251, -0.012085,
120.977383, 1.677393, 1.669336, -0.008057,
120.987951, 1.673364, 1.662085, -0.011279,
120.998510, 1.665308, 1.649194, -0.016113,
121.009063, 1.674976, 1.650000, -0.024976,
121.019614, 1.673364, 1.672559, -0.000806,
121.030284, 1.679810, 1.664502, -0.015308,
121.040939, 1.677393, 1.666113, -0.011279,
121.051723, 1.670142, 1.674170, 0.004028,
121.062105, 1.677393, 1.662891, -0.014502,
121.072610, 1.674170, 1.668530, -0.005640,
121.083193, 1.670142, 1.661279, -0.008862,
121.093740, 1.677393, 1.664502, -0.012891,
121.104379, 1.676587, 1.648389, -0.028198,
121.114951, 1.674976, 1.657251, -0.017725,
121.125589, 1.672559, 1.677393, 0.004834,
121.136057, 1.676587, 1.678198, 0.001611,
121.146511, 1.666919, 1.669336, 0.002417,
121.156940, 1.676587, 1.683032, 0.006445,
121.167296, 1.670947, 1.662085, -0.008862,
121.177949, 1.670142, 1.654834, -0.015308,
121.188510, 1.670142, 1.662085, -0.008057,
121.199061, 1.670947, 1.668530, -0.002417,
121.209613, 1.677393, 1.664502, -0.012891,
121.220173, 1.677393, 1.668530, -0.008862,
121.230830, 1.662085, 1.673364, 0.011279,
121.241176, 1.670142, 1.670142, 0.000000,
121.251718, 1.664502, 1.669336, 0.004834,
121.262098, 1.674170, 1.670142, -0.004028,
121.272606, 1.676587, 1.677393, 0.000806,
121.283062, 1.670947, 1.677393, 0.006445,
121.293388, 1.672559, 1.661279, -0.011279,
121.304061, 1.662085, 1.662085, 0.000000,
121.314318, 1.664502, 1.647583, -0.016919,
121.324832, 1.662891, 1.662085, -0.000806,
121.335506, 1.662085, 1.650000, -0.012085,
121.346168, 1.661279, 1.664502, 0.003223,
121.356628, 1.662891, 1.665308, 0.002417,
121.367014, 1.665308, 1.665308, 0.000000,
121.377390, 1.666113, 1.658057, -0.008057,
121.387941, 1.665308, 1.661279, -0.004028,
121.398504, 1.668530, 1.653223, -0.015308,
121.409068, 1.665308, 1.670947, 0.005640,
121.419398, 1.664502, 1.661279, -0.003223,
121.430065, 1.660474, 1.670142, 0.009668,
121.440497, 1.665308, 1.686255, 0.020947,
121.451062, 1.666919, 1.661279, -0.005640,
121.461613, 1.669336, 1.670142, 0.000806,
121.471940, 1.666113, 1.658862, -0.007251,
121.482542, 1.666919, 1.654834, -0.012085,
121.493068, 1.666113, 1.669336, 0.003223,
121.503504, 1.670142, 1.637915, -0.032227,
121.514071, 1.665308, 1.658862, -0.006445,
121.524613, 1.668530, 1.640332, -0.028198,
121.535288, 1.670142, 1.664502, -0.005640,
121.545939, 1.662085, 1.658862, -0.003223,
121.556615, 1.664502, 1.660474, -0.004028,
121.567203, 1.664502, 1.653223, -0.011279,
121.577829, 1.656445, 1.662085, 0.005640,
121.588068, 1.665308, 1.662085, -0.003223,
121.598528, 1.661279, 1.633081, -0.028198,
121.609177, 1.679810, 1.672559, -0.007251,
121.619740, 1.670142, 1.679810, 0.009668,
121.630176, 1.670142, 1.666113, -0.004028,
121.640833, 1.674976, 1.674170, -0.000806,
121.651585, 1.673364, 1.666919, -0.006445,
121.662211, 1.677393, 1.668530, -0.008862,
121.672718, 1.677393, 1.666919, -0.010474,
121.683422, 1.677393, 1.669336, -0.008057,
121.693942, 1.670947, 1.658057, -0.012891,
121.704607, 1.673364, 1.670142, -0.003223,
121.715069, 1.673364, 1.650000, -0.023364,
121.725699, 1.668530, 1.674170, 0.005640,
121.736163, 1.679810, 1.658862, -0.020947,
121.746840, 1.676587, 1.662085, -0.014502,
121.757507, 1.679004, 1.678198, -0.000806,
121.768061, 1.678198, 1.658057, -0.020142,
121.778726, 1.677393, 1.666113, -0.011279,
121.789283, 1.674976, 1.670142, -0.004834,
121.799827, 1.670142, 1.668530, -0.001611,
121.810406, 1.677393, 1.677393, 0.000000,
121.820721, 1.670142, 1.654028, -0.016113,
121.831477, 1.676587, 1.654834, -0.021753,
121.842067, 1.674170, 1.674170, 0.000000,
121.852502, 1.673364, 1.672559, -0.000806,
121.863089, 1.674976, 1.661279, -0.013696,
121.873620, 1.678198, 1.674976, -0.003223,
121.884287, 1.677393, 1.668530, -0.008862,
121.894833, 1.665308, 1.691895, 0.026587,
121.905287, 1.674976, 1.662085, -0.012891,
121.915838, 1.666919, 1.662891, -0.004028,
121.926502, 1.664502, 1.660474, -0.004028,
121.937179, 1.665308, 1.661279, -0.004028,
121.947829, 1.653223, 1.652417, -0.000806,
121.958508, 1.662085, 1.677393, 0.015308,
121.968833, 1.665308, 1.662891, -0.002417,
121.979405, 1.662891, 1.635498, -0.027393,
121.989940, 1.662891, 1.668530, 0.005640,
122.000381, 1.664502, 1.660474, -0.004028,
122.010946, 1.654834, 1.665308, 0.010474,
122.021294, 1.662891, 1.658862, -0.004028,
122.032070, 1.668530, 1.654834, -0.013696,
122.042613, 1.666919, 1.668530, 0.001611,
122.053170, 1.662891, 1.666113, 0.003223,
122.063550, 1.658862, 1.657251, -0.001611,
122.074080, 1.665308, 1.660474, -0.004834,
122.084725, 1.666113, 1.653223, -0.012891,
122.095286, 1.668530, 1.635498, -0.033032,
122.105943, 1.664502, 1.669336, 0.004834,
122.116290, 1.668530, 1.661279, -0.007251,
122.126947, 1.665308, 1.662085, -0.003223,
122.137634, 1.669336, 1.641138, -0.028198,
122.148287, 1.664502, 1.654028, -0.010474,
122.158942, 1.666919, 1.672559, 0.005640,
122.169291, 1.669336, 1.660474, -0.008862,
122.179942, 1.664502, 1.658862, -0.005640,
122.190512, 1.658057, 1.662085, 0.004028,
122.200917, 1.668530, 1.661279, -0.007251,
122.211394, 1.666113, 1.665308, -0.000806,
122.221942, 1.664502, 1.658862, -0.005640,
122.232583, 1.662891, 1.674976, 0.012085,
122.242822, 1.666113, 1.670947, 0.004834,
122.253290, 1.679810, 1.665308, -0.014502,
122.263875, 1.676587, 1.662891, -0.013696,
122.274458, 1.677393, 1.657251, -0.020142,
122.284946, 1.674170, 1.660474, -0.013696,
122.295504, 1.677393, 1.672559, -0.004834,
122.306169, 1.674976, 1.674976, 0.000000,
122.316423, 1.670947, 1.661279, -0.009668,
122.327064, 1.677393, 1.672559, -0.004834,
122.337641, 1.677393, 1.682227, 0.004834,
122.348068, 1.677393, 1.673364, -0.004028,
122.358717, 1.678198, 1.678198, 0.000000,
122.369075, 1.674976, 1.670142, -0.004834,
122.379723, 1.673364, 1.674170, 0.000806,
122.390069, 1.670947, 1.670142, -0.000806,
122.400707, 1.674976, 1.674170, -0.000806,
122.411295, 1.670947, 1.676587, 0.005640,
122.421613, 1.674976, 1.641943, -0.033032,
122.432352, 1.662085, 1.658862, -0.003223,
122.442847, 1.670947, 1.670947, 0.000000,
122.453393, 1.674170, 1.679004, 0.004834,
122.463762, 1.673364, 1.683838, 0.010474,
122.474082, 1.674170, 1.673364, -0.000806,
122.484726, 1.677393, 1.666919, -0.010474,
122.495292, 1.679004, 1.649194, -0.029809,
122.505953, 1.665308, 1.664502, -0.000806,
122.516513, 1.673364, 1.647583, -0.025781,
122.527175, 1.678198, 1.673364, -0.004834,
122.537832, 1.665308, 1.681421, 0.016113,
122.548301, 1.676587, 1.650806, -0.025781,
122.558943, 1.670947, 1.679004, 0.008057,
122.569292, 1.665308, 1.683032, 0.017725,
122.579724, 1.664502, 1.645972, -0.018530,
122.590293, 1.666113, 1.662085, -0.004028,
122.600948, 1.662891, 1.652417, -0.010474,
122.611511, 1.656445, 1.662085, 0.005640,
122.621823, 1.662085, 1.662085, 0.000000,
122.632300, 1.666113, 1.661279, -0.004834,
122.642829, 1.664502, 1.658057, -0.006445,
122.653506, 1.665308, 1.669336, 0.004028,
122.663865, 1.664502, 1.647583, -0.016919,
122.674506, 1.668530, 1.677393, 0.008862,
122.684821, 1.669336, 1.668530, -0.000806,
122.695289, 1.670142, 1.662085, -0.008057,
122.705943, 1.662085, 1.654834, -0.007251,
122.716507, 1.662891, 1.677393, 0.014502,
122.726944, 1.660474, 1.673364, 0.012891,
122.737396, 1.658057, 1.662085, 0.004028,
122.747829, 1.662085, 1.662085, 0.000000,
122.758192, 1.666919, 1.669336, 0.002417,
122.768599, 1.662085, 1.660474, -0.001611,
122.779288, 1.658057, 1.665308, 0.007251,
122.789616, 1.670142, 1.654834, -0.015308,
122.800257, 1.662085, 1.679810, 0.017725,
122.810512, 1.664502, 1.668530, 0.004028,
122.820758, 1.665308, 1.652417, -0.012891,
122.831478, 1.665308, 1.645166, -0.020142,
122.842069, 1.670142, 1.687060, 0.016919,
122.852611, 1.666113, 1.658057, -0.008057,
122.863257, 1.668530, 1.660474, -0.008057,
122.873831, 1.668530, 1.672559, 0.004028,
122.884201, 1.674170, 1.670947, -0.003223,
122.894726, 1.674976, 1.669336, -0.005640,
122.905363, 1.670142, 1.677393, 0.007251,
122.915617, 1.676587, 1.654834, -0.021753,
122.926292, 1.678198, 1.678198, 0.000000,
122.936723, 1.679004, 1.678198, -0.000806,
122.947399, 1.677393, 1.661279, -0.016113,
122.958070, 1.677393, 1.674170, -0.003223,
122.968615, 1.677393, 1.679004, 0.001611,
122.979078, 1.679004, 1.658057, -0.020947,
122.989614, 1.666919, 1.666113, -0.000806,
123.000256, 1.674976, 1.679810, 0.004834,
123.010516, 1.677393, 1.654834, -0.022559,
123.021073, 1.669336, 1.669336, 0.000000,
123.031480, 1.674170, 1.669336, -0.004834,
123.041940, 1.673364, 1.670142, -0.003223,
123.052723, 1.678198, 1.666113, -0.012085,
123.063331, 1.673364, 1.674976, 0.001611,
123.073623, 1.670947, 1.677393, 0.006445,
123.084073, 1.677393, 1.670142, -0.007251,
123.094625, 1.670142, 1.666113, -0.004028,
123.105303, 1.673364, 1.669336, -0.004028,
123.115846, 1.674976, 1.683032, 0.008057,
123.126295, 1.673364, 1.658057, -0.015308,
123.137039, 1.677393, 1.661279, -0.016113,
123.147733, 1.677393, 1.666919, -0.010474,
123.158395, 1.674976, 1.683838, 0.008862,
123.168730, 1.673364, 1.662891, -0.010474,
123.179406, 1.669336, 1.665308, -0.004028,
123.189974, 1.676587, 1.679004, 0.002417,
123.200385, 1.678198, 1.662085, -0.016113,
123.210958, 1.676587, 1.664502, -0.012085,
123.221519, 1.664502, 1.673364, 0.008862,
123.232070, 1.662085, 1.661279, -0.000806,
123.242613, 1.662891, 1.666113, 0.003223,
123.253174, 1.662085, 1.656445, -0.005640,
123.263774, 1.664502, 1.654028, -0.010474,
123.274305, 1.664502, 1.683838, 0.019336,
123.284730, 1.662085, 1.677393, 0.015308,
123.295083, 1.666919, 1.653223, -0.013696,
123.305730, 1.666113, 1.662891, -0.003223,
123.316299, 1.669336, 1.664502, -0.004834,
123.326952, 1.664502, 1.662085, -0.002417,
123.337614, 1.670142, 1.658862, -0.011279,
123.348295, 1.662085, 1.657251, -0.004834,
123.358943, 1.665308, 1.664502, -0.000806,
123.369517, 1.664502, 1.657251, -0.007251,
123.380180, 1.666113, 1.664502, -0.001611,
123.390742, 1.662891, 1.662085, -0.000806,
123.401372, 1.666919, 1.658862, -0.008057,
123.411940, 1.660474, 1.660474, 0.000000,
123.422181, 1.664502, 1.670142, 0.005640,
123.432695, 1.666113, 1.664502, -0.001611,
123.443228, 1.666919, 1.660474, -0.006445,
123.454034, 1.664502, 1.683032, 0.018530,
123.464427, 1.666919, 1.656445, -0.010474,
123.474944, 1.665308, 1.656445, -0.008862,
123.485517, 1.666919, 1.664502, -0.002417,
123.495971, 1.670947, 1.637915, -0.033032,
123.506612, 1.666919, 1.674170, 0.007251,
123.516975, 1.657251, 1.665308, 0.008057,
123.527401, 1.676587, 1.674170, -0.002417,
123.538073, 1.674170, 1.662891, -0.011279,
123.548733, 1.670947, 1.662085, -0.008862,
123.559407, 1.674976, 1.679004, 0.004028,
123.569735, 1.679004, 1.664502, -0.014502,
123.580406, 1.674170, 1.654834, -0.019336,
123.590950, 1.674170, 1.670947, -0.003223,
123.601589, 1.677393, 1.665308, -0.012085,
123.612075, 1.674976, 1.658862, -0.016113,
123.622615, 1.674170, 1.666113, -0.008057,
123.633402, 1.677393, 1.691895, 0.014502,
123.643740, 1.674976, 1.670142, -0.004834,
123.654503, 1.674976, 1.674976, 0.000000,
123.664776, 1.670142, 1.670947, 0.000806,
123.675155, 1.676587, 1.673364, -0.003223,
123.685639, 1.676587, 1.664502, -0.012085,
123.696179, 1.674170, 1.661279, -0.012891,
123.706850, 1.669336, 1.674976, 0.005640,
123.717181, 1.670947, 1.665308, -0.005640,
123.727831, 1.673364, 1.689478, 0.016113,
123.738297, 1.677393, 1.664502, -0.012891,
123.748955, 1.670947, 1.660474, -0.010474,
123.759611, 1.674976, 1.670142, -0.004834,
123.770188, 1.670142, 1.664502, -0.005640,
123.780866, 1.666919, 1.670947, 0.004028,
123.791180, 1.670142, 1.674170, 0.004028,
123.801598, 1.666919, 1.669336, 0.002417,
123.811910, 1.666919, 1.669336, 0.002417,
123.822176, 1.673364, 1.673364, 0.000000,
123.832618, 1.676587, 1.662085, -0.014502,
123.843187, 1.670142, 1.697534, 0.027393,
123.853732, 1.662891, 1.676587, 0.013696,
123.864117, 1.666113, 1.661279, -0.004834,
123.874626, 1.656445, 1.666919, 0.010474,
123.884944, 1.662891, 1.673364, 0.010474,
123.895293, 1.664502, 1.668530, 0.004028,
123.905733, 1.662891, 1.662891, 0.000000,
123.916068, 1.666113, 1.661279, -0.004834,
123.926727, 1.662085, 1.668530, 0.006445,
123.937189, 1.664502, 1.648389, -0.016113,
123.947845, 1.666919, 1.666113, -0.000806,
123.958519, 1.665308, 1.665308, 0.000000,
123.968839, 1.666113, 1.664502, -0.001611,
123.979513, 1.666919, 1.662891, -0.004028,
123.990068, 1.666113, 1.662085, -0.004028,
124.000601, 1.668530, 1.674170, 0.005640,
124.010845, 1.668530, 1.664502, -0.004028,
124.021303, 1.662085, 1.665308, 0.003223,
124.031819, 1.666919, 1.665308, -0.001611,
124.042320, 1.662085, 1.670142, 0.008057,
124.052836, 1.664502, 1.679004, 0.014502,
124.063243, 1.662891, 1.650000, -0.012891,
124.073735, 1.658862, 1.676587, 0.017725,
124.084082, 1.666113, 1.658862, -0.007251,
124.094622, 1.666919, 1.652417, -0.014502,
124.105299, 1.668530, 1.662891, -0.005640,
124.115841, 1.669336, 1.656445, -0.012891,
124.126515, 1.661279, 1.640332, -0.020947,
124.137233, 1.654834, 1.664502, 0.009668,
124.147630, 1.666113, 1.662085, -0.004028,
124.158297, 1.666919, 1.662085, -0.004834,
124.168838, 1.677393, 1.657251, -0.020142,
124.179519, 1.674170, 1.665308, -0.008862,
124.190077, 1.674170, 1.677393, 0.003223,
124.200493, 1.679004, 1.677393, -0.001611,
124.210955, 1.676587, 1.670947, -0.005640,
124.221521, 1.678198, 1.670142, -0.008057,
124.232296, 1.676587, 1.670142, -0.006445,
124.242835, 1.672559, 1.678198, 0.005640,
124.253372, 1.674976, 1.665308, -0.009668,
124.264002, 1.666919, 1.662891, -0.004028,
124.274518, 1.674976, 1.670142, -0.004834,
124.285079, 1.681421, 1.658862, -0.022559,
124.295630, 1.670142, 1.669336, -0.000806,
124.306298, 1.670947, 1.660474, -0.010474,
124.316840, 1.670947, 1.668530, -0.002417,
124.327509, 1.670947, 1.662085, -0.008862,
124.338086, 1.673364, 1.670142, -0.003223,
124.348731, 1.674170, 1.666113, -0.008057,
124.359405, 1.674976, 1.689478, 0.014502,
124.369763, 1.673364, 1.665308, -0.008057,
124.380405, 1.672559, 1.662891, -0.009668,
124.390951, 1.674976, 1.673364, -0.001611,
124.401595, 1.670947, 1.669336, -0.001611,
124.412077, 1.670142, 1.658862, -0.011279,
124.422617, 1.670142, 1.677393, 0.007251,
124.433076, 1.678198, 1.668530, -0.009668,
124.443627, 1.672559, 1.674170, 0.001611,
124.454082, 1.669336, 1.662891, -0.006445,
124.464699, 1.677393, 1.670142, -0.007251,
124.475374, 1.673364, 1.686255, 0.012891,
124.485627, 1.668530, 1.648389, -0.020142,
124.496186, 1.662891, 1.674170, 0.011279,
124.506626, 1.662891, 1.662085, -0.000806,
124.517176, 1.664502, 1.670142, 0.005640,
124.527634, 1.662891, 1.666113, 0.003223,
124.538088, 1.668530, 1.662085, -0.006445,
124.548734, 1.658862, 1.664502, 0.005640,
124.559112, 1.666919, 1.668530, 0.001611,
124.569504, 1.666113, 1.658057, -0.008057,
124.580077, 1.662085, 1.656445, -0.005640,
124.590636, 1.662085, 1.683838, 0.021753,
124.601074, 1.666919, 1.654834, -0.012085,
124.611625, 1.666113, 1.666919, 0.000806,
124.621959, 1.668530, 1.674170, 0.005640,
124.632460, 1.670142, 1.662085, -0.008057,
124.642946, 1.665308, 1.677393, 0.012085,
124.653421, 1.664502, 1.669336, 0.004834,
124.663760, 1.666113, 1.656445, -0.009668,
124.674299, 1.668530, 1.673364, 0.004834,
124.684739, 1.664502, 1.653223, -0.011279,
124.695307, 1.658057, 1.641943, -0.016113,
124.705951, 1.665308, 1.661279, -0.004028,
124.716517, 1.665308, 1.662085, -0.003223,
124.727188, 1.664502, 1.666113, 0.001611,
124.737622, 1.666919, 1.665308, -0.001611,
124.748294, 1.664502, 1.660474, -0.004028,
124.758951, 1.658862, 1.670947, 0.012085,
124.769296, 1.662085, 1.662085, 0.000000,
124.779699, 1.670142, 1.632275, -0.037866,
124.790299, 1.670947, 1.670142, -0.000806,
124.800932, 1.668530, 1.661279, -0.007251,
124.811418, 1.676587, 1.672559, -0.004028,
124.821955, 1.678198, 1.679004, 0.000806,
124.832518, 1.676587, 1.662085, -0.014502,
124.843077, 1.674170, 1.640332, -0.033838,
124.853829, 1.666919, 1.670142, 0.003223,
124.864200, 1.677393, 1.670947, -0.006445,
124.874749, 1.677393, 1.691089, 0.013696,
124.885078, 1.674170, 1.670142, -0.004028,
124.895632, 1.681421, 1.668530, -0.012891,
124.906308, 1.677393, 1.666919, -0.010474,
124.916846, 1.679004, 1.664502, -0.014502,
124.927506, 1.676587, 1.664502, -0.012085,
124.938092, 1.678198, 1.662085, -0.016113,
124.948741, 1.674170, 1.641138, -0.033032,
124.959438, 1.674170, 1.670142, -0.004028,
124.969962, 1.673364, 1.670142, -0.003223,
124.980626, 1.673364, 1.677393, 0.004028,
124.990951, 1.678198, 1.686255, 0.008057,
125.001296, 1.673364, 1.679810, 0.006445,
125.011624, 1.672559, 1.662891, -0.009668,
125.022185, 1.670142, 1.666919, -0.003223,
125.032960, 1.662891, 1.654834, -0.008057,
125.043523, 1.673364, 1.682227, 0.008862,
125.053949, 1.670947, 1.662891, -0.008057,
125.064545, 1.670947, 1.672559, 0.001611,
125.074840, 1.662085, 1.668530, 0.006445,
125.085194, 1.666113, 1.674170, 0.008057,
125.095521, 1.670947, 1.674976, 0.004028,
125.105958, 1.677393, 1.670142, -0.007251,
125.116516, 1.678198, 1.682227, 0.004028,
125.126958, 1.670142, 1.664502, -0.005640,
125.137631, 1.672559, 1.662891, -0.009668,
125.148295, 1.662891, 1.656445, -0.006445,
125.158961, 1.664502, 1.662891, -0.001611,
125.169522, 1.662891, 1.670142, 0.007251,
125.179894, 1.664502, 1.660474, -0.004028,
125.190407, 1.670947, 1.674170, 0.003223,
125.200736, 1.662891, 1.657251, -0.005640,
125.211295, 1.664502, 1.670947, 0.006445,
125.221663, 1.664502, 1.656445, -0.008057,
125.231484, 1.662891, 1.660474, -0.002417,
125.241954, 1.669336, 1.662891, -0.006445,
125.252724, 1.662891, 1.661279, -0.001611,
125.263319, 1.666113, 1.654834, -0.011279,
125.273848, 1.670142, 1.681421, 0.011279,
125.284310, 1.668530, 1.664502, -0.004028,
125.294838, 1.660474, 1.633887, -0.026587,
125.305531, 1.666919, 1.654028, -0.012891,
125.316090, 1.665308, 1.657251, -0.008057,
125.326737, 1.662891, 1.674170, 0.011279,
125.337187, 1.666919, 1.656445, -0.010474,
125.347850, 1.670142, 1.652417, -0.017725,
125.358522, 1.670142, 1.677393, 0.007251,
125.368850, 1.662085, 1.650000, -0.012085,
125.379520, 1.666919, 1.658057, -0.008862,
125.390081, 1.658862, 1.670142, 0.011279,
125.400499, 1.670142, 1.666919, -0.003223,
125.410965, 1.661279, 1.669336, 0.008057,
125.421301, 1.669336, 1.665308, -0.004028,
125.431965, 1.666919, 1.654834, -0.012085,
125.442531, 1.670142, 1.670142, 0.000000,
125.452954, 1.670142, 1.666919, -0.003223,
125.463621, 1.666919, 1.661279, -0.005640,
125.474089, 1.678198, 1.664502, -0.013696,
125.484750, 1.674170, 1.664502, -0.009668,
125.495305, 1.679004, 1.670142, -0.008862,
125.505967, 1.674170, 1.679810, 0.005640,
125.516315, 1.679810, 1.650000, -0.029810,
125.526957, 1.677393, 1.679004, 0.001611,
125.537416, 1.674976, 1.662085, -0.012891,
125.548077, 1.674170, 1.662085, -0.012085,
125.558745, 1.679004, 1.662085, -0.016919,
125.569306, 1.673364, 1.662085, -0.011279,
125.579962, 1.681421, 1.657251, -0.024170,
125.590524, 1.677393, 1.668530, -0.008862,
125.601178, 1.670142, 1.666113, -0.004028,
125.611748, 1.674170, 1.660474, -0.013696,
125.622302, 1.676587, 1.666113, -0.010474,
125.633081, 1.677393, 1.662085, -0.015308,
125.643635, 1.674976, 1.681421, 0.006445,
125.654082, 1.677393, 1.670947, -0.006445,
125.664700, 1.673364, 1.673364, 0.000000,
125.674968, 1.674976, 1.662891, -0.012085,
125.685519, 1.672559, 1.670142, -0.002417,
125.696076, 1.673364, 1.657251, -0.016113,
125.706657, 1.677393, 1.676587, -0.000806,
125.717197, 1.665308, 1.665308, 0.000000,
125.727608, 1.676587, 1.668530, -0.008057,
125.738316, 1.670947, 1.669336, -0.001611,
125.748953, 1.668530, 1.668530, 0.000000,
125.759307, 1.670142, 1.673364, 0.003223,
125.769630, 1.662085, 1.658862, -0.003223,
125.780304, 1.664502, 1.666113, 0.001611,
125.790643, 1.654834, 1.670142, 0.015308,
125.801083, 1.662891, 1.658862, -0.004028,
125.811656, 1.662085, 1.648389, -0.013696,
125.822195, 1.666113, 1.662891, -0.003223,
125.832959, 1.669336, 1.658862, -0.010474,
125.843522, 1.666919, 1.658862, -0.008057,
125.854198, 1.662085, 1.666919, 0.004834,
125.864563, 1.668530, 1.673364, 0.004834,
125.874850, 1.665308, 1.669336, 0.004028,
125.885193, 1.666113, 1.668530, 0.002417,
125.895527, 1.670947, 1.666113, -0.004834,
125.906199, 1.660474, 1.656445, -0.004028,
125.916754, 1.665308, 1.662085, -0.003223,
125.927410, 1.662085, 1.658862, -0.003223,
125.938086, 1.662891, 1.660474, -0.002417,
125.948747, 1.664502, 1.654834, -0.009668,
125.959411, 1.660474, 1.660474, 0.000000,
125.969754, 1.664502, 1.641138, -0.023364,
125.980420, 1.662085, 1.658057, -0.004028,
125.990968, 1.664502, 1.682227, 0.017725,
126.001384, 1.670142, 1.660474, -0.009668,
126.011848, 1.666919, 1.657251, -0.009668,
126.022375, 1.670142, 1.661279, -0.008862,
126.033077, 1.670142, 1.665308, -0.004834,
126.043546, 1.670142, 1.639526, -0.030615,
126.054198, 1.666113, 1.658862, -0.007251,
126.064780, 1.665308, 1.656445, -0.008862,
126.075399, 1.666919, 1.647583, -0.019336,
126.085958, 1.677393, 1.683838, 0.006445,
126.096303, 1.679004, 1.656445, -0.022559,
126.106867, 1.676587, 1.670142, -0.006445,
126.117443, 1.679004, 1.639526, -0.039477,
126.128083, 1.677393, 1.658862, -0.018530,
126.138774, 1.677393, 1.662085, -0.015308,
126.149411, 1.677393, 1.674170, -0.003223,
126.159956, 1.670142, 1.668530, -0.001611,
126.170531, 1.678198, 1.666113, -0.012085,
126.181197, 1.677393, 1.670947, -0.006445,
126.191741, 1.674976, 1.670947, -0.004028,
126.202408, 1.672559, 1.656445, -0.016113,
126.212958, 1.676587, 1.662891, -0.013696,
126.223519, 1.678198, 1.674976, -0.003223,
126.234193, 1.674170, 1.673364, -0.000806,
126.244847, 1.673364, 1.668530, -0.004834,
126.255528, 1.670947, 1.666113, -0.004834,
126.266094, 1.670142, 1.677393, 0.007251,
126.276528, 1.670142, 1.670142, 0.000000,
126.286847, 1.673364, 1.661279, -0.012085,
126.297415, 1.670142, 1.662891, -0.007251,
126.308083, 1.674976, 1.678198, 0.003223,
126.318362, 1.673364, 1.641138, -0.032227,
126.328954, 1.673364, 1.666919, -0.006445,
126.339625, 1.670142, 1.670142, 0.000000,
126.349950, 1.670947, 1.664502, -0.006445,
126.360528, 1.674170, 1.670947, -0.003223,
126.371086, 1.677393, 1.670947, -0.006445,
126.381719, 1.668530, 1.661279, -0.007251,
126.392191, 1.674976, 1.648389, -0.026587,
126.402851, 1.666919, 1.649194, -0.017725,
126.413411, 1.665308, 1.654834, -0.010474,
126.423970, 1.664502, 1.674170, 0.009668,
126.434411, 1.665308, 1.660474, -0.004834,
126.445085, 1.660474, 1.657251, -0.003223,
126.455745, 1.658862, 1.657251, -0.001611,
126.466372, 1.666919, 1.665308, -0.001611,
126.476959, 1.660474, 1.661279, 0.000806,
126.487316, 1.666919, 1.662085, -0.004834,
126.497847, 1.670142, 1.658862, -0.011279,
126.508422, 1.662085, 1.645972, -0.016113,
126.518957, 1.670142, 1.664502, -0.005640,
126.529529, 1.664502, 1.657251, -0.007251,
126.540193, 1.666919, 1.669336, 0.002417,
126.550738, 1.665308, 1.683032, 0.017725,
126.561087, 1.668530, 1.660474, -0.008057,
126.571637, 1.662891, 1.666113, 0.003223,
126.582085, 1.665308, 1.658862, -0.006445,
126.592629, 1.662085, 1.668530, 0.006445,
126.603091, 1.666113, 1.665308, -0.000806,
126.613639, 1.664502, 1.654028, -0.010474,
126.624194, 1.665308, 1.654834, -0.010474,
126.634902, 1.669336, 1.669336, 0.000000,
126.645310, 1.664502, 1.660474, -0.004028,
126.655958, 1.662891, 1.670142, 0.007251,
126.666406, 1.666919, 1.658862, -0.008057,
126.677093, 1.658057, 1.662085, 0.004028,
126.687410, 1.665308, 1.669336, 0.004028,
126.697733, 1.662085, 1.666113, 0.004028,
126.708089, 1.666919, 1.679004, 0.012085,
126.718412, 1.668530, 1.654834, -0.013696,
126.729093, 1.678198, 1.669336, -0.008862,
126.739636, 1.682227, 1.674976, -0.007251,
126.750397, 1.672559, 1.660474, -0.012085,
126.760966, 1.673364, 1.673364, 0.000000,
126.771304, 1.673364, 1.660474, -0.012891,
126.781970, 1.673364, 1.662085, -0.011279,
126.792527, 1.678198, 1.670142, -0.008057,
126.803204, 1.678198, 1.672559, -0.005640,
126.813752, 1.670947, 1.654834, -0.016113,
126.824307, 1.681421, 1.676587, -0.004834,
126.835071, 1.678198, 1.633081, -0.045117,
126.845743, 1.662891, 1.666113, 0.003223,
126.856192, 1.674976, 1.657251, -0.017725,
126.866819, 1.668530, 1.662891, -0.005640,
126.877411, 1.677393, 1.674976, -0.002417,
126.887965, 1.677393, 1.666919, -0.010474,
126.897415, 1.669336, 1.674976, 0.005640,
126.907793, 1.673364, 1.687060, 0.013696,
126.918080, 1.674170, 1.648389, -0.025781,
126.928741, 1.677393, 1.658862, -0.018530,
126.939418, 1.668530, 1.666113, -0.002417,
126.950173, 1.673364, 1.664502, -0.008862,
126.960744, 1.676587, 1.666113, -0.010474,
126.971314, 1.672559, 1.683032, 0.010474,
126.981741, 1.662085, 1.647583, -0.014502,
126.992317, 1.670947, 1.677393, 0.006445,
127.002737, 1.677393, 1.668530, -0.008862,
127.013312, 1.670947, 1.661279, -0.009668,
127.023851, 1.672559, 1.665308, -0.007251,
127.034535, 1.673364, 1.669336, -0.004028,
127.045193, 1.666113, 1.650806, -0.015308,
127.055881, 1.674170, 1.662085, -0.012085,
127.066416, 1.670142, 1.658862, -0.011279,
127.077090, 1.662085, 1.662085, 0.000000,
127.087313, 1.662085, 1.665308, 0.003223,
127.097639, 1.662085, 1.647583, -0.014502,
127.108313, 1.666919, 1.668530, 0.001611,
127.118640, 1.666113, 1.665308, -0.000806,
127.129306, 1.665308, 1.657251, -0.008057,
127.139961, 1.664502, 1.677393, 0.012891,
127.150508, 1.664502, 1.648389, -0.016113,
127.161094, 1.665308, 1.661279, -0.004028,
127.171630, 1.670142, 1.657251, -0.012891,
127.182320, 1.668530, 1.654028, -0.014502,
127.192856, 1.662891, 1.677393, 0.014502,
127.203319, 1.666113, 1.669336, 0.003223,
127.213638, 1.670142, 1.658862, -0.011279,
127.224198, 1.669336, 1.669336, 0.000000,
127.234617, 1.670142, 1.673364, 0.003223,
127.244974, 1.670142, 1.657251, -0.012891,
127.255638, 1.666113, 1.662891, -0.003223,
127.266212, 1.662891, 1.665308, 0.002417,
127.276620, 1.661279, 1.662085, 0.000806,
127.287090, 1.658862, 1.650806, -0.008057,
127.297634, 1.673364, 1.670142, -0.003223,
127.308274, 1.658057, 1.660474, 0.002417,
127.318570, 1.665308, 1.654028, -0.011279,
127.329197, 1.668530, 1.637915, -0.030615,
127.339858, 1.665308, 1.672559, 0.007251,
127.350395, 1.662085, 1.660474, -0.001611,
127.360960, 1.666113, 1.662891, -0.003223,
127.371531, 1.677393, 1.679810, 0.002417,
127.381948, 1.676587, 1.639526, -0.037060,
127.392531, 1.673364, 1.674976, 0.001611,
127.402934, 1.678198, 1.650000, -0.028198,
127.413422, 1.677393, 1.657251, -0.020142,
127.423963, 1.677393, 1.674170, -0.003223,
127.434642, 1.673364, 1.657251, -0.016113,
127.445311, 1.670142, 1.679810, 0.009668,
127.455745, 1.670947, 1.662085, -0.008862,
127.466350, 1.676587, 1.658862, -0.017725,
127.476963, 1.670142, 1.664502, -0.005640,
127.487529, 1.669336, 1.661279, -0.008057,
127.498101, 1.670947, 1.658862, -0.012085,
127.508754, 1.674976, 1.666919, -0.008057,
127.519318, 1.677393, 1.661279, -0.016113,
127.529965, 1.673364, 1.683838, 0.010474,
127.540317, 1.678198, 1.676587, -0.001611,
127.551089, 1.674170, 1.658057, -0.016113,
127.561642, 1.677393, 1.653223, -0.024170,
127.572202, 1.670947, 1.662085, -0.008862,
127.582861, 1.666113, 1.665308, -0.000806,
127.593412, 1.674976, 1.703174, 0.028198,
127.603839, 1.674170, 1.670142, -0.004028,
127.614314, 1.676587, 1.654834, -0.021753,
127.624862, 1.673364, 1.676587, 0.003223,
127.635313, 1.673364, 1.639526, -0.033838,
127.645993, 1.677393, 1.666919, -0.010474,
127.656633, 1.673364, 1.665308, -0.008057,
127.667199, 1.670142, 1.658862, -0.011279,
127.677844, 1.678198, 1.658862, -0.019336,
127.688425, 1.664502, 1.662891, -0.001611,
127.698969, 1.666919, 1.662085, -0.004834,
127.709530, 1.657251, 1.654028, -0.003223,
127.720090, 1.661279, 1.658057, -0.003223,
127.730751, 1.664502, 1.666113, 0.001611,
127.741090, 1.666919, 1.670142, 0.003223,
127.751631, 1.666919, 1.662085, -0.004834,
127.762241, 1.666919, 1.658057, -0.008862,
127.772745, 1.666113, 1.654834, -0.011279,
127.783409, 1.666113, 1.656445, -0.009668,
127.793969, 1.662891, 1.664502, 0.001611,
127.804420, 1.670142, 1.677393, 0.007251,
127.814755, 1.661279, 1.658862, -0.002417,
127.825398, 1.666113, 1.677393, 0.011279,
127.835827, 1.662085, 1.662891, 0.000806,
127.846206, 1.668530, 1.652417, -0.016113,
127.856856, 1.670947, 1.668530, -0.002417,
127.867420, 1.665308, 1.662891, -0.002417,
127.878093, 1.666113, 1.664502, -0.001611,
127.888637, 1.661279, 1.652417, -0.008862,
127.899206, 1.666919, 1.661279, -0.005640,
127.909858, 1.666919, 1.665308, -0.001611,
127.920419, 1.669336, 1.670142, 0.000806,
127.930769, 1.653223, 1.664502, 0.011279,
127.941090, 1.670947, 1.670142, -0.000806,
127.951833, 1.668530, 1.666113, -0.002417,
127.962447, 1.670947, 1.665308, -0.005640,
127.972969, 1.662085, 1.662085, 0.000000,
127.983313, 1.666919, 1.668530, 0.001611,
127.993636, 1.666919, 1.665308, -0.001611,
128.004317, 1.672559, 1.678198, 0.005640,
128.014635, 1.679004, 1.656445, -0.022559,
128.025282, 1.676587, 1.685449, 0.008862,
128.035634, 1.676587, 1.672559, -0.004028,
128.046312, 1.679004, 1.650806, -0.028198,
128.056973, 1.670947, 1.673364, 0.002417,
128.067365, 1.676587, 1.662085, -0.014502,
128.077966, 1.681421, 1.648389, -0.033032,
128.088541, 1.673364, 1.672559, -0.000806,
128.099096, 1.674976, 1.672559, -0.002417,
128.109743, 1.677393, 1.668530, -0.008862,
128.120319, 1.678198, 1.677393, -0.000806,
128.130974, 1.674976, 1.678198, 0.003223,
128.141314, 1.664502, 1.677393, 0.012891,
128.151834, 1.666113, 1.637109, -0.029004,
128.162460, 1.679810, 1.647583, -0.032227,
128.173017, 1.670142, 1.673364, 0.003223,
128.183420, 1.665308, 1.665308, 0.000000,
128.193642, 1.673364, 1.670142, -0.003223,
128.204308, 1.669336, 1.660474, -0.008862,
128.214847, 1.676587, 1.658057, -0.018530,
128.225494, 1.662891, 1.670947, 0.008057,
128.235890, 1.670947, 1.665308, -0.005640,
128.246531, 1.678198, 1.665308, -0.012891,
128.257205, 1.670947, 1.670947, 0.000000,
128.267542, 1.676587, 1.649194, -0.027393,
128.278201, 1.674976, 1.664502, -0.010474,
128.288753, 1.677393, 1.679004, 0.001611,
128.299093, 1.674976, 1.666113, -0.008862,
128.309757, 1.672559, 1.654028, -0.018530,
128.320320, 1.677393, 1.662891, -0.014502,
128.330978, 1.662085, 1.662891, 0.000806,
128.341308, 1.664502, 1.672559, 0.008057,
128.351835, 1.664502, 1.639526, -0.024976,
128.362451, 1.662085, 1.650000, -0.012085,
128.372966, 1.670142, 1.649194, -0.020947,
128.383638, 1.668530, 1.674976, 0.006445,
128.393967, 1.665308, 1.637109, -0.028198,
128.404641, 1.670142, 1.673364, 0.003223,
128.414967, 1.665308, 1.653223, -0.012085,
128.425622, 1.665308, 1.664502, -0.000806,
128.436193, 1.670142, 1.677393, 0.007251,
128.446643, 1.662891, 1.650000, -0.012891,
128.457325, 1.662891, 1.662085, -0.000806,
128.467941, 1.661279, 1.670142, 0.008862,
128.478317, 1.668530, 1.683838, 0.015308,
128.488644, 1.664502, 1.662085, -0.002417,
128.499214, 1.669336, 1.637109, -0.032227,
128.509865, 1.668530, 1.664502, -0.004028,
128.520425, 1.669336, 1.674170, 0.004834,
128.530754, 1.658862, 1.677393, 0.018530,
128.541091, 1.662891, 1.670142, 0.007251,
128.551619, 1.664502, 1.647583, -0.016919,
128.562239, 1.666919, 1.656445, -0.010474,
128.572763, 1.656445, 1.665308, 0.008862,
128.583200, 1.666113, 1.666919, 0.000806,
128.593530, 1.666113, 1.670142, 0.004028,
128.603963, 1.670947, 1.658862, -0.012085,
128.614533, 1.664502, 1.657251, -0.007251,
128.625180, 1.661279, 1.670142, 0.008862,
128.635654, 1.658057, 1.668530, 0.010474,
128.646094, 1.672559, 1.664502, -0.008057,
128.656751, 1.674170, 1.670947, -0.003223,
128.667308, 1.678198, 1.645972, -0.032227,
128.677963, 1.678198, 1.673364, -0.004834,
128.688532, 1.677393, 1.673364, -0.004028,
128.699102, 1.674976, 1.666113, -0.008862,
128.709757, 1.676587, 1.662891, -0.013696,
128.720325, 1.677393, 1.654028, -0.023364,
128.730969, 1.670947, 1.666113, -0.004834,
128.741535, 1.670142, 1.681421, 0.011279,
128.752090, 1.673364, 1.664502, -0.008862,
128.762721, 1.672559, 1.662085, -0.010474,
128.773316, 1.673364, 1.677393, 0.004028,
128.783636, 1.672559, 1.674170, 0.001611,
128.793971, 1.677393, 1.668530, -0.008862,
128.804643, 1.677393, 1.668530, -0.008862,
128.815198, 1.673364, 1.650000, -0.023364,
128.825871, 1.666919, 1.668530, 0.001611,
128.836325, 1.674170, 1.650806, -0.023364,
128.846966, 1.677393, 1.665308, -0.012085,
128.857630, 1.670947, 1.690283, 0.019336,
128.867981, 1.668530, 1.669336, 0.000806,
128.878417, 1.672559, 1.664502, -0.008057,
128.888939, 1.672559, 1.670142, -0.002417,
128.898197, 1.670142, 1.643555, -0.026587,
128.908851, 1.673364, 1.662085, -0.011279,
128.919431, 1.670947, 1.664502, -0.006445,
128.930107, 1.677393, 1.668530, -0.008862,
128.940758, 1.677393, 1.670947, -0.006445,
128.951849, 1.674170, 1.666113, -0.008057,
128.962466, 1.670142, 1.673364, 0.003223,
128.972761, 1.673364, 1.677393, 0.004028,
128.983205, 1.666113, 1.657251, -0.008862,
128.993762, 1.664502, 1.644360, -0.020142,
129.004422, 1.662085, 1.658057, -0.004028,
129.014985, 1.662085, 1.658057, -0.004028,
129.025617, 1.665308, 1.670142, 0.004834,
129.035976, 1.662085, 1.661279, -0.000806,
129.046645, 1.664502, 1.649194, -0.015308,
129.057318, 1.669336, 1.670947, 0.001611,
129.067674, 1.664502, 1.662085, -0.002417,
129.078319, 1.669336, 1.670947, 0.001611,
129.088669, 1.664502, 1.662085, -0.002417,
129.099210, 1.666113, 1.640332, -0.025781,
129.109861, 1.658057, 1.654834, -0.003223,
129.120341, 1.666113, 1.647583, -0.018530,
129.130979, 1.664502, 1.662085, -0.002417,
129.141540, 1.666113, 1.674170, 0.008057,
129.152099, 1.654834, 1.666113, 0.011279,
129.162465, 1.668530, 1.654834, -0.013696,
129.172980, 1.664502, 1.670947, 0.006445,
129.183426, 1.666113, 1.666113, 0.000000,
129.193719, 1.668530, 1.649194, -0.019336,
129.204317, 1.666113, 1.660474, -0.005640,
129.214861, 1.669336, 1.647583, -0.021753,
129.225509, 1.669336, 1.658862, -0.010474,
129.236103, 1.670142, 1.653223, -0.016919,
129.246760, 1.664502, 1.654834, -0.009668,
129.257423, 1.664502, 1.669336, 0.004834,
129.267773, 1.664502, 1.658057, -0.006445,
129.278420, 1.665308, 1.652417, -0.012891,
129.288972, 1.674976, 1.665308, -0.009668,
129.299430, 1.670947, 1.660474, -0.010474,
129.309981, 1.664502, 1.669336, 0.004834,
129.320323, 1.677393, 1.666113, -0.011279,
129.330991, 1.676587, 1.661279, -0.015308,
129.341537, 1.677393, 1.669336, -0.008057,
129.352325, 1.666113, 1.665308, -0.000806,
129.362900, 1.676587, 1.673364, -0.003223,
129.373430, 1.676587, 1.677393, 0.000806,
129.383860, 1.674976, 1.670142, -0.004834,
129.394431, 1.672559, 1.670947, -0.001611,
129.405097, 1.672559, 1.653223, -0.019336,
129.415663, 1.670142, 1.650806, -0.019336,
129.426315, 1.670947, 1.640332, -0.030615,
129.436973, 1.674170, 1.691895, 0.017725,
129.447421, 1.670142, 1.662085, -0.008057,
129.458115, 1.670947, 1.683838, 0.012891,
129.468421, 1.672559, 1.662891, -0.009668,
129.479094, 1.674170, 1.679004, 0.004834,
129.489431, 1.670142, 1.664502, -0.005640,
129.499974, 1.674170, 1.670142, -0.004028,
129.510528, 1.673364, 1.673364, 0.000000,
129.520757, 1.679004, 1.672559, -0.006445,
129.531526, 1.673364, 1.670142, -0.003223,
129.542104, 1.677393, 1.681421, 0.004028,
129.552639, 1.670142, 1.666919, -0.003223,
129.563283, 1.677393, 1.681421, 0.004028,
129.573639, 1.672559, 1.664502, -0.008057,
129.584353, 1.674170, 1.641138, -0.033032,
129.594859, 1.669336, 1.662891, -0.006445,
129.605535, 1.666113, 1.665308, -0.000806,
129.616091, 1.665308, 1.661279, -0.004028,
129.626757, 1.665308, 1.662085, -0.003223,
129.637430, 1.662085, 1.679004, 0.016919,
129.647871, 1.658057, 1.665308, 0.007251,
129.658329, 1.668530, 1.666919, -0.001611,
129.668866, 1.665308, 1.670947, 0.005640,
129.679340, 1.658057, 1.654834, -0.003223,
129.689868, 1.666113, 1.666919, 0.000806,
129.700291, 1.670142, 1.678198, 0.008057,
129.710563, 1.666919, 1.677393, 0.010474,
129.720862, 1.661279, 1.662891, 0.001611,
129.731331, 1.664502, 1.661279, -0.003223,
129.741864, 1.662891, 1.662085, -0.000806,
129.752648, 1.666113, 1.658862, -0.007251,
129.763254, 1.665308, 1.643555, -0.021753,
129.773761, 1.669336, 1.672559, 0.003223,
129.784208, 1.669336, 1.641943, -0.027393,
129.794761, 1.664502, 1.653223, -0.011279,
129.805427, 1.666919, 1.674976, 0.008057,
129.815771, 1.670142, 1.658862, -0.011279,
129.826398, 1.666919, 1.670142, 0.003223,
129.836774, 1.661279, 1.670142, 0.008862,
129.847208, 1.666919, 1.654834, -0.012085,
129.857859, 1.670947, 1.668530, -0.002417,
129.868431, 1.670947, 1.627441, -0.043506,
129.879104, 1.672559, 1.650806, -0.021753,
129.889643, 1.670947, 1.670947, 0.000000,
129.899880, 1.664502, 1.665308, 0.000806,
129.910207, 1.665308, 1.662085, -0.003223,
129.920763, 1.665308, 1.662891, -0.002417,
129.931525, 1.676587, 1.658862, -0.017725,
129.942101, 1.678198, 1.662085, -0.016113,
129.952857, 1.674976, 1.662891, -0.012085,
129.963510, 1.679810, 1.666113, -0.013696,
129.974096, 1.679004, 1.668530, -0.010474,
129.984643, 1.679004, 1.653223, -0.025781,
129.995218, 1.674976, 1.668530, -0.006445,
130.005890, 1.679810, 1.662891, -0.016919,
130.016427, 1.673364, 1.662891, -0.010474,
130.027097, 1.674170, 1.665308, -0.008862,
130.037665, 1.672559, 1.664502, -0.008057,
130.048320, 1.679810, 1.658862, -0.020947,
130.058982, 1.674170, 1.662085, -0.012085,
130.069545, 1.677393, 1.662085, -0.015308,
130.080211, 1.673364, 1.660474, -0.012891,
130.090770, 1.679004, 1.678198, -0.000806,
130.101399, 1.670947, 1.662085, -0.008862,
130.111870, 1.674170, 1.685449, 0.011279,
130.122210, 1.669336, 1.669336, 0.000000,
130.132729, 1.670142, 1.660474, -0.009668,
130.143243, 1.677393, 1.669336, -0.008057,
130.153978, 1.670947, 1.670947, 0.000000,
130.164320, 1.678198, 1.662085, -0.016113,
130.174868, 1.672559, 1.645972, -0.026587,
130.185427, 1.669336, 1.662085, -0.007251,
130.195979, 1.666113, 1.674170, 0.008057,
130.206423, 1.674170, 1.677393, 0.003223,
130.216761, 1.670142, 1.672559, 0.002417,
130.227206, 1.670142, 1.633887, -0.036255,
130.237868, 1.672559, 1.665308, -0.007251,
130.248540, 1.650806, 1.673364, 0.022559,
130.258889, 1.660474, 1.657251, -0.003223,
130.269449, 1.654834, 1.654834, 0.000000,
130.279878, 1.665308, 1.662085, -0.003223,
130.290434, 1.666919, 1.673364, 0.006445,
130.300841, 1.662085, 1.664502, 0.002417,
130.311096, 1.664502, 1.636304, -0.028198,
130.321648, 1.657251, 1.658057, 0.000806,
130.332188, 1.662085, 1.668530, 0.006445,
130.342549, 1.668530, 1.650000, -0.018530,
130.353321, 1.665308, 1.661279, -0.004028,
130.363934, 1.670142, 1.654834, -0.015308,
130.374432, 1.666919, 1.666919, 0.000000,
130.384764, 1.660474, 1.660474, 0.000000,
130.395089, 1.666113, 1.640332, -0.025781,
130.405767, 1.665308, 1.657251, -0.008057,
130.416328, 1.669336, 1.658057, -0.011279,
130.426980, 1.662891, 1.677393, 0.014502,
130.437429, 1.666113, 1.670947, 0.004834,
130.447867, 1.662085, 1.658862, -0.003223,
130.458539, 1.670947, 1.669336, -0.001611,
130.469122, 1.662085, 1.664502, 0.002417,
130.479548, 1.669336, 1.654028, -0.015308,
130.490108, 1.669336, 1.669336, 0.000000,
130.500487, 1.666113, 1.668530, 0.002417,
130.510767, 1.662891, 1.669336, 0.006445,
130.521108, 1.670142, 1.654834, -0.015308,
130.531860, 1.660474, 1.653223, -0.007251,
130.542432, 1.666113, 1.673364, 0.007251,
130.552966, 1.669336, 1.639526, -0.029810,
130.563568, 1.670947, 1.670947, 0.000000,
130.573865, 1.674976, 1.670947, -0.004028,
130.584431, 1.676587, 1.672559, -0.004028,
130.595014, 1.670947, 1.669336, -0.001611,
130.605650, 1.668530, 1.669336, 0.000806,
130.615981, 1.674170, 1.670947, -0.003223,
130.626606, 1.678198, 1.677393, -0.000806,
130.637216, 1.670142, 1.666919, -0.003223,
130.647857, 1.678198, 1.666113, -0.012085,
130.658548, 1.672559, 1.682227, 0.009668,
130.668863, 1.670142, 1.656445, -0.013696,
130.679543, 1.673364, 1.658057, -0.015308,
130.690108, 1.682227, 1.677393, -0.004834,
130.700743, 1.670947, 1.662085, -0.008862,
130.711214, 1.678198, 1.650806, -0.027393,
130.721762, 1.666919, 1.673364, 0.006445,
130.732327, 1.670947, 1.670142, -0.000806,
130.742866, 1.672559, 1.678198, 0.005640,
130.753327, 1.674170, 1.670142, -0.004028,
130.763919, 1.674976, 1.665308, -0.009668,
130.774430, 1.676587, 1.668530, -0.008057,
130.784990, 1.668530, 1.665308, -0.003223,
130.795535, 1.669336, 1.656445, -0.012891,
130.806201, 1.672559, 1.669336, -0.003223,
130.816749, 1.678198, 1.650000, -0.028198,
130.827433, 1.673364, 1.668530, -0.004834,
130.838105, 1.664502, 1.668530, 0.004028,
130.848541, 1.670142, 1.661279, -0.008862,
130.859224, 1.670947, 1.665308, -0.005640,
130.869766, 1.670142, 1.669336, -0.000806,
130.880398, 1.668530, 1.666113, -0.002417,
130.890868, 1.670142, 1.682227, 0.012085,
130.901320, 1.660474, 1.673364, 0.012891,
130.911653, 1.668530, 1.670142, 0.001611,
130.921985, 1.664502, 1.674170, 0.009668,
130.932505, 1.662891, 1.674170, 0.011279,
130.942772, 1.661279, 1.672559, 0.011279,
130.953328, 1.658057, 1.649194, -0.008862,
130.963916, 1.664502, 1.650000, -0.014502,
130.974443, 1.666113, 1.670142, 0.004028,
130.984772, 1.662085, 1.662085, 0.000000,
130.995101, 1.664502, 1.657251, -0.007251,
131.005767, 1.665308, 1.669336, 0.004028,
131.016108, 1.669336, 1.633081, -0.036255,
131.026761, 1.662891, 1.664502, 0.001611,
131.037224, 1.665308, 1.674170, 0.008862,
131.047644, 1.670142, 1.654028, -0.016113,
131.058325, 1.670142, 1.683838, 0.013696,
131.068649, 1.670142, 1.670142, 0.000000,
131.078980, 1.668530, 1.665308, -0.003223,
131.089545, 1.668530, 1.674170, 0.005640,
131.099864, 1.661279, 1.677393, 0.016113,
131.110208, 1.660474, 1.654834, -0.005640,
131.120772, 1.670947, 1.662891, -0.008057,
131.131599, 1.670142, 1.658057, -0.012085,
131.142116, 1.668530, 1.661279, -0.007251,
131.152861, 1.656445, 1.640332, -0.016113,
131.163511, 1.666919, 1.662891, -0.004028,
131.173981, 1.665308, 1.658862, -0.006445,
131.184546, 1.666113, 1.654834, -0.011279,
131.195110, 1.666919, 1.657251, -0.009668,
131.205767, 1.674976, 1.657251, -0.017725,
131.216328, 1.674976, 1.670947, -0.004028,
131.226988, 1.677393, 1.676587, -0.000806,
131.237650, 1.683838, 1.660474, -0.023364,
131.248331, 1.676587, 1.673364, -0.003223,
131.258990, 1.674976, 1.670142, -0.004834,
131.269555, 1.666919, 1.658057, -0.008862,
131.280214, 1.682227, 1.665308, -0.016919,
131.290777, 1.677393, 1.673364, -0.004028,
131.301406, 1.673364, 1.685449, 0.012085,
131.311649, 1.670142, 1.662085, -0.008057,
131.322216, 1.678198, 1.670142, -0.008057,
131.332949, 1.672559, 1.661279, -0.011279,
131.343430, 1.674976, 1.669336, -0.005640,
131.353830, 1.674976, 1.674976, 0.000000,
131.364103, 1.673364, 1.669336, -0.004028,
131.374533, 1.678198, 1.685449, 0.007251,
131.384885, 1.669336, 1.664502, -0.004834,
131.395439, 1.674170, 1.658057, -0.016113,
131.406112, 1.677393, 1.668530, -0.008862,
131.416661, 1.678198, 1.641943, -0.036255,
131.427321, 1.673364, 1.674170, 0.000806,
131.437657, 1.672559, 1.664502, -0.008057,
131.448339, 1.678198, 1.662891, -0.015308,
131.458992, 1.678198, 1.666919, -0.011279,
131.469546, 1.674170, 1.660474, -0.013696,
131.480224, 1.666919, 1.656445, -0.010474,
131.490771, 1.665308, 1.670142, 0.004834,
131.501188, 1.668530, 1.670142, 0.001611,
131.511434, 1.673364, 1.665308, -0.008057,
131.521994, 1.677393, 1.674976, -0.002417,
131.532762, 1.661279, 1.678198, 0.016919,
131.543110, 1.665308, 1.668530, 0.003223,
131.553646, 1.654028, 1.664502, 0.010474,
131.564012, 1.661279, 1.657251, -0.004028,
131.574552, 1.662891, 1.633081, -0.029809,
131.585107, 1.656445, 1.652417, -0.004028,
131.595654, 1.668530, 1.654028, -0.014502,
131.606330, 1.657251, 1.666919, 0.009668,
131.616657, 1.666113, 1.658057, -0.008057,
131.627320, 1.666113, 1.657251, -0.008862,
131.637948, 1.665308, 1.665308, 0.000000,
131.648328, 1.665308, 1.672559, 0.007251,
131.658776, 1.662891, 1.658862, -0.004028,
131.669333, 1.666113, 1.662085, -0.004028,
131.679984, 1.664502, 1.658057, -0.006445,
131.690552, 1.662085, 1.672559, 0.010474,
131.700964, 1.664502, 1.670142, 0.005640,
131.711233, 1.658862, 1.662891, 0.004028,
131.721548, 1.662085, 1.658057, -0.004028,
131.732295, 1.666919, 1.640332, -0.026587,
131.742867, 1.666919, 1.666113, -0.000806,
131.753548, 1.668530, 1.662085, -0.006445,
131.764168, 1.664502, 1.657251, -0.007251,
131.774690, 1.664502, 1.669336, 0.004834,
131.785112, 1.665308, 1.660474, -0.004834,
131.795660, 1.669336, 1.658862, -0.010474,
131.806332, 1.669336, 1.658862, -0.010474,
131.816870, 1.664502, 1.658862, -0.005640,
131.827433, 1.668530, 1.662085, -0.006445,
131.838106, 1.664502, 1.670142, 0.005640,
131.848538, 1.677393, 1.664502, -0.012891,
131.859227, 1.677393, 1.654028, -0.023364,
131.869766, 1.677393, 1.670947, -0.006445,
131.880431, 1.677393, 1.654834, -0.022559,
131.890986, 1.673364, 1.672559, -0.000806,
131.901629, 1.674976, 1.676587, 0.001611,
131.911965, 1.679004, 1.670142, -0.008862,
131.922451, 1.676587, 1.656445, -0.020142,
131.933213, 1.676587, 1.682227, 0.005640,
131.943544, 1.674976, 1.672559, -0.002417,
131.954216, 1.677393, 1.666919, -0.010474,
131.964806, 1.679004, 1.658057, -0.020947,
131.975411, 1.674976, 1.677393, 0.002417,
131.985661, 1.670142, 1.654028, -0.016113,
131.996218, 1.670142, 1.648389, -0.021753,
132.006868, 1.672559, 1.670947, -0.001611,
132.017444, 1.674170, 1.662891, -0.011279,
132.028111, 1.670142, 1.677393, 0.007251,
132.038569, 1.674170, 1.676587, 0.002417,
132.048987, 1.673364, 1.666113, -0.007251,
132.059655, 1.674170, 1.672559, -0.001611,
132.070216, 1.674976, 1.666113, -0.008862,
132.080868, 1.674170, 1.662891, -0.011279,
132.091448, 1.670142, 1.670947, 0.000806,
132.101834, 1.674976, 1.662085, -0.012891,
132.112329, 1.670947, 1.658862, -0.012085,
132.122867, 1.676587, 1.677393, 0.000806,
132.133400, 1.674170, 1.665308, -0.008862,
132.143866, 1.676587, 1.677393, 0.000806,
132.154333, 1.677393, 1.677393, 0.000000,
132.164674, 1.654834, 1.657251, 0.002417,
132.174991, 1.654834, 1.670947, 0.016113,
132.185332, 1.654834, 1.668530, 0.013696,
132.195656, 1.665308, 1.654834, -0.010474,
132.206329, 1.669336, 1.693506, 0.024170,
132.216657, 1.665308, 1.661279, -0.004028,
132.227320, 1.665308, 1.666113, 0.000806,
132.237759, 1.665308, 1.683838, 0.018530,
132.248213, 1.669336, 1.662085, -0.007251,
132.258869, 1.668530, 1.664502, -0.004028,
132.269436, 1.657251, 1.691895, 0.034644,
132.279869, 1.666919, 1.664502, -0.002417,
132.290433, 1.665308, 1.654028, -0.011279,
132.301129, 1.666919, 1.678198, 0.011279,
132.311433, 1.666113, 1.679810, 0.013696,
132.321767, 1.666919, 1.662085, -0.004834,
132.332419, 1.662085, 1.653223, -0.008862,
132.342990, 1.669336, 1.664502, -0.004834,
132.353766, 1.666919, 1.657251, -0.009668,
132.364433, 1.668530, 1.658862, -0.009668,
132.374986, 1.666113, 1.658862, -0.007251,
132.385554, 1.670142, 1.679004, 0.008862,
132.395874, 1.665308, 1.652417, -0.012891,
132.406559, 1.666919, 1.670142, 0.003223,
132.416870, 1.662891, 1.629858, -0.033032,
132.427549, 1.660474, 1.647583, -0.012891,
132.438221, 1.665308, 1.664502, -0.000806,
132.448865, 1.666919, 1.676587, 0.009668,
132.459329, 1.670947, 1.640332, -0.030615,
132.469874, 1.666113, 1.653223, -0.012891,
132.480554, 1.666113, 1.660474, -0.005640,
132.491113, 1.681421, 1.654834, -0.026587,
132.501766, 1.678198, 1.691089, 0.012891,
132.512116, 1.676587, 1.647583, -0.029004,
132.522660, 1.679004, 1.670142, -0.008862,
132.533330, 1.674170, 1.670142, -0.004028,
132.543870, 1.678198, 1.677393, -0.000806,
132.554558, 1.677393, 1.668530, -0.008862,
132.565169, 1.681421, 1.666113, -0.015308,
132.575743, 1.670142, 1.672559, 0.002417,
132.585995, 1.674976, 1.678198, 0.003223,
132.596335, 1.679004, 1.691089, 0.012085,
132.606739, 1.673364, 1.685449, 0.012085,
132.616992, 1.670947, 1.670142, -0.000806,
132.627688, 1.672559, 1.662891, -0.009668,
132.638340, 1.677393, 1.681421, 0.004028,
132.648770, 1.670142, 1.656445, -0.013696,
132.659443, 1.676587, 1.666113, -0.010474,
132.669992, 1.670142, 1.666113, -0.004028,
132.680656, 1.677393, 1.653223, -0.024170,
132.691219, 1.670947, 1.687060, 0.016113,
132.701628, 1.674170, 1.670142, -0.004028,
132.712117, 1.677393, 1.664502, -0.012891,
132.722663, 1.672559, 1.668530, -0.004028,
132.733434, 1.672559, 1.693506, 0.020947,
132.743779, 1.678198, 1.668530, -0.009668,
132.754443, 1.672559, 1.682227, 0.009668,
132.764812, 1.678198, 1.658057, -0.020142,
132.775428, 1.677393, 1.676587, -0.000806,
132.785995, 1.670947, 1.670142, -0.000806,
132.796549, 1.678198, 1.666113, -0.012085,
132.807227, 1.665308, 1.670142, 0.004834,
132.817552, 1.672559, 1.668530, -0.004028,
132.828211, 1.665308, 1.672559, 0.007251,
132.838553, 1.665308, 1.665308, 0.000000,
132.848870, 1.662891, 1.653223, -0.009668,
132.859552, 1.664502, 1.670142, 0.005640,
132.869875, 1.665308, 1.662085, -0.003223,
132.880556, 1.666113, 1.650806, -0.015308,
132.891112, 1.665308, 1.666919, 0.001611,
132.901552, 1.666113, 1.679004, 0.012891,
132.911872, 1.661279, 1.653223, -0.008057,
132.920858, 1.664502, 1.657251, -0.007251,
132.931524, 1.665308, 1.652417, -0.012891,
132.942014, 1.664502, 1.654834, -0.009668,
132.952764, 1.664502, 1.672559, 0.008057,
132.963146, 1.662891, 1.654834, -0.008057,
132.973651, 1.666919, 1.677393, 0.010474,
132.984111, 1.668530, 1.661279, -0.007251,
132.994178, 1.661279, 1.662085, 0.000806,
133.004702, 1.661279, 1.674170, 0.012891,
133.014991, 1.670142, 1.653223, -0.016919,
133.025636, 1.664502, 1.682227, 0.017725,
133.036124, 1.670142, 1.664502, -0.005640,
133.046762, 1.666113, 1.653223, -0.012891,
133.057440, 1.670142, 1.666113, -0.004028,
133.067983, 1.666113, 1.669336, 0.003223,
133.078336, 1.666919, 1.650000, -0.016919,
133.088885, 1.664502, 1.654834, -0.009668,
133.099438, 1.665308, 1.670142, 0.004834,
133.109767, 1.665308, 1.662891, -0.002417,
133.120336, 1.658862, 1.677393, 0.018530,
133.130774, 1.679810, 1.666919, -0.012891,
133.141434, 1.678198, 1.676587, -0.001611,
133.152213, 1.677393, 1.679004, 0.001611,
133.162594, 1.678198, 1.662085, -0.016113,
133.173113, 1.673364, 1.670947, -0.002417,
133.183665, 1.666919, 1.676587, 0.009668,
133.193981, 1.674170, 1.662085, -0.012085,
133.204648, 1.674976, 1.654834, -0.020142,
133.215216, 1.676587, 1.669336, -0.007251,
133.225857, 1.678198, 1.658057, -0.020142,
133.236431, 1.678198, 1.670947, -0.007251,
133.247113, 1.678198, 1.662891, -0.015308,
133.257768, 1.674170, 1.668530, -0.005640,
133.268340, 1.673364, 1.664502, -0.008862,
133.278989, 1.668530, 1.666113, -0.002417,
133.289549, 1.670142, 1.670142, 0.000000,
133.299786, 1.674170, 1.650000, -0.024170,
133.310335, 1.679810, 1.677393, -0.002417,
133.320871, 1.677393, 1.662891, -0.014502,
133.331522, 1.670142, 1.649194, -0.020947,
133.342112, 1.670142, 1.670142, 0.000000,
133.352618, 1.677393, 1.665308, -0.012085,
133.363142, 1.672559, 1.637109, -0.035449,
133.373660, 1.674170, 1.670142, -0.004028,
133.384333, 1.677393, 1.665308, -0.012085,
133.394867, 1.664502, 1.657251, -0.007251,
133.405435, 1.677393, 1.670142, -0.007251,
133.415992, 1.670947, 1.662891, -0.008057,
133.426621, 1.677393, 1.672559, -0.004834,
133.437227, 1.674170, 1.657251, -0.016919,
133.447885, 1.664502, 1.660474, -0.004028,
133.458552, 1.658862, 1.670142, 0.011279,
133.468870, 1.662891, 1.677393, 0.014502,
133.479307, 1.665308, 1.645166, -0.020142,
133.489872, 1.662085, 1.674170, 0.012085,
133.499993, 1.662085, 1.662891, 0.000806,
133.510336, 1.666919, 1.654028, -0.012891,
133.520869, 1.657251, 1.660474, 0.003223,
133.531308, 1.654834, 1.662085, 0.007251,
133.541652, 1.670142, 1.658862, -0.011279,
133.552433, 1.665308, 1.657251, -0.008057,
133.563073, 1.665308, 1.668530, 0.003223,
133.573435, 1.662085, 1.640332, -0.021753,
133.583989, 1.662891, 1.668530, 0.005640,
133.594343, 1.666919, 1.654028, -0.012891,
133.604986, 1.662085, 1.661279, -0.000806,
133.615554, 1.666919, 1.657251, -0.009668,
133.626192, 1.668530, 1.654834, -0.013696,
133.636871, 1.670142, 1.662891, -0.007251,
133.647436, 1.668530, 1.670142, 0.001611,
133.657864, 1.666113, 1.668530, 0.002417,
133.668221, 1.664502, 1.648389, -0.016113,
133.678868, 1.666113, 1.637109, -0.029004,
133.689398, 1.666919, 1.670142, 0.003223,
133.699659, 1.662891, 1.660474, -0.002417,
133.710218, 1.661279, 1.666113, 0.004834,
133.720561, 1.666919, 1.637109, -0.029809,
133.731306, 1.664502, 1.658057, -0.006445,
133.741897, 1.664502, 1.658862, -0.005640,
133.752660, 1.661279, 1.662891, 0.001611,
133.763054, 1.665308, 1.661279, -0.004028,
133.773557, 1.677393, 1.686255, 0.008862,
133.783869, 1.674170, 1.664502, -0.009668,
133.794336, 1.678198, 1.666113, -0.012085,
133.804993, 1.679810, 1.673364, -0.006445,
133.815561, 1.677393, 1.662891, -0.014502,
133.826195, 1.677393, 1.658862, -0.018530,
133.836791, 1.673364, 1.648389, -0.024976,
133.847430, 1.674976, 1.660474, -0.014502,
133.858123, 1.681421, 1.677393, -0.004028,
133.868661, 1.673364, 1.662085, -0.011279,
133.879333, 1.673364, 1.666919, -0.006445,
133.889872, 1.670947, 1.662085, -0.008862,
133.900449, 1.678198, 1.674170, -0.004028,
133.910989, 1.672559, 1.662085, -0.010474,
133.921562, 1.674976, 1.677393, 0.002417,
133.932114, 1.677393, 1.657251, -0.020142,
133.942679, 1.670947, 1.670947, 0.000000,
133.953210, 1.670142, 1.654028, -0.016113,
133.963805, 1.678198, 1.668530, -0.009668,
133.974339, 1.673364, 1.679810, 0.006445,
133.984777, 1.666113, 1.664502, -0.001611,
133.995342, 1.666113, 1.657251, -0.008862,
134.006013, 1.674170, 1.674170, 0.000000,
134.016333, 1.677393, 1.682227, 0.004834,
134.026776, 1.669336, 1.669336, 0.000000,
134.037120, 1.674170, 1.664502, -0.009668,
134.047777, 1.676587, 1.673364, -0.003223,
134.058437, 1.677393, 1.677393, 0.000000,
134.068813, 1.676587, 1.666919, -0.009668,
134.079438, 1.677393, 1.660474, -0.016919,
134.089996, 1.657251, 1.665308, 0.008057,
134.100429, 1.662891, 1.652417, -0.010474,
134.110868, 1.662085, 1.647583, -0.014502,
134.121373, 1.664502, 1.674170, 0.009668,
134.131937, 1.662891, 1.654028, -0.008862,
134.142550, 1.662891, 1.650806, -0.012085,
134.153218, 1.661279, 1.650806, -0.010474,
134.163794, 1.664502, 1.654834, -0.009668,
134.174343, 1.669336, 1.668530, -0.000806,
134.184985, 1.666919, 1.662085, -0.004834,
134.195557, 1.657251, 1.654834, -0.002417,
134.206220, 1.670142, 1.672559, 0.002417,
134.216553, 1.669336, 1.676587, 0.007251,
134.226983, 1.670142, 1.649194, -0.020947,
134.237668, 1.657251, 1.661279, 0.004028,
134.248113, 1.666113, 1.654834, -0.011279,
134.258777, 1.662085, 1.691895, 0.029810,
134.269149, 1.662891, 1.662085, -0.000806,
134.279773, 1.665308, 1.670142, 0.004834,
134.290122, 1.665308, 1.670142, 0.004834,
134.300523, 1.668530, 1.654028, -0.014502,
134.310991, 1.669336, 1.656445, -0.012891,
134.321561, 1.666113, 1.668530, 0.002417,
134.332124, 1.666919, 1.652417, -0.014502,
134.342658, 1.664502, 1.669336, 0.004834,
134.353214, 1.661279, 1.649194, -0.012085,
134.363805, 1.670142, 1.654834, -0.015308,
134.374340, 1.669336, 1.641138, -0.028198,
134.384995, 1.670142, 1.654834, -0.015308,
134.395555, 1.670142, 1.660474, -0.009668,
134.406218, 1.677393, 1.670142, -0.007251,
134.416774, 1.679810, 1.676587, -0.003223,
134.427449, 1.677393, 1.670142, -0.007251,
134.438124, 1.678198, 1.650000, -0.028198,
134.448776, 1.676587, 1.662085, -0.014502,
134.459442, 1.674170, 1.673364, -0.000806,
134.470121, 1.679004, 1.674170, -0.004834,
134.480780, 1.670947, 1.657251, -0.013696,
134.491344, 1.668530, 1.674170, 0.005640,
134.501774, 1.669336, 1.664502, -0.004834,
134.512347, 1.677393, 1.660474, -0.016919,
134.522878, 1.670142, 1.666919, -0.003223,
134.533656, 1.670142, 1.668530, -0.001611,
134.544330, 1.674170, 1.666919, -0.007251,
134.555004, 1.669336, 1.672559, 0.003223,
134.565371, 1.673364, 1.661279, -0.012085,
134.575985, 1.665308, 1.678198, 0.012891,
134.586346, 1.672559, 1.674170, 0.001611,
134.596654, 1.676587, 1.670947, -0.005640,
134.607340, 1.677393, 1.679004, 0.001611,
134.617663, 1.666113, 1.666919, 0.000806,
134.628124, 1.668530, 1.658057, -0.010474,
134.638784, 1.670142, 1.666919, -0.003223,
134.649434, 1.677393, 1.660474, -0.016919,
134.660003, 1.674976, 1.672559, -0.002417,
134.670556, 1.679004, 1.673364, -0.005640,
134.681232, 1.677393, 1.647583, -0.029810,
134.691774, 1.674170, 1.666113, -0.008057,
134.702449, 1.673364, 1.666919, -0.006445,
134.712996, 1.676587, 1.664502, -0.012085,
134.723576, 1.670947, 1.676587, 0.005640,
134.734127, 1.674976, 1.653223, -0.021753,
134.744765, 1.662085, 1.649194, -0.012891,
134.755442, 1.665308, 1.669336, 0.004028,
134.765823, 1.658862, 1.653223, -0.005640,
134.776423, 1.666113, 1.662085, -0.004028,
134.786881, 1.669336, 1.661279, -0.008057,
134.797443, 1.668530, 1.654834, -0.013696,
134.808058, 1.664502, 1.658862, -0.005640,
134.818568, 1.668530, 1.662891, -0.005640,
134.829237, 1.666113, 1.661279, -0.004834,
134.839879, 1.669336, 1.685449, 0.016113,
134.850435, 1.666919, 1.658057, -0.008862,
134.860999, 1.660474, 1.657251, -0.003223,
134.871567, 1.664502, 1.654834, -0.009668,
134.882221, 1.657251, 1.677393, 0.020142,
134.892566, 1.662891, 1.670142, 0.007251,
134.902981, 1.669336, 1.670947, 0.001611,
134.913228, 1.668530, 1.662085, -0.006445,
134.922335, 1.670142, 1.670142, 0.000000,
134.932776, 1.665308, 1.658057, -0.007251,
134.943342, 1.665308, 1.676587, 0.011279,
134.953885, 1.668530, 1.656445, -0.012085,
134.964469, 1.660474, 1.662891, 0.002417,
134.974782, 1.668530, 1.674976, 0.006445,
134.985125, 1.664502, 1.658057, -0.006445,
134.995661, 1.664502, 1.661279, -0.003223,
135.006340, 1.666919, 1.668530, 0.001611,
135.016670, 1.662085, 1.654834, -0.007251,
135.027328, 1.666919, 1.665308, -0.001611,
135.037901, 1.662085, 1.662891, 0.000806,
135.048340, 1.672559, 1.656445, -0.016113,
135.058990, 1.676587, 1.665308, -0.011279,
135.069566, 1.672559, 1.658057, -0.014502,
135.080232, 1.681421, 1.641943, -0.039478,
135.090775, 1.677393, 1.654834, -0.022559,
135.101417, 1.666113, 1.681421, 0.015308,
135.111668, 1.674170, 1.650806, -0.023364,
135.122224, 1.670947, 1.673364, 0.002417,
135.132814, 1.681421, 1.662891, -0.018530,
135.143346, 1.674170, 1.664502, -0.009668,
135.154123, 1.673364, 1.669336, -0.004028,
135.164688, 1.670947, 1.662085, -0.008862,
135.175302, 1.673364, 1.662085, -0.011279,
135.185886, 1.677393, 1.660474, -0.016919,
135.196439, 1.673364, 1.664502, -0.008862,
135.207120, 1.674170, 1.674976, 0.000806,
135.217446, 1.673364, 1.670947, -0.002417,
135.227994, 1.673364, 1.657251, -0.016113,
135.238660, 1.668530, 1.666919, -0.001611,
135.249357, 1.672559, 1.679004, 0.006445,
135.259783, 1.672559, 1.661279, -0.011279,
135.270352, 1.674170, 1.673364, -0.000806,
135.280993, 1.673364, 1.668530, -0.004834,
135.291560, 1.665308, 1.674170, 0.008862,
135.301991, 1.670142, 1.665308, -0.004834,
135.312545, 1.677393, 1.666919, -0.010474,
135.323126, 1.673364, 1.679810, 0.006445,
135.333664, 1.662085, 1.679004, 0.016919,
135.343994, 1.673364, 1.658057, -0.015308,
135.354780, 1.674976, 1.666919, -0.008057,
135.365393, 1.658057, 1.662891, 0.004834,
135.375752, 1.657251, 1.666113, 0.008862,
135.386129, 1.664502, 1.661279, -0.003223,
135.396668, 1.665308, 1.658862, -0.006445,
135.407341, 1.665308, 1.676587, 0.011279,
135.417669, 1.668530, 1.662085, -0.006445,
135.428345, 1.665308, 1.654834, -0.010474,
135.438997, 1.666919, 1.670142, 0.003223,
135.449447, 1.664502, 1.666919, 0.002417,
135.459788, 1.665308, 1.662085, -0.003223,
135.470343, 1.666113, 1.668530, 0.002417,
135.480344, 1.664502, 1.645972, -0.018530,
135.490885, 1.664502, 1.658862, -0.005640,
135.501557, 1.666919, 1.654028, -0.012891,
135.512135, 1.672559, 1.662085, -0.010474,
135.522666, 1.666113, 1.691089, 0.024976,
135.533124, 1.662891, 1.662085, -0.000806,
135.543656, 1.670142, 1.654028, -0.016113,
135.554348, 1.665308, 1.658057, -0.007251,
135.564911, 1.662891, 1.657251, -0.005640,
135.575547, 1.664502, 1.666919, 0.002417,
135.585893, 1.665308, 1.633081, -0.032227,
135.596446, 1.665308, 1.661279, -0.004028,
135.606996, 1.670142, 1.664502, -0.005640,
135.617568, 1.673364, 1.662085, -0.011279,
135.628221, 1.662891, 1.641138, -0.021753,
135.638881, 1.666113, 1.658057, -0.008057,
135.649554, 1.661279, 1.664502, 0.003223,
135.659890, 1.672559, 1.658862, -0.013696,
135.670445, 1.668530, 1.665308, -0.003223,
135.681125, 1.670142, 1.670142, 0.000000,
135.691453, 1.666919, 1.666919, 0.000000,
135.701779, 1.670142, 1.677393, 0.007251,
135.712136, 1.670142, 1.665308, -0.004834,
135.722661, 1.677393, 1.681421, 0.004028,
135.733117, 1.673364, 1.668530, -0.004834,
135.743661, 1.677393, 1.662085, -0.015308,
135.754352, 1.678198, 1.653223, -0.024976,
135.764907, 1.673364, 1.654834, -0.018530,
135.775561, 1.674170, 1.676587, 0.002417,
135.785878, 1.674170, 1.666113, -0.008057,
135.796352, 1.676587, 1.682227, 0.005640,
135.806687, 1.679004, 1.670142, -0.008862,
135.817224, 1.676587, 1.664502, -0.012085,
135.827875, 1.674976, 1.662891, -0.012085,
135.838499, 1.674170, 1.677393, 0.003223,
135.848876, 1.670947, 1.668530, -0.002417,
135.859564, 1.674976, 1.670142, -0.004834,
135.870131, 1.670947, 1.661279, -0.009668,
135.880780, 1.679004, 1.665308, -0.013696,
135.891347, 1.674170, 1.664502, -0.009668,
135.902002, 1.674170, 1.669336, -0.004834,
135.912560, 1.676587, 1.657251, -0.019336,
135.923128, 1.662891, 1.672559, 0.009668,
135.933561, 1.674170, 1.662085, -0.012085,
135.944211, 1.674976, 1.670142, -0.004834,
135.954876, 1.674976, 1.677393, 0.002417,
135.965319, 1.674976, 1.662891, -0.012085,
135.975969, 1.674976, 1.670947, -0.004028,
135.986443, 1.674976, 1.679004, 0.004028,
135.996665, 1.666919, 1.662085, -0.004834,
136.007352, 1.658862, 1.640332, -0.018530,
136.017886, 1.665308, 1.645166, -0.020142,
136.028561, 1.662891, 1.658862, -0.004028,
136.039225, 1.662891, 1.666113, 0.003223,
136.049664, 1.664502, 1.674976, 0.010474,
136.060126, 1.668530, 1.654834, -0.013696,
136.070677, 1.664502, 1.644360, -0.020142,
136.081347, 1.665308, 1.672559, 0.007251,
136.091675, 1.666113, 1.670142, 0.004028,
136.102126, 1.658057, 1.670947, 0.012891,
136.112446, 1.670142, 1.652417, -0.017725,
136.123007, 1.666919, 1.640332, -0.026587,
136.133832, 1.664502, 1.662891, -0.001611,
136.144349, 1.665308, 1.657251, -0.008057,
136.155128, 1.662085, 1.668530, 0.006445,
136.165488, 1.661279, 1.669336, 0.008057,
136.175787, 1.668530, 1.689478, 0.020947,
136.186133, 1.668530, 1.658057, -0.010474,
136.196666, 1.666113, 1.654834, -0.011279,
136.207348, 1.666113, 1.666113, 0.000000,
136.217667, 1.670142, 1.683032, 0.012891,
136.228125, 1.670142, 1.677393, 0.007251,
136.238563, 1.665308, 1.670142, 0.004834,
136.249002, 1.670142, 1.664502, -0.005640,
136.259665, 1.666113, 1.661279, -0.004834,
136.270348, 1.668530, 1.647583, -0.020947,
136.280996, 1.661279, 1.654028, -0.007251,
136.291567, 1.666113, 1.677393, 0.011279,
136.301967, 1.670142, 1.660474, -0.009668,
136.312440, 1.670947, 1.645972, -0.024976,
136.323000, 1.666919, 1.665308, -0.001611,
136.333772, 1.674976, 1.669336, -0.005640,
136.344348, 1.679810, 1.662085, -0.017725,
136.355129, 1.676587, 1.673364, -0.003223,
136.365738, 1.669336, 1.665308, -0.004028,
136.376315, 1.677393, 1.665308, -0.012085,
136.386796, 1.674170, 1.658862, -0.015308,
136.397347, 1.674170, 1.673364, -0.000806,
136.407998, 1.674976, 1.670142, -0.004834,
136.418567, 1.677393, 1.658057, -0.019336,
136.429227, 1.670142, 1.674976, 0.004834,
136.439654, 1.673364, 1.664502, -0.008862,
136.450231, 1.678198, 1.645166, -0.033032,
136.460884, 1.673364, 1.668530, -0.004834,
136.471482, 1.676587, 1.658862, -0.017725,
136.482128, 1.674976, 1.662891, -0.012085,
136.492665, 1.677393, 1.668530, -0.008862,
136.501988, 1.670142, 1.683838, 0.013696,
136.512350, 1.674976, 1.668530, -0.006445,
136.522884, 1.670947, 1.670142, -0.000806,
136.533656, 1.674976, 1.662085, -0.012891,
136.544236, 1.676587, 1.641138, -0.035449,
136.555005, 1.666919, 1.672559, 0.005640,
136.565379, 1.673364, 1.681421, 0.008057,
136.575669, 1.673364, 1.665308, -0.008057,
136.586231, 1.677393, 1.666113, -0.011279,
136.596782, 1.676587, 1.654834, -0.021753,
136.607447, 1.672559, 1.679004, 0.006445,
136.617778, 1.664502, 1.673364, 0.008862,
136.628186, 1.670142, 1.662085, -0.008057,
136.638787, 1.666113, 1.662085, -0.004028,
136.649441, 1.674976, 1.678198, 0.003223,
136.659890, 1.665308, 1.662085, -0.003223,
136.670448, 1.654028, 1.666919, 0.012891,
136.680889, 1.666113, 1.662085, -0.004028,
136.691455, 1.661279, 1.670142, 0.008862,
136.701875, 1.661279, 1.658057, -0.003223,
136.712370, 1.665308, 1.658057, -0.007251,
136.722889, 1.664502, 1.674976, 0.010474,
136.733346, 1.654834, 1.665308, 0.010474,
136.743676, 1.666919, 1.637915, -0.029004,
136.754445, 1.654028, 1.666919, 0.012891,
136.764833, 1.658862, 1.682227, 0.023364,
136.775126, 1.665308, 1.673364, 0.008057,
136.785470, 1.662891, 1.654028, -0.008862,
136.796010, 1.670142, 1.664502, -0.005640,
136.806656, 1.654834, 1.677393, 0.022559,
136.817005, 1.664502, 1.662085, -0.002417,
136.827648, 1.665308, 1.654834, -0.010474,
136.838234, 1.665308, 1.665308, 0.000000,
136.848646, 1.670142, 1.662085, -0.008057,
136.859242, 1.669336, 1.657251, -0.012085,
136.869804, 1.674170, 1.662891, -0.011279,
136.880457, 1.666919, 1.656445, -0.010474,
136.891034, 1.666113, 1.673364, 0.007251,
136.901442, 1.666113, 1.654028, -0.012085,
136.912011, 1.670142, 1.658862, -0.011279,
136.922571, 1.665308, 1.666919, 0.001611,
136.933004, 1.662891, 1.662085, -0.000806,
136.943564, 1.662891, 1.662085, -0.000806,
136.954233, 1.657251, 1.677393, 0.020142,
136.964595, 1.679004, 1.678198, -0.000806,
136.975129, 1.677393, 1.660474, -0.016919,
136.985792, 1.669336, 1.665308, -0.004028,
136.996350, 1.679004, 1.666113, -0.012891,
137.006999, 1.674170, 1.679004, 0.004834,
137.017372, 1.679004, 1.645166, -0.033838,
137.027999, 1.679004, 1.661279, -0.017725,
137.038677, 1.674976, 1.681421, 0.006445,
137.049136, 1.670947, 1.656445, -0.014502,
137.059790, 1.672559, 1.650000, -0.022559,
137.070360, 1.677393, 1.677393, 0.000000,
137.080792, 1.666113, 1.673364, 0.007251,
137.091131, 1.670142, 1.669336, -0.000806,
137.101681, 1.670142, 1.657251, -0.012891,
137.112348, 1.676587, 1.658057, -0.018530,
137.122892, 1.674170, 1.701563, 0.027393,
137.133522, 1.677393, 1.662891, -0.014502,
137.144004, 1.670142, 1.669336, -0.000806,
137.154775, 1.674976, 1.691895, 0.016919,
137.165174, 1.669336, 1.677393, 0.008057,
137.175458, 1.674170, 1.677393, 0.003223,
137.185897, 1.677393, 1.660474, -0.016919,
137.196463, 1.666113, 1.654028, -0.012085,
137.207142, 1.677393, 1.683838, 0.006445,
137.217460, 1.673364, 1.674976, 0.001611,
137.227878, 1.672559, 1.657251, -0.015308,
137.238451, 1.678198, 1.674976, -0.003223,
137.249131, 1.670142, 1.658862, -0.011279,
137.259780, 1.666919, 1.668530, 0.001611,
137.270131, 1.677393, 1.665308, -0.012085,
137.280803, 1.670142, 1.637109, -0.033032,
137.291352, 1.666113, 1.672559, 0.006445,
137.301667, 1.656445, 1.664502, 0.008057,
137.312016, 1.662085, 1.662085, 0.000000,
137.322258, 1.664502, 1.665308, 0.000806,
137.332676, 1.665308, 1.649194, -0.016113,
137.343349, 1.658862, 1.650000, -0.008862,
137.354138, 1.666113, 1.664502, -0.001611,
137.364710, 1.666919, 1.656445, -0.010474,
137.375237, 1.666113, 1.654028, -0.012085,
137.385882, 1.665308, 1.666113, 0.000806,
137.396137, 1.662891, 1.649194, -0.013696,
137.406788, 1.656445, 1.664502, 0.008057,
137.417131, 1.654834, 1.660474, 0.005640,
137.427538, 1.668530, 1.676587, 0.008057,
137.437901, 1.664502, 1.664502, 0.000000,
137.448231, 1.666113, 1.660474, -0.005640,
137.458903, 1.665308, 1.661279, -0.004028,
137.469560, 1.669336, 1.666919, -0.002417,
137.480236, 1.670142, 1.652417, -0.017725,
137.490794, 1.664502, 1.668530, 0.004028,
137.501141, 1.664502, 1.660474, -0.004028,
137.511708, 1.670142, 1.647583, -0.022559,
137.522238, 1.664502, 1.668530, 0.004028,
137.532668, 1.666113, 1.666113, 0.000000,
137.543065, 1.657251, 1.658862, 0.001611,
137.553573, 1.666113, 1.636304, -0.029810,
137.564167, 1.670142, 1.665308, -0.004834,
137.574679, 1.670142, 1.665308, -0.004834,
137.585360, 1.665308, 1.665308, 0.000000,
137.595678, 1.670142, 1.661279, -0.008862,
137.606359, 1.683838, 1.670142, -0.013696,
137.616891, 1.670142, 1.665308, -0.004834,
137.627438, 1.679810, 1.662085, -0.017725,
137.638003, 1.666113, 1.678198, 0.012085,
137.648462, 1.677393, 1.669336, -0.008057,
137.659141, 1.674976, 1.658057, -0.016919,
137.669792, 1.673364, 1.670142, -0.003223,
137.680449, 1.674170, 1.664502, -0.009668,
137.690887, 1.674976, 1.677393, 0.002417,
137.701134, 1.677393, 1.648389, -0.029004,
137.711743, 1.676587, 1.674170, -0.002417,
137.722242, 1.674170, 1.681421, 0.007251,
137.732676, 1.674976, 1.670142, -0.004834,
137.743350, 1.670142, 1.682227, 0.012085,
137.753871, 1.673364, 1.677393, 0.004028,
137.764176, 1.673364, 1.665308, -0.008057,
137.774684, 1.678198, 1.679810, 0.001611,
137.785131, 1.676587, 1.662085, -0.014502,
137.795675, 1.676587, 1.670142, -0.006445,
137.806346, 1.670947, 1.657251, -0.013696,
137.816899, 1.670142, 1.664502, -0.005640,
137.827539, 1.670947, 1.658057, -0.012891,
137.838144, 1.676587, 1.664502, -0.012085,
137.848785, 1.674170, 1.673364, -0.000806,
137.859470, 1.679810, 1.657251, -0.022559,
137.870120, 1.670142, 1.676587, 0.006445,
137.880544, 1.666113, 1.664502, -0.001611,
137.891017, 1.672559, 1.669336, -0.003223,
137.901572, 1.662085, 1.664502, 0.002417,
137.911898, 1.672559, 1.656445, -0.016113,
137.922462, 1.664502, 1.673364, 0.008862,
137.932867, 1.665308, 1.662085, -0.003223,
137.943458, 1.664502, 1.652417, -0.012085,
137.954236, 1.662085, 1.664502, 0.002417,
137.964608, 1.662891, 1.664502, 0.001611,
137.974890, 1.660474, 1.670142, 0.009668,
137.985237, 1.662891, 1.652417, -0.010474,
137.995793, 1.665308, 1.661279, -0.004028,
138.006459, 1.664502, 1.666919, 0.002417,
138.016795, 1.658862, 1.644360, -0.014502,
138.027445, 1.656445, 1.662085, 0.005640,
138.037893, 1.666919, 1.657251, -0.009668,
138.048569, 1.668530, 1.664502, -0.004028,
138.059253, 1.665308, 1.669336, 0.004028,
138.069635, 1.668530, 1.662085, -0.006445,
138.080228, 1.662085, 1.658862, -0.003223,
138.090805, 1.660474, 1.665308, 0.004834,
138.101142, 1.666113, 1.678198, 0.012085,
138.111571, 1.670142, 1.656445, -0.013696,
138.122148, 1.666113, 1.662085, -0.004028,
138.132802, 1.664502, 1.662891, -0.001611,
138.143359, 1.673364, 1.662085, -0.011279,
138.154131, 1.670947, 1.669336, -0.001611,
138.164712, 1.657251, 1.666919, 0.009668,
138.175009, 1.669336, 1.672559, 0.003223,
138.185463, 1.668530, 1.658862, -0.009668,
138.196009, 1.656445, 1.670142, 0.013696,
138.206461, 1.669336, 1.661279, -0.008057,
138.217047, 1.666113, 1.658057, -0.008057,
138.227667, 1.664502, 1.658862, -0.005640,
138.238360, 1.665308, 1.666919, 0.001611,
138.248791, 1.668530, 1.679810, 0.011279,
138.259246, 1.674976, 1.665308, -0.009668,
138.269822, 1.674170, 1.666919, -0.007251,
138.280455, 1.670947, 1.660474, -0.010474,
138.291008, 1.678198, 1.673364, -0.004834,
138.301573, 1.679004, 1.664502, -0.014502,
138.312131, 1.674976, 1.654028, -0.020947,
138.322678, 1.678198, 1.676587, -0.001611,
138.333447, 1.676587, 1.679810, 0.003223,
138.343798, 1.674976, 1.658862, -0.016113,
138.354569, 1.677393, 1.673364, -0.004028,
138.365176, 1.666113, 1.662085, -0.004028,
138.375677, 1.670947, 1.668530, -0.002417,
138.386359, 1.673364, 1.666113, -0.007251,
138.396903, 1.673364, 1.654028, -0.019336,
138.407568, 1.670142, 1.677393, 0.007251,
138.417826, 1.670142, 1.668530, -0.001611,
138.428448, 1.673364, 1.672559, -0.000806,
138.439130, 1.670142, 1.670142, 0.000000,
138.449458, 1.670947, 1.662891, -0.008057,
138.460175, 1.672559, 1.648389, -0.024170,
138.470688, 1.677393, 1.657251, -0.020142,
138.481356, 1.674170, 1.658862, -0.015308,
138.491909, 1.673364, 1.674976, 0.001611,
138.502330, 1.673364, 1.662085, -0.011279,
138.512896, 1.672559, 1.660474, -0.012085,
138.523468, 1.678198, 1.673364, -0.004834,
138.534227, 1.672559, 1.658057, -0.014502,
138.544796, 1.670947, 1.652417, -0.018530,
138.555579, 1.669336, 1.669336, 0.000000,
138.565971, 1.668530, 1.673364, 0.004834,
138.576250, 1.670947, 1.672559, 0.001611,
138.586680, 1.660474, 1.652417, -0.008057,
138.597239, 1.662891, 1.676587, 0.013696,
138.607673, 1.662891, 1.656445, -0.006445,
138.618258, 1.668530, 1.662085, -0.006445,
138.628869, 1.662085, 1.645166, -0.016919,
138.639470, 1.664502, 1.670142, 0.005640,
138.649897, 1.658057, 1.662085, 0.004028,
138.660359, 1.666113, 1.658057, -0.008057,
138.670895, 1.661279, 1.662085, 0.000806,
138.681364, 1.666113, 1.658862, -0.007251,
138.691899, 1.662891, 1.670947, 0.008057,
138.702329, 1.666113, 1.662085, -0.004028,
138.712802, 1.662085, 1.656445, -0.005640,
138.723376, 1.666919, 1.676587, 0.009668,
138.733888, 1.668530, 1.648389, -0.020142,
138.744465, 1.668530, 1.665308, -0.003223,
138.755238, 1.662085, 1.662085, 0.000000,
138.765606, 1.666919, 1.660474, -0.006445,
138.776141, 1.662085, 1.658057, -0.004028,
138.786814, 1.654834, 1.656445, 0.001611,
138.797146, 1.662085, 1.665308, 0.003223,
138.807581, 1.666919, 1.669336, 0.002417,
138.817897, 1.660474, 1.686255, 0.025781,
138.828357, 1.662085, 1.658862, -0.003223,
138.839012, 1.669336, 1.672559, 0.003223,
138.849470, 1.670947, 1.664502, -0.006445,
138.860138, 1.665308, 1.657251, -0.008057,
138.870700, 1.658862, 1.665308, 0.006445,
138.881145, 1.670947, 1.662085, -0.008862,
138.891681, 1.682227, 1.670142, -0.012085,
138.902332, 1.678198, 1.683032, 0.004834,
138.912578, 1.674976, 1.662891, -0.012085,
138.923142, 1.668530, 1.691089, 0.022559,
138.933667, 1.672559, 1.668530, -0.004028,
138.944246, 1.679004, 1.662085, -0.016919,
138.955436, 1.669336, 1.683838, 0.014502,
138.965827, 1.666919, 1.666919, 0.000000,
138.976142, 1.681421, 1.666919, -0.014502,
138.986796, 1.666919, 1.670142, 0.003223,
138.997133, 1.673364, 1.670142, -0.003223,
139.007791, 1.674976, 1.644360, -0.030615,
139.018362, 1.677393, 1.673364, -0.004028,
139.029011, 1.676587, 1.669336, -0.007251,
139.039680, 1.676587, 1.650000, -0.026587,
139.050368, 1.676587, 1.658862, -0.017725,
139.061008, 1.674976, 1.658862, -0.016113,
139.071580, 1.674976, 1.682227, 0.007251,
139.081982, 1.665308, 1.666919, 0.001611,
139.092245, 1.678198, 1.670142, -0.008057,
139.102887, 1.678198, 1.669336, -0.008862,
139.113368, 1.670947, 1.644360, -0.026587,
139.123903, 1.670142, 1.665308, -0.004834,
139.134758, 1.672559, 1.640332, -0.032227,
139.145245, 1.674976, 1.668530, -0.006445,
139.156016, 1.677393, 1.670142, -0.007251,
139.166620, 1.677393, 1.662891, -0.014502,
139.177230, 1.666919, 1.670142, 0.003223,
139.187583, 1.674170, 1.672559, -0.001611,
139.198141, 1.674976, 1.665308, -0.009668,
139.208768, 1.662085, 1.665308, 0.003223,
139.219014, 1.662085, 1.644360, -0.017725,
139.229685, 1.668530, 1.658057, -0.010474,
139.240364, 1.666919, 1.668530, 0.001611,
139.250806, 1.666919, 1.637109, -0.029809,
139.261462, 1.665308, 1.652417, -0.012891,
139.272029, 1.668530, 1.647583, -0.020947,
139.282682, 1.664502, 1.662085, -0.002417,
139.293248, 1.658862, 1.662085, 0.003223,
139.303650, 1.670142, 1.666919, -0.003223,
139.314158, 1.665308, 1.664502, -0.000806,
139.324682, 1.666919, 1.685449, 0.018530,
139.335205, 1.669336, 1.654028, -0.015308,
139.345681, 1.658862, 1.664502, 0.005640,
139.356247, 1.670142, 1.674170, 0.004028,
139.366613, 1.661279, 1.658057, -0.003223,
139.377254, 1.668530, 1.665308, -0.003223,
139.387796, 1.656445, 1.662085, 0.005640,
139.398147, 1.662085, 1.664502, 0.002417,
139.408582, 1.662085, 1.673364, 0.011279,
139.418902, 1.666113, 1.662891, -0.003223,
139.429462, 1.666113, 1.657251, -0.008862,
139.440146, 1.666919, 1.641138, -0.025781,
139.450803, 1.665308, 1.662891, -0.002417,
139.461470, 1.666919, 1.660474, -0.006445,
139.472031, 1.670142, 1.664502, -0.005640,
139.482670, 1.662891, 1.641943, -0.020947,
139.493252, 1.666113, 1.670947, 0.004834,
139.503658, 1.666919, 1.660474, -0.006445,
139.514206, 1.658862, 1.648389, -0.010474,
139.524691, 1.679810, 1.668530, -0.011279,
139.535464, 1.674976, 1.660474, -0.014502,
139.546017, 1.676587, 1.662085, -0.014502,
139.556768, 1.677393, 1.669336, -0.008057,
139.567350, 1.674170, 1.670142, -0.004028,
139.577981, 1.674976, 1.662085, -0.012891,
139.588467, 1.674976, 1.676587, 0.001611,
139.598798, 1.670947, 1.670142, -0.000806,
139.609399, 1.674170, 1.662891, -0.011279,
139.619907, 1.670947, 1.666113, -0.004834,
139.630579, 1.679810, 1.662891, -0.016919,
139.641267, 1.670142, 1.665308, -0.004834,
139.651899, 1.676587, 1.666919, -0.009668,
139.662474, 1.677393, 1.664502, -0.012891,
139.673014, 1.678198, 1.676587, -0.001611,
139.683689, 1.679810, 1.661279, -0.018530,
139.694254, 1.677393, 1.661279, -0.016113,
139.704926, 1.664502, 1.672559, 0.008057,
139.715248, 1.673364, 1.662085, -0.011279,
139.725793, 1.670947, 1.666919, -0.004028,
139.736472, 1.674170, 1.678198, 0.004028,
139.746930, 1.674170, 1.677393, 0.003223,
139.757359, 1.666919, 1.691895, 0.024976,
139.767731, 1.666919, 1.670142, 0.003223,
139.778144, 1.674976, 1.652417, -0.022559,
139.788684, 1.678198, 1.674976, -0.003223,
139.799252, 1.670947, 1.679004, 0.008057,
139.809684, 1.674976, 1.660474, -0.014502,
139.820258, 1.674976, 1.658862, -0.016113,
139.830892, 1.670947, 1.668530, -0.002417,
139.841468, 1.674976, 1.674976, 0.000000,
139.851873, 1.662085, 1.658862, -0.003223,
139.862469, 1.657251, 1.668530, 0.011279,
139.872804, 1.660474, 1.669336, 0.008862,
139.883260, 1.665308, 1.658862, -0.006445,
139.893805, 1.670142, 1.654834, -0.015308,
139.904467, 1.662085, 1.668530, 0.006445,
139.914803, 1.662891, 1.648389, -0.014502,
139.925364, 1.664502, 1.652417, -0.012085,
139.936029, 1.666919, 1.658862, -0.008057,
139.946693, 1.661279, 1.654834, -0.006445,
139.957365, 1.665308, 1.666919, 0.001611,
139.967784, 1.666113, 1.660474, -0.005640,
139.978366, 1.666113, 1.665308, -0.000806,
139.988905, 1.664502, 1.679004, 0.014502,
139.999252, 1.669336, 1.676587, 0.007251,
140.009688, 1.665308, 1.672559, 0.007251,
140.020035, 1.669336, 1.647583, -0.021753,
140.030669, 1.666113, 1.678198, 0.012085,
140.041144, 1.664502, 1.670142, 0.005640,
140.051581, 1.658862, 1.674170, 0.015308,
140.061896, 1.658862, 1.654834, -0.004028,
140.072473, 1.670142, 1.662085, -0.008057,
140.083149, 1.670142, 1.637915, -0.032227,
140.093680, 1.666113, 1.661279, -0.004834,
140.104358, 1.670142, 1.665308, -0.004834,
140.114905, 1.669336, 1.662085, -0.007251,
140.125429, 1.666919, 1.670142, 0.003223,
140.135987, 1.666113, 1.658057, -0.008057,
140.146578, 1.666919, 1.656445, -0.010474,
140.157255, 1.665308, 1.670947, 0.005640,
140.167674, 1.670142, 1.674170, 0.004028,
140.178142, 1.682227, 1.678198, -0.004028,
140.188691, 1.676587, 1.670142, -0.006445,
140.199258, 1.672559, 1.670947, -0.001611,
140.209908, 1.673364, 1.664502, -0.008862,
140.220362, 1.674976, 1.666919, -0.008057,
140.231031, 1.673364, 1.665308, -0.008057,
140.241684, 1.674976, 1.662085, -0.012891,
140.252458, 1.677393, 1.678198, 0.000806,
140.262802, 1.676587, 1.665308, -0.011279,
140.273364, 1.674170, 1.686255, 0.012085,
140.283806, 1.674170, 1.662085, -0.012085,
140.294388, 1.677393, 1.665308, -0.012085,
140.305013, 1.666113, 1.672559, 0.006445,
140.315364, 1.676587, 1.650000, -0.026587,
140.325912, 1.673364, 1.669336, -0.004028,
140.336683, 1.674170, 1.666113, -0.008057,
140.347362, 1.670142, 1.666113, -0.004028,
140.358018, 1.678198, 1.672559, -0.005640,
140.368655, 1.678198, 1.661279, -0.016919,
140.379257, 1.674976, 1.660474, -0.014502,
140.389805, 1.674170, 1.670142, -0.004028,
140.400368, 1.670142, 1.676587, 0.006445,
140.410682, 1.676587, 1.668530, -0.008057,
140.421257, 1.670142, 1.674170, 0.004028,
140.431693, 1.681421, 1.660474, -0.020947,
140.442370, 1.674170, 1.650806, -0.023364,
140.453143, 1.673364, 1.665308, -0.008057,
140.463682, 1.677393, 1.670142, -0.007251,
140.474251, 1.670142, 1.652417, -0.017725,
140.484900, 1.670142, 1.676587, 0.006445,
140.495250, 1.678198, 1.666919, -0.011279,
140.505887, 1.668530, 1.670142, 0.001611,
140.516145, 1.665308, 1.679810, 0.014502,
140.526469, 1.657251, 1.649194, -0.008057,
140.537151, 1.666113, 1.679810, 0.013696,
140.547577, 1.662085, 1.661279, -0.000806,
140.558270, 1.662085, 1.666919, 0.004834,
140.568604, 1.669336, 1.665308, -0.004028,
140.579257, 1.662085, 1.668530, 0.006445,
140.589590, 1.665308, 1.662085, -0.003223,
140.600151, 1.669336, 1.637109, -0.032227,
140.610689, 1.666919, 1.656445, -0.010474,
140.621256, 1.666919, 1.670142, 0.003223,
140.631688, 1.666113, 1.660474, -0.005640,
140.642367, 1.658862, 1.666113, 0.007251,
140.652888, 1.670142, 1.662085, -0.008057,
140.663478, 1.666113, 1.654834, -0.011279,
140.674017, 1.666113, 1.666919, 0.000806,
140.684460, 1.662085, 1.672559, 0.010474,
140.694801, 1.666113, 1.645166, -0.020947,
140.705470, 1.666113, 1.674170, 0.008057,
140.715806, 1.668530, 1.652417, -0.016113,
140.726373, 1.658862, 1.662085, 0.003223,
140.736805, 1.665308, 1.658862, -0.006445,
140.747466, 1.664502, 1.673364, 0.008862,
140.757901, 1.665308, 1.664502, -0.000806,
140.768466, 1.666113, 1.666113, 0.000000,
140.778803, 1.662085, 1.654028, -0.008057,
140.789374, 1.666919, 1.677393, 0.010474,
140.799696, 1.670142, 1.639526, -0.030615,
140.810374, 1.674976, 1.658057, -0.016919,
140.820916, 1.672559, 1.670142, -0.002417,
140.831585, 1.677393, 1.662891, -0.014502,
140.842154, 1.679810, 1.687060, 0.007251,
140.852679, 1.681421, 1.676587, -0.004834,
140.863254, 1.673364, 1.670947, -0.002417,
140.873801, 1.676587, 1.677393, 0.000806,
140.884196, 1.681421, 1.687060, 0.005640,
140.894474, 1.674170, 1.658057, -0.016113,
140.905151, 1.672559, 1.690283, 0.017725,
140.915475, 1.664502, 1.678198, 0.013696,
140.925802, 1.676587, 1.670947, -0.005640,
140.936476, 1.676587, 1.668530, -0.008057,
140.947142, 1.677393, 1.662891, -0.014502,
140.957806, 1.677393, 1.658057, -0.019336,
140.968453, 1.676587, 1.670142, -0.006445,
140.979032, 1.681421, 1.647583, -0.033838,
140.989593, 1.670947, 1.678198, 0.007251,
140.999912, 1.672559, 1.679810, 0.007251,
141.010367, 1.678198, 1.662085, -0.016113,
141.020981, 1.673364, 1.674976, 0.001611,
141.031371, 1.668530, 1.668530, 0.000000,
141.041689, 1.677393, 1.674976, -0.002417,
141.052458, 1.666113, 1.682227, 0.016113,
141.062803, 1.673364, 1.662085, -0.011279,
141.073369, 1.674170, 1.683838, 0.009668,
141.083799, 1.674170, 1.664502, -0.009668,
141.094374, 1.672559, 1.674976, 0.002417,
141.104791, 1.670947, 1.683838, 0.012891,
141.115151, 1.676587, 1.666919, -0.009668,
141.125686, 1.662085, 1.647583, -0.014502,
141.136557, 1.662085, 1.662891, 0.000806,
141.146952, 1.665308, 1.679004, 0.013696,
141.157366, 1.662085, 1.668530, 0.006445,
141.167707, 1.664502, 1.682227, 0.017725,
141.178153, 1.666113, 1.662085, -0.004028,
141.188691, 1.662891, 1.668530, 0.005640,
141.199018, 1.668530, 1.661279, -0.007251,
141.209588, 1.662085, 1.674170, 0.012085,
141.219906, 1.662085, 1.662891, 0.000806,
141.230239, 1.668530, 1.668530, 0.000000,
141.240569, 1.660474, 1.662891, 0.002417,
141.250880, 1.672559, 1.632275, -0.040283,
141.261464, 1.666113, 1.658057, -0.008057,
141.272034, 1.670947, 1.668530, -0.002417,
141.282694, 1.656445, 1.668530, 0.012085,
141.293017, 1.665308, 1.658057, -0.007251,
141.303655, 1.670142, 1.666113, -0.004028,
141.314157, 1.665308, 1.658862, -0.006445,
141.324687, 1.670142, 1.668530, -0.001611,
141.335479, 1.662085, 1.662085, 0.000000,
141.345706, 1.666919, 1.662085, -0.004834,
141.356469, 1.669336, 1.658862, -0.010474,
141.367115, 1.666113, 1.670947, 0.004834,
141.377458, 1.666113, 1.654834, -0.011279,
141.388036, 1.668530, 1.662085, -0.006445,
141.398584, 1.669336, 1.637915, -0.031421,
141.409212, 1.673364, 1.658057, -0.015308,
141.419689, 1.670142, 1.657251, -0.012891,
141.430372, 1.670142, 1.672559, 0.002417,
141.440806, 1.662085, 1.660474, -0.001611,
141.451471, 1.676587, 1.670142, -0.006445,
141.462042, 1.679810, 1.660474, -0.019336,
141.472583, 1.676587, 1.645972, -0.030615,
141.483257, 1.679810, 1.669336, -0.010474,
141.493800, 1.674170, 1.662085, -0.012085,
141.504470, 1.674170, 1.673364, -0.000806,
141.515040, 1.670947, 1.666113, -0.004834,
141.525581, 1.670947, 1.668530, -0.002417,
141.536254, 1.674170, 1.674976, 0.000806,
141.546700, 1.665308, 1.632275, -0.033032,
141.557366, 1.679004, 1.691089, 0.012085,
141.567768, 1.673364, 1.660474, -0.012891,
141.578375, 1.669336, 1.666113, -0.003223,
141.588908, 1.668530, 1.666113, -0.002417,
141.599471, 1.676587, 1.669336, -0.007251,
141.610141, 1.672559, 1.678198, 0.005640,
141.620467, 1.678198, 1.674170, -0.004028,
141.631149, 1.673364, 1.666919, -0.006445,
141.641804, 1.664502, 1.668530, 0.004028,
141.652347, 1.669336, 1.661279, -0.008057,
141.662906, 1.674976, 1.665308, -0.009668,
141.673486, 1.674170, 1.665308, -0.008862,
141.684153, 1.676587, 1.662085, -0.014502,
141.694696, 1.674170, 1.669336, -0.004834,
141.705371, 1.674976, 1.670142, -0.004834,
141.715912, 1.662891, 1.666919, 0.004028,
141.726157, 1.676587, 1.691895, 0.015308,
141.736708, 1.672559, 1.662891, -0.009668,
141.747369, 1.668530, 1.672559, 0.004028,
141.757805, 1.676587, 1.670947, -0.005640,
141.768384, 1.661279, 1.662891, 0.001611,
141.778804, 1.658057, 1.657251, -0.000806,
141.789368, 1.658057, 1.673364, 0.015308,
141.799687, 1.662891, 1.666919, 0.004028,
141.810148, 1.662085, 1.632275, -0.029810,
141.820694, 1.657251, 1.666919, 0.009668,
141.831149, 1.658862, 1.641138, -0.017725,
141.841806, 1.657251, 1.664502, 0.007251,
141.852339, 1.662891, 1.662085, -0.000806,
141.862905, 1.665308, 1.658862, -0.006445,
141.873475, 1.666919, 1.650806, -0.016113,
141.884152, 1.665308, 1.666113, 0.000806,
141.894476, 1.665308, 1.657251, -0.008057,
141.905149, 1.654834, 1.662891, 0.008057,
141.915478, 1.662891, 1.662891, 0.000000,
141.925695, 1.666113, 1.658057, -0.008057,
141.936471, 1.661279, 1.660474, -0.000806,
141.947152, 1.661279, 1.662085, 0.000806,
141.957585, 1.666113, 1.657251, -0.008862,
141.968218, 1.662085, 1.654834, -0.007251,
141.978815, 1.662891, 1.654834, -0.008057,
141.989373, 1.658057, 1.666919, 0.008862,
141.999722, 1.662085, 1.665308, 0.003223,
142.010162, 1.662085, 1.654834, -0.007251,
142.020694, 1.668530, 1.633887, -0.034644,
142.031372, 1.666113, 1.658862, -0.007251,
142.042033, 1.670142, 1.654028, -0.016113,
142.052780, 1.660474, 1.656445, -0.004028,
142.063355, 1.666919, 1.644360, -0.022559,
142.073929, 1.669336, 1.661279, -0.008057,
142.084587, 1.679004, 1.674976, -0.004028,
142.095153, 1.670142, 1.662085, -0.008057,
142.105803, 1.677393, 1.664502, -0.012891,
142.116371, 1.673364, 1.662891, -0.010474,
142.126903, 1.677393, 1.660474, -0.016919,
142.137679, 1.679810, 1.674170, -0.005640,
142.148368, 1.673364, 1.670142, -0.003223,
142.159039, 1.679810, 1.654834, -0.024976,
142.169601, 1.664502, 1.673364, 0.008862,
142.180031, 1.670947, 1.662891, -0.008057,
142.190470, 1.676587, 1.665308, -0.011279,
142.201038, 1.673364, 1.666919, -0.006445,
142.211587, 1.674170, 1.668530, -0.005640,
142.222154, 1.668530, 1.668530, 0.000000,
142.232481, 1.677393, 1.661279, -0.016113,
142.243031, 1.670947, 1.662085, -0.008862,
142.253808, 1.673364, 1.678198, 0.004834,
142.264203, 1.674976, 1.654028, -0.020947,
142.274692, 1.662085, 1.683838, 0.021753,
142.285148, 1.673364, 1.665308, -0.008057,
142.295696, 1.674170, 1.660474, -0.013696,
142.306370, 1.677393, 1.676587, -0.000806,
142.316914, 1.670142, 1.670142, 0.000000,
142.327251, 1.668530, 1.662891, -0.005640,
142.337908, 1.668530, 1.682227, 0.013696,
142.348378, 1.673364, 1.657251, -0.016113,
142.359029, 1.679004, 1.658862, -0.020142,
142.369596, 1.670947, 1.662085, -0.008862,
142.380250, 1.673364, 1.668530, -0.004834,
142.390807, 1.676587, 1.670142, -0.006445,
142.401374, 1.674976, 1.669336, -0.005640,
142.411936, 1.672559, 1.666113, -0.006445,
142.422480, 1.665308, 1.694311, 0.029004,
142.432908, 1.656445, 1.649194, -0.007251,
142.443485, 1.662891, 1.668530, 0.005640,
142.454033, 1.662085, 1.666919, 0.004834,
142.464415, 1.664502, 1.640332, -0.024170,
142.474915, 1.668530, 1.668530, 0.000000,
142.485254, 1.668530, 1.658057, -0.010474,
142.495810, 1.658057, 1.660474, 0.002417,
142.506256, 1.668530, 1.691895, 0.023364,
142.516588, 1.668530, 1.665308, -0.003223,
142.527232, 1.662891, 1.654834, -0.008057,
142.537812, 1.665308, 1.668530, 0.003223,
142.548253, 1.661279, 1.657251, -0.004028,
142.558910, 1.668530, 1.674976, 0.006445,
142.569295, 1.669336, 1.664502, -0.004834,
142.579915, 1.665308, 1.674976, 0.009668,
142.590266, 1.665308, 1.637109, -0.028198,
142.600836, 1.670142, 1.681421, 0.011279,
142.611261, 1.670142, 1.654028, -0.016113,
142.621807, 1.668530, 1.677393, 0.008862,
142.632246, 1.666919, 1.660474, -0.006445,
142.642915, 1.666919, 1.662085, -0.004834,
142.653695, 1.662085, 1.670142, 0.008057,
142.664071, 1.662085, 1.648389, -0.013696,
142.674589, 1.666919, 1.682227, 0.015308,
142.685031, 1.666919, 1.664502, -0.002417,
142.695586, 1.662085, 1.654834, -0.007251,
142.706150, 1.669336, 1.670142, 0.000806,
142.716366, 1.665308, 1.666919, 0.001611,
142.726583, 1.679810, 1.654028, -0.025781,
142.737257, 1.682227, 1.674170, -0.008057,
142.747897, 1.676587, 1.658057, -0.018530,
142.758587, 1.668530, 1.673364, 0.004834,
142.768921, 1.677393, 1.658057, -0.019336,
142.779583, 1.674170, 1.662891, -0.011279,
142.790154, 1.679004, 1.670947, -0.008057,
142.800692, 1.666919, 1.666113, -0.000806,
142.811373, 1.668530, 1.666113, -0.002417,
142.821917, 1.676587, 1.679810, 0.003223,
142.832373, 1.674976, 1.665308, -0.009668,
142.843043, 1.681421, 1.643555, -0.037866,
142.853813, 1.674976, 1.679004, 0.004028,
142.864199, 1.670142, 1.668530, -0.001611,
142.874693, 1.679004, 1.649194, -0.029809,
142.885372, 1.673364, 1.662085, -0.011279,
142.895914, 1.666919, 1.653223, -0.013696,
142.906592, 1.677393, 1.670142, -0.007251,
142.917176, 1.679004, 1.666919, -0.012085,
142.927786, 1.670947, 1.668530, -0.002417,
142.938384, 1.668530, 1.678198, 0.009668,
142.948806, 1.678198, 1.670142, -0.008057,
142.955813, 1.673364, 1.666113, -0.007251,
142.966942, 1.666919, 1.660474, -0.006445,
142.977570, 1.668530, 1.669336, 0.000806,
142.987923, 1.672559, 1.679004, 0.006445,
142.998256, 1.669336, 1.681421, 0.012085,
143.008702, 1.670947, 1.681421, 0.010474,
143.019047, 1.670142, 1.661279, -0.008862,
143.029691, 1.673364, 1.670142, -0.003223,
143.040379, 1.673364, 1.662085, -0.011279,
143.051054, 1.662085, 1.665308, 0.003223,
143.061484, 1.654028, 1.653223, -0.000806,
143.072036, 1.665308, 1.670142, 0.004834,
143.082476, 1.662085, 1.658862, -0.003223,
143.093035, 1.664502, 1.665308, 0.000806,
143.103380, 1.661279, 1.666919, 0.005640,
143.113739, 1.662891, 1.662085, -0.000806,
143.124264, 1.664502, 1.662891, -0.001611,
143.135124, 1.666113, 1.657251, -0.008862,
143.145702, 1.665308, 1.660474, -0.004834,
143.156483, 1.668530, 1.677393, 0.008862,
143.166881, 1.668530, 1.652417, -0.016113,
143.177471, 1.665308, 1.665308, 0.000000,
143.187701, 1.670142, 1.676587, 0.006445,
143.198035, 1.665308, 1.683032, 0.017725,
143.208488, 1.666113, 1.633887, -0.032227,
143.219039, 1.669336, 1.662085, -0.007251,
143.229705, 1.666113, 1.669336, 0.003223,
143.240155, 1.665308, 1.660474, -0.004834,
143.250805, 1.666919, 1.662085, -0.004834,
143.261376, 1.665308, 1.664502, -0.000806,
143.271926, 1.662085, 1.669336, 0.007251,
143.282376, 1.666113, 1.678198, 0.012085,
143.292715, 1.666113, 1.661279, -0.004834,
143.303372, 1.666919, 1.665308, -0.001611,
143.313920, 1.668530, 1.652417, -0.016113,
143.324476, 1.670142, 1.662085, -0.008057,
143.335156, 1.670947, 1.666919, -0.004028,
143.345702, 1.668530, 1.664502, -0.004028,
143.356486, 1.668530, 1.662085, -0.006445,
143.367114, 1.682227, 1.652417, -0.029810,
143.377680, 1.674170, 1.662891, -0.011279,
143.388261, 1.678198, 1.647583, -0.030615,
143.398816, 1.682227, 1.654028, -0.028198,
143.409476, 1.676587, 1.672559, -0.004028,
143.419977, 1.677393, 1.670947, -0.006445,
143.430592, 1.677393, 1.658057, -0.019336,
143.441269, 1.672559, 1.654834, -0.017725,
143.451919, 1.677393, 1.654834, -0.022559,
143.462490, 1.674976, 1.668530, -0.006445,
143.473041, 1.672559, 1.658862, -0.013696,
143.483702, 1.674976, 1.660474, -0.014502,
143.494267, 1.674170, 1.648389, -0.025781,
143.504912, 1.673364, 1.668530, -0.004834,
143.515489, 1.672559, 1.674170, 0.001611,
143.525595, 1.673364, 1.653223, -0.020142,
143.536259, 1.673364, 1.660474, -0.012891,
143.546927, 1.670142, 1.650806, -0.019336,
143.557590, 1.673364, 1.674170, 0.000806,
143.567935, 1.673364, 1.656445, -0.016919,
143.578601, 1.670947, 1.654028, -0.016919,
143.589161, 1.673364, 1.689478, 0.016113,
143.599474, 1.673364, 1.647583, -0.025781,
143.610165, 1.676587, 1.662085, -0.014502,
143.620698, 1.677393, 1.669336, -0.008057,
143.631383, 1.670142, 1.666113, -0.004028,
143.642032, 1.672559, 1.662891, -0.009668,
143.652784, 1.674170, 1.664502, -0.009668,
143.663384, 1.666113, 1.677393, 0.011279,
143.673705, 1.673364, 1.674976, 0.001611,
143.684154, 1.669336, 1.654028, -0.015308,
143.694705, 1.665308, 1.658862, -0.006445,
143.705384, 1.658057, 1.661279, 0.003223,
143.715698, 1.664502, 1.662891, -0.001611,
143.726271, 1.666113, 1.660474, -0.005640,
143.736946, 1.662085, 1.656445, -0.005640,
143.747595, 1.666919, 1.641138, -0.025781,
143.758264, 1.661279, 1.656445, -0.004834,
143.768880, 1.662891, 1.654834, -0.008057,
143.779489, 1.669336, 1.670142, 0.000806,
143.789817, 1.660474, 1.669336, 0.008862,
143.800156, 1.668530, 1.670142, 0.001611,
143.810488, 1.670142, 1.660474, -0.009668,
143.821039, 1.666113, 1.690283, 0.024170,
143.831481, 1.665308, 1.641138, -0.024170,
143.842164, 1.662891, 1.674170, 0.011279,
143.852682, 1.670142, 1.661279, -0.008862,
143.863267, 1.668530, 1.665308, -0.003223,
143.873815, 1.668530, 1.687060, 0.018530,
143.884253, 1.669336, 1.654834, -0.014502,
143.894811, 1.658862, 1.647583, -0.011279,
143.905479, 1.662085, 1.668530, 0.006445,
143.915813, 1.664502, 1.666919, 0.002417,
143.926167, 1.668530, 1.654028, -0.014502,
143.936912, 1.664502, 1.679004, 0.014502,
143.947382, 1.665308, 1.666113, 0.000806,
143.957824, 1.665308, 1.654028, -0.011279,
143.968485, 1.664502, 1.666919, 0.002417,
143.978892, 1.666919, 1.632275, -0.034644,
143.989380, 1.666919, 1.672559, 0.005640,
143.999701, 1.669336, 1.666919, -0.002417,
144.010378, 1.683838, 1.661279, -0.022559,
144.020918, 1.676587, 1.679004, 0.002417,
144.031290, 1.677393, 1.670142, -0.007251,
144.041915, 1.676587, 1.661279, -0.015308,
144.052765, 1.678198, 1.677393, -0.000806,
144.063262, 1.678198, 1.669336, -0.008862,
144.073815, 1.677393, 1.644360, -0.033032,
144.084401, 1.677393, 1.670947, -0.006445,
144.094917, 1.672559, 1.662891, -0.009668,
144.105597, 1.670947, 1.670142, -0.000806,
144.116164, 1.665308, 1.662085, -0.003223,
144.126701, 1.678198, 1.662085, -0.016113,
144.137461, 1.676587, 1.654834, -0.021753,
144.148159, 1.673364, 1.666113, -0.007251,
144.158819, 1.677393, 1.662891, -0.014502,
144.169378, 1.677393, 1.661279, -0.016113,
144.180047, 1.677393, 1.670947, -0.006445,
144.190600, 1.677393, 1.664502, -0.012891,
144.201163, 1.676587, 1.654834, -0.021753,
144.211811, 1.672559, 1.650806, -0.021753,
144.222381, 1.677393, 1.672559, -0.004834,
144.233107, 1.681421, 1.674976, -0.006445,
144.243595, 1.676587, 1.665308, -0.011279,
144.254382, 1.674976, 1.683032, 0.008057,
144.264740, 1.673364, 1.666919, -0.006445,
144.275259, 1.679810, 1.662085, -0.017725,
144.285924, 1.681421, 1.668530, -0.012891,
144.296483, 1.674976, 1.662891, -0.012085,
144.307160, 1.672559, 1.654834, -0.017725,
144.317700, 1.669336, 1.662891, -0.006445,
144.328383, 1.672559, 1.657251, -0.015308,
144.339039, 1.662085, 1.678198, 0.016113,
144.349480, 1.664502, 1.654834, -0.009668,
144.360162, 1.666113, 1.654028, -0.012085,
144.370721, 1.662085, 1.650806, -0.011279,
144.381378, 1.662085, 1.653223, -0.008862,
144.391916, 1.662891, 1.657251, -0.005640,
144.402466, 1.665308, 1.674976, 0.009668,
144.412714, 1.668530, 1.662085, -0.006445,
144.423288, 1.670947, 1.666919, -0.004028,
144.434000, 1.664502, 1.660474, -0.004028,
144.444492, 1.668530, 1.682227, 0.013696,
144.455037, 1.666919, 1.670142, 0.003223,
144.465407, 1.664502, 1.657251, -0.007251,
144.475930, 1.666919, 1.648389, -0.018530,
144.486597, 1.669336, 1.673364, 0.004028,
144.496920, 1.669336, 1.666113, -0.003223,
144.507590, 1.666919, 1.656445, -0.010474,
144.518165, 1.665308, 1.658057, -0.007251,
144.528817, 1.662891, 1.658862, -0.004028,
144.539496, 1.666113, 1.673364, 0.007251,
144.549913, 1.665308, 1.657251, -0.008057,
144.560588, 1.665308, 1.645166, -0.020142,
144.571164, 1.665308, 1.683032, 0.017725,
144.581598, 1.666919, 1.662085, -0.004834,
144.592171, 1.669336, 1.658862, -0.010474,
144.602794, 1.662891, 1.670142, 0.007251,
144.613038, 1.668530, 1.660474, -0.008057,
144.623612, 1.669336, 1.662891, -0.006445,
144.634355, 1.666919, 1.637109, -0.029809,
144.644815, 1.679810, 1.672559, -0.007251,
144.655601, 1.670947, 1.682227, 0.011279,
144.665968, 1.677393, 1.670142, -0.007251,
144.676482, 1.665308, 1.654834, -0.010474,
144.687077, 1.678198, 1.666113, -0.012085,
144.697603, 1.670947, 1.664502, -0.006445,
144.708258, 1.678198, 1.656445, -0.021753,
144.718820, 1.674976, 1.666919, -0.008057,
144.729488, 1.673364, 1.674170, 0.000806,
144.739915, 1.673364, 1.666919, -0.006445,
144.750621, 1.674170, 1.637915, -0.036255,
144.761268, 1.670947, 1.657251, -0.013696,
144.771826, 1.665308, 1.669336, 0.004028,
144.782263, 1.678198, 1.676587, -0.001611,
144.792827, 1.677393, 1.668530, -0.008862,
144.803451, 1.673364, 1.662891, -0.010474,
144.813923, 1.672559, 1.662891, -0.009668,
144.824444, 1.678198, 1.670142, -0.008057,
144.835152, 1.677393, 1.669336, -0.008057,
144.845691, 1.670142, 1.674170, 0.004028,
144.856266, 1.670947, 1.666113, -0.004834,
144.866850, 1.678198, 1.658057, -0.020142,
144.877473, 1.674976, 1.661279, -0.013696,
144.888053, 1.673364, 1.690283, 0.016919,
144.898381, 1.674976, 1.672559, -0.002417,
144.908936, 1.670142, 1.657251, -0.012891,
144.919486, 1.666113, 1.670142, 0.004028,
144.929819, 1.665308, 1.670142, 0.004834,
144.940166, 1.677393, 1.674170, -0.003223,
144.950804, 1.668530, 1.665308, -0.003223,
144.961476, 1.670142, 1.647583, -0.022559,
144.972044, 1.661279, 1.664502, 0.003223,
144.982485, 1.662891, 1.670947, 0.008057,
144.992824, 1.662085, 1.652417, -0.009668,
145.003467, 1.666113, 1.664502, -0.001611,
145.014060, 1.660474, 1.665308, 0.004834,
145.024380, 1.666113, 1.670947, 0.004834,
145.034886, 1.665308, 1.662085, -0.003223,
145.045390, 1.666919, 1.662085, -0.004834,
145.056169, 1.665308, 1.637109, -0.028198,
145.066759, 1.669336, 1.654834, -0.014502,
145.077354, 1.666919, 1.678198, 0.011279,
145.087703, 1.662085, 1.664502, 0.002417,
145.098046, 1.662085, 1.661279, -0.000806,
145.108708, 1.669336, 1.661279, -0.008057,
145.119267, 1.660474, 1.645972, -0.014502,
145.129916, 1.662891, 1.672559, 0.009668,
145.140386, 1.669336, 1.665308, -0.004028,
145.151045, 1.661279, 1.662085, 0.000806,
145.161487, 1.662085, 1.649194, -0.012891,
145.172043, 1.666919, 1.669336, 0.002417,
145.182489, 1.668530, 1.673364, 0.004834,
145.192812, 1.665308, 1.662891, -0.002417,
145.203389, 1.661279, 1.654834, -0.006445,
145.213920, 1.665308, 1.654834, -0.010474,
145.224379, 1.662085, 1.674170, 0.012085,
145.234895, 1.668530, 1.654834, -0.013696,
145.244899, 1.668530, 1.662085, -0.006445,
145.255594, 1.666919, 1.665308, -0.001611,
145.266201, 1.661279, 1.658057, -0.003223,
145.276719, 1.664502, 1.665308, 0.000806,
145.287051, 1.678198, 1.685449, 0.007251,
145.297383, 1.679810, 1.661279, -0.018530,
145.308041, 1.679810, 1.662085, -0.017725,
145.318594, 1.676587, 1.674170, -0.002417,
145.329162, 1.679810, 1.669336, -0.010474,
145.339817, 1.677393, 1.670142, -0.007251,
145.350485, 1.677393, 1.658862, -0.018530,
145.361172, 1.666919, 1.644360, -0.022559,
145.371713, 1.677393, 1.677393, 0.000000,
145.382163, 1.677393, 1.658862, -0.018530,
145.392708, 1.673364, 1.672559, -0.000806,
145.403385, 1.668530, 1.653223, -0.015308,
145.413922, 1.674976, 1.664502, -0.010474,
145.424392, 1.665308, 1.670947, 0.005640,
145.434884, 1.670947, 1.670142, -0.000806,
145.445378, 1.674976, 1.670142, -0.004834,
145.456161, 1.677393, 1.640332, -0.037061,
145.466731, 1.673364, 1.662085, -0.011279,
145.477350, 1.670947, 1.657251, -0.013696,
145.487828, 1.674976, 1.670142, -0.004834,
145.498391, 1.670142, 1.665308, -0.004834,
145.509046, 1.669336, 1.666113, -0.003223,
145.519597, 1.670142, 1.662085, -0.008057,
145.530237, 1.677393, 1.666919, -0.010474,
145.540880, 1.673364, 1.666113, -0.007251,
145.551490, 1.674170, 1.649194, -0.024976,
145.562062, 1.677393, 1.641943, -0.035449,
145.572706, 1.677393, 1.662085, -0.015308,
145.583395, 1.662891, 1.668530, 0.005640,
145.593708, 1.672559, 1.669336, -0.003223,
145.604390, 1.670142, 1.683838, 0.013696,
145.614707, 1.664502, 1.670142, 0.005640,
145.625051, 1.657251, 1.668530, 0.011279,
145.635600, 1.669336, 1.664502, -0.004834,
145.646240, 1.658862, 1.670142, 0.011279,
145.656707, 1.664502, 1.658862, -0.005640,
145.667302, 1.654028, 1.668530, 0.014502,
145.677697, 1.660474, 1.652417, -0.008057,
145.688270, 1.665308, 1.661279, -0.004028,
145.698821, 1.658862, 1.654028, -0.004834,
145.709394, 1.669336, 1.654028, -0.015308,
145.719922, 1.666919, 1.670947, 0.004028,
145.730275, 1.662085, 1.674170, 0.012085,
145.740708, 1.669336, 1.661279, -0.008057,
145.751393, 1.662891, 1.662085, -0.000806,
145.762042, 1.670142, 1.650806, -0.019336,
145.772598, 1.662085, 1.666113, 0.004028,
145.783048, 1.670142, 1.668530, -0.001611,
145.793592, 1.666919, 1.665308, -0.001611,
145.804268, 1.664502, 1.682227, 0.017725,
145.814610, 1.668530, 1.666919, -0.001611,
145.825171, 1.668530, 1.658862, -0.009668,
145.835924, 1.669336, 1.666113, -0.003223,
145.846589, 1.661279, 1.666113, 0.004834,
145.857047, 1.668530, 1.666113, -0.002417,
145.867679, 1.669336, 1.657251, -0.012085,
145.878388, 1.662085, 1.654834, -0.007251,
145.888919, 1.670947, 1.661279, -0.009668,
145.899470, 1.658862, 1.662085, 0.003223,
145.909825, 1.665308, 1.661279, -0.004028,
145.920387, 1.666113, 1.648389, -0.017725,
145.931108, 1.673364, 1.658862, -0.014502,
145.941713, 1.674976, 1.668530, -0.006445,
145.952478, 1.674976, 1.674976, 0.000000,
145.962827, 1.674976, 1.658862, -0.016113,
145.973396, 1.677393, 1.668530, -0.008862,
145.984055, 1.674976, 1.661279, -0.013696,
145.994637, 1.679004, 1.656445, -0.022559,
146.005261, 1.676587, 1.668530, -0.008057,
146.015824, 1.674976, 1.673364, -0.001611,
146.026399, 1.669336, 1.664502, -0.004834,
146.037059, 1.677393, 1.674170, -0.003223,
146.047691, 1.673364, 1.669336, -0.004028,
146.058397, 1.678198, 1.664502, -0.013696,
146.068963, 1.670142, 1.678198, 0.008057,
146.079385, 1.677393, 1.676587, -0.000806,
146.089936, 1.677393, 1.674976, -0.002417,
146.100396, 1.674170, 1.660474, -0.013696,
146.110922, 1.670947, 1.652417, -0.018530,
146.121498, 1.678198, 1.673364, -0.004834,
146.132174, 1.679004, 1.666113, -0.012891,
146.142932, 1.669336, 1.666113, -0.003223,
146.153693, 1.664502, 1.660474, -0.004028,
146.164319, 1.670947, 1.660474, -0.010474,
146.174824, 1.670142, 1.658862, -0.011279,
146.185487, 1.676587, 1.664502, -0.012085,
146.196062, 1.674170, 1.664502, -0.009668,
146.206706, 1.674976, 1.662085, -0.012891,
146.217269, 1.670947, 1.670947, 0.000000,
146.227695, 1.673364, 1.658862, -0.014502,
146.238388, 1.677393, 1.676587, -0.000806,
146.249050, 1.668530, 1.656445, -0.012085,
146.259724, 1.668530, 1.665308, -0.003223,
146.270393, 1.665308, 1.662085, -0.003223,
146.281049, 1.658862, 1.670947, 0.012085,
146.291382, 1.664502, 1.657251, -0.007251,
146.301829, 1.664502, 1.657251, -0.007251,
146.312389, 1.662891, 1.654028, -0.008862,
146.322938, 1.662085, 1.677393, 0.015308,
146.333474, 1.669336, 1.658862, -0.010474,
146.344042, 1.666113, 1.662085, -0.004028,
146.354709, 1.664502, 1.673364, 0.008862,
146.365084, 1.662085, 1.650000, -0.012085,
146.375606, 1.670142, 1.654834, -0.015308,
146.386168, 1.661279, 1.677393, 0.016113,
146.396496, 1.666919, 1.665308, -0.001611,
146.407173, 1.669336, 1.670947, 0.001611,
146.417500, 1.666919, 1.643555, -0.023364,
146.428169, 1.662891, 1.660474, -0.002417,
146.438826, 1.661279, 1.679004, 0.017725,
146.449278, 1.666113, 1.664502, -0.001611,
146.459947, 1.669336, 1.677393, 0.008057,
146.470361, 1.662085, 1.665308, 0.003223,
146.480713, 1.669336, 1.678198, 0.008862,
146.491060, 1.669336, 1.678198, 0.008862,
146.501390, 1.668530, 1.664502, -0.004028,
146.511943, 1.666113, 1.658862, -0.007251,
146.522503, 1.669336, 1.662085, -0.007251,
146.533249, 1.670142, 1.664502, -0.005640,
146.543826, 1.666113, 1.654834, -0.011279,
146.554603, 1.666919, 1.677393, 0.010474,
146.564979, 1.679810, 1.689478, 0.009668,
146.575287, 1.677393, 1.657251, -0.020142,
146.585953, 1.676587, 1.662085, -0.014502,
146.596496, 1.676587, 1.670142, -0.006445,
146.607172, 1.666919, 1.662085, -0.004834,
146.617712, 1.677393, 1.662891, -0.014502,
146.628384, 1.677393, 1.654834, -0.022559,
146.639065, 1.670142, 1.665308, -0.004834,
146.649712, 1.670142, 1.666919, -0.003223,
146.660389, 1.678198, 1.674976, -0.003223,
146.670932, 1.674170, 1.673364, -0.000806,
146.681604, 1.674170, 1.662085, -0.012085,
146.692168, 1.673364, 1.669336, -0.004028,
146.702800, 1.670947, 1.666113, -0.004834,
146.713267, 1.668530, 1.662085, -0.006445,
146.723819, 1.674170, 1.639526, -0.034644,
146.734473, 1.677393, 1.678198, 0.000806,
146.744726, 1.672559, 1.643555, -0.029004,
146.755486, 1.670142, 1.669336, -0.000806,
146.766111, 1.674976, 1.672559, -0.002417,
146.776602, 1.681421, 1.669336, -0.012085,
146.787175, 1.674170, 1.670947, -0.003223,
146.797711, 1.676587, 1.670142, -0.006445,
146.808400, 1.674976, 1.662891, -0.012085,
146.818927, 1.674170, 1.670947, -0.003223,
146.829605, 1.670142, 1.672559, 0.002417,
146.840047, 1.677393, 1.670142, -0.007251,
146.850716, 1.674976, 1.670142, -0.004834,
146.861394, 1.674976, 1.665308, -0.009668,
146.871921, 1.673364, 1.674976, 0.001611,
146.882285, 1.670142, 1.654834, -0.015308,
146.892855, 1.662891, 1.656445, -0.006445,
146.903465, 1.658057, 1.640332, -0.017725,
146.913949, 1.662085, 1.650806, -0.011279,
146.924491, 1.666113, 1.665308, -0.000806,
146.935215, 1.662891, 1.670947, 0.008057,
146.945490, 1.664502, 1.657251, -0.007251,
146.956173, 1.664502, 1.633081, -0.031421,
146.966741, 1.666919, 1.660474, -0.006445,
146.977355, 1.665308, 1.664502, -0.000806,
146.987929, 1.670142, 1.664502, -0.005640,
146.998395, 1.664502, 1.673364, 0.008862,
147.008828, 1.664502, 1.656445, -0.008057,
147.019387, 1.668530, 1.665308, -0.003223,
147.030037, 1.670142, 1.662085, -0.008057,
147.040609, 1.662085, 1.653223, -0.008862,
147.051285, 1.666919, 1.650806, -0.016113,
147.061930, 1.670947, 1.657251, -0.013696,
147.072498, 1.668530, 1.654834, -0.013696,
147.083174, 1.669336, 1.658862, -0.010474,
147.093708, 1.670142, 1.679004, 0.008862,
147.104162, 1.662085, 1.665308, 0.003223,
147.114492, 1.670142, 1.654028, -0.016113,
147.123528, 1.670142, 1.660474, -0.009668,
147.125763, 1.666113, 1.650000, -0.016113,
147.136607, 1.668530, 1.674170, 0.005640,
147.147039, 1.666919, 1.658862, -0.008057,
147.157707, 1.666919, 1.636304, -0.030615,
147.168290, 1.666113, 1.657251, -0.008862,
147.178911, 1.664502, 1.661279, -0.003223,
147.189393, 1.662085, 1.665308, 0.003223,
147.199716, 1.670142, 1.649194, -0.020947,
147.210395, 1.678198, 1.679810, 0.001611,
147.220708, 1.676587, 1.683032, 0.006445,
147.231170, 1.677393, 1.661279, -0.016113,
147.241844, 1.678198, 1.665308, -0.012891,
147.252577, 1.679004, 1.670142, -0.008862,
147.263052, 1.672559, 1.654028, -0.018530,
147.273615, 1.677393, 1.665308, -0.012085,
147.284276, 1.674170, 1.670947, -0.003223,
147.294833, 1.676587, 1.695117, 0.018530,
147.305264, 1.668530, 1.670947, 0.002417,
147.315613, 1.670142, 1.666919, -0.003223,
147.326174, 1.669336, 1.661279, -0.008057,
147.336894, 1.674170, 1.677393, 0.003223,
147.347260, 1.677393, 1.670947, -0.006445,
147.357933, 1.678198, 1.676587, -0.001611,
147.368500, 1.673364, 1.656445, -0.016919,
147.379163, 1.673364, 1.670142, -0.003223,
147.389716, 1.673364, 1.691089, 0.017725,
147.400057, 1.669336, 1.662085, -0.007251,
147.410707, 1.677393, 1.665308, -0.012085,
147.421277, 1.670947, 1.673364, 0.002417,
147.431708, 1.661279, 1.674976, 0.013696,
147.442175, 1.673364, 1.666113, -0.007251,
147.452915, 1.673364, 1.654834, -0.018530,
147.463502, 1.662891, 1.657251, -0.005640,
147.474056, 1.668530, 1.670947, 0.002417,
147.484484, 1.665308, 1.662891, -0.002417,
147.495016, 1.677393, 1.666113, -0.011279,
147.505621, 1.673364, 1.657251, -0.016113,
147.516173, 1.674170, 1.670142, -0.004028,
147.526705, 1.665308, 1.653223, -0.012085,
147.537390, 1.662085, 1.683838, 0.021753,
147.547828, 1.660474, 1.661279, 0.000806,
147.558273, 1.661279, 1.656445, -0.004834,
147.568888, 1.664502, 1.665308, 0.000806,
147.579287, 1.665308, 1.679004, 0.013696,
147.589619, 1.665308, 1.678198, 0.012891,
147.599928, 1.665308, 1.657251, -0.008057,
147.610494, 1.672559, 1.650806, -0.021753,
147.621056, 1.669336, 1.679810, 0.010474,
147.631496, 1.666113, 1.657251, -0.008862,
147.642185, 1.665308, 1.666919, 0.001611,
147.652695, 1.666113, 1.682227, 0.016113,
147.663049, 1.668530, 1.645166, -0.023364,
147.673612, 1.662891, 1.664502, 0.001611,
147.684044, 1.665308, 1.666919, 0.001611,
147.694333, 1.666919, 1.640332, -0.026587,
147.704933, 1.665308, 1.666919, 0.001611,
147.715260, 1.662085, 1.665308, 0.003223,
147.725608, 1.669336, 1.657251, -0.012085,
147.736279, 1.668530, 1.665308, -0.003223,
147.746932, 1.666113, 1.654834, -0.011279,
147.757609, 1.665308, 1.662891, -0.002417,
147.768274, 1.668530, 1.653223, -0.015308,
147.778907, 1.665308, 1.657251, -0.008057,
147.789393, 1.666919, 1.658057, -0.008862,
147.799836, 1.660474, 1.666919, 0.006445,
147.810274, 1.662085, 1.654028, -0.008057,
147.820827, 1.660474, 1.670947, 0.010474,
147.831303, 1.668530, 1.670947, 0.002417,
147.841714, 1.673364, 1.674976, 0.001611,
147.852252, 1.677393, 1.674170, -0.003223,
147.862834, 1.677393, 1.669336, -0.008057,
147.873386, 1.677393, 1.669336, -0.008057,
147.884059, 1.679004, 1.674976, -0.004028,
147.894628, 1.668530, 1.661279, -0.007251,
147.905262, 1.674976, 1.670142, -0.004834,
147.915825, 1.676587, 1.666113, -0.010474,
147.926401, 1.678198, 1.658057, -0.020142,
147.937059, 1.672559, 1.670142, -0.002417,
147.947705, 1.677393, 1.662085, -0.015308,
147.958396, 1.676587, 1.660474, -0.016113,
147.968951, 1.666919, 1.689478, 0.022559,
147.979386, 1.674976, 1.670142, -0.004834,
147.989931, 1.678198, 1.666113, -0.012085,
148.000498, 1.679004, 1.673364, -0.005640,
148.011176, 1.664502, 1.665308, 0.000806,
148.021502, 1.674976, 1.670142, -0.004834,
148.032181, 1.676587, 1.660474, -0.016113,
148.042839, 1.674170, 1.653223, -0.020947,
148.053619, 1.665308, 1.664502, -0.000806,
148.064216, 1.676587, 1.660474, -0.016113,
148.074718, 1.678198, 1.661279, -0.016919,
148.085391, 1.674976, 1.677393, 0.002417,
148.095725, 1.678198, 1.666113, -0.012085,
148.106398, 1.678198, 1.683838, 0.005640,
148.116719, 1.677393, 1.661279, -0.016113,
148.127367, 1.670947, 1.665308, -0.005640,
148.138059, 1.673364, 1.660474, -0.012891,
148.148718, 1.676587, 1.658862, -0.017725,
148.159407, 1.674976, 1.662891, -0.012085,
148.169951, 1.666919, 1.687060, 0.020142,
148.180399, 1.657251, 1.669336, 0.012085,
148.190722, 1.666113, 1.657251, -0.008862,
148.201276, 1.664502, 1.660474, -0.004028,
148.211830, 1.662891, 1.664502, 0.001611,
148.222176, 1.666113, 1.658057, -0.008057,
148.232836, 1.662891, 1.647583, -0.015308,
148.243396, 1.664502, 1.662085, -0.002417,
148.254167, 1.670142, 1.687866, 0.017725,
148.264529, 1.661279, 1.668530, 0.007251,
148.274828, 1.661279, 1.674170, 0.012891,
148.285281, 1.664502, 1.662085, -0.002417,
148.295832, 1.665308, 1.668530, 0.003223,
148.306276, 1.668530, 1.662085, -0.006445,
148.316826, 1.664502, 1.658862, -0.005640,
148.327488, 1.666113, 1.649194, -0.016919,
148.338178, 1.666113, 1.669336, 0.003223,
148.348611, 1.668530, 1.662085, -0.006445,
148.359283, 1.669336, 1.666919, -0.002417,
148.369838, 1.668530, 1.674976, 0.006445,
148.380281, 1.669336, 1.670142, 0.000806,
148.390623, 1.658862, 1.662085, 0.003223,
148.400935, 1.670142, 1.654834, -0.015308,
148.411502, 1.666919, 1.679810, 0.012891,
148.421850, 1.674170, 1.658057, -0.016113,
148.432503, 1.665308, 1.657251, -0.008057,
148.443062, 1.670142, 1.665308, -0.004834,
148.453828, 1.666919, 1.674170, 0.007251,
148.464219, 1.661279, 1.654834, -0.006445,
148.474722, 1.666919, 1.683032, 0.016113,
148.485180, 1.679004, 1.672559, -0.006445,
148.495710, 1.677393, 1.657251, -0.020142,
148.506404, 1.678198, 1.664502, -0.013696,
148.516933, 1.677393, 1.662085, -0.015308,
148.527481, 1.677393, 1.666919, -0.010474,
148.538062, 1.682227, 1.666113, -0.016113,
148.548710, 1.672559, 1.672559, 0.000000,
148.559178, 1.678198, 1.662085, -0.016113,
148.569735, 1.679004, 1.670142, -0.008862,
148.580398, 1.677393, 1.669336, -0.008057,
148.590939, 1.673364, 1.679810, 0.006445,
148.601288, 1.672559, 1.670142, -0.002417,
148.611870, 1.670947, 1.664502, -0.006445,
148.622398, 1.666113, 1.640332, -0.025781,
148.633144, 1.672559, 1.660474, -0.012085,
148.643712, 1.674170, 1.650000, -0.024170,
148.654507, 1.673364, 1.669336, -0.004028,
148.665116, 1.674170, 1.666113, -0.008057,
148.675616, 1.673364, 1.658862, -0.014502,
148.686269, 1.673364, 1.674976, 0.001611,
148.696617, 1.666113, 1.657251, -0.008862,
148.707283, 1.672559, 1.657251, -0.015308,
148.717839, 1.676587, 1.669336, -0.007251,
148.728462, 1.678198, 1.653223, -0.024976,
148.739064, 1.670142, 1.662085, -0.008057,
148.749742, 1.674170, 1.668530, -0.005640,
148.760397, 1.677393, 1.664502, -0.012891,
148.770929, 1.670947, 1.674170, 0.003223,
148.781288, 1.673364, 1.668530, -0.004834,
148.791839, 1.673364, 1.662085, -0.011279,
148.802485, 1.672559, 1.673364, 0.000806,
148.812719, 1.662085, 1.649194, -0.012891,
148.823284, 1.666113, 1.662085, -0.004028,
148.834031, 1.666113, 1.656445, -0.009668,
148.844509, 1.662085, 1.658862, -0.003223,
148.855280, 1.668530, 1.669336, 0.000806,
148.865640, 1.662085, 1.668530, 0.006445,
148.875937, 1.665308, 1.670142, 0.004834,
148.886295, 1.658057, 1.693506, 0.035449,
148.896620, 1.668530, 1.666113, -0.002417,
148.907289, 1.666113, 1.662891, -0.003223,
148.917835, 1.668530, 1.668530, 0.000000,
148.928241, 1.660474, 1.672559, 0.012085,
148.938621, 1.669336, 1.672559, 0.003223,
148.949437, 1.664502, 1.685449, 0.020947,
148.959842, 1.669336, 1.657251, -0.012085,
148.970463, 1.674976, 1.674976, 0.000000,
148.979573, 1.665308, 1.658862, -0.006445,
148.990058, 1.665308, 1.652417, -0.012891,
149.000610, 1.664502, 1.662085, -0.002417,
149.011196, 1.662891, 1.662085, -0.000806,
149.021716, 1.666919, 1.670142, 0.003223,
149.032187, 1.666919, 1.679810, 0.012891,
149.042618, 1.665308, 1.656445, -0.008862,
149.053396, 1.670947, 1.670142, -0.000806,
149.063935, 1.666919, 1.662891, -0.004028,
149.074502, 1.666919, 1.658057, -0.008862,
149.085178, 1.670142, 1.670947, 0.000806,
149.095507, 1.666919, 1.656445, -0.010474,
149.106182, 1.664502, 1.669336, 0.004834,
149.116503, 1.662085, 1.658862, -0.003223,
149.127139, 1.682227, 1.657251, -0.024976,
149.137818, 1.670142, 1.681421, 0.011279,
149.148281, 1.679004, 1.672559, -0.006445,
149.158944, 1.677393, 1.673364, -0.004028,
149.169610, 1.668530, 1.678198, 0.009668,
149.180056, 1.682227, 1.665308, -0.016919,
149.190626, 1.674976, 1.657251, -0.017725,
149.201183, 1.673364, 1.668530, -0.004834,
149.211833, 1.669336, 1.674976, 0.005640,
149.222181, 1.677393, 1.666919, -0.010474,
149.232837, 1.665308, 1.657251, -0.008057,
149.243396, 1.678198, 1.658862, -0.019336,
149.254181, 1.674976, 1.664502, -0.010474,
149.264758, 1.673364, 1.672559, -0.000806,
149.275298, 1.677393, 1.666919, -0.010474,
149.285939, 1.672559, 1.672559, 0.000000,
149.296187, 1.670142, 1.660474, -0.009668,
149.306834, 1.669336, 1.658862, -0.010474,
149.317404, 1.679810, 1.666919, -0.012891,
149.328035, 1.666919, 1.662085, -0.004834,
149.338653, 1.674170, 1.670142, -0.004028,
149.349284, 1.677393, 1.666919, -0.010474,
149.359939, 1.670142, 1.665308, -0.004834,
149.370507, 1.676587, 1.683838, 0.007251,
149.380932, 1.670142, 1.679810, 0.009668,
149.391182, 1.674170, 1.635498, -0.038672,
149.401718, 1.674976, 1.668530, -0.006445,
149.412286, 1.679004, 1.645972, -0.033032,
149.422828, 1.665308, 1.670142, 0.004834,
149.433261, 1.677393, 1.666919, -0.010474,
149.443692, 1.672559, 1.662891, -0.009668,
149.454370, 1.665308, 1.636304, -0.029004,
149.464975, 1.660474, 1.664502, 0.004028,
149.475293, 1.664502, 1.647583, -0.016919,
149.485938, 1.662891, 1.670142, 0.007251,
149.496182, 1.658862, 1.669336, 0.010474,
149.506615, 1.666113, 1.658057, -0.008057,
149.517085, 1.666113, 1.657251, -0.008862,
149.527707, 1.668530, 1.632275, -0.036255,
149.538462, 1.654834, 1.670142, 0.015308,
149.548833, 1.662891, 1.658862, -0.004028,
149.559501, 1.666113, 1.661279, -0.004834,
149.570065, 1.665308, 1.668530, 0.003223,
149.580496, 1.665308, 1.674170, 0.008862,
149.590835, 1.666113, 1.657251, -0.008862,
149.601421, 1.661279, 1.685449, 0.024170,
149.611728, 1.658862, 1.662891, 0.004028,
149.622058, 1.666919, 1.654028, -0.012891,
149.632693, 1.662891, 1.682227, 0.019336,
149.643070, 1.670142, 1.647583, -0.022559,
149.653834, 1.662085, 1.683838, 0.021753,
149.664220, 1.670142, 1.660474, -0.009668,
149.674722, 1.666919, 1.657251, -0.009668,
149.685399, 1.670142, 1.679810, 0.009668,
149.695724, 1.666919, 1.666113, -0.000806,
149.706407, 1.665308, 1.670142, 0.004834,
149.716724, 1.669336, 1.654028, -0.015308,
149.727374, 1.668530, 1.660474, -0.008057,
149.738036, 1.665308, 1.652417, -0.012891,
149.748615, 1.670947, 1.658057, -0.012891,
149.759290, 1.668530, 1.657251, -0.011279,
149.769836, 1.673364, 1.673364, 0.000000,
149.780186, 1.670947, 1.673364, 0.002417,
149.790513, 1.677393, 1.679004, 0.001611,
149.800841, 1.682227, 1.673364, -0.008862,
149.811401, 1.681421, 1.658862, -0.022559,
149.821941, 1.674976, 1.677393, 0.002417,
149.832288, 1.674976, 1.662085, -0.012891,
149.842942, 1.670142, 1.664502, -0.005640,
149.853615, 1.677393, 1.683032, 0.005640,
149.863984, 1.673364, 1.662085, -0.011279,
149.874506, 1.678198, 1.664502, -0.013696,
149.885118, 1.668530, 1.666113, -0.002417,
149.895611, 1.676587, 1.658862, -0.017725,
149.906288, 1.677393, 1.666919, -0.010474,
149.916840, 1.672559, 1.666919, -0.005640,
149.927490, 1.666919, 1.664502, -0.002417,
149.938072, 1.672559, 1.670947, -0.001611,
149.948715, 1.670142, 1.654834, -0.015308,
149.959401, 1.677393, 1.662085, -0.015308,
149.969985, 1.676587, 1.666919, -0.009668,
149.980616, 1.674170, 1.665308, -0.008862,
149.991187, 1.674976, 1.652417, -0.022559,
150.001712, 1.678198, 1.685449, 0.007251,
150.012069, 1.666919, 1.661279, -0.005640,
150.022623, 1.672559, 1.660474, -0.012085,
150.033376, 1.670142, 1.672559, 0.002417,
150.043628, 1.677393, 1.662085, -0.015308,
150.054394, 1.673364, 1.683838, 0.010474,
150.064759, 1.674170, 1.668530, -0.005640,
150.075291, 1.670142, 1.668530, -0.001611,
150.085937, 1.662891, 1.674976, 0.012085,
150.096285, 1.679004, 1.658862, -0.020142,
150.106942, 1.662085, 1.677393, 0.015308,
150.117291, 1.665308, 1.660474, -0.004834,
150.127924, 1.669336, 1.662085, -0.007251,
150.138625, 1.662085, 1.662891, 0.000806,
150.149063, 1.665308, 1.656445, -0.008862,
150.159719, 1.662891, 1.658057, -0.004834,
150.170303, 1.668530, 1.668530, 0.000000,
150.180718, 1.664502, 1.650000, -0.014502,
150.191305, 1.664502, 1.658862, -0.005640,
150.201840, 1.665308, 1.664502, -0.000806,
150.212404, 1.668530, 1.679004, 0.010474,
150.222721, 1.660474, 1.670142, 0.009668,
150.233224, 1.669336, 1.657251, -0.012085,
150.243724, 1.669336, 1.662891, -0.006445,
150.254397, 1.657251, 1.677393, 0.020142,
150.264761, 1.662891, 1.661279, -0.001611,
150.275288, 1.668530, 1.660474, -0.008057,
150.285933, 1.668530, 1.662891, -0.005640,
150.296408, 1.670142, 1.677393, 0.007251,
150.306833, 1.664502, 1.653223, -0.011279,
150.317404, 1.669336, 1.654028, -0.015308,
150.328033, 1.670142, 1.670142, 0.000000,
150.338404, 1.660474, 1.666113, 0.005640,
150.348853, 1.665308, 1.654834, -0.010474,
150.359506, 1.662085, 1.658057, -0.004028,
150.370060, 1.666919, 1.647583, -0.019336,
150.380719, 1.666919, 1.665308, -0.001611,
150.391287, 1.670947, 1.665308, -0.005640,
150.401839, 1.668530, 1.679004, 0.010474,
150.412183, 1.677393, 1.677393, 0.000000,
150.422505, 1.677393, 1.691895, 0.014502,
150.432837, 1.674976, 1.673364, -0.001611,
150.443401, 1.670142, 1.662891, -0.007251,
150.454178, 1.679810, 1.640332, -0.039478,
150.464767, 1.674976, 1.668530, -0.006445,
150.475296, 1.673364, 1.669336, -0.004028,
150.485942, 1.664502, 1.679810, 0.015308,
150.496288, 1.670142, 1.683838, 0.013696,
150.506724, 1.674976, 1.664502, -0.010474,
150.517289, 1.673364, 1.668530, -0.004834,
150.527932, 1.674170, 1.647583, -0.026587,
150.538504, 1.677393, 1.673364, -0.004028,
150.549278, 1.670142, 1.673364, 0.003223,
150.559725, 1.677393, 1.669336, -0.008057,
150.570289, 1.681421, 1.665308, -0.016113,
150.580935, 1.666113, 1.676587, 0.010474,
150.591295, 1.673364, 1.666113, -0.007251,
150.601846, 1.676587, 1.674976, -0.001611,
150.612405, 1.665308, 1.662085, -0.003223,
150.622949, 1.665308, 1.654834, -0.010474,
150.633724, 1.673364, 1.670142, -0.003223,
150.644292, 1.670142, 1.670142, 0.000000,
150.654831, 1.674170, 1.666113, -0.008057,
150.665428, 1.670142, 1.666919, -0.003223,
150.675944, 1.668530, 1.660474, -0.008057,
150.686508, 1.672559, 1.674170, 0.001611,
150.696840, 1.674976, 1.678198, 0.003223,
150.707290, 1.677393, 1.666113, -0.011279,
150.717846, 1.676587, 1.650000, -0.026587,
150.728476, 1.657251, 1.654834, -0.002417,
150.739064, 1.669336, 1.665308, -0.004028,
150.749706, 1.662085, 1.654834, -0.007251,
150.760320, 1.658057, 1.636304, -0.021753,
150.770847, 1.665308, 1.654834, -0.010474,
150.781523, 1.662085, 1.666919, 0.004834,
150.791839, 1.662085, 1.658057, -0.004028,
150.802491, 1.664502, 1.664502, 0.000000,
150.812727, 1.664502, 1.670142, 0.005640,
150.823067, 1.662891, 1.661279, -0.001611,
150.833809, 1.664502, 1.662891, -0.001611,
150.844291, 1.673364, 1.670142, -0.003223,
150.855065, 1.665308, 1.654028, -0.011279,
150.865658, 1.662085, 1.641943, -0.020142,
150.876190, 1.662085, 1.662891, 0.000806,
150.886633, 1.670142, 1.670142, 0.000000,
150.896839, 1.670142, 1.670947, 0.000806,
150.907195, 1.670142, 1.654834, -0.015308,
150.917722, 1.668530, 1.672559, 0.004028,
150.928185, 1.668530, 1.657251, -0.011279,
150.938849, 1.662891, 1.668530, 0.005640,
150.949291, 1.674976, 1.662085, -0.012891,
150.959947, 1.664502, 1.666113, 0.001611,
150.970290, 1.670142, 1.641943, -0.028198,
150.980942, 1.669336, 1.657251, -0.012085,
150.991507, 1.669336, 1.672559, 0.003223,
151.001845, 1.674170, 1.662891, -0.011279,
151.012408, 1.668530, 1.670947, 0.002417,
151.022725, 1.666113, 1.662891, -0.003223,
151.033494, 1.662085, 1.664502, 0.002417,
151.043809, 1.673364, 1.661279, -0.012085,
151.054511, 1.679004, 1.677393, -0.001611,
151.065126, 1.673364, 1.658057, -0.015308,
151.075617, 1.674170, 1.664502, -0.009668,
151.086196, 1.672559, 1.679810, 0.007251,
151.096506, 1.682227, 1.658057, -0.024170,
151.107192, 1.676587, 1.664502, -0.012085,
151.117728, 1.669336, 1.668530, -0.000806,
151.128410, 1.679810, 1.677393, -0.002417,
151.139090, 1.679004, 1.691895, 0.012891,
151.149504, 1.677393, 1.672559, -0.004834,
151.160198, 1.670142, 1.666919, -0.003223,
151.170734, 1.668530, 1.666113, -0.002417,
151.181407, 1.672559, 1.674170, 0.001611,
151.191733, 1.674976, 1.669336, -0.005640,
151.202376, 1.670142, 1.670947, 0.000806,
151.212627, 1.674976, 1.670142, -0.004834,
151.223198, 1.674170, 1.666919, -0.007251,
151.233926, 1.679004, 1.661279, -0.017725,
151.244514, 1.678198, 1.658862, -0.019336,
151.255287, 1.662085, 1.677393, 0.015308,
151.265656, 1.676587, 1.672559, -0.004028,
151.276193, 1.676587, 1.669336, -0.007251,
151.286852, 1.677393, 1.676587, -0.000806,
151.297417, 1.670142, 1.674976, 0.004834,
151.307856, 1.678198, 1.670142, -0.008057,
151.318417, 1.677393, 1.670142, -0.007251,
151.329069, 1.677393, 1.678198, 0.000806,
151.339510, 1.674976, 1.674170, -0.000806,
151.350199, 1.674976, 1.666113, -0.008862,
151.360840, 1.670142, 1.641138, -0.029004,
151.371443, 1.665308, 1.670142, 0.004834,
151.381846, 1.666919, 1.656445, -0.010474,
151.392411, 1.665308, 1.654834, -0.010474,
151.403037, 1.665308, 1.673364, 0.008057,
151.413300, 1.654834, 1.653223, -0.001611,
151.423844, 1.664502, 1.658862, -0.005640,
151.434619, 1.664502, 1.654028, -0.010474,
151.445194, 1.662891, 1.670947, 0.008057,
151.455720, 1.666113, 1.650806, -0.015308,
151.466315, 1.670142, 1.658862, -0.011279,
151.476846, 1.665308, 1.653223, -0.012085,
151.487414, 1.666919, 1.654834, -0.012085,
151.497944, 1.664502, 1.670947, 0.006445,
151.508410, 1.668530, 1.640332, -0.028198,
151.518948, 1.668530, 1.670947, 0.002417,
151.529398, 1.666113, 1.662891, -0.003223,
151.539954, 1.670142, 1.670142, 0.000000,
151.550290, 1.666113, 1.665308, -0.000806,
151.560947, 1.666919, 1.631470, -0.035449,
151.571510, 1.668530, 1.665308, -0.003223,
151.582188, 1.670142, 1.632275, -0.037866,
151.592734, 1.662891, 1.665308, 0.002417,
151.603189, 1.670142, 1.640332, -0.029810,
151.613730, 1.666919, 1.658057, -0.008862,
151.624292, 1.669336, 1.658862, -0.010474,
151.635075, 1.670142, 1.670142, 0.000000,
151.645299, 1.666113, 1.660474, -0.005640,
151.656075, 1.670947, 1.664502, -0.006445,
151.666449, 1.669336, 1.661279, -0.008057,
151.676939, 1.665308, 1.658862, -0.006445,
151.687511, 1.677393, 1.643555, -0.033838,
151.698104, 1.678198, 1.640332, -0.037866,
151.708727, 1.678198, 1.665308, -0.012891,
151.719296, 1.670947, 1.673364, 0.002417,
151.729725, 1.672559, 1.664502, -0.008057,
151.740412, 1.679004, 1.662085, -0.016919,
151.751070, 1.678198, 1.673364, -0.004834,
151.761735, 1.678198, 1.683032, 0.004834,
151.772072, 1.666919, 1.673364, 0.006445,
151.782513, 1.670142, 1.682227, 0.012085,
151.792855, 1.677393, 1.664502, -0.012891,
151.803482, 1.674976, 1.679810, 0.004834,
151.813727, 1.670142, 1.662085, -0.008057,
151.824295, 1.679810, 1.664502, -0.015308,
151.835076, 1.679810, 1.679004, -0.000806,
151.845631, 1.676587, 1.677393, 0.000806,
151.856071, 1.666113, 1.665308, -0.000806,
151.866666, 1.674170, 1.673364, -0.000806,
151.877280, 1.676587, 1.690283, 0.013696,
151.887631, 1.674170, 1.678198, 0.004028,
151.897937, 1.670142, 1.679004, 0.008862,
151.908298, 1.679004, 1.662085, -0.016919,
151.918845, 1.673364, 1.674170, 0.000806,
151.929289, 1.673364, 1.677393, 0.004028,
151.939730, 1.668530, 1.662085, -0.006445,
151.950409, 1.678198, 1.661279, -0.016919,
151.961081, 1.677393, 1.654834, -0.022559,
151.971629, 1.670142, 1.666919, -0.003223,
151.982291, 1.677393, 1.664502, -0.012891,
151.992847, 1.673364, 1.658862, -0.014502,
152.003482, 1.676587, 1.690283, 0.013696,
152.013731, 1.670947, 1.694311, 0.023364,
152.024065, 1.662085, 1.661279, -0.000806,
152.034845, 1.669336, 1.695923, 0.026587,
152.045194, 1.662085, 1.658862, -0.003223,
152.055939, 1.662891, 1.656445, -0.006445,
152.066480, 1.665308, 1.677393, 0.012085,
152.076728, 1.662891, 1.652417, -0.010474,
152.087287, 1.664502, 1.664502, 0.000000,
152.097626, 1.670142, 1.670947, 0.000806,
152.108070, 1.666919, 1.650806, -0.016113,
152.118626, 1.669336, 1.637109, -0.032227,
152.129293, 1.665308, 1.674170, 0.008862,
152.139840, 1.666113, 1.657251, -0.008862,
152.150505, 1.670947, 1.666919, -0.004028,
152.161197, 1.670142, 1.670142, 0.000000,
152.171511, 1.658057, 1.668530, 0.010474,
152.181946, 1.662891, 1.669336, 0.006445,
152.192199, 1.668530, 1.662085, -0.006445,
152.202823, 1.670142, 1.672559, 0.002417,
152.213076, 1.666919, 1.654834, -0.012085,
152.223641, 1.669336, 1.670947, 0.001611,
152.234196, 1.668530, 1.654834, -0.013696,
152.244728, 1.666919, 1.660474, -0.006445,
152.255513, 1.666919, 1.670947, 0.004028,
152.265877, 1.666919, 1.653223, -0.013696,
152.276406, 1.670142, 1.652417, -0.017725,
152.286956, 1.668530, 1.662085, -0.006445,
152.297514, 1.668530, 1.658057, -0.010474,
152.308193, 1.662891, 1.658862, -0.004028,
152.318735, 1.660474, 1.679004, 0.018530,
152.329191, 1.674976, 1.669336, -0.005640,
152.339849, 1.681421, 1.637109, -0.044312,
152.350508, 1.673364, 1.669336, -0.004028,
152.361198, 1.679004, 1.664502, -0.014502,
152.371844, 1.677393, 1.662085, -0.015308,
152.382507, 1.683032, 1.670142, -0.012891,
152.393072, 1.681421, 1.647583, -0.033838,
152.403705, 1.678198, 1.679004, 0.000806,
152.413949, 1.673364, 1.691895, 0.018530,
152.424289, 1.677393, 1.665308, -0.012085,
152.435070, 1.670142, 1.681421, 0.011279,
152.445412, 1.672559, 1.676587, 0.004028,
152.455849, 1.677393, 1.683032, 0.005640,
152.466227, 1.674976, 1.654834, -0.020142,
152.476732, 1.677393, 1.661279, -0.016113,
152.487303, 1.673364, 1.645972, -0.027393,
152.497844, 1.677393, 1.662085, -0.015308,
152.508508, 1.673364, 1.666113, -0.007251,
152.519073, 1.674976, 1.676587, 0.001611,
152.529510, 1.676587, 1.677393, 0.000806,
152.539942, 1.674170, 1.654834, -0.019336,
152.550537, 1.669336, 1.668530, -0.000806,
152.561191, 1.672559, 1.668530, -0.004028,
152.571741, 1.673364, 1.677393, 0.004028,
152.582186, 1.674170, 1.672559, -0.001611,
152.592729, 1.672559, 1.664502, -0.008057,
152.603407, 1.670947, 1.683032, 0.012085,
152.613736, 1.674170, 1.674170, 0.000000,
152.624071, 1.679810, 1.661279, -0.018530,
152.634722, 1.668530, 1.670947, 0.002417,
152.645080, 1.660474, 1.662085, 0.001611,
152.655625, 1.664502, 1.670142, 0.005640,
152.666000, 1.662891, 1.672559, 0.009668,
152.676296, 1.665308, 1.654834, -0.010474,
152.686947, 1.658057, 1.681421, 0.023364,
152.697300, 1.665308, 1.668530, 0.003223,
152.707733, 1.666113, 1.645166, -0.020947,
152.718299, 1.666919, 1.678198, 0.011279,
152.728703, 1.662891, 1.662891, 0.000000,
152.739077, 1.669336, 1.669336, 0.000000,
152.749420, 1.666919, 1.662085, -0.004834,
152.760075, 1.664502, 1.658862, -0.005640,
152.770632, 1.664502, 1.662891, -0.001611,
152.781298, 1.665308, 1.664502, -0.000806,
152.791849, 1.670947, 1.650000, -0.020947,
152.802495, 1.664502, 1.676587, 0.012085,
152.812757, 1.666113, 1.666113, 0.000000,
152.823084, 1.673364, 1.656445, -0.016919,
152.833815, 1.668530, 1.672559, 0.004028,
152.844077, 1.670142, 1.662085, -0.008057,
152.854844, 1.666919, 1.662891, -0.004028,
152.865433, 1.665308, 1.658862, -0.006445,
152.875953, 1.666113, 1.649194, -0.016919,
152.886628, 1.665308, 1.668530, 0.003223,
152.896956, 1.665308, 1.673364, 0.008057,
152.907295, 1.662891, 1.670142, 0.007251,
152.917637, 1.666113, 1.670142, 0.004028,
152.928039, 1.672559, 1.677393, 0.004834,
152.938413, 1.669336, 1.640332, -0.029004,
152.949074, 1.666113, 1.670142, 0.004028,
152.959514, 1.670142, 1.650806, -0.019336,
152.970070, 1.674170, 1.658862, -0.015308,
152.980727, 1.677393, 1.670142, -0.007251,
152.991297, 1.674976, 1.658862, -0.016113,
152.998302, 1.673364, 1.653223, -0.020142,
153.008985, 1.676587, 1.666919, -0.009668,
153.019521, 1.674976, 1.676587, 0.001611,
153.029951, 1.672559, 1.670947, -0.001611,
153.040514, 1.677393, 1.657251, -0.020142,
153.051191, 1.670947, 1.679810, 0.008862,
153.061631, 1.672559, 1.665308, -0.007251,
153.072198, 1.679004, 1.658862, -0.020142,
153.082851, 1.679004, 1.666113, -0.012891,
153.093407, 1.669336, 1.670142, 0.000806,
153.103702, 1.674976, 1.682227, 0.007251,
153.113955, 1.674170, 1.645972, -0.028198,
153.124524, 1.679004, 1.649194, -0.029809,
153.135282, 1.677393, 1.691895, 0.014502,
153.145623, 1.673364, 1.673364, 0.000000,
153.156073, 1.674976, 1.660474, -0.014502,
153.166674, 1.674170, 1.689478, 0.015308,
153.176950, 1.676587, 1.670142, -0.006445,
153.187510, 1.673364, 1.666113, -0.007251,
153.198084, 1.670947, 1.664502, -0.006445,
153.208733, 1.677393, 1.666919, -0.010474,
153.219288, 1.674976, 1.669336, -0.005640,
153.229953, 1.672559, 1.654834, -0.017725,
153.240522, 1.666919, 1.666113, -0.000806,
153.251191, 1.670142, 1.687060, 0.016919,
153.261631, 1.674170, 1.660474, -0.013696,
153.272219, 1.674170, 1.670142, -0.004028,
153.282851, 1.668530, 1.666919, -0.001611,
153.293412, 1.661279, 1.673364, 0.012085,
153.303851, 1.661279, 1.658057, -0.003223,
153.314408, 1.653223, 1.661279, 0.008057,
153.324742, 1.664502, 1.658862, -0.005640,
153.335514, 1.658057, 1.685449, 0.027393,
153.345846, 1.670142, 1.662085, -0.008057,
153.356517, 1.666113, 1.662085, -0.004028,
153.367132, 1.665308, 1.654028, -0.011279,
153.377718, 1.661279, 1.669336, 0.008057,
153.387965, 1.666919, 1.654028, -0.012891,
153.398515, 1.665308, 1.662891, -0.002417,
153.409190, 1.668530, 1.654834, -0.013696,
153.419743, 1.662891, 1.665308, 0.002417,
153.430190, 1.666919, 1.665308, -0.001611,
153.440851, 1.666113, 1.658862, -0.007251,
153.451528, 1.661279, 1.670947, 0.009668,
153.461852, 1.666113, 1.681421, 0.015308,
153.472186, 1.669336, 1.674170, 0.004834,
153.482633, 1.668530, 1.662085, -0.006445,
153.493187, 1.664502, 1.649194, -0.015308,
153.503847, 1.670142, 1.662085, -0.008057,
153.514415, 1.668530, 1.657251, -0.011279,
153.524954, 1.664502, 1.647583, -0.016919,
153.535632, 1.669336, 1.669336, 0.000000,
153.545848, 1.662085, 1.643555, -0.018530,
153.556519, 1.664502, 1.666113, 0.001611,
153.566908, 1.665308, 1.665308, 0.000000,
153.577280, 1.666113, 1.668530, 0.002417,
153.587630, 1.668530, 1.682227, 0.013696,
153.597969, 1.662085, 1.662085, 0.000000,
153.608292, 1.681421, 1.673364, -0.008057,
153.618850, 1.679810, 1.669336, -0.010474,
153.629520, 1.676587, 1.669336, -0.007251,
153.640195, 1.679810, 1.676587, -0.003223,
153.650852, 1.676587, 1.674976, -0.001611,
153.661509, 1.679004, 1.668530, -0.010474,
153.672072, 1.670142, 1.666113, -0.004028,
153.682725, 1.677393, 1.670142, -0.007251,
153.693294, 1.678198, 1.641943, -0.036255,
153.703937, 1.670142, 1.665308, -0.004834,
153.714414, 1.673364, 1.662085, -0.011279,
153.724946, 1.672559, 1.670142, -0.002417,
153.735626, 1.674976, 1.674170, -0.000806,
153.746190, 1.674170, 1.660474, -0.013696,
153.756949, 1.673364, 1.665308, -0.008057,
153.767545, 1.677393, 1.669336, -0.008057,
153.778194, 1.678198, 1.668530, -0.009668,
153.788731, 1.670142, 1.645972, -0.024170,
153.799294, 1.678198, 1.665308, -0.012891,
153.809947, 1.673364, 1.647583, -0.025781,
153.820410, 1.670142, 1.666919, -0.003223,
153.831078, 1.670142, 1.662085, -0.008057,
153.841734, 1.678198, 1.666113, -0.012085,
153.852498, 1.674170, 1.664502, -0.009668,
153.863097, 1.666919, 1.662891, -0.004028,
153.873633, 1.676587, 1.674170, -0.002417,
153.884290, 1.674976, 1.670947, -0.004028,
153.894845, 1.664502, 1.654834, -0.009668,
153.905507, 1.678198, 1.660474, -0.017725,
153.916080, 1.668530, 1.658862, -0.009668,
153.926646, 1.666919, 1.658862, -0.008057,
153.937296, 1.676587, 1.660474, -0.016113,
153.947944, 1.653223, 1.654834, 0.001611,
153.958330, 1.660474, 1.654028, -0.006445,
153.968863, 1.670142, 1.662891, -0.007251,
153.979514, 1.662891, 1.661279, -0.001611,
153.990083, 1.668530, 1.625024, -0.043506,
154.000636, 1.664502, 1.665308, 0.000806,
154.010946, 1.668530, 1.656445, -0.012085,
154.021417, 1.662085, 1.665308, 0.003223,
154.031844, 1.665308, 1.662085, -0.003223,
154.042418, 1.666919, 1.662085, -0.004834,
154.053188, 1.660474, 1.670142, 0.009668,
154.063512, 1.666919, 1.669336, 0.002417,
154.073847, 1.674170, 1.652417, -0.021753,
154.084440, 1.669336, 1.670142, 0.000806,
154.094730, 1.658862, 1.660474, 0.001611,
154.105199, 1.665308, 1.658057, -0.007251,
154.115732, 1.662085, 1.672559, 0.010474,
154.126077, 1.665308, 1.648389, -0.016919,
154.136834, 1.661279, 1.654834, -0.006445,
154.147492, 1.670142, 1.648389, -0.021753,
154.158195, 1.662891, 1.662085, -0.000806,
154.168740, 1.666113, 1.677393, 0.011279,
154.179188, 1.661279, 1.643555, -0.017725,
154.189724, 1.664502, 1.664502, 0.000000,
154.199947, 1.664502, 1.658862, -0.005640,
154.210521, 1.666113, 1.639526, -0.026587,
154.221075, 1.669336, 1.665308, -0.004028,
154.231716, 1.670142, 1.662085, -0.008057,
154.242297, 1.668530, 1.654028, -0.014502,
154.252945, 1.679004, 1.674170, -0.004834,
154.263515, 1.677393, 1.666113, -0.011279,
154.274084, 1.673364, 1.662085, -0.011279,
154.284734, 1.670947, 1.670947, 0.000000,
154.294947, 1.678198, 1.662085, -0.016113,
154.305514, 1.674976, 1.678198, 0.003223,
154.315742, 1.668530, 1.654028, -0.014502,
154.326301, 1.678198, 1.650000, -0.028198,
154.337079, 1.673364, 1.670947, -0.002417,
154.347627, 1.672559, 1.662085, -0.010474,
154.358296, 1.672559, 1.662891, -0.009668,
154.368873, 1.677393, 1.670142, -0.007251,
154.379483, 1.669336, 1.664502, -0.004834,
154.389957, 1.669336, 1.665308, -0.004028,
154.400417, 1.677393, 1.664502, -0.012891,
154.411085, 1.676587, 1.677393, 0.000806,
154.421408, 1.677393, 1.674170, -0.003223,
154.431949, 1.670142, 1.665308, -0.004834,
154.442525, 1.679004, 1.670142, -0.008862,
154.453272, 1.674170, 1.676587, 0.002417,
154.463642, 1.662891, 1.670142, 0.007251,
154.473944, 1.670142, 1.662085, -0.008057,
154.484512, 1.670947, 1.664502, -0.006445,
154.495077, 1.668530, 1.658862, -0.009668,
154.505739, 1.672559, 1.676587, 0.004028,
154.516100, 1.672559, 1.673364, 0.000806,
154.526414, 1.677393, 1.674976, -0.002417,
154.537070, 1.673364, 1.672559, -0.000806,
154.547627, 1.670947, 1.679004, 0.008057,
154.558076, 1.670142, 1.662085, -0.008057,
154.568641, 1.664502, 1.673364, 0.008862,
154.579046, 1.654028, 1.649194, -0.004834,
154.589529, 1.666919, 1.633081, -0.033838,
154.600083, 1.668530, 1.653223, -0.015308,
154.610728, 1.666919, 1.665308, -0.001611,
154.621192, 1.664502, 1.652417, -0.012085,
154.631848, 1.670947, 1.653223, -0.017725,
154.642514, 1.662085, 1.672559, 0.010474,
154.652960, 1.665308, 1.668530, 0.003223,
154.663296, 1.658057, 1.639526, -0.018530,
154.673847, 1.670142, 1.654028, -0.016113,
154.684516, 1.664502, 1.662085, -0.002417,
154.695073, 1.674170, 1.658057, -0.016113,
154.705736, 1.662891, 1.641943, -0.020947,
154.716322, 1.660474, 1.666113, 0.005640,
154.726627, 1.666919, 1.679810, 0.012891,
154.737062, 1.666113, 1.676587, 0.010474,
154.747416, 1.658862, 1.665308, 0.006445,
154.757847, 1.672559, 1.662085, -0.010474,
154.768433, 1.669336, 1.670142, 0.000806,
154.778850, 1.669336, 1.666919, -0.002417,
154.789409, 1.670142, 1.683838, 0.013696,
154.799733, 1.673364, 1.664502, -0.008862,
154.810427, 1.666113, 1.670142, 0.004028,
154.820735, 1.664502, 1.668530, 0.004028,
154.831196, 1.666919, 1.664502, -0.002417,
154.841852, 1.662891, 1.645166, -0.017725,
154.852523, 1.666113, 1.673364, 0.007251,
154.862845, 1.664502, 1.665308, 0.000806,
154.873198, 1.666919, 1.673364, 0.006445,
154.883637, 1.670142, 1.668530, -0.001611,
154.894196, 1.679004, 1.674976, -0.004028,
154.904852, 1.673364, 1.672559, -0.000806,
154.915415, 1.674976, 1.670142, -0.004834,
154.925950, 1.669336, 1.683032, 0.013696,
154.936412, 1.672559, 1.661279, -0.011279,
154.946952, 1.674976, 1.661279, -0.013696,
154.957636, 1.672559, 1.661279, -0.011279,
154.968225, 1.677393, 1.670142, -0.007251,
154.978821, 1.673364, 1.656445, -0.016919,
154.989297, 1.674976, 1.666113, -0.008862,
154.998597, 1.673364, 1.660474, -0.012891,
155.009194, 1.677393, 1.676587, -0.000806,
155.019746, 1.674170, 1.672559, -0.001611,
155.030418, 1.674976, 1.665308, -0.009668,
155.041034, 1.674170, 1.657251, -0.016919,
155.051637, 1.677393, 1.656445, -0.020947,
155.062296, 1.677393, 1.670947, -0.006445,
155.072853, 1.674976, 1.691895, 0.016919,
155.083309, 1.676587, 1.668530, -0.008057,
155.093850, 1.677393, 1.661279, -0.016113,
155.104496, 1.674976, 1.658862, -0.016113,
155.115082, 1.674170, 1.670142, -0.004028,
155.125630, 1.674170, 1.641138, -0.033032,
155.136486, 1.673364, 1.666113, -0.007251,
155.146953, 1.669336, 1.661279, -0.008057,
155.157741, 1.672559, 1.656445, -0.016113,
155.168318, 1.666919, 1.670142, 0.003223,
155.178713, 1.670142, 1.666919, -0.003223,
155.189195, 1.676587, 1.668530, -0.008057,
155.199740, 1.673364, 1.662891, -0.010474,
155.210422, 1.666113, 1.664502, -0.001611,
155.220969, 1.669336, 1.648389, -0.020947,
155.231634, 1.664502, 1.664502, 0.000000,
155.241959, 1.666919, 1.662085, -0.004834,
155.252650, 1.662085, 1.689478, 0.027393,
155.262961, 1.666113, 1.656445, -0.009668,
155.273516, 1.657251, 1.685449, 0.028198,
155.283964, 1.656445, 1.662085, 0.005640,
155.294300, 1.660474, 1.665308, 0.004834,
155.304717, 1.662891, 1.656445, -0.006445,
155.315197, 1.665308, 1.666919, 0.001611,
155.325525, 1.662891, 1.660474, -0.002417,
155.336295, 1.664502, 1.670947, 0.006445,
155.346638, 1.668530, 1.656445, -0.012085,
155.357415, 1.662891, 1.656445, -0.006445,
155.368009, 1.666113, 1.666113, 0.000000,
155.378384, 1.664502, 1.664502, 0.000000,
155.388634, 1.670142, 1.665308, -0.004834,
155.399202, 1.665308, 1.672559, 0.007251,
155.409561, 1.665308, 1.639526, -0.025781,
155.420081, 1.666919, 1.666919, 0.000000,
155.430407, 1.658057, 1.673364, 0.015308,
155.440854, 1.669336, 1.654834, -0.014502,
155.451524, 1.662891, 1.676587, 0.013696,
155.461962, 1.666113, 1.648389, -0.017725,
155.472535, 1.666113, 1.654834, -0.011279,
155.483200, 1.664502, 1.665308, 0.000806,
155.493511, 1.666113, 1.662085, -0.004028,
155.504063, 1.666919, 1.662085, -0.004834,
155.514526, 1.658862, 1.654834, -0.004028,
155.525083, 1.682227, 1.670142, -0.012085,
155.535745, 1.669336, 1.674170, 0.004834,
155.546091, 1.677393, 1.658057, -0.019336,
155.556852, 1.676587, 1.658057, -0.018530,
155.567489, 1.668530, 1.669336, 0.000806,
155.577729, 1.674976, 1.665308, -0.009668,
155.588304, 1.676587, 1.673364, -0.003223,
155.598857, 1.676587, 1.669336, -0.007251,
155.609522, 1.674170, 1.653223, -0.020947,
155.620078, 1.674170, 1.677393, 0.003223,
155.630547, 1.679004, 1.658057, -0.020947,
155.641198, 1.666113, 1.665308, -0.000806,
155.651853, 1.674170, 1.677393, 0.003223,
155.662206, 1.676587, 1.674976, -0.001611,
155.672745, 1.677393, 1.665308, -0.012085,
155.683420, 1.676587, 1.666919, -0.009668,
155.693958, 1.674170, 1.661279, -0.012891,
155.704633, 1.670947, 1.661279, -0.009668,
155.715199, 1.674976, 1.670142, -0.004834,
155.725750, 1.670142, 1.654028, -0.016113,
155.736514, 1.674976, 1.681421, 0.006445,
155.746851, 1.673364, 1.633887, -0.039478,
155.757623, 1.674976, 1.654834, -0.020142,
155.768219, 1.674976, 1.670947, -0.004028,
155.778823, 1.668530, 1.645166, -0.023364,
155.789347, 1.673364, 1.669336, -0.004028,
155.799855, 1.678198, 1.661279, -0.016919,
155.810417, 1.678198, 1.665308, -0.012891,
155.820954, 1.672559, 1.670142, -0.002417,
155.831523, 1.674976, 1.681421, 0.006445,
155.841952, 1.672559, 1.662085, -0.010474,
155.852530, 1.677393, 1.679004, 0.001611,
155.862856, 1.662085, 1.649194, -0.012891,
155.873417, 1.662085, 1.662891, 0.000806,
155.883849, 1.668530, 1.660474, -0.008057,
155.894426, 1.654834, 1.666113, 0.011279,
155.904854, 1.662891, 1.658057, -0.004834,
155.915417, 1.666113, 1.656445, -0.009668,
155.925960, 1.662085, 1.649194, -0.012891,
155.936635, 1.666919, 1.645166, -0.021753,
155.947202, 1.665308, 1.670142, 0.004834,
155.957769, 1.660474, 1.661279, 0.000806,
155.968099, 1.664502, 1.670142, 0.005640,
155.978507, 1.666113, 1.654834, -0.011279,
155.989087, 1.654834, 1.654834, 0.000000,
155.999300, 1.666113, 1.664502, -0.001611,
156.009962, 1.672559, 1.658862, -0.013696,
156.020518, 1.658862, 1.658862, 0.000000,
156.030955, 1.669336, 1.636304, -0.033032,
156.041530, 1.665308, 1.654834, -0.010474,
156.052200, 1.674976, 1.670142, -0.004834,
156.062851, 1.666113, 1.669336, 0.003223,
156.073202, 1.668530, 1.658862, -0.009668,
156.083856, 1.670142, 1.670142, 0.000000,
156.094105, 1.666113, 1.661279, -0.004834,
156.104721, 1.665308, 1.664502, -0.000806,
156.115203, 1.661279, 1.670142, 0.008862,
156.125518, 1.666919, 1.650000, -0.016919,
156.136294, 1.669336, 1.666919, -0.002417,
156.146854, 1.670142, 1.660474, -0.009668,
156.157541, 1.664502, 1.658862, -0.005640,
156.168167, 1.673364, 1.662891, -0.010474,
156.178827, 1.679004, 1.658862, -0.020142,
156.189296, 1.678198, 1.661279, -0.016919,
156.199858, 1.681421, 1.674170, -0.007251,
156.210421, 1.681421, 1.670947, -0.010474,
156.220979, 1.673364, 1.664502, -0.008862,
156.231638, 1.669336, 1.670142, 0.000806,
156.242078, 1.677393, 1.679004, 0.001611,
156.252526, 1.674976, 1.674976, 0.000000,
156.262858, 1.679004, 1.670947, -0.008057,
156.273419, 1.674976, 1.668530, -0.006445,
156.284081, 1.677393, 1.678198, 0.000806,
156.294420, 1.677393, 1.670142, -0.007251,
156.305078, 1.677393, 1.666919, -0.010474,
156.315637, 1.666919, 1.648389, -0.018530,
156.326203, 1.677393, 1.662891, -0.014502,
156.336858, 1.679810, 1.662891, -0.016919,
156.347420, 1.674170, 1.658057, -0.016113,
156.358094, 1.677393, 1.661279, -0.016113,
156.368657, 1.674976, 1.670142, -0.004834,
156.379270, 1.677393, 1.685449, 0.008057,
156.389520, 1.674170, 1.668530, -0.005640,
156.400087, 1.664502, 1.672559, 0.008057,
156.410429, 1.670142, 1.657251, -0.012891,
156.420983, 1.672559, 1.666919, -0.005640,
156.431638, 1.674170, 1.664502, -0.009668,
156.442307, 1.679004, 1.654834, -0.024170,
156.452951, 1.676587, 1.650806, -0.025781,
156.463519, 1.670142, 1.670142, 0.000000,
156.473856, 1.679810, 1.666919, -0.012891,
156.484547, 1.666919, 1.677393, 0.010474,
156.494860, 1.662085, 1.657251, -0.004834,
156.505515, 1.661279, 1.654028, -0.007251,
156.515954, 1.665308, 1.650000, -0.015308,
156.526421, 1.669336, 1.662085, -0.007251,
156.537083, 1.666113, 1.673364, 0.007251,
156.547449, 1.657251, 1.670947, 0.013696,
156.557864, 1.664502, 1.664502, 0.000000,
156.568214, 1.669336, 1.664502, -0.004834,
156.578825, 1.657251, 1.656445, -0.000806,
156.589310, 1.670142, 1.665308, -0.004834,
156.599854, 1.666113, 1.648389, -0.017725,
156.610431, 1.665308, 1.661279, -0.004028,
156.620956, 1.670947, 1.662891, -0.008057,
156.631514, 1.665308, 1.672559, 0.007251,
156.641857, 1.669336, 1.669336, 0.000000,
156.652301, 1.665308, 1.643555, -0.021753,
156.662952, 1.665308, 1.665308, 0.000000,
156.673312, 1.664502, 1.653223, -0.011279,
156.683965, 1.670142, 1.670142, 0.000000,
156.694196, 1.670947, 1.662085, -0.008862,
156.704854, 1.670142, 1.662085, -0.008057,
156.715315, 1.669336, 1.654834, -0.014502,
156.725856, 1.672559, 1.661279, -0.011279,
156.736636, 1.664502, 1.674170, 0.009668,
156.746976, 1.668530, 1.657251, -0.011279,
156.757744, 1.670142, 1.662085, -0.008057,
156.768329, 1.670142, 1.668530, -0.001611,
156.778941, 1.668530, 1.658057, -0.010474,
156.789427, 1.661279, 1.662891, 0.001611,
156.799749, 1.660474, 1.662891, 0.002417,
156.810220, 1.676587, 1.674170, -0.002417,
156.820739, 1.674170, 1.668530, -0.005640,
156.831302, 1.678198, 1.662891, -0.015308,
156.841960, 1.674976, 1.674976, 0.000000,
156.852303, 1.679004, 1.674976, -0.004028,
156.862970, 1.670947, 1.664502, -0.006445,
156.873525, 1.677393, 1.661279, -0.016113,
156.884207, 1.677393, 1.668530, -0.008862,
156.894742, 1.669336, 1.678198, 0.008862,
156.905198, 1.677393, 1.666919, -0.010474,
156.915747, 1.672559, 1.677393, 0.004834,
156.926088, 1.677393, 1.658057, -0.019336,
156.936852, 1.678198, 1.665308, -0.012891,
156.947425, 1.674170, 1.669336, -0.004834,
156.958089, 1.670947, 1.657251, -0.013696,
156.968659, 1.673364, 1.665308, -0.008057,
156.979277, 1.673364, 1.668530, -0.004834,
156.989770, 1.674976, 1.656445, -0.018530,
157.000312, 1.670947, 1.669336, -0.001611,
157.008641, 1.677393, 1.666919, -0.010474,
157.019207, 1.678198, 1.674170, -0.004028,
157.029857, 1.674170, 1.665308, -0.008862,
157.040528, 1.672559, 1.654834, -0.017725,
157.051200, 1.676587, 1.665308, -0.011279,
157.061855, 1.676587, 1.668530, -0.008057,
157.072441, 1.673364, 1.645972, -0.027393,
157.083098, 1.676587, 1.670947, -0.005640,
157.093642, 1.662891, 1.664502, 0.001611,
157.104062, 1.670947, 1.679810, 0.008862,
157.114324, 1.670947, 1.643555, -0.027393,
157.124858, 1.662085, 1.673364, 0.011279,
157.135391, 1.665308, 1.683838, 0.018530,
157.145745, 1.662085, 1.654028, -0.008057,
157.156530, 1.664502, 1.662085, -0.002417,
157.167117, 1.662085, 1.660474, -0.001611,
157.177639, 1.662891, 1.662085, -0.000806,
157.188205, 1.668530, 1.670947, 0.002417,
157.198523, 1.658862, 1.633887, -0.024976,
157.209205, 1.662085, 1.658862, -0.003223,
157.219744, 1.662085, 1.664502, 0.002417,
157.230200, 1.664502, 1.662085, -0.002417,
157.240858, 1.661279, 1.637109, -0.024170,
157.251528, 1.668530, 1.678198, 0.009668,
157.261968, 1.661279, 1.662891, 0.001611,
157.272314, 1.669336, 1.679004, 0.009668,
157.282751, 1.662085, 1.656445, -0.005640,
157.293306, 1.666919, 1.664502, -0.002417,
157.303954, 1.670947, 1.658057, -0.012891,
157.314426, 1.665308, 1.649194, -0.016113,
157.324966, 1.657251, 1.661279, 0.004028,
157.335424, 1.670142, 1.673364, 0.003223,
157.345753, 1.665308, 1.662891, -0.002417,
157.356517, 1.670142, 1.662891, -0.007251,
157.367133, 1.665308, 1.670142, 0.004834,
157.377427, 1.670142, 1.662085, -0.008057,
157.387970, 1.656445, 1.679810, 0.023364,
157.398311, 1.664502, 1.676587, 0.012085,
157.408753, 1.662891, 1.661279, -0.001611,
157.419315, 1.670142, 1.657251, -0.012891,
157.429953, 1.666919, 1.652417, -0.014502,
157.440528, 1.660474, 1.635498, -0.024976,
157.451205, 1.673364, 1.672559, -0.000806,
157.461862, 1.679004, 1.687060, 0.008057,
157.472207, 1.670142, 1.665308, -0.004834,
157.482865, 1.673364, 1.654834, -0.018530,
157.493428, 1.673364, 1.683838, 0.010474,
157.503841, 1.678198, 1.669336, -0.008862,
157.514310, 1.672559, 1.640332, -0.032227,
157.524859, 1.679004, 1.658862, -0.020142,
157.535543, 1.670947, 1.679004, 0.008057,
157.545866, 1.670947, 1.661279, -0.009668,
157.556644, 1.677393, 1.662085, -0.015308,
157.567221, 1.678198, 1.683838, 0.005640,
157.577522, 1.676587, 1.669336, -0.007251,
157.588092, 1.673364, 1.682227, 0.008862,
157.598443, 1.673364, 1.679004, 0.005640,
157.608867, 1.677393, 1.665308, -0.012085,
157.619427, 1.670142, 1.674170, 0.004028,
157.629855, 1.679004, 1.674170, -0.004834,
157.640535, 1.670142, 1.662085, -0.008057,
157.651201, 1.673364, 1.673364, 0.000000,
157.661555, 1.674170, 1.673364, -0.000806,
157.672084, 1.674976, 1.657251, -0.017725,
157.682756, 1.677393, 1.670142, -0.007251,
157.693309, 1.674976, 1.662085, -0.012891,
157.703943, 1.673364, 1.670947, -0.002417,
157.714424, 1.677393, 1.668530, -0.008862,
157.724863, 1.674976, 1.662085, -0.012891,
157.735636, 1.677393, 1.669336, -0.008057,
157.746209, 1.677393, 1.665308, -0.012085,
157.756959, 1.677393, 1.658862, -0.018530,
157.767559, 1.679004, 1.665308, -0.013696,
157.778175, 1.666113, 1.670947, 0.004834,
157.788427, 1.664502, 1.658057, -0.006445,
157.798957, 1.664502, 1.670947, 0.006445,
157.809315, 1.657251, 1.654834, -0.002417,
157.819863, 1.654834, 1.662085, 0.007251,
157.830310, 1.660474, 1.658862, -0.001611,
157.840968, 1.666113, 1.657251, -0.008862,
157.851641, 1.662085, 1.678198, 0.016113,
157.862093, 1.665308, 1.679810, 0.014502,
157.872430, 1.662891, 1.656445, -0.006445,
157.883101, 1.662085, 1.654028, -0.008057,
157.893640, 1.666919, 1.658862, -0.008057,
157.904284, 1.665308, 1.678198, 0.012891,
157.914529, 1.664502, 1.668530, 0.004028,
157.924774, 1.653223, 1.662085, 0.008862,
157.935294, 1.666919, 1.683838, 0.016919,
157.945645, 1.658862, 1.658057, -0.000806,
157.956426, 1.657251, 1.662085, 0.004834,
157.966788, 1.666919, 1.662085, -0.004834,
157.977314, 1.666113, 1.678198, 0.012085,
157.987751, 1.666113, 1.662085, -0.004028,
157.998318, 1.665308, 1.632275, -0.033032,
158.008966, 1.657251, 1.666113, 0.008862,
158.019319, 1.665308, 1.670142, 0.004834,
158.029726, 1.666113, 1.657251, -0.008862,
158.040315, 1.669336, 1.658057, -0.011279,
158.050963, 1.670142, 1.673364, 0.003223,
158.061427, 1.662085, 1.650806, -0.011279,
158.071975, 1.666113, 1.662891, -0.003223,
158.082637, 1.661279, 1.670142, 0.008862,
158.092967, 1.674976, 1.666919, -0.008057,
158.103514, 1.679004, 1.676587, -0.002417,
158.113978, 1.670142, 1.666919, -0.003223,
158.124542, 1.677393, 1.652417, -0.024976,
158.135387, 1.677393, 1.673364, -0.004028,
158.145857, 1.676587, 1.662891, -0.013696,
158.156647, 1.670142, 1.662085, -0.008057,
158.167239, 1.681421, 1.665308, -0.016113,
158.177748, 1.670947, 1.673364, 0.002417,
158.188131, 1.676587, 1.670142, -0.006445,
158.198649, 1.674976, 1.677393, 0.002417,
158.209092, 1.674976, 1.658862, -0.016113,
158.219644, 1.677393, 1.666919, -0.010474,
158.230312, 1.670947, 1.657251, -0.013696,
158.240966, 1.666113, 1.662085, -0.004028,
158.251571, 1.673364, 1.694311, 0.020947,
158.261967, 1.678198, 1.673364, -0.004834,
158.272530, 1.670142, 1.666113, -0.004028,
158.283211, 1.669336, 1.662891, -0.006445,
158.293752, 1.665308, 1.665308, 0.000000,
158.304064, 1.676587, 1.681421, 0.004834,
158.314317, 1.672559, 1.672559, 0.000000,
158.324649, 1.673364, 1.650000, -0.023364,
158.335297, 1.672559, 1.676587, 0.004028,
158.345650, 1.676587, 1.668530, -0.008057,
158.356436, 1.670142, 1.665308, -0.004834,
158.367004, 1.669336, 1.670142, 0.000806,
158.377317, 1.662085, 1.674976, 0.012891,
158.387756, 1.664502, 1.670142, 0.005640,
158.398083, 1.674170, 1.669336, -0.004834,
158.408739, 1.662891, 1.650806, -0.012085,
158.419318, 1.664502, 1.674976, 0.010474,
158.429720, 1.662085, 1.654834, -0.007251,
158.440317, 1.662891, 1.657251, -0.005640,
158.450975, 1.670142, 1.673364, 0.003223,
158.461459, 1.666919, 1.656445, -0.010474,
158.471971, 1.660474, 1.664502, 0.004028,
158.482313, 1.666113, 1.662085, -0.004028,
158.492869, 1.664502, 1.670142, 0.005640,
158.503289, 1.669336, 1.662891, -0.006445,
158.513888, 1.669336, 1.662085, -0.007251,
158.524421, 1.662085, 1.664502, 0.002417,
158.534839, 1.664502, 1.670947, 0.006445,
158.545102, 1.670142, 1.664502, -0.005640,
158.555854, 1.672559, 1.668530, -0.004028,
158.566473, 1.662085, 1.654028, -0.008057,
158.576969, 1.666919, 1.662085, -0.004834,
158.587643, 1.661279, 1.665308, 0.004028,
158.597974, 1.669336, 1.665308, -0.004028,
158.608647, 1.658057, 1.650806, -0.007251,
158.619214, 1.664502, 1.683032, 0.018530,
158.629646, 1.662891, 1.661279, -0.001611,
158.640316, 1.666113, 1.656445, -0.009668,
158.650967, 1.665308, 1.674170, 0.008862,
158.661430, 1.673364, 1.658862, -0.014502,
158.671978, 1.670947, 1.662085, -0.008862,
158.682648, 1.660474, 1.666919, 0.006445,
158.692977, 1.670947, 1.657251, -0.013696,
158.703628, 1.666113, 1.660474, -0.005640,
158.714093, 1.668530, 1.665308, -0.003223,
158.724645, 1.677393, 1.666113, -0.011279,
158.735293, 1.677393, 1.666113, -0.011279,
158.745864, 1.674170, 1.670142, -0.004028,
158.756648, 1.682227, 1.678198, -0.004028,
158.767228, 1.673364, 1.654834, -0.018530,
158.777768, 1.668530, 1.665308, -0.003223,
158.788312, 1.677393, 1.668530, -0.008862,
158.798868, 1.677393, 1.661279, -0.016113,
158.809533, 1.674170, 1.666113, -0.008057,
158.820102, 1.674170, 1.662085, -0.012085,
158.830753, 1.674170, 1.662891, -0.011279,
158.841450, 1.674170, 1.668530, -0.005640,
158.852108, 1.677393, 1.637915, -0.039478,
158.862751, 1.670947, 1.666919, -0.004028,
158.873322, 1.676587, 1.666113, -0.010474,
158.883976, 1.674170, 1.670142, -0.004028,
158.894531, 1.670142, 1.674170, 0.004028,
158.904864, 1.666919, 1.673364, 0.006445,
158.915216, 1.666919, 1.670142, 0.003223,
158.925535, 1.666919, 1.657251, -0.009668,
158.936304, 1.674976, 1.653223, -0.021753,
158.946874, 1.677393, 1.665308, -0.012085,
158.957968, 1.679004, 1.672559, -0.006445,
158.968545, 1.677393, 1.670947, -0.006445,
158.979210, 1.670947, 1.673364, 0.002417,
158.989533, 1.673364, 1.654028, -0.019336,
159.000098, 1.670947, 1.670947, 0.000000,
159.010429, 1.676587, 1.654028, -0.022559,
159.020970, 1.674976, 1.662085, -0.012891,
159.031529, 1.672559, 1.677393, 0.004834,
159.041871, 1.676587, 1.662085, -0.014502,
159.052534, 1.666113, 1.666113, 0.000000,
159.062871, 1.657251, 1.654028, -0.003223,
159.073427, 1.658057, 1.662085, 0.004028,
159.083871, 1.662891, 1.677393, 0.014502,
159.094207, 1.666919, 1.654834, -0.012085,
159.104870, 1.658862, 1.660474, 0.001611,
159.115216, 1.669336, 1.679810, 0.010474,
159.125533, 1.660474, 1.654028, -0.006445,
159.136286, 1.662085, 1.636304, -0.025781,
159.146881, 1.665308, 1.662085, -0.003223,
159.157651, 1.656445, 1.656445, 0.000000,
159.167991, 1.665308, 1.677393, 0.012085,
159.178407, 1.666919, 1.658862, -0.008057,
159.188870, 1.666113, 1.664502, -0.001611,
159.199432, 1.666113, 1.662085, -0.004028,
159.209979, 1.658862, 1.654834, -0.004028,
159.220533, 1.670142, 1.666919, -0.003223,
159.231217, 1.662891, 1.664502, 0.001611,
159.241654, 1.668530, 1.661279, -0.007251,
159.252316, 1.658862, 1.662085, 0.003223,
159.262780, 1.666919, 1.661279, -0.005640,
159.273323, 1.670142, 1.668530, -0.001611,
159.283970, 1.670142, 1.641138, -0.029004,
159.294430, 1.670142, 1.657251, -0.012891,
159.305097, 1.662085, 1.669336, 0.007251,
159.315428, 1.666919, 1.654834, -0.012085,
159.325983, 1.666113, 1.654834, -0.011279,
159.336647, 1.670142, 1.654834, -0.015308,
159.347212, 1.666919, 1.654834, -0.012085,
159.352157, 1.665308, 1.661279, -0.004028,
159.363100, 1.669336, 1.657251, -0.012085,
159.373652, 1.678198, 1.670947, -0.007251,
159.384322, 1.679004, 1.664502, -0.014502,
159.394874, 1.677393, 1.662891, -0.014502,
159.405528, 1.669336, 1.660474, -0.008862,
159.415968, 1.678198, 1.664502, -0.013696,
159.426436, 1.674976, 1.666113, -0.008862,
159.437207, 1.670142, 1.666919, -0.003223,
159.447757, 1.677393, 1.672559, -0.004834,
159.458432, 1.682227, 1.670142, -0.012085,
159.468988, 1.670142, 1.670142, 0.000000,
159.479291, 1.674170, 1.676587, 0.002417,
159.489537, 1.668530, 1.673364, 0.004834,
159.499780, 1.673364, 1.650000, -0.023364,
159.510428, 1.677393, 1.674170, -0.003223,
159.520971, 1.669336, 1.665308, -0.004028,
159.531536, 1.673364, 1.662085, -0.011279,
159.542213, 1.677393, 1.658862, -0.018530,
159.552858, 1.669336, 1.677393, 0.008057,
159.563231, 1.670947, 1.645972, -0.024976,
159.573757, 1.670947, 1.662085, -0.008862,
159.584433, 1.670947, 1.670142, -0.000806,
159.594976, 1.666113, 1.664502, -0.001611,
159.605537, 1.674976, 1.674976, 0.000000,
159.615754, 1.674170, 1.666919, -0.007251,
159.626319, 1.670947, 1.670142, -0.000806,
159.637092, 1.674170, 1.672559, -0.001611,
159.647653, 1.673364, 1.670947, -0.002417,
159.658318, 1.677393, 1.662085, -0.015308,
159.668880, 1.673364, 1.677393, 0.004028,
159.679290, 1.674170, 1.658057, -0.016113,
159.689749, 1.677393, 1.643555, -0.033838,
159.700308, 1.668530, 1.666919, -0.001611,
159.710874, 1.666113, 1.657251, -0.008862,
159.721434, 1.664502, 1.690283, 0.025781,
159.731868, 1.662891, 1.652417, -0.010474,
159.742440, 1.664502, 1.652417, -0.012085,
159.753176, 1.660474, 1.650000, -0.010474,
159.763772, 1.666113, 1.666919, 0.000806,
159.774090, 1.658862, 1.648389, -0.010474,
159.784749, 1.654834, 1.670142, 0.015308,
159.795101, 1.668530, 1.657251, -0.011279,
159.805749, 1.666113, 1.658862, -0.007251,
159.816322, 1.665308, 1.662085, -0.003223,
159.826876, 1.666113, 1.633887, -0.032227,
159.837530, 1.664502, 1.669336, 0.004834,
159.847865, 1.670142, 1.665308, -0.004834,
159.858538, 1.662085, 1.657251, -0.004834,
159.869120, 1.669336, 1.670947, 0.001611,
159.879510, 1.666113, 1.664502, -0.001611,
159.890003, 1.665308, 1.661279, -0.004028,
159.900529, 1.666919, 1.654834, -0.012085,
159.911095, 1.670142, 1.668530, -0.001611,
159.921657, 1.668530, 1.662891, -0.005640,
159.932313, 1.668530, 1.662085, -0.006445,
159.942970, 1.670947, 1.654028, -0.016919,
159.953726, 1.668530, 1.662891, -0.005640,
159.964320, 1.664502, 1.662085, -0.002417,
159.974875, 1.670142, 1.658057, -0.012085,
159.985539, 1.658862, 1.676587, 0.017725,
159.995868, 1.664502, 1.662085, -0.002417,
160.006526, 1.682227, 1.660474, -0.021753,
160.017101, 1.681421, 1.677393, -0.004028,
160.027653, 1.674170, 1.681421, 0.007251,
160.038098, 1.679004, 1.670142, -0.008862,
160.048753, 1.677393, 1.662891, -0.014502,
160.059438, 1.674170, 1.673364, -0.000806,
160.069979, 1.674976, 1.679004, 0.004028,
160.080428, 1.677393, 1.657251, -0.020142,
160.090966, 1.673364, 1.657251, -0.016113,
160.101533, 1.670142, 1.681421, 0.011279,
160.111971, 1.678198, 1.664502, -0.013696,
160.122443, 1.683032, 1.662085, -0.020947,
160.133099, 1.677393, 1.677393, 0.000000,
160.143534, 1.676587, 1.674976, -0.001611,
160.154301, 1.676587, 1.677393, 0.000806,
160.164656, 1.673364, 1.662085, -0.011279,
160.175214, 1.677393, 1.664502, -0.012891,
160.185871, 1.670947, 1.670142, -0.000806,
160.196436, 1.673364, 1.666113, -0.007251,
160.207104, 1.677393, 1.665308, -0.012085,
160.217672, 1.666919, 1.674976, 0.008057,
160.227971, 1.676587, 1.668530, -0.008057,
160.238626, 1.679004, 1.672559, -0.006445,
160.249214, 1.672559, 1.669336, -0.003223,
160.259873, 1.673364, 1.660474, -0.012891,
160.270442, 1.676587, 1.662085, -0.014502,
160.281092, 1.674170, 1.666113, -0.008057,
160.291654, 1.674170, 1.662085, -0.012085,
160.302214, 1.679004, 1.665308, -0.013696,
160.312761, 1.670142, 1.669336, -0.000806,
160.323323, 1.674170, 1.660474, -0.013696,
160.333970, 1.662891, 1.673364, 0.010474,
160.344319, 1.666113, 1.661279, -0.004834,
160.355093, 1.664502, 1.677393, 0.012891,
160.365459, 1.657251, 1.669336, 0.012085,
160.375754, 1.662891, 1.645166, -0.017725,
160.386324, 1.668530, 1.677393, 0.008862,
160.396649, 1.668530, 1.664502, -0.004028,
160.407217, 1.664502, 1.679004, 0.014502,
160.417530, 1.666113, 1.666113, 0.000000,
160.427759, 1.664502, 1.662085, -0.002417,
160.438433, 1.666919, 1.660474, -0.006445,
160.449093, 1.657251, 1.664502, 0.007251,
160.459538, 1.664502, 1.662085, -0.002417,
160.470087, 1.664502, 1.670142, 0.005640,
160.480430, 1.664502, 1.654834, -0.009668,
160.490873, 1.669336, 1.662085, -0.007251,
160.501444, 1.668530, 1.677393, 0.008862,
160.511752, 1.668530, 1.669336, 0.000806,
160.521994, 1.666113, 1.664502, -0.001611,
160.532654, 1.661279, 1.666919, 0.005640,
160.542976, 1.666919, 1.679004, 0.012085,
160.553512, 1.668530, 1.669336, 0.000806,
160.563762, 1.670142, 1.662891, -0.007251,
160.574320, 1.669336, 1.670142, 0.000806,
160.584750, 1.660474, 1.678198, 0.017725,
160.595099, 1.664502, 1.660474, -0.004028,
160.605744, 1.669336, 1.660474, -0.008862,
160.616224, 1.670142, 1.670142, 0.000000,
160.626437, 1.670947, 1.666919, -0.004028,
160.637094, 1.665308, 1.670947, 0.005640,
160.647434, 1.674170, 1.664502, -0.009668,
160.658093, 1.676587, 1.664502, -0.012085,
160.668661, 1.673364, 1.670142, -0.003223,
160.679307, 1.681421, 1.670947, -0.010474,
160.689872, 1.678198, 1.657251, -0.020947,
160.700439, 1.674170, 1.670142, -0.004028,
160.711098, 1.668530, 1.665308, -0.003223,
160.721661, 1.670947, 1.668530, -0.002417,
160.732316, 1.679004, 1.681421, 0.002417,
160.742788, 1.679004, 1.677393, -0.001611,
160.753519, 1.666919, 1.679810, 0.012891,
160.763875, 1.674170, 1.666113, -0.008057,
160.774443, 1.666919, 1.662085, -0.004834,
160.785102, 1.673364, 1.666113, -0.007251,
160.795660, 1.669336, 1.653223, -0.016113,
160.806313, 1.677393, 1.668530, -0.008862,
160.816873, 1.666113, 1.670142, 0.004028,
160.827223, 1.673364, 1.666919, -0.006445,
160.837966, 1.677393, 1.670142, -0.007251,
160.848510, 1.677393, 1.670142, -0.007251,
160.859107, 1.669336, 1.654834, -0.014502,
160.869663, 1.666113, 1.670142, 0.004028,
160.880096, 1.665308, 1.668530, 0.003223,
160.890444, 1.674976, 1.660474, -0.014502,
160.900973, 1.670142, 1.672559, 0.002417,
160.911325, 1.678198, 1.673364, -0.004834,
160.921874, 1.670947, 1.643555, -0.027393,
160.932538, 1.670142, 1.658057, -0.012085,
160.943222, 1.677393, 1.670947, -0.006445,
160.953957, 1.662891, 1.678198, 0.015308,
160.964317, 1.666919, 1.654028, -0.012891,
160.974874, 1.662891, 1.656445, -0.006445,
160.985527, 1.662085, 1.674170, 0.012085,
160.995749, 1.662085, 1.666113, 0.004028,
161.006107, 1.662891, 1.653223, -0.009668,
161.015213, 1.662891, 1.662085, -0.000806,
161.025761, 1.666113, 1.665308, -0.000806,
161.036433, 1.666113, 1.666919, 0.000806,
161.046760, 1.662891, 1.664502, 0.001611,
161.057323, 1.669336, 1.668530, -0.000806,
161.067899, 1.658057, 1.666113, 0.008057,
161.078294, 1.670142, 1.654834, -0.015308,
161.088880, 1.660474, 1.650000, -0.010474,
161.099439, 1.668530, 1.669336, 0.000806,
161.109769, 1.670947, 1.662085, -0.008862,
161.120329, 1.664502, 1.662085, -0.002417,
161.130971, 1.656445, 1.670142, 0.013696,
161.141442, 1.662891, 1.670142, 0.007251,
161.151877, 1.666113, 1.668530, 0.002417,
161.162328, 1.668530, 1.666919, -0.001611,
161.172882, 1.662085, 1.656445, -0.005640,
161.183541, 1.662085, 1.665308, 0.003223,
161.193881, 1.666919, 1.662085, -0.004834,
161.204521, 1.662085, 1.674976, 0.012891,
161.214784, 1.670142, 1.661279, -0.008862,
161.225328, 1.670142, 1.660474, -0.009668,
161.236091, 1.657251, 1.661279, 0.004028,
161.246442, 1.664502, 1.656445, -0.008057,
161.257225, 1.666113, 1.641943, -0.024170,
161.267806, 1.665308, 1.665308, 0.000000,
161.278191, 1.668530, 1.666919, -0.001611,
161.288663, 1.679004, 1.652417, -0.026587,
161.299221, 1.677393, 1.664502, -0.012891,
161.309774, 1.676587, 1.665308, -0.011279,
161.320330, 1.682227, 1.666919, -0.015308,
161.330977, 1.677393, 1.669336, -0.008057,
161.341657, 1.674170, 1.665308, -0.008862,
161.352330, 1.673364, 1.691089, 0.017725,
161.362768, 1.674170, 1.658057, -0.016113,
161.373323, 1.681421, 1.664502, -0.016919,
161.383979, 1.666919, 1.664502, -0.002417,
161.386972, 1.670142, 1.685449, 0.015308,
161.397566, 1.664502, 1.670947, 0.006445,
161.407977, 1.673364, 1.666919, -0.006445,
161.418448, 1.676587, 1.679810, 0.003223,
161.428852, 1.674976, 1.637915, -0.037060,
161.439442, 1.678198, 1.653223, -0.024976,
161.450108, 1.677393, 1.674976, -0.002417,
161.460761, 1.670142, 1.670142, 0.000000,
161.471102, 1.676587, 1.658862, -0.017725,
161.481746, 1.666919, 1.661279, -0.005640,
161.492223, 1.674170, 1.657251, -0.016919,
161.502761, 1.670947, 1.666113, -0.004834,
161.513327, 1.679004, 1.665308, -0.013696,
161.523879, 1.673364, 1.654834, -0.018530,
161.534628, 1.670142, 1.673364, 0.003223,
161.544874, 1.677393, 1.666113, -0.011279,
161.555640, 1.674170, 1.665308, -0.008862,
161.566247, 1.677393, 1.674976, -0.002417,
161.576762, 1.678198, 1.683838, 0.005640,
161.587221, 1.674170, 1.666113, -0.008057,
161.597759, 1.678198, 1.666113, -0.012085,
161.608441, 1.670947, 1.656445, -0.014502,
161.618973, 1.665308, 1.669336, 0.004028,
161.629303, 1.664502, 1.654028, -0.010474,
161.639976, 1.666113, 1.658862, -0.007251,
161.650662, 1.666919, 1.669336, 0.002417,
161.661122, 1.662891, 1.661279, -0.001611,
161.671656, 1.662085, 1.637109, -0.024976,
161.682321, 1.665308, 1.662085, -0.003223,
161.692876, 1.664502, 1.683838, 0.019336,
161.703290, 1.666919, 1.656445, -0.010474,
161.713781, 1.666919, 1.662891, -0.004028,
161.724328, 1.666919, 1.647583, -0.019336,
161.735070, 1.664502, 1.673364, 0.008862,
161.745330, 1.668530, 1.654028, -0.014502,
161.756100, 1.666113, 1.677393, 0.011279,
161.766454, 1.668530, 1.662891, -0.005640,
161.776974, 1.664502, 1.669336, 0.004834,
161.787329, 1.666919, 1.657251, -0.009668,
161.797872, 1.666113, 1.652417, -0.013696,
161.808543, 1.666919, 1.652417, -0.014502,
161.819114, 1.656445, 1.669336, 0.012891,
161.829515, 1.662085, 1.657251, -0.004834,
161.840113, 1.662085, 1.661279, -0.000806,
161.850758, 1.658057, 1.674170, 0.016113,
161.861219, 1.666113, 1.683838, 0.017725,
161.871541, 1.670142, 1.657251, -0.012891,
161.882230, 1.666919, 1.662085, -0.004834,
161.892760, 1.666919, 1.629053, -0.037866,
161.903405, 1.668530, 1.666113, -0.002417,
161.913877, 1.665308, 1.678198, 0.012891,
161.924221, 1.670142, 1.661279, -0.008862,
161.934943, 1.679004, 1.641943, -0.037060,
161.945441, 1.674976, 1.650806, -0.024170,
161.956222, 1.676587, 1.658057, -0.018530,
161.966800, 1.681421, 1.679004, -0.002417,
161.977325, 1.676587, 1.656445, -0.020142,
161.988004, 1.678198, 1.666919, -0.011279,
161.998544, 1.674170, 1.665308, -0.008862,
162.009228, 1.673364, 1.654028, -0.019336,
162.019768, 1.677393, 1.669336, -0.008057,
162.030411, 1.681421, 1.670142, -0.011279,
162.040977, 1.666113, 1.662085, -0.004028,
162.051658, 1.677393, 1.686255, 0.008862,
162.062101, 1.664502, 1.665308, 0.000806,
162.072445, 1.674170, 1.639526, -0.034644,
162.083109, 1.677393, 1.658057, -0.019336,
162.093656, 1.669336, 1.674976, 0.005640,
162.104079, 1.673364, 1.673364, 0.000000,
162.114327, 1.677393, 1.669336, -0.008057,
162.124875, 1.677393, 1.666919, -0.010474,
162.135704, 1.662891, 1.686255, 0.023364,
162.145984, 1.674976, 1.645972, -0.029004,
162.156752, 1.668530, 1.666113, -0.002417,
162.167350, 1.676587, 1.674170, -0.002417,
162.177879, 1.673364, 1.677393, 0.004028,
162.188224, 1.674170, 1.669336, -0.004834,
162.198763, 1.669336, 1.650806, -0.018530,
162.209442, 1.669336, 1.666113, -0.003223,
162.219984, 1.672559, 1.673364, 0.000806,
162.230436, 1.679004, 1.643555, -0.035449,
162.240989, 1.673364, 1.665308, -0.008057,
162.251659, 1.654834, 1.633081, -0.021753,
162.262328, 1.662891, 1.647583, -0.015308,
162.272880, 1.665308, 1.653223, -0.012085,
162.283545, 1.665308, 1.666113, 0.000806,
162.293884, 1.662891, 1.637109, -0.025781,
162.304512, 1.664502, 1.660474, -0.004028,
162.315006, 1.664502, 1.654834, -0.009668,
162.325552, 1.668530, 1.650000, -0.018530,
162.336323, 1.669336, 1.661279, -0.008057,
162.346884, 1.666113, 1.670947, 0.004834,
162.357438, 1.666113, 1.657251, -0.008862,
162.367999, 1.666919, 1.686255, 0.019336,
162.378419, 1.670142, 1.665308, -0.004834,
162.388989, 1.666113, 1.643555, -0.022559,
162.399553, 1.662085, 1.665308, 0.003223,
162.409976, 1.662085, 1.666919, 0.004834,
162.420230, 1.672559, 1.678198, 0.005640,
162.430645, 1.658057, 1.650806, -0.007251,
162.441228, 1.657251, 1.647583, -0.009668,
162.451878, 1.666113, 1.670947, 0.004834,
162.462332, 1.662891, 1.650000, -0.012891,
162.472885, 1.665308, 1.661279, -0.004028,
162.483547, 1.668530, 1.662891, -0.005640,
162.494112, 1.657251, 1.662891, 0.005640,
162.504515, 1.670142, 1.664502, -0.005640,
162.514995, 1.662085, 1.658057, -0.004028,
162.525555, 1.669336, 1.650000, -0.019336,
162.536327, 1.665308, 1.664502, -0.000806,
162.546828, 1.662891, 1.661279, -0.001611,
162.557548, 1.665308, 1.654834, -0.010474,
162.568131, 1.677393, 1.677393, 0.000000,
162.578555, 1.670142, 1.654028, -0.016113,
162.589126, 1.678198, 1.670142, -0.008057,
162.599664, 1.674170, 1.658057, -0.016113,
162.610334, 1.674976, 1.674976, 0.000000,
162.620559, 1.677393, 1.668530, -0.008862,
162.631228, 1.674170, 1.662891, -0.011279,
162.641906, 1.670142, 1.662085, -0.008057,
162.652552, 1.674976, 1.670947, -0.004028,
162.663109, 1.674976, 1.670142, -0.004834,
162.673672, 1.674976, 1.658862, -0.016113,
162.684348, 1.670947, 1.677393, 0.006445,
162.694675, 1.676587, 1.670947, -0.005640,
162.705333, 1.677393, 1.664502, -0.012891,
162.715894, 1.674170, 1.657251, -0.016919,
162.726453, 1.677393, 1.654028, -0.023364,
162.737113, 1.664502, 1.687866, 0.023364,
162.747445, 1.677393, 1.640332, -0.037061,
162.758114, 1.670947, 1.668530, -0.002417,
162.768688, 1.677393, 1.681421, 0.004028,
162.779087, 1.672559, 1.665308, -0.007251,
162.789552, 1.674976, 1.664502, -0.010474,
162.800119, 1.670142, 1.670142, 0.000000,
162.810452, 1.674170, 1.645166, -0.029004,
162.820992, 1.672559, 1.668530, -0.004028,
162.831592, 1.673364, 1.662891, -0.010474,
162.842239, 1.677393, 1.647583, -0.029810,
162.852883, 1.673364, 1.669336, -0.004028,
162.863448, 1.662085, 1.661279, -0.000806,
162.873989, 1.662085, 1.661279, -0.000806,
162.884550, 1.665308, 1.662085, -0.003223,
162.895117, 1.662085, 1.657251, -0.004834,
162.905788, 1.668530, 1.649194, -0.019336,
162.916329, 1.668530, 1.658862, -0.009668,
162.926880, 1.664502, 1.666113, 0.001611,
162.937320, 1.662085, 1.662085, 0.000000,
162.947552, 1.662085, 1.662085, 0.000000,
162.958000, 1.654028, 1.661279, 0.007251,
162.968354, 1.666113, 1.662085, -0.004028,
162.978959, 1.662085, 1.662891, 0.000806,
162.989232, 1.658057, 1.660474, 0.002417,
162.999551, 1.658862, 1.662085, 0.003223,
163.009984, 1.665308, 1.672559, 0.007251,
163.020231, 1.664502, 1.660474, -0.004028,
163.029656, 1.668530, 1.666919, -0.001611,
163.040328, 1.668530, 1.657251, -0.011279,
163.050979, 1.662085, 1.668530, 0.006445,
163.061335, 1.665308, 1.662085, -0.003223,
163.071884, 1.670142, 1.662891, -0.007251,
163.082549, 1.665308, 1.665308, 0.000000,
163.092770, 1.666919, 1.657251, -0.009668,
163.103426, 1.662085, 1.670142, 0.008057,
163.113663, 1.664502, 1.661279, -0.003223,
163.124225, 1.666919, 1.650000, -0.016919,
163.135036, 1.668530, 1.662085, -0.006445,
163.145545, 1.669336, 1.658862, -0.010474,
163.156324, 1.670142, 1.658862, -0.011279,
163.166921, 1.670142, 1.670142, 0.000000,
163.177229, 1.670142, 1.670947, 0.000806,
163.187660, 1.668530, 1.660474, -0.008057,
163.198230, 1.666113, 1.658862, -0.007251,
163.208883, 1.681421, 1.656445, -0.024976,
163.219443, 1.676587, 1.664502, -0.012085,
163.230102, 1.673364, 1.661279, -0.012085,
163.240766, 1.674170, 1.657251, -0.016919,
163.251449, 1.674976, 1.678198, 0.003223,
163.261882, 1.677393, 1.669336, -0.008057,
163.272446, 1.673364, 1.676587, 0.003223,
163.282883, 1.677393, 1.664502, -0.012891,
163.293444, 1.674170, 1.670947, -0.003223,
163.304068, 1.677393, 1.677393, 0.000000,
163.314334, 1.676587, 1.662891, -0.013696,
163.324881, 1.677393, 1.654834, -0.022559,
163.335660, 1.664502, 1.670142, 0.005640,
163.345996, 1.679810, 1.662891, -0.016919,
163.356754, 1.665308, 1.669336, 0.004028,
163.367147, 1.676587, 1.669336, -0.007251,
163.377667, 1.674976, 1.662085, -0.012891,
163.388230, 1.677393, 1.662085, -0.015308,
163.398767, 1.673364, 1.670142, -0.003223,
163.409337, 1.665308, 1.689478, 0.024170,
163.419669, 1.677393, 1.677393, 0.000000,
163.430112, 1.673364, 1.665308, -0.008057,
163.440665, 1.673364, 1.665308, -0.008057,
163.451332, 1.670142, 1.687060, 0.016919,
163.461768, 1.673364, 1.664502, -0.008862,
163.472337, 1.668530, 1.685449, 0.016919,
163.482762, 1.670947, 1.670142, -0.000806,
163.493333, 1.674170, 1.674170, 0.000000,
163.503737, 1.676587, 1.665308, -0.011279,
163.514236, 1.674976, 1.665308, -0.009668,
163.524764, 1.666113, 1.662891, -0.003223,
163.535448, 1.670142, 1.683032, 0.012891,
163.545759, 1.664502, 1.657251, -0.007251,
163.556443, 1.670142, 1.654834, -0.015308,
163.567005, 1.660474, 1.639526, -0.020947,
163.577551, 1.662891, 1.660474, -0.002417,
163.588119, 1.666113, 1.668530, 0.002417,
163.598451, 1.665308, 1.668530, 0.003223,
163.608883, 1.658057, 1.657251, -0.000806,
163.619454, 1.666919, 1.654834, -0.012085,
163.630113, 1.664502, 1.660474, -0.004028,
163.640770, 1.665308, 1.660474, -0.004834,
163.651452, 1.665308, 1.676587, 0.011279,
163.661893, 1.670142, 1.640332, -0.029810,
163.672444, 1.657251, 1.670947, 0.013696,
163.682881, 1.653223, 1.661279, 0.008057,
163.693223, 1.664502, 1.682227, 0.017725,
163.703630, 1.662085, 1.679810, 0.017725,
163.713887, 1.666113, 1.668530, 0.002417,
163.724232, 1.664502, 1.654028, -0.010474,
163.734961, 1.666919, 1.670142, 0.003223,
163.745236, 1.665308, 1.652417, -0.012891,
163.755980, 1.666919, 1.683838, 0.016919,
163.766355, 1.668530, 1.660474, -0.008057,
163.776881, 1.666113, 1.666919, 0.000806,
163.787233, 1.666919, 1.669336, 0.002417,
163.797546, 1.662085, 1.660474, -0.001611,
163.808229, 1.657251, 1.662085, 0.004834,
163.818540, 1.661279, 1.677393, 0.016113,
163.828956, 1.670142, 1.664502, -0.005640,
163.839552, 1.670142, 1.658862, -0.011279,
163.848895, 1.677393, 1.650806, -0.026587,
163.858768, 1.679004, 1.656445, -0.022559,
163.869347, 1.677393, 1.665308, -0.012085,
163.879958, 1.674170, 1.665308, -0.008862,
163.890461, 1.682227, 1.662085, -0.020142,
163.900991, 1.673364, 1.679810, 0.006445,
163.911347, 1.670947, 1.666113, -0.004834,
163.921889, 1.677393, 1.658862, -0.018530,
163.932555, 1.678198, 1.674170, -0.004028,
163.943227, 1.673364, 1.670947, -0.002417,
163.953988, 1.674976, 1.669336, -0.005640,
163.964554, 1.674976, 1.669336, -0.005640,
163.975120, 1.678198, 1.666919, -0.011279,
163.985773, 1.674170, 1.677393, 0.003223,
163.996121, 1.679004, 1.662085, -0.016919,
164.006765, 1.677393, 1.656445, -0.020947,
164.017337, 1.666919, 1.669336, 0.002417,
164.027672, 1.672559, 1.662891, -0.009668,
164.038344, 1.677393, 1.681421, 0.004028,
164.048768, 1.670947, 1.673364, 0.002417,
164.059234, 1.673364, 1.669336, -0.004028,
164.069786, 1.674976, 1.665308, -0.009668,
164.080446, 1.670947, 1.670947, 0.000000,
164.090682, 1.674976, 1.665308, -0.009668,
164.101229, 1.666113, 1.668530, 0.002417,
164.111567, 1.672559, 1.670947, -0.001611,
164.122118, 1.674170, 1.670142, -0.004028,
164.132770, 1.666919, 1.668530, 0.001611,
164.143234, 1.672559, 1.670142, -0.002417,
164.153987, 1.670142, 1.674976, 0.004834,
164.164342, 1.672559, 1.687060, 0.014502,
164.174675, 1.664502, 1.654834, -0.009668,
164.185333, 1.662891, 1.664502, 0.001611,
164.195663, 1.662891, 1.648389, -0.014502,
164.206327, 1.664502, 1.658057, -0.006445,
164.216906, 1.660474, 1.664502, 0.004028,
164.227236, 1.668530, 1.669336, 0.000806,
164.237763, 1.658057, 1.661279, 0.003223,
164.248192, 1.668530, 1.668530, 0.000000,
164.258561, 1.664502, 1.650000, -0.014502,
164.269139, 1.669336, 1.662891, -0.006445,
164.279744, 1.668530, 1.674976, 0.006445,
164.289989, 1.662891, 1.653223, -0.009668,
164.300455, 1.665308, 1.668530, 0.003223,
164.310888, 1.666113, 1.665308, -0.000806,
164.321451, 1.665308, 1.674976, 0.009668,
164.331872, 1.664502, 1.662085, -0.002417,
164.342451, 1.666919, 1.654834, -0.012085,
164.353209, 1.664502, 1.654028, -0.010474,
164.363782, 1.670142, 1.662085, -0.008057,
164.374336, 1.664502, 1.654028, -0.010474,
164.376688, 1.662891, 1.653223, -0.009668,
164.378835, 1.662085, 1.660474, -0.001611,
164.380833, 1.664502, 1.652417, -0.012085,
164.391661, 1.668530, 1.664502, -0.004028,
164.402100, 1.662085, 1.674170, 0.012085,
164.412470, 1.660474, 1.645166, -0.015308,
164.422981, 1.662891, 1.658862, -0.004028,
164.433550, 1.666113, 1.665308, -0.000806,
164.444117, 1.662891, 1.658862, -0.004028,
164.454883, 1.660474, 1.666113, 0.005640,
164.465257, 1.669336, 1.662891, -0.006445,
164.475775, 1.670142, 1.662085, -0.008057,
164.486447, 1.678198, 1.660474, -0.017725,
164.496986, 1.674170, 1.665308, -0.008862,
164.507557, 1.676587, 1.657251, -0.019336,
164.518113, 1.677393, 1.645972, -0.031421,
164.528739, 1.669336, 1.669336, 0.000000,
164.539123, 1.674170, 1.660474, -0.013696,
164.549754, 1.673364, 1.654834, -0.018530,
164.560454, 1.676587, 1.666113, -0.010474,
164.570995, 1.670142, 1.670142, 0.000000,
164.581335, 1.674976, 1.669336, -0.005640,
164.591887, 1.678198, 1.662891, -0.015308,
164.602462, 1.674976, 1.668530, -0.006445,
164.612992, 1.678198, 1.665308, -0.012891,
164.623552, 1.676587, 1.674170, -0.002417,
164.634209, 1.677393, 1.668530, -0.008862,
164.644781, 1.677393, 1.683032, 0.005640,
164.655327, 1.677393, 1.653223, -0.024170,
164.665917, 1.676587, 1.669336, -0.007251,
164.676459, 1.677393, 1.673364, -0.004028,
164.686981, 1.676587, 1.657251, -0.019336,
164.697460, 1.670142, 1.673364, 0.003223,
164.707890, 1.674976, 1.653223, -0.021753,
164.718454, 1.669336, 1.678198, 0.008862,
164.728866, 1.670142, 1.640332, -0.029810,
164.739464, 1.665308, 1.662085, -0.003223,
164.750122, 1.672559, 1.664502, -0.008057,
164.760772, 1.672559, 1.658862, -0.013696,
164.771342, 1.668530, 1.649194, -0.019336,
164.781984, 1.670947, 1.669336, -0.001611,
164.792451, 1.670947, 1.650000, -0.020947,
164.802992, 1.666919, 1.670947, 0.004028,
164.813335, 1.654834, 1.661279, 0.006445,
164.823674, 1.664502, 1.641138, -0.023364,
164.834426, 1.664502, 1.666919, 0.002417,
164.844674, 1.665308, 1.661279, -0.004028,
164.855449, 1.666919, 1.670142, 0.003223,
164.865810, 1.662891, 1.648389, -0.014502,
164.876331, 1.666113, 1.654028, -0.012085,
164.886988, 1.662085, 1.670947, 0.008862,
164.897236, 1.662891, 1.677393, 0.014502,
164.907672, 1.666919, 1.662085, -0.004834,
164.918235, 1.664502, 1.687866, 0.023364,
164.928647, 1.662891, 1.666919, 0.004028,
164.939013, 1.664502, 1.669336, 0.004834,
164.949461, 1.665308, 1.668530, 0.003223,
164.959890, 1.670142, 1.636304, -0.033838,
164.970467, 1.664502, 1.668530, 0.004028,
164.980883, 1.662085, 1.670142, 0.008057,
164.991236, 1.665308, 1.657251, -0.008057,
165.001798, 1.665308, 1.665308, 0.000000,
165.012230, 1.664502, 1.665308, 0.000806,
165.022559, 1.662891, 1.664502, 0.001611,
165.032114, 1.666919, 1.658862, -0.008057,
165.042778, 1.664502, 1.674976, 0.010474,
165.053306, 1.664502, 1.662085, -0.002417,
165.063892, 1.670947, 1.662891, -0.008057,
165.074454, 1.668530, 1.683838, 0.015308,
165.084889, 1.668530, 1.657251, -0.011279,
165.095458, 1.670142, 1.662085, -0.008057,
165.105993, 1.662085, 1.633081, -0.029004,
165.116455, 1.670142, 1.662085, -0.008057,
165.126891, 1.674976, 1.669336, -0.005640,
165.137673, 1.677393, 1.666113, -0.011279,
165.148338, 1.676587, 1.654028, -0.022559,
165.158991, 1.674976, 1.661279, -0.013696,
165.169553, 1.670142, 1.672559, 0.002417,
165.179884, 1.677393, 1.679004, 0.001611,
165.190126, 1.669336, 1.665308, -0.004028,
165.200684, 1.677393, 1.666919, -0.010474,
165.211347, 1.673364, 1.662085, -0.011279,
165.221892, 1.670142, 1.670142, 0.000000,
165.232239, 1.672559, 1.641138, -0.031421,
165.242784, 1.674976, 1.662085, -0.012891,
165.253541, 1.676587, 1.683838, 0.007251,
165.263912, 1.666919, 1.637915, -0.029004,
165.274467, 1.673364, 1.657251, -0.016113,
165.285122, 1.677393, 1.674170, -0.003223,
165.295676, 1.670947, 1.673364, 0.002417,
165.306117, 1.672559, 1.658057, -0.014502,
165.316671, 1.665308, 1.661279, -0.004028,
165.327236, 1.672559, 1.648389, -0.024170,
165.337987, 1.670947, 1.672559, 0.001611,
165.348348, 1.678198, 1.669336, -0.008862,
165.358999, 1.670947, 1.647583, -0.023364,
165.369584, 1.673364, 1.683838, 0.010474,
165.379972, 1.678198, 1.662085, -0.016113,
165.390458, 1.677393, 1.648389, -0.029004,
165.400997, 1.672559, 1.670947, -0.001611,
165.411562, 1.669336, 1.669336, 0.000000,
165.421781, 1.674170, 1.677393, 0.003223,
165.432122, 1.673364, 1.670947, -0.002417,
165.442678, 1.674170, 1.677393, 0.003223,
165.453208, 1.672559, 1.686255, 0.013696,
165.463578, 1.662891, 1.662085, -0.000806,
165.474124, 1.664502, 1.650806, -0.013696,
165.484776, 1.662891, 1.683032, 0.020142,
165.495133, 1.654028, 1.672559, 0.018530,
165.505553, 1.664502, 1.670142, 0.005640,
165.515799, 1.664502, 1.658862, -0.005640,
165.526370, 1.662891, 1.677393, 0.014502,
165.536893, 1.666113, 1.661279, -0.004834,
165.547451, 1.669336, 1.670142, 0.000806,
165.557896, 1.670142, 1.648389, -0.021753,
165.568470, 1.666919, 1.677393, 0.010474,
165.578868, 1.654028, 1.650000, -0.004028,
165.589346, 1.664502, 1.648389, -0.016113,
165.599894, 1.670142, 1.665308, -0.004834,
165.610455, 1.666919, 1.658057, -0.008862,
165.621001, 1.670142, 1.665308, -0.004834,
165.631564, 1.668530, 1.662085, -0.006445,
165.642139, 1.666113, 1.658862, -0.007251,
165.652781, 1.668530, 1.650000, -0.018530,
165.663348, 1.668530, 1.648389, -0.020142,
165.673887, 1.664502, 1.658057, -0.006445,
165.684462, 1.664502, 1.660474, -0.004028,
165.695000, 1.670142, 1.666919, -0.003223,
165.705668, 1.670142, 1.666919, -0.003223,
165.716237, 1.662085, 1.669336, 0.007251,
165.726573, 1.657251, 1.654028, -0.003223,
165.737328, 1.670142, 1.658057, -0.012085,
165.747890, 1.662085, 1.664502, 0.002417,
165.758349, 1.669336, 1.661279, -0.008057,
165.768913, 1.678198, 1.662891, -0.015308,
165.779530, 1.678198, 1.677393, -0.000806,
165.790034, 1.674170, 1.657251, -0.016919,
165.800565, 1.677393, 1.683032, 0.005640,
165.810892, 1.666113, 1.666113, 0.000000,
165.821133, 1.673364, 1.665308, -0.008057,
165.831776, 1.677393, 1.662085, -0.015308,
165.842344, 1.677393, 1.652417, -0.024976,
165.852995, 1.681421, 1.677393, -0.004028,
165.863675, 1.670947, 1.670142, -0.000806,
165.874240, 1.679004, 1.665308, -0.013696,
165.884893, 1.679004, 1.678198, -0.000806,
165.895455, 1.678198, 1.647583, -0.030615,
165.906119, 1.669336, 1.672559, 0.003223,
165.916457, 1.677393, 1.666919, -0.010474,
165.926995, 1.670142, 1.645166, -0.024976,
165.937681, 1.673364, 1.669336, -0.004028,
165.948330, 1.672559, 1.658057, -0.014502,
165.959000, 1.661279, 1.662085, 0.000806,
165.969361, 1.677393, 1.635498, -0.041895,
165.979965, 1.677393, 1.678198, 0.000806,
165.990237, 1.670142, 1.665308, -0.004834,
166.000782, 1.677393, 1.682227, 0.004834,
166.011130, 1.662085, 1.678198, 0.016113,
166.021460, 1.673364, 1.674170, 0.000806,
166.031889, 1.670142, 1.670947, 0.000806,
166.042346, 1.664502, 1.662085, -0.002417,
166.053011, 1.674976, 1.677393, 0.002417,
166.063459, 1.677393, 1.666919, -0.010474,
166.073997, 1.673364, 1.652417, -0.020947,
166.084677, 1.662891, 1.668530, 0.005640,
166.095003, 1.660474, 1.645166, -0.015308,
166.105665, 1.666113, 1.665308, -0.000806,
166.116152, 1.656445, 1.666919, 0.010474,
166.126459, 1.664502, 1.662085, -0.002417,
166.137212, 1.669336, 1.670142, 0.000806,
166.147457, 1.664502, 1.633081, -0.031421,
166.158130, 1.662085, 1.666919, 0.004834,
166.168488, 1.665308, 1.691089, 0.025781,
166.178872, 1.654834, 1.666919, 0.012085,
166.189240, 1.661279, 1.677393, 0.016113,
166.199555, 1.662085, 1.661279, -0.000806,
166.210133, 1.666919, 1.665308, -0.001611,
166.220680, 1.664502, 1.670947, 0.006445,
166.231120, 1.657251, 1.657251, 0.000000,
166.241464, 1.666113, 1.649194, -0.016919,
166.252127, 1.666113, 1.678198, 0.012085,
166.262562, 1.658862, 1.679810, 0.020947,
166.272899, 1.665308, 1.658862, -0.006445,
166.283570, 1.668530, 1.665308, -0.003223,
166.294132, 1.668530, 1.670142, 0.001611,
166.304538, 1.668530, 1.660474, -0.008057,
166.315007, 1.666113, 1.650000, -0.016113,
166.325567, 1.666113, 1.657251, -0.008862,
166.336245, 1.660474, 1.658057, -0.002417,
166.346784, 1.660474, 1.662085, 0.001611,
166.357343, 1.654834, 1.645972, -0.008862,
166.367915, 1.670142, 1.677393, 0.007251,
166.378336, 1.665308, 1.650806, -0.014502,
166.388897, 1.666919, 1.660474, -0.006445,
166.399464, 1.666113, 1.657251, -0.008862,
166.410017, 1.674170, 1.665308, -0.008862,
166.420563, 1.679810, 1.668530, -0.011279,
166.431246, 1.670142, 1.656445, -0.013696,
166.441899, 1.670142, 1.670142, 0.000000,
166.452350, 1.679810, 1.677393, -0.002417,
166.463002, 1.674170, 1.664502, -0.009668,
166.473568, 1.678198, 1.658862, -0.019336,
166.484245, 1.668530, 1.681421, 0.012891,
166.494566, 1.677393, 1.676587, -0.000806,
166.505235, 1.674170, 1.679004, 0.004834,
166.515560, 1.670947, 1.672559, 0.001611,
166.525907, 1.670142, 1.661279, -0.008862,
166.536566, 1.673364, 1.679810, 0.006445,
166.546906, 1.674976, 1.662085, -0.012891,
166.557679, 1.670947, 1.662085, -0.008862,
166.568259, 1.665308, 1.662085, -0.003223,
166.578873, 1.678198, 1.666113, -0.012085,
166.589343, 1.676587, 1.662085, -0.014502,
166.599904, 1.673364, 1.673364, 0.000000,
166.610242, 1.668530, 1.664502, -0.004028,
166.620782, 1.674976, 1.668530, -0.006445,
166.631349, 1.674976, 1.645972, -0.029004,
166.642016, 1.674170, 1.660474, -0.013696,
166.652679, 1.679004, 1.672559, -0.006445,
166.663361, 1.677393, 1.691089, 0.013696,
166.673685, 1.674976, 1.666113, -0.008862,
166.684356, 1.674976, 1.682227, 0.007251,
166.694680, 1.670947, 1.666113, -0.004834,
166.704448, 1.678198, 1.657251, -0.020947,
166.714996, 1.674170, 1.674976, 0.000806,
166.725247, 1.665308, 1.650806, -0.014502,
166.735974, 1.668530, 1.670142, 0.001611,
166.746251, 1.666113, 1.662891, -0.003223,
166.756998, 1.662085, 1.664502, 0.002417,
166.767369, 1.656445, 1.665308, 0.008862,
166.777680, 1.662085, 1.661279, -0.000806,
166.788355, 1.658057, 1.661279, 0.003223,
166.798679, 1.662085, 1.658057, -0.004028,
166.809247, 1.666113, 1.653223, -0.012891,
166.819781, 1.665308, 1.665308, 0.000000,
166.830124, 1.669336, 1.660474, -0.008862,
166.840781, 1.670142, 1.657251, -0.012891,
166.851464, 1.664502, 1.676587, 0.012085,
166.861901, 1.662085, 1.662085, 0.000000,
166.872247, 1.666113, 1.662891, -0.003223,
166.882894, 1.666113, 1.661279, -0.004834,
166.893468, 1.658862, 1.669336, 0.010474,
166.903889, 1.673364, 1.665308, -0.008057,
166.914344, 1.662891, 1.676587, 0.013696,
166.924676, 1.658862, 1.662085, 0.003223,
166.935115, 1.662891, 1.670947, 0.008057,
166.945472, 1.662891, 1.650000, -0.012891,
166.956235, 1.665308, 1.645972, -0.019336,
166.966818, 1.670142, 1.665308, -0.004834,
166.977350, 1.668530, 1.661279, -0.007251,
166.988001, 1.665308, 1.668530, 0.003223,
166.998245, 1.666919, 1.660474, -0.006445,
167.008899, 1.666113, 1.660474, -0.005640,
167.019469, 1.658057, 1.669336, 0.011279,
167.029900, 1.668530, 1.632275, -0.036255,
167.040571, 1.669336, 1.658057, -0.011279,
167.051244, 1.679004, 1.687060, 0.008057,
167.061686, 1.674170, 1.662085, -0.012085,
167.072252, 1.670947, 1.658862, -0.012085,
167.082902, 1.674170, 1.677393, 0.003223,
167.093247, 1.673364, 1.670947, -0.002417,
167.103884, 1.677393, 1.666113, -0.011279,
167.114468, 1.672559, 1.666113, -0.006445,
167.124996, 1.677393, 1.664502, -0.012891,
167.135736, 1.676587, 1.677393, 0.000806,
167.146003, 1.674976, 1.669336, -0.005640,
167.156683, 1.677393, 1.662085, -0.015308,
167.167313, 1.666919, 1.676587, 0.009668,
167.177571, 1.674170, 1.650806, -0.023364,
167.188135, 1.670947, 1.670142, -0.000806,
167.198680, 1.676587, 1.662085, -0.014502,
167.209346, 1.670142, 1.662085, -0.008057,
167.219906, 1.674976, 1.674976, 0.000000,
167.230239, 1.676587, 1.662085, -0.014502,
167.240896, 1.677393, 1.672559, -0.004834,
167.251559, 1.674976, 1.676587, 0.001611,
167.261893, 1.670947, 1.662085, -0.008862,
167.272468, 1.676587, 1.664502, -0.012085,
167.283136, 1.674976, 1.662891, -0.012085,
167.293687, 1.669336, 1.637109, -0.032227,
167.304311, 1.677393, 1.687060, 0.009668,
167.314565, 1.674976, 1.677393, 0.002417,
167.324896, 1.674170, 1.661279, -0.012891,
167.335547, 1.673364, 1.669336, -0.004028,
167.345998, 1.674170, 1.662085, -0.012085,
167.356681, 1.678198, 1.668530, -0.009668,
167.367311, 1.673364, 1.670142, -0.003223,
167.377790, 1.662085, 1.652417, -0.009668,
167.388357, 1.662891, 1.672559, 0.009668,
167.398678, 1.666919, 1.661279, -0.005640,
167.409347, 1.664502, 1.670142, 0.005640,
167.419676, 1.662085, 1.666919, 0.004834,
167.430129, 1.666919, 1.665308, -0.001611,
167.440683, 1.669336, 1.658862, -0.010474,
167.451348, 1.666113, 1.679004, 0.012891,
167.461780, 1.654834, 1.654028, -0.000806,
167.472357, 1.666919, 1.636304, -0.030615,
167.483007, 1.661279, 1.662891, 0.001611,
167.493369, 1.668530, 1.670142, 0.001611,
167.503757, 1.668530, 1.676587, 0.008057,
167.514013, 1.670142, 1.654834, -0.015308,
167.524564, 1.666919, 1.654834, -0.012085,
167.535253, 1.664502, 1.647583, -0.016919,
167.545791, 1.666113, 1.664502, -0.001611,
167.556560, 1.666919, 1.656445, -0.010474,
167.567173, 1.670142, 1.658862, -0.011279,
167.577681, 1.668530, 1.668530, 0.000000,
167.588000, 1.670947, 1.662085, -0.008862,
167.598464, 1.666113, 1.662085, -0.004028,
167.609130, 1.666919, 1.654028, -0.012891,
167.619680, 1.669336, 1.664502, -0.004834,
167.630344, 1.661279, 1.674170, 0.012891,
167.640793, 1.664502, 1.658057, -0.006445,
167.651466, 1.669336, 1.662891, -0.006445,
167.662011, 1.666919, 1.657251, -0.009668,
167.672568, 1.668530, 1.674976, 0.006445,
167.682996, 1.669336, 1.650000, -0.019336,
167.693551, 1.677393, 1.670947, -0.006445,
167.704099, 1.679810, 1.664502, -0.015308,
167.714580, 1.673364, 1.666113, -0.007251,
167.725132, 1.681421, 1.670142, -0.011279,
167.735906, 1.676587, 1.683838, 0.007251,
167.746249, 1.679810, 1.677393, -0.002417,
167.757007, 1.672559, 1.662891, -0.009668,
167.767587, 1.677393, 1.679810, 0.002417,
167.777908, 1.670142, 1.657251, -0.012891,
167.788465, 1.678198, 1.672559, -0.005640,
167.799004, 1.674976, 1.652417, -0.022559,
167.809681, 1.670142, 1.636304, -0.033838,
167.820264, 1.677393, 1.666113, -0.011279,
167.830899, 1.670947, 1.674976, 0.004028,
167.841249, 1.674170, 1.670947, -0.003223,
167.851906, 1.673364, 1.666113, -0.007251,
167.862580, 1.672559, 1.670142, -0.002417,
167.873129, 1.670947, 1.666919, -0.004028,
167.883790, 1.662891, 1.678198, 0.015308,
167.894131, 1.672559, 1.647583, -0.024976,
167.904768, 1.674976, 1.658057, -0.016919,
167.915247, 1.665308, 1.674976, 0.009668,
167.925576, 1.673364, 1.666113, -0.007251,
167.936348, 1.678198, 1.679004, 0.000806,
167.946690, 1.670947, 1.665308, -0.005640,
167.957471, 1.674976, 1.654834, -0.020142,
167.968033, 1.666113, 1.662085, -0.004028,
167.978686, 1.674170, 1.666113, -0.008057,
167.989253, 1.672559, 1.674170, 0.001611,
167.999564, 1.670947, 1.670142, -0.000806,
168.010132, 1.657251, 1.660474, 0.003223,
168.020468, 1.661279, 1.665308, 0.004028,
168.030788, 1.654834, 1.666113, 0.011279,
168.041150, 1.665308, 1.660474, -0.004834,
168.051787, 1.662085, 1.662085, 0.000000,
168.062146, 1.664502, 1.666919, 0.002417,
168.072468, 1.665308, 1.650806, -0.014502,
168.083136, 1.662891, 1.650806, -0.012085,
168.093689, 1.666919, 1.654834, -0.012085,
168.104324, 1.666919, 1.669336, 0.002417,
168.114576, 1.670142, 1.654834, -0.015308,
168.125128, 1.658862, 1.666919, 0.008057,
168.135679, 1.666919, 1.665308, -0.001611,
168.146251, 1.662085, 1.648389, -0.013696,
168.156995, 1.665308, 1.650000, -0.015308,
168.167607, 1.664502, 1.654028, -0.010474,
168.178222, 1.666113, 1.677393, 0.011279,
168.188570, 1.666113, 1.666919, 0.000806,
168.198903, 1.669336, 1.662085, -0.007251,
168.209470, 1.666113, 1.670142, 0.004028,
168.219791, 1.662085, 1.672559, 0.010474,
168.230241, 1.670947, 1.643555, -0.027393,
168.240903, 1.670947, 1.654834, -0.016113,
168.251571, 1.668530, 1.669336, 0.000806,
168.261896, 1.664502, 1.658862, -0.005640,
168.272462, 1.672559, 1.633887, -0.038672,
168.283133, 1.665308, 1.670947, 0.005640,
168.293468, 1.666919, 1.670142, 0.003223,
168.303768, 1.668530, 1.683838, 0.015308,
168.314029, 1.666919, 1.664502, -0.002417,
168.324565, 1.679004, 1.662085, -0.016919,
168.335242, 1.679004, 1.674170, -0.004834,
168.345803, 1.674976, 1.665308, -0.009668,
168.356571, 1.679810, 1.657251, -0.022559,
168.367167, 1.677393, 1.666113, -0.011279,
168.377686, 1.677393, 1.672559, -0.004834,
168.388253, 1.674976, 1.660474, -0.014502,
168.398783, 1.674170, 1.666919, -0.007251,
168.409394, 1.673364, 1.662085, -0.011279,
168.419904, 1.672559, 1.662085, -0.010474,
168.430578, 1.669336, 1.662891, -0.006445,
168.441252, 1.673364, 1.661279, -0.012085,
168.451898, 1.676587, 1.665308, -0.011279,
168.462476, 1.673364, 1.662085, -0.011279,
168.473010, 1.674976, 1.658862, -0.016113,
168.483683, 1.674976, 1.674170, -0.000806,
168.494247, 1.674170, 1.666113, -0.008057,
168.504897, 1.677393, 1.668530, -0.008862,
168.515356, 1.673364, 1.668530, -0.004834,
168.525903, 1.669336, 1.650000, -0.019336,
168.536573, 1.677393, 1.682227, 0.004834,
168.546905, 1.669336, 1.657251, -0.012085,
168.557693, 1.672559, 1.658057, -0.014502,
168.568260, 1.681421, 1.674170, -0.007251,
168.578883, 1.670142, 1.665308, -0.004834,
168.589359, 1.677393, 1.678198, 0.000806,
168.599692, 1.676587, 1.670142, -0.006445,
168.610359, 1.677393, 1.677393, 0.000000,
168.620687, 1.677393, 1.672559, -0.004834,
168.631350, 1.678198, 1.672559, -0.005640,
168.641913, 1.672559, 1.666919, -0.005640,
168.652573, 1.664502, 1.668530, 0.004028,
168.662900, 1.665308, 1.660474, -0.004834,
168.673497, 1.657251, 1.672559, 0.015308,
168.683908, 1.662085, 1.677393, 0.015308,
168.694256, 1.668530, 1.654834, -0.013696,
168.704897, 1.661279, 1.668530, 0.007251,
168.715145, 1.666919, 1.658862, -0.008057,
168.725689, 1.665308, 1.664502, -0.000806,
168.736363, 1.669336, 1.662891, -0.006445,
168.746922, 1.665308, 1.664502, -0.000806,
168.757688, 1.666113, 1.669336, 0.003223,
168.768048, 1.670947, 1.668530, -0.002417,
168.778668, 1.666113, 1.662085, -0.004028,
168.789142, 1.666919, 1.662085, -0.004834,
168.799684, 1.666919, 1.661279, -0.005640,
168.810364, 1.665308, 1.674976, 0.009668,
168.820693, 1.665308, 1.668530, 0.003223,
168.831133, 1.666919, 1.660474, -0.006445,
168.841696, 1.666113, 1.658057, -0.008057,
168.852361, 1.670142, 1.670947, 0.000806,
168.862788, 1.665308, 1.641943, -0.023364,
168.873362, 1.662085, 1.660474, -0.001611,
168.884007, 1.656445, 1.669336, 0.012891,
168.894359, 1.670142, 1.660474, -0.009668,
168.904983, 1.662085, 1.670142, 0.008057,
168.915250, 1.662085, 1.665308, 0.003223,
168.925573, 1.666113, 1.676587, 0.010474,
168.936057, 1.664502, 1.670142, 0.005640,
168.946357, 1.666113, 1.656445, -0.009668,
168.957580, 1.666113, 1.654834, -0.011279,
168.968162, 1.670142, 1.666919, -0.003223,
168.978767, 1.670947, 1.658057, -0.012891,
168.989253, 1.674976, 1.660474, -0.014502,
168.999829, 1.673364, 1.669336, -0.004028,
169.010471, 1.673364, 1.662891, -0.010474,
169.021015, 1.673364, 1.647583, -0.025781,
169.029536, 1.670142, 1.660474, -0.009668,
169.040137, 1.677393, 1.660474, -0.016919,
169.050786, 1.679810, 1.669336, -0.010474,
169.061470, 1.679004, 1.669336, -0.009668,
169.072136, 1.676587, 1.665308, -0.011279,
169.082797, 1.678198, 1.683032, 0.004834,
169.093141, 1.672559, 1.670142, -0.002417,
169.103763, 1.674170, 1.676587, 0.002417,
169.114006, 1.674170, 1.681421, 0.007251,
169.124254, 1.674976, 1.664502, -0.010474,
169.135078, 1.669336, 1.673364, 0.004028,
169.145357, 1.669336, 1.665308, -0.004028,
169.156130, 1.677393, 1.670947, -0.006445,
169.166707, 1.674170, 1.653223, -0.020947,
169.177253, 1.672559, 1.670142, -0.002417,
169.187800, 1.674976, 1.672559, -0.002417,
169.198367, 1.669336, 1.670142, 0.000806,
169.208793, 1.673364, 1.654028, -0.019336,
169.219362, 1.677393, 1.689478, 0.012085,
169.229763, 1.677393, 1.670142, -0.007251,
169.240360, 1.678198, 1.654834, -0.023364,
169.251011, 1.670142, 1.677393, 0.007251,
169.261476, 1.674170, 1.677393, 0.003223,
169.271793, 1.668530, 1.662891, -0.005640,
169.282474, 1.672559, 1.660474, -0.012085,
169.293002, 1.673364, 1.670947, -0.002417,
169.303553, 1.662085, 1.665308, 0.003223,
169.313805, 1.658862, 1.661279, 0.002417,
169.324136, 1.662085, 1.656445, -0.005640,
169.334874, 1.664502, 1.676587, 0.012085,
169.345142, 1.657251, 1.654028, -0.003223,
169.355904, 1.662085, 1.654834, -0.007251,
169.366501, 1.662891, 1.658862, -0.004028,
169.377030, 1.662891, 1.658057, -0.004834,
169.387576, 1.668530, 1.664502, -0.004028,
169.398141, 1.664502, 1.665308, 0.000806,
169.408560, 1.665308, 1.664502, -0.000806,
169.419002, 1.666113, 1.669336, 0.003223,
169.429335, 1.669336, 1.650806, -0.018530,
169.439913, 1.662085, 1.662085, 0.000000,
169.450251, 1.662085, 1.666919, 0.004834,
169.460702, 1.666113, 1.662891, -0.003223,
169.471254, 1.666919, 1.662085, -0.004834,
169.481905, 1.660474, 1.660474, 0.000000,
169.492132, 1.661279, 1.660474, -0.000806,
169.502581, 1.666919, 1.668530, 0.001611,
169.512908, 1.664502, 1.662085, -0.002417,
169.523498, 1.665308, 1.652417, -0.012891,
169.534223, 1.666113, 1.670142, 0.004028,
169.544575, 1.661279, 1.674170, 0.012891,
169.555135, 1.666113, 1.662891, -0.003223,
169.565730, 1.670142, 1.668530, -0.001611,
169.576261, 1.666113, 1.653223, -0.012891,
169.586905, 1.664502, 1.666919, 0.002417,
169.597253, 1.670947, 1.674170, 0.003223,
169.607693, 1.677393, 1.658057, -0.019336,
169.618259, 1.676587, 1.666919, -0.009668,
169.628885, 1.677393, 1.662085, -0.015308,
169.639577, 1.670142, 1.665308, -0.004834,
169.650253, 1.683838, 1.665308, -0.018530,
169.660902, 1.673364, 1.672559, -0.000806,
169.671472, 1.674170, 1.669336, -0.004834,
169.682141, 1.682227, 1.665308, -0.016919,
169.692695, 1.674170, 1.657251, -0.016919,
169.703321, 1.674170, 1.677393, 0.003223,
169.713577, 1.676587, 1.668530, -0.008057,
169.724146, 1.674976, 1.657251, -0.017725,
169.734880, 1.677393, 1.669336, -0.008057,
169.745359, 1.676587, 1.657251, -0.019336,
169.756141, 1.672559, 1.678198, 0.005640,
169.766498, 1.672559, 1.669336, -0.003223,
169.777004, 1.676587, 1.637915, -0.038672,
169.787587, 1.677393, 1.660474, -0.016919,
169.798143, 1.669336, 1.674170, 0.004834,
169.808579, 1.673364, 1.662085, -0.011279,
169.819152, 1.674170, 1.673364, -0.000806,
169.829760, 1.676587, 1.665308, -0.011279,
169.840360, 1.676587, 1.664502, -0.012085,
169.851033, 1.672559, 1.681421, 0.008862,
169.861474, 1.673364, 1.665308, -0.008057,
169.872010, 1.670142, 1.678198, 0.008057,
169.882362, 1.673364, 1.666919, -0.006445,
169.892905, 1.678198, 1.669336, -0.008862,
169.903451, 1.670142, 1.665308, -0.004834,
169.913917, 1.674976, 1.658057, -0.016919,
169.924480, 1.666113, 1.676587, 0.010474,
169.934994, 1.665308, 1.682227, 0.016919,
169.945251, 1.658862, 1.665308, 0.006445,
169.955791, 1.662085, 1.657251, -0.004834,
169.966395, 1.662891, 1.666919, 0.004028,
169.976690, 1.664502, 1.654834, -0.009668,
169.987264, 1.658862, 1.660474, 0.001611,
169.997577, 1.662085, 1.661279, -0.000806,
170.008255, 1.662085, 1.662891, 0.000806,
170.018575, 1.669336, 1.658862, -0.010474,
170.029260, 1.666113, 1.658057, -0.008057,
170.039907, 1.662085, 1.658057, -0.004028,
170.050476, 1.664502, 1.648389, -0.016113,
170.061138, 1.662891, 1.668530, 0.005640,
170.071477, 1.664502, 1.657251, -0.007251,
170.082141, 1.666919, 1.650000, -0.016919,
170.092696, 1.662891, 1.654834, -0.008057,
170.103328, 1.669336, 1.649194, -0.020142,
170.113819, 1.668530, 1.661279, -0.007251,
170.124360, 1.670947, 1.654834, -0.016113,
170.135245, 1.669336, 1.670947, 0.001611,
170.145576, 1.662891, 1.650806, -0.012085,
170.156351, 1.669336, 1.649194, -0.020142,
170.166943, 1.665308, 1.654834, -0.010474,
170.177479, 1.664502, 1.658862, -0.005640,
170.188017, 1.664502, 1.673364, 0.008862,
170.198362, 1.668530, 1.678198, 0.009668,
170.208799, 1.662891, 1.657251, -0.005640,
170.219363, 1.665308, 1.673364, 0.008057,
170.229772, 1.669336, 1.662085, -0.007251,
170.240360, 1.670142, 1.650000, -0.020142,
170.251002, 1.674976, 1.649194, -0.025781,
170.261691, 1.670947, 1.662891, -0.008057,
170.272263, 1.679004, 1.660474, -0.018530,
170.282915, 1.670947, 1.665308, -0.005640,
170.293470, 1.670142, 1.668530, -0.001611,
170.303985, 1.666919, 1.662891, -0.004028,
170.314478, 1.673364, 1.679004, 0.005640,
170.324799, 1.662891, 1.682227, 0.019336,
170.335340, 1.678198, 1.674170, -0.004028,
170.345790, 1.672559, 1.676587, 0.004028,
170.356255, 1.666113, 1.661279, -0.004834,
170.366828, 1.673364, 1.662891, -0.010474,
170.377377, 1.679810, 1.649194, -0.030615,
170.388034, 1.673364, 1.662085, -0.011279,
170.398582, 1.677393, 1.670142, -0.007251,
170.409263, 1.674976, 1.652417, -0.022559,
170.419794, 1.674170, 1.670947, -0.003223,
170.430467, 1.673364, 1.664502, -0.008862,
170.441057, 1.677393, 1.649194, -0.028198,
170.451698, 1.670947, 1.673364, 0.002417,
170.462140, 1.666113, 1.662891, -0.003223,
170.472695, 1.668530, 1.672559, 0.004028,
170.483141, 1.672559, 1.653223, -0.019336,
170.493693, 1.670142, 1.668530, -0.001611,
170.504335, 1.674170, 1.670142, -0.004028,
170.514807, 1.677393, 1.660474, -0.016919,
170.525360, 1.670142, 1.666113, -0.004028,
170.536129, 1.677393, 1.676587, -0.000806,
170.546703, 1.674170, 1.666113, -0.008057,
170.557485, 1.670142, 1.683838, 0.013696,
170.567832, 1.662085, 1.670142, 0.008057,
170.578235, 1.661279, 1.677393, 0.016113,
170.588574, 1.662085, 1.666919, 0.004834,
170.598919, 1.660474, 1.662891, 0.002417,
170.609364, 1.662085, 1.653223, -0.008862,
170.619912, 1.657251, 1.661279, 0.004028,
170.630358, 1.661279, 1.658862, -0.002417,
170.641042, 1.666113, 1.650000, -0.016113,
170.651692, 1.666113, 1.679810, 0.013696,
170.662150, 1.666919, 1.661279, -0.005640,
170.672695, 1.666113, 1.662085, -0.004028,
170.683361, 1.670142, 1.661279, -0.008862,
170.693909, 1.662085, 1.661279, -0.000806,
170.704591, 1.662891, 1.652417, -0.010474,
170.715151, 1.666113, 1.665308, -0.000806,
170.725695, 1.666919, 1.661279, -0.005640,
170.736363, 1.660474, 1.669336, 0.008862,
170.746704, 1.670142, 1.657251, -0.012891,
170.757476, 1.666113, 1.666919, 0.000806,
170.767840, 1.664502, 1.691089, 0.026587,
170.778234, 1.656445, 1.664502, 0.008057,
170.788585, 1.668530, 1.662891, -0.005640,
170.799150, 1.670142, 1.664502, -0.005640,
170.809793, 1.656445, 1.664502, 0.008057,
170.820151, 1.662891, 1.669336, 0.006445,
170.830590, 1.669336, 1.666113, -0.003223,
170.841259, 1.662891, 1.650806, -0.012085,
170.851911, 1.666919, 1.664502, -0.002417,
170.862470, 1.670142, 1.647583, -0.022559,
170.873018, 1.670142, 1.662085, -0.008057,
170.883573, 1.669336, 1.662085, -0.007251,
170.894034, 1.677393, 1.679004, 0.001611,
170.904405, 1.677393, 1.670142, -0.007251,
170.914917, 1.673364, 1.664502, -0.008862,
170.925501, 1.670142, 1.674170, 0.004028,
170.935911, 1.674170, 1.672559, -0.001611,
170.946478, 1.662891, 1.669336, 0.006445,
170.957029, 1.677393, 1.654834, -0.022559,
170.967654, 1.677393, 1.677393, 0.000000,
170.977922, 1.678198, 1.664502, -0.013696,
170.988473, 1.674976, 1.679810, 0.004834,
170.998798, 1.676587, 1.677393, 0.000806,
171.009261, 1.677393, 1.658862, -0.018530,
171.019812, 1.673364, 1.669336, -0.004028,
171.030473, 1.677393, 1.665308, -0.012085,
171.040264, 1.674170, 1.656445, -0.017725,
171.050916, 1.674976, 1.650000, -0.024976,
171.061586, 1.673364, 1.670142, -0.003223,
171.072145, 1.670142, 1.668530, -0.001611,
171.082804, 1.677393, 1.678198, 0.000806,
171.093147, 1.672559, 1.669336, -0.003223,
171.103773, 1.679810, 1.658862, -0.020947,
171.114268, 1.678198, 1.640332, -0.037866,
171.124796, 1.670947, 1.664502, -0.006445,
171.135548, 1.673364, 1.678198, 0.004834,
171.145806, 1.674976, 1.640332, -0.034644,
171.156580, 1.677393, 1.662085, -0.015308,
171.167184, 1.679004, 1.666113, -0.012891,
171.177701, 1.674170, 1.670947, -0.003223,
171.188268, 1.670142, 1.657251, -0.012891,
171.198803, 1.678198, 1.674976, -0.003223,
171.209482, 1.670142, 1.673364, 0.003223,
171.219802, 1.669336, 1.670947, 0.001611,
171.230263, 1.665308, 1.662085, -0.003223,
171.240913, 1.662085, 1.661279, -0.000806,
171.251576, 1.666919, 1.670142, 0.003223,
171.261915, 1.660474, 1.661279, 0.000806,
171.272263, 1.662085, 1.662891, 0.000806,
171.282694, 1.662085, 1.654834, -0.007251,
171.293271, 1.664502, 1.681421, 0.016919,
171.303675, 1.665308, 1.670142, 0.004834,
171.313923, 1.669336, 1.658057, -0.011279,
171.324473, 1.662891, 1.677393, 0.014502,
171.334896, 1.662085, 1.662085, 0.000000,
171.345153, 1.666919, 1.658057, -0.008862,
171.355909, 1.662085, 1.661279, -0.000806,
171.366519, 1.669336, 1.654028, -0.015308,
171.377014, 1.665308, 1.674170, 0.008862,
171.387376, 1.666113, 1.670947, 0.004834,
171.397702, 1.658057, 1.658057, 0.000000,
171.408017, 1.664502, 1.656445, -0.008057,
171.418486, 1.672559, 1.690283, 0.017725,
171.428888, 1.668530, 1.679004, 0.010474,
171.439271, 1.662085, 1.666113, 0.004028,
171.449683, 1.669336, 1.648389, -0.020947,
171.460384, 1.668530, 1.654834, -0.013696,
171.470926, 1.666113, 1.664502, -0.001611,
171.481579, 1.669336, 1.664502, -0.004834,
171.492166, 1.666113, 1.662085, -0.004028,
171.502705, 1.670142, 1.674976, 0.004834,
171.513017, 1.658862, 1.654834, -0.004028,
171.523477, 1.662891, 1.677393, 0.014502,
171.533914, 1.673364, 1.666113, -0.007251,
171.544481, 1.677393, 1.648389, -0.029004,
171.555260, 1.677393, 1.640332, -0.037061,
171.565839, 1.676587, 1.666113, -0.010474,
171.576369, 1.677393, 1.661279, -0.016113,
171.587043, 1.672559, 1.681421, 0.008862,
171.597360, 1.677393, 1.662891, -0.014502,
171.608018, 1.674976, 1.660474, -0.014502,
171.618583, 1.670142, 1.666113, -0.004028,
171.629260, 1.670947, 1.672559, 0.001611,
171.639697, 1.674976, 1.673364, -0.001611,
171.650366, 1.679004, 1.665308, -0.013696,
171.661017, 1.666919, 1.666919, 0.000000,
171.671269, 1.664502, 1.686255, 0.021753,
171.681703, 1.677393, 1.666113, -0.011279,
171.692261, 1.674170, 1.650806, -0.023364,
171.702799, 1.674170, 1.677393, 0.003223,
171.713150, 1.665308, 1.662891, -0.002417,
171.723700, 1.670142, 1.679004, 0.008862,
171.734113, 1.670142, 1.662085, -0.008057,
171.744586, 1.672559, 1.670142, -0.002417,
171.755376, 1.676587, 1.677393, 0.000806,
171.765737, 1.670142, 1.665308, -0.004834,
171.776261, 1.674976, 1.654028, -0.020947,
171.786924, 1.677393, 1.670947, -0.006445,
171.797484, 1.674170, 1.674170, 0.000000,
171.807804, 1.674170, 1.662085, -0.012085,
171.818381, 1.673364, 1.664502, -0.008862,
171.828991, 1.673364, 1.666919, -0.006445,
171.839597, 1.670142, 1.662085, -0.008057,
171.850268, 1.662085, 1.661279, -0.000806,
171.860917, 1.662085, 1.670142, 0.008057,
171.871266, 1.662891, 1.670947, 0.008057,
171.881701, 1.664502, 1.650000, -0.014502,
171.892264, 1.670947, 1.665308, -0.005640,
171.902812, 1.662085, 1.662085, 0.000000,
171.913150, 1.662891, 1.647583, -0.015308,
171.923701, 1.665308, 1.656445, -0.008862,
171.934463, 1.670142, 1.666919, -0.003223,
171.944919, 1.661279, 1.674170, 0.012891,
171.955483, 1.666113, 1.668530, 0.002417,
171.965857, 1.658057, 1.670142, 0.012085,
171.976151, 1.656445, 1.654834, -0.001611,
171.986803, 1.666113, 1.683032, 0.016919,
171.997151, 1.670142, 1.654834, -0.015308,
172.007802, 1.668530, 1.654028, -0.014502,
172.018390, 1.662891, 1.666919, 0.004028,
172.028786, 1.668530, 1.666113, -0.002417,
172.039365, 1.666919, 1.666919, 0.000000,
172.049697, 1.665308, 1.673364, 0.008057,
172.060151, 1.660474, 1.662085, 0.001611,
172.070485, 1.668530, 1.672559, 0.004028,
172.080919, 1.662891, 1.645166, -0.017725,
172.091484, 1.665308, 1.660474, -0.004834,
172.102015, 1.662891, 1.662085, -0.000806,
172.112590, 1.664502, 1.666919, 0.002417,
172.122925, 1.668530, 1.632275, -0.036255,
172.133586, 1.668530, 1.664502, -0.004028,
172.144148, 1.670947, 1.658862, -0.012085,
172.154923, 1.668530, 1.640332, -0.028198,
172.165513, 1.678198, 1.670142, -0.008057,
172.176018, 1.679810, 1.662085, -0.017725,
172.186586, 1.679004, 1.690283, 0.011279,
172.196918, 1.677393, 1.665308, -0.012085,
172.207579, 1.679004, 1.660474, -0.018530,
172.218150, 1.674170, 1.662085, -0.012085,
172.228766, 1.678198, 1.664502, -0.013696,
172.239370, 1.665308, 1.679004, 0.013696,
172.249801, 1.670142, 1.681421, 0.011279,
172.260271, 1.677393, 1.649194, -0.028198,
172.270821, 1.673364, 1.668530, -0.004834,
172.281485, 1.666113, 1.661279, -0.004834,
172.292030, 1.674170, 1.664502, -0.009668,
172.302485, 1.673364, 1.676587, 0.003223,
172.312810, 1.678198, 1.662085, -0.016113,
172.323366, 1.673364, 1.662891, -0.010474,
172.334104, 1.676587, 1.657251, -0.019336,
172.344616, 1.676587, 1.672559, -0.004028,
172.355365, 1.665308, 1.668530, 0.003223,
172.365728, 1.673364, 1.669336, -0.004028,
172.376268, 1.673364, 1.647583, -0.025781,
172.386801, 1.678198, 1.686255, 0.008057,
172.397037, 1.670142, 1.670947, 0.000806,
172.407483, 1.670142, 1.664502, -0.005640,
172.418028, 1.666113, 1.670947, 0.004834,
172.428340, 1.670142, 1.677393, 0.007251,
172.438705, 1.677393, 1.653223, -0.024170,
172.449358, 1.669336, 1.682227, 0.012891,
172.459817, 1.673364, 1.661279, -0.012085,
172.470382, 1.674170, 1.674976, 0.000806,
172.480803, 1.674170, 1.645166, -0.029004,
172.491379, 1.662085, 1.662085, 0.000000,
172.501597, 1.657251, 1.669336, 0.012085,
172.511927, 1.662085, 1.668530, 0.006445,
172.522270, 1.662085, 1.669336, 0.007251,
172.532707, 1.658862, 1.661279, 0.002417,
172.543149, 1.658057, 1.654834, -0.003223,
172.553901, 1.666919, 1.668530, 0.001611,
172.564267, 1.665308, 1.661279, -0.004028,
172.574815, 1.664502, 1.657251, -0.007251,
172.585487, 1.664502, 1.668530, 0.004028,
172.595809, 1.670142, 1.664502, -0.005640,
172.606487, 1.665308, 1.666113, 0.000806,
172.616816, 1.662085, 1.665308, 0.003223,
172.627152, 1.670142, 1.656445, -0.013696,
172.637918, 1.665308, 1.670947, 0.005640,
172.648267, 1.668530, 1.670142, 0.001611,
172.658807, 1.664502, 1.664502, 0.000000,
172.669175, 1.665308, 1.679004, 0.013696,
172.679572, 1.669336, 1.662891, -0.006445,
172.690032, 1.664502, 1.656445, -0.008057,
172.700486, 1.662085, 1.662085, 0.000000,
172.710814, 1.666919, 1.660474, -0.006445,
172.721368, 1.670142, 1.662085, -0.008057,
172.732029, 1.664502, 1.661279, -0.003223,
172.742583, 1.666919, 1.654834, -0.012085,
172.753345, 1.666919, 1.666113, -0.000806,
172.763922, 1.670142, 1.674170, 0.004028,
172.774269, 1.666113, 1.662085, -0.004028,
172.784921, 1.662891, 1.670142, 0.007251,
172.795268, 1.668530, 1.685449, 0.016919,
172.805696, 1.678198, 1.670142, -0.008057,
172.816267, 1.681421, 1.665308, -0.016113,
172.826809, 1.677393, 1.647583, -0.029810,
172.837481, 1.673364, 1.679004, 0.005640,
172.847803, 1.677393, 1.650000, -0.027393,
172.858590, 1.676587, 1.662891, -0.013696,
172.869260, 1.674170, 1.664502, -0.009668,
172.879919, 1.678198, 1.666113, -0.012085,
172.890496, 1.674170, 1.669336, -0.004834,
172.901049, 1.673364, 1.676587, 0.003223,
172.911494, 1.665308, 1.669336, 0.004028,
172.921814, 1.677393, 1.672559, -0.004834,
172.932492, 1.676587, 1.674976, -0.001611,
172.943063, 1.674170, 1.654834, -0.019336,
172.953783, 1.674976, 1.662085, -0.012891,
172.964370, 1.669336, 1.662085, -0.007251,
172.974922, 1.678198, 1.654028, -0.024170,
172.985585, 1.673364, 1.673364, 0.000000,
172.995809, 1.670947, 1.666919, -0.004028,
173.006492, 1.674976, 1.670947, -0.004028,
173.017036, 1.674976, 1.666919, -0.008057,
173.027487, 1.670142, 1.681421, 0.011279,
173.037929, 1.672559, 1.668530, -0.004028,
173.047595, 1.670947, 1.669336, -0.001611,
173.058267, 1.674170, 1.657251, -0.016919,
173.068881, 1.670947, 1.678198, 0.007251,
173.079267, 1.670142, 1.661279, -0.008862,
173.089814, 1.674976, 1.666919, -0.008057,
173.100380, 1.677393, 1.658057, -0.019336,
173.111037, 1.666113, 1.657251, -0.008862,
173.121594, 1.670947, 1.641943, -0.029004,
173.132267, 1.674170, 1.668530, -0.005640,
173.142924, 1.650806, 1.654028, 0.003223,
173.153465, 1.662085, 1.640332, -0.021753,
173.164041, 1.665308, 1.654834, -0.010474,
173.174591, 1.662891, 1.654834, -0.008057,
173.185154, 1.660474, 1.674976, 0.014502,
173.195503, 1.664502, 1.658862, -0.005640,
173.206147, 1.666113, 1.654834, -0.011279,
173.216710, 1.662891, 1.666919, 0.004028,
173.227036, 1.666113, 1.665308, -0.000806,
173.237701, 1.662085, 1.668530, 0.006445,
173.248032, 1.665308, 1.661279, -0.004028,
173.258726, 1.662891, 1.672559, 0.009668,
173.269109, 1.656445, 1.670142, 0.013696,
173.279484, 1.669336, 1.669336, 0.000000,
173.289710, 1.666113, 1.664502, -0.001611,
173.300268, 1.662891, 1.656445, -0.006445,
173.310808, 1.666113, 1.665308, -0.000806,
173.321378, 1.662891, 1.660474, -0.002417,
173.332015, 1.665308, 1.664502, -0.000806,
173.342601, 1.662085, 1.647583, -0.014502,
173.353347, 1.666919, 1.668530, 0.001611,
173.363704, 1.664502, 1.650000, -0.014502,
173.374271, 1.666919, 1.666113, -0.000806,
173.384922, 1.654834, 1.665308, 0.010474,
173.395267, 1.670142, 1.674976, 0.004834,
173.405705, 1.666113, 1.664502, -0.001611,
173.416273, 1.666919, 1.660474, -0.006445,
173.426811, 1.662085, 1.649194, -0.012891,
173.437493, 1.668530, 1.666919, -0.001611,
173.448039, 1.679810, 1.673364, -0.006445,
173.458766, 1.678198, 1.666919, -0.011279,
173.469397, 1.681421, 1.674170, -0.007251,
173.480004, 1.677393, 1.672559, -0.004834,
173.490486, 1.676587, 1.679810, 0.003223,
173.500707, 1.679004, 1.665308, -0.013696,
173.511275, 1.676587, 1.662891, -0.013696,
173.521842, 1.674170, 1.670947, -0.003223,
173.532496, 1.679810, 1.673364, -0.006445,
173.543050, 1.673364, 1.649194, -0.024170,
173.553789, 1.668530, 1.661279, -0.007251,
173.564373, 1.673364, 1.665308, -0.008057,
173.574927, 1.670142, 1.664502, -0.005640,
173.585580, 1.673364, 1.670142, -0.003223,
173.596158, 1.672559, 1.665308, -0.007251,
173.606812, 1.674170, 1.654834, -0.019336,
173.617375, 1.668530, 1.668530, 0.000000,
173.627594, 1.674976, 1.669336, -0.005640,
173.638274, 1.673364, 1.664502, -0.008862,
173.648816, 1.674170, 1.674170, 0.000000,
173.659264, 1.676587, 1.677393, 0.000806,
173.669609, 1.669336, 1.664502, -0.004834,
173.680265, 1.678198, 1.691895, 0.013696,
173.690596, 1.673364, 1.681421, 0.008057,
173.700925, 1.677393, 1.668530, -0.008862,
173.711501, 1.668530, 1.665308, -0.003223,
173.722053, 1.678198, 1.670142, -0.008057,
173.732713, 1.677393, 1.672559, -0.004834,
173.743373, 1.678198, 1.670947, -0.007251,
173.754135, 1.674976, 1.664502, -0.010474,
173.764708, 1.669336, 1.670142, 0.000806,
173.775044, 1.665308, 1.653223, -0.012085,
173.785705, 1.662891, 1.665308, 0.002417,
173.796047, 1.660474, 1.640332, -0.020142,
173.806715, 1.662891, 1.665308, 0.002417,
173.817047, 1.664502, 1.654028, -0.010474,
173.827595, 1.669336, 1.649194, -0.020142,
173.838272, 1.665308, 1.668530, 0.003223,
173.848614, 1.658862, 1.660474, 0.001611,
173.859047, 1.664502, 1.666919, 0.002417,
173.869390, 1.666113, 1.668530, 0.002417,
173.879784, 1.658057, 1.665308, 0.007251,
173.890039, 1.672559, 1.664502, -0.008057,
173.900489, 1.661279, 1.661279, 0.000000,
173.910820, 1.662891, 1.668530, 0.005640,
173.921164, 1.668530, 1.679810, 0.011279,
173.931586, 1.668530, 1.647583, -0.020947,
173.942157, 1.666113, 1.677393, 0.011279,
173.952592, 1.665308, 1.644360, -0.020947,
173.963164, 1.666113, 1.662085, -0.004028,
173.973710, 1.665308, 1.654834, -0.010474,
173.984378, 1.670142, 1.661279, -0.008862,
173.994932, 1.669336, 1.656445, -0.012891,
174.005588, 1.662891, 1.661279, -0.001611,
174.016162, 1.670142, 1.662891, -0.007251,
174.026720, 1.668530, 1.657251, -0.011279,
174.037491, 1.666919, 1.670142, 0.003223,
174.047821, 1.665308, 1.673364, 0.008057,
174.058385, 1.665308, 1.654834, -0.010474,
174.068934, 1.662085, 1.640332, -0.021753,
174.079573, 1.666919, 1.664502, -0.002417,
174.090044, 1.682227, 1.672559, -0.009668,
174.100595, 1.679004, 1.678198, -0.000806,
174.111187, 1.673364, 1.670947, -0.002417,
174.121709, 1.674170, 1.673364, -0.000806,
174.132371, 1.673364, 1.644360, -0.029004,
174.143052, 1.673364, 1.654834, -0.018530,
174.153789, 1.677393, 1.678198, 0.000806,
174.164156, 1.673364, 1.670947, -0.002417,
174.174717, 1.673364, 1.662085, -0.011279,
174.185374, 1.672559, 1.676587, 0.004028,
174.195712, 1.670947, 1.658057, -0.012891,
174.206375, 1.674976, 1.662085, -0.012891,
174.216927, 1.674170, 1.664502, -0.009668,
174.227373, 1.672559, 1.676587, 0.004028,
174.237812, 1.672559, 1.664502, -0.008057,
174.248375, 1.673364, 1.666113, -0.007251,
174.259055, 1.670947, 1.658862, -0.012085,
174.269605, 1.673364, 1.670947, -0.002417,
174.280273, 1.670142, 1.666113, -0.004028,
174.290816, 1.670947, 1.657251, -0.013696,
174.301383, 1.672559, 1.682227, 0.009668,
174.311801, 1.677393, 1.662085, -0.015308,
174.322378, 1.677393, 1.664502, -0.012891,
174.333033, 1.673364, 1.665308, -0.008057,
174.343590, 1.677393, 1.658862, -0.018530,
174.354349, 1.668530, 1.677393, 0.008862,
174.364718, 1.672559, 1.678198, 0.005640,
174.375065, 1.674170, 1.641943, -0.032227,
174.385713, 1.670947, 1.673364, 0.002417,
174.396051, 1.677393, 1.678198, 0.000806,
174.406498, 1.660474, 1.658862, -0.001611,
174.417047, 1.664502, 1.661279, -0.003223,
174.427609, 1.666113, 1.674976, 0.008862,
174.438035, 1.666113, 1.662891, -0.003223,
174.448594, 1.662891, 1.658057, -0.004834,
174.459275, 1.653223, 1.654028, 0.000806,
174.469609, 1.669336, 1.669336, 0.000000,
174.480015, 1.658862, 1.635498, -0.023364,
174.490505, 1.666113, 1.652417, -0.013696,
174.501047, 1.664502, 1.660474, -0.004028,
174.511591, 1.666113, 1.647583, -0.018530,
174.522159, 1.664502, 1.652417, -0.012085,
174.532817, 1.664502, 1.652417, -0.012085,
174.543489, 1.665308, 1.654834, -0.010474,
174.554278, 1.668530, 1.658862, -0.009668,
174.564806, 1.666919, 1.665308, -0.001611,
174.575372, 1.664502, 1.661279, -0.003223,
174.585940, 1.662085, 1.665308, 0.003223,
174.596284, 1.662085, 1.670142, 0.008057,
174.606714, 1.662891, 1.662891, 0.000000,
174.617041, 1.662085, 1.662891, 0.000806,
174.627370, 1.666113, 1.676587, 0.010474,
174.637813, 1.660474, 1.662085, 0.001611,
174.648167, 1.668530, 1.674170, 0.005640,
174.658709, 1.660474, 1.670142, 0.009668,
174.669059, 1.666919, 1.664502, -0.002417,
174.679706, 1.666919, 1.654834, -0.012085,
174.690276, 1.666919, 1.649194, -0.017725,
174.700848, 1.662085, 1.670142, 0.008057,
174.711268, 1.658862, 1.666919, 0.008057,
174.721605, 1.666113, 1.666113, 0.000000,
174.732012, 1.677393, 1.660474, -0.016919,
174.742597, 1.677393, 1.662891, -0.014502,
174.753356, 1.676587, 1.687060, 0.010474,
174.763712, 1.677393, 1.683838, 0.006445,
174.774044, 1.682227, 1.664502, -0.017725,
174.784714, 1.670142, 1.682227, 0.012085,
174.795047, 1.662891, 1.670142, 0.007251,
174.805385, 1.674170, 1.670142, -0.004028,
174.815936, 1.674976, 1.670142, -0.004834,
174.826501, 1.672559, 1.660474, -0.012085,
174.837163, 1.666919, 1.660474, -0.006445,
174.847712, 1.674976, 1.670947, -0.004028,
174.858395, 1.670142, 1.682227, 0.012085,
174.868723, 1.679810, 1.669336, -0.010474,
174.879358, 1.678198, 1.681421, 0.003223,
174.889609, 1.670142, 1.662085, -0.008057,
174.900174, 1.679004, 1.668530, -0.010474,
174.910824, 1.669336, 1.658862, -0.010474,
174.921381, 1.670142, 1.678198, 0.008057,
174.931809, 1.674976, 1.674170, -0.000806,
174.942385, 1.670947, 1.665308, -0.005640,
174.953111, 1.674170, 1.678198, 0.004028,
174.963430, 1.669336, 1.670947, 0.001611,
174.973714, 1.670142, 1.670947, 0.000806,
174.984065, 1.670142, 1.668530, -0.001611,
174.994610, 1.669336, 1.666919, -0.002417,
175.005278, 1.677393, 1.666919, -0.010474,
175.015820, 1.673364, 1.654834, -0.018530,
175.026389, 1.678198, 1.674976, -0.003223,
175.037155, 1.677393, 1.662891, -0.014502,
175.047636, 1.673364, 1.678198, 0.004834,
175.058167, 1.664502, 1.657251, -0.007251,
175.068732, 1.665308, 1.677393, 0.012085,
175.079141, 1.661279, 1.665308, 0.004028,
175.089405, 1.660474, 1.661279, 0.000806,
175.099715, 1.664502, 1.661279, -0.003223,
175.110284, 1.668530, 1.657251, -0.011279,
175.120822, 1.669336, 1.662085, -0.007251,
175.131500, 1.662085, 1.662085, 0.000000,
175.141941, 1.654834, 1.654028, -0.000806,
175.152605, 1.664502, 1.670142, 0.005640,
175.162942, 1.660474, 1.674976, 0.014502,
175.173276, 1.666113, 1.649194, -0.016919,
175.183934, 1.670947, 1.650000, -0.020947,
175.194501, 1.670142, 1.670947, 0.000806,
175.204903, 1.668530, 1.662085, -0.006445,
175.215385, 1.660474, 1.668530, 0.008057,
175.225729, 1.666113, 1.657251, -0.008862,
175.236492, 1.665308, 1.683838, 0.018530,
175.246815, 1.666919, 1.650806, -0.016113,
175.257600, 1.666113, 1.656445, -0.009668,
175.268236, 1.665308, 1.664502, -0.000806,
175.278798, 1.665308, 1.665308, 0.000000,
175.289042, 1.670142, 1.668530, -0.001611,
175.299601, 1.668530, 1.662085, -0.006445,
175.310275, 1.670947, 1.635498, -0.035449,
175.320820, 1.670142, 1.677393, 0.007251,
175.331277, 1.669336, 1.669336, 0.000000,
175.341598, 1.669336, 1.640332, -0.029004,
175.352275, 1.670142, 1.679004, 0.008862,
175.362725, 1.665308, 1.668530, 0.003223,
175.373045, 1.669336, 1.666919, -0.002417,
175.383725, 1.677393, 1.669336, -0.008057,
175.394288, 1.681421, 1.668530, -0.012891,
175.404920, 1.679004, 1.691089, 0.012085,
175.415172, 1.676587, 1.670142, -0.006445,
175.425741, 1.674976, 1.654834, -0.020142,
175.436489, 1.674976, 1.673364, -0.001611,
175.447045, 1.678198, 1.662085, -0.016113,
175.457800, 1.676587, 1.664502, -0.012085,
175.468397, 1.677393, 1.666919, -0.010474,
175.479016, 1.676587, 1.674976, -0.001611,
175.489507, 1.674170, 1.670947, -0.003223,
175.500059, 1.670142, 1.666113, -0.004028,
175.510717, 1.676587, 1.670142, -0.006445,
175.521281, 1.670142, 1.672559, 0.002417,
175.531716, 1.666113, 1.687866, 0.021753,
175.542068, 1.672559, 1.645166, -0.027393,
175.552741, 1.673364, 1.672559, -0.000806,
175.563397, 1.678198, 1.669336, -0.008862,
175.573939, 1.670142, 1.670142, 0.000000,
175.584272, 1.677393, 1.660474, -0.016919,
175.594829, 1.672559, 1.670142, -0.002417,
175.605491, 1.670142, 1.673364, 0.003223,
175.615821, 1.672559, 1.672559, 0.000000,
175.626166, 1.677393, 1.660474, -0.016919,
175.636939, 1.674170, 1.683032, 0.008862,
175.647278, 1.670947, 1.670947, 0.000000,
175.657716, 1.674170, 1.666919, -0.007251,
175.668292, 1.672559, 1.672559, 0.000000,
175.678700, 1.677393, 1.677393, 0.000000,
175.688939, 1.654834, 1.664502, 0.009668,
175.699282, 1.658862, 1.636304, -0.022559,
175.709940, 1.664502, 1.647583, -0.016919,
175.720505, 1.665308, 1.670142, 0.004834,
175.730918, 1.666919, 1.674976, 0.008057,
175.741286, 1.664502, 1.660474, -0.004028,
175.751933, 1.668530, 1.669336, 0.000806,
175.762391, 1.664502, 1.665308, 0.000806,
175.772721, 1.668530, 1.673364, 0.004834,
175.783160, 1.664502, 1.653223, -0.011279,
175.793743, 1.665308, 1.653223, -0.012085,
175.804355, 1.666919, 1.672559, 0.005640,
175.814740, 1.668530, 1.661279, -0.007251,
175.825277, 1.662085, 1.662085, 0.000000,
175.835705, 1.665308, 1.662891, -0.002417,
175.846278, 1.674170, 1.678198, 0.004028,
175.856806, 1.668530, 1.657251, -0.011279,
175.867408, 1.666919, 1.660474, -0.006445,
175.877928, 1.666919, 1.644360, -0.022559,
175.888494, 1.670947, 1.679004, 0.008057,
175.898746, 1.661279, 1.668530, 0.007251,
175.909159, 1.660474, 1.678198, 0.017725,
175.919498, 1.668530, 1.666113, -0.002417,
175.930157, 1.666919, 1.662891, -0.004028,
175.940817, 1.670142, 1.660474, -0.009668,
175.951499, 1.664502, 1.670142, 0.005640,
175.961814, 1.669336, 1.664502, -0.004834,
175.972386, 1.666919, 1.664502, -0.002417,
175.983036, 1.662085, 1.662085, 0.000000,
175.993281, 1.666919, 1.654834, -0.012085,
176.003896, 1.673364, 1.674170, 0.000806,
176.014213, 1.679810, 1.662891, -0.016919,
176.024711, 1.673364, 1.654834, -0.018530,
176.035486, 1.670142, 1.674976, 0.004834,
176.045809, 1.679004, 1.674170, -0.004834,
176.056495, 1.682227, 1.661279, -0.020947,
176.067070, 1.674976, 1.666113, -0.008862,
176.077647, 1.677393, 1.664502, -0.012891,
176.088162, 1.673364, 1.666113, -0.007251,
176.098718, 1.674976, 1.664502, -0.010474,
176.109372, 1.674170, 1.670142, -0.004028,
176.119933, 1.665308, 1.666113, 0.000806,
176.130369, 1.666919, 1.682227, 0.015308,
176.140835, 1.677393, 1.662085, -0.015308,
176.151496, 1.669336, 1.658057, -0.011279,
176.162178, 1.670142, 1.669336, -0.000806,
176.172715, 1.677393, 1.658862, -0.018530,
176.183382, 1.666113, 1.670947, 0.004834,
176.193713, 1.674170, 1.652417, -0.021753,
176.204365, 1.672559, 1.665308, -0.007251,
176.214932, 1.670947, 1.666113, -0.004834,
176.225496, 1.673364, 1.668530, -0.004834,
176.236153, 1.672559, 1.676587, 0.004028,
176.246507, 1.673364, 1.657251, -0.016113,
176.257278, 1.669336, 1.676587, 0.007251,
176.267635, 1.670947, 1.670142, -0.000806,
176.278313, 1.670947, 1.670142, -0.000806,
176.288810, 1.674170, 1.683838, 0.009668,
176.299175, 1.670142, 1.687060, 0.016919,
176.309597, 1.674976, 1.668530, -0.006445,
176.320171, 1.678198, 1.676587, -0.001611,
176.330813, 1.664502, 1.658862, -0.005640,
176.341498, 1.662891, 1.674170, 0.011279,
176.351938, 1.670142, 1.665308, -0.004834,
176.362608, 1.666113, 1.654834, -0.011279,
176.373172, 1.666919, 1.645166, -0.021753,
176.383812, 1.662085, 1.662085, 0.000000,
176.394049, 1.668530, 1.656445, -0.012085,
176.404436, 1.664502, 1.674170, 0.009668,
176.414824, 1.666113, 1.666113, 0.000000,
176.425037, 1.662085, 1.657251, -0.004834,
176.435714, 1.665308, 1.664502, -0.000806,
176.446279, 1.668530, 1.662085, -0.006445,
176.457044, 1.666113, 1.664502, -0.001611,
176.467624, 1.668530, 1.676587, 0.008057,
176.477936, 1.658862, 1.650000, -0.008862,
176.488497, 1.670142, 1.677393, 0.007251,
176.498813, 1.668530, 1.670142, 0.001611,
176.509281, 1.662891, 1.662085, -0.000806,
176.519825, 1.665308, 1.670142, 0.004834,
176.530274, 1.657251, 1.661279, 0.004028,
176.540716, 1.665308, 1.664502, -0.000806,
176.551375, 1.665308, 1.654834, -0.010474,
176.562038, 1.670947, 1.674170, 0.003223,
176.572383, 1.664502, 1.673364, 0.008862,
176.582823, 1.668530, 1.660474, -0.008057,
176.593392, 1.658057, 1.662085, 0.004028,
176.603796, 1.670142, 1.666113, -0.004028,
176.614282, 1.669336, 1.665308, -0.004028,
176.624828, 1.669336, 1.674976, 0.005640,
176.635360, 1.668530, 1.666113, -0.002417,
176.645940, 1.672559, 1.633081, -0.039477,
176.656718, 1.677393, 1.672559, -0.004834,
176.667343, 1.670142, 1.677393, 0.007251,
176.677605, 1.673364, 1.664502, -0.008862,
176.688169, 1.670947, 1.670142, -0.000806,
176.698722, 1.679810, 1.681421, 0.001611,
176.709160, 1.676587, 1.664502, -0.012085,
176.719718, 1.677393, 1.676587, -0.000806,
176.730375, 1.677393, 1.666919, -0.010474,
176.741074, 1.668530, 1.660474, -0.008057,
176.751709, 1.666919, 1.657251, -0.009668,
176.762390, 1.670142, 1.676587, 0.006445,
176.772716, 1.679004, 1.665308, -0.013696,
176.783376, 1.673364, 1.669336, -0.004028,
176.793933, 1.668530, 1.661279, -0.007251,
176.804567, 1.677393, 1.670142, -0.007251,
176.815057, 1.670947, 1.662085, -0.008862,
176.825609, 1.676587, 1.662085, -0.014502,
176.836393, 1.678198, 1.670142, -0.008057,
176.846928, 1.674170, 1.652417, -0.021753,
176.857720, 1.673364, 1.654028, -0.019336,
176.868296, 1.673364, 1.668530, -0.004834,
176.878914, 1.673364, 1.656445, -0.016919,
176.889509, 1.670947, 1.669336, -0.001611,
176.900047, 1.679004, 1.656445, -0.022559,
176.910599, 1.674976, 1.656445, -0.018530,
176.921167, 1.674170, 1.668530, -0.005640,
176.931833, 1.670142, 1.670142, 0.000000,
176.942179, 1.676587, 1.656445, -0.020142,
176.952824, 1.678198, 1.677393, -0.000806,
176.963394, 1.674170, 1.654834, -0.019336,
176.973940, 1.673364, 1.664502, -0.008862,
176.984605, 1.666113, 1.669336, 0.003223,
176.994969, 1.652417, 1.661279, 0.008862,
177.005390, 1.666113, 1.665308, -0.000806,
177.015939, 1.662085, 1.658862, -0.003223,
177.026510, 1.665308, 1.657251, -0.008057,
177.037167, 1.664502, 1.662085, -0.002417,
177.047729, 1.664502, 1.656445, -0.008057,
177.058507, 1.666919, 1.673364, 0.006445,
177.068839, 1.666919, 1.678198, 0.011279,
177.079280, 1.668530, 1.662085, -0.006445,
177.089822, 1.660474, 1.662891, 0.002417,
177.100172, 1.670947, 1.668530, -0.002417,
177.110832, 1.660474, 1.650806, -0.009668,
177.121388, 1.665308, 1.674170, 0.008862,
177.131820, 1.666919, 1.650806, -0.016113,
177.142512, 1.662085, 1.658057, -0.004028,
177.153249, 1.666113, 1.670947, 0.004834,
177.163612, 1.665308, 1.669336, 0.004028,
177.173941, 1.670142, 1.653223, -0.016919,
177.184602, 1.668530, 1.668530, 0.000000,
177.194832, 1.664502, 1.658862, -0.005640,
177.205494, 1.672559, 1.640332, -0.032227,
177.216047, 1.666919, 1.677393, 0.010474,
177.226379, 1.665308, 1.656445, -0.008862,
177.237033, 1.666113, 1.670142, 0.004028,
177.247301, 1.670142, 1.674976, 0.004834,
177.257842, 1.669336, 1.660474, -0.008862,
177.268393, 1.666113, 1.666919, 0.000806,
177.278806, 1.666919, 1.662085, -0.004834,
177.289289, 1.676587, 1.666113, -0.010474,
177.299822, 1.677393, 1.677393, 0.000000,
177.310166, 1.679810, 1.678198, -0.001611,
177.320716, 1.673364, 1.674170, 0.000806,
177.331160, 1.674976, 1.666113, -0.008862,
177.341825, 1.674976, 1.666113, -0.008862,
177.352504, 1.674170, 1.677393, 0.003223,
177.362812, 1.674976, 1.662085, -0.012891,
177.373393, 1.668530, 1.666113, -0.002417,
177.384049, 1.673364, 1.654834, -0.018530,
177.394602, 1.676587, 1.662891, -0.013696,
177.405283, 1.676587, 1.679004, 0.002417,
177.415613, 1.673364, 1.674170, 0.000806,
177.425935, 1.676587, 1.665308, -0.011279,
177.436601, 1.673364, 1.677393, 0.004028,
177.446937, 1.672559, 1.658057, -0.014502,
177.457719, 1.673364, 1.665308, -0.008057,
177.468301, 1.682227, 1.669336, -0.012891,
177.478911, 1.676587, 1.662085, -0.014502,
177.489382, 1.676587, 1.670947, -0.005640,
177.499941, 1.662085, 1.660474, -0.001611,
177.510499, 1.673364, 1.664502, -0.008862,
177.521062, 1.679810, 1.677393, -0.002417,
177.531721, 1.677393, 1.685449, 0.008057,
177.542052, 1.673364, 1.664502, -0.008862,
177.552717, 1.670142, 1.670947, 0.000806,
177.563175, 1.679004, 1.670142, -0.008862,
177.573729, 1.670947, 1.666113, -0.004834,
177.584416, 1.679004, 1.665308, -0.013696,
177.594945, 1.673364, 1.674170, 0.000806,
177.605376, 1.665308, 1.662891, -0.002417,
177.615936, 1.657251, 1.658862, 0.001611,
177.626292, 1.661279, 1.656445, -0.004834,
177.637047, 1.662085, 1.670142, 0.008057,
177.647305, 1.662085, 1.637915, -0.024170,
177.658053, 1.662085, 1.654028, -0.008057,
177.668611, 1.665308, 1.658862, -0.006445,
177.679281, 1.666113, 1.668530, 0.002417,
177.689611, 1.665308, 1.633081, -0.032227,
177.700163, 1.668530, 1.683032, 0.014502,
177.710611, 1.668530, 1.654028, -0.014502,
177.721182, 1.666113, 1.668530, 0.002417,
177.731596, 1.665308, 1.662085, -0.003223,
177.742167, 1.665308, 1.662891, -0.002417,
177.752822, 1.661279, 1.672559, 0.011279,
177.763171, 1.670142, 1.656445, -0.013696,
177.773724, 1.668530, 1.670142, 0.001611,
177.784179, 1.662085, 1.657251, -0.004834,
177.794719, 1.669336, 1.660474, -0.008862,
177.805379, 1.665308, 1.682227, 0.016919,
177.815724, 1.666113, 1.658057, -0.008057,
177.826289, 1.669336, 1.669336, 0.000000,
177.836715, 1.669336, 1.670142, 0.000806,
177.847077, 1.666919, 1.650000, -0.016919,
177.857822, 1.672559, 1.652417, -0.020142,
177.868408, 1.665308, 1.664502, -0.000806,
177.879011, 1.668530, 1.661279, -0.007251,
177.889506, 1.670142, 1.656445, -0.013696,
177.900058, 1.666919, 1.666113, -0.000806,
177.910719, 1.666919, 1.670142, 0.003223,
177.921049, 1.670142, 1.670142, 0.000000,
177.931359, 1.682227, 1.665308, -0.016919,
177.941939, 1.670947, 1.666113, -0.004834,
177.952607, 1.674170, 1.676587, 0.002417,
177.962942, 1.677393, 1.664502, -0.012891,
177.973512, 1.674170, 1.674170, 0.000000,
177.983934, 1.668530, 1.669336, 0.000806,
177.994290, 1.676587, 1.677393, 0.000806,
178.004717, 1.678198, 1.670947, -0.007251,
178.015294, 1.673364, 1.672559, -0.000806,
178.025822, 1.674170, 1.668530, -0.005640,
178.036599, 1.679810, 1.676587, -0.003223,
178.047173, 1.678198, 1.658862, -0.019336,
178.057937, 1.668530, 1.639526, -0.029004,
178.068508, 1.676587, 1.679810, 0.003223,
178.078914, 1.670947, 1.664502, -0.006445,
178.089406, 1.670947, 1.669336, -0.001611,
178.099945, 1.662891, 1.674170, 0.011279,
178.110393, 1.673364, 1.658862, -0.014502,
178.120937, 1.674170, 1.669336, -0.004834,
178.131577, 1.674976, 1.679004, 0.004028,
178.142047, 1.664502, 1.658057, -0.006445,
178.152599, 1.677393, 1.678198, 0.000806,
178.162946, 1.666113, 1.665308, -0.000806,
178.173508, 1.674976, 1.670142, -0.004834,
178.184174, 1.673364, 1.670142, -0.003223,
178.194725, 1.668530, 1.661279, -0.007251,
178.205386, 1.670142, 1.669336, -0.000806,
178.215938, 1.670947, 1.662891, -0.008057,
178.226502, 1.676587, 1.658862, -0.017725,
178.237157, 1.676587, 1.670142, -0.006445,
178.247724, 1.654834, 1.654834, 0.000000,
178.258173, 1.662085, 1.650000, -0.012085,
178.268738, 1.662085, 1.670947, 0.008862,
178.279149, 1.662891, 1.652417, -0.010474,
178.289728, 1.654834, 1.661279, 0.006445,
178.300063, 1.662891, 1.658057, -0.004834,
178.310603, 1.666113, 1.654834, -0.011279,
178.321170, 1.665308, 1.670142, 0.004834,
178.331608, 1.664502, 1.677393, 0.012891,
178.342040, 1.669336, 1.658057, -0.011279,
178.352725, 1.666919, 1.678198, 0.011279,
178.363178, 1.662085, 1.654834, -0.007251,
178.373724, 1.662891, 1.664502, 0.001611,
178.384175, 1.668530, 1.661279, -0.007251,
178.394729, 1.662085, 1.654834, -0.007251,
178.405381, 1.666113, 1.666113, 0.000000,
178.415618, 1.664502, 1.670142, 0.005640,
178.425946, 1.668530, 1.658862, -0.009668,
178.436634, 1.658057, 1.670947, 0.012891,
178.446946, 1.662085, 1.660474, -0.001611,
178.457725, 1.670947, 1.650806, -0.020142,
178.468293, 1.670142, 1.664502, -0.005640,
178.478931, 1.662891, 1.650806, -0.012085,
178.489505, 1.666919, 1.666919, 0.000000,
178.499736, 1.666113, 1.678198, 0.012085,
178.509712, 1.668530, 1.657251, -0.011279,
178.520290, 1.670142, 1.679004, 0.008862,
178.530718, 1.657251, 1.653223, -0.004028,
178.541297, 1.670142, 1.654028, -0.016113,
178.551936, 1.662085, 1.678198, 0.016113,
178.562389, 1.661279, 1.662085, 0.000806,
178.572729, 1.678198, 1.673364, -0.004834,
178.583395, 1.679004, 1.674170, -0.004834,
178.593944, 1.673364, 1.657251, -0.016113,
178.604598, 1.677393, 1.672559, -0.004834,
178.615055, 1.674170, 1.664502, -0.009668,
178.625511, 1.679810, 1.666919, -0.012891,
178.636171, 1.679810, 1.662891, -0.016919,
178.646729, 1.679810, 1.674976, -0.004834,
178.657505, 1.676587, 1.658057, -0.018530,
178.668086, 1.674976, 1.658862, -0.016113,
178.678696, 1.677393, 1.654834, -0.022559,
178.689288, 1.673364, 1.650000, -0.023364,
178.699854, 1.672559, 1.674976, 0.002417,
178.710287, 1.678198, 1.660474, -0.017725,
178.720817, 1.670947, 1.674976, 0.004028,
178.731291, 1.673364, 1.660474, -0.012891,
178.741945, 1.670142, 1.664502, -0.005640,
178.752603, 1.674976, 1.686255, 0.011279,
178.762948, 1.673364, 1.662085, -0.011279,
178.773508, 1.669336, 1.662085, -0.007251,
178.784159, 1.670142, 1.662085, -0.008057,
178.794733, 1.674976, 1.666113, -0.008862,
178.805384, 1.678198, 1.662085, -0.016113,
178.815943, 1.664502, 1.673364, 0.008862,
178.826300, 1.670947, 1.674976, 0.004028,
178.836778, 1.676587, 1.674976, -0.001611,
178.847292, 1.670142, 1.687060, 0.016919,
178.857828, 1.666919, 1.672559, 0.005640,
178.868191, 1.674976, 1.666919, -0.008057,
178.878797, 1.673364, 1.669336, -0.004028,
178.889293, 1.678198, 1.666919, -0.011279,
178.899831, 1.668530, 1.660474, -0.008057,
178.910506, 1.666919, 1.666113, -0.000806,
178.921060, 1.658057, 1.685449, 0.027393,
178.931509, 1.654834, 1.681421, 0.026587,
178.941946, 1.662085, 1.657251, -0.004834,
178.952976, 1.665308, 1.668530, 0.003223,
178.963307, 1.666113, 1.664502, -0.001611,
178.973817, 1.666919, 1.654834, -0.012085,
178.984510, 1.666919, 1.660474, -0.006445,
178.995063, 1.669336, 1.666113, -0.003223,
179.005722, 1.666919, 1.666919, 0.000000,
179.015942, 1.662085, 1.662085, 0.000000,
179.026197, 1.669336, 1.662085, -0.007251,
179.036932, 1.662085, 1.666113, 0.004028,
179.047294, 1.660474, 1.661279, 0.000806,
179.057821, 1.666919, 1.672559, 0.005640,
179.068189, 1.666113, 1.661279, -0.004834,
179.078801, 1.666919, 1.633081, -0.033838,
179.089294, 1.669336, 1.669336, 0.000000,
179.099617, 1.666113, 1.662891, -0.003223,
179.110294, 1.670947, 1.666113, -0.004834,
179.120830, 1.665308, 1.670947, 0.005640,
179.131293, 1.668530, 1.679810, 0.011279,
179.141727, 1.662085, 1.665308, 0.003223,
179.152174, 1.666113, 1.670142, 0.004028,
179.162606, 1.670142, 1.657251, -0.012891,
179.173171, 1.662085, 1.654834, -0.007251,
179.183826, 1.668530, 1.662891, -0.005640,
179.194393, 1.669336, 1.660474, -0.008862,
179.205029, 1.676587, 1.670142, -0.006445,
179.215512, 1.677393, 1.677393, 0.000000,
179.225741, 1.677393, 1.662891, -0.014502,
179.236509, 1.673364, 1.641138, -0.032227,
179.247054, 1.670142, 1.670947, 0.000806,
179.257514, 1.676587, 1.668530, -0.008057,
179.268079, 1.669336, 1.665308, -0.004028,
179.278701, 1.674976, 1.668530, -0.006445,
179.289194, 1.674170, 1.670142, -0.004028,
179.299731, 1.669336, 1.666919, -0.002417,
179.310326, 1.666919, 1.673364, 0.006445,
179.320611, 1.670947, 1.677393, 0.006445,
179.331015, 1.677393, 1.676587, -0.000806,
179.341613, 1.666113, 1.664502, -0.001611,
179.352293, 1.678198, 1.668530, -0.009668,
179.362943, 1.673364, 1.685449, 0.012085,
179.373297, 1.670947, 1.660474, -0.010474,
179.383944, 1.670947, 1.654834, -0.016113,
179.394510, 1.674170, 1.668530, -0.005640,
179.405172, 1.674976, 1.656445, -0.018530,
179.415730, 1.676587, 1.662085, -0.014502,
179.426300, 1.677393, 1.678198, 0.000806,
179.436796, 1.666113, 1.662891, -0.003223,
179.447296, 1.669336, 1.670142, 0.000806,
179.457813, 1.672559, 1.664502, -0.008057,
179.468415, 1.674170, 1.676587, 0.002417,
179.478806, 1.677393, 1.666113, -0.011279,
179.489397, 1.673364, 1.677393, 0.004028,
179.499730, 1.674170, 1.656445, -0.017725,
179.510396, 1.674170, 1.660474, -0.013696,
179.520948, 1.678198, 1.669336, -0.008862,
179.531610, 1.662891, 1.661279, -0.001611,
179.542296, 1.665308, 1.650000, -0.015308,
179.552969, 1.661279, 1.673364, 0.012085,
179.563298, 1.665308, 1.665308, 0.000000,
179.573612, 1.662085, 1.652417, -0.009668,
179.584297, 1.669336, 1.665308, -0.004028,
179.594832, 1.665308, 1.670142, 0.004834,
179.605283, 1.665308, 1.670142, 0.004834,
179.615615, 1.664502, 1.654028, -0.010474,
179.626179, 1.658862, 1.658862, 0.000000,
179.636610, 1.662085, 1.654834, -0.007251,
179.647183, 1.665308, 1.668530, 0.003223,
179.657733, 1.664502, 1.665308, 0.000806,
179.668082, 1.662085, 1.662085, 0.000000,
179.678488, 1.665308, 1.662891, -0.002417,
179.689054, 1.662085, 1.658862, -0.003223,
179.699511, 1.664502, 1.665308, 0.000806,
179.709827, 1.662891, 1.673364, 0.010474,
179.720179, 1.666919, 1.673364, 0.006445,
179.730609, 1.664502, 1.657251, -0.007251,
179.741180, 1.665308, 1.666113, 0.000806,
179.751612, 1.666113, 1.669336, 0.003223,
179.761947, 1.666113, 1.673364, 0.007251,
179.772293, 1.669336, 1.656445, -0.012891,
179.782966, 1.658057, 1.658057, 0.000000,
179.793297, 1.666919, 1.654834, -0.012085,
179.803934, 1.666919, 1.670142, 0.003223,
179.814194, 1.669336, 1.662085, -0.007251,
179.824724, 1.666919, 1.654834, -0.012085,
179.835449, 1.670142, 1.670142, 0.000000,
179.845729, 1.677393, 1.668530, -0.008862,
179.856397, 1.677393, 1.666919, -0.010474,
179.866985, 1.674170, 1.679004, 0.004834,
179.877297, 1.677393, 1.670947, -0.006445,
179.887950, 1.676587, 1.662891, -0.013696,
179.898518, 1.672559, 1.662891, -0.009668,
179.909062, 1.674976, 1.654834, -0.020142,
179.919619, 1.678198, 1.670947, -0.007251,
179.930300, 1.679004, 1.670142, -0.008862,
179.940943, 1.668530, 1.679810, 0.011279,
179.951394, 1.672559, 1.683838, 0.011279,
179.961835, 1.672559, 1.670142, -0.002417,
179.972402, 1.678198, 1.669336, -0.008862,
179.983064, 1.668530, 1.666919, -0.001611,
179.993561, 1.672559, 1.653223, -0.019336,
180.004155, 1.679004, 1.691895, 0.012891,
180.014420, 1.673364, 1.670142, -0.003223,
180.024948, 1.670142, 1.662085, -0.008057,
180.035589, 1.674170, 1.674170, 0.000000,
180.045842, 1.674976, 1.665308, -0.009668,
180.056622, 1.670142, 1.683838, 0.013696,
180.066974, 1.668530, 1.670947, 0.002417,
180.077299, 1.666113, 1.662891, -0.003223,
180.087944, 1.673364, 1.673364, 0.000000,
180.098180, 1.677393, 1.670142, -0.007251,
180.108836, 1.670947, 1.660474, -0.010474,
180.119400, 1.677393, 1.679810, 0.002417,
180.129734, 1.674170, 1.668530, -0.005640,
180.140426, 1.666919, 1.674976, 0.008057,
180.150828, 1.673364, 1.647583, -0.025781,
180.161514, 1.672559, 1.654028, -0.018530,
180.172070, 1.662085, 1.662085, 0.000000,
180.182405, 1.658057, 1.678198, 0.020142,
180.192728, 1.662085, 1.670947, 0.008862,
180.203101, 1.666113, 1.674976, 0.008862,
180.213401, 1.662085, 1.662085, 0.000000,
180.223619, 1.664502, 1.666919, 0.002417,
180.234140, 1.654028, 1.664502, 0.010474,
180.244515, 1.665308, 1.682227, 0.016919,
180.255037, 1.666919, 1.669336, 0.002417,
180.265316, 1.665308, 1.662085, -0.003223,
180.275842, 1.665308, 1.661279, -0.004028,
180.286408, 1.668530, 1.662891, -0.005640,
180.296951, 1.666113, 1.636304, -0.029810,
180.307617, 1.668530, 1.657251, -0.011279,
180.318182, 1.666113, 1.666113, 0.000000,
180.328497, 1.666113, 1.673364, 0.007251,
180.338854, 1.668530, 1.660474, -0.008057,
180.349478, 1.669336, 1.662085, -0.007251,
180.360064, 1.658057, 1.664502, 0.006445,
180.370423, 1.668530, 1.677393, 0.008862,
180.380826, 1.665308, 1.682227, 0.016919,
180.391185, 1.662085, 1.658862, -0.003223,
180.401735, 1.666919, 1.664502, -0.002417,
180.412297, 1.666113, 1.662891, -0.003223,
180.422839, 1.662085, 1.670142, 0.008057,
180.433299, 1.668530, 1.662085, -0.006445,
180.443948, 1.672559, 1.650806, -0.021753,
180.454723, 1.660474, 1.666113, 0.005640,
180.465101, 1.658862, 1.662891, 0.004028,
180.475403, 1.656445, 1.662891, 0.006445,
180.485827, 1.677393, 1.674976, -0.002417,
180.496404, 1.679810, 1.654028, -0.025781,
180.507055, 1.677393, 1.648389, -0.029004,
180.517507, 1.677393, 1.662891, -0.014502,
180.527952, 1.676587, 1.666919, -0.009668,
180.538623, 1.679810, 1.670947, -0.008862,
180.549252, 1.677393, 1.670142, -0.007251,
180.559944, 1.674170, 1.662891, -0.011279,
180.570532, 1.681421, 1.678198, -0.003223,
180.581176, 1.674170, 1.657251, -0.016919,
180.591737, 1.672559, 1.668530, -0.004028,
180.602300, 1.678198, 1.676587, -0.001611,
180.612950, 1.677393, 1.649194, -0.028198,
180.623515, 1.676587, 1.662085, -0.014502,
180.634263, 1.677393, 1.677393, 0.000000,
180.644525, 1.670947, 1.691089, 0.020142,
180.655040, 1.669336, 1.676587, 0.007251,
180.665351, 1.677393, 1.662085, -0.015308,
180.675842, 1.677393, 1.662085, -0.015308,
180.686522, 1.678198, 1.670142, -0.008057,
180.697066, 1.673364, 1.666113, -0.007251,
180.707613, 1.670142, 1.666113, -0.004028,
180.718193, 1.673364, 1.657251, -0.016113,
180.728813, 1.677393, 1.670142, -0.007251,
180.739526, 1.673364, 1.669336, -0.004028,
180.750174, 1.674170, 1.677393, 0.003223,
180.760622, 1.679810, 1.668530, -0.011279,
180.771183, 1.673364, 1.679004, 0.005640,
180.781615, 1.672559, 1.666113, -0.006445,
180.792191, 1.674976, 1.664502, -0.010474,
180.802738, 1.677393, 1.673364, -0.004028,
180.813299, 1.674170, 1.687060, 0.012891,
180.823617, 1.662085, 1.664502, 0.002417,
180.834101, 1.662085, 1.662891, 0.000806,
180.844410, 1.656445, 1.662085, 0.005640,
180.854943, 1.662085, 1.668530, 0.006445,
180.865336, 1.665308, 1.658862, -0.006445,
180.875846, 1.668530, 1.662085, -0.006445,
180.886516, 1.664502, 1.670947, 0.006445,
180.896834, 1.662891, 1.657251, -0.005640,
180.907516, 1.662891, 1.668530, 0.005640,
180.917731, 1.665308, 1.662891, -0.002417,
180.928398, 1.669336, 1.662085, -0.007251,
180.939071, 1.664502, 1.683032, 0.018530,
180.949481, 1.669336, 1.657251, -0.012085,
180.960177, 1.664502, 1.637109, -0.027393,
180.970743, 1.668530, 1.669336, 0.000806,
180.981171, 1.662891, 1.654834, -0.008057,
180.991736, 1.666113, 1.661279, -0.004834,
181.002310, 1.669336, 1.664502, -0.004834,
181.012955, 1.665308, 1.656445, -0.008862,
181.023526, 1.666113, 1.668530, 0.002417,
181.033944, 1.665308, 1.670947, 0.005640,
181.044304, 1.670947, 1.668530, -0.002417,
181.053707, 1.664502, 1.665308, 0.000806,
181.064076, 1.670142, 1.658862, -0.011279,
181.074616, 1.664502, 1.662085, -0.002417,
181.085182, 1.668530, 1.668530, 0.000000,
181.095415, 1.670142, 1.666919, -0.003223,
181.106055, 1.662891, 1.662085, -0.000806,
181.116515, 1.666919, 1.657251, -0.009668,
181.127078, 1.679004, 1.660474, -0.018530,
181.137850, 1.679004, 1.662891, -0.016113,
181.148405, 1.676587, 1.666919, -0.009668,
181.159069, 1.677393, 1.658862, -0.018530,
181.169635, 1.677393, 1.674170, -0.003223,
181.180299, 1.673364, 1.677393, 0.004028,
181.190643, 1.673364, 1.668530, -0.004834,
181.201182, 1.670947, 1.650000, -0.020947,
181.211841, 1.678198, 1.664502, -0.013696,
181.222405, 1.679810, 1.670947, -0.008862,
181.233032, 1.673364, 1.666919, -0.006445,
181.243627, 1.673364, 1.660474, -0.012891,
181.254416, 1.668530, 1.670947, 0.002417,
181.264743, 1.670947, 1.649194, -0.021753,
181.275302, 1.674976, 1.650000, -0.024976,
181.285959, 1.677393, 1.674976, -0.002417,
181.296523, 1.674976, 1.697534, 0.022559,
181.306959, 1.668530, 1.665308, -0.003223,
181.317518, 1.673364, 1.662891, -0.010474,
181.328142, 1.673364, 1.665308, -0.008057,
181.338739, 1.676587, 1.668530, -0.008057,
181.349377, 1.674170, 1.674170, 0.000000,
181.359744, 1.674170, 1.665308, -0.008862,
181.370306, 1.670142, 1.677393, 0.007251,
181.380738, 1.678198, 1.669336, -0.008862,
181.391306, 1.677393, 1.664502, -0.012891,
181.401835, 1.669336, 1.673364, 0.004028,
181.412183, 1.678198, 1.668530, -0.009668,
181.422736, 1.674976, 1.657251, -0.017725,
181.433400, 1.666113, 1.670947, 0.004834,
181.443737, 1.670947, 1.657251, -0.013696,
181.454515, 1.665308, 1.665308, 0.000000,
181.464836, 1.662085, 1.657251, -0.004834,
181.475405, 1.657251, 1.636304, -0.020947,
181.486056, 1.666113, 1.674170, 0.008057,
181.496301, 1.668530, 1.664502, -0.004028,
181.506960, 1.658862, 1.678198, 0.019336,
181.517309, 1.665308, 1.648389, -0.016919,
181.527835, 1.662891, 1.668530, 0.005640,
181.538305, 1.661279, 1.662891, 0.001611,
181.548621, 1.668530, 1.669336, 0.000806,
181.559066, 1.668530, 1.647583, -0.020947,
181.569729, 1.665308, 1.683838, 0.018530,
181.580176, 1.654834, 1.678198, 0.023364,
181.590518, 1.670142, 1.658862, -0.011279,
181.601069, 1.669336, 1.664502, -0.004834,
181.611627, 1.670142, 1.662891, -0.007251,
181.622186, 1.669336, 1.673364, 0.004028,
181.632620, 1.658862, 1.652417, -0.006445,
181.643308, 1.665308, 1.666113, 0.000806,
181.653812, 1.666113, 1.683838, 0.017725,
181.664186, 1.666919, 1.658057, -0.008862,
181.674741, 1.662891, 1.656445, -0.006445,
181.685404, 1.670142, 1.662085, -0.008057,
181.695844, 1.670142, 1.662085, -0.008057,
181.706519, 1.662085, 1.661279, -0.000806,
181.717065, 1.662085, 1.670947, 0.008862,
181.727299, 1.666113, 1.672559, 0.006445,
181.737806, 1.670947, 1.674170, 0.003223,
181.748061, 1.662891, 1.670142, 0.007251,
181.758529, 1.656445, 1.678198, 0.021753,
181.768855, 1.677393, 1.658057, -0.019336,
181.779522, 1.677393, 1.678198, 0.000806,
181.789840, 1.679810, 1.654834, -0.024976,
181.800406, 1.681421, 1.670142, -0.011279,
181.811078, 1.672559, 1.670947, -0.001611,
181.821642, 1.676587, 1.669336, -0.007251,
181.832306, 1.673364, 1.670142, -0.003223,
181.842954, 1.670142, 1.674170, 0.004028,
181.853504, 1.672559, 1.674170, 0.001611,
181.863843, 1.665308, 1.636304, -0.029004,
181.874404, 1.677393, 1.666919, -0.010474,
181.885077, 1.670947, 1.657251, -0.013696,
181.895623, 1.670142, 1.652417, -0.017725,
181.906304, 1.679810, 1.658862, -0.020947,
181.916842, 1.670142, 1.665308, -0.004834,
181.927406, 1.678198, 1.656445, -0.021753,
181.938068, 1.677393, 1.679810, 0.002417,
181.948413, 1.670142, 1.664502, -0.005640,
181.959069, 1.666113, 1.674976, 0.008862,
181.969399, 1.662085, 1.679004, 0.016919,
181.979812, 1.672559, 1.665308, -0.007251,
181.990303, 1.677393, 1.674976, -0.002417,
182.000838, 1.664502, 1.661279, -0.003223,
182.011434, 1.677393, 1.666113, -0.011279,
182.021963, 1.670142, 1.657251, -0.012891,
182.032621, 1.679810, 1.677393, -0.002417,
182.043205, 1.672559, 1.674976, 0.002417,
182.053716, 1.674170, 1.678198, 0.004028,
182.064064, 1.674170, 1.665308, -0.008862,
182.074632, 1.676587, 1.678198, 0.001611,
182.085070, 1.668530, 1.668530, 0.000000,
182.095307, 1.656445, 1.661279, 0.004834,
182.105742, 1.662085, 1.662085, 0.000000,
182.116069, 1.664502, 1.662891, -0.001611,
182.126541, 1.664502, 1.662891, -0.001611,
182.137320, 1.664502, 1.670947, 0.006445,
182.147625, 1.666113, 1.662891, -0.003223,
182.158408, 1.666113, 1.658862, -0.007251,
182.168980, 1.661279, 1.650000, -0.011279,
182.179596, 1.664502, 1.670142, 0.005640,
182.189843, 1.665308, 1.677393, 0.012085,
182.200194, 1.664502, 1.672559, 0.008057,
182.210625, 1.668530, 1.654834, -0.013696,
182.221186, 1.670947, 1.662891, -0.008057,
182.231840, 1.665308, 1.637109, -0.028198,
182.242529, 1.669336, 1.660474, -0.008862,
182.253267, 1.662891, 1.664502, 0.001611,
182.263537, 1.662891, 1.674170, 0.011279,
182.273842, 1.672559, 1.658862, -0.013696,
182.284523, 1.668530, 1.652417, -0.016113,
182.295071, 1.662891, 1.657251, -0.005640,
182.305625, 1.661279, 1.664502, 0.003223,
182.315964, 1.666113, 1.658862, -0.007251,
182.326520, 1.666919, 1.648389, -0.018530,
182.337184, 1.666113, 1.669336, 0.003223,
182.347519, 1.670142, 1.652417, -0.017725,
182.358190, 1.662085, 1.650000, -0.012085,
182.368778, 1.670142, 1.665308, -0.004834,
182.379384, 1.666113, 1.653223, -0.012891,
182.389964, 1.666919, 1.662085, -0.004834,
182.400530, 1.662085, 1.635498, -0.026587,
182.411069, 1.683032, 1.664502, -0.018530,
182.421628, 1.668530, 1.681421, 0.012891,
182.432068, 1.676587, 1.662891, -0.013696,
182.442746, 1.676587, 1.662891, -0.013696,
182.453508, 1.679810, 1.683032, 0.003223,
182.463843, 1.679004, 1.673364, -0.005640,
182.474407, 1.674976, 1.666113, -0.008862,
182.485069, 1.672559, 1.660474, -0.012085,
182.495631, 1.676587, 1.664502, -0.012085,
182.506313, 1.677393, 1.664502, -0.012891,
182.516852, 1.672559, 1.665308, -0.007251,
182.527410, 1.678198, 1.664502, -0.013696,
182.538066, 1.670947, 1.666113, -0.004834,
182.548620, 1.677393, 1.670947, -0.006445,
182.559307, 1.681421, 1.679004, -0.002417,
182.569958, 1.674976, 1.676587, 0.001611,
182.580413, 1.674170, 1.681421, 0.007251,
182.590749, 1.673364, 1.665308, -0.008057,
182.601319, 1.677393, 1.668530, -0.008862,
182.611961, 1.673364, 1.677393, 0.004028,
182.622313, 1.670947, 1.677393, 0.006445,
182.632753, 1.677393, 1.662085, -0.015308,
182.643417, 1.678198, 1.662891, -0.015308,
182.654161, 1.677393, 1.674976, -0.002417,
182.664748, 1.674976, 1.678198, 0.003223,
182.675076, 1.674976, 1.633081, -0.041894,
182.685740, 1.670142, 1.685449, 0.015308,
182.696097, 1.665308, 1.669336, 0.004028,
182.706527, 1.672559, 1.669336, -0.003223,
182.717075, 1.668530, 1.662891, -0.005640,
182.727619, 1.670142, 1.662085, -0.008057,
182.738310, 1.674170, 1.668530, -0.005640,
182.748838, 1.662891, 1.672559, 0.009668,
182.759306, 1.666113, 1.658862, -0.007251,
182.769921, 1.662085, 1.673364, 0.011279,
182.780298, 1.666919, 1.666113, -0.000806,
182.790843, 1.668530, 1.654834, -0.013696,
182.801413, 1.665308, 1.652417, -0.012891,
182.811965, 1.666919, 1.654834, -0.012085,
182.822529, 1.670142, 1.665308, -0.004834,
182.833191, 1.668530, 1.669336, 0.000806,
182.843633, 1.662891, 1.657251, -0.005640,
182.854377, 1.658862, 1.662085, 0.003223,
182.864653, 1.665308, 1.666919, 0.001611,
182.874967, 1.658862, 1.649194, -0.009668,
182.885621, 1.668530, 1.670142, 0.001611,
182.895971, 1.662085, 1.652417, -0.009668,
182.906620, 1.665308, 1.668530, 0.003223,
182.916961, 1.657251, 1.669336, 0.012085,
182.927309, 1.657251, 1.658057, 0.000806,
182.937832, 1.666113, 1.665308, -0.000806,
182.948415, 1.674170, 1.691089, 0.016919,
182.958881, 1.665308, 1.629858, -0.035449,
182.969444, 1.660474, 1.670142, 0.009668,
182.979817, 1.669336, 1.670947, 0.001611,
182.990076, 1.670142, 1.676587, 0.006445,
183.000421, 1.665308, 1.654028, -0.011279,
183.011072, 1.669336, 1.653223, -0.016113,
183.021641, 1.665308, 1.677393, 0.012085,
183.032067, 1.668530, 1.643555, -0.024976,
183.042743, 1.665308, 1.658057, -0.007251,
183.053502, 1.678198, 1.674976, -0.003223,
183.062327, 1.678198, 1.665308, -0.012891,
183.072960, 1.682227, 1.666919, -0.015308,
183.083639, 1.677393, 1.654834, -0.022559,
183.094188, 1.676587, 1.668530, -0.008057,
183.104824, 1.674976, 1.666113, -0.008862,
183.115306, 1.678198, 1.666113, -0.012085,
183.125849, 1.672559, 1.662085, -0.010474,
183.136637, 1.674170, 1.678198, 0.004028,
183.146969, 1.673364, 1.681421, 0.008057,
183.157527, 1.673364, 1.670142, -0.003223,
183.168100, 1.670947, 1.674170, 0.003223,
183.178503, 1.676587, 1.650000, -0.026587,
183.188967, 1.679004, 1.666113, -0.012891,
183.199530, 1.674976, 1.644360, -0.030615,
183.210157, 1.674170, 1.666919, -0.007251,
183.220655, 1.679004, 1.689478, 0.010474,
183.231070, 1.677393, 1.647583, -0.029810,
183.241748, 1.674976, 1.674170, -0.000806,
183.252419, 1.676587, 1.678198, 0.001611,
183.262742, 1.676587, 1.662085, -0.014502,
183.273313, 1.673364, 1.670142, -0.003223,
183.283964, 1.674170, 1.661279, -0.012891,
183.294528, 1.662891, 1.677393, 0.014502,
183.304964, 1.676587, 1.668530, -0.008057,
183.315530, 1.672559, 1.660474, -0.012085,
183.326073, 1.670947, 1.658057, -0.012891,
183.336752, 1.674976, 1.669336, -0.005640,
183.347312, 1.670142, 1.669336, -0.000806,
183.358074, 1.670142, 1.665308, -0.004834,
183.368642, 1.666919, 1.670142, 0.003223,
183.379057, 1.664502, 1.654834, -0.009668,
183.389530, 1.665308, 1.666919, 0.001611,
183.399854, 1.666919, 1.658862, -0.008057,
183.410528, 1.662891, 1.661279, -0.001611,
183.421081, 1.662891, 1.666919, 0.004028,
183.431529, 1.662891, 1.670947, 0.008057,
183.441855, 1.670142, 1.656445, -0.013696,
183.452521, 1.654834, 1.678198, 0.023364,
183.462875, 1.662891, 1.666113, 0.003223,
183.473193, 1.666919, 1.666113, -0.000806,
183.483881, 1.666113, 1.668530, 0.002417,
183.494193, 1.665308, 1.658057, -0.007251,
183.504823, 1.666919, 1.662891, -0.004028,
183.515312, 1.662891, 1.662085, -0.000806,
183.525862, 1.670142, 1.644360, -0.025781,
183.536623, 1.662085, 1.641138, -0.020947,
183.547201, 1.670142, 1.673364, 0.003223,
183.557749, 1.666919, 1.670142, 0.003223,
183.568102, 1.662085, 1.669336, 0.007251,
183.578498, 1.660474, 1.658862, -0.001611,
183.588971, 1.658057, 1.670142, 0.012085,
183.599311, 1.664502, 1.658057, -0.006445,
183.609872, 1.664502, 1.661279, -0.003223,
183.620422, 1.669336, 1.674976, 0.005640,
183.630837, 1.668530, 1.662085, -0.006445,
183.641532, 1.668530, 1.656445, -0.012085,
183.652194, 1.662085, 1.662891, 0.000806,
183.662633, 1.670142, 1.662085, -0.008057,
183.673193, 1.665308, 1.643555, -0.021753,
183.683854, 1.678198, 1.674170, -0.004028,
183.694415, 1.672559, 1.662891, -0.009668,
183.705064, 1.676587, 1.660474, -0.016113,
183.715534, 1.678198, 1.678198, 0.000000,
183.725754, 1.666113, 1.674170, 0.008057,
183.736193, 1.677393, 1.662085, -0.015308,
183.746764, 1.673364, 1.664502, -0.008862,
183.757528, 1.670947, 1.670947, 0.000000,
183.767863, 1.679810, 1.662891, -0.016919,
183.778509, 1.670142, 1.661279, -0.008862,
183.788987, 1.674976, 1.666113, -0.008862,
183.799532, 1.668530, 1.666113, -0.002417,
183.810107, 1.676587, 1.654834, -0.021753,
183.820634, 1.679004, 1.687060, 0.008057,
183.831069, 1.674170, 1.672559, -0.001611,
183.841641, 1.677393, 1.669336, -0.008057,
183.852311, 1.674976, 1.673364, -0.001611,
183.862966, 1.677393, 1.666919, -0.010474,
183.873528, 1.677393, 1.657251, -0.020142,
183.884203, 1.676587, 1.665308, -0.011279,
183.894744, 1.674976, 1.666919, -0.008057,
183.905418, 1.668530, 1.672559, 0.004028,
183.915758, 1.670142, 1.657251, -0.012891,
183.926312, 1.674976, 1.677393, 0.002417,
183.936756, 1.672559, 1.682227, 0.009668,
183.947083, 1.666919, 1.676587, 0.009668,
183.957632, 1.674170, 1.650000, -0.024170,
183.968233, 1.670142, 1.676587, 0.006445,
183.978608, 1.673364, 1.664502, -0.008862,
183.989091, 1.670142, 1.676587, 0.006445,
183.999413, 1.664502, 1.677393, 0.012891,
184.009763, 1.662891, 1.658862, -0.004028,
184.020313, 1.666919, 1.650000, -0.016919,
184.030981, 1.666919, 1.637915, -0.029004,
184.041640, 1.660474, 1.666919, 0.006445,
184.052081, 1.666113, 1.661279, -0.004834,
184.062747, 1.664502, 1.666113, 0.001611,
184.073110, 1.666113, 1.674170, 0.008057,
184.083523, 1.666919, 1.656445, -0.010474,
184.094088, 1.665308, 1.654834, -0.010474,
184.104737, 1.669336, 1.665308, -0.004028,
184.115197, 1.664502, 1.668530, 0.004028,
184.125529, 1.668530, 1.658057, -0.010474,
184.136255, 1.662085, 1.668530, 0.006445,
184.146643, 1.662085, 1.645972, -0.016113,
184.157418, 1.664502, 1.666113, 0.001611,
184.167750, 1.661279, 1.658057, -0.003223,
184.178390, 1.668530, 1.656445, -0.012085,
184.188852, 1.668530, 1.656445, -0.012085,
184.199414, 1.658057, 1.669336, 0.011279,
184.209859, 1.662085, 1.661279, -0.000806,
184.220422, 1.670947, 1.674976, 0.004028,
184.230826, 1.670142, 1.682227, 0.012085,
184.241200, 1.670142, 1.640332, -0.029810,
184.251861, 1.672559, 1.657251, -0.015308,
184.262521, 1.665308, 1.668530, 0.003223,
184.272862, 1.665308, 1.658057, -0.007251,
184.283533, 1.662085, 1.681421, 0.019336,
184.293860, 1.668530, 1.660474, -0.008057,
184.304527, 1.670947, 1.677393, 0.006445,
184.314867, 1.669336, 1.652417, -0.016919,
184.325420, 1.678198, 1.670142, -0.008057,
184.336133, 1.678198, 1.670142, -0.008057,
184.346642, 1.676587, 1.654834, -0.021753,
184.357418, 1.677393, 1.649194, -0.028198,
184.367979, 1.678198, 1.670947, -0.007251,
184.378615, 1.679004, 1.669336, -0.009668,
184.389081, 1.673364, 1.664502, -0.008862,
184.399533, 1.677393, 1.669336, -0.008057,
184.410105, 1.670142, 1.658862, -0.011279,
184.420638, 1.674976, 1.674170, -0.000806,
184.431316, 1.677393, 1.669336, -0.008057,
184.441912, 1.674976, 1.648389, -0.026587,
184.452534, 1.676587, 1.677393, 0.000806,
184.462863, 1.677393, 1.672559, -0.004834,
184.473419, 1.666113, 1.670947, 0.004834,
184.483856, 1.666113, 1.668530, 0.002417,
184.494200, 1.673364, 1.641138, -0.032227,
184.504835, 1.674170, 1.660474, -0.013696,
184.515428, 1.673364, 1.660474, -0.012891,
184.525962, 1.674170, 1.654028, -0.020142,
184.536647, 1.679004, 1.674170, -0.004834,
184.547200, 1.678198, 1.682227, 0.004028,
184.557749, 1.676587, 1.664502, -0.012085,
184.568391, 1.674976, 1.670947, -0.004028,
184.578976, 1.673364, 1.670947, -0.002417,
184.589534, 1.670142, 1.679810, 0.009668,
184.599883, 1.674170, 1.640332, -0.033838,
184.610536, 1.673364, 1.660474, -0.012891,
184.621085, 1.677393, 1.677393, 0.000000,
184.631416, 1.672559, 1.666113, -0.006445,
184.642070, 1.673364, 1.645972, -0.027393,
184.652746, 1.679004, 1.678198, -0.000806,
184.663341, 1.658862, 1.654028, -0.004834,
184.673864, 1.654028, 1.658057, 0.004028,
184.684312, 1.664502, 1.662085, -0.002417,
184.694860, 1.658862, 1.681421, 0.022559,
184.705313, 1.664502, 1.683032, 0.018530,
184.715636, 1.664502, 1.648389, -0.016113,
184.726211, 1.670142, 1.664502, -0.005640,
184.736960, 1.656445, 1.669336, 0.012891,
184.747313, 1.665308, 1.658862, -0.006445,
184.758088, 1.668530, 1.674976, 0.006445,
184.768421, 1.664502, 1.666919, 0.002417,
184.778838, 1.668530, 1.664502, -0.004028,
184.789425, 1.668530, 1.683032, 0.014502,
184.799745, 1.664502, 1.654028, -0.010474,
184.810374, 1.668530, 1.661279, -0.007251,
184.820866, 1.662891, 1.676587, 0.013696,
184.831317, 1.669336, 1.666919, -0.002417,
184.841863, 1.666919, 1.674170, 0.007251,
184.852312, 1.658862, 1.652417, -0.006445,
184.862985, 1.666919, 1.665308, -0.001611,
184.873533, 1.666113, 1.661279, -0.004834,
184.884157, 1.666113, 1.660474, -0.005640,
184.894645, 1.668530, 1.652417, -0.016113,
184.905314, 1.661279, 1.672559, 0.011279,
184.915649, 1.662891, 1.664502, 0.001611,
184.925979, 1.662891, 1.647583, -0.015308,
184.936631, 1.669336, 1.670142, 0.000806,
184.946967, 1.666113, 1.654834, -0.011279,
184.957731, 1.661279, 1.662085, 0.000806,
184.968160, 1.677393, 1.678198, 0.000806,
184.978543, 1.670142, 1.676587, 0.006445,
184.988859, 1.681421, 1.669336, -0.012085,
184.999426, 1.681421, 1.672559, -0.008862,
185.009980, 1.674170, 1.668530, -0.005640,
185.020532, 1.666113, 1.694311, 0.028198,
185.030967, 1.674976, 1.669336, -0.005640,
185.041539, 1.674976, 1.662085, -0.012891,
185.052200, 1.677393, 1.668530, -0.008862,
185.062855, 1.668530, 1.665308, -0.003223,
185.073419, 1.678198, 1.661279, -0.016919,
185.084092, 1.674170, 1.662085, -0.012085,
185.094644, 1.674976, 1.658862, -0.016113,
185.105325, 1.676587, 1.656445, -0.020142,
185.115864, 1.677393, 1.682227, 0.004834,
185.126197, 1.672559, 1.662085, -0.010474,
185.136911, 1.681421, 1.677393, -0.004028,
185.147429, 1.672559, 1.668530, -0.004028,
185.158201, 1.670947, 1.665308, -0.005640,
185.168783, 1.674170, 1.665308, -0.008862,
185.179434, 1.668530, 1.658862, -0.009668,
185.189974, 1.677393, 1.641138, -0.036255,
185.200535, 1.673364, 1.670142, -0.003223,
185.211093, 1.664502, 1.660474, -0.004028,
185.221631, 1.662891, 1.679004, 0.016113,
185.232003, 1.670947, 1.662085, -0.008862,
185.242639, 1.678198, 1.641943, -0.036255,
185.253420, 1.674170, 1.687866, 0.013696,
185.263758, 1.673364, 1.662085, -0.011279,
185.274331, 1.670947, 1.658057, -0.012891,
185.284975, 1.666113, 1.665308, -0.000806,
185.295546, 1.666919, 1.665308, -0.001611,
185.306201, 1.666113, 1.664502, -0.001611,
185.316751, 1.661279, 1.670142, 0.008862,
185.327089, 1.654834, 1.670947, 0.016113,
185.337604, 1.664502, 1.678198, 0.013696,
185.347857, 1.669336, 1.658057, -0.011279,
185.358635, 1.662891, 1.662085, -0.000806,
185.369216, 1.662891, 1.670947, 0.008057,
185.379650, 1.668530, 1.676587, 0.008057,
185.389966, 1.662085, 1.662891, 0.000806,
185.400319, 1.662085, 1.668530, 0.006445,
185.410748, 1.662891, 1.653223, -0.009668,
185.421284, 1.666919, 1.677393, 0.010474,
185.431743, 1.666919, 1.668530, 0.001611,
185.442084, 1.665308, 1.670947, 0.005640,
185.452533, 1.666113, 1.668530, 0.002417,
185.462856, 1.666919, 1.673364, 0.006445,
185.473211, 1.665308, 1.679004, 0.013696,
185.483658, 1.670142, 1.677393, 0.007251,
185.493978, 1.669336, 1.664502, -0.004834,
185.504652, 1.666919, 1.662085, -0.004834,
185.515224, 1.670142, 1.657251, -0.012891,
185.525763, 1.669336, 1.657251, -0.012085,
185.536536, 1.666113, 1.670947, 0.004834,
185.546871, 1.669336, 1.666113, -0.003223,
185.557640, 1.669336, 1.662891, -0.006445,
185.568218, 1.670142, 1.670142, 0.000000,
185.578617, 1.666113, 1.677393, 0.011279,
185.588978, 1.657251, 1.670142, 0.012891,
185.599313, 1.670142, 1.658862, -0.011279,
185.609978, 1.674170, 1.654834, -0.019336,
185.620544, 1.677393, 1.681421, 0.004028,
185.630945, 1.678198, 1.668530, -0.009668,
185.641542, 1.674976, 1.662085, -0.012891,
185.652200, 1.678198, 1.669336, -0.008862,
185.662870, 1.678198, 1.679004, 0.000806,
185.673210, 1.679004, 1.664502, -0.014502,
185.683858, 1.677393, 1.677393, 0.000000,
185.694087, 1.672559, 1.662891, -0.009668,
185.704749, 1.679004, 1.670142, -0.008862,
185.715318, 1.673364, 1.669336, -0.004028,
185.725865, 1.665308, 1.652417, -0.012891,
185.736549, 1.677393, 1.673364, -0.004028,
185.747094, 1.674170, 1.673364, -0.000806,
185.757850, 1.674976, 1.672559, -0.002417,
185.768442, 1.676587, 1.662085, -0.014502,
185.779071, 1.676587, 1.666919, -0.009668,
185.789537, 1.674976, 1.683032, 0.008057,
185.799874, 1.674170, 1.637109, -0.037060,
185.810543, 1.672559, 1.666919, -0.005640,
185.821093, 1.679004, 1.668530, -0.010474,
185.831755, 1.676587, 1.677393, 0.000806,
185.842122, 1.670142, 1.662891, -0.007251,
185.852750, 1.674170, 1.654028, -0.020142,
185.863321, 1.677393, 1.650806, -0.026587,
185.873858, 1.677393, 1.656445, -0.020947,
185.884533, 1.674170, 1.666113, -0.008057,
185.895088, 1.673364, 1.656445, -0.016919,
185.905752, 1.673364, 1.660474, -0.012891,
185.916319, 1.670947, 1.674170, 0.003223,
185.926647, 1.664502, 1.654834, -0.009668,
185.937417, 1.657251, 1.666919, 0.009668,
185.947751, 1.668530, 1.662085, -0.006445,
185.958417, 1.661279, 1.654834, -0.006445,
185.968979, 1.662085, 1.658057, -0.004028,
185.979659, 1.665308, 1.650806, -0.014502,
185.990207, 1.669336, 1.669336, 0.000000,
186.000536, 1.660474, 1.643555, -0.016919,
186.011086, 1.664502, 1.650000, -0.014502,
186.021644, 1.664502, 1.654028, -0.010474,
186.032316, 1.669336, 1.668530, -0.000806,
186.042946, 1.662085, 1.678198, 0.016113,
186.053406, 1.668530, 1.666113, -0.002417,
186.063967, 1.662085, 1.670142, 0.008057,
186.074325, 1.669336, 1.658862, -0.010474,
186.084965, 1.661279, 1.654834, -0.006445,
186.095540, 1.661279, 1.633081, -0.028198,
186.106231, 1.662085, 1.658057, -0.004028,
186.116761, 1.664502, 1.662891, -0.001611,
186.127323, 1.666113, 1.669336, 0.003223,
186.137961, 1.670142, 1.637109, -0.033032,
186.148546, 1.668530, 1.660474, -0.008057,
186.159203, 1.662891, 1.657251, -0.005640,
186.169791, 1.665308, 1.664502, -0.000806,
186.180426, 1.666919, 1.662085, -0.004834,
186.190973, 1.665308, 1.662085, -0.003223,
186.201535, 1.668530, 1.662085, -0.006445,
186.212091, 1.666919, 1.662085, -0.004834,
186.222634, 1.669336, 1.668530, -0.000806,
186.233205, 1.668530, 1.670142, 0.001611,
186.243647, 1.674170, 1.658057, -0.016113,
186.254430, 1.678198, 1.685449, 0.007251,
186.264751, 1.678198, 1.670142, -0.008057,
186.275320, 1.679810, 1.670142, -0.009668,
186.285863, 1.678198, 1.669336, -0.008862,
186.296424, 1.677393, 1.677393, 0.000000,
186.306828, 1.669336, 1.670142, 0.000806,
186.317091, 1.674170, 1.668530, -0.005640,
186.327638, 1.672559, 1.666113, -0.006445,
186.338327, 1.674170, 1.662085, -0.012085,
186.348860, 1.669336, 1.658862, -0.010474,
186.359541, 1.674170, 1.673364, -0.000806,
186.370205, 1.677393, 1.658862, -0.018530,
186.380621, 1.673364, 1.679810, 0.006445,
186.390853, 1.679004, 1.666919, -0.012085,
186.401422, 1.670142, 1.665308, -0.004834,
186.411977, 1.677393, 1.670142, -0.007251,
186.422542, 1.670947, 1.673364, 0.002417,
186.432979, 1.674976, 1.666113, -0.008862,
186.443650, 1.673364, 1.654834, -0.018530,
186.454395, 1.673364, 1.682227, 0.008862,
186.464762, 1.674976, 1.662085, -0.012891,
186.475318, 1.674170, 1.669336, -0.004834,
186.485977, 1.673364, 1.673364, 0.000000,
186.496326, 1.673364, 1.670142, -0.003223,
186.506974, 1.673364, 1.670947, -0.002417,
186.517556, 1.669336, 1.683838, 0.014502,
186.527859, 1.674170, 1.657251, -0.016919,
186.538548, 1.662085, 1.677393, 0.015308,
186.548864, 1.670142, 1.640332, -0.029810,
186.559541, 1.673364, 1.670947, -0.002417,
186.570201, 1.677393, 1.677393, 0.000000,
186.580544, 1.666113, 1.654028, -0.012085,
186.591096, 1.664502, 1.658057, -0.006445,
186.601636, 1.666113, 1.662085, -0.004028,
186.612211, 1.666113, 1.658862, -0.007251,
186.622759, 1.668530, 1.660474, -0.008057,
186.633428, 1.666919, 1.656445, -0.010474,
186.643970, 1.662085, 1.645972, -0.016113,
186.654749, 1.656445, 1.656445, 0.000000,
186.665122, 1.665308, 1.674170, 0.008862,
186.675424, 1.668530, 1.665308, -0.003223,
186.686092, 1.665308, 1.657251, -0.008057,
186.696660, 1.666113, 1.662085, -0.004028,
186.707323, 1.665308, 1.673364, 0.008057,
186.717644, 1.666113, 1.645972, -0.020142,
186.728319, 1.664502, 1.654028, -0.010474,
186.738976, 1.669336, 1.662085, -0.007251,
186.749635, 1.657251, 1.664502, 0.007251,
186.760123, 1.668530, 1.662085, -0.006445,
186.770642, 1.666113, 1.664502, -0.001611,
186.781330, 1.666113, 1.652417, -0.013696,
186.791863, 1.662085, 1.640332, -0.021753,
186.802430, 1.665308, 1.666113, 0.000806,
186.812766, 1.662085, 1.658862, -0.003223,
186.823332, 1.658862, 1.666919, 0.008057,
186.833756, 1.666919, 1.664502, -0.002417,
186.844320, 1.669336, 1.662891, -0.006445,
186.855100, 1.658862, 1.672559, 0.013696,
186.865480, 1.665308, 1.637109, -0.028198,
186.875988, 1.668530, 1.661279, -0.007251,
186.886651, 1.670142, 1.674976, 0.004834,
186.896979, 1.677393, 1.665308, -0.012085,
186.907635, 1.677393, 1.668530, -0.008862,
186.918209, 1.677393, 1.661279, -0.016113,
186.928825, 1.677393, 1.670947, -0.006445,
186.939441, 1.670142, 1.678198, 0.008057,
186.949859, 1.677393, 1.664502, -0.012891,
186.960534, 1.670142, 1.670947, 0.000806,
186.970859, 1.672559, 1.678198, 0.005640,
186.981326, 1.679004, 1.665308, -0.013696,
186.991862, 1.677393, 1.658862, -0.018530,
187.002441, 1.670142, 1.670142, 0.000000,
187.012758, 1.673364, 1.662085, -0.011279,
187.023344, 1.678198, 1.677393, -0.000806,
187.033980, 1.672559, 1.666113, -0.006445,
187.044535, 1.670947, 1.657251, -0.013696,
187.055324, 1.670142, 1.679004, 0.008862,
187.065719, 1.674170, 1.658057, -0.016113,
187.076211, 1.679810, 1.641138, -0.038672,
187.085541, 1.670947, 1.677393, 0.006445,
187.095861, 1.677393, 1.664502, -0.012891,
187.106540, 1.668530, 1.668530, 0.000000,
187.116755, 1.677393, 1.673364, -0.004028,
187.127317, 1.673364, 1.660474, -0.012891,
187.138177, 1.677393, 1.647583, -0.029810,
187.148753, 1.670142, 1.683838, 0.013696,
187.159205, 1.674170, 1.665308, -0.008862,
187.169759, 1.674170, 1.670142, -0.004028,
187.180421, 1.672559, 1.670142, -0.002417,
187.190980, 1.672559, 1.665308, -0.007251,
187.201545, 1.674976, 1.657251, -0.017725,
187.212099, 1.658057, 1.674170, 0.016113,
187.222433, 1.662085, 1.662085, 0.000000,
187.232782, 1.661279, 1.654028, -0.007251,
187.243431, 1.657251, 1.664502, 0.007251,
187.253988, 1.662085, 1.676587, 0.014502,
187.264326, 1.666919, 1.654028, -0.012891,
187.274869, 1.665308, 1.666919, 0.001611,
187.285334, 1.660474, 1.672559, 0.012085,
187.295653, 1.658057, 1.654834, -0.003223,
187.306330, 1.662891, 1.662085, -0.000806,
187.316888, 1.665308, 1.674170, 0.008862,
187.327216, 1.660474, 1.658057, -0.002417,
187.337865, 1.666113, 1.672559, 0.006445,
187.348221, 1.658862, 1.661279, 0.002417,
187.358763, 1.666919, 1.662085, -0.004834,
187.369333, 1.668530, 1.658057, -0.010474,
187.379990, 1.666113, 1.679810, 0.013696,
187.390328, 1.662085, 1.652417, -0.009668,
187.400872, 1.665308, 1.661279, -0.004028,
187.411543, 1.666919, 1.662085, -0.004834,
187.422096, 1.666113, 1.670142, 0.004028,
187.432546, 1.662891, 1.664502, 0.001611,
187.442877, 1.668530, 1.657251, -0.011279,
187.453620, 1.666919, 1.666919, 0.000000,
187.463868, 1.666919, 1.662891, -0.004028,
187.474440, 1.665308, 1.683838, 0.018530,
187.484871, 1.669336, 1.668530, -0.000806,
187.495440, 1.668530, 1.647583, -0.020947,
187.506105, 1.672559, 1.686255, 0.013696,
187.516439, 1.669336, 1.662085, -0.007251,
187.526988, 1.683838, 1.654834, -0.029004,
187.537655, 1.677393, 1.665308, -0.012085,
187.548318, 1.674976, 1.662085, -0.012891,
187.559094, 1.678198, 1.662085, -0.016113,
187.569772, 1.677393, 1.673364, -0.004028,
187.580435, 1.673364, 1.666919, -0.006445,
187.590979, 1.677393, 1.691089, 0.013696,
187.601328, 1.670947, 1.665308, -0.005640,
187.611907, 1.670142, 1.647583, -0.022559,
187.622430, 1.674170, 1.674976, 0.000806,
187.632848, 1.679004, 1.666113, -0.012891,
187.643548, 1.677393, 1.661279, -0.016113,
187.654317, 1.678198, 1.679810, 0.001611,
187.664657, 1.678198, 1.677393, -0.000806,
187.675226, 1.668530, 1.678198, 0.009668,
187.685649, 1.672559, 1.685449, 0.012891,
187.695990, 1.670142, 1.666113, -0.004028,
187.706653, 1.678198, 1.662085, -0.016113,
187.717215, 1.676587, 1.674170, -0.002417,
187.727765, 1.670142, 1.665308, -0.004834,
187.738437, 1.676587, 1.662085, -0.014502,
187.748977, 1.672559, 1.665308, -0.007251,
187.759655, 1.670142, 1.652417, -0.017725,
187.770211, 1.678198, 1.679810, 0.001611,
187.780640, 1.673364, 1.674170, 0.000806,
187.790981, 1.670142, 1.670142, 0.000000,
187.801219, 1.674170, 1.673364, -0.000806,
187.811866, 1.672559, 1.666113, -0.006445,
187.822441, 1.673364, 1.666113, -0.007251,
187.833103, 1.670947, 1.678198, 0.007251,
187.843545, 1.674976, 1.666919, -0.008057,
187.854320, 1.666919, 1.677393, 0.010474,
187.864653, 1.668530, 1.654028, -0.014502,
187.875227, 1.662891, 1.664502, 0.001611,
187.885665, 1.662891, 1.662085, -0.000806,
187.896219, 1.665308, 1.661279, -0.004028,
187.906872, 1.664502, 1.673364, 0.008862,
187.917218, 1.666113, 1.633081, -0.033032,
187.927772, 1.668530, 1.674976, 0.006445,
187.938214, 1.668530, 1.662085, -0.006445,
187.948767, 1.665308, 1.666919, 0.001611,
187.959223, 1.665308, 1.668530, 0.003223,
187.969543, 1.664502, 1.672559, 0.008057,
187.979981, 1.666113, 1.673364, 0.007251,
187.990337, 1.666919, 1.665308, -0.001611,
188.000869, 1.669336, 1.645972, -0.023364,
188.011548, 1.662891, 1.666919, 0.004028,
188.021871, 1.666919, 1.674976, 0.008057,
188.032328, 1.666113, 1.666919, 0.000806,
188.042657, 1.664502, 1.660474, -0.004028,
188.053402, 1.668530, 1.672559, 0.004028,
188.063765, 1.670142, 1.656445, -0.013696,
188.074330, 1.658862, 1.666919, 0.008057,
188.084763, 1.670142, 1.661279, -0.008862,
188.095329, 1.670142, 1.657251, -0.012891,
188.105982, 1.669336, 1.676587, 0.007251,
188.116333, 1.670142, 1.650000, -0.020142,
188.126867, 1.662891, 1.662085, -0.000806,
188.137639, 1.668530, 1.658057, -0.010474,
188.148217, 1.670142, 1.658057, -0.012085,
188.158985, 1.662085, 1.657251, -0.004834,
188.169558, 1.678198, 1.683838, 0.005640,
188.179967, 1.676587, 1.664502, -0.012085,
188.190554, 1.681421, 1.673364, -0.008057,
188.201129, 1.674170, 1.662891, -0.011279,
188.211770, 1.670947, 1.661279, -0.009668,
188.222332, 1.679810, 1.678198, -0.001611,
188.232987, 1.674170, 1.661279, -0.012891,
188.243549, 1.676587, 1.654834, -0.021753,
188.254321, 1.679004, 1.670142, -0.008862,
188.264877, 1.668530, 1.662085, -0.006445,
188.275434, 1.677393, 1.681421, 0.004028,
188.285830, 1.676587, 1.660474, -0.016113,
188.296331, 1.677393, 1.674170, -0.003223,
188.306986, 1.678198, 1.677393, -0.000806,
188.317550, 1.676587, 1.669336, -0.007251,
188.328194, 1.679004, 1.662891, -0.016113,
188.338877, 1.679004, 1.679004, 0.000000,
188.349220, 1.664502, 1.677393, 0.012891,
188.359774, 1.673364, 1.652417, -0.020947,
188.370423, 1.677393, 1.674170, -0.003223,
188.381094, 1.670947, 1.677393, 0.006445,
188.391441, 1.673364, 1.666113, -0.007251,
188.401997, 1.665308, 1.665308, 0.000000,
188.412323, 1.672559, 1.662085, -0.010474,
188.422879, 1.674170, 1.645972, -0.028198,
188.433556, 1.674170, 1.682227, 0.008057,
188.443874, 1.674976, 1.661279, -0.013696,
188.454668, 1.673364, 1.662891, -0.010474,
188.465288, 1.674170, 1.664502, -0.009668,
188.475773, 1.673364, 1.656445, -0.016919,
188.486441, 1.662085, 1.662891, 0.000806,
188.496772, 1.674976, 1.674976, 0.000000,
188.507100, 1.657251, 1.666919, 0.009668,
188.517440, 1.654834, 1.658057, 0.003223,
188.527773, 1.665308, 1.664502, -0.000806,
188.538435, 1.664502, 1.674976, 0.010474,
188.548768, 1.668530, 1.649194, -0.019336,
188.559537, 1.666113, 1.669336, 0.003223,
188.569949, 1.670142, 1.668530, -0.001611,
188.580551, 1.665308, 1.665308, 0.000000,
188.590839, 1.670142, 1.676587, 0.006445,
188.601088, 1.664502, 1.636304, -0.028198,
188.611653, 1.666113, 1.654028, -0.012085,
188.622213, 1.670947, 1.665308, -0.005640,
188.632868, 1.662891, 1.662891, 0.000000,
188.643212, 1.670142, 1.648389, -0.021753,
188.653991, 1.670947, 1.670142, -0.000806,
188.664549, 1.657251, 1.639526, -0.017725,
188.675106, 1.662085, 1.664502, 0.002417,
188.685434, 1.666113, 1.666113, 0.000000,
188.695768, 1.666113, 1.662085, -0.004028,
188.706438, 1.662085, 1.640332, -0.021753,
188.716989, 1.666113, 1.683032, 0.016919,
188.727340, 1.665308, 1.662891, -0.002417,
188.738098, 1.668530, 1.661279, -0.007251,
188.748648, 1.665308, 1.670142, 0.004834,
188.750872, 1.666113, 1.662891, -0.003223,
188.761710, 1.662891, 1.653223, -0.009668,
188.772247, 1.666919, 1.662085, -0.004834,
188.782869, 1.668530, 1.665308, -0.003223,
188.793468, 1.666919, 1.654834, -0.012085,
188.804078, 1.670947, 1.682227, 0.011279,
188.814327, 1.670947, 1.658862, -0.012085,
188.824887, 1.678198, 1.670142, -0.008057,
188.835658, 1.677393, 1.658862, -0.018530,
188.846215, 1.678198, 1.674170, -0.004028,
188.857006, 1.678198, 1.674170, -0.004028,
188.867564, 1.674170, 1.660474, -0.013696,
188.878184, 1.679810, 1.662891, -0.016919,
188.888762, 1.679810, 1.670947, -0.008862,
188.899343, 1.677393, 1.666919, -0.010474,
188.909983, 1.672559, 1.654834, -0.017725,
188.920548, 1.677393, 1.677393, 0.000000,
188.930975, 1.677393, 1.666113, -0.011279,
188.941650, 1.672559, 1.664502, -0.008057,
188.952729, 1.682227, 1.677393, -0.004834,
188.963338, 1.677393, 1.665308, -0.012085,
188.973870, 1.674976, 1.673364, -0.001611,
188.984551, 1.666113, 1.672559, 0.006445,
188.994874, 1.677393, 1.653223, -0.024170,
189.005550, 1.672559, 1.686255, 0.013696,
189.015879, 1.678198, 1.658862, -0.019336,
189.026439, 1.670947, 1.679004, 0.008057,
189.036845, 1.670142, 1.647583, -0.022559,
189.047441, 1.668530, 1.662085, -0.006445,
189.058249, 1.673364, 1.654834, -0.018530,
189.068865, 1.679004, 1.653223, -0.025781,
189.079551, 1.677393, 1.672559, -0.004834,
189.089228, 1.676587, 1.670142, -0.006445,
189.099770, 1.670142, 1.665308, -0.004834,
189.110329, 1.676587, 1.662891, -0.013696,
189.120883, 1.673364, 1.677393, 0.004028,
189.131332, 1.666919, 1.664502, -0.002417,
189.141986, 1.666113, 1.658862, -0.007251,
189.152658, 1.661279, 1.679810, 0.018530,
189.162996, 1.662085, 1.662085, 0.000000,
189.173333, 1.660474, 1.662085, 0.001611,
189.183768, 1.664502, 1.674170, 0.009668,
189.194104, 1.668530, 1.662085, -0.006445,
189.204766, 1.661279, 1.661279, 0.000000,
189.215097, 1.669336, 1.665308, -0.004028,
189.225560, 1.666113, 1.674170, 0.008057,
189.235978, 1.665308, 1.660474, -0.004834,
189.246550, 1.669336, 1.658862, -0.010474,
189.257332, 1.666919, 1.650806, -0.016113,
189.267946, 1.662085, 1.668530, 0.006445,
189.278339, 1.662085, 1.662085, 0.000000,
189.288659, 1.670947, 1.681421, 0.010474,
189.298988, 1.668530, 1.625830, -0.042700,
189.309578, 1.662085, 1.656445, -0.005640,
189.320111, 1.670947, 1.662891, -0.008057,
189.330773, 1.670947, 1.664502, -0.006445,
189.341408, 1.665308, 1.662085, -0.003223,
189.351982, 1.670142, 1.665308, -0.004834,
189.362550, 1.662085, 1.672559, 0.010474,
189.372879, 1.669336, 1.662085, -0.007251,
189.383552, 1.669336, 1.660474, -0.008862,
189.394113, 1.660474, 1.670947, 0.010474,
189.404542, 1.661279, 1.670142, 0.008862,
189.414774, 1.664502, 1.662891, -0.001611,
189.425334, 1.670142, 1.662891, -0.007251,
189.435998, 1.666919, 1.664502, -0.002417,
189.446566, 1.681421, 1.678198, -0.003223,
189.457329, 1.674170, 1.641943, -0.032227,
189.467931, 1.677393, 1.670142, -0.007251,
189.478566, 1.678198, 1.660474, -0.017725,
189.489101, 1.669336, 1.678198, 0.008862,
189.499387, 1.677393, 1.674170, -0.003223,
189.509983, 1.674976, 1.661279, -0.013696,
189.520541, 1.674170, 1.670142, -0.004028,
189.531175, 1.674976, 1.662891, -0.012085,
189.541769, 1.676587, 1.669336, -0.007251,
189.552438, 1.676587, 1.664502, -0.012085,
189.562995, 1.670142, 1.662085, -0.008057,
189.573550, 1.679004, 1.666919, -0.012085,
189.584220, 1.674170, 1.674170, 0.000000,
189.594562, 1.674976, 1.664502, -0.010474,
189.605219, 1.674170, 1.673364, -0.000806,
189.615767, 1.670142, 1.677393, 0.007251,
189.626104, 1.673364, 1.640332, -0.033032,
189.636867, 1.673364, 1.660474, -0.012891,
189.647512, 1.674976, 1.672559, -0.002417,
189.658225, 1.677393, 1.658862, -0.018530,
189.668778, 1.674170, 1.672559, -0.001611,
189.679449, 1.668530, 1.668530, 0.000000,
189.689658, 1.674976, 1.672559, -0.002417,
189.700224, 1.674170, 1.669336, -0.004834,
189.710904, 1.677393, 1.658057, -0.019336,
189.721440, 1.677393, 1.681421, 0.004028,
189.731868, 1.673364, 1.662085, -0.011279,
189.742438, 1.674976, 1.657251, -0.017725,
189.753187, 1.676587, 1.677393, 0.000806,
189.763555, 1.672559, 1.662085, -0.010474,
189.774141, 1.662085, 1.670142, 0.008057,
189.784548, 1.662085, 1.670142, 0.008057,
189.794877, 1.666919, 1.650000, -0.016919,
189.805548, 1.666113, 1.662085, -0.004028,
189.816103, 1.662085, 1.668530, 0.006445,
189.826445, 1.666919, 1.661279, -0.005640,
189.837107, 1.665308, 1.674170, 0.008862,
189.847438, 1.664502, 1.657251, -0.007251,
189.858186, 1.662085, 1.658862, -0.003223,
189.868784, 1.662891, 1.660474, -0.002417,
189.879452, 1.654028, 1.676587, 0.022559,
189.889767, 1.658862, 1.666113, 0.007251,
189.900117, 1.669336, 1.636304, -0.033032,
189.910766, 1.668530, 1.641943, -0.026587,
189.921334, 1.666113, 1.683838, 0.017725,
189.931765, 1.673364, 1.658057, -0.015308,
189.942334, 1.669336, 1.662085, -0.007251,
189.952992, 1.665308, 1.666919, 0.001611,
189.963447, 1.665308, 1.666919, 0.001611,
189.973769, 1.664502, 1.660474, -0.004028,
189.984348, 1.666113, 1.660474, -0.005640,
189.994878, 1.662085, 1.660474, -0.001611,
190.005552, 1.657251, 1.676587, 0.019336,
190.015875, 1.666113, 1.662085, -0.004028,
190.026439, 1.660474, 1.662891, 0.002417,
190.036892, 1.662085, 1.656445, -0.005640,
190.047445, 1.662085, 1.666919, 0.004834,
190.057988, 1.670947, 1.657251, -0.013696,
190.068562, 1.668530, 1.635498, -0.033032,
190.079234, 1.662891, 1.657251, -0.005640,
190.089766, 1.674170, 1.679004, 0.004834,
190.100109, 1.676587, 1.665308, -0.011279,
190.110772, 1.679810, 1.658862, -0.020947,
190.121334, 1.674976, 1.661279, -0.013696,
190.131981, 1.674170, 1.644360, -0.029810,
190.142666, 1.678198, 1.660474, -0.017725,
190.153419, 1.677393, 1.666919, -0.010474,
190.163988, 1.666919, 1.637915, -0.029004,
190.174550, 1.678198, 1.662891, -0.015308,
190.185212, 1.666113, 1.673364, 0.007251,
190.195550, 1.664502, 1.660474, -0.004028,
190.206111, 1.673364, 1.670142, -0.003223,
190.216659, 1.674976, 1.679810, 0.004834,
190.226985, 1.677393, 1.669336, -0.008057,
190.237658, 1.666919, 1.662891, -0.004028,
190.248222, 1.673364, 1.666113, -0.007251,
190.258990, 1.673364, 1.666919, -0.006445,
190.269552, 1.672559, 1.660474, -0.012085,
190.280221, 1.673364, 1.677393, 0.004028,
190.290560, 1.677393, 1.677393, 0.000000,
190.300782, 1.677393, 1.674170, -0.003223,
190.311335, 1.677393, 1.658862, -0.018530,
190.321882, 1.679810, 1.669336, -0.010474,
190.332556, 1.674976, 1.670142, -0.004834,
190.343114, 1.670947, 1.650000, -0.020947,
190.353855, 1.677393, 1.673364, -0.004028,
190.364471, 1.674976, 1.670947, -0.004028,
190.374995, 1.673364, 1.674170, 0.000806,
190.385433, 1.677393, 1.682227, 0.004834,
190.395769, 1.666919, 1.654834, -0.012085,
190.406446, 1.670142, 1.657251, -0.012891,
190.416995, 1.674976, 1.654834, -0.020142,
190.427555, 1.662085, 1.658057, -0.004028,
190.438225, 1.665308, 1.673364, 0.008057,
190.448557, 1.662085, 1.661279, -0.000806,
190.459235, 1.662085, 1.660474, -0.001611,
190.469800, 1.661279, 1.662085, 0.000806,
190.480222, 1.666113, 1.654028, -0.012085,
190.490787, 1.666919, 1.668530, 0.001611,
190.501109, 1.662085, 1.654028, -0.008057,
190.511777, 1.666113, 1.664502, -0.001611,
190.522345, 1.660474, 1.672559, 0.012085,
190.532770, 1.668530, 1.660474, -0.008057,
190.543336, 1.662891, 1.648389, -0.014502,
190.554074, 1.660474, 1.665308, 0.004834,
190.564407, 1.665308, 1.666113, 0.000806,
190.574784, 1.670142, 1.649194, -0.020947,
190.585445, 1.664502, 1.658862, -0.005640,
190.596001, 1.662891, 1.661279, -0.001611,
190.606664, 1.666919, 1.672559, 0.005640,
190.616992, 1.666919, 1.660474, -0.006445,
190.627578, 1.664502, 1.665308, 0.000806,
190.638003, 1.662891, 1.670947, 0.008057,
190.648342, 1.666113, 1.665308, -0.000806,
190.659049, 1.662085, 1.665308, 0.003223,
190.669337, 1.666113, 1.664502, -0.001611,
190.679983, 1.662891, 1.645972, -0.016919,
190.690453, 1.670142, 1.668530, -0.001611,
190.700989, 1.670142, 1.664502, -0.005640,
190.711559, 1.666113, 1.666919, 0.000806,
190.721881, 1.670142, 1.670142, 0.000000,
190.732219, 1.679810, 1.639526, -0.040283,
190.742782, 1.674170, 1.664502, -0.009668,
190.753566, 1.670142, 1.672559, 0.002417,
190.763885, 1.682227, 1.673364, -0.008862,
190.774445, 1.679004, 1.645972, -0.033032,
190.785122, 1.673364, 1.662085, -0.011279,
190.795676, 1.674976, 1.654834, -0.020142,
190.806337, 1.670947, 1.687060, 0.016113,
190.816660, 1.682227, 1.665308, -0.016919,
190.827231, 1.674170, 1.660474, -0.013696,
190.837987, 1.666919, 1.677393, 0.010474,
190.848344, 1.678198, 1.674976, -0.003223,
190.859030, 1.662891, 1.665308, 0.002417,
190.869342, 1.670947, 1.664502, -0.006445,
190.879989, 1.670947, 1.691895, 0.020947,
190.890343, 1.677393, 1.662891, -0.014502,
190.900885, 1.676587, 1.661279, -0.015308,
190.911555, 1.674170, 1.650806, -0.023364,
190.922166, 1.673364, 1.681421, 0.008057,
190.932567, 1.679004, 1.676587, -0.002417,
190.943115, 1.674170, 1.662891, -0.011279,
190.953887, 1.677393, 1.668530, -0.008862,
190.964440, 1.672559, 1.672559, 0.000000,
190.974779, 1.674976, 1.665308, -0.009668,
190.985367, 1.670142, 1.668530, -0.001611,
190.995886, 1.677393, 1.647583, -0.029810,
191.006556, 1.670142, 1.695117, 0.024976,
191.016886, 1.673364, 1.668530, -0.004834,
191.027467, 1.670947, 1.662085, -0.008862,
191.038114, 1.674170, 1.662085, -0.012085,
191.048662, 1.662891, 1.649194, -0.013696,
191.059469, 1.662891, 1.662085, -0.000806,
191.069993, 1.664502, 1.670142, 0.005640,
191.080434, 1.664502, 1.658862, -0.005640,
191.090992, 1.666113, 1.636304, -0.029810,
191.101561, 1.657251, 1.670142, 0.012891,
191.111875, 1.662085, 1.649194, -0.012891,
191.122444, 1.664502, 1.661279, -0.003223,
191.133018, 1.668530, 1.658057, -0.010474,
191.143665, 1.666113, 1.679004, 0.012891,
191.154234, 1.662085, 1.669336, 0.007251,
191.164562, 1.662891, 1.662891, 0.000000,
191.174776, 1.662085, 1.664502, 0.002417,
191.185132, 1.665308, 1.656445, -0.008862,
191.195668, 1.670142, 1.658862, -0.011279,
191.206342, 1.666919, 1.662891, -0.004028,
191.216904, 1.666113, 1.648389, -0.017725,
191.227452, 1.658862, 1.668530, 0.009668,
191.237888, 1.665308, 1.666113, 0.000806,
191.248230, 1.669336, 1.662085, -0.007251,
191.259000, 1.661279, 1.664502, 0.003223,
191.269351, 1.665308, 1.660474, -0.004834,
191.279989, 1.666919, 1.656445, -0.010474,
191.290568, 1.668530, 1.665308, -0.003223,
191.301118, 1.662891, 1.679004, 0.016113,
191.311554, 1.666113, 1.673364, 0.007251,
191.321887, 1.670142, 1.698340, 0.028198,
191.332339, 1.669336, 1.683838, 0.014502,
191.342774, 1.673364, 1.664502, -0.008862,
191.353568, 1.666113, 1.658862, -0.007251,
191.364112, 1.674976, 1.674170, -0.000806,
191.374662, 1.678198, 1.689478, 0.011279,
191.385113, 1.677393, 1.648389, -0.029004,
191.395665, 1.677393, 1.666113, -0.011279,
191.406347, 1.672559, 1.676587, 0.004028,
191.416678, 1.673364, 1.674976, 0.001611,
191.426564, 1.678198, 1.666113, -0.012085,
191.437225, 1.676587, 1.662891, -0.013696,
191.447775, 1.670142, 1.665308, -0.004834,
191.458559, 1.677393, 1.654834, -0.022559,
191.469117, 1.674170, 1.661279, -0.012891,
191.479783, 1.669336, 1.654834, -0.014502,
191.490338, 1.677393, 1.658057, -0.019336,
191.500883, 1.670142, 1.672559, 0.002417,
191.511246, 1.674976, 1.661279, -0.013696,
191.521783, 1.670142, 1.679004, 0.008862,
191.532233, 1.679004, 1.674976, -0.004028,
191.542795, 1.677393, 1.657251, -0.020142,
191.553567, 1.674976, 1.668530, -0.006445,
191.564120, 1.664502, 1.661279, -0.003223,
191.574665, 1.673364, 1.678198, 0.004834,
191.585117, 1.672559, 1.666113, -0.006445,
191.595669, 1.673364, 1.654834, -0.018530,
191.606334, 1.674170, 1.660474, -0.013696,
191.616879, 1.676587, 1.662085, -0.014502,
191.627451, 1.668530, 1.654028, -0.014502,
191.638107, 1.670142, 1.682227, 0.012085,
191.648448, 1.673364, 1.669336, -0.004028,
191.659233, 1.674170, 1.674170, 0.000000,
191.669584, 1.676587, 1.670142, -0.006445,
191.680228, 1.669336, 1.662891, -0.006445,
191.690786, 1.664502, 1.660474, -0.004028,
191.701348, 1.666113, 1.656445, -0.009668,
191.711992, 1.668530, 1.653223, -0.015308,
191.722571, 1.666919, 1.664502, -0.002417,
191.733229, 1.662891, 1.670947, 0.008057,
191.743671, 1.665308, 1.654028, -0.011279,
191.754453, 1.662891, 1.647583, -0.015308,
191.764995, 1.664502, 1.657251, -0.007251,
191.775559, 1.665308, 1.654028, -0.011279,
191.786136, 1.669336, 1.662085, -0.007251,
191.796666, 1.658057, 1.661279, 0.003223,
191.807143, 1.665308, 1.662085, -0.003223,
191.817664, 1.666919, 1.665308, -0.001611,
191.828339, 1.666919, 1.657251, -0.009668,
191.839006, 1.666113, 1.676587, 0.010474,
191.849350, 1.664502, 1.658862, -0.005640,
191.860122, 1.658057, 1.670142, 0.012085,
191.870459, 1.664502, 1.656445, -0.008057,
191.881102, 1.662891, 1.658057, -0.004834,
191.891572, 1.668530, 1.658057, -0.010474,
191.902118, 1.665308, 1.649194, -0.016113,
191.912664, 1.672559, 1.654834, -0.017725,
191.923240, 1.670142, 1.668530, -0.001611,
191.933882, 1.669336, 1.672559, 0.003223,
191.944223, 1.672559, 1.657251, -0.015308,
191.954995, 1.668530, 1.670947, 0.002417,
191.965376, 1.666919, 1.641138, -0.025781,
191.975880, 1.666919, 1.657251, -0.009668,
191.986561, 1.670947, 1.666113, -0.004834,
191.997116, 1.664502, 1.658057, -0.006445,
192.007778, 1.678198, 1.666919, -0.011279,
192.018342, 1.678198, 1.670947, -0.007251,
192.029003, 1.674976, 1.654028, -0.020947,
192.039666, 1.677393, 1.686255, 0.008862,
192.050001, 1.678198, 1.670947, -0.007251,
192.060668, 1.677393, 1.648389, -0.029004,
192.071328, 1.674976, 1.672559, -0.002417,
192.081991, 1.673364, 1.672559, -0.000806,
192.092456, 1.676587, 1.665308, -0.011279,
192.103004, 1.677393, 1.666919, -0.010474,
192.113569, 1.672559, 1.669336, -0.003223,
192.124128, 1.672559, 1.676587, 0.004028,
192.134748, 1.674170, 1.664502, -0.009668,
192.145230, 1.673364, 1.662085, -0.011279,
192.156002, 1.677393, 1.677393, 0.000000,
192.166388, 1.676587, 1.658862, -0.017725,
192.176888, 1.674976, 1.662891, -0.012085,
192.187464, 1.674170, 1.654028, -0.020142,
192.197991, 1.670947, 1.668530, -0.002417,
192.208673, 1.678198, 1.664502, -0.013696,
192.219236, 1.670947, 1.670142, -0.000806,
192.229887, 1.666113, 1.660474, -0.005640,
192.240562, 1.673364, 1.669336, -0.004028,
192.251252, 1.666919, 1.682227, 0.015308,
192.261660, 1.665308, 1.670142, 0.004834,
192.271991, 1.672559, 1.670142, -0.002417,
192.282574, 1.674170, 1.664502, -0.009668,
192.293112, 1.670947, 1.653223, -0.017725,
192.303787, 1.672559, 1.674170, 0.001611,
192.314112, 1.665308, 1.674976, 0.009668,
192.324446, 1.670142, 1.641943, -0.028198,
192.335135, 1.676587, 1.666113, -0.010474,
192.345671, 1.665308, 1.654028, -0.011279,
192.356445, 1.666919, 1.658862, -0.008057,
192.367065, 1.654028, 1.662085, 0.008057,
192.377351, 1.662891, 1.641138, -0.021753,
192.387993, 1.664502, 1.673364, 0.008862,
192.398358, 1.668530, 1.670142, 0.001611,
192.408779, 1.665308, 1.665308, 0.000000,
192.419000, 1.662891, 1.669336, 0.006445,
192.429458, 1.665308, 1.657251, -0.008057,
192.440116, 1.670947, 1.662085, -0.008862,
192.450791, 1.665308, 1.668530, 0.003223,
192.461262, 1.658057, 1.654834, -0.003223,
192.471782, 1.665308, 1.664502, -0.000806,
192.482450, 1.670142, 1.643555, -0.026587,
192.493005, 1.662891, 1.660474, -0.002417,
192.503642, 1.665308, 1.650806, -0.014502,
192.514111, 1.669336, 1.658862, -0.010474,
192.524670, 1.665308, 1.674976, 0.009668,
192.535242, 1.666113, 1.661279, -0.004834,
192.545783, 1.666113, 1.658862, -0.007251,
192.556562, 1.669336, 1.666113, -0.003223,
192.567145, 1.665308, 1.674976, 0.009668,
192.577446, 1.666113, 1.666113, 0.000000,
192.587782, 1.669336, 1.670142, 0.000806,
192.598116, 1.668530, 1.637109, -0.031421,
192.608782, 1.669336, 1.666113, -0.003223,
192.619346, 1.669336, 1.677393, 0.008057,
192.629783, 1.658057, 1.654028, -0.004028,
192.640360, 1.666113, 1.664502, -0.001611,
192.650981, 1.673364, 1.687060, 0.013696,
192.661366, 1.679004, 1.662891, -0.016113,
192.671910, 1.679004, 1.672559, -0.006445,
192.682569, 1.679004, 1.669336, -0.009668,
192.693119, 1.673364, 1.661279, -0.012085,
192.703784, 1.674976, 1.662085, -0.012891,
192.714351, 1.670947, 1.665308, -0.005640,
192.724908, 1.674976, 1.673364, -0.001611,
192.735673, 1.677393, 1.650000, -0.027393,
192.746234, 1.674170, 1.640332, -0.033838,
192.757002, 1.678198, 1.678198, 0.000000,
192.767361, 1.674170, 1.674976, 0.000806,
192.777668, 1.674170, 1.670947, -0.003223,
192.788236, 1.676587, 1.672559, -0.004028,
192.798784, 1.669336, 1.662085, -0.007251,
192.809451, 1.672559, 1.666919, -0.005640,
192.820001, 1.677393, 1.669336, -0.008057,
192.830663, 1.670142, 1.678198, 0.008057,
192.840998, 1.677393, 1.677393, 0.000000,
192.851344, 1.668530, 1.668530, 0.000000,
192.861781, 1.676587, 1.674170, -0.002417,
192.872351, 1.662891, 1.674976, 0.012085,
192.882790, 1.677393, 1.664502, -0.012891,
192.893347, 1.677393, 1.683838, 0.006445,
192.903788, 1.669336, 1.669336, 0.000000,
192.914029, 1.670947, 1.657251, -0.013696,
192.924565, 1.672559, 1.666919, -0.005640,
192.935346, 1.672559, 1.664502, -0.008057,
192.945892, 1.669336, 1.658057, -0.011279,
192.956663, 1.669336, 1.673364, 0.004028,
192.967076, 1.666113, 1.666919, 0.000806,
192.977343, 1.660474, 1.658862, -0.001611,
192.987998, 1.664502, 1.668530, 0.004028,
192.998343, 1.664502, 1.653223, -0.011279,
193.008999, 1.670142, 1.679004, 0.008862,
193.019344, 1.662891, 1.665308, 0.002417,
193.029779, 1.666113, 1.654028, -0.012085,
193.040352, 1.665308, 1.637915, -0.027393,
193.051058, 1.666919, 1.640332, -0.026587,
193.061670, 1.666113, 1.662891, -0.003223,
193.072235, 1.662085, 1.664502, 0.002417,
193.082665, 1.662085, 1.653223, -0.008862,
193.093241, 1.669336, 1.665308, -0.004028,
193.103868, 1.668530, 1.665308, -0.003223,
193.114452, 1.665308, 1.679810, 0.014502,
193.124786, 1.668530, 1.662085, -0.006445,
193.135573, 1.665308, 1.666113, 0.000806,
193.145883, 1.670142, 1.650806, -0.019336,
193.156665, 1.662085, 1.664502, 0.002417,
193.167063, 1.664502, 1.645972, -0.018530,
193.177574, 1.669336, 1.666113, -0.003223,
193.188132, 1.664502, 1.664502, 0.000000,
193.198453, 1.668530, 1.658057, -0.010474,
193.209115, 1.665308, 1.662085, -0.003223,
193.219577, 1.658862, 1.658057, -0.000806,
193.230234, 1.668530, 1.649194, -0.019336,
193.240887, 1.660474, 1.666113, 0.005640,
193.251359, 1.669336, 1.668530, -0.000806,
193.261997, 1.665308, 1.658862, -0.006445,
193.272562, 1.664502, 1.670142, 0.005640,
193.282998, 1.658057, 1.658057, 0.000000,
193.293238, 1.679004, 1.660474, -0.018530,
193.303868, 1.678198, 1.661279, -0.016919,
193.314415, 1.677393, 1.676587, -0.000806,
193.324882, 1.674170, 1.683032, 0.008862,
193.335343, 1.672559, 1.677393, 0.004834,
193.345677, 1.666919, 1.664502, -0.002417,
193.356455, 1.673364, 1.670947, -0.002417,
193.367052, 1.679004, 1.662085, -0.016919,
193.377562, 1.674170, 1.644360, -0.029810,
193.388132, 1.677393, 1.674976, -0.002417,
193.398670, 1.670947, 1.673364, 0.002417,
193.409122, 1.672559, 1.670142, -0.002417,
193.419683, 1.677393, 1.658862, -0.018530,
193.430344, 1.673364, 1.678198, 0.004834,
193.440787, 1.677393, 1.679004, 0.001611,
193.451264, 1.668530, 1.645972, -0.022559,
193.461889, 1.670947, 1.656445, -0.014502,
193.472455, 1.672559, 1.672559, 0.000000,
193.482784, 1.674170, 1.666919, -0.007251,
193.493352, 1.676587, 1.658862, -0.017725,
193.504009, 1.670947, 1.666919, -0.004028,
193.514579, 1.670142, 1.669336, -0.000806,
193.525108, 1.676587, 1.679004, 0.002417,
193.535568, 1.673364, 1.678198, 0.004834,
193.545884, 1.677393, 1.673364, -0.004028,
193.556668, 1.674976, 1.681421, 0.006445,
193.567087, 1.670142, 1.662891, -0.007251,
193.577573, 1.670947, 1.654834, -0.016113,
193.588118, 1.670947, 1.674976, 0.004028,
193.598448, 1.673364, 1.658862, -0.014502,
193.609123, 1.668530, 1.666919, -0.001611,
193.619668, 1.668530, 1.656445, -0.012085,
193.630351, 1.662085, 1.647583, -0.014502,
193.641045, 1.661279, 1.664502, 0.003223,
193.651479, 1.665308, 1.666919, 0.001611,
193.661885, 1.664502, 1.654028, -0.010474,
193.672453, 1.662085, 1.677393, 0.015308,
193.682892, 1.664502, 1.664502, 0.000000,
193.693122, 1.673364, 1.673364, 0.000000,
193.703437, 1.665308, 1.674976, 0.009668,
193.713787, 1.658057, 1.665308, 0.007251,
193.724129, 1.665308, 1.668530, 0.003223,
193.734649, 1.669336, 1.662891, -0.006445,
193.745223, 1.664502, 1.662891, -0.001611,
193.755918, 1.669336, 1.674170, 0.004834,
193.766264, 1.662085, 1.654028, -0.008057,
193.776786, 1.666113, 1.665308, -0.000806,
193.787354, 1.661279, 1.662085, 0.000806,
193.797677, 1.674976, 1.664502, -0.010474,
193.808361, 1.669336, 1.666113, -0.003223,
193.818894, 1.662085, 1.650806, -0.011279,
193.829570, 1.668530, 1.658057, -0.010474,
193.840229, 1.664502, 1.678198, 0.013696,
193.850671, 1.662085, 1.650000, -0.012085,
193.861356, 1.670142, 1.652417, -0.017725,
193.871891, 1.668530, 1.662891, -0.005640,
193.882578, 1.662891, 1.654834, -0.008057,
193.893127, 1.662085, 1.662891, 0.000806,
193.903575, 1.660474, 1.658862, -0.001611,
193.914126, 1.658862, 1.650000, -0.008862,
193.924678, 1.678198, 1.674170, -0.004028,
193.935459, 1.682227, 1.677393, -0.004834,
193.946016, 1.670142, 1.666113, -0.004028,
193.956786, 1.676587, 1.687060, 0.010474,
193.967146, 1.677393, 1.668530, -0.008862,
193.977674, 1.674170, 1.666113, -0.008057,
193.988235, 1.676587, 1.670947, -0.005640,
193.998788, 1.678198, 1.664502, -0.013696,
194.009457, 1.677393, 1.669336, -0.008057,
194.020008, 1.670142, 1.670947, 0.000806,
194.030450, 1.670947, 1.668530, -0.002417,
194.041001, 1.678198, 1.669336, -0.008862,
194.051695, 1.673364, 1.666919, -0.006445,
194.062357, 1.672559, 1.670947, -0.001611,
194.072900, 1.677393, 1.670142, -0.007251,
194.083574, 1.676587, 1.687060, 0.010474,
194.093884, 1.673364, 1.679004, 0.005640,
194.104253, 1.679004, 1.670142, -0.008862,
194.114783, 1.674976, 1.645166, -0.029809,
194.125359, 1.674976, 1.666113, -0.008862,
194.136204, 1.669336, 1.662085, -0.007251,
194.146701, 1.669336, 1.658862, -0.010474,
194.157452, 1.677393, 1.647583, -0.029810,
194.168108, 1.670142, 1.662891, -0.007251,
194.178794, 1.673364, 1.670947, -0.002417,
194.189358, 1.670142, 1.687060, 0.016919,
194.199677, 1.674170, 1.658057, -0.016113,
194.210359, 1.668530, 1.676587, 0.008057,
194.220675, 1.677393, 1.685449, 0.008057,
194.231142, 1.674976, 1.683032, 0.008057,
194.241567, 1.674976, 1.670142, -0.004834,
194.252240, 1.674976, 1.672559, -0.002417,
194.262904, 1.662085, 1.656445, -0.005640,
194.273461, 1.665308, 1.662085, -0.003223,
194.284128, 1.662891, 1.662085, -0.000806,
194.294678, 1.664502, 1.669336, 0.004834,
194.305129, 1.662085, 1.672559, 0.010474,
194.315462, 1.664502, 1.648389, -0.016113,
194.326004, 1.664502, 1.662085, -0.002417,
194.336666, 1.666113, 1.677393, 0.011279,
194.347012, 1.666113, 1.657251, -0.008862,
194.357793, 1.666113, 1.669336, 0.003223,
194.368150, 1.662085, 1.665308, 0.003223,
194.378574, 1.666919, 1.664502, -0.002417,
194.389126, 1.654834, 1.670947, 0.016113,
194.399459, 1.670142, 1.652417, -0.017725,
194.410007, 1.662085, 1.666113, 0.004028,
194.420357, 1.668530, 1.662085, -0.006445,
194.431008, 1.665308, 1.661279, -0.004028,
194.441666, 1.666919, 1.666919, 0.000000,
194.452017, 1.668530, 1.658057, -0.010474,
194.462679, 1.668530, 1.658862, -0.009668,
194.473243, 1.666919, 1.678198, 0.011279,
194.483675, 1.664502, 1.658862, -0.005640,
194.494268, 1.664502, 1.660474, -0.004028,
194.504898, 1.666919, 1.668530, 0.001611,
194.515242, 1.670947, 1.668530, -0.002417,
194.525792, 1.669336, 1.662085, -0.007251,
194.536451, 1.668530, 1.676587, 0.008057,
194.546793, 1.666919, 1.635498, -0.031421,
194.557570, 1.662085, 1.662085, 0.000000,
194.568002, 1.677393, 1.639526, -0.037866,
194.578665, 1.677393, 1.670947, -0.006445,
194.589237, 1.674976, 1.681421, 0.006445,
194.599574, 1.665308, 1.670142, 0.004834,
194.609921, 1.679004, 1.662085, -0.016919,
194.620458, 1.676587, 1.662085, -0.014502,
194.631108, 1.677393, 1.662891, -0.014502,
194.641802, 1.674976, 1.669336, -0.005640,
194.652460, 1.679004, 1.662085, -0.016919,
194.663011, 1.677393, 1.658057, -0.019336,
194.673573, 1.673364, 1.670142, -0.003223,
194.684180, 1.677393, 1.658862, -0.018530,
194.694677, 1.678198, 1.650806, -0.027393,
194.705363, 1.673364, 1.678198, 0.004834,
194.715690, 1.674976, 1.665308, -0.009668,
194.726240, 1.672559, 1.639526, -0.033032,
194.736967, 1.670947, 1.666113, -0.004834,
194.747471, 1.673364, 1.685449, 0.012085,
194.758028, 1.670947, 1.670142, -0.000806,
194.768618, 1.670142, 1.661279, -0.008862,
194.779251, 1.677393, 1.658862, -0.018530,
194.789791, 1.674170, 1.670142, -0.004028,
194.800355, 1.672559, 1.640332, -0.032227,
194.810948, 1.662891, 1.662891, 0.000000,
194.821255, 1.665308, 1.673364, 0.008057,
194.831683, 1.673364, 1.662085, -0.011279,
194.842370, 1.677393, 1.687060, 0.009668,
194.852797, 1.673364, 1.662891, -0.010474,
194.863355, 1.670142, 1.662085, -0.008057,
194.873893, 1.676587, 1.679004, 0.002417,
194.884355, 1.666919, 1.670947, 0.004028,
194.894683, 1.665308, 1.650000, -0.015308,
194.905349, 1.669336, 1.670947, 0.001611,
194.915682, 1.658862, 1.660474, 0.001611,
194.926010, 1.666919, 1.660474, -0.006445,
194.936674, 1.660474, 1.673364, 0.012891,
194.947010, 1.661279, 1.648389, -0.012891,
194.957796, 1.666919, 1.670142, 0.003223,
194.968193, 1.664502, 1.650806, -0.013696,
194.978798, 1.662891, 1.658862, -0.004028,
194.989357, 1.666113, 1.674170, 0.008057,
194.999690, 1.665308, 1.670142, 0.004834,
195.010129, 1.656445, 1.650806, -0.005640,
195.020702, 1.665308, 1.662085, -0.003223,
195.031357, 1.664502, 1.662891, -0.001611,
195.041899, 1.666919, 1.664502, -0.002417,
195.052587, 1.666113, 1.657251, -0.008862,
195.063131, 1.670142, 1.653223, -0.016919,
195.073685, 1.664502, 1.670142, 0.005640,
195.084158, 1.669336, 1.662891, -0.006445,
195.094674, 1.670947, 1.645972, -0.024976,
195.105356, 1.670947, 1.670142, -0.000806,
195.115904, 1.665308, 1.656445, -0.008862,
195.126463, 1.670142, 1.662085, -0.008057,
195.137156, 1.662085, 1.665308, 0.003223,
195.147464, 1.666919, 1.662085, -0.004834,
195.158245, 1.666113, 1.670142, 0.004028,
195.168619, 1.668530, 1.654028, -0.014502,
195.179253, 1.670142, 1.662891, -0.007251,
195.189788, 1.668530, 1.670142, 0.001611,
195.200130, 1.662891, 1.640332, -0.022559,
195.210798, 1.683838, 1.658057, -0.025781,
195.221357, 1.668530, 1.685449, 0.016919,
195.231798, 1.678198, 1.644360, -0.033838,
195.242360, 1.681421, 1.666919, -0.014502,
195.253102, 1.664502, 1.660474, -0.004028,
195.263674, 1.677393, 1.653223, -0.024170,
195.274245, 1.674170, 1.661279, -0.012891,
195.284897, 1.674170, 1.666919, -0.007251,
195.295461, 1.676587, 1.654834, -0.021753,
195.306126, 1.670947, 1.669336, -0.001611,
195.316680, 1.678198, 1.656445, -0.021753,
195.327244, 1.679004, 1.661279, -0.017725,
195.338013, 1.672559, 1.664502, -0.008057,
195.348578, 1.674170, 1.662085, -0.012085,
195.359255, 1.678198, 1.653223, -0.024976,
195.369787, 1.674976, 1.669336, -0.005640,
195.380464, 1.673364, 1.662085, -0.011279,
195.391016, 1.677393, 1.666113, -0.011279,
195.401571, 1.670142, 1.683838, 0.013696,
195.411915, 1.677393, 1.661279, -0.016113,
195.422459, 1.677393, 1.662085, -0.015308,
195.433059, 1.670142, 1.673364, 0.003223,
195.443464, 1.670142, 1.668530, -0.001611,
195.454250, 1.677393, 1.670142, -0.007251,
195.464795, 1.673364, 1.665308, -0.008057,
195.475358, 1.673364, 1.669336, -0.004028,
195.485959, 1.668530, 1.679004, 0.010474,
195.496241, 1.662891, 1.665308, 0.002417,
195.506684, 1.678198, 1.673364, -0.004834,
195.517242, 1.672559, 1.662891, -0.009668,
195.527799, 1.654834, 1.654834, 0.000000,
195.538233, 1.665308, 1.679810, 0.014502,
195.548575, 1.664502, 1.661279, -0.003223,
195.559240, 1.657251, 1.677393, 0.020142,
195.569583, 1.658862, 1.666113, 0.007251,
195.580005, 1.660474, 1.645166, -0.015308,
195.590578, 1.666113, 1.662085, -0.004028,
195.601129, 1.662085, 1.677393, 0.015308,
195.611575, 1.666113, 1.656445, -0.009668,
195.622129, 1.666113, 1.674170, 0.008057,
195.632577, 1.669336, 1.637915, -0.031421,
195.643257, 1.660474, 1.674976, 0.014502,
195.653810, 1.665308, 1.666113, 0.000806,
195.664126, 1.666113, 1.652417, -0.013696,
195.674696, 1.666113, 1.654028, -0.012085,
195.685360, 1.666113, 1.660474, -0.005640,
195.695903, 1.664502, 1.654834, -0.009668,
195.706579, 1.662085, 1.665308, 0.003223,
195.716911, 1.669336, 1.668530, -0.000806,
195.727469, 1.666113, 1.640332, -0.025781,
195.738156, 1.670142, 1.662085, -0.008057,
195.748683, 1.662891, 1.687060, 0.024170,
195.759246, 1.665308, 1.662085, -0.003223,
195.769795, 1.666919, 1.654834, -0.012085,
195.780466, 1.672559, 1.657251, -0.015308,
195.791013, 1.670142, 1.670142, 0.000000,
195.801244, 1.666919, 1.668530, 0.001611,
195.811683, 1.665308, 1.654834, -0.010474,
195.822245, 1.670142, 1.670947, 0.000806,
195.832681, 1.658057, 1.636304, -0.021753,
195.843359, 1.670947, 1.664502, -0.006445,
195.854118, 1.674170, 1.685449, 0.011279,
195.864459, 1.670947, 1.654834, -0.016113,
195.875041, 1.677393, 1.660474, -0.016919,
195.885687, 1.677393, 1.649194, -0.028198,
195.896246, 1.676587, 1.637109, -0.039477,
195.906907, 1.673364, 1.676587, 0.003223,
195.917248, 1.670142, 1.654028, -0.016113,
195.927796, 1.676587, 1.670142, -0.006445,
195.938455, 1.666919, 1.669336, 0.002417,
195.948797, 1.676587, 1.670142, -0.006445,
195.959569, 1.669336, 1.679004, 0.009668,
195.969933, 1.670947, 1.665308, -0.005640,
195.980584, 1.674976, 1.652417, -0.022559,
195.991129, 1.678198, 1.687060, 0.008862,
196.001480, 1.674976, 1.674976, 0.000000,
196.011795, 1.674976, 1.673364, -0.001611,
196.022356, 1.674976, 1.664502, -0.010474,
196.033016, 1.670947, 1.668530, -0.002417,
196.043580, 1.669336, 1.661279, -0.008057,
196.054350, 1.678198, 1.662085, -0.016113,
196.064904, 1.676587, 1.644360, -0.032227,
196.075471, 1.666113, 1.673364, 0.007251,
196.085900, 1.673364, 1.664502, -0.008862,
196.096475, 1.678198, 1.658862, -0.019336,
196.107131, 1.677393, 1.673364, -0.004028,
196.117679, 1.668530, 1.658057, -0.010474,
196.128355, 1.678198, 1.645166, -0.033032,
196.139127, 1.670947, 1.670142, -0.000806,
196.149677, 1.674976, 1.669336, -0.005640,
196.160464, 1.673364, 1.654834, -0.018530,
196.171038, 1.673364, 1.661279, -0.012085,
196.181677, 1.662085, 1.658057, -0.004028,
196.192244, 1.662891, 1.670142, 0.007251,
196.202582, 1.665308, 1.670142, 0.004834,
196.212905, 1.654834, 1.666113, 0.011279,
196.223248, 1.664502, 1.670947, 0.006445,
196.233684, 1.664502, 1.681421, 0.016919,
196.244135, 1.661279, 1.662891, 0.001611,
196.254690, 1.665308, 1.674976, 0.009668,
196.265014, 1.662085, 1.662085, 0.000000,
196.275359, 1.665308, 1.658862, -0.006445,
196.285917, 1.669336, 1.679810, 0.010474,
196.296243, 1.668530, 1.666113, -0.002417,
196.306896, 1.666113, 1.670142, 0.004028,
196.317250, 1.665308, 1.654834, -0.010474,
196.327824, 1.669336, 1.665308, -0.004028,
196.338470, 1.668530, 1.670142, 0.001611,
196.348804, 1.666113, 1.664502, -0.001611,
196.359577, 1.666113, 1.662085, -0.004028,
196.370155, 1.668530, 1.643555, -0.024976,
196.380796, 1.666919, 1.654028, -0.012891,
196.391364, 1.658862, 1.666113, 0.007251,
196.401681, 1.658057, 1.662085, 0.004028,
196.412018, 1.673364, 1.652417, -0.020947,
196.422575, 1.666113, 1.670947, 0.004834,
196.433014, 1.666919, 1.662085, -0.004834,
196.443584, 1.666919, 1.682227, 0.015308,
196.454121, 1.670947, 1.666919, -0.004028,
196.464686, 1.669336, 1.640332, -0.029004,
196.475265, 1.661279, 1.669336, 0.008057,
196.485683, 1.677393, 1.666919, -0.010474,
196.496258, 1.681421, 1.658057, -0.023364,
196.506894, 1.679004, 1.669336, -0.009668,
196.517465, 1.672559, 1.668530, -0.004028,
196.528012, 1.674170, 1.666919, -0.007251,
196.538689, 1.674976, 1.676587, 0.001611,
196.549011, 1.670947, 1.643555, -0.027393,
196.559795, 1.674170, 1.666919, -0.007251,
196.570457, 1.678198, 1.662085, -0.016113,
196.581126, 1.670142, 1.645972, -0.024170,
196.591699, 1.674170, 1.653223, -0.020947,
196.602258, 1.670947, 1.676587, 0.005640,
196.612683, 1.674976, 1.670142, -0.004834,
196.623241, 1.679004, 1.677393, -0.001611,
196.633903, 1.677393, 1.664502, -0.012891,
196.644469, 1.681421, 1.670142, -0.011279,
196.655267, 1.673364, 1.644360, -0.029004,
196.665840, 1.676587, 1.677393, 0.000806,
196.676127, 1.677393, 1.687060, 0.009668,
196.686465, 1.666113, 1.665308, -0.000806,
196.697014, 1.668530, 1.661279, -0.007251,
196.707680, 1.674976, 1.679810, 0.004834,
196.718010, 1.668530, 1.670142, 0.001611,
196.728445, 1.668530, 1.650806, -0.017725,
196.739012, 1.666919, 1.668530, 0.001611,
196.749358, 1.677393, 1.666113, -0.011279,
196.760130, 1.662891, 1.666919, 0.004028,
196.770480, 1.676587, 1.658862, -0.017725,
196.781119, 1.670142, 1.647583, -0.022559,
196.791687, 1.672559, 1.670142, -0.002417,
196.802243, 1.674170, 1.679810, 0.005640,
196.812577, 1.665308, 1.641943, -0.023364,
196.823132, 1.672559, 1.676587, 0.004028,
196.833471, 1.669336, 1.654834, -0.014502,
196.844015, 1.664502, 1.662085, -0.002417,
196.854802, 1.664502, 1.643555, -0.020947,
196.865397, 1.664502, 1.660474, -0.004028,
196.875909, 1.658862, 1.660474, 0.001611,
196.886358, 1.665308, 1.669336, 0.004028,
196.896695, 1.661279, 1.657251, -0.004028,
196.907359, 1.662891, 1.664502, 0.001611,
196.917721, 1.665308, 1.660474, -0.004834,
196.928366, 1.670947, 1.649194, -0.021753,
196.939031, 1.662085, 1.666113, 0.004028,
196.949363, 1.668530, 1.672559, 0.004028,
196.959911, 1.669336, 1.670142, 0.000806,
196.970245, 1.666919, 1.683838, 0.016919,
196.980690, 1.670142, 1.654028, -0.016113,
196.991251, 1.658057, 1.648389, -0.009668,
197.001801, 1.666919, 1.668530, 0.001611,
197.012138, 1.658862, 1.650000, -0.008862,
197.022687, 1.664502, 1.674170, 0.009668,
197.033140, 1.669336, 1.662085, -0.007251,
197.043805, 1.668530, 1.664502, -0.004028,
197.054576, 1.666919, 1.662891, -0.004028,
197.065182, 1.658862, 1.658057, -0.000806,
197.075686, 1.666113, 1.679810, 0.013696,
197.086133, 1.658057, 1.664502, 0.006445,
197.096469, 1.668530, 1.648389, -0.020142,
197.107141, 1.670142, 1.633081, -0.037060,
197.117686, 1.662085, 1.654834, -0.007251,
197.124675, 1.678198, 1.670142, -0.008057,
197.135409, 1.682227, 1.666113, -0.016113,
197.145899, 1.677393, 1.674170, -0.003223,
197.156676, 1.674976, 1.699145, 0.024170,
197.167096, 1.674976, 1.664502, -0.010474,
197.177591, 1.674976, 1.664502, -0.010474,
197.188128, 1.679004, 1.656445, -0.022559,
197.198690, 1.674170, 1.670947, -0.003223,
197.209367, 1.677393, 1.668530, -0.008862,
197.219900, 1.674170, 1.653223, -0.020947,
197.230582, 1.666919, 1.658057, -0.008862,
197.241250, 1.676587, 1.658862, -0.017725,
197.251905, 1.674170, 1.658862, -0.015308,
197.262582, 1.678198, 1.650000, -0.028198,
197.273137, 1.678198, 1.670142, -0.008057,
197.283801, 1.674976, 1.660474, -0.014502,
197.294360, 1.673364, 1.670142, -0.003223,
197.305011, 1.670142, 1.672559, 0.002417,
197.315364, 1.670142, 1.669336, -0.000806,
197.325894, 1.676587, 1.668530, -0.008057,
197.336578, 1.674976, 1.682227, 0.007251,
197.346905, 1.676587, 1.673364, -0.003223,
197.357686, 1.665308, 1.656445, -0.008862,
197.368272, 1.673364, 1.647583, -0.025781,
197.378884, 1.673364, 1.668530, -0.004834,
197.389433, 1.676587, 1.687866, 0.011279,
197.399688, 1.672559, 1.686255, 0.013696,
197.410126, 1.670947, 1.681421, 0.010474,
197.420466, 1.678198, 1.662085, -0.016113,
197.431118, 1.670142, 1.674976, 0.004834,
197.441467, 1.674170, 1.668530, -0.005640,
197.452145, 1.664502, 1.664502, 0.000000,
197.462584, 1.662891, 1.662085, -0.000806,
197.473129, 1.654028, 1.670142, 0.016113,
197.483583, 1.662085, 1.669336, 0.007251,
197.493901, 1.664502, 1.637109, -0.027393,
197.504574, 1.669336, 1.660474, -0.008862,
197.515130, 1.662085, 1.649194, -0.012891,
197.525693, 1.668530, 1.633887, -0.034644,
197.536449, 1.662085, 1.662891, 0.000806,
197.546807, 1.664502, 1.657251, -0.007251,
197.557578, 1.662085, 1.676587, 0.014502,
197.567924, 1.666113, 1.674170, 0.008057,
197.578365, 1.666113, 1.665308, -0.000806,
197.588911, 1.669336, 1.666113, -0.003223,
197.599472, 1.668530, 1.683838, 0.015308,
197.609908, 1.665308, 1.662085, -0.003223,
197.620474, 1.670142, 1.656445, -0.013696,
197.631128, 1.662085, 1.660474, -0.001611,
197.641696, 1.664502, 1.689478, 0.024976,
197.652149, 1.670142, 1.666113, -0.004028,
197.662802, 1.658862, 1.660474, 0.001611,
197.673141, 1.670142, 1.668530, -0.001611,
197.683803, 1.666113, 1.633081, -0.033032,
197.694368, 1.669336, 1.658057, -0.011279,
197.705014, 1.666113, 1.658057, -0.008057,
197.715589, 1.665308, 1.660474, -0.004834,
197.726128, 1.662085, 1.662085, 0.000000,
197.736582, 1.664502, 1.662085, -0.002417,
197.747134, 1.669336, 1.650000, -0.019336,
197.757896, 1.669336, 1.677393, 0.008057,
197.768261, 1.677393, 1.664502, -0.012891,
197.778878, 1.674976, 1.653223, -0.021753,
197.789368, 1.673364, 1.669336, -0.004028,
197.799909, 1.677393, 1.670142, -0.007251,
197.810476, 1.670142, 1.666113, -0.004028,
197.821028, 1.673364, 1.664502, -0.008862,
197.831685, 1.677393, 1.683032, 0.005640,
197.842130, 1.677393, 1.669336, -0.008057,
197.852798, 1.676587, 1.649194, -0.027393,
197.863373, 1.676587, 1.670142, -0.006445,
197.873897, 1.678198, 1.673364, -0.004834,
197.884587, 1.677393, 1.653223, -0.024170,
197.895134, 1.673364, 1.672559, -0.000806,
197.905798, 1.670947, 1.641138, -0.029809,
197.916368, 1.674976, 1.654028, -0.020947,
197.926910, 1.672559, 1.668530, -0.004028,
197.937585, 1.670947, 1.660474, -0.010474,
197.948139, 1.677393, 1.664502, -0.012891,
197.958906, 1.677393, 1.662891, -0.014502,
197.969584, 1.676587, 1.677393, 0.000806,
197.980005, 1.669336, 1.670142, 0.000806,
197.990370, 1.674976, 1.664502, -0.010474,
198.000905, 1.673364, 1.666919, -0.006445,
198.011474, 1.672559, 1.670142, -0.002417,
198.022035, 1.670142, 1.674976, 0.004834,
198.032470, 1.670947, 1.641943, -0.029004,
198.043034, 1.673364, 1.668530, -0.004834,
198.053813, 1.664502, 1.670142, 0.005640,
198.064139, 1.670142, 1.658862, -0.011279,
198.074687, 1.677393, 1.670142, -0.007251,
198.085372, 1.665308, 1.662085, -0.003223,
198.095918, 1.670947, 1.657251, -0.013696,
198.106592, 1.666113, 1.676587, 0.010474,
198.116913, 1.662085, 1.656445, -0.005640,
198.127476, 1.656445, 1.662085, 0.005640,
198.137991, 1.662891, 1.666919, 0.004028,
198.148368, 1.660474, 1.665308, 0.004834,
198.158907, 1.662085, 1.653223, -0.008862,
198.169580, 1.662085, 1.653223, -0.008862,
198.180252, 1.665308, 1.640332, -0.024976,
198.190807, 1.666919, 1.656445, -0.010474,
198.201371, 1.668530, 1.650000, -0.018530,
198.212041, 1.665308, 1.658057, -0.007251,
198.222593, 1.662085, 1.666113, 0.004028,
198.233016, 1.656445, 1.658862, 0.002417,
198.243376, 1.661279, 1.658057, -0.003223,
198.254106, 1.672559, 1.641138, -0.031421,
198.264686, 1.665308, 1.637915, -0.027393,
198.275260, 1.662085, 1.661279, -0.000806,
198.285909, 1.666113, 1.650806, -0.015308,
198.296482, 1.670142, 1.658862, -0.011279,
198.307144, 1.670142, 1.670142, 0.000000,
198.317374, 1.664502, 1.653223, -0.011279,
198.327909, 1.668530, 1.662891, -0.005640,
198.338595, 1.666113, 1.668530, 0.002417,
198.348921, 1.670947, 1.666113, -0.004834,
198.359715, 1.666113, 1.668530, 0.002417,
198.370078, 1.669336, 1.654834, -0.014502,
198.380695, 1.666113, 1.636304, -0.029810,
198.391257, 1.666113, 1.670142, 0.004028,
198.401596, 1.669336, 1.656445, -0.012891,
198.412253, 1.682227, 1.669336, -0.012891,
198.422809, 1.679004, 1.686255, 0.007251,
198.433259, 1.672559, 1.666113, -0.006445,
198.443915, 1.674170, 1.672559, -0.001611,
198.454689, 1.673364, 1.676587, 0.003223,
198.465078, 1.678198, 1.664502, -0.013696,
198.475596, 1.673364, 1.660474, -0.012891,
198.486226, 1.666919, 1.660474, -0.006445,
198.496805, 1.676587, 1.678198, 0.001611,
198.507229, 1.670142, 1.682227, 0.012085,
198.517473, 1.677393, 1.670142, -0.007251,
198.528101, 1.672559, 1.669336, -0.003223,
198.538696, 1.674170, 1.665308, -0.008862,
198.549261, 1.676587, 1.685449, 0.008862,
198.559823, 1.674976, 1.674976, 0.000000,
198.570141, 1.674170, 1.662085, -0.012085,
198.580812, 1.677393, 1.661279, -0.016113,
198.591380, 1.677393, 1.674170, -0.003223,
198.601939, 1.672559, 1.676587, 0.004028,
198.612374, 1.678198, 1.674976, -0.003223,
198.622933, 1.677393, 1.699145, 0.021753,
198.633378, 1.670142, 1.670947, 0.000806,
198.643801, 1.674170, 1.637109, -0.037060,
198.654570, 1.676587, 1.664502, -0.012085,
198.665181, 1.674976, 1.679004, 0.004028,
198.675468, 1.668530, 1.670142, 0.001611,
198.685810, 1.670142, 1.653223, -0.016919,
198.696376, 1.673364, 1.656445, -0.016919,
198.707016, 1.672559, 1.674170, 0.001611,
198.717373, 1.674170, 1.662891, -0.011279,
198.727904, 1.654028, 1.664502, 0.010474,
198.738370, 1.665308, 1.658862, -0.006445,
198.748906, 1.664502, 1.664502, 0.000000,
198.759375, 1.661279, 1.678198, 0.016919,
198.769735, 1.661279, 1.666113, 0.004834,
198.780143, 1.658862, 1.665308, 0.006445,
198.790475, 1.664502, 1.670947, 0.006445,
198.800807, 1.670142, 1.662891, -0.007251,
198.811364, 1.662085, 1.669336, 0.007251,
198.821688, 1.666113, 1.664502, -0.001611,
198.832368, 1.665308, 1.650000, -0.015308,
198.842929, 1.666113, 1.665308, -0.000806,
198.853665, 1.656445, 1.664502, 0.008057,
198.864039, 1.664502, 1.644360, -0.020142,
198.874602, 1.662085, 1.658057, -0.004028,
198.885273, 1.662085, 1.657251, -0.004834,
198.895804, 1.660474, 1.656445, -0.004028,
198.906473, 1.670142, 1.664502, -0.005640,
198.917036, 1.664502, 1.654834, -0.009668,
198.927587, 1.665308, 1.657251, -0.008057,
198.938261, 1.668530, 1.653223, -0.015308,
198.948806, 1.662085, 1.653223, -0.008862,
198.959903, 1.668530, 1.674976, 0.006445,
198.970257, 1.672559, 1.662891, -0.009668,
198.980910, 1.668530, 1.654834, -0.013696,
198.991473, 1.662085, 1.670142, 0.008057,
199.001809, 1.668530, 1.668530, 0.000000,
199.012132, 1.670142, 1.656445, -0.013696,
199.022691, 1.665308, 1.670142, 0.004834,
199.033129, 1.657251, 1.662085, 0.004834,
199.043473, 1.668530, 1.664502, -0.004028,
199.054254, 1.679004, 1.670947, -0.008057,
199.064806, 1.674170, 1.637109, -0.037060,
199.075373, 1.669336, 1.677393, 0.008057,
199.085800, 1.677393, 1.674170, -0.003223,
199.096370, 1.673364, 1.654834, -0.018530,
199.107013, 1.666113, 1.679004, 0.012891,
199.117372, 1.674976, 1.661279, -0.013696,
199.127909, 1.674976, 1.640332, -0.034644,
199.138663, 1.669336, 1.669336, 0.000000,
199.148918, 1.674976, 1.665308, -0.009668,
199.159692, 1.676587, 1.678198, 0.001611,
199.170044, 1.676587, 1.661279, -0.015308,
199.180680, 1.678198, 1.662891, -0.015308,
199.191261, 1.676587, 1.670142, -0.006445,
199.201810, 1.674976, 1.674170, -0.000806,
199.212383, 1.677393, 1.637915, -0.039478,
199.222902, 1.674976, 1.673364, -0.001611,
199.233557, 1.672559, 1.661279, -0.011279,
199.244140, 1.673364, 1.683032, 0.009668,
199.254702, 1.679004, 1.666919, -0.012085,
199.265314, 1.673364, 1.677393, 0.004028,
199.275588, 1.670142, 1.669336, -0.000806,
199.286145, 1.678198, 1.665308, -0.012891,
199.296693, 1.674976, 1.658862, -0.016113,
199.307370, 1.670142, 1.683032, 0.012891,
199.317693, 1.673364, 1.654834, -0.018530,
199.328377, 1.677393, 1.650000, -0.027393,
199.339040, 1.678198, 1.664502, -0.013696,
199.349596, 1.666919, 1.670947, 0.004028,
199.360045, 1.672559, 1.676587, 0.004028,
199.370460, 1.662085, 1.669336, 0.007251,
199.380912, 1.662891, 1.662085, -0.000806,
199.391477, 1.657251, 1.677393, 0.020142,
199.401807, 1.662085, 1.665308, 0.003223,
199.412159, 1.662891, 1.654028, -0.008862,
199.422687, 1.662085, 1.669336, 0.007251,
199.433137, 1.662085, 1.673364, 0.011279,
199.443591, 1.666919, 1.662085, -0.004834,
199.454366, 1.658862, 1.652417, -0.006445,
199.464900, 1.666113, 1.654834, -0.011279,
199.475499, 1.660474, 1.662891, 0.002417,
199.485912, 1.666919, 1.670142, 0.003223,
199.496260, 1.666113, 1.660474, -0.005640,
199.506913, 1.666919, 1.662085, -0.004834,
199.517476, 1.658057, 1.657251, -0.000806,
199.528108, 1.670947, 1.661279, -0.009668,
199.538717, 1.662891, 1.654834, -0.008057,
199.549261, 1.662085, 1.662085, 0.000000,
199.559806, 1.668530, 1.654028, -0.014502,
199.570443, 1.668530, 1.673364, 0.004834,
199.580804, 1.670142, 1.661279, -0.008862,
199.591380, 1.662085, 1.645166, -0.016919,
199.601909, 1.668530, 1.654834, -0.013696,
199.612485, 1.670142, 1.658057, -0.012085,
199.623040, 1.666113, 1.670142, 0.004028,
199.633476, 1.662085, 1.665308, 0.003223,
199.643815, 1.668530, 1.666113, -0.002417,
199.654577, 1.670142, 1.662085, -0.008057,
199.665182, 1.656445, 1.672559, 0.016113,
199.675473, 1.668530, 1.670142, 0.001611,
199.685907, 1.677393, 1.662891, -0.014502,
199.696475, 1.677393, 1.666919, -0.010474,
199.707143, 1.676587, 1.690283, 0.013696,
199.717475, 1.674170, 1.683838, 0.009668,
199.727817, 1.669336, 1.662891, -0.006445,
199.738488, 1.679810, 1.670947, -0.008862,
199.749038, 1.678198, 1.665308, -0.012891,
199.759812, 1.677393, 1.666919, -0.010474,
199.770384, 1.673364, 1.645166, -0.028198,
199.781038, 1.672559, 1.662891, -0.009668,
199.791599, 1.677393, 1.683838, 0.006445,
199.801947, 1.666113, 1.654834, -0.011279,
199.812597, 1.670947, 1.665308, -0.005640,
199.823148, 1.672559, 1.677393, 0.004834,
199.833599, 1.677393, 1.668530, -0.008862,
199.844139, 1.672559, 1.644360, -0.028198,
199.854910, 1.670947, 1.673364, 0.002417,
199.865314, 1.672559, 1.670142, -0.002417,
199.875903, 1.674976, 1.665308, -0.009668,
199.886480, 1.674170, 1.662891, -0.011279,
199.897039, 1.677393, 1.677393, 0.000000,
199.907371, 1.673364, 1.679810, 0.006445,
199.917693, 1.666919, 1.668530, 0.001611,
199.928102, 1.666113, 1.670142, 0.004028,
199.938478, 1.677393, 1.670142, -0.007251,
199.949053, 1.672559, 1.662891, -0.009668,
199.959817, 1.673364, 1.677393, 0.004028,
199.970242, 1.677393, 1.674170, -0.003223,
199.980907, 1.664502, 1.676587, 0.012085,
199.991259, 1.677393, 1.679810, 0.002417,
200.001588, 1.676587, 1.660474, -0.016113,
200.012149, 1.672559, 1.662085, -0.010474,
200.022698, 1.664502, 1.645166, -0.019336,
200.033378, 1.658862, 1.664502, 0.005640,
200.043810, 1.665308, 1.660474, -0.004834,
200.054582, 1.670947, 1.669336, -0.001611,
200.065196, 1.654834, 1.650806, -0.004028,
200.075705, 1.658057, 1.679004, 0.020947,
200.086141, 1.665308, 1.656445, -0.008862,
200.096689, 1.664502, 1.664502, 0.000000,
200.107038, 1.654028, 1.691895, 0.037866,
200.117369, 1.666113, 1.666113, 0.000000,
200.127594, 1.666919, 1.654834, -0.012085,
200.138373, 1.662085, 1.665308, 0.003223,
200.148695, 1.658057, 1.664502, 0.006445,
200.159254, 1.662891, 1.653223, -0.009668,
200.169817, 1.664502, 1.654834, -0.009668,
200.180474, 1.669336, 1.662085, -0.007251,
200.191043, 1.666919, 1.673364, 0.006445,
200.201380, 1.666113, 1.657251, -0.008862,
200.211909, 1.666113, 1.654834, -0.011279,
200.222472, 1.670142, 1.654028, -0.016113,
200.233037, 1.657251, 1.658862, 0.001611,
200.243372, 1.666919, 1.670142, 0.003223,
200.253886, 1.658862, 1.661279, 0.002417,
200.264279, 1.666919, 1.658862, -0.008057,
200.274812, 1.668530, 1.689478, 0.020947,
200.285250, 1.662891, 1.662891, 0.000000,
200.295476, 1.668530, 1.658057, -0.010474,
200.306115, 1.672559, 1.664502, -0.008057,
200.316597, 1.668530, 1.656445, -0.012085,
200.327174, 1.683032, 1.673364, -0.009668,
200.337916, 1.678198, 1.689478, 0.011279,
200.348262, 1.677393, 1.657251, -0.020142,
200.359041, 1.677393, 1.669336, -0.008057,
200.369600, 1.678198, 1.662891, -0.015308,
200.380259, 1.678198, 1.664502, -0.013696,
200.390842, 1.677393, 1.683032, 0.005640,
200.401150, 1.677393, 1.683032, 0.005640,
200.411591, 1.677393, 1.662085, -0.015308,
200.422124, 1.674170, 1.669336, -0.004834,
200.432701, 1.676587, 1.677393, 0.000806,
200.443040, 1.674170, 1.670142, -0.004028,
200.453816, 1.673364, 1.662085, -0.011279,
200.464371, 1.670142, 1.658862, -0.011279,
200.474916, 1.676587, 1.640332, -0.036255,
200.485529, 1.673364, 1.668530, -0.004834,
200.496041, 1.679004, 1.658862, -0.020142,
200.506694, 1.676587, 1.689478, 0.012891,
200.517044, 1.677393, 1.662085, -0.015308,
200.527594, 1.674170, 1.665308, -0.008862,
200.538258, 1.679004, 1.664502, -0.014502,
200.548816, 1.673364, 1.666919, -0.006445,
200.559595, 1.673364, 1.662891, -0.010474,
200.570225, 1.677393, 1.666113, -0.011279,
200.580915, 1.677393, 1.662085, -0.015308,
200.591484, 1.670142, 1.673364, 0.003223,
200.601812, 1.670142, 1.676587, 0.006445,
200.612158, 1.674170, 1.679810, 0.005640,
200.622481, 1.672559, 1.669336, -0.003223,
200.633141, 1.668530, 1.676587, 0.008057,
200.643496, 1.674170, 1.677393, 0.003223,
200.654040, 1.664502, 1.654834, -0.009668,
200.664601, 1.664502, 1.654834, -0.009668,
200.675150, 1.672559, 1.677393, 0.004834,
200.685594, 1.664502, 1.666919, 0.002417,
200.695918, 1.664502, 1.654834, -0.009668,
200.706598, 1.661279, 1.660474, -0.000806,
200.717151, 1.669336, 1.669336, 0.000000,
200.727483, 1.664502, 1.641943, -0.022559,
200.738156, 1.665308, 1.640332, -0.024976,
200.748707, 1.664502, 1.670142, 0.005640,
200.759259, 1.666919, 1.645972, -0.020947,
200.769886, 1.670142, 1.650806, -0.019336,
200.780477, 1.660474, 1.665308, 0.004834,
200.790812, 1.664502, 1.679004, 0.014502,
200.801137, 1.666113, 1.668530, 0.002417,
200.811490, 1.664502, 1.662085, -0.002417,
200.822042, 1.658862, 1.668530, 0.009668,
200.832464, 1.666919, 1.636304, -0.030615,
200.843052, 1.668530, 1.658862, -0.009668,
200.853812, 1.666919, 1.662085, -0.004834,
200.864386, 1.670142, 1.665308, -0.004834,
200.874922, 1.670947, 1.670142, -0.000806,
200.885599, 1.666113, 1.654834, -0.011279,
200.896160, 1.666113, 1.653223, -0.012891,
200.906817, 1.669336, 1.672559, 0.003223,
200.917145, 1.669336, 1.670947, 0.001611,
200.927489, 1.666919, 1.679004, 0.012085,
200.937928, 1.657251, 1.661279, 0.004028,
200.948269, 1.672559, 1.656445, -0.016113,
200.959037, 1.665308, 1.668530, 0.003223,
200.969388, 1.674170, 1.666113, -0.008057,
200.980041, 1.682227, 1.660474, -0.021753,
200.990594, 1.676587, 1.678198, 0.001611,
201.000918, 1.678198, 1.648389, -0.029810,
201.011598, 1.674976, 1.669336, -0.005640,
201.022165, 1.670142, 1.669336, -0.000806,
201.032817, 1.670947, 1.662085, -0.008862,
201.043381, 1.674170, 1.664502, -0.009668,
201.054123, 1.674170, 1.665308, -0.008862,
201.064641, 1.674976, 1.645972, -0.029004,
201.075145, 1.674170, 1.673364, -0.000806,
201.085818, 1.674170, 1.657251, -0.016919,
201.096375, 1.666919, 1.668530, 0.001611,
201.106811, 1.670142, 1.676587, 0.006445,
201.117156, 1.670142, 1.664502, -0.005640,
201.127709, 1.673364, 1.658862, -0.014502,
201.138486, 1.673364, 1.654834, -0.018530,
201.149052, 1.678198, 1.666113, -0.012085,
201.159817, 1.672559, 1.660474, -0.012085,
201.170413, 1.674170, 1.665308, -0.008862,
201.181034, 1.664502, 1.666113, 0.001611,
201.191375, 1.673364, 1.674170, 0.000806,
201.201701, 1.672559, 1.674976, 0.002417,
201.212041, 1.677393, 1.662085, -0.015308,
201.222599, 1.676587, 1.670142, -0.006445,
201.233262, 1.672559, 1.653223, -0.019336,
201.243962, 1.678198, 1.674976, -0.003223,
201.254702, 1.670947, 1.660474, -0.010474,
201.265321, 1.673364, 1.658862, -0.014502,
201.275824, 1.673364, 1.669336, -0.004028,
201.286479, 1.662891, 1.669336, 0.006445,
201.296816, 1.662891, 1.662891, 0.000000,
201.307154, 1.665308, 1.657251, -0.008057,
201.317706, 1.664502, 1.662085, -0.002417,
201.328380, 1.662085, 1.650806, -0.011279,
201.339050, 1.662085, 1.660474, -0.001611,
201.349599, 1.664502, 1.662085, -0.002417,
201.360261, 1.662085, 1.664502, 0.002417,
201.370620, 1.668530, 1.674976, 0.006445,
201.381054, 1.664502, 1.647583, -0.016919,
201.391598, 1.658862, 1.647583, -0.011279,
201.402168, 1.669336, 1.678198, 0.008862,
201.412622, 1.664502, 1.654834, -0.009668,
201.423156, 1.665308, 1.665308, 0.000000,
201.433489, 1.666919, 1.658862, -0.008057,
201.444042, 1.656445, 1.654834, -0.001611,
201.454370, 1.666919, 1.640332, -0.026587,
201.464970, 1.669336, 1.653223, -0.016113,
201.475486, 1.665308, 1.670947, 0.005640,
201.485857, 1.668530, 1.676587, 0.008057,
201.496151, 1.665308, 1.657251, -0.008057,
201.506826, 1.672559, 1.650000, -0.022559,
201.517384, 1.664502, 1.674170, 0.009668,
201.527710, 1.658862, 1.666919, 0.008057,
201.538154, 1.662085, 1.662891, 0.000806,
201.548490, 1.665308, 1.647583, -0.017725,
201.559277, 1.666113, 1.670142, 0.004028,
201.569666, 1.669336, 1.681421, 0.012085,
201.580157, 1.670947, 1.664502, -0.006445,
201.590704, 1.669336, 1.662891, -0.006445,
201.601271, 1.670142, 1.660474, -0.009668,
201.611925, 1.682227, 1.668530, -0.013696,
201.622496, 1.673364, 1.670142, -0.003223,
201.633117, 1.676587, 1.669336, -0.007251,
201.643717, 1.678198, 1.662085, -0.016113,
201.654494, 1.673364, 1.683032, 0.009668,
201.664819, 1.677393, 1.660474, -0.016919,
201.675383, 1.678198, 1.670142, -0.008057,
201.685922, 1.679004, 1.666113, -0.012891,
201.696495, 1.673364, 1.657251, -0.016113,
201.707150, 1.670142, 1.674976, 0.004834,
201.717495, 1.674976, 1.662891, -0.012085,
201.728128, 1.677393, 1.662085, -0.015308,
201.738706, 1.673364, 1.670947, -0.002417,
201.749269, 1.677393, 1.665308, -0.012085,
201.760039, 1.673364, 1.679810, 0.006445,
201.770472, 1.669336, 1.682227, 0.012891,
201.780820, 1.674976, 1.662085, -0.012891,
201.791385, 1.672559, 1.653223, -0.019336,
201.801928, 1.674976, 1.677393, 0.002417,
201.812278, 1.673364, 1.656445, -0.016919,
201.822824, 1.670947, 1.662891, -0.008057,
201.833517, 1.676587, 1.662891, -0.013696,
201.844050, 1.674976, 1.640332, -0.034644,
201.854807, 1.674976, 1.661279, -0.013696,
201.865410, 1.674976, 1.657251, -0.017725,
201.875929, 1.677393, 1.681421, 0.004028,
201.886381, 1.678198, 1.673364, -0.004834,
201.896921, 1.670947, 1.662891, -0.008057,
201.907597, 1.674170, 1.683838, 0.009668,
201.917920, 1.673364, 1.665308, -0.008057,
201.928465, 1.673364, 1.665308, -0.008057,
201.939045, 1.668530, 1.661279, -0.007251,
201.949602, 1.665308, 1.650000, -0.015308,
201.960266, 1.658862, 1.670947, 0.012085,
201.970712, 1.664502, 1.664502, 0.000000,
201.981094, 1.661279, 1.665308, 0.004028,
201.991383, 1.666113, 1.669336, 0.003223,
202.001707, 1.665308, 1.662891, -0.002417,
202.012271, 1.666113, 1.654834, -0.011279,
202.022820, 1.662891, 1.662891, 0.000000,
202.033154, 1.670947, 1.658862, -0.012085,
202.043818, 1.662891, 1.636304, -0.026587,
202.054583, 1.665308, 1.662891, -0.002417,
202.065180, 1.664502, 1.647583, -0.016919,
202.075711, 1.670142, 1.664502, -0.005640,
202.086385, 1.662085, 1.669336, 0.007251,
202.096731, 1.665308, 1.647583, -0.017725,
202.107380, 1.662085, 1.668530, 0.006445,
202.117705, 1.666919, 1.666919, 0.000000,
202.127924, 1.670142, 1.662085, -0.008057,
202.138645, 1.673364, 1.669336, -0.004028,
202.149152, 1.656445, 1.662085, 0.005640,
202.159624, 1.665308, 1.668530, 0.003223,
202.169936, 1.666919, 1.668530, 0.001611,
202.180383, 1.662891, 1.665308, 0.002417,
202.190706, 1.666919, 1.661279, -0.005640,
202.201271, 1.666113, 1.670142, 0.004028,
202.211602, 1.662891, 1.664502, 0.001611,
202.221826, 1.658057, 1.654028, -0.004028,
202.232488, 1.666113, 1.661279, -0.004834,
202.243055, 1.662085, 1.678198, 0.016113,
202.253606, 1.677393, 1.668530, -0.008862,
202.264163, 1.674170, 1.670142, -0.004028,
202.274710, 1.674976, 1.682227, 0.007251,
202.285067, 1.676587, 1.670142, -0.006445,
202.295604, 1.666113, 1.674170, 0.008057,
202.306057, 1.677393, 1.662085, -0.015308,
202.316607, 1.677393, 1.666113, -0.011279,
202.327161, 1.665308, 1.679810, 0.014502,
202.337696, 1.672559, 1.677393, 0.004834,
202.348047, 1.677393, 1.660474, -0.016919,
202.358834, 1.677393, 1.644360, -0.033032,
202.369421, 1.674976, 1.668530, -0.006445,
202.380047, 1.679004, 1.662085, -0.016919,
202.390613, 1.674170, 1.678198, 0.004028,
202.400923, 1.677393, 1.662891, -0.014502,
202.411500, 1.674170, 1.682227, 0.008057,
202.421822, 1.670947, 1.657251, -0.013696,
202.432489, 1.666919, 1.666919, 0.000000,
202.442829, 1.677393, 1.666919, -0.010474,
202.453604, 1.678198, 1.666113, -0.012085,
202.464163, 1.672559, 1.668530, -0.004028,
202.474713, 1.672559, 1.677393, 0.004834,
202.485156, 1.670947, 1.665308, -0.005640,
202.491695, 1.665308, 1.670142, 0.004834,
202.502275, 1.672559, 1.670142, -0.002417,
202.512916, 1.677393, 1.670947, -0.006445,
202.523386, 1.674170, 1.669336, -0.004834,
202.533950, 1.672559, 1.666113, -0.006445,
202.544488, 1.674170, 1.677393, 0.003223,
202.555060, 1.666113, 1.668530, 0.002417,
202.565418, 1.658862, 1.649194, -0.009668,
202.575922, 1.664502, 1.669336, 0.004834,
202.586395, 1.666113, 1.637109, -0.029004,
202.596935, 1.656445, 1.681421, 0.024976,
202.607387, 1.666113, 1.678198, 0.012085,
202.617714, 1.660474, 1.653223, -0.007251,
202.628382, 1.666919, 1.664502, -0.002417,
202.639053, 1.662085, 1.635498, -0.026587,
202.649604, 1.658862, 1.662085, 0.003223,
202.660047, 1.662891, 1.674170, 0.011279,
202.670393, 1.662891, 1.677393, 0.014502,
202.680824, 1.664502, 1.665308, 0.000806,
202.691155, 1.670947, 1.669336, -0.001611,
202.701717, 1.658862, 1.650806, -0.008057,
202.712277, 1.670142, 1.650000, -0.020142,
202.722826, 1.666919, 1.660474, -0.006445,
202.733497, 1.669336, 1.660474, -0.008862,
202.744057, 1.662085, 1.644360, -0.017725,
202.754811, 1.669336, 1.658057, -0.011279,
202.765417, 1.674170, 1.654834, -0.019336,
202.775931, 1.666113, 1.670947, 0.004834,
202.786387, 1.666113, 1.658862, -0.007251,
202.796926, 1.666919, 1.665308, -0.001611,
202.807602, 1.666113, 1.677393, 0.011279,
202.817893, 1.662891, 1.670142, 0.007251,
202.828246, 1.665308, 1.654834, -0.010474,
202.838926, 1.665308, 1.661279, -0.004028,
202.849495, 1.665308, 1.661279, -0.004028,
202.860159, 1.669336, 1.658862, -0.010474,
202.870715, 1.669336, 1.631470, -0.037866,
202.881390, 1.658862, 1.660474, 0.001611,
202.891713, 1.666919, 1.691895, 0.024976,
202.902049, 1.670947, 1.666919, -0.004028,
202.912613, 1.674170, 1.662891, -0.011279,
202.923154, 1.664502, 1.681421, 0.016919,
202.933601, 1.674976, 1.660474, -0.014502,
202.944159, 1.666919, 1.670142, 0.003223,
202.954712, 1.679004, 1.670142, -0.008862,
202.965311, 1.670947, 1.658862, -0.012085,
202.975817, 1.677393, 1.681421, 0.004028,
202.986157, 1.672559, 1.670142, -0.002417,
202.996711, 1.674976, 1.650806, -0.024170,
203.007388, 1.677393, 1.673364, -0.004028,
203.017929, 1.677393, 1.662891, -0.014502,
203.028607, 1.678198, 1.666113, -0.012085,
203.039275, 1.678198, 1.665308, -0.012891,
203.049833, 1.670142, 1.641138, -0.029004,
203.060503, 1.674976, 1.662891, -0.012085,
203.071050, 1.678198, 1.673364, -0.004834,
203.081703, 1.672559, 1.661279, -0.011279,
203.092278, 1.670947, 1.673364, 0.002417,
203.102610, 1.672559, 1.683838, 0.011279,
203.112931, 1.674170, 1.668530, -0.005640,
203.123502, 1.665308, 1.672559, 0.007251,
203.132234, 1.672559, 1.654834, -0.017725,
203.142935, 1.670947, 1.666113, -0.004834,
203.153686, 1.674976, 1.662891, -0.012085,
203.164291, 1.676587, 1.665308, -0.011279,
203.174834, 1.670142, 1.678198, 0.008057,
203.185276, 1.681421, 1.645972, -0.035449,
203.195827, 1.673364, 1.670142, -0.003223,
203.206492, 1.662085, 1.657251, -0.004834,
203.217053, 1.665308, 1.668530, 0.003223,
203.227400, 1.654834, 1.664502, 0.009668,
203.237825, 1.665308, 1.662085, -0.003223,
203.248395, 1.668530, 1.666113, -0.002417,
203.259158, 1.666919, 1.666113, -0.000806,
203.269797, 1.662891, 1.676587, 0.013696,
203.280171, 1.662085, 1.666113, 0.004028,
203.290495, 1.665308, 1.669336, 0.004028,
203.300821, 1.660474, 1.661279, 0.000806,
203.311154, 1.662085, 1.658057, -0.004028,
203.321711, 1.662891, 1.661279, -0.001611,
203.332391, 1.664502, 1.657251, -0.007251,
203.343057, 1.670142, 1.666113, -0.004028,
203.353828, 1.666919, 1.632275, -0.034644,
203.364400, 1.666113, 1.648389, -0.017725,
203.374928, 1.664502, 1.686255, 0.021753,
203.385389, 1.669336, 1.661279, -0.008057,
203.395926, 1.669336, 1.653223, -0.016113,
203.406614, 1.662891, 1.658862, -0.004028,
203.417167, 1.662085, 1.658057, -0.004028,
203.427719, 1.662085, 1.658057, -0.004028,
203.438399, 1.669336, 1.665308, -0.004028,
203.448927, 1.668530, 1.656445, -0.012085,
203.459719, 1.658057, 1.633887, -0.024170,
203.470394, 1.672559, 1.672559, 0.000000,
203.480722, 1.670142, 1.654834, -0.015308,
203.491281, 1.670142, 1.683032, 0.012891,
203.501614, 1.665308, 1.674976, 0.009668,
203.511938, 1.662891, 1.662891, 0.000000,
203.522164, 1.666113, 1.670142, 0.004028,
203.532607, 1.679004, 1.662085, -0.016919,
203.543282, 1.676587, 1.682227, 0.005640,
203.553825, 1.677393, 1.661279, -0.016113,
203.564392, 1.670947, 1.647583, -0.023364,
203.574933, 1.677393, 1.679004, 0.001611,
203.585388, 1.676587, 1.650000, -0.026587,
203.595938, 1.676587, 1.660474, -0.016113,
203.606612, 1.677393, 1.662891, -0.014502,
203.617160, 1.674170, 1.670142, -0.004028,
203.627716, 1.678198, 1.678198, 0.000000,
203.638156, 1.670142, 1.689478, 0.019336,
203.648488, 1.674976, 1.665308, -0.009668,
203.659279, 1.676587, 1.666919, -0.009668,
203.669915, 1.677393, 1.672559, -0.004834,
203.680611, 1.678198, 1.654834, -0.023364,
203.691167, 1.670142, 1.650806, -0.019336,
203.701715, 1.670142, 1.668530, -0.001611,
203.712281, 1.678198, 1.670142, -0.008057,
203.722833, 1.677393, 1.666113, -0.011279,
203.733532, 1.673364, 1.670142, -0.003223,
203.744057, 1.673364, 1.670142, -0.003223,
203.754817, 1.666919, 1.681421, 0.014502,
203.765197, 1.672559, 1.654834, -0.017725,
203.775712, 1.668530, 1.677393, 0.008862,
203.786156, 1.674976, 1.670142, -0.004834,
203.796721, 1.677393, 1.666919, -0.010474,
203.807387, 1.674170, 1.679004, 0.004834,
203.817708, 1.670142, 1.645972, -0.024170,
203.828389, 1.662085, 1.673364, 0.011279,
203.838831, 1.669336, 1.668530, -0.000806,
203.849394, 1.674170, 1.661279, -0.012891,
203.860168, 1.664502, 1.666919, 0.002417,
203.870612, 1.666919, 1.662085, -0.004834,
203.881281, 1.662085, 1.664502, 0.002417,
203.891616, 1.666919, 1.679004, 0.012085,
203.901931, 1.658862, 1.677393, 0.018530,
203.912274, 1.673364, 1.670142, -0.003223,
203.922831, 1.661279, 1.645166, -0.016113,
203.933497, 1.664502, 1.677393, 0.012891,
203.943828, 1.662085, 1.674170, 0.012085,
203.954375, 1.657251, 1.660474, 0.003223,
203.964716, 1.670142, 1.668530, -0.001611,
203.975271, 1.665308, 1.676587, 0.011279,
203.985707, 1.664502, 1.679004, 0.014502,
203.996064, 1.665308, 1.658057, -0.007251,
204.006710, 1.669336, 1.662085, -0.007251,
204.017277, 1.665308, 1.661279, -0.004028,
204.027827, 1.666919, 1.648389, -0.018530,
204.038494, 1.664502, 1.653223, -0.011279,
204.049057, 1.666113, 1.654834, -0.011279,
204.059826, 1.670142, 1.668530, -0.001611,
204.070485, 1.672559, 1.665308, -0.007251,
204.081131, 1.670142, 1.661279, -0.008862,
204.091613, 1.662085, 1.654834, -0.007251,
204.102164, 1.670142, 1.662085, -0.008057,
204.112727, 1.662085, 1.654028, -0.008057,
204.123289, 1.666919, 1.670142, 0.003223,
204.133714, 1.665308, 1.669336, 0.004028,
204.144160, 1.669336, 1.658862, -0.010474,
204.154924, 1.669336, 1.665308, -0.004028,
204.165551, 1.674170, 1.668530, -0.005640,
204.176067, 1.674170, 1.673364, -0.000806,
204.186710, 1.677393, 1.672559, -0.004834,
204.197276, 1.672559, 1.677393, 0.004834,
204.207711, 1.677393, 1.672559, -0.004834,
204.218281, 1.674976, 1.679004, 0.004028,
204.228681, 1.679004, 1.678198, -0.000806,
204.239288, 1.673364, 1.666919, -0.006445,
204.249839, 1.674976, 1.662891, -0.012085,
204.260504, 1.678198, 1.673364, -0.004834,
204.271062, 1.677393, 1.666919, -0.010474,
204.281716, 1.674976, 1.662085, -0.012891,
204.292280, 1.673364, 1.670142, -0.003223,
204.302837, 1.673364, 1.670947, -0.002417,
204.313400, 1.666919, 1.673364, 0.006445,
204.323746, 1.670142, 1.670142, 0.000000,
204.334245, 1.669336, 1.662891, -0.006445,
204.344719, 1.673364, 1.670947, -0.002417,
204.355490, 1.668530, 1.665308, -0.003223,
204.366095, 1.678198, 1.660474, -0.017725,
204.376608, 1.672559, 1.670142, -0.002417,
204.387165, 1.676587, 1.662891, -0.013696,
204.397725, 1.670142, 1.669336, -0.000806,
204.408390, 1.674170, 1.668530, -0.005640,
204.418936, 1.677393, 1.677393, 0.000000,
204.429291, 1.677393, 1.691895, 0.014502,
204.439720, 1.670947, 1.669336, -0.001611,
204.450359, 1.665308, 1.641943, -0.023364,
204.461061, 1.670142, 1.666113, -0.004028,
204.471622, 1.677393, 1.658057, -0.019336,
204.482288, 1.677393, 1.653223, -0.024170,
204.492838, 1.665308, 1.669336, 0.004028,
204.503256, 1.665308, 1.670142, 0.004834,
204.513587, 1.664502, 1.641943, -0.022559,
204.524058, 1.662891, 1.664502, 0.001611,
204.534472, 1.666919, 1.652417, -0.014502,
204.544946, 1.661279, 1.664502, 0.003223,
204.555501, 1.664502, 1.654028, -0.010474,
204.566089, 1.666113, 1.652417, -0.013696,
204.576625, 1.666919, 1.666113, -0.000806,
204.587300, 1.662085, 1.666113, 0.004028,
204.597614, 1.657251, 1.654834, -0.002417,
204.608286, 1.669336, 1.682227, 0.012891,
204.618622, 1.665308, 1.665308, 0.000000,
204.629059, 1.666919, 1.669336, 0.002417,
204.639502, 1.669336, 1.654028, -0.015308,
204.650066, 1.668530, 1.668530, 0.000000,
204.660498, 1.668530, 1.672559, 0.004028,
204.670856, 1.668530, 1.650000, -0.018530,
204.681504, 1.666113, 1.660474, -0.005640,
204.692069, 1.664502, 1.665308, 0.000806,
204.702402, 1.668530, 1.656445, -0.012085,
204.712936, 1.662891, 1.649194, -0.013696,
204.723497, 1.668530, 1.666113, -0.002417,
204.734238, 1.670947, 1.665308, -0.005640,
204.744837, 1.672559, 1.665308, -0.007251,
204.755615, 1.666113, 1.674170, 0.008057,
204.765975, 1.666919, 1.650000, -0.016919,
204.776503, 1.668530, 1.665308, -0.003223,
204.787058, 1.666113, 1.654834, -0.011279,
204.797618, 1.668530, 1.657251, -0.011279,
204.808290, 1.677393, 1.676587, -0.000806,
204.818835, 1.670142, 1.654028, -0.016113,
204.829505, 1.674976, 1.670947, -0.004028,
204.840169, 1.673364, 1.670142, -0.003223,
204.850715, 1.679004, 1.670947, -0.008057,
204.861394, 1.674976, 1.666919, -0.008057,
204.871949, 1.669336, 1.666113, -0.003223,
204.882611, 1.670142, 1.656445, -0.013696,
204.893168, 1.674170, 1.670142, -0.004028,
204.903830, 1.676587, 1.670142, -0.006445,
204.914417, 1.670947, 1.650000, -0.020947,
204.924937, 1.670142, 1.672559, 0.002417,
204.935513, 1.674170, 1.666919, -0.007251,
204.946061, 1.670142, 1.668530, -0.001611,
204.956826, 1.673364, 1.658862, -0.014502,
204.967416, 1.674976, 1.679810, 0.004834,
204.977722, 1.674170, 1.679810, 0.005640,
204.988085, 1.678198, 1.674976, -0.003223,
204.998617, 1.678198, 1.650000, -0.028198,
205.009280, 1.674976, 1.702368, 0.027393,
205.019614, 1.672559, 1.668530, -0.004028,
205.030269, 1.672559, 1.662085, -0.010474,
205.040923, 1.674170, 1.661279, -0.012891,
205.051609, 1.662891, 1.664502, 0.001611,
205.062061, 1.674170, 1.666919, -0.007251,
205.072609, 1.670142, 1.664502, -0.005640,
205.083173, 1.666113, 1.666113, 0.000000,
205.093502, 1.674976, 1.677393, 0.002417,
205.103913, 1.674170, 1.666113, -0.008057,
205.114403, 1.674976, 1.664502, -0.010474,
205.124950, 1.666919, 1.670142, 0.003223,
205.134898, 1.660474, 1.658862, -0.001611,
205.145401, 1.661279, 1.665308, 0.004028,
205.155925, 1.656445, 1.661279, 0.004834,
205.166306, 1.662085, 1.654834, -0.007251,
205.176845, 1.662891, 1.670947, 0.008057,
205.187222, 1.666113, 1.662085, -0.004028,
205.197728, 1.666113, 1.668530, 0.002417,
205.208157, 1.666113, 1.674170, 0.008057,
205.218497, 1.665308, 1.654834, -0.010474,
205.229134, 1.665308, 1.670142, 0.004834,
205.239499, 1.657251, 1.665308, 0.008057,
205.249836, 1.665308, 1.664502, -0.000806,
205.260620, 1.662085, 1.662891, 0.000806,
205.270930, 1.666919, 1.660474, -0.006445,
205.281614, 1.669336, 1.654834, -0.014502,
205.292170, 1.662085, 1.668530, 0.006445,
205.302502, 1.665308, 1.658057, -0.007251,
205.313066, 1.664502, 1.637109, -0.027393,
205.323614, 1.662085, 1.664502, 0.002417,
205.333943, 1.665308, 1.660474, -0.004834,
205.344498, 1.670142, 1.657251, -0.012891,
205.355250, 1.665308, 1.662085, -0.003223,
205.365850, 1.674976, 1.654834, -0.020142,
205.376399, 1.670142, 1.674976, 0.004834,
205.386712, 1.662891, 1.656445, -0.006445,
205.397284, 1.668530, 1.657251, -0.011279,
205.407931, 1.670947, 1.666919, -0.004028,
205.418500, 1.668530, 1.682227, 0.013696,
205.428898, 1.670142, 1.658862, -0.011279,
205.439548, 1.666113, 1.678198, 0.012085,
205.449832, 1.673364, 1.670947, -0.002417,
205.460510, 1.677393, 1.668530, -0.008862,
205.471082, 1.674170, 1.683032, 0.008862,
205.481498, 1.678198, 1.661279, -0.016919,
205.492065, 1.677393, 1.674170, -0.003223,
205.502651, 1.677393, 1.661279, -0.016113,
205.513174, 1.676587, 1.674170, -0.002417,
205.523719, 1.673364, 1.669336, -0.004028,
205.534475, 1.673364, 1.666113, -0.007251,
205.544939, 1.674976, 1.679004, 0.004028,
205.555499, 1.670142, 1.670142, 0.000000,
205.565865, 1.666113, 1.654834, -0.011279,
205.576402, 1.674170, 1.682227, 0.008057,
205.586725, 1.666113, 1.668530, 0.002417,
205.597063, 1.677393, 1.669336, -0.008057,
205.607704, 1.670947, 1.668530, -0.002417,
205.618289, 1.674170, 1.685449, 0.011279,
205.628703, 1.678198, 1.669336, -0.008862,
205.639403, 1.665308, 1.672559, 0.007251,
205.649724, 1.669336, 1.662085, -0.007251,
205.660496, 1.672559, 1.674170, 0.001611,
205.670852, 1.674170, 1.664502, -0.009668,
205.681501, 1.670142, 1.661279, -0.008862,
205.692066, 1.677393, 1.674976, -0.002417,
205.702610, 1.670142, 1.670947, 0.000806,
205.712939, 1.676587, 1.647583, -0.029004,
205.723505, 1.673364, 1.677393, 0.004028,
205.733932, 1.677393, 1.665308, -0.012085,
205.744502, 1.670142, 1.668530, -0.001611,
205.755280, 1.674976, 1.666919, -0.008057,
205.765889, 1.666113, 1.679004, 0.012891,
205.776164, 1.673364, 1.669336, -0.004028,
205.786835, 1.662085, 1.657251, -0.004834,
205.797398, 1.657251, 1.653223, -0.004028,
205.808063, 1.661279, 1.653223, -0.008057,
205.818625, 1.661279, 1.636304, -0.024976,
205.829290, 1.661279, 1.662085, 0.000806,
205.839717, 1.662085, 1.665308, 0.003223,
205.850061, 1.661279, 1.662085, 0.000806,
205.860500, 1.666919, 1.661279, -0.005640,
205.871103, 1.658057, 1.673364, 0.015308,
205.881501, 1.658057, 1.652417, -0.005640,
205.892070, 1.662085, 1.658862, -0.003223,
205.902612, 1.664502, 1.657251, -0.007251,
205.913172, 1.666113, 1.678198, 0.012085,
205.923501, 1.662085, 1.662085, 0.000000,
205.933835, 1.654834, 1.670947, 0.016113,
205.944173, 1.668530, 1.677393, 0.008862,
205.954716, 1.656445, 1.662085, 0.005640,
205.965098, 1.660474, 1.662085, 0.001611,
205.975398, 1.669336, 1.672559, 0.003223,
205.985717, 1.666919, 1.664502, -0.002417,
205.996280, 1.670142, 1.658057, -0.012085,
206.006936, 1.662085, 1.674170, 0.012085,
206.017286, 1.670142, 1.672559, 0.002417,
206.027636, 1.668530, 1.664502, -0.004028,
206.038286, 1.664502, 1.660474, -0.004028,
206.048842, 1.664502, 1.669336, 0.004834,
206.059408, 1.658862, 1.676587, 0.017725,
206.069744, 1.669336, 1.656445, -0.012891,
206.080400, 1.666113, 1.662085, -0.004028,
206.090906, 1.670947, 1.683032, 0.012085,
206.101174, 1.670947, 1.670947, 0.000000,
206.111501, 1.677393, 1.665308, -0.012085,
206.122062, 1.677393, 1.662891, -0.014502,
206.132618, 1.676587, 1.650000, -0.026587,
206.143288, 1.677393, 1.678198, 0.000806,
206.153839, 1.673364, 1.662085, -0.011279,
206.164397, 1.677393, 1.661279, -0.016113,
206.174939, 1.677393, 1.674170, -0.003223,
206.185620, 1.674976, 1.658862, -0.016113,
206.196170, 1.672559, 1.637109, -0.035449,
206.206836, 1.668530, 1.674976, 0.006445,
206.217168, 1.676587, 1.670947, -0.005640,
206.227724, 1.662085, 1.672559, 0.010474,
206.238167, 1.670947, 1.660474, -0.010474,
206.248721, 1.673364, 1.658862, -0.014502,
206.259505, 1.677393, 1.670142, -0.007251,
206.270066, 1.678198, 1.644360, -0.033838,
206.280708, 1.674170, 1.661279, -0.012891,
206.291295, 1.674170, 1.674976, 0.000806,
206.301626, 1.670947, 1.658862, -0.012085,
206.312284, 1.676587, 1.668530, -0.008057,
206.322845, 1.673364, 1.658057, -0.015308,
206.333500, 1.679004, 1.664502, -0.014502,
206.344062, 1.670947, 1.676587, 0.005640,
206.354627, 1.673364, 1.662085, -0.011279,
206.365198, 1.674170, 1.679810, 0.005640,
206.375504, 1.670142, 1.677393, 0.007251,
206.385845, 1.674976, 1.657251, -0.017725,
206.396401, 1.674170, 1.665308, -0.008862,
206.407054, 1.660474, 1.665308, 0.004834,
206.417404, 1.664502, 1.660474, -0.004028,
206.427945, 1.664502, 1.683838, 0.019336,
206.438409, 1.657251, 1.668530, 0.011279,
206.448725, 1.662085, 1.650000, -0.012085,
206.459508, 1.658057, 1.654834, -0.003223,
206.470071, 1.666113, 1.670142, 0.004028,
206.480494, 1.666919, 1.658862, -0.008057,
206.491071, 1.665308, 1.679004, 0.013696,
206.501404, 1.670142, 1.665308, -0.004834,
206.511938, 1.668530, 1.668530, 0.000000,
206.522170, 1.658057, 1.662085, 0.004028,
206.532620, 1.666919, 1.658057, -0.008862,
206.543283, 1.658862, 1.664502, 0.005640,
206.553834, 1.664502, 1.658057, -0.006445,
206.564403, 1.666919, 1.649194, -0.017725,
206.574939, 1.662891, 1.670142, 0.007251,
206.585402, 1.665308, 1.658862, -0.006445,
206.595938, 1.664502, 1.670947, 0.006445,
206.606388, 1.668530, 1.668530, 0.000000,
206.616645, 1.673364, 1.654834, -0.018530,
206.627176, 1.662891, 1.666113, 0.003223,
206.637622, 1.666113, 1.661279, -0.004834,
206.648173, 1.665308, 1.683838, 0.018530,
206.658729, 1.662085, 1.664502, 0.002417,
206.669089, 1.666113, 1.654834, -0.011279,
206.679720, 1.668530, 1.660474, -0.008057,
206.690288, 1.662085, 1.653223, -0.008862,
206.700841, 1.669336, 1.662085, -0.007251,
206.711402, 1.666919, 1.665308, -0.001611,
206.721940, 1.668530, 1.662891, -0.005640,
206.732507, 1.679004, 1.662085, -0.016919,
206.743066, 1.679810, 1.677393, -0.002417,
206.753840, 1.677393, 1.670947, -0.006445,
206.764410, 1.665308, 1.662085, -0.003223,
206.774937, 1.676587, 1.668530, -0.008057,
206.785617, 1.674976, 1.666919, -0.008057,
206.796086, 1.677393, 1.647583, -0.029810,
206.806721, 1.682227, 1.661279, -0.020947,
206.817291, 1.674976, 1.670947, -0.004028,
206.827840, 1.674170, 1.670947, -0.003223,
206.838508, 1.677393, 1.666113, -0.011279,
206.849069, 1.668530, 1.649194, -0.019336,
206.859838, 1.677393, 1.674976, -0.002417,
206.870407, 1.674170, 1.670142, -0.004028,
206.881084, 1.678198, 1.656445, -0.021753,
206.891625, 1.676587, 1.677393, 0.000806,
206.901940, 1.670947, 1.647583, -0.023364,
206.912505, 1.668530, 1.666113, -0.002417,
206.923071, 1.673364, 1.670947, -0.002417,
206.933721, 1.673364, 1.648389, -0.024976,
206.944340, 1.670142, 1.670142, 0.000000,
206.954832, 1.674976, 1.665308, -0.009668,
206.965420, 1.666919, 1.670142, 0.003223,
206.975720, 1.662891, 1.669336, 0.006445,
206.986065, 1.673364, 1.650000, -0.023364,
206.996626, 1.678198, 1.666919, -0.011279,
207.007285, 1.668530, 1.674170, 0.005640,
207.017628, 1.662891, 1.670142, 0.007251,
207.027938, 1.673364, 1.650806, -0.022559,
207.038626, 1.670947, 1.670142, -0.000806,
207.049163, 1.660474, 1.658057, -0.002417,
207.059838, 1.664502, 1.674170, 0.009668,
207.070193, 1.668530, 1.658862, -0.009668,
207.080842, 1.665308, 1.654834, -0.010474,
207.091410, 1.665308, 1.678198, 0.012891,
207.101720, 1.665308, 1.653223, -0.012085,
207.112290, 1.661279, 1.677393, 0.016113,
207.122627, 1.670142, 1.649194, -0.020947,
207.133284, 1.666919, 1.660474, -0.006445,
207.144060, 1.662891, 1.670142, 0.007251,
207.154587, 1.664502, 1.666113, 0.001611,
207.164940, 1.670142, 1.649194, -0.020947,
207.175510, 1.668530, 1.669336, 0.000806,
207.185835, 1.669336, 1.661279, -0.008057,
207.196292, 1.668530, 1.647583, -0.020947,
207.206969, 1.665308, 1.665308, 0.000000,
207.217293, 1.654834, 1.672559, 0.017725,
207.227622, 1.666919, 1.666113, -0.000806,
207.238283, 1.662891, 1.657251, -0.005640,
207.248848, 1.670142, 1.657251, -0.012891,
207.259624, 1.666113, 1.662085, -0.004028,
207.270194, 1.669336, 1.665308, -0.004028,
207.280839, 1.670142, 1.658057, -0.012085,
207.291408, 1.666919, 1.666113, -0.000806,
207.301947, 1.666919, 1.673364, 0.006445,
207.312290, 1.670142, 1.681421, 0.011279,
207.322633, 1.669336, 1.674976, 0.005640,
207.333069, 1.664502, 1.650000, -0.014502,
207.343722, 1.670142, 1.666113, -0.004028,
207.354507, 1.662085, 1.657251, -0.004834,
207.365104, 1.679004, 1.664502, -0.014502,
207.375624, 1.673364, 1.670142, -0.003223,
207.386172, 1.662891, 1.665308, 0.002417,
207.396506, 1.682227, 1.664502, -0.017725,
207.407181, 1.673364, 1.666919, -0.006445,
207.417723, 1.673364, 1.690283, 0.016919,
207.428147, 1.672559, 1.658862, -0.013696,
207.438841, 1.673364, 1.678198, 0.004834,
207.449173, 1.676587, 1.650000, -0.026587,
207.459947, 1.672559, 1.673364, 0.000806,
207.470407, 1.679004, 1.665308, -0.013696,
207.481069, 1.672559, 1.645166, -0.027393,
207.491632, 1.674976, 1.683838, 0.008862,
207.501942, 1.678198, 1.650806, -0.027393,
207.512514, 1.672559, 1.677393, 0.004834,
207.522844, 1.677393, 1.677393, 0.000000,
207.533177, 1.673364, 1.650806, -0.022559,
207.543618, 1.673364, 1.697534, 0.024170,
207.554145, 1.678198, 1.668530, -0.009668,
207.564722, 1.673364, 1.669336, -0.004028,
207.575290, 1.673364, 1.677393, 0.004028,
207.585725, 1.677393, 1.662891, -0.014502,
207.596294, 1.674976, 1.648389, -0.026587,
207.606940, 1.673364, 1.662085, -0.011279,
207.617505, 1.674170, 1.669336, -0.004834,
207.628108, 1.676587, 1.653223, -0.023364,
207.638726, 1.673364, 1.666919, -0.006445,
207.649289, 1.676587, 1.661279, -0.015308,
207.660070, 1.676587, 1.652417, -0.024170,
207.670726, 1.674170, 1.677393, 0.003223,
207.681070, 1.673364, 1.643555, -0.029810,
207.691632, 1.674170, 1.678198, 0.004028,
207.701944, 1.656445, 1.664502, 0.008057,
207.712294, 1.666919, 1.662085, -0.004834,
207.722848, 1.666113, 1.657251, -0.008862,
207.733517, 1.662891, 1.662085, -0.000806,
207.744069, 1.662085, 1.676587, 0.014502,
207.754595, 1.665308, 1.661279, -0.004028,
207.765136, 1.665308, 1.665308, 0.000000,
207.775406, 1.665308, 1.648389, -0.016919,
207.785961, 1.662085, 1.677393, 0.015308,
207.796306, 1.669336, 1.672559, 0.003223,
207.806716, 1.664502, 1.662891, -0.001611,
207.817176, 1.664502, 1.661279, -0.003223,
207.827719, 1.666113, 1.668530, 0.002417,
207.838179, 1.666919, 1.658862, -0.008057,
207.848720, 1.666919, 1.653223, -0.013696,
207.859506, 1.664502, 1.668530, 0.004028,
207.869840, 1.672559, 1.653223, -0.019336,
207.880500, 1.666113, 1.654028, -0.012085,
207.891069, 1.668530, 1.683838, 0.015308,
207.901411, 1.666919, 1.669336, 0.002417,
207.911725, 1.662891, 1.664502, 0.001611,
207.921945, 1.665308, 1.672559, 0.007251,
207.932313, 1.666919, 1.670947, 0.004028,
207.942738, 1.666919, 1.670947, 0.004028,
207.953259, 1.665308, 1.670142, 0.004834,
207.963540, 1.669336, 1.660474, -0.008862,
207.974080, 1.665308, 1.670142, 0.004834,
207.984519, 1.665308, 1.674976, 0.009668,
207.994865, 1.665308, 1.670142, 0.004834,
208.005293, 1.676587, 1.677393, 0.000806,
208.015630, 1.670142, 1.691895, 0.021753,
208.025961, 1.681421, 1.669336, -0.012085,
208.036729, 1.679004, 1.670142, -0.008862,
208.047295, 1.674976, 1.670142, -0.004834,
208.058075, 1.678198, 1.664502, -0.013696,
208.068637, 1.670947, 1.683838, 0.012891,
208.079084, 1.670142, 1.691895, 0.021753,
208.089412, 1.674170, 1.665308, -0.008862,
208.099948, 1.674170, 1.665308, -0.008862,
208.110531, 1.676587, 1.665308, -0.011279,
208.121082, 1.673364, 1.674976, 0.001611,
208.131509, 1.673364, 1.670142, -0.003223,
208.142181, 1.674976, 1.650806, -0.024170,
208.152844, 1.677393, 1.668530, -0.008862,
208.163411, 1.674170, 1.656445, -0.017725,
208.173942, 1.677393, 1.654834, -0.022559,
208.184635, 1.674170, 1.674170, 0.000000,
208.194863, 1.677393, 1.674170, -0.003223,
208.205509, 1.673364, 1.672559, -0.000806,
208.215952, 1.673364, 1.665308, -0.008057,
208.226515, 1.676587, 1.657251, -0.019336,
208.237186, 1.674170, 1.677393, 0.003223,
208.247523, 1.673364, 1.676587, 0.003223,
208.258079, 1.678198, 1.677393, -0.000806,
208.268639, 1.673364, 1.673364, 0.000000,
208.278976, 1.662891, 1.664502, 0.001611,
208.289299, 1.672559, 1.654028, -0.018530,
208.299852, 1.670142, 1.660474, -0.009668,
208.310513, 1.679004, 1.683032, 0.004028,
208.320754, 1.670142, 1.666919, -0.003223,
208.331418, 1.664502, 1.658862, -0.005640,
208.341956, 1.662085, 1.668530, 0.006445,
208.352410, 1.665308, 1.674976, 0.009668,
208.362728, 1.666919, 1.662085, -0.004834,
208.373298, 1.668530, 1.666919, -0.001611,
