skip,unit_x, time, Vca, Voa, VoVca, Vcn, Von, VoVcn, Tbv, Vbv,
 0,x_unit, 0.000000, 1.662085, 1.315649, -0.346436,   1.661279, 1.635498, -0.025781,   1.690283, 0.050757,
 0,x_unit, 0.026138, 1.662085, 1.380908, -0.281177,   1.661279, 1.632275, -0.029004,   1.693506, 0.053979,
 0,x_unit, 0.052282, 1.658862, 1.363989, -0.294873,   1.662085, 1.633887, -0.028198,   1.690283, 0.053979,
 0,x_unit, 0.078248, 1.654834, 1.334180, -0.320654,   1.658862, 1.615356, -0.043506,   1.691089, 0.051562,
 0,x_unit, 0.104349, 1.654834, 1.428442, -0.226392,   1.657251, 1.596020, -0.061231,   1.691089, 0.051562,
 0,x_unit, 0.130231, 1.662085, 1.322095, -0.339990,   1.658057, 1.640332, -0.017725,   1.693506, 0.047534,
 0,x_unit, 0.156454, 1.649194, 1.448584, -0.200610,   1.645972, 1.627441, -0.018530,   1.689478, 0.037866,
 0,x_unit, 0.182347, 1.645166, 1.322900, -0.322266,   1.645166, 1.619385, -0.025781,   1.685449, 0.036255,
 0,x_unit, 0.208347, 1.643555, 1.419580, -0.223975,   1.647583, 1.619385, -0.028198,   1.689478, 0.039478,
 0,x_unit, 0.234347, 1.647583, 1.338208, -0.309375,   1.649194, 1.624219, -0.024976,   1.682227, 0.037866,
 0,x_unit, 0.260354, 1.649194, 1.351904, -0.297290,   1.647583, 1.608105, -0.039478,   1.686255, 0.039478,
 0,x_unit, 0.286359, 1.649194, 1.378491, -0.270703,   1.648389, 1.635498, -0.012891,   1.683032, 0.037866,
 0,x_unit, 0.312239, 1.650806, 1.310010, -0.340796,   1.647583, 1.628247, -0.019336,   1.686255, 0.036255,
 0,x_unit, 0.343508, 1.650806, 1.378491, -0.272314,   1.647583, 1.619385, -0.028198,   1.687060, 0.036255,
 0,x_unit, 0.400509, 1.648389, 1.329346, -0.319043,   1.650806, 1.629053, -0.021753,   1.685449, 0.035449,
 0,x_unit, 0.457510, 1.654028, 1.425220, -0.228809,   1.649194, 1.608105, -0.041089,   1.687060, 0.040283,
 0,x_unit, 0.514506, 1.662891, 1.317261, -0.345630,   1.661279, 1.596020, -0.065259,   1.691895, 0.053979,
 0,x_unit, 0.571510, 1.662891, 1.454224, -0.208667,   1.662085, 1.654028, -0.008057,   1.690283, 0.051562,
 0,x_unit, 0.628506, 1.662891, 1.318066, -0.344824,   1.658862, 1.620996, -0.037866,   1.693506, 0.052368,
 0,x_unit, 0.685508, 1.654834, 1.355933, -0.298901,   1.661279, 1.636304, -0.024976,   1.686255, 0.050757,
 0,x_unit, 0.742507, 1.658862, 1.367212, -0.291650,   1.657251, 1.612939, -0.044312,   1.695923, 0.054785,
 0,x_unit, 0.799509, 1.645166, 1.344653, -0.300513,   1.640332, 1.623413, -0.016919,   1.683838, 0.038672,
 0,x_unit, 0.856510, 1.645166, 1.455029, -0.190137,   1.649194, 1.620996, -0.028198,   1.686255, 0.037866,
 0,x_unit, 0.913506, 1.648389, 1.292285, -0.356104,   1.649194, 1.640332, -0.008862,   1.685449, 0.035449,
 0,x_unit, 0.970509, 1.650000, 1.383325, -0.266675,   1.649194, 1.619385, -0.029810,   1.682227, 0.037866,
 0,x_unit, 1.027506, 1.652417, 1.300342, -0.352075,   1.650000, 1.647583, -0.002417,   1.683032, 0.040283,
 0,x_unit, 1.083735, 1.650806, 1.328540, -0.322266,   1.653223, 1.633887, -0.019336,   1.683838, 0.036255,
 0,x_unit, 1.139741, 1.662085, 1.450195, -0.211890,   1.660474, 1.650806, -0.009668,   1.687866, 0.047534,
 0,x_unit, 1.195740, 1.662085, 1.322900, -0.339185,   1.656445, 1.650000, -0.006445,   1.695923, 0.050757,
 0,x_unit, 1.229825, 1.660474, 1.319678, -0.340796,   1.662085, 1.627441, -0.034644,   1.691895, 0.054785,
 0,x_unit, 1.255834, 1.654834, 1.434082, -0.220752,   1.658057, 1.633887, -0.024170,   1.694311, 0.053979,
 0,x_unit, 1.281811, 1.662085, 1.321289, -0.340796,   1.657251, 1.612939, -0.044312,   1.691895, 0.051562,
 0,x_unit, 1.307693, 1.658862, 1.419580, -0.239282,   1.661279, 1.654834, -0.006445,   1.691089, 0.051562,
 0,x_unit, 1.333806, 1.654834, 1.328540, -0.326294,   1.660474, 1.632275, -0.028198,   1.691895, 0.054785,
 0,x_unit, 1.359807, 1.658862, 1.370435, -0.288428,   1.658862, 1.620190, -0.038672,   1.693506, 0.053979,
 0,x_unit, 1.385800, 1.662085, 1.372046, -0.290039,   1.656445, 1.669336, 0.012891,   1.691089, 0.052368,
 0,x_unit, 1.411453, 1.661279, 1.316455, -0.344824,   1.657251, 1.625024, -0.032227,   1.691895, 0.053979,
 0,x_unit, 1.437366, 1.645166, 1.417969, -0.227197,   1.640332, 1.639526, -0.000806,   1.685449, 0.036255,
 0,x_unit, 1.463460, 1.647583, 1.332568, -0.315015,   1.645166, 1.621802, -0.023364,   1.683032, 0.038672,
 0,x_unit, 1.489457, 1.645972, 1.444556, -0.201416,   1.643555, 1.627441, -0.016113,   1.681421, 0.038672,
 0,x_unit, 1.515581, 1.648389, 1.329346, -0.319043,   1.647583, 1.621802, -0.025781,   1.682227, 0.037866,
 0,x_unit, 1.541581, 1.649194, 1.401050, -0.248145,   1.645972, 1.629053, -0.016919,   1.683838, 0.037866,
 0,x_unit, 1.567712, 1.649194, 1.330957, -0.318237,   1.648389, 1.631470, -0.016919,   1.683032, 0.037866,
 0,x_unit, 1.593767, 1.650806, 1.307593, -0.343213,   1.648389, 1.616968, -0.031421,   1.683032, 0.040283,
 0,x_unit, 1.619812, 1.652417, 1.397021, -0.255396,   1.645972, 1.639526, -0.006445,   1.683838, 0.038672,
 0,x_unit, 1.645807, 1.647583, 1.299536, -0.348047,   1.647583, 1.606494, -0.041089,   1.685449, 0.038672,
 0,x_unit, 1.671916, 1.647583, 1.440527, -0.207056,   1.650806, 1.611328, -0.039477,   1.682227, 0.035449,
 0,x_unit, 1.697927, 1.652417, 1.320483, -0.331934,   1.649194, 1.643555, -0.005640,   1.685449, 0.041895,
 0,x_unit, 1.724049, 1.650806, 1.394604, -0.256201,   1.647583, 1.623413, -0.024170,   1.687866, 0.039478,
 0,x_unit, 1.750030, 1.662085, 1.333374, -0.328711,   1.662085, 1.633887, -0.028198,   1.695923, 0.051562,
 0,x_unit, 1.775929, 1.664502, 1.369629, -0.294873,   1.662891, 1.624219, -0.038672,   1.691089, 0.051562,
 0,x_unit, 1.802021, 1.661279, 1.362378, -0.298901,   1.662085, 1.641943, -0.020142,   1.691089, 0.050757,
 0,x_unit, 1.828051, 1.657251, 1.296313, -0.360938,   1.658057, 1.643555, -0.014502,   1.690283, 0.052368,
 0,x_unit, 1.854134, 1.658862, 1.448584, -0.210278,   1.658862, 1.633081, -0.025781,   1.691895, 0.049951,
 0,x_unit, 1.880049, 1.662085, 1.334985, -0.327100,   1.658862, 1.629053, -0.029809,   1.691895, 0.050757,
 0,x_unit, 1.906042, 1.658057, 1.438110, -0.219946,   1.654834, 1.632275, -0.022559,   1.694311, 0.049951,
 0,x_unit, 1.932165, 1.658862, 1.293091, -0.365771,   1.660474, 1.625830, -0.034644,   1.687866, 0.052368,
 0,x_unit, 1.958265, 1.658057, 1.388965, -0.269092,   1.662085, 1.621802, -0.040283,   1.691089, 0.050757,
 0,x_unit, 1.984305, 1.658057, 1.337402, -0.320654,   1.658057, 1.641943, -0.016113,   1.690283, 0.048340,
 0,x_unit, 2.010265, 1.662085, 1.337402, -0.324683,   1.660474, 1.612134, -0.048340,   1.693506, 0.050757,
 0,x_unit, 2.036268, 1.658057, 1.388965, -0.269092,   1.654834, 1.653223, -0.001611,   1.687866, 0.046729,
 0,x_unit, 2.062360, 1.645166, 1.322095, -0.323071,   1.650000, 1.637109, -0.012891,   1.685449, 0.044312,
 0,x_unit, 2.088352, 1.643555, 1.453418, -0.190137,   1.641138, 1.628247, -0.012891,   1.677393, 0.038672,
 0,x_unit, 2.114469, 1.648389, 1.333374, -0.315015,   1.643555, 1.612134, -0.031421,   1.690283, 0.039478,
 0,x_unit, 2.140361, 1.648389, 1.421997, -0.226392,   1.649194, 1.618579, -0.030615,   1.682227, 0.039478,
 0,x_unit, 2.166473, 1.647583, 1.326123, -0.321460,   1.647583, 1.611328, -0.036255,   1.685449, 0.039478,
 0,x_unit, 2.192461, 1.649194, 1.378491, -0.270703,   1.645166, 1.633887, -0.011279,   1.683032, 0.037866,
 0,x_unit, 2.218577, 1.650000, 1.367212, -0.282788,   1.649194, 1.620190, -0.029004,   1.683838, 0.038672,
 0,x_unit, 2.244478, 1.649194, 1.340625, -0.308569,   1.650000, 1.628247, -0.021753,   1.686255, 0.038672,
 0,x_unit, 2.270623, 1.650000, 1.421997, -0.228003,   1.648389, 1.633081, -0.015308,   1.683838, 0.039478,
 0,x_unit, 2.296686, 1.652417, 1.322900, -0.329517,   1.648389, 1.589575, -0.058813,   1.681421, 0.039478,
 0,x_unit, 2.322807, 1.650806, 1.434082, -0.216724,   1.648389, 1.625024, -0.023364,   1.683838, 0.037866,
 0,x_unit, 2.348767, 1.648389, 1.330957, -0.317432,   1.650806, 1.627441, -0.023364,   1.683838, 0.038672,
 0,x_unit, 2.374814, 1.649194, 1.391382, -0.257812,   1.647583, 1.621802, -0.025781,   1.683838, 0.037866,
 0,x_unit, 2.400922, 1.666113, 1.339014, -0.327100,   1.661279, 1.636304, -0.024976,   1.693506, 0.051562,
 0,x_unit, 2.426985, 1.662891, 1.334985, -0.327905,   1.657251, 1.600049, -0.057202,   1.691895, 0.048340,
 0,x_unit, 2.453110, 1.662085, 1.411523, -0.250561,   1.661279, 1.614551, -0.046729,   1.691895, 0.052368,
 0,x_unit, 2.479041, 1.657251, 1.332568, -0.324683,   1.662085, 1.625024, -0.037060,   1.686255, 0.051562,
 0,x_unit, 2.505035, 1.660474, 1.448584, -0.211890,   1.660474, 1.647583, -0.012891,   1.690283, 0.051562,
 0,x_unit, 2.531148, 1.656445, 1.341431, -0.315015,   1.658862, 1.623413, -0.035449,   1.691895, 0.053979,
 0,x_unit, 2.557251, 1.654834, 1.409912, -0.244922,   1.654834, 1.625830, -0.029004,   1.691895, 0.052368,
 0,x_unit, 2.583289, 1.658862, 1.355933, -0.302930,   1.654834, 1.629053, -0.025781,   1.691895, 0.054785,
 0,x_unit, 2.609194, 1.654834, 1.375269, -0.279565,   1.656445, 1.637109, -0.019336,   1.689478, 0.053979,
 0,x_unit, 2.635239, 1.658862, 1.376880, -0.281982,   1.653223, 1.664502, 0.011279,   1.691089, 0.049951,
 0,x_unit, 2.661023, 1.662085, 1.340625, -0.321460,   1.654834, 1.596020, -0.058813,   1.694311, 0.051562,
 0,x_unit, 2.687035, 1.657251, 1.430054, -0.227197,   1.660474, 1.652417, -0.008057,   1.691089, 0.048340,
 0,x_unit, 2.713102, 1.644360, 1.346265, -0.298096,   1.644360, 1.615356, -0.029004,   1.685449, 0.040283,
 0,x_unit, 2.739111, 1.648389, 1.445361, -0.203027,   1.645972, 1.604077, -0.041895,   1.682227, 0.036255,
 0,x_unit, 2.765153, 1.648389, 1.330957, -0.317432,   1.649194, 1.629053, -0.020142,   1.682227, 0.039478,
 0,x_unit, 2.791251, 1.650000, 1.407495, -0.242505,   1.645972, 1.618579, -0.027393,   1.683838, 0.039478,
 0,x_unit, 2.817354, 1.650000, 1.341431, -0.308569,   1.649194, 1.631470, -0.017725,   1.685449, 0.041895,
 0,x_unit, 2.843326, 1.650000, 1.344653, -0.305347,   1.647583, 1.620996, -0.026587,   1.683838, 0.036255,
 0,x_unit, 2.869286, 1.650000, 1.409912, -0.240088,   1.650000, 1.635498, -0.014502,   1.682227, 0.039478,
 0,x_unit, 2.895351, 1.650806, 1.351904, -0.298901,   1.649194, 1.616968, -0.032227,   1.683838, 0.039478,
 0,x_unit, 2.921495, 1.652417, 1.442139, -0.210278,   1.648389, 1.633887, -0.014502,   1.686255, 0.035449,
 0,x_unit, 2.947480, 1.650000, 1.326929, -0.323071,   1.647583, 1.640332, -0.007251,   1.687866, 0.037866,
 0,x_unit, 2.973525, 1.653223, 1.421997, -0.231226,   1.649194, 1.620190, -0.029004,   1.682227, 0.041895,
 0,x_unit, 2.999502, 1.652417, 1.346265, -0.306152,   1.649194, 1.618579, -0.030615,   1.683838, 0.036255,
 0,x_unit, 3.025595, 1.664502, 1.375269, -0.289233,   1.665308, 1.614551, -0.050757,   1.693506, 0.050757,
 0,x_unit, 3.049930, 1.662085, 1.338208, -0.323877,   1.662891, 1.629053, -0.033838,   1.691895, 0.051562,
 0,x_unit, 3.075934, 1.662085, 1.371240, -0.290845,   1.662085, 1.604883, -0.057202,   1.690283, 0.049951,
 0,x_unit, 3.101944, 1.662085, 1.395410, -0.266675,   1.658057, 1.647583, -0.010474,   1.691089, 0.051562,
 0,x_unit, 3.128020, 1.660474, 1.347876, -0.312598,   1.658862, 1.625830, -0.033032,   1.694311, 0.051562,
 0,x_unit, 3.154033, 1.658862, 1.442139, -0.216724,   1.658057, 1.637109, -0.020947,   1.687866, 0.047534,
 0,x_unit, 3.180025, 1.658862, 1.330957, -0.327905,   1.658057, 1.625024, -0.033032,   1.695117, 0.047534,
 0,x_unit, 3.206036, 1.660474, 1.446167, -0.214307,   1.656445, 1.637109, -0.019336,   1.687060, 0.050757,
 0,x_unit, 3.232076, 1.661279, 1.333374, -0.327905,   1.660474, 1.653223, -0.007251,   1.690283, 0.055591,
 0,x_unit, 3.258189, 1.653223, 1.370435, -0.282788,   1.660474, 1.628247, -0.032227,   1.687060, 0.053979,
 0,x_unit, 3.284189, 1.658057, 1.349487, -0.308569,   1.658057, 1.647583, -0.010474,   1.691089, 0.052368,
 0,x_unit, 3.310261, 1.654834, 1.351904, -0.302930,   1.656445, 1.623413, -0.033032,   1.694311, 0.047534,
 0,x_unit, 3.336260, 1.662085, 1.425220, -0.236865,   1.658057, 1.648389, -0.009668,   1.698340, 0.054785,
 0,x_unit, 3.362292, 1.645166, 1.326929, -0.318237,   1.647583, 1.618579, -0.029004,   1.683838, 0.039478,
 0,x_unit, 3.388363, 1.647583, 1.458252, -0.189331,   1.645166, 1.633081, -0.012085,   1.687060, 0.039478,
 0,x_unit, 3.414437, 1.647583, 1.336597, -0.310986,   1.647583, 1.608911, -0.038672,   1.679004, 0.039478,
 0,x_unit, 3.440497, 1.650000, 1.428442, -0.221558,   1.652417, 1.607300, -0.045117,   1.682227, 0.038672,
 0,x_unit, 3.466505, 1.649194, 1.342236, -0.306958,   1.645166, 1.621802, -0.023364,   1.685449, 0.039478,
 0,x_unit, 3.492496, 1.647583, 1.376074, -0.271509,   1.648389, 1.599243, -0.049145,   1.683838, 0.037866,
 0,x_unit, 3.518595, 1.649194, 1.382519, -0.266675,   1.645166, 1.633081, -0.012085,   1.685449, 0.037866,
 0,x_unit, 3.544472, 1.650806, 1.341431, -0.309375,   1.647583, 1.612134, -0.035449,   1.683838, 0.038672,
 0,x_unit, 3.570822, 1.650000, 1.448584, -0.201416,   1.645972, 1.633081, -0.012891,   1.679810, 0.033838,
 0,x_unit, 3.596812, 1.648389, 1.326123, -0.322266,   1.650806, 1.621802, -0.029004,   1.683032, 0.037866,
 0,x_unit, 3.622841, 1.647583, 1.454224, -0.193359,   1.647583, 1.643555, -0.004028,   1.685449, 0.038672,
 0,x_unit, 3.648824, 1.653223, 1.341431, -0.311792,   1.647583, 1.641943, -0.005640,   1.685449, 0.037866,
 0,x_unit, 3.674832, 1.662085, 1.392187, -0.269897,   1.660474, 1.625024, -0.035449,   1.691895, 0.052368,
 0,x_unit, 3.700934, 1.661279, 1.350293, -0.310986,   1.662891, 1.640332, -0.022559,   1.691089, 0.050757,
 0,x_unit, 3.726932, 1.662085, 1.334180, -0.327905,   1.661279, 1.639526, -0.021753,   1.691895, 0.049951,
 0,x_unit, 3.752926, 1.662085, 1.437305, -0.224780,   1.658057, 1.658057, 0.000000,   1.691895, 0.050757,
 0,x_unit, 3.778597, 1.660474, 1.350293, -0.310181,   1.660474, 1.629858, -0.030615,   1.691895, 0.047534,
 0,x_unit, 3.804604, 1.654834, 1.452612, -0.202222,   1.662085, 1.606494, -0.055591,   1.690283, 0.050757,
 0,x_unit, 3.830728, 1.658862, 1.330151, -0.328711,   1.654028, 1.629053, -0.024976,   1.690283, 0.049951,
 0,x_unit, 3.856828, 1.662085, 1.446973, -0.215112,   1.662085, 1.621802, -0.040283,   1.691895, 0.055591,
 0,x_unit, 3.882848, 1.660474, 1.345459, -0.315015,   1.660474, 1.633081, -0.027393,   1.691089, 0.053979,
 0,x_unit, 3.908837, 1.658862, 1.395410, -0.263452,   1.657251, 1.620996, -0.036255,   1.693506, 0.051562,
 0,x_unit, 3.934818, 1.658862, 1.382519, -0.276343,   1.658057, 1.616968, -0.041089,   1.690283, 0.049951,
 0,x_unit, 3.960943, 1.662085, 1.347876, -0.314209,   1.658862, 1.629053, -0.029809,   1.687060, 0.049951,
 0,x_unit, 3.986926, 1.658862, 1.440527, -0.218335,   1.658057, 1.665308, 0.007251,   1.690283, 0.049951,
 0,x_unit, 4.012704, 1.645166, 1.343042, -0.302124,   1.645972, 1.620996, -0.024976,   1.683032, 0.037866,
 0,x_unit, 4.038744, 1.647583, 1.459058, -0.188525,   1.645166, 1.628247, -0.016919,   1.679004, 0.037866,
 0,x_unit, 4.064788, 1.648389, 1.361572, -0.286816,   1.648389, 1.640332, -0.008057,   1.685449, 0.038672,
 0,x_unit, 4.090834, 1.649194, 1.436499, -0.212695,   1.649194, 1.603271, -0.045923,   1.685449, 0.039478,
 0,x_unit, 4.116831, 1.650000, 1.351904, -0.298096,   1.645166, 1.625024, -0.020142,   1.683838, 0.039478,
 0,x_unit, 4.142814, 1.649194, 1.355933, -0.293262,   1.645972, 1.618579, -0.027393,   1.682227, 0.038672,
 0,x_unit, 4.168928, 1.649194, 1.407495, -0.241699,   1.649194, 1.645166, -0.004028,   1.685449, 0.037866,
 0,x_unit, 4.194928, 1.647583, 1.345459, -0.302124,   1.650000, 1.608911, -0.041089,   1.683838, 0.035449,
 0,x_unit, 4.221036, 1.644360, 1.467114, -0.177246,   1.649194, 1.635498, -0.013696,   1.679810, 0.039478,
 0,x_unit, 4.246939, 1.650806, 1.329346, -0.321460,   1.648389, 1.640332, -0.008057,   1.678198, 0.037866,
 0,x_unit, 4.272948, 1.649194, 1.413940, -0.235254,   1.648389, 1.620190, -0.028198,   1.686255, 0.039478,
 0,x_unit, 4.299034, 1.650000, 1.337402, -0.312598,   1.648389, 1.625024, -0.023364,   1.687866, 0.034644,
 0,x_unit, 4.325155, 1.664502, 1.397021, -0.267480,   1.660474, 1.628247, -0.032227,   1.691895, 0.053979,
 0,x_unit, 4.351345, 1.662085, 1.395410, -0.266675,   1.658862, 1.612134, -0.046728,   1.690283, 0.051562,
 0,x_unit, 4.377267, 1.654834, 1.353516, -0.301318,   1.654028, 1.629858, -0.024170,   1.683032, 0.054785,
 0,x_unit, 4.403284, 1.662085, 1.446167, -0.215918,   1.662891, 1.643555, -0.019336,   1.689478, 0.050757,
 0,x_unit, 4.429375, 1.657251, 1.338208, -0.319043,   1.656445, 1.637109, -0.019336,   1.691895, 0.051562,
 0,x_unit, 4.455395, 1.657251, 1.459863, -0.197388,   1.662085, 1.636304, -0.025781,   1.691895, 0.052368,
 0,x_unit, 4.481365, 1.654834, 1.358350, -0.296484,   1.661279, 1.625024, -0.036255,   1.691089, 0.055591,
 0,x_unit, 4.507278, 1.657251, 1.417969, -0.239282,   1.652417, 1.627441, -0.024976,   1.693506, 0.052368,
 0,x_unit, 4.533380, 1.661279, 1.345459, -0.315820,   1.658862, 1.631470, -0.027393,   1.694311, 0.052368,
 0,x_unit, 4.559605, 1.658862, 1.353516, -0.305347,   1.658057, 1.618579, -0.039478,   1.685449, 0.053979,
 0,x_unit, 4.585599, 1.658862, 1.417163, -0.241699,   1.658057, 1.640332, -0.017725,   1.689478, 0.048340,
 0,x_unit, 4.611710, 1.654834, 1.347876, -0.306958,   1.656445, 1.625830, -0.030615,   1.695117, 0.052368,
 0,x_unit, 4.637728, 1.645972, 1.463086, -0.182886,   1.644360, 1.643555, -0.000806,   1.679004, 0.037866,
 0,x_unit, 4.663851, 1.645166, 1.354321, -0.290845,   1.643555, 1.593603, -0.049951,   1.687060, 0.037866,
 0,x_unit, 4.689927, 1.648389, 1.452612, -0.195776,   1.644360, 1.616968, -0.027393,   1.682227, 0.040283,
 0,x_unit, 4.715946, 1.648389, 1.347070, -0.301318,   1.647583, 1.625024, -0.022559,   1.683838, 0.039478,
 0,x_unit, 4.742003, 1.649194, 1.384936, -0.264258,   1.645166, 1.610522, -0.034644,   1.682227, 0.038672,
 0,x_unit, 4.767945, 1.648389, 1.383325, -0.265063,   1.645972, 1.633887, -0.012085,   1.689478, 0.039478,
 0,x_unit, 4.793949, 1.650806, 1.353516, -0.297290,   1.647583, 1.641943, -0.005640,   1.685449, 0.038672,
 0,x_unit, 4.820035, 1.649194, 1.452612, -0.196582,   1.648389, 1.633887, -0.014502,   1.679004, 0.039478,
 0,x_unit, 4.846010, 1.650000, 1.358350, -0.291650,   1.647583, 1.621802, -0.025781,   1.681421, 0.038672,
 0,x_unit, 4.872198, 1.650000, 1.463892, -0.186108,   1.648389, 1.621802, -0.026587,   1.679810, 0.039478,
 0,x_unit, 4.898251, 1.648389, 1.337402, -0.310986,   1.648389, 1.620190, -0.028198,   1.685449, 0.037866,
 0,x_unit, 4.924379, 1.653223, 1.388159, -0.265064,   1.645972, 1.624219, -0.021753,   1.687866, 0.040283,
 0,x_unit, 4.950370, 1.662891, 1.355127, -0.307764,   1.662085, 1.641138, -0.020947,   1.697534, 0.051562,
 0,x_unit, 4.976281, 1.662085, 1.341431, -0.320654,   1.665308, 1.633081, -0.032227,   1.686255, 0.049951,
 0,x_unit, 5.002291, 1.662891, 1.434082, -0.228809,   1.664502, 1.647583, -0.016919,   1.693506, 0.053979,
 0,x_unit, 5.028275, 1.657251, 1.342236, -0.315015,   1.662085, 1.625024, -0.037060,   1.691895, 0.049951,
 0,x_unit, 5.054383, 1.658862, 1.457446, -0.201416,   1.658057, 1.635498, -0.022559,   1.691895, 0.052368,
 0,x_unit, 5.080378, 1.658057, 1.345459, -0.312598,   1.656445, 1.633887, -0.022559,   1.691089, 0.050757,
 0,x_unit, 5.106274, 1.662085, 1.409106, -0.252979,   1.660474, 1.616968, -0.043506,   1.690283, 0.047534,
 0,x_unit, 5.132400, 1.658862, 1.351904, -0.306958,   1.661279, 1.629858, -0.031421,   1.691089, 0.049951,
 0,x_unit, 5.158387, 1.658862, 1.392187, -0.266675,   1.658862, 1.608105, -0.050757,   1.693506, 0.050757,
 0,x_unit, 5.184363, 1.657251, 1.376880, -0.280371,   1.658057, 1.643555, -0.014502,   1.689478, 0.054785,
 0,x_unit, 5.210364, 1.658862, 1.347070, -0.311792,   1.660474, 1.643555, -0.016919,   1.691895, 0.053979,
 0,x_unit, 5.236425, 1.657251, 1.448584, -0.208667,   1.656445, 1.641943, -0.014502,   1.691895, 0.050757,
 0,x_unit, 5.262384, 1.652417, 1.359961, -0.292456,   1.649194, 1.620996, -0.028198,   1.682227, 0.038672,
 0,x_unit, 5.288371, 1.647583, 1.467114, -0.180469,   1.645166, 1.637915, -0.007251,   1.685449, 0.037866,
 0,x_unit, 5.314483, 1.648389, 1.347876, -0.300513,   1.649194, 1.602466, -0.046729,   1.683032, 0.038672,
 0,x_unit, 5.340496, 1.647583, 1.409912, -0.237671,   1.645166, 1.619385, -0.025781,   1.679810, 0.037866,
 0,x_unit, 5.366562, 1.644360, 1.350293, -0.294067,   1.645972, 1.629858, -0.016113,   1.683838, 0.039478,
 0,x_unit, 5.392605, 1.645972, 1.351904, -0.294067,   1.647583, 1.625830, -0.021753,   1.681421, 0.039478,
 0,x_unit, 5.418556, 1.654834, 1.407495, -0.247339,   1.654834, 1.650806, -0.004028,   1.687060, 0.040283,
 0,x_unit, 5.444485, 1.648389, 1.344653, -0.303735,   1.650000, 1.619385, -0.030615,   1.685449, 0.036255,
 0,x_unit, 5.470704, 1.647583, 1.462280, -0.185303,   1.648389, 1.637915, -0.010474,   1.679004, 0.035449,
 0,x_unit, 5.496730, 1.649194, 1.337402, -0.311792,   1.650806, 1.616162, -0.034644,   1.685449, 0.039478,
 0,x_unit, 5.522828, 1.654028, 1.442139, -0.211890,   1.656445, 1.619385, -0.037060,   1.682227, 0.041895,
 0,x_unit, 5.548814, 1.652417, 1.343042, -0.309375,   1.645166, 1.612939, -0.032227,   1.685449, 0.039478,
 0,x_unit, 5.575050, 1.652417, 1.386548, -0.265869,   1.650000, 1.616968, -0.033032,   1.685449, 0.036255,
 0,x_unit, 5.601054, 1.662085, 1.401050, -0.261035,   1.665308, 1.641138, -0.024170,   1.693506, 0.052368,
 0,x_unit, 5.627156, 1.662891, 1.351904, -0.310986,   1.664502, 1.640332, -0.024170,   1.691895, 0.055591,
 0,x_unit, 5.653162, 1.660474, 1.475171, -0.185303,   1.662085, 1.633887, -0.028198,   1.687060, 0.051562,
 0,x_unit, 5.679156, 1.658862, 1.357544, -0.301318,   1.658057, 1.625830, -0.032227,   1.691089, 0.053979,
 0,x_unit, 5.705173, 1.660474, 1.448584, -0.211890,   1.658862, 1.633081, -0.025781,   1.691089, 0.047534,
 0,x_unit, 5.731257, 1.661279, 1.359961, -0.301318,   1.656445, 1.633887, -0.022559,   1.687866, 0.051562,
 0,x_unit, 5.757347, 1.658057, 1.399439, -0.258618,   1.657251, 1.625830, -0.031421,   1.689478, 0.052368,
 0,x_unit, 5.783311, 1.660474, 1.355933, -0.304541,   1.660474, 1.641138, -0.019336,   1.693506, 0.047534,
 0,x_unit, 5.809272, 1.654834, 1.344653, -0.310181,   1.660474, 1.614551, -0.045923,   1.694311, 0.054785,
 0,x_unit, 5.835268, 1.662085, 1.429248, -0.232837,   1.662085, 1.650000, -0.012085,   1.691895, 0.052368,
 0,x_unit, 5.861385, 1.662085, 1.337402, -0.324683,   1.654834, 1.643555, -0.011279,   1.690283, 0.052368,
 0,x_unit, 5.887485, 1.657251, 1.459863, -0.197388,   1.653223, 1.640332, -0.012891,   1.691895, 0.052368,
 0,x_unit, 5.913508, 1.658057, 1.350293, -0.307764,   1.652417, 1.645166, -0.007251,   1.691895, 0.053979,
 0,x_unit, 5.939516, 1.648389, 1.430859, -0.217529,   1.648389, 1.620190, -0.028198,   1.683838, 0.042700,
 0,x_unit, 5.965516, 1.647583, 1.353516, -0.294067,   1.645972, 1.618579, -0.027393,   1.687866, 0.037866,
 0,x_unit, 5.991502, 1.645166, 1.398633, -0.246533,   1.647583, 1.610522, -0.037061,   1.687060, 0.040283,
 0,x_unit, 6.017602, 1.650000, 1.391382, -0.258618,   1.649194, 1.618579, -0.030615,   1.681421, 0.036255,
 0,x_unit, 6.043389, 1.653223, 1.347876, -0.305347,   1.654834, 1.614551, -0.040283,   1.685449, 0.037866,
 0,x_unit, 6.069397, 1.650000, 1.448584, -0.201416,   1.647583, 1.643555, -0.004028,   1.681421, 0.037866,
 0,x_unit, 6.095408, 1.645166, 0.105542, -1.539624,   1.644360, 1.421997, -0.222363,   1.685449, 0.036255,
 0,x_unit, 6.121498, 1.644360, 0.003223, -1.641138,   1.641943, 1.261670, -0.380273,   1.691089, 0.037866,
 0,x_unit, 6.147484, 1.644360, 0.002417, -1.641943,   1.644360, 1.090063, -0.554297,   1.685449, 0.038672,
 0,x_unit, 6.173509, 1.641138, 0.002417, -1.638721,   1.640332, 0.984521, -0.655811,   1.685449, 0.035449,
 0,x_unit, 6.199514, 1.640332, 0.039478, -1.600854,   1.641138, 1.087646, -0.553491,   1.683838, 0.038672,
 0,x_unit, 6.225610, 1.661279, 0.018530, -1.642749,   1.656445, 1.131958, -0.524487,   1.687866, 0.048340,
 0,x_unit, 6.251697, 1.661279, 0.017725, -1.643555,   1.656445, 1.052197, -0.604248,   1.689478, 0.055591,
 0,x_unit, 6.277717, 1.654028, 0.303735, -1.350293,   1.654028, 1.106177, -0.547852,   1.691895, 0.052368,
 0,x_unit, 6.303726, 1.656445, 0.757324, -0.899121,   1.657251, 1.205273, -0.451978,   1.690283, 0.049951,
 0,x_unit, 6.329860, 1.652417, 0.017725, -1.634692,   1.654028, 1.124707, -0.529321,   1.691089, 0.046729,
 0,x_unit, 6.355831, 1.654834, 0.017725, -1.637109,   1.654028, 0.971631, -0.682397,   1.691089, 0.052368,
 0,x_unit, 6.381831, 1.654028, 0.073315, -1.580713,   1.654834, 1.050586, -0.604248,   1.693506, 0.050757,
 0,x_unit, 6.407841, 1.654028, 0.151465, -1.502563,   1.654834, 1.127124, -0.527710,   1.691895, 0.050757,
 0,x_unit, 6.433830, 1.653223, 0.088623, -1.564600,   1.653223, 1.214136, -0.439087,   1.683032, 0.053979,
 0,x_unit, 6.460008, 1.654834, 0.059619, -1.595215,   1.650806, 1.262476, -0.388330,   1.691895, 0.052368,
 0,x_unit, 6.486041, 1.650806, 0.265869, -1.384936,   1.654834, 1.324512, -0.330322,   1.690283, 0.052368,
 0,x_unit, 6.512145, 1.657251, 0.678369, -0.978882,   1.657251, 1.424414, -0.232837,   1.691895, 0.049951,
 0,x_unit, 6.538165, 1.654834, 1.086035, -0.568799,   1.654834, 1.479199, -0.175635,   1.691089, 0.049951,
 0,x_unit, 6.564285, 1.647583, 1.517065, -0.130518,   1.647583, 1.556543, -0.091040,   1.681421, 0.038672,
 0,x_unit, 6.590398, 1.649194, 1.906201, 0.257007,   1.645972, 1.608911, -0.037060,   1.689478, 0.037866,
 0,x_unit, 6.616141, 1.648389, 2.131787, 0.483398,   1.647583, 1.654834, 0.007251,   1.685449, 0.039478,
 0,x_unit, 6.641612, 1.650000, 2.213159, 0.563159,   1.645166, 1.668530, 0.023364,   1.681421, 0.036255,
 0,x_unit, 6.667149, 1.656445, 2.051221, 0.394775,   1.652417, 1.670947, 0.018530,   1.683838, 0.037866,
 0,x_unit, 6.692718, 1.650806, 1.712036, 0.061231,   1.647583, 1.633887, -0.013696,   1.685449, 0.038672,
 0,x_unit, 6.718381, 1.647583, 1.500952, -0.146631,   1.652417, 1.616162, -0.036255,   1.687060, 0.037866,
 0,x_unit, 6.744166, 1.648389, 0.641309, -1.007080,   1.649194, 1.504980, -0.144214,   1.685449, 0.037866,
 0,x_unit, 6.770301, 1.654834, 0.555103, -1.099731,   1.648389, 1.491284, -0.157104,   1.681421, 0.037866,
 0,x_unit, 6.796266, 1.648389, 0.006445, -1.641943,   1.647583, 1.282617, -0.364966,   1.681421, 0.039478,
 0,x_unit, 6.822275, 1.645972, 0.005640, -1.640332,   1.643555, 1.222192, -0.421362,   1.686255, 0.038672,
 0,x_unit, 6.848281, 1.645166, 0.178857, -1.466309,   1.647583, 1.257642, -0.389941,   1.686255, 0.038672,
 0,x_unit, 6.874271, 1.662085, 0.278760, -1.383325,   1.662891, 1.317261, -0.345630,   1.691895, 0.049951,
 0,x_unit, 6.900273, 1.658862, 0.340796, -1.318066,   1.654834, 1.343042, -0.311792,   1.691895, 0.051562,
 0,x_unit, 6.926380, 1.654834, 0.818555, -0.836279,   1.662085, 1.479199, -0.182886,   1.690283, 0.053979,
 0,x_unit, 6.952388, 1.661279, 1.125513, -0.535767,   1.660474, 1.506592, -0.153882,   1.691895, 0.049951,
 0,x_unit, 6.978391, 1.658862, 1.243140, -0.415723,   1.661279, 1.550903, -0.110376,   1.690283, 0.052368,
 0,x_unit, 7.004376, 1.654834, 1.253613, -0.401221,   1.662085, 1.566211, -0.095874,   1.693506, 0.048340,
 0,x_unit, 7.030425, 1.654028, 1.168213, -0.485815,   1.658862, 1.556543, -0.102319,   1.693506, 0.053979,
 0,x_unit, 7.056503, 1.654834, 1.124707, -0.530127,   1.654834, 1.553320, -0.101514,   1.691895, 0.050757,
 0,x_unit, 7.082399, 1.661279, 1.180298, -0.480981,   1.660474, 1.585547, -0.074927,   1.693506, 0.054785,
 0,x_unit, 7.108381, 1.658862, 1.116650, -0.542212,   1.658057, 1.548486, -0.109570,   1.691089, 0.052368,
 0,x_unit, 7.134394, 1.654834, 0.982104, -0.672729,   1.654834, 1.574268, -0.080566,   1.691895, 0.053979,
 0,x_unit, 7.160402, 1.661279, 1.441333, -0.219946,   1.660474, 1.625024, -0.035449,   1.687060, 0.049951,
 0,x_unit, 7.186395, 1.647583, 1.876392, 0.228809,   1.650806, 1.682227, 0.031421,   1.683838, 0.039478,
 0,x_unit, 7.211935, 1.647583, 2.187378, 0.539795,   1.650000, 1.723315, 0.073315,   1.685449, 0.039478,
 0,x_unit, 7.237368, 1.650000, 2.234106, 0.584106,   1.649194, 1.708008, 0.058813,   1.687060, 0.038672,
 0,x_unit, 7.262941, 1.648389, 2.036719, 0.388330,   1.648389, 1.693506, 0.045117,   1.679810, 0.039478,
 0,x_unit, 7.288502, 1.654834, 1.902979, 0.248145,   1.650000, 1.682227, 0.032227,   1.687866, 0.040283,
 0,x_unit, 7.314039, 1.650000, 1.681421, 0.031421,   1.647583, 1.686255, 0.038672,   1.685449, 0.039478,
 0,x_unit, 7.339479, 1.650806, 1.558960, -0.091846,   1.647583, 1.627441, -0.020142,   1.685449, 0.038672,
 0,x_unit, 7.365616, 1.650806, 1.509009, -0.141797,   1.650000, 1.637915, -0.012085,   1.690283, 0.038672,
 0,x_unit, 7.391617, 1.654834, 1.587964, -0.066870,   1.656445, 1.627441, -0.029004,   1.682227, 0.040283,
 0,x_unit, 7.417690, 1.652417, 1.901367, 0.248950,   1.648389, 1.679004, 0.030615,   1.687060, 0.039478,
 0,x_unit, 7.443055, 1.650806, 2.202686, 0.551880,   1.650806, 1.716064, 0.065259,   1.683032, 0.036255,
 0,x_unit, 7.468476, 1.650000, 2.537842, 0.887842,   1.654028, 1.751514, 0.097485,   1.682227, 0.036255,
 0,x_unit, 7.493948, 1.657251, 2.812573, 1.155322,   1.654028, 1.784546, 0.130518,   1.685449, 0.038672,
 0,x_unit, 7.519369, 1.661279, 2.978540, 1.317261,   1.666113, 1.816772, 0.150659,   1.695117, 0.053979,
 0,x_unit, 7.544812, 1.666113, 2.976929, 1.310815,   1.662085, 1.795020, 0.132935,   1.691895, 0.051562,
 0,x_unit, 7.570471, 1.662085, 2.509644, 0.847559,   1.662085, 1.743457, 0.081372,   1.695923, 0.050757,
 0,x_unit, 7.596043, 1.662085, 0.864478, -0.797607,   1.654834, 1.509009, -0.145825,   1.691895, 0.054785,
 0,x_unit, 7.622182, 1.653223, 0.013696, -1.639526,   1.658862, 1.237500, -0.421362,   1.690283, 0.050757,
 0,x_unit, 7.648065, 1.654028, 0.016919, -1.637109,   1.649194, 1.009497, -0.639697,   1.691895, 0.051562,
 0,x_unit, 7.674086, 1.652417, 0.017725, -1.634692,   1.654028, 0.917651, -0.736377,   1.686255, 0.052368,
 0,x_unit, 7.700159, 1.652417, 0.019336, -1.633081,   1.649194, 0.978076, -0.671118,   1.691895, 0.046729,
 0,x_unit, 7.726168, 1.648389, 0.016919, -1.631470,   1.654028, 1.033667, -0.620361,   1.691895, 0.049951,
 0,x_unit, 7.752281, 1.654834, 0.019336, -1.635498,   1.654028, 1.110205, -0.543823,   1.693506, 0.055591,
 0,x_unit, 7.778162, 1.653223, 0.028198, -1.625024,   1.654834, 1.173047, -0.481787,   1.694311, 0.049951,
 0,x_unit, 7.804218, 1.654834, 0.167578, -1.487256,   1.656445, 1.246362, -0.410083,   1.689478, 0.049951,
 0,x_unit, 7.830384, 1.656445, 0.152271, -1.504175,   1.654834, 1.264893, -0.389941,   1.691089, 0.053979,
 0,x_unit, 7.856385, 1.641138, 0.002417, -1.638721,   1.640332, 1.290674, -0.349658,   1.687866, 0.040283,
 0,x_unit, 7.882416, 1.644360, 0.006445, -1.637915,   1.645166, 1.286646, -0.358521,   1.683032, 0.038672,
 0,x_unit, 7.908280, 1.640332, 0.005640, -1.634692,   1.640332, 1.238306, -0.402026,   1.683838, 0.037866,
 0,x_unit, 7.934385, 1.644360, 0.000806, -1.643555,   1.645972, 1.267310, -0.378662,   1.682227, 0.037866,
 0,x_unit, 7.960495, 1.641943, 0.007251, -1.634692,   1.644360, 1.309204, -0.335156,   1.685449, 0.037866,
 0,x_unit, 7.986497, 1.643555, 0.258618, -1.384937,   1.645166, 1.372046, -0.273120,   1.679004, 0.037866,
 0,x_unit, 8.012600, 1.645166, 0.605054, -1.040112,   1.648389, 1.434082, -0.214307,   1.683838, 0.038672,
 0,x_unit, 8.038514, 1.649194, 1.001440, -0.647754,   1.647583, 1.508203, -0.139380,   1.687060, 0.038672,
 0,x_unit, 8.064617, 1.645972, 1.436499, -0.209473,   1.650806, 1.575879, -0.074927,   1.683838, 0.039478,
 0,x_unit, 8.090610, 1.650000, 1.815967, 0.165967,   1.652417, 1.632275, -0.020142,   1.683032, 0.038672,
 0,x_unit, 8.116383, 1.650806, 2.025440, 0.374634,   1.653223, 1.677393, 0.024170,   1.683032, 0.039478,
 0,x_unit, 8.141827, 1.658862, 2.083447, 0.424585,   1.662891, 1.676587, 0.013696,   1.691089, 0.049951,
 0,x_unit, 8.167374, 1.668530, 1.924731, 0.256201,   1.662891, 1.677393, 0.014502,   1.687060, 0.053979,
 0,x_unit, 8.192939, 1.662891, 1.722510, 0.059619,   1.661279, 1.645166, -0.016113,   1.693506, 0.053979,
 0,x_unit, 8.218607, 1.662891, 1.499341, -0.163550,   1.660474, 1.633081, -0.027393,   1.691895, 0.054785,
 0,x_unit, 8.244594, 1.656445, 1.408301, -0.248145,   1.654834, 1.618579, -0.036255,   1.691089, 0.053979,
 0,x_unit, 8.270667, 1.662891, 1.426025, -0.236865,   1.658862, 1.620996, -0.037866,   1.687866, 0.052368,
 0,x_unit, 8.296734, 1.652417, 1.625024, -0.027393,   1.658862, 1.654028, -0.004834,   1.691895, 0.055591,
 0,x_unit, 8.322833, 1.662085, 1.930371, 0.268286,   1.657251, 1.698340, 0.041089,   1.691089, 0.055591,
 0,x_unit, 8.348266, 1.656445, 2.271973, 0.615527,   1.661279, 1.724121, 0.062842,   1.691895, 0.051562,
 0,x_unit, 8.373840, 1.662085, 2.558789, 0.896704,   1.660474, 1.761182, 0.100708,   1.694311, 0.050757,
 0,x_unit, 8.399375, 1.656445, 2.723950, 1.067505,   1.660474, 1.786157, 0.125684,   1.691089, 0.053979,
 0,x_unit, 8.424938, 1.662085, 2.744092, 1.082007,   1.658862, 1.766821, 0.107959,   1.687866, 0.051562,
 0,x_unit, 8.450373, 1.662085, 2.565234, 0.903149,   1.658057, 1.760376, 0.102319,   1.691089, 0.053979,
 0,x_unit, 8.475860, 1.647583, 2.295337, 0.647754,   1.647583, 1.714453, 0.066870,   1.686255, 0.039478,
 0,x_unit, 8.501389, 1.647583, 2.087476, 0.439893,   1.647583, 1.724121, 0.076538,   1.683838, 0.037866,
 0,x_unit, 8.526938, 1.650000, 1.861084, 0.211084,   1.649194, 1.683838, 0.034644,   1.687060, 0.037866,
 0,x_unit, 8.552589, 1.649194, 1.814355, 0.165161,   1.644360, 1.647583, 0.003223,   1.682227, 0.038672,
 0,x_unit, 8.578049, 1.650000, 1.873169, 0.223169,   1.648389, 1.668530, 0.020142,   1.681421, 0.040283,
 0,x_unit, 8.603482, 1.648389, 2.118896, 0.470508,   1.648389, 1.699145, 0.050757,   1.687866, 0.038672,
 0,x_unit, 8.629055, 1.650806, 2.433911, 0.783105,   1.653223, 1.736206, 0.082983,   1.679810, 0.037866,
 0,x_unit, 8.654617, 1.654028, 2.686084, 1.032056,   1.652417, 1.766821, 0.114404,   1.685449, 0.037866,
 0,x_unit, 8.680044, 1.654028, 2.891528, 1.237500,   1.650000, 1.810327, 0.160327,   1.683838, 0.035449,
 0,x_unit, 8.705500, 1.653223, 2.972095, 1.318872,   1.654028, 1.786963, 0.132935,   1.687866, 0.040283,
 0,x_unit, 8.731050, 1.650000, 2.872192, 1.222192,   1.650000, 1.780518, 0.130518,   1.681421, 0.040283,
 0,x_unit, 8.756619, 1.650000, 2.628882, 0.978882,   1.654028, 1.751514, 0.097485,   1.683032, 0.036255,
 0,x_unit, 8.782053, 1.662085, 2.359790, 0.697705,   1.668530, 1.714453, 0.045923,   1.694311, 0.049951,
 0,x_unit, 8.807497, 1.664502, 2.109228, 0.444726,   1.658057, 1.685449, 0.027393,   1.687866, 0.049951,
 0,x_unit, 8.833050, 1.662891, 1.953735, 0.290845,   1.662085, 1.686255, 0.024170,   1.691895, 0.048340,
 0,x_unit, 8.858617, 1.664502, 1.913452, 0.248950,   1.660474, 1.691895, 0.031421,   1.693506, 0.053979,
 0,x_unit, 8.884096, 1.662085, 2.068140, 0.406055,   1.658057, 1.728955, 0.070898,   1.691895, 0.055591,
 0,x_unit, 8.909482, 1.656445, 2.276001, 0.619556,   1.657251, 1.724927, 0.067676,   1.691895, 0.049951,
 0,x_unit, 8.935068, 1.660474, 2.611963, 0.951489,   1.657251, 1.764404, 0.107153,   1.689478, 0.045923,
 0,x_unit, 8.960621, 1.664502, 2.869775, 1.205273,   1.662085, 1.777295, 0.115210,   1.695117, 0.051562,
 0,x_unit, 8.986106, 1.662891, 2.984180, 1.321289,   1.656445, 1.814355, 0.157910,   1.694311, 0.052368,
 0,x_unit, 9.011584, 1.657251, 2.968872, 1.311621,   1.662085, 1.770044, 0.107959,   1.687866, 0.051562,
 0,x_unit, 9.037044, 1.658057, 2.823853, 1.165796,   1.662085, 1.774878, 0.112793,   1.691895, 0.051562,
 0,x_unit, 9.062624, 1.662085, 2.549121, 0.887036,   1.662085, 1.745068, 0.082983,   1.698340, 0.050757,
 0,x_unit, 9.088137, 1.658862, 2.250220, 0.591357,   1.662085, 1.716064, 0.053980,   1.685449, 0.051562,
 0,x_unit, 9.113712, 1.645166, 2.018188, 0.373022,   1.641943, 1.676587, 0.034644,   1.679810, 0.040283,
 0,x_unit, 9.139149, 1.647583, 1.948901, 0.301318,   1.647583, 1.654834, 0.007251,   1.685449, 0.038672,
 0,x_unit, 9.164724, 1.647583, 1.975488, 0.327905,   1.645972, 1.668530, 0.022559,   1.691895, 0.041895,
 0,x_unit, 9.190273, 1.647583, 2.181738, 0.534155,   1.647583, 1.693506, 0.045923,   1.690283, 0.037866,
 0,x_unit, 9.215831, 1.647583, 2.461304, 0.813721,   1.650000, 1.730566, 0.080566,   1.679004, 0.037866,
 0,x_unit, 9.241273, 1.653223, 2.740869, 1.087646,   1.650806, 1.774878, 0.124072,   1.685449, 0.036255,
 0,x_unit, 9.266835, 1.649194, 2.960010, 1.310815,   1.652417, 1.799853, 0.147436,   1.679810, 0.035449,
 0,x_unit, 9.292266, 1.650806, 3.047827, 1.397021,   1.650000, 1.786157, 0.136157,   1.683838, 0.039478,
 0,x_unit, 9.317726, 1.648389, 2.947925, 1.299536,   1.653223, 1.801465, 0.148242,   1.682227, 0.039478,
 0,x_unit, 9.343061, 1.654028, 2.699780, 1.045752,   1.653223, 1.790186, 0.136963,   1.687060, 0.038672,
 0,x_unit, 9.368497, 1.654028, 2.413769, 0.759741,   1.650806, 1.727344, 0.076538,   1.683838, 0.035449,
 0,x_unit, 9.394056, 1.648389, 2.142261, 0.493872,   1.649194, 1.691895, 0.042700,   1.686255, 0.035449,
 0,x_unit, 9.419571, 1.647583, 1.969849, 0.322266,   1.650000, 1.679004, 0.029004,   1.685449, 0.042700,
 0,x_unit, 9.445051, 1.664502, 1.931177, 0.266675,   1.664502, 1.674170, 0.009668,   1.693506, 0.047534,
 0,x_unit, 9.470618, 1.656445, 2.069751, 0.413306,   1.662085, 1.704785, 0.042700,   1.689478, 0.046729,
 0,x_unit, 9.496138, 1.664502, 2.322729, 0.658227,   1.662891, 1.727344, 0.064453,   1.687060, 0.051562,
 0,x_unit, 9.521722, 1.662085, 2.599072, 0.936987,   1.661279, 1.727344, 0.066064,   1.693506, 0.052368,
 0,x_unit, 9.547162, 1.664502, 2.876221, 1.211719,   1.662085, 1.793408, 0.131323,   1.686255, 0.047534,
 0,x_unit, 9.572724, 1.660474, 3.017212, 1.356738,   1.658862, 1.802271, 0.143408,   1.689478, 0.051562,
 0,x_unit, 9.598270, 1.662085, 3.015600, 1.353516,   1.658862, 1.802271, 0.143408,   1.691895, 0.053979,
 0,x_unit, 9.623835, 1.662085, 2.804517, 1.142432,   1.657251, 1.770044, 0.112793,   1.690283, 0.051562,
 0,x_unit, 9.649270, 1.660474, 2.527368, 0.866894,   1.661279, 1.731372, 0.070093,   1.685449, 0.050757,
 0,x_unit, 9.674840, 1.662085, 2.224438, 0.562353,   1.657251, 1.712036, 0.054785,   1.687866, 0.051562,
 0,x_unit, 9.700371, 1.654834, 2.025440, 0.370606,   1.662085, 1.693506, 0.031421,   1.691089, 0.051562,
 0,x_unit, 9.725947, 1.658057, 1.939233, 0.281177,   1.654028, 1.683838, 0.029810,   1.690283, 0.048340,
 0,x_unit, 9.751477, 1.658057, 2.011743, 0.353686,   1.658862, 1.687866, 0.029004,   1.695117, 0.049951,
 0,x_unit, 9.776944, 1.648389, 2.238135, 0.589746,   1.641943, 1.704785, 0.062842,   1.689478, 0.040283,
 0,x_unit, 9.802387, 1.648389, 2.556372, 0.907983,   1.648389, 1.756348, 0.107959,   1.683838, 0.037866,
 0,x_unit, 9.827937, 1.650806, 2.806934, 1.156128,   1.647583, 1.776489, 0.128906,   1.683838, 0.039478,
 0,x_unit, 9.853512, 1.650000, 2.997876, 1.347876,   1.647583, 1.795825, 0.148242,   1.691089, 0.039478,
 0,x_unit, 9.878955, 1.654028, 3.014795, 1.360767,   1.653223, 1.790186, 0.136963,   1.683838, 0.038672,
 0,x_unit, 9.904380, 1.654028, 2.847217, 1.193189,   1.653223, 1.772461, 0.119238,   1.681421, 0.039478,
 0,x_unit, 9.929958, 1.652417, 2.574902, 0.922485,   1.648389, 1.747485, 0.099097,   1.682227, 0.037866,
 0,x_unit, 9.955500, 1.653223, 2.288892, 0.635669,   1.650000, 1.699145, 0.049145,   1.683032, 0.036255,
 0,x_unit, 9.980944, 1.650806, 2.059277, 0.408472,   1.648389, 1.691089, 0.042700,   1.685449, 0.036255,
 0,x_unit, 10.006382, 1.649194, 1.935205, 0.286011,   1.650000, 1.674170, 0.024170,   1.685449, 0.038672,
 0,x_unit, 10.032160, 1.647583, 1.988379, 0.340796,   1.648389, 1.694311, 0.045923,   1.679810, 0.038672,
 0,x_unit, 10.057955, 1.652417, 2.193823, 0.541406,   1.650000, 1.683838, 0.033838,   1.685449, 0.039478,
 0,x_unit, 10.083651, 1.666113, 2.516895, 0.850781,   1.661279, 1.778101, 0.116821,   1.686255, 0.052368,
 0,x_unit, 10.109269, 1.666113, 2.783569, 1.117456,   1.666113, 1.777295, 0.111182,   1.686255, 0.051562,
 0,x_unit, 10.135062, 1.668530, 3.001904, 1.333374,   1.662891, 1.806299, 0.143408,   1.694311, 0.051562,
 0,x_unit, 10.160840, 1.665308, 3.035742, 1.370434,   1.662891, 1.810327, 0.147437,   1.683838, 0.048340,
 0,x_unit, 10.186556, 1.664502, 2.909253, 1.244751,   1.662891, 1.799048, 0.136157,   1.689478, 0.052368,
 0,x_unit, 10.212268, 1.665308, 2.637744, 0.972437,   1.664502, 1.757959, 0.093457,   1.691895, 0.048340,
 0,x_unit, 10.237940, 1.661279, 2.288086, 0.626807,   1.658862, 1.716064, 0.057202,   1.695117, 0.054785,
 0,x_unit, 10.263726, 1.658057, 2.101978, 0.443921,   1.658057, 1.699951, 0.041895,   1.689478, 0.051562,
 0,x_unit, 10.289399, 1.661279, 1.950513, 0.289233,   1.660474, 1.673364, 0.012891,   1.691895, 0.051562,
 0,x_unit, 10.315177, 1.662891, 1.993213, 0.330322,   1.654834, 1.690283, 0.035449,   1.693506, 0.053979,
 0,x_unit, 10.340848, 1.661279, 2.180127, 0.518848,   1.660474, 1.703174, 0.042700,   1.691089, 0.048340,
 0,x_unit, 10.366627, 1.662891, 2.479028, 0.816138,   1.658057, 1.757959, 0.099902,   1.694311, 0.052368,
 0,x_unit, 10.392276, 1.644360, 2.740063, 1.095703,   1.647583, 1.778101, 0.130518,   1.686255, 0.037866,
 0,x_unit, 10.418498, 1.649194, 2.964844, 1.315649,   1.654834, 1.799853, 0.145020,   1.691895, 0.045923,
 0,x_unit, 10.444170, 1.649194, 3.027685, 1.378491,   1.648389, 1.819995, 0.171606,   1.687060, 0.038672,
 0,x_unit, 10.470043, 1.647583, 2.930200, 1.282617,   1.647583, 1.768433, 0.120850,   1.685449, 0.035449,
 0,x_unit, 10.495728, 1.650806, 2.654663, 1.003857,   1.647583, 1.780518, 0.132935,   1.683838, 0.036255,
 0,x_unit, 10.521497, 1.652417, 2.339648, 0.687232,   1.656445, 1.731372, 0.074927,   1.682227, 0.044312,
 0,x_unit, 10.547159, 1.650000, 2.126148, 0.476148,   1.643555, 1.690283, 0.046728,   1.685449, 0.040283,
 0,x_unit, 10.573075, 1.650000, 1.936816, 0.286816,   1.650806, 1.645972, -0.004834,   1.687060, 0.038672,
 0,x_unit, 10.599064, 1.649194, 1.971460, 0.322266,   1.652417, 1.650000, -0.002417,   1.682227, 0.037866,
 0,x_unit, 10.625110, 1.657251, 2.158374, 0.501123,   1.654028, 1.703174, 0.049145,   1.690283, 0.041895,
 0,x_unit, 10.650943, 1.650000, 2.454053, 0.804053,   1.653223, 1.714453, 0.061230,   1.686255, 0.039478,
 0,x_unit, 10.676622, 1.654834, 2.703003, 1.048169,   1.650806, 1.765210, 0.114404,   1.687060, 0.034644,
 0,x_unit, 10.702404, 1.666919, 2.969678, 1.302759,   1.666919, 1.790991, 0.124072,   1.691895, 0.052368,
 0,x_unit, 10.728164, 1.668530, 3.034936, 1.366406,   1.666113, 1.807104, 0.140991,   1.691895, 0.053979,
 0,x_unit, 10.753949, 1.666113, 2.934228, 1.268115,   1.666113, 1.811133, 0.145020,   1.687866, 0.052368,
 0,x_unit, 10.779620, 1.662085, 2.691724, 1.029639,   1.662085, 1.772461, 0.110376,   1.693506, 0.053979,
 0,x_unit, 10.805284, 1.660474, 2.401685, 0.741211,   1.665308, 1.728149, 0.062842,   1.691895, 0.050757,
 0,x_unit, 10.831059, 1.658862, 2.110840, 0.451978,   1.658862, 1.703174, 0.044312,   1.691089, 0.054785,
 0,x_unit, 10.856845, 1.658862, 1.969849, 0.310986,   1.662085, 1.669336, 0.007251,   1.691895, 0.050757,
 0,x_unit, 10.882544, 1.658057, 1.980322, 0.322266,   1.658862, 1.683032, 0.024170,   1.687060, 0.050757,
 0,x_unit, 10.908165, 1.662085, 2.155957, 0.493872,   1.662085, 1.701563, 0.039478,   1.689478, 0.051562,
 0,x_unit, 10.933953, 1.660474, 2.441968, 0.781494,   1.661279, 1.748291, 0.087012,   1.691895, 0.051562,
 0,x_unit, 10.959727, 1.661279, 2.704614, 1.043335,   1.662085, 1.761182, 0.099097,   1.683838, 0.053979,
 0,x_unit, 10.985420, 1.660474, 2.953564, 1.293091,   1.660474, 1.795020, 0.134546,   1.683838, 0.053979,
 0,x_unit, 11.011061, 1.662085, 3.044605, 1.382520,   1.662085, 1.813550, 0.151465,   1.690283, 0.050757,
 0,x_unit, 11.036843, 1.645972, 2.955981, 1.310010,   1.647583, 1.794214, 0.146631,   1.682227, 0.037866,
 0,x_unit, 11.062632, 1.645166, 2.716699, 1.071533,   1.647583, 1.757959, 0.110376,   1.687866, 0.040283,
 0,x_unit, 11.088300, 1.647583, 2.396851, 0.749268,   1.647583, 1.712842, 0.065259,   1.683838, 0.038672,
 0,x_unit, 11.114059, 1.649194, 2.147900, 0.498706,   1.647583, 1.699145, 0.051562,   1.683838, 0.038672,
 0,x_unit, 11.139723, 1.645972, 1.979517, 0.333545,   1.647583, 1.674170, 0.026587,   1.683838, 0.039478,
 0,x_unit, 11.165532, 1.649194, 1.944067, 0.294873,   1.645166, 1.682227, 0.037060,   1.683838, 0.038672,
 0,x_unit, 11.191173, 1.650806, 2.097949, 0.447144,   1.650806, 1.699145, 0.048340,   1.686255, 0.040283,
 0,x_unit, 11.216952, 1.649194, 2.393628, 0.744434,   1.650000, 1.740234, 0.090234,   1.686255, 0.037866,
 0,x_unit, 11.242625, 1.650000, 2.669165, 1.019165,   1.650000, 1.740234, 0.090234,   1.685449, 0.040283,
 0,x_unit, 11.268295, 1.650000, 2.922949, 1.272949,   1.650806, 1.789380, 0.138574,   1.683838, 0.037866,
 0,x_unit, 11.293855, 1.654028, 3.048633, 1.394605,   1.649194, 1.798242, 0.149048,   1.683032, 0.039478,
 0,x_unit, 11.319729, 1.654834, 2.968066, 1.313233,   1.653223, 1.799048, 0.145825,   1.681421, 0.038672,
 0,x_unit, 11.345377, 1.662085, 2.702197, 1.040112,   1.666919, 1.793408, 0.126489,   1.691089, 0.051562,
 0,x_unit, 11.371167, 1.661279, 2.450830, 0.789551,   1.662891, 1.741846, 0.078955,   1.693506, 0.052368,
 0,x_unit, 11.396955, 1.662891, 2.181738, 0.518848,   1.664502, 1.702368, 0.037866,   1.691895, 0.048340,
 0,x_unit, 11.422738, 1.662085, 1.989184, 0.327100,   1.660474, 1.674976, 0.014502,   1.693506, 0.050757,
 0,x_unit, 11.448387, 1.662085, 1.947290, 0.285205,   1.662085, 1.689478, 0.027393,   1.687060, 0.052368,
 0,x_unit, 11.474167, 1.658862, 2.085058, 0.426196,   1.658862, 1.695117, 0.036255,   1.691089, 0.050757,
 0,x_unit, 11.499953, 1.658862, 2.333203, 0.674341,   1.656445, 1.739429, 0.082983,   1.691089, 0.051562,
 0,x_unit, 11.525730, 1.662085, 2.646606, 0.984522,   1.657251, 1.739429, 0.082178,   1.691895, 0.047534,
 0,x_unit, 11.551601, 1.662085, 2.939062, 1.276977,   1.662085, 1.774878, 0.112793,   1.691089, 0.048340,
 0,x_unit, 11.577281, 1.662085, 3.051855, 1.389770,   1.658862, 1.816772, 0.157910,   1.694311, 0.055591,
 0,x_unit, 11.603061, 1.662085, 3.009961, 1.347876,   1.658057, 1.810327, 0.152271,   1.691895, 0.052368,
 0,x_unit, 11.628837, 1.657251, 2.757788, 1.100537,   1.662891, 1.778906, 0.116016,   1.686255, 0.051562,
 0,x_unit, 11.654629, 1.660474, 2.474194, 0.813721,   1.656445, 1.726538, 0.070093,   1.686255, 0.049951,
 0,x_unit, 11.680285, 1.645166, 2.184961, 0.539795,   1.647583, 1.699951, 0.052368,   1.683032, 0.037866,
 0,x_unit, 11.705965, 1.645972, 1.997241, 0.351269,   1.643555, 1.670142, 0.026587,   1.685449, 0.037866,
 0,x_unit, 11.731733, 1.647583, 1.915869, 0.268286,   1.647583, 1.652417, 0.004834,   1.683838, 0.038672,
 0,x_unit, 11.757501, 1.649194, 2.058472, 0.409277,   1.648389, 1.683838, 0.035449,   1.686255, 0.040283,
 0,x_unit, 11.783211, 1.650000, 2.321924, 0.671924,   1.649194, 1.720093, 0.070898,   1.683838, 0.036255,
 0,x_unit, 11.808846, 1.647583, 2.615185, 0.967602,   1.650806, 1.780518, 0.129712,   1.678198, 0.035449,
 0,x_unit, 11.834625, 1.650806, 2.891528, 1.240723,   1.653223, 1.790991, 0.137769,   1.683838, 0.035449,
 0,x_unit, 11.860398, 1.650000, 3.030102, 1.380103,   1.652417, 1.793408, 0.140991,   1.691089, 0.040283,
 0,x_unit, 11.886163, 1.649194, 3.047827, 1.398633,   1.650806, 1.805493, 0.154688,   1.681421, 0.036255,
 0,x_unit, 11.911952, 1.653223, 2.789209, 1.135986,   1.647583, 1.768433, 0.120850,   1.686255, 0.037866,
 0,x_unit, 11.937629, 1.652417, 2.479834, 0.827417,   1.650806, 1.732983, 0.082178,   1.687060, 0.039478,
 0,x_unit, 11.963409, 1.652417, 2.202686, 0.550269,   1.648389, 1.708008, 0.059619,   1.686255, 0.040283,
 0,x_unit, 11.989103, 1.662085, 2.010937, 0.348853,   1.664502, 1.687060, 0.022559,   1.691895, 0.049951,
 0,x_unit, 12.014856, 1.666113, 1.944873, 0.278760,   1.664502, 1.691895, 0.027393,   1.691895, 0.049951,
 0,x_unit, 12.040508, 1.657251, 2.084253, 0.427002,   1.662085, 1.691895, 0.029810,   1.691895, 0.050757,
 0,x_unit, 12.066285, 1.664502, 2.368652, 0.704150,   1.662085, 1.723315, 0.061230,   1.689478, 0.051562,
 0,x_unit, 12.092073, 1.665308, 2.656274, 0.990967,   1.656445, 1.770044, 0.113599,   1.687866, 0.049951,
 0,x_unit, 12.117854, 1.664502, 2.903613, 1.239111,   1.658862, 1.807910, 0.149048,   1.695923, 0.049951,
 0,x_unit, 12.143514, 1.662085, 3.034131, 1.372046,   1.660474, 1.803882, 0.143408,   1.689478, 0.050757,
 0,x_unit, 12.169295, 1.662085, 2.984985, 1.322900,   1.654834, 1.803882, 0.149048,   1.691089, 0.052368,
 0,x_unit, 12.195042, 1.662085, 2.732007, 1.069922,   1.658057, 1.766016, 0.107959,   1.691089, 0.051562,
 0,x_unit, 12.220849, 1.658862, 2.441162, 0.782300,   1.658057, 1.739429, 0.081372,   1.687866, 0.049951,
 0,x_unit, 12.246515, 1.660474, 2.172876, 0.512402,   1.658057, 1.711230, 0.053174,   1.694311, 0.051562,
 0,x_unit, 12.272284, 1.657251, 1.994019, 0.336768,   1.654834, 1.674170, 0.019336,   1.691089, 0.051562,
 0,x_unit, 12.298064, 1.662085, 1.971460, 0.309375,   1.662891, 1.690283, 0.027393,   1.695923, 0.049951,
 0,x_unit, 12.323858, 1.645972, 2.131787, 0.485815,   1.647583, 1.706396, 0.058813,   1.679004, 0.033838,
 0,x_unit, 12.349628, 1.645972, 2.416187, 0.770215,   1.645166, 1.739429, 0.094263,   1.683838, 0.037866,
 0,x_unit, 12.375286, 1.650806, 2.736841, 1.086035,   1.649194, 1.766016, 0.116821,   1.683838, 0.038672,
 0,x_unit, 12.401058, 1.652417, 2.943091, 1.290674,   1.654028, 1.794214, 0.140186,   1.683838, 0.037866,
 0,x_unit, 12.426953, 1.650000, 3.031714, 1.381714,   1.648389, 1.810327, 0.161939,   1.681421, 0.035449,
 0,x_unit, 12.452743, 1.652417, 2.915698, 1.263281,   1.650000, 1.786157, 0.136157,   1.683032, 0.038672,
 0,x_unit, 12.478410, 1.650806, 2.641773, 0.990967,   1.652417, 1.765210, 0.112793,   1.686255, 0.038672,
 0,x_unit, 12.504063, 1.657251, 2.334009, 0.676758,   1.650000, 1.720093, 0.070093,   1.683838, 0.039478,
 0,x_unit, 12.529851, 1.647583, 2.116479, 0.468896,   1.648389, 1.685449, 0.037061,   1.681421, 0.037866,
 0,x_unit, 12.555860, 1.649194, 1.957764, 0.308569,   1.647583, 1.681421, 0.033838,   1.683032, 0.039478,
 0,x_unit, 12.581522, 1.652417, 1.998852, 0.346436,   1.648389, 1.679004, 0.030615,   1.681421, 0.038672,
 0,x_unit, 12.607362, 1.654028, 2.188184, 0.534155,   1.654834, 1.695923, 0.041089,   1.685449, 0.037866,
 0,x_unit, 12.633064, 1.664502, 2.479834, 0.815332,   1.662891, 1.751514, 0.088623,   1.693506, 0.054785,
 0,x_unit, 12.658851, 1.666113, 2.756982, 1.090869,   1.666919, 1.772461, 0.105542,   1.694311, 0.054785,
 0,x_unit, 12.684695, 1.662085, 2.981763, 1.319678,   1.662085, 1.809521, 0.147436,   1.691089, 0.048340,
 0,x_unit, 12.710284, 1.664502, 3.035742, 1.371240,   1.664502, 1.798242, 0.133740,   1.691895, 0.055591,
 0,x_unit, 12.736015, 1.662891, 2.887500, 1.224609,   1.660474, 1.809521, 0.149048,   1.689478, 0.050757,
 0,x_unit, 12.761748, 1.664502, 2.596655, 0.932153,   1.660474, 1.770850, 0.110376,   1.687060, 0.053979,
 0,x_unit, 12.787415, 1.658862, 2.305810, 0.646948,   1.661279, 1.724121, 0.062842,   1.691089, 0.051562,
 0,x_unit, 12.813163, 1.658862, 2.068140, 0.409277,   1.660474, 1.689478, 0.029004,   1.693506, 0.050757,
 0,x_unit, 12.838851, 1.662085, 1.965015, 0.302930,   1.662085, 1.689478, 0.027393,   1.691895, 0.050757,
 0,x_unit, 12.864631, 1.658862, 2.018994, 0.360132,   1.662085, 1.694311, 0.032227,   1.690283, 0.047534,
 0,x_unit, 12.890291, 1.662085, 2.234106, 0.572021,   1.660474, 1.720898, 0.060425,   1.689478, 0.051562,
 0,x_unit, 12.916082, 1.660474, 2.529785, 0.869312,   1.660474, 1.753931, 0.093457,   1.691895, 0.055591,
 0,x_unit, 12.941735, 1.654834, 2.819019, 1.164185,   1.647583, 1.787768, 0.140185,   1.686255, 0.042700,
 0,x_unit, 12.967519, 1.649194, 3.015600, 1.366406,   1.647583, 1.802271, 0.154688,   1.679004, 0.040283,
 0,x_unit, 12.993174, 1.645166, 2.972900, 1.327734,   1.649194, 1.803882, 0.154687,   1.683838, 0.034644,
 0,x_unit, 13.018957, 1.650000, 2.810962, 1.160962,   1.650000, 1.747485, 0.097485,   1.686255, 0.037866,
 0,x_unit, 13.044619, 1.647583, 2.528980, 0.881397,   1.650806, 1.759570, 0.108765,   1.687866, 0.039478,
 0,x_unit, 13.070383, 1.650000, 2.255054, 0.605054,   1.648389, 1.695923, 0.047534,   1.683838, 0.035449,
 0,x_unit, 13.096156, 1.650806, 2.035913, 0.385107,   1.645972, 1.679810, 0.033838,   1.685449, 0.039478,
 0,x_unit, 13.121953, 1.650000, 1.948901, 0.298901,   1.645166, 1.660474, 0.015308,   1.686255, 0.037866,
 0,x_unit, 13.147626, 1.650000, 2.036719, 0.386719,   1.650806, 1.681421, 0.030615,   1.685449, 0.038672,
 0,x_unit, 13.173410, 1.650000, 2.296143, 0.646143,   1.654028, 1.743457, 0.089429,   1.679810, 0.040283,
 0,x_unit, 13.199176, 1.650000, 2.611157, 0.961157,   1.650806, 1.773267, 0.122461,   1.683838, 0.039478,
 0,x_unit, 13.224962, 1.652417, 2.868164, 1.215747,   1.652417, 1.802271, 0.149854,   1.685449, 0.039478,
 0,x_unit, 13.250718, 1.650000, 3.018823, 1.368823,   1.653223, 1.784546, 0.131323,   1.690283, 0.034644,
 0,x_unit, 13.276394, 1.666113, 2.968872, 1.302759,   1.666113, 1.811938, 0.145825,   1.691895, 0.053979,
 0,x_unit, 13.302190, 1.661279, 2.785181, 1.123901,   1.664502, 1.785352, 0.120850,   1.691895, 0.050757,
 0,x_unit, 13.327963, 1.662085, 2.459692, 0.797607,   1.658862, 1.749097, 0.090234,   1.694311, 0.053979,
 0,x_unit, 13.353756, 1.662085, 2.185766, 0.523682,   1.662085, 1.706396, 0.044312,   1.686255, 0.049951,
 0,x_unit, 13.379382, 1.661279, 2.011743, 0.350464,   1.657251, 1.678198, 0.020947,   1.693506, 0.048340,
 0,x_unit, 13.405073, 1.662085, 1.960986, 0.298901,   1.658057, 1.685449, 0.027393,   1.693506, 0.052368,
 0,x_unit, 13.430860, 1.660474, 2.104394, 0.443921,   1.660474, 1.691895, 0.031421,   1.691089, 0.053979,
 0,x_unit, 13.456671, 1.662085, 2.364624, 0.702539,   1.661279, 1.732983, 0.071704,   1.693506, 0.050757,
 0,x_unit, 13.482297, 1.658862, 2.678027, 1.019165,   1.660474, 1.784546, 0.124072,   1.687060, 0.050757,
 0,x_unit, 13.507956, 1.660474, 2.909253, 1.248779,   1.658862, 1.806299, 0.147437,   1.689478, 0.054785,
 0,x_unit, 13.533748, 1.661279, 3.039770, 1.378491,   1.660474, 1.807104, 0.146631,   1.694311, 0.055591,
 0,x_unit, 13.559742, 1.654834, 2.960815, 1.305982,   1.654834, 1.799048, 0.144214,   1.693506, 0.051562,
 0,x_unit, 13.585424, 1.665308, 2.711060, 1.045752,   1.654834, 1.770850, 0.116016,   1.687866, 0.050757,
 0,x_unit, 13.611083, 1.645166, 2.463721, 0.818555,   1.647583, 1.726538, 0.078955,   1.679810, 0.039478,
 0,x_unit, 13.636750, 1.650000, 2.160791, 0.510791,   1.645972, 1.695117, 0.049145,   1.686255, 0.038672,
 0,x_unit, 13.662535, 1.648389, 1.972266, 0.323877,   1.648389, 1.683838, 0.035449,   1.686255, 0.036255,
 0,x_unit, 13.688286, 1.648389, 1.957764, 0.309375,   1.650000, 1.669336, 0.019336,   1.687060, 0.036255,
 0,x_unit, 13.714074, 1.648389, 2.172070, 0.523682,   1.650806, 1.699145, 0.048340,   1.686255, 0.036255,
 0,x_unit, 13.739751, 1.653223, 2.408936, 0.755713,   1.649194, 1.718481, 0.069287,   1.685449, 0.036255,
 0,x_unit, 13.765519, 1.650806, 2.721533, 1.070727,   1.647583, 1.772461, 0.124878,   1.690283, 0.037866,
 0,x_unit, 13.791287, 1.650000, 2.902002, 1.252002,   1.650000, 1.789380, 0.139380,   1.687060, 0.038672,
 0,x_unit, 13.817081, 1.648389, 3.031714, 1.383325,   1.649194, 1.795020, 0.145825,   1.687060, 0.038672,
 0,x_unit, 13.842743, 1.650000, 2.919727, 1.269727,   1.653223, 1.795020, 0.141797,   1.683032, 0.038672,
 0,x_unit, 13.868528, 1.653223, 2.665137, 1.011914,   1.650806, 1.760376, 0.109570,   1.683838, 0.041895,
 0,x_unit, 13.894293, 1.650806, 2.334814, 0.684009,   1.654028, 1.687060, 0.033032,   1.685449, 0.040283,
 0,x_unit, 13.920061, 1.666919, 2.102783, 0.435864,   1.662085, 1.697534, 0.035449,   1.690283, 0.052368,
 0,x_unit, 13.945741, 1.666919, 1.971460, 0.304541,   1.662085, 1.666919, 0.004834,   1.689478, 0.049951,
 0,x_unit, 13.971532, 1.658862, 1.982739, 0.323877,   1.661279, 1.691895, 0.030615,   1.694311, 0.051562,
 0,x_unit, 13.997285, 1.665308, 2.208325, 0.543018,   1.654834, 1.728955, 0.074121,   1.691089, 0.054785,
 0,x_unit, 14.023073, 1.661279, 2.491113, 0.829834,   1.662085, 1.749097, 0.087012,   1.694311, 0.051562,
 0,x_unit, 14.048746, 1.662085, 2.789209, 1.127124,   1.662085, 1.797436, 0.135352,   1.686255, 0.051562,
 0,x_unit, 14.074414, 1.658862, 2.988208, 1.329346,   1.662085, 1.802271, 0.140186,   1.693506, 0.047534,
 0,x_unit, 14.100191, 1.662891, 3.040576, 1.377686,   1.662085, 1.815967, 0.153882,   1.689478, 0.050757,
 0,x_unit, 14.125953, 1.656445, 2.872192, 1.215747,   1.658862, 1.759570, 0.100708,   1.690283, 0.053979,
 0,x_unit, 14.151719, 1.657251, 2.602295, 0.945044,   1.654834, 1.760376, 0.105542,   1.690283, 0.051562,
 0,x_unit, 14.177422, 1.654834, 2.292920, 0.638086,   1.658862, 1.715259, 0.056396,   1.690283, 0.052368,
 0,x_unit, 14.203194, 1.656445, 2.075391, 0.418945,   1.654834, 1.685449, 0.030615,   1.691089, 0.052368,
 0,x_unit, 14.228969, 1.645166, 1.952124, 0.306958,   1.644360, 1.670142, 0.025781,   1.683838, 0.034644,
 0,x_unit, 14.254751, 1.643555, 2.031079, 0.387524,   1.645972, 1.670142, 0.024170,   1.685449, 0.038672,
 0,x_unit, 14.280405, 1.645972, 2.260693, 0.614722,   1.649194, 1.712036, 0.062842,   1.685449, 0.039478,
 0,x_unit, 14.306074, 1.650000, 2.524145, 0.874145,   1.644360, 1.741846, 0.097485,   1.683838, 0.037866,
 0,x_unit, 14.331862, 1.649194, 2.803711, 1.154517,   1.650806, 1.782935, 0.132129,   1.686255, 0.035449,
 0,x_unit, 14.357641, 1.653223, 2.960815, 1.307593,   1.653223, 1.795020, 0.141797,   1.683838, 0.037866,
 0,x_unit, 14.383339, 1.652417, 2.960010, 1.307593,   1.652417, 1.809521, 0.157104,   1.683032, 0.040283,
 0,x_unit, 14.408973, 1.649194, 2.790820, 1.141626,   1.650000, 1.772461, 0.122461,   1.689478, 0.037866,
 0,x_unit, 14.434739, 1.650806, 2.487085, 0.836279,   1.648389, 1.728149, 0.079761,   1.683032, 0.037866,
 0,x_unit, 14.460637, 1.648389, 2.193823, 0.545434,   1.648389, 1.710425, 0.062036,   1.686255, 0.037866,
 0,x_unit, 14.486357, 1.649194, 1.994019, 0.344824,   1.650806, 1.679004, 0.028198,   1.687060, 0.038672,
 0,x_unit, 14.512074, 1.648389, 1.975488, 0.327100,   1.649194, 1.679004, 0.029809,   1.685449, 0.037866,
 0,x_unit, 14.537746, 1.654028, 2.112451, 0.458423,   1.649194, 1.703174, 0.053979,   1.683838, 0.039478,
 0,x_unit, 14.563652, 1.665308, 2.404102, 0.738794,   1.662085, 1.732178, 0.070093,   1.691089, 0.050757,
 0,x_unit, 14.589399, 1.662085, 2.675610, 1.013525,   1.665308, 1.768433, 0.103125,   1.690283, 0.052368,
 0,x_unit, 14.615178, 1.662085, 2.938257, 1.276172,   1.662085, 1.806299, 0.144214,   1.689478, 0.054785,
 0,x_unit, 14.640860, 1.661279, 2.993848, 1.332568,   1.658862, 1.807104, 0.148242,   1.687866, 0.051562,
 0,x_unit, 14.666647, 1.662085, 2.902807, 1.240723,   1.662085, 1.798242, 0.136157,   1.693506, 0.052368,
 0,x_unit, 14.692304, 1.662085, 2.641773, 0.979688,   1.661279, 1.761987, 0.100708,   1.691895, 0.052368,
 0,x_unit, 14.718092, 1.658057, 2.326758, 0.668701,   1.657251, 1.724927, 0.067676,   1.691895, 0.054785,
 0,x_unit, 14.743648, 1.660474, 2.100366, 0.439893,   1.660474, 1.695923, 0.035449,   1.697534, 0.051562,
 0,x_unit, 14.769307, 1.654834, 1.981934, 0.327100,   1.654028, 1.694311, 0.040283,   1.691089, 0.054785,
 0,x_unit, 14.795061, 1.657251, 2.017383, 0.360132,   1.662085, 1.699145, 0.037060,   1.689478, 0.055591,
 0,x_unit, 14.820860, 1.660474, 2.226050, 0.565576,   1.661279, 1.712842, 0.051562,   1.691895, 0.055591,
 0,x_unit, 14.846532, 1.660474, 2.549121, 0.888648,   1.657251, 1.737012, 0.079761,   1.689478, 0.053979,
 0,x_unit, 14.872295, 1.648389, 2.827881, 1.179492,   1.650000, 1.766016, 0.116016,   1.682227, 0.037866,
 0,x_unit, 14.897965, 1.653223, 2.976929, 1.323706,   1.650000, 1.815967, 0.165967,   1.690283, 0.041895,
 0,x_unit, 14.923741, 1.648389, 2.990625, 1.342236,   1.648389, 1.776489, 0.128101,   1.682227, 0.041895,
 0,x_unit, 14.949412, 1.647583, 2.807739, 1.160156,   1.649194, 1.778101, 0.128906,   1.681421, 0.037866,
 0,x_unit, 14.975082, 1.650806, 2.465332, 0.814526,   1.650000, 1.744263, 0.094263,   1.683032, 0.038672,
 0,x_unit, 15.000863, 1.652417, 2.222021, 0.569604,   1.654028, 1.718481, 0.064453,   1.683032, 0.044312,
 0,x_unit, 15.026640, 1.645166, 2.010937, 0.365771,   1.647583, 1.690283, 0.042700,   1.687060, 0.039478,
 0,x_unit, 15.052392, 1.650806, 1.980322, 0.329517,   1.650806, 1.654028, 0.003223,   1.685449, 0.039478,
 0,x_unit, 15.078084, 1.647583, 2.114063, 0.466480,   1.650000, 1.662085, 0.012085,   1.682227, 0.037866,
 0,x_unit, 15.103863, 1.648389, 2.392822, 0.744434,   1.657251, 1.732983, 0.075732,   1.685449, 0.044312,
 0,x_unit, 15.129642, 1.654028, 2.685278, 1.031250,   1.654834, 1.762793, 0.107959,   1.686255, 0.036255,
 0,x_unit, 15.155427, 1.653223, 2.915698, 1.262476,   1.653223, 1.782935, 0.129712,   1.685449, 0.036255,
 0,x_unit, 15.181085, 1.653223, 3.030908, 1.377685,   1.660474, 1.809521, 0.149048,   1.686255, 0.052368,
 0,x_unit, 15.206751, 1.661279, 2.941479, 1.280200,   1.664502, 1.802271, 0.137769,   1.693506, 0.055591,
 0,x_unit, 15.232534, 1.658862, 2.673999, 1.015137,   1.657251, 1.765210, 0.107959,   1.690283, 0.049951,
 0,x_unit, 15.258298, 1.664502, 2.372681, 0.708179,   1.661279, 1.727344, 0.066064,   1.690283, 0.048340,
 0,x_unit, 15.284021, 1.658862, 2.125342, 0.466479,   1.660474, 1.730566, 0.070093,   1.683838, 0.049951,
 0,x_unit, 15.309751, 1.661279, 1.969849, 0.308569,   1.662085, 1.670947, 0.008862,   1.691895, 0.051562,
 0,x_unit, 15.335405, 1.658057, 1.994824, 0.336768,   1.662085, 1.706396, 0.044312,   1.687866, 0.051562,
 0,x_unit, 15.361204, 1.658057, 2.255859, 0.597803,   1.661279, 1.695923, 0.034644,   1.691895, 0.048340,
 0,x_unit, 15.386927, 1.657251, 2.537036, 0.879785,   1.662085, 1.753125, 0.091040,   1.691089, 0.053979,
 0,x_unit, 15.412646, 1.662085, 2.831104, 1.169019,   1.660474, 1.789380, 0.128906,   1.687866, 0.052368,
 0,x_unit, 15.438306, 1.660474, 2.997876, 1.337402,   1.657251, 1.795825, 0.138574,   1.683838, 0.054785,
 0,x_unit, 15.464094, 1.658862, 3.001099, 1.342236,   1.662085, 1.810327, 0.148242,   1.691089, 0.051562,
 0,x_unit, 15.489860, 1.660474, 2.803711, 1.143237,   1.661279, 1.776489, 0.115210,   1.690283, 0.053979,
 0,x_unit, 15.515644, 1.654028, 2.508032, 0.854004,   1.652417, 1.740234, 0.087817,   1.683838, 0.041895,
 0,x_unit, 15.538531, 1.643555, 2.238135, 0.594580,   1.645972, 1.703979, 0.058008,   1.683838, 0.038672,
 0,x_unit, 15.564401, 1.643555, 2.027856, 0.384302,   1.647583, 1.694311, 0.046728,   1.683838, 0.037866,
 0,x_unit, 15.590148, 1.647583, 1.968237, 0.320654,   1.649194, 1.674976, 0.025781,   1.682227, 0.039478,
 0,x_unit, 15.615969, 1.648389, 2.100366, 0.451977,   1.648389, 1.724927, 0.076538,   1.685449, 0.037866,
 0,x_unit, 15.641644, 1.648389, 2.368652, 0.720264,   1.650806, 1.722510, 0.071704,   1.683032, 0.035449,
 0,x_unit, 15.667421, 1.650000, 2.673999, 1.023999,   1.649194, 1.757959, 0.108765,   1.683838, 0.036255,
 0,x_unit, 15.693180, 1.654028, 2.894751, 1.240723,   1.650806, 1.780518, 0.129712,   1.683838, 0.039478,
 0,x_unit, 15.718970, 1.648389, 3.013989, 1.365601,   1.650806, 1.798242, 0.147437,   1.681421, 0.040283,
 0,x_unit, 15.744613, 1.649194, 2.939062, 1.289868,   1.653223, 1.787768, 0.134546,   1.685449, 0.037866,
 0,x_unit, 15.770398, 1.648389, 2.719922, 1.071533,   1.653223, 1.749097, 0.095874,   1.682227, 0.038672,
 0,x_unit, 15.796091, 1.650806, 2.387182, 0.736377,   1.650000, 1.715259, 0.065259,   1.685449, 0.040283,
 0,x_unit, 15.821864, 1.662085, 2.130981, 0.468897,   1.665308, 1.694311, 0.029004,   1.694311, 0.051562,
 0,x_unit, 15.847532, 1.662085, 1.985156, 0.323071,   1.661279, 1.695923, 0.034644,   1.693506, 0.051562,
 0,x_unit, 15.873303, 1.662085, 2.002881, 0.340796,   1.665308, 1.683032, 0.017725,   1.690283, 0.047534,
 0,x_unit, 15.899077, 1.662085, 2.249414, 0.587329,   1.662085, 1.719287, 0.057202,   1.690283, 0.048340,
 0,x_unit, 15.924871, 1.661279, 2.524145, 0.862866,   1.657251, 1.749097, 0.091846,   1.687866, 0.050757,
 0,x_unit, 15.950610, 1.661279, 2.781152, 1.119873,   1.662085, 1.787768, 0.125684,   1.695117, 0.051562,
 0,x_unit, 15.976311, 1.658862, 2.993042, 1.334180,   1.661279, 1.786157, 0.124878,   1.691895, 0.047534,
 0,x_unit, 16.001965, 1.662891, 3.030102, 1.367212,   1.660474, 1.801465, 0.140991,   1.693506, 0.048340,
 0,x_unit, 16.027746, 1.662085, 2.828686, 1.166602,   1.660474, 1.786157, 0.125684,   1.687866, 0.052368,
 0,x_unit, 16.053539, 1.662085, 2.533008, 0.870923,   1.658862, 1.736206, 0.077344,   1.690283, 0.047534,
 0,x_unit, 16.079202, 1.660474, 2.253442, 0.592969,   1.653223, 1.716870, 0.063647,   1.691895, 0.051562,
 0,x_unit, 16.104863, 1.661279, 2.038330, 0.377051,   1.658057, 1.691895, 0.033838,   1.690283, 0.049951,
 0,x_unit, 16.130648, 1.660474, 1.935205, 0.274732,   1.658862, 1.687866, 0.029004,   1.691895, 0.049951,
 0,x_unit, 16.156407, 1.644360, 2.097143, 0.452783,   1.647583, 1.683838, 0.036255,   1.686255, 0.037866,
 0,x_unit, 16.182087, 1.645972, 2.364624, 0.718652,   1.645166, 1.732178, 0.087012,   1.683032, 0.038672,
 0,x_unit, 16.207782, 1.648389, 2.658691, 1.010303,   1.647583, 1.761182, 0.113599,   1.683838, 0.036255,
 0,x_unit, 16.233528, 1.649194, 2.928589, 1.279395,   1.650806, 1.797436, 0.146631,   1.683032, 0.038672,
 0,x_unit, 16.259308, 1.647583, 3.021240, 1.373657,   1.647583, 1.791797, 0.144214,   1.685449, 0.038672,
 0,x_unit, 16.285019, 1.652417, 2.945508, 1.293091,   1.653223, 1.802271, 0.149048,   1.682227, 0.039478,
 0,x_unit, 16.310646, 1.652417, 2.690112, 1.037695,   1.650000, 1.780518, 0.130518,   1.683032, 0.038672,
 0,x_unit, 16.336305, 1.650000, 2.387182, 0.737182,   1.650000, 1.720898, 0.070898,   1.686255, 0.033838,
 0,x_unit, 16.362093, 1.653223, 2.110840, 0.457617,   1.650000, 1.691089, 0.041089,   1.683838, 0.037866,
 0,x_unit, 16.387875, 1.647583, 1.972266, 0.324683,   1.652417, 1.674976, 0.022559,   1.687866, 0.038672,
 0,x_unit, 16.412961, 1.650000, 1.993213, 0.343213,   1.650000, 1.670947, 0.020947,   1.677393, 0.037866,
 0,x_unit, 16.438650, 1.650806, 2.208325, 0.557520,   1.652417, 1.699951, 0.047534,   1.679004, 0.039478,
 0,x_unit, 16.464406, 1.666113, 2.525757, 0.859644,   1.669336, 1.749097, 0.079761,   1.693506, 0.050757,
 0,x_unit, 16.490096, 1.664502, 2.790015, 1.125513,   1.664502, 1.794214, 0.129712,   1.691895, 0.051562,
 0,x_unit, 16.515875, 1.658862, 2.994653, 1.335791,   1.661279, 1.803076, 0.141797,   1.691089, 0.047534,
 0,x_unit, 16.541536, 1.664502, 3.005933, 1.341431,   1.660474, 1.799853, 0.139380,   1.691895, 0.046729,
 0,x_unit, 16.567412, 1.662085, 2.856885, 1.194800,   1.665308, 1.777295, 0.111987,   1.695117, 0.049951,
 0,x_unit, 16.593185, 1.662085, 2.548315, 0.886230,   1.657251, 1.749097, 0.091846,   1.690283, 0.048340,
 0,x_unit, 16.618973, 1.660474, 2.263110, 0.602637,   1.662085, 1.702368, 0.040283,   1.691089, 0.050757,
 0,x_unit, 16.644619, 1.658862, 2.043970, 0.385107,   1.660474, 1.691089, 0.030615,   1.691089, 0.050757,
 0,x_unit, 16.670421, 1.656445, 1.938428, 0.281982,   1.662891, 1.677393, 0.014502,   1.693506, 0.052368,
 0,x_unit, 16.696170, 1.654834, 2.110034, 0.455200,   1.660474, 1.695923, 0.035449,   1.687060, 0.051562,
 0,x_unit, 16.721972, 1.662085, 2.364624, 0.702539,   1.661279, 1.728955, 0.067676,   1.691895, 0.051562,
 0,x_unit, 16.747647, 1.658057, 2.694946, 1.036890,   1.660474, 1.781323, 0.120850,   1.687060, 0.053979,
 0,x_unit, 16.773412, 1.662085, 2.910864, 1.248779,   1.658862, 1.795825, 0.136963,   1.691895, 0.054785,
 0,x_unit, 16.799116, 1.649194, 2.996265, 1.347070,   1.647583, 1.810327, 0.162744,   1.683032, 0.037866,
 0,x_unit, 16.824875, 1.652417, 2.911670, 1.259253,   1.644360, 1.787768, 0.143408,   1.682227, 0.039478,
 0,x_unit, 16.850619, 1.647583, 2.670776, 1.023193,   1.650000, 1.770044, 0.120044,   1.683838, 0.039478,
 0,x_unit, 16.876301, 1.654834, 2.345288, 0.690454,   1.653223, 1.720898, 0.067676,   1.685449, 0.039478,
 0,x_unit, 16.902083, 1.650806, 2.097143, 0.446338,   1.649194, 1.679004, 0.029809,   1.683838, 0.039478,
 0,x_unit, 16.927872, 1.650000, 1.971460, 0.321460,   1.650000, 1.698340, 0.048340,   1.683032, 0.037866,
 0,x_unit, 16.953656, 1.649194, 2.040747, 0.391553,   1.647583, 1.681421, 0.033838,   1.687060, 0.037866,
 0,x_unit, 16.979305, 1.656445, 2.288892, 0.632446,   1.654028, 1.712036, 0.058008,   1.686255, 0.039478,
 0,x_unit, 17.005087, 1.650000, 2.592627, 0.942627,   1.649194, 1.745874, 0.096680,   1.687060, 0.040283,
 0,x_unit, 17.030869, 1.650000, 2.852051, 1.202051,   1.650806, 1.786157, 0.135352,   1.683838, 0.037866,
 0,x_unit, 17.056657, 1.654834, 3.002710, 1.347876,   1.654834, 1.801465, 0.146631,   1.683032, 0.040283,
 0,x_unit, 17.082306, 1.654028, 2.960815, 1.306787,   1.654834, 1.826440, 0.171607,   1.686255, 0.045923,
 0,x_unit, 17.107533, 1.664502, 2.739258, 1.074756,   1.662085, 1.774878, 0.112793,   1.687060, 0.053979,
 0,x_unit, 17.133308, 1.658862, 2.432300, 0.773438,   1.665308, 1.752319, 0.087012,   1.689478, 0.053979,
 0,x_unit, 17.159092, 1.662891, 2.159985, 0.497095,   1.662085, 1.695923, 0.033838,   1.699145, 0.049951,
 0,x_unit, 17.184800, 1.662891, 2.002075, 0.339185,   1.662085, 1.662891, 0.000806,   1.694311, 0.051562,
 0,x_unit, 17.210533, 1.661279, 2.015771, 0.354492,   1.662085, 1.690283, 0.028198,   1.691089, 0.048340,
 0,x_unit, 17.236311, 1.660474, 2.222827, 0.562354,   1.662891, 1.736206, 0.073316,   1.691089, 0.052368,
 0,x_unit, 17.262103, 1.662891, 2.527368, 0.864478,   1.660474, 1.748291, 0.087817,   1.693506, 0.049951,
 0,x_unit, 17.287849, 1.662891, 2.812573, 1.149683,   1.665308, 1.794214, 0.128906,   1.698340, 0.055591,
 0,x_unit, 17.313200, 1.654834, 2.997070, 1.342236,   1.661279, 1.798242, 0.136963,   1.693506, 0.053979,
 0,x_unit, 17.338875, 1.661279, 3.002710, 1.341431,   1.660474, 1.818384, 0.157910,   1.691089, 0.051562,
 0,x_unit, 17.364649, 1.661279, 2.836743, 1.175464,   1.661279, 1.772461, 0.111182,   1.691895, 0.049951,
 0,x_unit, 17.390389, 1.660474, 2.498364, 0.837891,   1.656445, 1.736206, 0.079761,   1.691089, 0.048340,
 0,x_unit, 17.416200, 1.658057, 2.213159, 0.555102,   1.658862, 1.712036, 0.053174,   1.691089, 0.053979,
 0,x_unit, 17.441880, 1.645972, 2.017383, 0.371411,   1.643555, 1.706396, 0.062842,   1.687866, 0.038672,
 0,x_unit, 17.467656, 1.645166, 1.998047, 0.352881,   1.645972, 1.678198, 0.032227,   1.687060, 0.037866,
 0,x_unit, 17.493199, 1.645972, 2.162402, 0.516431,   1.644360, 1.712036, 0.067676,   1.683838, 0.039478,
 0,x_unit, 17.519024, 1.648389, 2.461304, 0.812915,   1.647583, 1.726538, 0.078955,   1.687060, 0.036255,
 0,x_unit, 17.544745, 1.648389, 2.740869, 1.092480,   1.645972, 1.765210, 0.119238,   1.689478, 0.037866,
 0,x_unit, 17.570514, 1.652417, 2.955981, 1.303565,   1.650000, 1.814355, 0.164356,   1.682227, 0.037866,
 0,x_unit, 17.596310, 1.652417, 3.007544, 1.355127,   1.653223, 1.803882, 0.150659,   1.687866, 0.034644,
 0,x_unit, 17.622088, 1.653223, 2.839966, 1.186743,   1.653223, 1.776489, 0.123267,   1.683838, 0.041895,
 0,x_unit, 17.647764, 1.650000, 2.566040, 0.916040,   1.649194, 1.753125, 0.103931,   1.679004, 0.039478,
 0,x_unit, 17.673536, 1.650806, 2.260693, 0.609888,   1.650000, 1.699145, 0.049145,   1.685449, 0.038672,
 0,x_unit, 17.699315, 1.649194, 2.048804, 0.399609,   1.650000, 1.685449, 0.035449,   1.678198, 0.041895,
 0,x_unit, 17.725171, 1.648389, 1.965820, 0.317432,   1.647583, 1.674976, 0.027393,   1.682227, 0.040283,
 0,x_unit, 17.750966, 1.662085, 2.138232, 0.476148,   1.662891, 1.708008, 0.045117,   1.687060, 0.053979,
 0,x_unit, 17.776651, 1.662085, 2.412964, 0.750879,   1.665308, 1.737012, 0.071704,   1.686255, 0.049951,
 0,x_unit, 17.802409, 1.657251, 2.710254, 1.053003,   1.664502, 1.770044, 0.105542,   1.691895, 0.052368,
 0,x_unit, 17.828207, 1.662891, 2.926977, 1.264087,   1.664502, 1.790991, 0.126489,   1.691895, 0.054785,
 0,x_unit, 17.853999, 1.662891, 3.030102, 1.367212,   1.661279, 1.803076, 0.141797,   1.691895, 0.049951,
 0,x_unit, 17.879652, 1.662085, 2.889917, 1.227832,   1.660474, 1.797436, 0.136963,   1.686255, 0.053979,
 0,x_unit, 17.905309, 1.660474, 2.649023, 0.988550,   1.661279, 1.761987, 0.100708,   1.693506, 0.052368,
 0,x_unit, 17.931191, 1.662085, 2.336426, 0.674341,   1.660474, 1.735400, 0.074927,   1.691089, 0.051562,
 0,x_unit, 17.956987, 1.662085, 2.084253, 0.422168,   1.662085, 1.697534, 0.035449,   1.691089, 0.046729,
 0,x_unit, 17.982699, 1.662085, 1.988379, 0.326294,   1.662085, 1.668530, 0.006445,   1.694311, 0.048340,
 0,x_unit, 18.008313, 1.656445, 2.068945, 0.412500,   1.654834, 1.723315, 0.068481,   1.685449, 0.053979,
 0,x_unit, 18.034096, 1.660474, 2.338037, 0.677563,   1.661279, 1.733789, 0.072510,   1.689478, 0.048340,
 0,x_unit, 18.059880, 1.658057, 2.656274, 0.998218,   1.658057, 1.745068, 0.087012,   1.691089, 0.051562,
 0,x_unit, 18.085648, 1.645166, 2.874609, 1.229443,   1.647583, 1.781323, 0.133740,   1.681421, 0.039478,
 0,x_unit, 18.111324, 1.647583, 3.034131, 1.386548,   1.647583, 1.790991, 0.143408,   1.683838, 0.040283,
 0,x_unit, 18.136981, 1.652417, 2.923755, 1.271338,   1.649194, 1.795825, 0.146631,   1.685449, 0.035449,
 0,x_unit, 18.162778, 1.650000, 2.686890, 1.036890,   1.650806, 1.765210, 0.114404,   1.679004, 0.035449,
 0,x_unit, 18.188507, 1.648389, 2.362207, 0.713818,   1.650000, 1.749902, 0.099902,   1.681421, 0.038672,
 0,x_unit, 18.214304, 1.649194, 2.130176, 0.480981,   1.650000, 1.698340, 0.048340,   1.679810, 0.037866,
 0,x_unit, 18.240012, 1.649194, 1.988379, 0.339185,   1.650000, 1.673364, 0.023364,   1.687866, 0.037866,
 0,x_unit, 18.265766, 1.650000, 1.990796, 0.340796,   1.649194, 1.695117, 0.045923,   1.687866, 0.039478,
 0,x_unit, 18.291441, 1.652417, 2.255859, 0.603442,   1.652417, 1.686255, 0.033838,   1.686255, 0.038672,
 0,x_unit, 18.317190, 1.652417, 2.586182, 0.933765,   1.652417, 1.741846, 0.089429,   1.683838, 0.035449,
 0,x_unit, 18.342881, 1.654834, 2.810962, 1.156128,   1.650000, 1.773267, 0.123267,   1.683032, 0.038672,
 0,x_unit, 18.368548, 1.653223, 2.989014, 1.335791,   1.654028, 1.805493, 0.151465,   1.682227, 0.036255,
 0,x_unit, 18.394310, 1.666113, 3.006738, 1.340625,   1.669336, 1.795825, 0.126489,   1.691089, 0.049951,
 0,x_unit, 18.419983, 1.661279, 2.756982, 1.095703,   1.662085, 1.762793, 0.100708,   1.686255, 0.046729,
 0,x_unit, 18.445627, 1.662891, 2.447607, 0.784717,   1.662085, 1.751514, 0.089429,   1.693506, 0.051562,
 0,x_unit, 18.471419, 1.657251, 2.183350, 0.526099,   1.664502, 1.683838, 0.019336,   1.689478, 0.050757,
 0,x_unit, 18.497184, 1.657251, 2.006909, 0.349658,   1.662085, 1.704785, 0.042700,   1.687060, 0.053979,
 0,x_unit, 18.522978, 1.658057, 2.002881, 0.344824,   1.664502, 1.687866, 0.023364,   1.691895, 0.050757,
 0,x_unit, 18.548660, 1.661279, 2.209936, 0.548657,   1.654834, 1.712842, 0.058008,   1.689478, 0.051562,
 0,x_unit, 18.574546, 1.660474, 2.516089, 0.855615,   1.661279, 1.749902, 0.088623,   1.695923, 0.052368,
 0,x_unit, 18.600313, 1.665308, 2.797266, 1.131958,   1.662085, 1.790186, 0.128101,   1.691895, 0.048340,
 0,x_unit, 18.626098, 1.662085, 2.960010, 1.297925,   1.656445, 1.806299, 0.149854,   1.694311, 0.047534,
 0,x_unit, 18.651849, 1.661279, 3.022046, 1.360767,   1.658862, 1.769238, 0.110376,   1.694311, 0.050757,
 0,x_unit, 18.677548, 1.658862, 2.861719, 1.202856,   1.654834, 1.776489, 0.121655,   1.687060, 0.053979,
 0,x_unit, 18.703307, 1.650000, 2.520117, 0.870117,   1.647583, 1.730566, 0.082983,   1.686255, 0.036255,
 0,x_unit, 18.729095, 1.643555, 2.242969, 0.599414,   1.648389, 1.706396, 0.058008,   1.685449, 0.038672,
 0,x_unit, 18.754884, 1.647583, 2.002075, 0.354492,   1.648389, 1.658862, 0.010474,   1.683838, 0.036255,
 0,x_unit, 18.780660, 1.647583, 1.986768, 0.339185,   1.648389, 1.691089, 0.042700,   1.683838, 0.039478,
 0,x_unit, 18.806313, 1.650000, 2.160791, 0.510791,   1.648389, 1.704785, 0.056396,   1.685449, 0.038672,
 0,x_unit, 18.832103, 1.650806, 2.432300, 0.781494,   1.650000, 1.766016, 0.116016,   1.683838, 0.038672,
 0,x_unit, 18.857884, 1.650000, 2.732007, 1.082007,   1.650000, 1.770044, 0.120044,   1.685449, 0.036255,
 0,x_unit, 18.883592, 1.650806, 2.943091, 1.292285,   1.650806, 1.790991, 0.140186,   1.683838, 0.036255,
 0,x_unit, 18.909212, 1.654834, 3.014795, 1.359961,   1.649194, 1.789380, 0.140185,   1.683838, 0.037866,
 0,x_unit, 18.934979, 1.650000, 2.893945, 1.243945,   1.650806, 1.786157, 0.135352,   1.683032, 0.038672,
 0,x_unit, 18.960793, 1.650806, 2.578931, 0.928125,   1.650000, 1.749902, 0.099902,   1.683838, 0.039478,
 0,x_unit, 18.986467, 1.649194, 2.292114, 0.642920,   1.652417, 1.723315, 0.070898,   1.687866, 0.037866,
 0,x_unit, 19.012097, 1.647583, 2.068140, 0.420557,   1.650806, 1.682227, 0.031421,   1.683032, 0.037866,
 0,x_unit, 19.037774, 1.665308, 2.004492, 0.339184,   1.657251, 1.662085, 0.004834,   1.691895, 0.049951,
 0,x_unit, 19.063548, 1.665308, 2.097949, 0.432642,   1.661279, 1.710425, 0.049145,   1.691895, 0.054785,
 0,x_unit, 19.089282, 1.662085, 2.350122, 0.688037,   1.662891, 1.724121, 0.061231,   1.691895, 0.043506,
 0,x_unit, 19.115090, 1.662085, 2.685278, 1.023193,   1.662085, 1.769238, 0.107153,   1.690283, 0.048340,
 0,x_unit, 19.140761, 1.658862, 2.926172, 1.267310,   1.662085, 1.803882, 0.141797,   1.691089, 0.051562,
 0,x_unit, 19.166555, 1.662085, 2.994653, 1.332568,   1.664502, 1.810327, 0.145825,   1.697534, 0.053979,
 0,x_unit, 19.192287, 1.660474, 2.928589, 1.268115,   1.658057, 1.816772, 0.158716,   1.690283, 0.046729,
 0,x_unit, 19.218110, 1.657251, 2.639355, 0.982104,   1.662085, 1.757959, 0.095874,   1.691895, 0.050757,
 0,x_unit, 19.243760, 1.654834, 2.288892, 0.634058,   1.661279, 1.712842, 0.051562,   1.693506, 0.051562,
 0,x_unit, 19.269420, 1.657251, 2.092309, 0.435058,   1.661279, 1.691895, 0.030615,   1.693506, 0.050757,
 0,x_unit, 19.295091, 1.658862, 1.996436, 0.337573,   1.660474, 1.701563, 0.041089,   1.691089, 0.051562,
 0,x_unit, 19.320858, 1.654028, 2.098755, 0.444727,   1.658862, 1.678198, 0.019336,   1.691895, 0.050757,
 0,x_unit, 19.346533, 1.662085, 2.375903, 0.713818,   1.660474, 1.745874, 0.085400,   1.691895, 0.048340,
 0,x_unit, 19.372316, 1.650000, 2.665137, 1.015137,   1.648389, 1.756348, 0.107959,   1.681421, 0.041895,
 0,x_unit, 19.398092, 1.650806, 2.935840, 1.285034,   1.648389, 1.765210, 0.116821,   1.678198, 0.037866,
 0,x_unit, 19.423875, 1.647583, 3.007544, 1.359961,   1.647583, 1.802271, 0.154688,   1.689478, 0.036255,
 0,x_unit, 19.449535, 1.650806, 2.910864, 1.260059,   1.650000, 1.777295, 0.127295,   1.685449, 0.037866,
 0,x_unit, 19.475208, 1.643555, 2.616797, 0.973242,   1.650000, 1.749097, 0.099097,   1.679004, 0.040283,
 0,x_unit, 19.500987, 1.648389, 2.342065, 0.693677,   1.650806, 1.731372, 0.080566,   1.687060, 0.037866,
 0,x_unit, 19.526767, 1.647583, 2.081030, 0.433447,   1.647583, 1.703174, 0.055591,   1.683838, 0.039478,
 0,x_unit, 19.552653, 1.652417, 2.002881, 0.350464,   1.649194, 1.668530, 0.019336,   1.683838, 0.038672,
 0,x_unit, 19.578310, 1.650000, 2.110840, 0.460840,   1.649194, 1.702368, 0.053174,   1.687060, 0.042700,
 0,x_unit, 19.604093, 1.647583, 2.380737, 0.733154,   1.649194, 1.719287, 0.070093,   1.686255, 0.035449,
 0,x_unit, 19.629874, 1.648389, 2.674805, 1.026416,   1.652417, 1.770044, 0.117627,   1.681421, 0.037866,
 0,x_unit, 19.655663, 1.654028, 2.923755, 1.269727,   1.650806, 1.765210, 0.114404,   1.682227, 0.040283,
 0,x_unit, 19.681331, 1.665308, 3.015600, 1.350293,   1.660474, 1.810327, 0.149854,   1.693506, 0.056396,
 0,x_unit, 19.707093, 1.662891, 2.880249, 1.217358,   1.662085, 1.784546, 0.122461,   1.699145, 0.051562,
 0,x_unit, 19.732877, 1.661279, 2.608740, 0.947461,   1.661279, 1.766821, 0.105542,   1.690283, 0.051562,
 0,x_unit, 19.758662, 1.661279, 2.262305, 0.601025,   1.662891, 1.722510, 0.059619,   1.689478, 0.049951,
 0,x_unit, 19.784353, 1.660474, 2.084253, 0.423779,   1.660474, 1.698340, 0.037866,   1.693506, 0.051562,
 0,x_unit, 19.809979, 1.662085, 1.997241, 0.335156,   1.658862, 1.683838, 0.024976,   1.691089, 0.053979,
 0,x_unit, 19.835766, 1.662085, 2.144678, 0.482593,   1.660474, 1.693506, 0.033032,   1.691895, 0.053979,
 0,x_unit, 19.861550, 1.658862, 2.409741, 0.750879,   1.660474, 1.741846, 0.081372,   1.690283, 0.054785,
 0,x_unit, 19.887316, 1.660474, 2.706226, 1.045752,   1.662085, 1.753931, 0.091846,   1.689478, 0.048340,
 0,x_unit, 19.913086, 1.660474, 2.935840, 1.275366,   1.662085, 1.787768, 0.125684,   1.691895, 0.048340,
 0,x_unit, 19.938766, 1.662085, 3.022046, 1.359961,   1.661279, 1.803882, 0.142602,   1.691895, 0.051562,
 0,x_unit, 19.964555, 1.658057, 2.909253, 1.251196,   1.657251, 1.780518, 0.123267,   1.694311, 0.055591,
 0,x_unit, 19.990208, 1.648389, 2.595044, 0.946655,   1.641943, 1.749902, 0.107959,   1.682227, 0.038672,
 0,x_unit, 20.015987, 1.649194, 2.292920, 0.643726,   1.647583, 1.708008, 0.060425,   1.683838, 0.038672,
 0,x_unit, 20.041663, 1.650000, 2.071362, 0.421362,   1.647583, 1.689478, 0.041895,   1.681421, 0.038672,
 0,x_unit, 20.067424, 1.648389, 1.993213, 0.344824,   1.649194, 1.683032, 0.033838,   1.683838, 0.039478,
 0,x_unit, 20.093211, 1.649194, 2.118896, 0.469702,   1.648389, 1.707202, 0.058813,   1.687060, 0.035449,
 0,x_unit, 20.118976, 1.650000, 2.403296, 0.753296,   1.648389, 1.722510, 0.074121,   1.685449, 0.037866,
 0,x_unit, 20.144550, 1.650806, 2.695752, 1.044946,   1.650806, 1.757959, 0.107153,   1.683032, 0.039478,
 0,x_unit, 20.170319, 1.650806, 2.960010, 1.309204,   1.650000, 1.776489, 0.126489,   1.685449, 0.036255,
 0,x_unit, 20.196067, 1.654028, 3.022046, 1.368018,   1.648389, 1.811938, 0.163550,   1.683838, 0.035449,
 0,x_unit, 20.221874, 1.650806, 2.868164, 1.217358,   1.653223, 1.782935, 0.129712,   1.681421, 0.037866,
 0,x_unit, 20.247541, 1.650806, 2.590210, 0.939404,   1.652417, 1.761182, 0.108765,   1.683032, 0.039478,
 0,x_unit, 20.273327, 1.649194, 2.276001, 0.626807,   1.650000, 1.715259, 0.065259,   1.685449, 0.039478,
 0,x_unit, 20.298979, 1.653223, 2.079419, 0.426196,   1.645972, 1.690283, 0.044312,   1.683838, 0.039478,
 0,x_unit, 20.324767, 1.666113, 2.006104, 0.339990,   1.661279, 1.693506, 0.032227,   1.691089, 0.047534,
 0,x_unit, 20.350418, 1.660474, 2.175293, 0.514819,   1.662891, 1.707202, 0.044312,   1.695117, 0.055591,
 0,x_unit, 20.376098, 1.664502, 2.411352, 0.746850,   1.662085, 1.726538, 0.064453,   1.693506, 0.052368,
 0,x_unit, 20.401908, 1.664502, 2.714282, 1.049780,   1.662085, 1.774072, 0.111987,   1.691895, 0.047534,
 0,x_unit, 20.428098, 1.662085, 2.943091, 1.281006,   1.658862, 1.801465, 0.142603,   1.687060, 0.047534,
 0,x_unit, 20.453878, 1.658862, 3.017212, 1.358350,   1.662891, 1.790186, 0.127295,   1.689478, 0.051562,
 0,x_unit, 20.479540, 1.662891, 2.868970, 1.206079,   1.658057, 1.795825, 0.137769,   1.691895, 0.052368,
 0,x_unit, 20.505196, 1.661279, 2.574097, 0.912817,   1.657251, 1.760376, 0.103125,   1.689478, 0.048340,
 0,x_unit, 20.530992, 1.662085, 2.239746, 0.577661,   1.661279, 1.736206, 0.074927,   1.691895, 0.054785,
 0,x_unit, 20.556887, 1.661279, 2.063306, 0.402026,   1.657251, 1.676587, 0.019336,   1.691089, 0.051562,
 0,x_unit, 20.582535, 1.654834, 2.023828, 0.368994,   1.657251, 1.694311, 0.037060,   1.685449, 0.053979,
 0,x_unit, 20.608192, 1.662085, 2.156763, 0.494678,   1.653223, 1.701563, 0.048340,   1.693506, 0.046729,
 0,x_unit, 20.633977, 1.643555, 2.441162, 0.797607,   1.650000, 1.733789, 0.083789,   1.687866, 0.040283,
 0,x_unit, 20.659776, 1.644360, 2.739258, 1.094898,   1.647583, 1.772461, 0.124878,   1.681421, 0.039478,
 0,x_unit, 20.685464, 1.645972, 2.913281, 1.267310,   1.650000, 1.799853, 0.149853,   1.686255, 0.039478,
 0,x_unit, 20.711105, 1.648389, 3.011572, 1.363183,   1.649194, 1.789380, 0.140185,   1.686255, 0.042700,
 0,x_unit, 20.736763, 1.649194, 2.857690, 1.208496,   1.648389, 1.780518, 0.132129,   1.683838, 0.038672,
 0,x_unit, 20.762540, 1.650000, 2.557983, 0.907983,   1.647583, 1.745874, 0.098291,   1.682227, 0.037866,
 0,x_unit, 20.788319, 1.652417, 2.235718, 0.583301,   1.652417, 1.702368, 0.049951,   1.686255, 0.034644,
 0,x_unit, 20.814101, 1.647583, 2.058472, 0.410889,   1.648389, 1.694311, 0.045923,   1.682227, 0.038672,
 0,x_unit, 20.839777, 1.649194, 2.031885, 0.382690,   1.650806, 1.686255, 0.035449,   1.683838, 0.037866,
 0,x_unit, 20.865550, 1.653223, 2.160791, 0.507568,   1.649194, 1.702368, 0.053174,   1.683838, 0.039478,
 0,x_unit, 20.891205, 1.653223, 2.450024, 0.796802,   1.649194, 1.732178, 0.082983,   1.685449, 0.039478,
 0,x_unit, 20.916994, 1.654834, 2.711865, 1.057031,   1.652417, 1.770044, 0.117627,   1.685449, 0.035449,
 0,x_unit, 20.942656, 1.670142, 2.930200, 1.260059,   1.668530, 1.807910, 0.139380,   1.689478, 0.050757,
 0,x_unit, 20.968432, 1.669336, 3.018823, 1.349487,   1.662891, 1.798242, 0.135352,   1.691895, 0.053979,
 0,x_unit, 20.994125, 1.665308, 2.847217, 1.181909,   1.658057, 1.799048, 0.140991,   1.690283, 0.050757,
 0,x_unit, 21.019772, 1.662085, 2.563623, 0.901538,   1.662085, 1.753125, 0.091040,   1.687866, 0.048340,
 0,x_unit, 21.045319, 1.660474, 2.271167, 0.610693,   1.662085, 1.718481, 0.056396,   1.691089, 0.050757,
 0,x_unit, 21.071075, 1.662891, 2.047998, 0.385107,   1.662085, 1.685449, 0.023364,   1.691895, 0.050757,
 0,x_unit, 21.096746, 1.654028, 2.010937, 0.356909,   1.662085, 1.683032, 0.020947,   1.687060, 0.055591,
 0,x_unit, 21.122432, 1.657251, 2.151929, 0.494678,   1.658057, 1.697534, 0.039478,   1.693506, 0.051562,
 0,x_unit, 21.148105, 1.658862, 2.458081, 0.799219,   1.660474, 1.760376, 0.099902,   1.687866, 0.050757,
 0,x_unit, 21.173881, 1.661279, 2.750537, 1.089258,   1.654834, 1.789380, 0.134546,   1.691895, 0.052368,
 0,x_unit, 21.199659, 1.660474, 2.976929, 1.316455,   1.661279, 1.786157, 0.124878,   1.691895, 0.050757,
 0,x_unit, 21.225414, 1.661279, 2.997876, 1.336597,   1.660474, 1.806299, 0.145825,   1.693506, 0.051562,
 0,x_unit, 21.251098, 1.656445, 2.848828, 1.192383,   1.661279, 1.784546, 0.123267,   1.690283, 0.050757,
 0,x_unit, 21.276777, 1.650806, 2.540259, 0.889453,   1.650806, 1.737817, 0.087012,   1.685449, 0.040283,
 0,x_unit, 21.302547, 1.648389, 2.246997, 0.598608,   1.648389, 1.698340, 0.049951,   1.683838, 0.038672,
 0,x_unit, 21.328316, 1.645166, 2.025440, 0.380273,   1.645972, 1.681421, 0.035449,   1.686255, 0.035449,
 0,x_unit, 21.354098, 1.653223, 1.990796, 0.337573,   1.653223, 1.703174, 0.049951,   1.687060, 0.039478,
 0,x_unit, 21.379766, 1.645972, 2.175293, 0.529321,   1.647583, 1.704785, 0.057202,   1.683838, 0.037866,
 0,x_unit, 21.405424, 1.650000, 2.454053, 0.804053,   1.647583, 1.723315, 0.075732,   1.682227, 0.039478,
 0,x_unit, 21.431209, 1.652417, 2.781152, 1.128735,   1.650000, 1.741846, 0.091846,   1.679810, 0.038672,
 0,x_unit, 21.456990, 1.654834, 2.989014, 1.334180,   1.654834, 1.786963, 0.132129,   1.689478, 0.038672,
 0,x_unit, 21.482666, 1.654834, 3.001904, 1.347070,   1.652417, 1.810327, 0.157910,   1.685449, 0.038672,
 0,x_unit, 21.508324, 1.652417, 2.828686, 1.176270,   1.650806, 1.782129, 0.131323,   1.685449, 0.038672,
 0,x_unit, 21.534106, 1.648389, 2.529785, 0.881397,   1.647583, 1.727344, 0.079761,   1.689478, 0.037866,
 0,x_unit, 21.559994, 1.656445, 2.234106, 0.577661,   1.654028, 1.716870, 0.062842,   1.683838, 0.043506,
 0,x_unit, 21.585724, 1.666919, 2.047998, 0.381079,   1.668530, 1.681421, 0.012891,   1.690283, 0.051562,
 0,x_unit, 21.611318, 1.665308, 2.034302, 0.368994,   1.662891, 1.691895, 0.029004,   1.687866, 0.053979,
 0,x_unit, 21.637101, 1.661279, 2.214771, 0.553491,   1.660474, 1.732983, 0.072510,   1.694311, 0.054785,
 0,x_unit, 21.662885, 1.662085, 2.544287, 0.882202,   1.666919, 1.768433, 0.101514,   1.690283, 0.054785,
 0,x_unit, 21.688570, 1.662085, 2.811768, 1.149683,   1.662085, 1.770850, 0.108765,   1.689478, 0.051562,
 0,x_unit, 21.714335, 1.658862, 2.989014, 1.330151,   1.662085, 1.822412, 0.160327,   1.687866, 0.050757,
 0,x_unit, 21.739996, 1.658862, 2.989014, 1.330151,   1.658057, 1.799048, 0.140991,   1.689478, 0.049951,
 0,x_unit, 21.765783, 1.658057, 2.748926, 1.090869,   1.661279, 1.782935, 0.121655,   1.689478, 0.050757,
 0,x_unit, 21.791564, 1.656445, 2.419409, 0.762964,   1.662085, 1.749902, 0.087817,   1.693506, 0.051562,
 0,x_unit, 21.817312, 1.654834, 2.164014, 0.509180,   1.660474, 1.712036, 0.051563,   1.691089, 0.049951,
 0,x_unit, 21.842988, 1.658057, 2.019800, 0.361743,   1.658862, 1.694311, 0.035449,   1.685449, 0.053979,
 0,x_unit, 21.868784, 1.661279, 2.064917, 0.403638,   1.662085, 1.683032, 0.020947,   1.687060, 0.052368,
 0,x_unit, 21.894435, 1.662085, 2.314673, 0.652588,   1.656445, 1.719287, 0.062842,   1.691895, 0.049951,
 0,x_unit, 21.920199, 1.647583, 2.608740, 0.961157,   1.645166, 1.748291, 0.103125,   1.683838, 0.037866,
 0,x_unit, 21.945886, 1.643555, 2.889917, 1.246362,   1.645972, 1.799048, 0.153076,   1.683032, 0.035449,
 0,x_unit, 21.971636, 1.647583, 3.005933, 1.358350,   1.650000, 1.798242, 0.148242,   1.687060, 0.039478,
 0,x_unit, 21.997310, 1.649194, 2.938257, 1.289062,   1.650806, 1.790186, 0.139380,   1.683838, 0.037866,
 0,x_unit, 22.023097, 1.650000, 2.640967, 0.990967,   1.649194, 1.761182, 0.111987,   1.683838, 0.039478,
 0,x_unit, 22.048768, 1.648389, 2.357373, 0.708984,   1.644360, 1.736206, 0.091846,   1.687060, 0.039478,
 0,x_unit, 22.074558, 1.649194, 2.085864, 0.436670,   1.648389, 1.699145, 0.050757,   1.681421, 0.039478,
 0,x_unit, 22.100205, 1.650000, 2.010132, 0.360132,   1.650000, 1.677393, 0.027393,   1.683838, 0.037866,
 0,x_unit, 22.125994, 1.650806, 2.113257, 0.462451,   1.650806, 1.691895, 0.041089,   1.686255, 0.036255,
 0,x_unit, 22.151662, 1.654028, 2.376709, 0.722681,   1.647583, 1.737817, 0.090234,   1.686255, 0.039478,
 0,x_unit, 22.177327, 1.647583, 2.695752, 1.048169,   1.653223, 1.764404, 0.111182,   1.682227, 0.034644,
 0,x_unit, 22.203002, 1.650806, 2.914892, 1.264087,   1.650806, 1.795825, 0.145020,   1.686255, 0.039478,
 0,x_unit, 22.228778, 1.668530, 2.999487, 1.330957,   1.662891, 1.811938, 0.149048,   1.691089, 0.049951,
 0,x_unit, 22.254550, 1.664502, 2.851245, 1.186743,   1.662891, 1.794214, 0.131323,   1.695117, 0.051562,
 0,x_unit, 22.280203, 1.664502, 2.596655, 0.932153,   1.662085, 1.747485, 0.085400,   1.698340, 0.053979,
 0,x_unit, 22.305891, 1.664502, 2.270361, 0.605859,   1.660474, 1.715259, 0.054785,   1.691895, 0.047534,
 0,x_unit, 22.331668, 1.660474, 2.075391, 0.414917,   1.660474, 1.731372, 0.070898,   1.690283, 0.051562,
 0,x_unit, 22.357435, 1.660474, 2.025440, 0.364966,   1.656445, 1.699145, 0.042700,   1.687866, 0.051562,
 0,x_unit, 22.383105, 1.661279, 2.206714, 0.545435,   1.662085, 1.716870, 0.054785,   1.693506, 0.050757,
 0,x_unit, 22.408764, 1.662085, 2.474194, 0.812109,   1.662085, 1.752319, 0.090234,   1.689478, 0.048340,
 0,x_unit, 22.434572, 1.662891, 2.768262, 1.105371,   1.661279, 1.769238, 0.107959,   1.697534, 0.053979,
 0,x_unit, 22.460324, 1.660474, 2.967261, 1.306787,   1.660474, 1.802271, 0.141797,   1.690283, 0.049951,
 0,x_unit, 22.486033, 1.662891, 3.003515, 1.340625,   1.662085, 1.815161, 0.153076,   1.691895, 0.052368,
 0,x_unit, 22.511667, 1.660474, 2.787598, 1.127124,   1.657251, 1.786963, 0.129712,   1.694311, 0.049951,
 0,x_unit, 22.537321, 1.660474, 2.467749, 0.807275,   1.658862, 1.741040, 0.082178,   1.686255, 0.049951,
 0,x_unit, 22.563209, 1.645166, 2.208325, 0.563159,   1.648389, 1.706396, 0.058008,   1.681421, 0.037866,
 0,x_unit, 22.588912, 1.647583, 2.036719, 0.389136,   1.645166, 1.674170, 0.029004,   1.683838, 0.037866,
 0,x_unit, 22.614667, 1.650000, 2.039941, 0.389941,   1.647583, 1.668530, 0.020947,   1.679004, 0.039478,
 0,x_unit, 22.640332, 1.647583, 2.247803, 0.600220,   1.645166, 1.727344, 0.082178,   1.686255, 0.036255,
 0,x_unit, 22.666108, 1.647583, 2.558789, 0.911206,   1.649194, 1.757959, 0.108765,   1.683838, 0.040283,
 0,x_unit, 22.691901, 1.650806, 2.827075, 1.176270,   1.653223, 1.749902, 0.096680,   1.687866, 0.038672,
 0,x_unit, 22.717668, 1.653223, 2.994653, 1.341431,   1.650806, 1.807104, 0.156299,   1.682227, 0.039478,
 0,x_unit, 22.743322, 1.649194, 2.963232, 1.314038,   1.647583, 1.790186, 0.142603,   1.683838, 0.037866,
 0,x_unit, 22.769124, 1.648389, 2.706226, 1.057837,   1.653223, 1.757959, 0.104736,   1.685449, 0.037866,
 0,x_unit, 22.794776, 1.650806, 2.395239, 0.744434,   1.654028, 1.731372, 0.077344,   1.679810, 0.036255,
 0,x_unit, 22.820431, 1.650806, 2.112451, 0.461645,   1.653223, 1.691895, 0.038672,   1.690283, 0.040283,
 0,x_unit, 22.845983, 1.652417, 2.015771, 0.363354,   1.647583, 1.678198, 0.030615,   1.685449, 0.040283,
 0,x_unit, 22.871748, 1.665308, 2.133398, 0.468091,   1.664502, 1.697534, 0.033032,   1.691895, 0.051562,
 0,x_unit, 22.897450, 1.664502, 2.342065, 0.677563,   1.666113, 1.728149, 0.062036,   1.691895, 0.053979,
 0,x_unit, 22.923193, 1.665308, 2.650635, 0.985327,   1.662891, 1.751514, 0.088623,   1.687060, 0.045923,
 0,x_unit, 22.948897, 1.662085, 2.913281, 1.251196,   1.664502, 1.824023, 0.159521,   1.690283, 0.053979,
 0,x_unit, 22.974771, 1.662891, 3.001904, 1.339014,   1.661279, 1.836914, 0.175635,   1.691895, 0.050757,
 0,x_unit, 23.000427, 1.657251, 2.939062, 1.281811,   1.662891, 1.789380, 0.126489,   1.693506, 0.049951,
 0,x_unit, 23.026247, 1.657251, 2.640161, 0.982910,   1.664502, 1.765210, 0.100708,   1.687866, 0.050757,
 0,x_unit, 23.051882, 1.658057, 2.313867, 0.655810,   1.662085, 1.716870, 0.054785,   1.687060, 0.051562,
 0,x_unit, 23.077676, 1.658862, 2.077808, 0.418945,   1.658862, 1.699145, 0.040283,   1.691089, 0.051562,
 0,x_unit, 23.103439, 1.658862, 2.002075, 0.343213,   1.657251, 1.691895, 0.034644,   1.689478, 0.055591,
 0,x_unit, 23.129213, 1.662085, 2.150317, 0.488232,   1.658862, 1.683838, 0.024976,   1.687866, 0.052368,
 0,x_unit, 23.155026, 1.658862, 2.426660, 0.767798,   1.660474, 1.736206, 0.075732,   1.693506, 0.052368,
 0,x_unit, 23.180669, 1.658057, 2.749731, 1.091675,   1.654834, 1.793408, 0.138574,   1.690283, 0.041895,
 0,x_unit, 23.206328, 1.641943, 2.944702, 1.302759,   1.643555, 1.791797, 0.148242,   1.683838, 0.037866,
 0,x_unit, 23.232114, 1.648389, 2.978540, 1.330151,   1.649194, 1.801465, 0.152270,   1.685449, 0.039478,
 0,x_unit, 23.257899, 1.650000, 2.793237, 1.143237,   1.650806, 1.795020, 0.144214,   1.685449, 0.039478,
 0,x_unit, 23.283548, 1.647583, 2.521729, 0.874146,   1.650000, 1.740234, 0.090234,   1.683032, 0.036255,
 0,x_unit, 23.309211, 1.648389, 2.216382, 0.567993,   1.650000, 1.701563, 0.051563,   1.683838, 0.041895,
 0,x_unit, 23.334995, 1.648389, 2.042358, 0.393970,   1.650000, 1.698340, 0.048340,   1.682227, 0.040283,
 0,x_unit, 23.360788, 1.647583, 2.038330, 0.390747,   1.649194, 1.697534, 0.048340,   1.683838, 0.039478,
 0,x_unit, 23.386474, 1.649194, 2.212353, 0.563159,   1.650000, 1.698340, 0.048340,   1.682227, 0.038672,
 0,x_unit, 23.412108, 1.650000, 2.496753, 0.846753,   1.647583, 1.739429, 0.091846,   1.683838, 0.037866,
 0,x_unit, 23.437778, 1.650000, 2.781152, 1.131152,   1.650000, 1.803076, 0.153076,   1.679810, 0.036255,
 0,x_unit, 23.463558, 1.653223, 2.974512, 1.321289,   1.645972, 1.782129, 0.136157,   1.683838, 0.037866,
 0,x_unit, 23.489312, 1.650000, 2.964844, 1.314844,   1.653223, 1.797436, 0.144214,   1.687060, 0.038672,
 0,x_unit, 23.515112, 1.670142, 2.761816, 1.091675,   1.666919, 1.766821, 0.099902,   1.687866, 0.049951,
 0,x_unit, 23.540781, 1.662891, 2.455664, 0.792773,   1.658862, 1.760376, 0.101514,   1.691895, 0.047534,
 0,x_unit, 23.566673, 1.662891, 2.189795, 0.526904,   1.658862, 1.683838, 0.024976,   1.689478, 0.050757,
 0,x_unit, 23.592336, 1.662085, 2.027856, 0.365771,   1.662085, 1.687866, 0.025781,   1.691089, 0.046729,
 0,x_unit, 23.618106, 1.658862, 2.073779, 0.414917,   1.662085, 1.691895, 0.029810,   1.687060, 0.052368,
 0,x_unit, 23.643782, 1.664502, 2.293725, 0.629224,   1.658862, 1.703174, 0.044312,   1.689478, 0.055591,
 0,x_unit, 23.669562, 1.662085, 2.595044, 0.932959,   1.658057, 1.752319, 0.094263,   1.691895, 0.051562,
 0,x_unit, 23.695107, 1.662085, 2.877832, 1.215747,   1.661279, 1.791797, 0.130517,   1.694311, 0.054785,
 0,x_unit, 23.720775, 1.657251, 2.997876, 1.340625,   1.662085, 1.810327, 0.148242,   1.695117, 0.053979,
 0,x_unit, 23.746338, 1.665308, 2.902807, 1.237500,   1.658862, 1.802271, 0.143408,   1.691089, 0.055591,
 0,x_unit, 23.772092, 1.658862, 2.667554, 1.008691,   1.662891, 1.765210, 0.102319,   1.691089, 0.055591,
 0,x_unit, 23.797768, 1.661279, 2.375098, 0.713818,   1.654834, 1.722510, 0.067676,   1.689478, 0.053979,
 0,x_unit, 23.823557, 1.643555, 2.109228, 0.465674,   1.644360, 1.683032, 0.038672,   1.681421, 0.039478,
 0,x_unit, 23.849213, 1.645166, 1.980322, 0.335156,   1.649194, 1.677393, 0.028198,   1.687866, 0.040283,
 0,x_unit, 23.875023, 1.645166, 2.117285, 0.472119,   1.645972, 1.697534, 0.051563,   1.683838, 0.039478,
 0,x_unit, 23.900672, 1.647583, 2.339648, 0.692065,   1.648389, 1.720898, 0.072510,   1.681421, 0.039478,
 0,x_unit, 23.926432, 1.652417, 2.671582, 1.019165,   1.648389, 1.765210, 0.116821,   1.683838, 0.038672,
 0,x_unit, 23.952105, 1.650806, 2.906030, 1.255225,   1.649194, 1.797436, 0.148242,   1.682227, 0.037866,
 0,x_unit, 23.977795, 1.652417, 2.998682, 1.346265,   1.653223, 1.798242, 0.145020,   1.679004, 0.037866,
 0,x_unit, 24.003564, 1.650000, 2.830298, 1.180298,   1.649194, 1.773267, 0.124072,   1.686255, 0.037866,
 0,x_unit, 24.029321, 1.653223, 2.520117, 0.866894,   1.654028, 1.751514, 0.097485,   1.679004, 0.037866,
 0,x_unit, 24.055117, 1.648389, 2.235718, 0.587329,   1.652417, 1.708813, 0.056396,   1.687060, 0.039478,
 0,x_unit, 24.080776, 1.650000, 2.047998, 0.397998,   1.652417, 1.697534, 0.045117,   1.686255, 0.038672,
 0,x_unit, 24.106446, 1.647583, 2.025440, 0.377856,   1.650806, 1.687060, 0.036255,   1.686255, 0.038672,
 0,x_unit, 24.132221, 1.647583, 2.245386, 0.597803,   1.652417, 1.728149, 0.075732,   1.687866, 0.040283,
 0,x_unit, 24.157997, 1.662085, 2.516089, 0.854004,   1.666113, 1.751514, 0.085400,   1.694311, 0.052368,
 0,x_unit, 24.183672, 1.662085, 2.839966, 1.177881,   1.665308, 1.802271, 0.136963,   1.691089, 0.049951,
 0,x_unit, 24.209326, 1.664502, 3.038965, 1.374463,   1.660474, 1.799048, 0.138574,   1.691089, 0.052368,
 0,x_unit, 24.235117, 1.665308, 2.939868, 1.274561,   1.664502, 1.786157, 0.121655,   1.687060, 0.051562,
 0,x_unit, 24.260894, 1.658057, 2.687695, 1.029639,   1.657251, 1.770044, 0.112793,   1.690283, 0.053979,
 0,x_unit, 24.286584, 1.662085, 2.399267, 0.737182,   1.661279, 1.720898, 0.059619,   1.691895, 0.051562,
 0,x_unit, 24.312224, 1.662085, 2.147095, 0.485010,   1.658862, 1.689478, 0.030615,   1.691895, 0.051562,
 0,x_unit, 24.338007, 1.657251, 2.017383, 0.360132,   1.660474, 1.695117, 0.034644,   1.693506, 0.051562,
 0,x_unit, 24.363795, 1.657251, 2.117285, 0.460034,   1.658862, 1.714453, 0.055591,   1.693506, 0.054785,
 0,x_unit, 24.389448, 1.654834, 2.375098, 0.720264,   1.654834, 1.737817, 0.082983,   1.689478, 0.053979,
 0,x_unit, 24.415216, 1.654834, 2.685278, 1.030444,   1.662891, 1.777295, 0.114404,   1.691089, 0.048340,
 0,x_unit, 24.440896, 1.662891, 2.945508, 1.282617,   1.662085, 1.786963, 0.124878,   1.690283, 0.046729,
 0,x_unit, 24.466684, 1.647583, 3.001904, 1.354321,   1.647583, 1.791797, 0.144214,   1.683838, 0.035449,
 0,x_unit, 24.492437, 1.647583, 2.818213, 1.170630,   1.645166, 1.793408, 0.148242,   1.685449, 0.038672,
 0,x_unit, 24.518217, 1.647583, 2.521729, 0.874146,   1.648389, 1.741040, 0.092651,   1.679810, 0.036255,
 0,x_unit, 24.543896, 1.650806, 2.214771, 0.563965,   1.652417, 1.719287, 0.066870,   1.682227, 0.036255,
 0,x_unit, 24.569675, 1.644360, 2.063306, 0.418945,   1.649194, 1.682227, 0.033032,   1.691089, 0.034644,
 0,x_unit, 24.595205, 1.647583, 2.043970, 0.396387,   1.650806, 1.691895, 0.041089,   1.686255, 0.037866,
 0,x_unit, 24.620901, 1.650806, 2.210742, 0.559937,   1.648389, 1.706396, 0.058008,   1.690283, 0.037866,
 0,x_unit, 24.646643, 1.653223, 2.552344, 0.899121,   1.650806, 1.757959, 0.107153,   1.683838, 0.038672,
 0,x_unit, 24.672322, 1.650806, 2.830298, 1.179492,   1.650000, 1.770850, 0.120850,   1.683032, 0.037866,
 0,x_unit, 24.698119, 1.653223, 2.984180, 1.330957,   1.650806, 1.809521, 0.158716,   1.683838, 0.033838,
 0,x_unit, 24.723896, 1.653223, 2.913281, 1.260059,   1.654028, 1.787768, 0.133740,   1.687060, 0.038672,
 0,x_unit, 24.749568, 1.654028, 2.725561, 1.071533,   1.649194, 1.744263, 0.095068,   1.685449, 0.037866,
 0,x_unit, 24.775328, 1.650806, 2.375903, 0.725098,   1.653223, 1.720898, 0.067676,   1.683838, 0.035449,
 0,x_unit, 24.801108, 1.664502, 2.114868, 0.450366,   1.662891, 1.693506, 0.030615,   1.691895, 0.051562,
 0,x_unit, 24.826892, 1.666113, 2.019800, 0.353686,   1.662085, 1.691895, 0.029810,   1.691895, 0.049951,
 0,x_unit, 24.852640, 1.665308, 2.113257, 0.447949,   1.661279, 1.695923, 0.034644,   1.690283, 0.049951,
 0,x_unit, 24.878337, 1.661279, 2.412158, 0.750879,   1.662085, 1.714453, 0.052368,   1.694311, 0.054785,
 0,x_unit, 24.903997, 1.661279, 2.707031, 1.045752,   1.658862, 1.770850, 0.111987,   1.691895, 0.054785,
 0,x_unit, 24.929779, 1.662085, 2.947925, 1.285840,   1.662085, 1.832080, 0.169995,   1.691895, 0.049951,
 0,x_unit, 24.955568, 1.664502, 2.986597, 1.322095,   1.658862, 1.787768, 0.128906,   1.693506, 0.050757,
 0,x_unit, 24.981222, 1.660474, 2.820630, 1.160156,   1.660474, 1.773267, 0.112793,   1.690283, 0.052368,
 0,x_unit, 25.006900, 1.658862, 2.516895, 0.858032,   1.657251, 1.768433, 0.111182,   1.695117, 0.051562,
 0,x_unit, 25.032677, 1.660474, 2.214771, 0.554297,   1.656445, 1.712842, 0.056396,   1.693506, 0.052368,
 0,x_unit, 25.058440, 1.658057, 2.031885, 0.373828,   1.658862, 1.683032, 0.024170,   1.687866, 0.053979,
 0,x_unit, 25.084106, 1.656445, 2.046387, 0.389941,   1.662085, 1.706396, 0.044312,   1.687866, 0.050757,
 0,x_unit, 25.109779, 1.661279, 2.278418, 0.617139,   1.662085, 1.720898, 0.058813,   1.687060, 0.051562,
 0,x_unit, 25.135571, 1.644360, 2.554761, 0.910400,   1.647583, 1.744263, 0.096680,   1.685449, 0.039478,
 0,x_unit, 25.161344, 1.648389, 2.823853, 1.175464,   1.650000, 1.782129, 0.132129,   1.686255, 0.039478,
 0,x_unit, 25.187084, 1.650000, 3.022851, 1.372851,   1.653223, 1.787768, 0.134546,   1.686255, 0.038672,
 0,x_unit, 25.212778, 1.657251, 2.928589, 1.271338,   1.658057, 1.805493, 0.147436,   1.687060, 0.045923,
 0,x_unit, 25.238437, 1.648389, 2.644189, 0.995801,   1.649194, 1.759570, 0.110376,   1.685449, 0.034644,
 0,x_unit, 25.264234, 1.650000, 2.329175, 0.679175,   1.650000, 1.708008, 0.058008,   1.685449, 0.037866,
 0,x_unit, 25.289905, 1.648389, 2.110840, 0.462451,   1.650000, 1.699145, 0.049145,   1.687866, 0.039478,
 0,x_unit, 25.315688, 1.654834, 2.025440, 0.370606,   1.657251, 1.685449, 0.028198,   1.687060, 0.043506,
 0,x_unit, 25.341340, 1.654028, 2.143066, 0.489038,   1.650806, 1.694311, 0.043506,   1.683838, 0.037866,
 0,x_unit, 25.367132, 1.654028, 2.400879, 0.746851,   1.649194, 1.708008, 0.058813,   1.683838, 0.039478,
 0,x_unit, 25.392896, 1.653223, 2.732007, 1.078784,   1.649194, 1.760376, 0.111182,   1.683032, 0.039478,
 0,x_unit, 25.418679, 1.658862, 2.934228, 1.275366,   1.656445, 1.815161, 0.158716,   1.685449, 0.041895,
 0,x_unit, 25.444343, 1.662085, 2.994653, 1.332568,   1.666113, 1.806299, 0.140186,   1.683838, 0.051562,
 0,x_unit, 25.470115, 1.662085, 2.828686, 1.166602,   1.661279, 1.782129, 0.120850,   1.689478, 0.046729,
 0,x_unit, 25.495683, 1.662085, 2.523340, 0.861255,   1.662085, 1.745874, 0.083789,   1.691089, 0.050757,
 0,x_unit, 25.521424, 1.662085, 2.226050, 0.563965,   1.662085, 1.708813, 0.046728,   1.687866, 0.053979,
 0,x_unit, 25.547093, 1.658862, 2.056860, 0.397998,   1.654834, 1.701563, 0.046729,   1.691895, 0.052368,
 0,x_unit, 25.572905, 1.662085, 2.026245, 0.364160,   1.658862, 1.677393, 0.018530,   1.691089, 0.051562,
 0,x_unit, 25.598676, 1.658862, 2.283252, 0.624390,   1.661279, 1.720093, 0.058813,   1.691089, 0.049951,
 0,x_unit, 25.624453, 1.662085, 2.602295, 0.940210,   1.662891, 1.757959, 0.095068,   1.694311, 0.054785,
 0,x_unit, 25.650181, 1.662085, 2.872998, 1.210913,   1.661279, 1.785352, 0.124072,   1.691089, 0.048340,
 0,x_unit, 25.675907, 1.664502, 3.013989, 1.349487,   1.656445, 1.802271, 0.145825,   1.687060, 0.054785,
 0,x_unit, 25.701556, 1.657251, 2.906836, 1.249585,   1.662891, 1.794214, 0.131323,   1.695923, 0.051562,
 0,x_unit, 25.727331, 1.660474, 2.644995, 0.984521,   1.661279, 1.764404, 0.103125,   1.691089, 0.055591,
 0,x_unit, 25.753104, 1.647583, 2.325146, 0.677563,   1.644360, 1.720898, 0.076538,   1.685449, 0.035449,
 0,x_unit, 25.778796, 1.648389, 2.118091, 0.469702,   1.645972, 1.674976, 0.029004,   1.686255, 0.039478,
 0,x_unit, 25.804443, 1.647583, 2.006104, 0.358521,   1.645166, 1.690283, 0.045117,   1.683838, 0.036255,
 0,x_unit, 25.830219, 1.649194, 2.104394, 0.455200,   1.650000, 1.710425, 0.060425,   1.683838, 0.036255,
 0,x_unit, 25.856003, 1.650806, 2.433911, 0.783105,   1.648389, 1.736206, 0.087817,   1.683838, 0.038672,
 0,x_unit, 25.881689, 1.650806, 2.747314, 1.096509,   1.650000, 1.774878, 0.124878,   1.682227, 0.038672,
 0,x_unit, 25.907346, 1.652417, 2.943897, 1.291480,   1.650806, 1.778101, 0.127295,   1.687060, 0.037866,
 0,x_unit, 25.933116, 1.653223, 2.978540, 1.325317,   1.650000, 1.799853, 0.149853,   1.687060, 0.041895,
 0,x_unit, 25.958912, 1.653223, 2.801294, 1.148071,   1.650000, 1.741846, 0.091846,   1.687060, 0.037866,
 0,x_unit, 25.984600, 1.652417, 2.486279, 0.833862,   1.654028, 1.736206, 0.082178,   1.687866, 0.038672,
 0,x_unit, 26.010226, 1.649194, 2.193823, 0.544629,   1.649194, 1.712036, 0.062842,   1.686255, 0.040283,
 0,x_unit, 26.036002, 1.648389, 2.035913, 0.387524,   1.652417, 1.662891, 0.010474,   1.683838, 0.038672,
 0,x_unit, 26.061791, 1.654028, 2.047998, 0.393970,   1.662891, 1.699145, 0.036255,   1.685449, 0.048340,
 0,x_unit, 26.087477, 1.662891, 2.288086, 0.625195,   1.660474, 1.712036, 0.051563,   1.691895, 0.050757,
 0,x_unit, 26.113123, 1.662891, 2.599878, 0.936987,   1.665308, 1.757959, 0.092651,   1.695923, 0.052368,
 0,x_unit, 26.138782, 1.665308, 2.860913, 1.195605,   1.665308, 1.795020, 0.129712,   1.691895, 0.049951,
 0,x_unit, 26.164577, 1.658057, 2.981763, 1.323706,   1.657251, 1.807910, 0.150659,   1.691895, 0.053979,
 0,x_unit, 26.190247, 1.661279, 2.915698, 1.254419,   1.661279, 1.791797, 0.130517,   1.687866, 0.047534,
 0,x_unit, 26.216012, 1.660474, 2.678027, 1.017554,   1.654834, 1.732983, 0.078149,   1.691089, 0.049951,
 0,x_unit, 26.241681, 1.661279, 2.321924, 0.660644,   1.654834, 1.728955, 0.074121,   1.690283, 0.052368,
 0,x_unit, 26.267444, 1.661279, 2.114063, 0.452783,   1.658057, 1.691895, 0.033838,   1.691895, 0.052368,
 0,x_unit, 26.293232, 1.654834, 2.014966, 0.360132,   1.654834, 1.687060, 0.032227,   1.694311, 0.052368,
 0,x_unit, 26.319005, 1.661279, 2.166431, 0.505151,   1.661279, 1.703174, 0.041894,   1.691895, 0.047534,
 0,x_unit, 26.344688, 1.658862, 2.475000, 0.816138,   1.658057, 1.743457, 0.085400,   1.695923, 0.051562,
 0,x_unit, 26.370344, 1.661279, 2.757788, 1.096509,   1.654834, 1.784546, 0.129712,   1.689478, 0.053979,
 0,x_unit, 26.395906, 1.643555, 2.951147, 1.307593,   1.648389, 1.795020, 0.146631,   1.687866, 0.037866,
 0,x_unit, 26.421656, 1.648389, 2.957593, 1.309204,   1.650806, 1.787768, 0.136963,   1.683838, 0.035449,
 0,x_unit, 26.447316, 1.650000, 2.761816, 1.111816,   1.650000, 1.743457, 0.093457,   1.683032, 0.038672,
 0,x_unit, 26.473127, 1.650000, 2.391211, 0.741211,   1.650000, 1.733789, 0.083789,   1.683838, 0.037866,
 0,x_unit, 26.498797, 1.650806, 2.172070, 0.521265,   1.650000, 1.702368, 0.052368,   1.683838, 0.037866,
 0,x_unit, 26.524572, 1.644360, 2.031885, 0.387524,   1.645972, 1.668530, 0.022559,   1.679810, 0.039478,
 0,x_unit, 26.550233, 1.647583, 2.116479, 0.468896,   1.650806, 1.690283, 0.039478,   1.685449, 0.038672,
 0,x_unit, 26.576003, 1.645972, 2.368652, 0.722681,   1.645972, 1.728149, 0.082178,   1.683838, 0.040283,
 0,x_unit, 26.601793, 1.653223, 2.695752, 1.042529,   1.652417, 1.770044, 0.117627,   1.679810, 0.039478,
 0,x_unit, 26.627599, 1.650806, 2.920532, 1.269727,   1.654028, 1.799048, 0.145020,   1.682227, 0.036255,
 0,x_unit, 26.653322, 1.653223, 2.977734, 1.324512,   1.650000, 1.786157, 0.136157,   1.683838, 0.037866,
 0,x_unit, 26.679018, 1.653223, 2.816602, 1.163379,   1.653223, 1.782935, 0.129712,   1.682227, 0.039478,
 0,x_unit, 26.704682, 1.665308, 2.508032, 0.842724,   1.664502, 1.749097, 0.084595,   1.689478, 0.053979,
 0,x_unit, 26.730456, 1.662085, 2.237329, 0.575244,   1.666113, 1.706396, 0.040283,   1.691895, 0.051562,
 0,x_unit, 26.756229, 1.662891, 2.052832, 0.389941,   1.658862, 1.693506, 0.034644,   1.689478, 0.053979,
 0,x_unit, 26.781903, 1.660474, 2.052832, 0.392358,   1.662085, 1.690283, 0.028198,   1.691089, 0.052368,
 0,x_unit, 26.807564, 1.657251, 2.297754, 0.640503,   1.661279, 1.716064, 0.054785,   1.690283, 0.051562,
 0,x_unit, 26.833343, 1.661279, 2.599072, 0.937793,   1.664502, 1.751514, 0.087012,   1.687060, 0.050757,
 0,x_unit, 26.859129, 1.662085, 2.881860, 1.219775,   1.662085, 1.782129, 0.120044,   1.694311, 0.050757,
 0,x_unit, 26.884829, 1.664502, 2.992236, 1.327734,   1.662085, 1.799853, 0.137769,   1.693506, 0.049951,
 0,x_unit, 26.897896, 1.653223, 2.968872, 1.315649,   1.662085, 1.805493, 0.143408,   1.691895, 0.052368,
 0,x_unit, 26.923689, 1.662085, 2.748926, 1.086841,   1.658862, 1.793408, 0.134546,   1.691895, 0.049951,
 0,x_unit, 26.949342, 1.660474, 2.467749, 0.807275,   1.662085, 1.739429, 0.077344,   1.691895, 0.051562,
 0,x_unit, 26.975127, 1.658862, 2.143872, 0.485010,   1.656445, 1.683838, 0.027393,   1.693506, 0.049951,
 0,x_unit, 27.000809, 1.657251, 2.038330, 0.381079,   1.662085, 1.673364, 0.011279,   1.690283, 0.051562,
 0,x_unit, 27.026565, 1.657251, 2.118091, 0.460840,   1.662085, 1.711230, 0.049145,   1.695117, 0.050757,
 0,x_unit, 27.052226, 1.644360, 2.367847, 0.723486,   1.644360, 1.722510, 0.078149,   1.683838, 0.039478,
 0,x_unit, 27.077913, 1.650806, 2.685278, 1.034473,   1.649194, 1.769238, 0.120044,   1.682227, 0.038672,
 0,x_unit, 27.103685, 1.648389, 2.915698, 1.267310,   1.652417, 1.770044, 0.117627,   1.687866, 0.038672,
 0,x_unit, 27.129454, 1.650806, 2.941479, 1.290674,   1.650000, 1.794214, 0.144214,   1.687866, 0.038672,
 0,x_unit, 27.155229, 1.650000, 2.806934, 1.156934,   1.647583, 1.770044, 0.122461,   1.683838, 0.039478,
 0,x_unit, 27.180913, 1.649194, 2.520117, 0.870923,   1.652417, 1.747485, 0.095068,   1.682227, 0.040283,
 0,x_unit, 27.206570, 1.649194, 2.235718, 0.586523,   1.647583, 1.714453, 0.066870,   1.682227, 0.039478,
 0,x_unit, 27.232350, 1.645972, 2.044775, 0.398804,   1.650000, 1.670142, 0.020142,   1.685449, 0.039478,
 0,x_unit, 27.258133, 1.653223, 2.071362, 0.418140,   1.650806, 1.686255, 0.035449,   1.681421, 0.035449,
 0,x_unit, 27.283822, 1.649194, 2.270361, 0.621167,   1.652417, 1.728149, 0.075732,   1.686255, 0.037866,
 0,x_unit, 27.309581, 1.654028, 2.602295, 0.948267,   1.653223, 1.752319, 0.099097,   1.686255, 0.038672,
 0,x_unit, 27.335345, 1.650000, 2.862524, 1.212524,   1.650806, 1.773267, 0.122461,   1.683032, 0.036255,
 0,x_unit, 27.361135, 1.668530, 2.980957, 1.312427,   1.664502, 1.776489, 0.111987,   1.691895, 0.048340,
 0,x_unit, 27.386869, 1.662085, 2.886694, 1.224609,   1.662085, 1.786157, 0.124072,   1.693506, 0.049951,
 0,x_unit, 27.412452, 1.664502, 2.586987, 0.922485,   1.662891, 1.766821, 0.103931,   1.691895, 0.049951,
 0,x_unit, 27.438125, 1.658862, 2.289697, 0.630835,   1.664502, 1.718481, 0.053980,   1.689478, 0.050757,
 0,x_unit, 27.463909, 1.661279, 2.077002, 0.415722,   1.656445, 1.699145, 0.042700,   1.693506, 0.049951,
 0,x_unit, 27.489690, 1.656445, 2.039136, 0.382690,   1.658862, 1.691895, 0.033032,   1.687866, 0.053979,
 0,x_unit, 27.515439, 1.662891, 2.231689, 0.568799,   1.658862, 1.724927, 0.066064,   1.691895, 0.051562,
 0,x_unit, 27.541119, 1.658057, 2.533813, 0.875757,   1.654834, 1.757153, 0.102319,   1.691895, 0.050757,
 0,x_unit, 27.567013, 1.660474, 2.820630, 1.160156,   1.661279, 1.780518, 0.119238,   1.694311, 0.053979,
 0,x_unit, 27.592684, 1.658862, 2.976929, 1.318066,   1.662085, 1.813550, 0.151465,   1.694311, 0.050757,
 0,x_unit, 27.618485, 1.662085, 2.924561, 1.262476,   1.654834, 1.765210, 0.110376,   1.691895, 0.054785,
 0,x_unit, 27.644123, 1.661279, 2.644189, 0.982910,   1.662085, 1.768433, 0.106348,   1.693506, 0.054785,
 0,x_unit, 27.669793, 1.645972, 2.317090, 0.671118,   1.645166, 1.693506, 0.048340,   1.683032, 0.039478,
 0,x_unit, 27.695572, 1.648389, 2.110034, 0.461646,   1.647583, 1.693506, 0.045923,   1.683032, 0.035449,
 0,x_unit, 27.721233, 1.645166, 2.010937, 0.365771,   1.644360, 1.685449, 0.041089,   1.690283, 0.036255,
 0,x_unit, 27.746918, 1.652417, 2.177710, 0.525293,   1.648389, 1.728149, 0.079761,   1.682227, 0.038672,
 0,x_unit, 27.772691, 1.647583, 2.466943, 0.819360,   1.645972, 1.753931, 0.107959,   1.686255, 0.040283,
 0,x_unit, 27.798342, 1.653223, 2.748120, 1.094897,   1.648389, 1.766821, 0.118433,   1.682227, 0.036255,
 0,x_unit, 27.824132, 1.650000, 2.915698, 1.265698,   1.649194, 1.794214, 0.145020,   1.682227, 0.037866,
 0,x_unit, 27.848345, 1.649194, 2.973706, 1.324512,   1.650806, 1.762793, 0.111987,   1.683838, 0.036255,
 0,x_unit, 27.874127, 1.650000, 2.752148, 1.102148,   1.652417, 1.774072, 0.121655,   1.686255, 0.035449,
 0,x_unit, 27.899798, 1.648389, 2.455664, 0.807275,   1.654028, 1.736206, 0.082178,   1.686255, 0.037866,
 0,x_unit, 27.925572, 1.650806, 2.170459, 0.519653,   1.653223, 1.699951, 0.046728,   1.679004, 0.037866,
 0,x_unit, 27.951230, 1.652417, 2.055249, 0.402832,   1.649194, 1.679810, 0.030615,   1.686255, 0.039478,
 0,x_unit, 27.976916, 1.652417, 2.093921, 0.441504,   1.650000, 1.699951, 0.049951,   1.681421, 0.038672,
 0,x_unit, 28.002694, 1.661279, 2.350928, 0.689648,   1.662085, 1.714453, 0.052368,   1.691895, 0.047534,
 0,x_unit, 28.028444, 1.665308, 2.681250, 1.015942,   1.664502, 1.770850, 0.106348,   1.691895, 0.050757,
 0,x_unit, 28.054230, 1.661279, 2.955176, 1.293896,   1.662085, 1.782935, 0.120850,   1.691895, 0.050757,
 0,x_unit, 28.079914, 1.664502, 2.994653, 1.330151,   1.662891, 1.822412, 0.159522,   1.687866, 0.050757,
 0,x_unit, 28.105580, 1.662085, 2.831104, 1.169019,   1.662085, 1.787768, 0.125684,   1.685449, 0.046729,
 0,x_unit, 28.131345, 1.662085, 2.573291, 0.911206,   1.660474, 1.731372, 0.070898,   1.691895, 0.051562,
 0,x_unit, 28.157133, 1.662085, 2.251831, 0.589746,   1.654834, 1.712036, 0.057202,   1.691895, 0.048340,
 0,x_unit, 28.182801, 1.657251, 2.061694, 0.404443,   1.660474, 1.683032, 0.022559,   1.691089, 0.051562,
 0,x_unit, 28.208443, 1.656445, 2.047192, 0.390747,   1.656445, 1.664502, 0.008057,   1.691895, 0.050757,
 0,x_unit, 28.234125, 1.662085, 2.284058, 0.621973,   1.661279, 1.719287, 0.058008,   1.695117, 0.055591,
 0,x_unit, 28.259920, 1.660474, 2.573291, 0.912817,   1.658057, 1.752319, 0.094263,   1.690283, 0.053979,
 0,x_unit, 28.285609, 1.654834, 2.849634, 1.194800,   1.662085, 1.769238, 0.107153,   1.691895, 0.047534,
 0,x_unit, 28.311238, 1.645972, 3.010767, 1.364795,   1.647583, 1.816772, 0.169189,   1.683032, 0.037866,
 0,x_unit, 28.337005, 1.650000, 2.856885, 1.206885,   1.654028, 1.797436, 0.143408,   1.683032, 0.040283,
 0,x_unit, 28.362798, 1.650000, 2.610352, 0.960352,   1.649194, 1.757959, 0.108765,   1.683838, 0.035449,
 0,x_unit, 28.388496, 1.643555, 2.313867, 0.670312,   1.650000, 1.724121, 0.074121,   1.685449, 0.041895,
 0,x_unit, 28.414242, 1.650806, 2.068945, 0.418140,   1.648389, 1.683838, 0.035449,   1.687866, 0.038672,
 0,x_unit, 28.439918, 1.650000, 2.043970, 0.393970,   1.647583, 1.687866, 0.040283,   1.687060, 0.043506,
 0,x_unit, 28.465691, 1.650806, 2.205908, 0.555102,   1.650806, 1.719287, 0.068481,   1.686255, 0.037866,
 0,x_unit, 28.491455, 1.650000, 2.487085, 0.837085,   1.650806, 1.753931, 0.103125,   1.685449, 0.038672,
 0,x_unit, 28.517240, 1.654028, 2.797266, 1.143237,   1.650806, 1.785352, 0.134546,   1.683838, 0.037866,
 0,x_unit, 28.542906, 1.653223, 2.955981, 1.302759,   1.650000, 1.798242, 0.148242,   1.679810, 0.038672,
 0,x_unit, 28.568809, 1.650000, 2.935840, 1.285840,   1.650806, 1.789380, 0.138574,   1.685449, 0.035449,
 0,x_unit, 28.594480, 1.647583, 2.695752, 1.048169,   1.652417, 1.770850, 0.118433,   1.686255, 0.040283,
 0,x_unit, 28.620238, 1.645166, 2.416187, 0.771021,   1.650806, 1.737012, 0.086206,   1.687060, 0.048340,
 0,x_unit, 28.645798, 1.664502, 2.150317, 0.485816,   1.665308, 1.701563, 0.036255,   1.683032, 0.053979,
 0,x_unit, 28.671457, 1.662085, 2.031079, 0.368994,   1.658862, 1.682227, 0.023364,   1.694311, 0.050757,
 0,x_unit, 28.697238, 1.658862, 2.156763, 0.497900,   1.662891, 1.710425, 0.047534,   1.691089, 0.051562,
 0,x_unit, 28.722996, 1.657251, 2.447607, 0.790356,   1.662085, 1.735400, 0.073315,   1.689478, 0.049951,
 0,x_unit, 28.748693, 1.662085, 2.748120, 1.086035,   1.664502, 1.789380, 0.124878,   1.691895, 0.053979,
 0,x_unit, 28.774445, 1.662085, 2.943091, 1.281006,   1.664502, 1.799853, 0.135352,   1.691089, 0.051562,
 0,x_unit, 28.800138, 1.657251, 2.955981, 1.298730,   1.664502, 1.781323, 0.116821,   1.695923, 0.051562,
 0,x_unit, 28.825913, 1.662085, 2.731201, 1.069116,   1.662085, 1.757153, 0.095068,   1.687866, 0.051562,
 0,x_unit, 28.851577, 1.654834, 2.411352, 0.756518,   1.660474, 1.731372, 0.070898,   1.691895, 0.053979,
 0,x_unit, 28.877352, 1.658057, 2.162402, 0.504346,   1.661279, 1.703979, 0.042700,   1.689478, 0.052368,
 0,x_unit, 28.903137, 1.656445, 2.068140, 0.411694,   1.656445, 1.699145, 0.042700,   1.689478, 0.052368,
 0,x_unit, 28.928919, 1.662085, 2.147095, 0.485010,   1.660474, 1.728955, 0.068481,   1.687060, 0.053979,
 0,x_unit, 28.954698, 1.658862, 2.441968, 0.783105,   1.658862, 1.730566, 0.071704,   1.691895, 0.043506,
 0,x_unit, 28.980355, 1.645166, 2.711060, 1.065894,   1.641943, 1.757959, 0.116016,   1.683838, 0.037866,
 0,x_unit, 29.006135, 1.647583, 2.934228, 1.286645,   1.647583, 1.786963, 0.139380,   1.685449, 0.033838,
 0,x_unit, 29.031917, 1.649194, 2.965649, 1.316455,   1.647583, 1.786963, 0.139380,   1.679004, 0.039478,
 0,x_unit, 29.057707, 1.654028, 2.724756, 1.070727,   1.650000, 1.764404, 0.114404,   1.679004, 0.039478,
 0,x_unit, 29.083360, 1.649194, 2.415381, 0.766186,   1.648389, 1.697534, 0.049146,   1.683838, 0.039478,
 0,x_unit, 29.108357, 1.647583, 2.196240, 0.548657,   1.652417, 1.699145, 0.046728,   1.682227, 0.034644,
 0,x_unit, 29.134135, 1.650000, 2.033496, 0.383496,   1.650806, 1.672559, 0.021753,   1.685449, 0.038672,
 0,x_unit, 29.159921, 1.652417, 2.126953, 0.474536,   1.650806, 1.720898, 0.070093,   1.681421, 0.038672,
 0,x_unit, 29.185671, 1.650806, 2.412158, 0.761353,   1.650806, 1.708008, 0.057202,   1.685449, 0.037866,
 0,x_unit, 29.211357, 1.653223, 2.678027, 1.024805,   1.654028, 1.773267, 0.119238,   1.681421, 0.037866,
 0,x_unit, 29.237138, 1.649194, 2.922949, 1.273755,   1.653223, 1.778906, 0.125684,   1.687866, 0.037866,
 0,x_unit, 29.262914, 1.666919, 2.955176, 1.288257,   1.666113, 1.803882, 0.137769,   1.691895, 0.047534,
 0,x_unit, 29.288603, 1.662085, 2.757788, 1.095703,   1.662085, 1.766821, 0.104736,   1.689478, 0.049951,
 0,x_unit, 29.314380, 1.665308, 2.433911, 0.768603,   1.665308, 1.740234, 0.074927,   1.693506, 0.052368,
 0,x_unit, 29.340025, 1.662891, 2.173681, 0.510791,   1.658862, 1.686255, 0.027393,   1.694311, 0.051562,
 0,x_unit, 29.365806, 1.664502, 2.039941, 0.375439,   1.662085, 1.691089, 0.029004,   1.693506, 0.051562,
 0,x_unit, 29.391586, 1.662891, 2.106812, 0.443921,   1.664502, 1.706396, 0.041895,   1.695923, 0.048340,
 0,x_unit, 29.417351, 1.662891, 2.433911, 0.771021,   1.654834, 1.730566, 0.075732,   1.691895, 0.052368,
 0,x_unit, 29.443025, 1.662085, 2.698169, 1.036084,   1.662085, 1.770044, 0.107959,   1.691895, 0.053979,
 0,x_unit, 29.468812, 1.661279, 2.914892, 1.253613,   1.662085, 1.799048, 0.136963,   1.691895, 0.048340,
 0,x_unit, 29.494461, 1.662891, 2.981763, 1.318872,   1.662891, 1.786963, 0.124072,   1.690283, 0.047534,
 0,x_unit, 29.520246, 1.662085, 2.758594, 1.096509,   1.661279, 1.785352, 0.124072,   1.689478, 0.051562,
 0,x_unit, 29.545804, 1.662085, 2.479834, 0.817749,   1.654834, 1.732178, 0.077344,   1.694311, 0.051562,
 0,x_unit, 29.571681, 1.658862, 2.143872, 0.485010,   1.656445, 1.677393, 0.020947,   1.691895, 0.048340,
 0,x_unit, 29.597360, 1.645166, 2.030273, 0.385107,   1.640332, 1.699145, 0.058813,   1.683838, 0.039478,
 0,x_unit, 29.623140, 1.648389, 2.105200, 0.456811,   1.645972, 1.702368, 0.056396,   1.687060, 0.041895,
 0,x_unit, 29.648790, 1.647583, 2.354150, 0.706567,   1.650000, 1.728149, 0.078149,   1.685449, 0.038672,
 0,x_unit, 29.674587, 1.645972, 2.686890, 1.040918,   1.647583, 1.762793, 0.115210,   1.685449, 0.038672,
 0,x_unit, 29.700237, 1.654834, 2.910864, 1.256030,   1.653223, 1.802271, 0.149048,   1.689478, 0.039478,
 0,x_unit, 29.726024, 1.649194, 2.947925, 1.298730,   1.650000, 1.795020, 0.145020,   1.683838, 0.039478,
 0,x_unit, 29.751698, 1.650000, 2.764233, 1.114233,   1.653223, 1.770850, 0.117627,   1.683838, 0.039478,
 0,x_unit, 29.777360, 1.648389, 2.471777, 0.823389,   1.647583, 1.745874, 0.098291,   1.683838, 0.038672,
 0,x_unit, 29.803131, 1.658862, 2.177710, 0.518848,   1.656445, 1.703979, 0.047534,   1.685449, 0.037866,
 0,x_unit, 29.828910, 1.648389, 2.039941, 0.391553,   1.648389, 1.676587, 0.028198,   1.687060, 0.039478,
 0,x_unit, 29.854701, 1.647583, 2.101978, 0.454395,   1.650806, 1.694311, 0.043506,   1.683032, 0.038672,
 0,x_unit, 29.880372, 1.654028, 2.387182, 0.733154,   1.650000, 1.737817, 0.087817,   1.683032, 0.040283,
 0,x_unit, 29.906037, 1.670947, 2.682056, 1.011109,   1.666919, 1.753931, 0.087012,   1.691895, 0.055591,
 0,x_unit, 29.931816, 1.664502, 2.968872, 1.304370,   1.666919, 1.810327, 0.143408,   1.691895, 0.053979,
 0,x_unit, 29.957584, 1.666113, 2.963232, 1.297119,   1.662085, 1.811133, 0.149048,   1.693506, 0.050757,
 0,x_unit, 29.983244, 1.661279, 2.802099, 1.140820,   1.662085, 1.770850, 0.108765,   1.691895, 0.054785,
 0,x_unit, 30.008921, 1.657251, 2.486279, 0.829028,   1.664502, 1.736206, 0.071704,   1.693506, 0.054785,
 0,x_unit, 30.034695, 1.661279, 2.202686, 0.541406,   1.662085, 1.699951, 0.037866,   1.691895, 0.050757,
 0,x_unit, 30.060476, 1.661279, 2.056860, 0.395581,   1.654834, 1.699951, 0.045117,   1.687060, 0.051562,
 0,x_unit, 30.086177, 1.657251, 2.122925, 0.465674,   1.660474, 1.666919, 0.006445,   1.689478, 0.050757,
 0,x_unit, 30.111812, 1.657251, 2.345288, 0.688037,   1.661279, 1.733789, 0.072510,   1.691089, 0.051562,
 0,x_unit, 30.137581, 1.662085, 2.664331, 1.002246,   1.662085, 1.757959, 0.095874,   1.689478, 0.051562,
 0,x_unit, 30.163353, 1.662085, 2.915698, 1.253613,   1.656445, 1.790991, 0.134546,   1.691895, 0.050757,
 0,x_unit, 30.189051, 1.658057, 2.984180, 1.326123,   1.657251, 1.809521, 0.152270,   1.691089, 0.051562,
 0,x_unit, 30.214809, 1.662085, 2.791626, 1.129541,   1.662085, 1.780518, 0.118433,   1.691895, 0.053979,
 0,x_unit, 30.240473, 1.643555, 2.494336, 0.850781,   1.647583, 1.736206, 0.088623,   1.687060, 0.038672,
 0,x_unit, 30.266244, 1.647583, 2.202686, 0.555103,   1.647583, 1.682227, 0.034644,   1.685449, 0.039478,
 0,x_unit, 30.291928, 1.645972, 2.044775, 0.398804,   1.645166, 1.687866, 0.042700,   1.687060, 0.036255,
 0,x_unit, 30.317693, 1.648389, 2.105200, 0.456811,   1.647583, 1.673364, 0.025781,   1.683838, 0.038672,
 0,x_unit, 30.343368, 1.650000, 2.346899, 0.696899,   1.648389, 1.731372, 0.082983,   1.686255, 0.037866,
 0,x_unit, 30.369161, 1.652417, 2.691724, 1.039307,   1.650000, 1.752319, 0.102319,   1.683838, 0.038672,
 0,x_unit, 30.394947, 1.654834, 2.901196, 1.246362,   1.650000, 1.793408, 0.143408,   1.691895, 0.037866,
 0,x_unit, 30.421253, 1.650000, 2.969678, 1.319678,   1.648389, 1.755542, 0.107153,   1.683838, 0.040283,
 0,x_unit, 30.447194, 1.647583, 2.794043, 1.146460,   1.652417, 1.773267, 0.120850,   1.678198, 0.036255,
 0,x_unit, 30.473064, 1.650806, 2.487085, 0.836279,   1.652417, 1.765210, 0.112793,   1.682227, 0.038672,
 0,x_unit, 30.499049, 1.650000, 2.159180, 0.509180,   1.650000, 1.708813, 0.058813,   1.683032, 0.034644,
 0,x_unit, 30.524935, 1.650806, 2.067334, 0.416528,   1.652417, 1.682227, 0.029810,   1.681421, 0.036255,
 0,x_unit, 30.550719, 1.666919, 2.100366, 0.433447,   1.668530, 1.699951, 0.031421,   1.687866, 0.053979,
 0,x_unit, 30.576700, 1.658862, 2.375098, 0.716235,   1.662891, 1.728149, 0.065259,   1.685449, 0.051562,
 0,x_unit, 30.602622, 1.664502, 2.669165, 1.004663,   1.662891, 1.761182, 0.098291,   1.691089, 0.052368,
 0,x_unit, 30.628619, 1.666919, 2.893140, 1.226221,   1.662891, 1.801465, 0.138574,   1.694311, 0.054785,
 0,x_unit, 30.654472, 1.666113, 2.982568, 1.316455,   1.662085, 1.803882, 0.141797,   1.689478, 0.051562,
 0,x_unit, 30.680375, 1.660474, 2.757788, 1.097314,   1.662085, 1.785352, 0.123267,   1.687866, 0.052368,
 0,x_unit, 30.706327, 1.662085, 2.479834, 0.817749,   1.662085, 1.747485, 0.085400,   1.691895, 0.047534,
 0,x_unit, 30.732274, 1.662085, 2.196240, 0.534155,   1.662085, 1.706396, 0.044312,   1.687866, 0.051562,
 0,x_unit, 30.758171, 1.660474, 2.068140, 0.407666,   1.654834, 1.679810, 0.024976,   1.687060, 0.050757,
 0,x_unit, 30.784061, 1.657251, 2.108423, 0.451172,   1.660474, 1.699951, 0.039478,   1.687060, 0.053979,
 0,x_unit, 30.809743, 1.658862, 2.370264, 0.711401,   1.661279, 1.737817, 0.076538,   1.691089, 0.051562,
 0,x_unit, 30.835714, 1.658862, 2.679639, 1.020776,   1.660474, 1.770850, 0.110376,   1.693506, 0.051562,
 0,x_unit, 30.861740, 1.654834, 2.922949, 1.268115,   1.647583, 1.787768, 0.140185,   1.685449, 0.043506,
 0,x_unit, 30.887755, 1.645972, 2.976929, 1.330957,   1.649194, 1.789380, 0.140185,   1.686255, 0.037866,
 0,x_unit, 30.913060, 1.647583, 2.779541, 1.131958,   1.645166, 1.770044, 0.124878,   1.683838, 0.037866,
 0,x_unit, 30.938919, 1.650000, 2.461304, 0.811304,   1.648389, 1.718481, 0.070093,   1.685449, 0.033838,
 0,x_unit, 30.964836, 1.649194, 2.204297, 0.555102,   1.650806, 1.687060, 0.036255,   1.683838, 0.037866,
 0,x_unit, 30.990725, 1.647583, 2.047192, 0.399609,   1.650000, 1.704785, 0.054785,   1.686255, 0.037866,
 0,x_unit, 31.016737, 1.647583, 2.113257, 0.465674,   1.647583, 1.686255, 0.038672,   1.681421, 0.037866,
 0,x_unit, 31.042506, 1.649194, 2.380737, 0.731543,   1.652417, 1.743457, 0.091040,   1.681421, 0.037866,
 0,x_unit, 31.068402, 1.647583, 2.662720, 1.015137,   1.649194, 1.757153, 0.107959,   1.683838, 0.036255,
 0,x_unit, 31.094380, 1.650000, 2.914087, 1.264087,   1.650806, 1.799853, 0.149048,   1.685449, 0.037866,
 0,x_unit, 31.120380, 1.652417, 2.961621, 1.309204,   1.653223, 1.757959, 0.104736,   1.685449, 0.037866,
 0,x_unit, 31.146107, 1.650806, 2.756982, 1.106177,   1.649194, 1.776489, 0.127295,   1.683838, 0.037866,
 0,x_unit, 31.172052, 1.650806, 2.491113, 0.840308,   1.650000, 1.724121, 0.074121,   1.683838, 0.038672,
 0,x_unit, 31.197931, 1.662085, 2.192212, 0.530127,   1.662891, 1.706396, 0.043506,   1.689478, 0.051562,
 0,x_unit, 31.223947, 1.662085, 2.060083, 0.397998,   1.666113, 1.683032, 0.016919,   1.687060, 0.053979,
 0,x_unit, 31.249846, 1.662085, 2.151929, 0.489844,   1.662085, 1.699951, 0.037866,   1.693506, 0.052368,
 0,x_unit, 31.275817, 1.665308, 2.446802, 0.781494,   1.662891, 1.739429, 0.076538,   1.693506, 0.054785,
 0,x_unit, 31.301846, 1.658057, 2.718311, 1.060254,   1.662891, 1.798242, 0.135352,   1.691895, 0.052368,
 0,x_unit, 31.327903, 1.662891, 2.943091, 1.280200,   1.662891, 1.795020, 0.132129,   1.691895, 0.049951,
 0,x_unit, 31.353943, 1.662085, 2.922143, 1.260059,   1.661279, 1.782129, 0.120850,   1.691895, 0.050757,
 0,x_unit, 31.379742, 1.658057, 2.686890, 1.028833,   1.664502, 1.762793, 0.098291,   1.691895, 0.054785,
 0,x_unit, 31.405732, 1.661279, 2.371875, 0.710596,   1.658862, 1.727344, 0.068481,   1.687060, 0.051562,
 0,x_unit, 31.431726, 1.661279, 2.105200, 0.443921,   1.661279, 1.686255, 0.024976,   1.695117, 0.051562,
 0,x_unit, 31.457680, 1.662085, 2.097949, 0.435864,   1.658057, 1.691895, 0.033838,   1.687060, 0.052368,
 0,x_unit, 31.483612, 1.661279, 2.217187, 0.555908,   1.656445, 1.697534, 0.041089,   1.691895, 0.049951,
 0,x_unit, 31.509419, 1.647583, 2.507226, 0.859643,   1.644360, 1.744263, 0.099902,   1.681421, 0.036255,
 0,x_unit, 31.535414, 1.648389, 2.776318, 1.127930,   1.648389, 1.802271, 0.153882,   1.683838, 0.038672,
 0,x_unit, 31.561453, 1.649194, 2.980957, 1.331763,   1.648389, 1.787768, 0.139380,   1.683838, 0.037866,
 0,x_unit, 31.587298, 1.647583, 2.905225, 1.257642,   1.648389, 1.799048, 0.150659,   1.683838, 0.039478,
 0,x_unit, 31.613063, 1.652417, 2.615185, 0.962769,   1.652417, 1.728149, 0.075732,   1.683032, 0.038672,
 0,x_unit, 31.638975, 1.650000, 2.291309, 0.641309,   1.647583, 1.712842, 0.065259,   1.682227, 0.039478,
 0,x_unit, 31.664822, 1.650000, 2.085864, 0.435864,   1.645972, 1.690283, 0.044312,   1.686255, 0.037866,
 0,x_unit, 31.690874, 1.653223, 2.048804, 0.395581,   1.645972, 1.691895, 0.045923,   1.685449, 0.037866,
 0,x_unit, 31.716723, 1.650806, 2.276807, 0.626001,   1.652417, 1.703174, 0.050757,   1.687866, 0.039478,
 0,x_unit, 31.742627, 1.650806, 2.573291, 0.922485,   1.650806, 1.757959, 0.107153,   1.683838, 0.037866,
 0,x_unit, 31.768509, 1.654028, 2.822241, 1.168213,   1.650806, 1.795825, 0.145020,   1.685449, 0.037866,
 0,x_unit, 31.794378, 1.654834, 2.986597, 1.331763,   1.652417, 1.802271, 0.149854,   1.685449, 0.036255,
 0,x_unit, 31.820449, 1.649194, 2.827075, 1.177881,   1.654834, 1.777295, 0.122461,   1.687060, 0.047534,
 0,x_unit, 31.846296, 1.666113, 2.523340, 0.857226,   1.666113, 1.757959, 0.091846,   1.691089, 0.047534,
 0,x_unit, 31.872214, 1.662085, 2.238135, 0.576050,   1.664502, 1.720093, 0.055591,   1.686255, 0.052368,
 0,x_unit, 31.898159, 1.664502, 2.029468, 0.364966,   1.661279, 1.693506, 0.032227,   1.686255, 0.049951,
 0,x_unit, 31.924165, 1.662891, 2.105200, 0.442309,   1.661279, 1.683838, 0.022559,   1.689478, 0.049951,
 0,x_unit, 31.950064, 1.662085, 2.350928, 0.688843,   1.662085, 1.724121, 0.062036,   1.691089, 0.052368,
 0,x_unit, 31.976055, 1.660474, 2.661108, 1.000635,   1.658862, 1.774072, 0.115210,   1.695923, 0.051562,
 0,x_unit, 32.001943, 1.658862, 2.948730, 1.289868,   1.657251, 1.799853, 0.142602,   1.691089, 0.051562,
 0,x_unit, 32.027924, 1.661279, 2.968872, 1.307593,   1.662085, 1.794214, 0.132129,   1.691089, 0.050757,
 0,x_unit, 32.053971, 1.664502, 2.750537, 1.086035,   1.656445, 1.789380, 0.132935,   1.693506, 0.054785,
 0,x_unit, 32.079923, 1.658057, 2.475000, 0.816943,   1.658862, 1.736206, 0.077344,   1.687060, 0.051562,
 0,x_unit, 32.105805, 1.658862, 2.177710, 0.518848,   1.656445, 1.702368, 0.045923,   1.694311, 0.047534,
 0,x_unit, 32.131855, 1.661279, 2.050415, 0.389136,   1.656445, 1.691895, 0.035449,   1.691895, 0.046729,
 0,x_unit, 32.157844, 1.645972, 2.127759, 0.481787,   1.644360, 1.695923, 0.051563,   1.681421, 0.036255,
 0,x_unit, 32.183631, 1.648389, 2.408130, 0.759741,   1.644360, 1.723315, 0.078955,   1.679810, 0.037866,
 0,x_unit, 32.209414, 1.650806, 2.707031, 1.056226,   1.649194, 1.770850, 0.121655,   1.683838, 0.037866,
 0,x_unit, 32.235332, 1.650000, 2.928589, 1.278589,   1.648389, 1.818384, 0.169995,   1.682227, 0.037866,
 0,x_unit, 32.261211, 1.652417, 2.948730, 1.296314,   1.653223, 1.806299, 0.153076,   1.677393, 0.040283,
 0,x_unit, 32.287045, 1.648389, 2.694141, 1.045752,   1.653223, 1.766821, 0.113599,   1.686255, 0.039478,
 0,x_unit, 32.312857, 1.648389, 2.370264, 0.721875,   1.650806, 1.724927, 0.074121,   1.685449, 0.036255,
 0,x_unit, 32.338899, 1.650000, 2.094727, 0.444727,   1.645972, 1.689478, 0.043506,   1.683838, 0.033838,
 0,x_unit, 32.364941, 1.650806, 2.031079, 0.380273,   1.650806, 1.682227, 0.031421,   1.685449, 0.038672,
 0,x_unit, 32.390845, 1.650806, 2.187378, 0.536572,   1.653223, 1.694311, 0.041089,   1.685449, 0.037866,
 0,x_unit, 32.416950, 1.649194, 2.492725, 0.843530,   1.653223, 1.720898, 0.067676,   1.685449, 0.037866,
 0,x_unit, 32.442875, 1.653223, 2.783569, 1.130347,   1.650000, 1.772461, 0.122461,   1.681421, 0.040283,
 0,x_unit, 32.468934, 1.666113, 2.931812, 1.265698,   1.665308, 1.789380, 0.124072,   1.693506, 0.051562,
 0,x_unit, 32.494832, 1.662085, 2.922143, 1.260059,   1.662085, 1.795020, 0.132935,   1.687866, 0.051562,
 0,x_unit, 32.520720, 1.662085, 2.636938, 0.974853,   1.665308, 1.753125, 0.087817,   1.685449, 0.049951,
 0,x_unit, 32.546582, 1.664502, 2.338843, 0.674341,   1.661279, 1.726538, 0.065259,   1.691089, 0.054785,
 0,x_unit, 32.572641, 1.661279, 2.100366, 0.439087,   1.657251, 1.670142, 0.012891,   1.691895, 0.050757,
 0,x_unit, 32.598608, 1.654834, 2.084253, 0.429419,   1.658057, 1.689478, 0.031421,   1.693506, 0.052368,
 0,x_unit, 32.624618, 1.664502, 2.263110, 0.598608,   1.658862, 1.732983, 0.074121,   1.691895, 0.051562,
 0,x_unit, 32.650296, 1.656445, 2.570874, 0.914429,   1.661279, 1.774072, 0.112793,   1.691895, 0.049951,
 0,x_unit, 32.676361, 1.665308, 2.852051, 1.186743,   1.656445, 1.802271, 0.145825,   1.691089, 0.047534,
 0,x_unit, 32.702265, 1.662085, 2.955981, 1.293897,   1.661279, 1.805493, 0.144214,   1.691895, 0.049951,
 0,x_unit, 32.728286, 1.661279, 2.859302, 1.198022,   1.662891, 1.795825, 0.132935,   1.691895, 0.049951,
 0,x_unit, 32.754185, 1.653223, 2.595044, 0.941821,   1.660474, 1.772461, 0.111987,   1.691895, 0.055591,
 0,x_unit, 32.779947, 1.656445, 2.268750, 0.612305,   1.658862, 1.728955, 0.070093,   1.687060, 0.044312,
 0,x_unit, 32.805753, 1.645166, 2.085864, 0.440698,   1.645166, 1.674976, 0.029809,   1.685449, 0.038672,
 0,x_unit, 32.831734, 1.641943, 2.118896, 0.476953,   1.647583, 1.703979, 0.056396,   1.683838, 0.037866,
 0,x_unit, 32.857697, 1.650000, 2.321924, 0.671924,   1.649194, 1.720898, 0.071704,   1.682227, 0.039478,
 0,x_unit, 32.883532, 1.648389, 2.624853, 0.976465,   1.645972, 1.747485, 0.101514,   1.683838, 0.037866,
 0,x_unit, 32.909416, 1.652417, 2.886694, 1.234277,   1.648389, 1.790991, 0.142603,   1.683032, 0.038672,
 0,x_unit, 32.935390, 1.650000, 2.974512, 1.324512,   1.650806, 1.802271, 0.151465,   1.686255, 0.038672,
 0,x_unit, 32.961198, 1.650000, 2.790015, 1.140015,   1.650806, 1.780518, 0.129712,   1.685449, 0.038672,
 0,x_unit, 32.987182, 1.652417, 2.494336, 0.841919,   1.650806, 1.732983, 0.082178,   1.685449, 0.040283,
 0,x_unit, 33.012963, 1.650806, 2.197046, 0.546240,   1.649194, 1.712036, 0.062842,   1.687866, 0.037866,
 0,x_unit, 33.038866, 1.653223, 2.035107, 0.381885,   1.650000, 1.673364, 0.023364,   1.685449, 0.040283,
 0,x_unit, 33.064904, 1.654028, 2.104394, 0.450366,   1.650806, 1.706396, 0.055591,   1.687060, 0.038672,
 0,x_unit, 33.090814, 1.650000, 2.387988, 0.737988,   1.650806, 1.731372, 0.080566,   1.687060, 0.038672,
 0,x_unit, 33.116843, 1.662085, 2.704614, 1.042529,   1.668530, 1.749097, 0.080566,   1.691895, 0.050757,
 0,x_unit, 33.142833, 1.666919, 2.931812, 1.264893,   1.669336, 1.814355, 0.145020,   1.687060, 0.051562,
 0,x_unit, 33.168912, 1.666113, 2.953564, 1.287451,   1.665308, 1.781323, 0.116016,   1.691895, 0.052368,
 0,x_unit, 33.194909, 1.658057, 2.728784, 1.070727,   1.657251, 1.778101, 0.120850,   1.685449, 0.053979,
 0,x_unit, 33.220606, 1.658057, 2.433911, 0.775854,   1.662891, 1.728955, 0.066064,   1.695117, 0.047534,
 0,x_unit, 33.246157, 1.662085, 2.168848, 0.506763,   1.662085, 1.691089, 0.029004,   1.693506, 0.052368,
 0,x_unit, 33.272024, 1.662085, 2.052026, 0.389941,   1.658862, 1.706396, 0.047534,   1.694311, 0.050757,
 0,x_unit, 33.297715, 1.654834, 2.155957, 0.501123,   1.662085, 1.718481, 0.056396,   1.693506, 0.054785,
 0,x_unit, 33.323480, 1.662085, 2.461304, 0.799219,   1.658862, 1.749097, 0.090234,   1.691895, 0.048340,
 0,x_unit, 33.349153, 1.662085, 2.753760, 1.091675,   1.662085, 1.773267, 0.111182,   1.689478, 0.054785,
 0,x_unit, 33.374935, 1.660474, 2.935840, 1.275366,   1.658862, 1.805493, 0.146631,   1.693506, 0.052368,
 0,x_unit, 33.400707, 1.658862, 2.920532, 1.261670,   1.664502, 1.806299, 0.141797,   1.693506, 0.050757,
 0,x_unit, 33.426467, 1.648389, 2.715088, 1.066699,   1.647583, 1.761182, 0.113599,   1.683838, 0.037866,
 0,x_unit, 33.452166, 1.647583, 2.336426, 0.688843,   1.643555, 1.702368, 0.058813,   1.687866, 0.041895,
 0,x_unit, 33.477935, 1.647583, 2.126953, 0.479370,   1.644360, 1.697534, 0.053174,   1.685449, 0.038672,
 0,x_unit, 33.503605, 1.648389, 2.065723, 0.417334,   1.647583, 1.687866, 0.040283,   1.686255, 0.039478,
 0,x_unit, 33.529368, 1.647583, 2.225244, 0.577661,   1.650000, 1.693506, 0.043506,   1.691089, 0.037866,
 0,x_unit, 33.555241, 1.649194, 2.488696, 0.839502,   1.647583, 1.743457, 0.095874,   1.683838, 0.037866,
 0,x_unit, 33.580946, 1.653223, 2.843189, 1.189966,   1.654028, 1.782935, 0.128906,   1.683838, 0.035449,
 0,x_unit, 33.606598, 1.650806, 2.928589, 1.277783,   1.650806, 1.793408, 0.142603,   1.682227, 0.037866,
 0,x_unit, 33.632372, 1.652417, 2.848828, 1.196411,   1.652417, 1.778101, 0.125684,   1.682227, 0.039478,
 0,x_unit, 33.658159, 1.653223, 2.545898, 0.892676,   1.652417, 1.757153, 0.104736,   1.683032, 0.039478,
 0,x_unit, 33.683832, 1.650806, 2.281641, 0.630835,   1.650806, 1.712842, 0.062036,   1.683838, 0.037866,
 0,x_unit, 33.709593, 1.647583, 2.067334, 0.419751,   1.653223, 1.703174, 0.049951,   1.683838, 0.037866,
 0,x_unit, 33.735365, 1.650806, 2.061694, 0.410889,   1.648389, 1.687866, 0.039478,   1.679810, 0.040283,
 0,x_unit, 33.761158, 1.666919, 2.354956, 0.688037,   1.662891, 1.731372, 0.068481,   1.690283, 0.051562,
 0,x_unit, 33.786853, 1.662085, 2.646606, 0.984522,   1.662085, 1.782935, 0.120850,   1.691895, 0.050757,
 0,x_unit, 33.812500, 1.662085, 2.911670, 1.249585,   1.664502, 1.795020, 0.130518,   1.691089, 0.052368,
 0,x_unit, 33.838298, 1.662891, 2.948730, 1.285840,   1.662085, 1.793408, 0.131323,   1.693506, 0.049951,
 0,x_unit, 33.864037, 1.664502, 2.765845, 1.101343,   1.662085, 1.768433, 0.106348,   1.691895, 0.053979,
 0,x_unit, 33.889808, 1.662891, 2.446802, 0.783911,   1.658862, 1.743457, 0.084595,   1.691895, 0.054785,
 0,x_unit, 33.915605, 1.661279, 2.176099, 0.514819,   1.660474, 1.683838, 0.023364,   1.691089, 0.052368,
 0,x_unit, 33.941267, 1.654834, 2.052832, 0.397998,   1.656445, 1.706396, 0.049951,   1.691895, 0.054785,
 0,x_unit, 33.967054, 1.658057, 2.156763, 0.498706,   1.660474, 1.699145, 0.038672,   1.693506, 0.052368,
 0,x_unit, 33.992822, 1.662085, 2.445996, 0.783911,   1.662085, 1.752319, 0.090234,   1.691895, 0.053979,
 0,x_unit, 34.018598, 1.662085, 2.740869, 1.078784,   1.662085, 1.755542, 0.093457,   1.691089, 0.053979,
 0,x_unit, 34.044258, 1.662085, 2.951953, 1.289868,   1.660474, 1.799853, 0.139380,   1.689478, 0.051562,
 0,x_unit, 34.070043, 1.645166, 2.893140, 1.247974,   1.647583, 1.784546, 0.136963,   1.685449, 0.035449,
 0,x_unit, 34.095622, 1.649194, 2.644995, 0.995801,   1.645166, 1.751514, 0.106348,   1.686255, 0.040283,
 0,x_unit, 34.121274, 1.650806, 2.321924, 0.671118,   1.645166, 1.724927, 0.079761,   1.685449, 0.036255,
 0,x_unit, 34.146916, 1.645972, 2.100366, 0.454394,   1.650000, 1.682227, 0.032227,   1.678198, 0.037866,
 0,x_unit, 34.172793, 1.647583, 2.051221, 0.403638,   1.649194, 1.674170, 0.024976,   1.685449, 0.035449,
 0,x_unit, 34.198470, 1.647583, 2.238940, 0.591357,   1.650000, 1.719287, 0.069287,   1.683838, 0.037866,
 0,x_unit, 34.224270, 1.647583, 2.557983, 0.910400,   1.650000, 1.743457, 0.093457,   1.678198, 0.038672,
 0,x_unit, 34.249936, 1.649194, 2.819019, 1.169824,   1.652417, 1.768433, 0.116016,   1.685449, 0.036255,
 0,x_unit, 34.275836, 1.650000, 2.963232, 1.313232,   1.650000, 1.802271, 0.152271,   1.685449, 0.037866,
 0,x_unit, 34.301841, 1.652417, 2.810156, 1.157739,   1.650806, 1.780518, 0.129712,   1.689478, 0.039478,
 0,x_unit, 34.327846, 1.649194, 2.490308, 0.841113,   1.650000, 1.744263, 0.094263,   1.686255, 0.036255,
 0,x_unit, 34.353886, 1.654028, 2.213965, 0.559936,   1.650806, 1.698340, 0.047534,   1.686255, 0.035449,
 0,x_unit, 34.379813, 1.650000, 2.072168, 0.422168,   1.647583, 1.695117, 0.047534,   1.687060, 0.040283,
 0,x_unit, 34.405728, 1.665308, 2.112451, 0.447143,   1.662085, 1.701563, 0.039478,   1.695117, 0.054785,
 0,x_unit, 34.431848, 1.666113, 2.378320, 0.712207,   1.664502, 1.719287, 0.054785,   1.686255, 0.050757,
 0,x_unit, 34.457740, 1.662085, 2.700586, 1.038501,   1.662085, 1.785352, 0.123267,   1.693506, 0.052368,
 0,x_unit, 34.483582, 1.662085, 2.913281, 1.251196,   1.661279, 1.791797, 0.130517,   1.694311, 0.051562,
 0,x_unit, 34.509535, 1.664502, 2.939062, 1.274560,   1.665308, 1.772461, 0.107153,   1.691089, 0.053979,
 0,x_unit, 34.535454, 1.658862, 2.694946, 1.036084,   1.657251, 1.762793, 0.105542,   1.694311, 0.055591,
 0,x_unit, 34.561524, 1.662085, 2.400879, 0.738794,   1.660474, 1.739429, 0.078955,   1.690283, 0.054785,
 0,x_unit, 34.587479, 1.662085, 2.117285, 0.455200,   1.656445, 1.698340, 0.041895,   1.691895, 0.052368,
 0,x_unit, 34.613321, 1.658862, 2.038330, 0.379468,   1.656445, 1.706396, 0.049951,   1.689478, 0.050757,
 0,x_unit, 34.639205, 1.661279, 2.189795, 0.528515,   1.660474, 1.693506, 0.033032,   1.687060, 0.046729,
 0,x_unit, 34.665078, 1.658057, 2.504004, 0.845947,   1.662085, 1.724121, 0.062036,   1.693506, 0.055591,
 0,x_unit, 34.691061, 1.660474, 2.803711, 1.143237,   1.662085, 1.787768, 0.125684,   1.690283, 0.053979,
 0,x_unit, 34.717072, 1.654028, 2.931812, 1.277783,   1.649194, 1.790186, 0.140991,   1.687060, 0.039478,
 0,x_unit, 34.742992, 1.649194, 2.856079, 1.206885,   1.647583, 1.784546, 0.136963,   1.685449, 0.039478,
 0,x_unit, 34.768868, 1.645166, 2.544287, 0.899121,   1.649194, 1.745068, 0.095874,   1.686255, 0.038672,
 0,x_unit, 34.794744, 1.650000, 2.235718, 0.585718,   1.648389, 1.714453, 0.066064,   1.678198, 0.036255,
 0,x_unit, 34.820661, 1.648389, 2.048804, 0.400415,   1.641943, 1.694311, 0.052368,   1.683838, 0.037866,
 0,x_unit, 34.846483, 1.650806, 2.081836, 0.431030,   1.650000, 1.677393, 0.027393,   1.683838, 0.037866,
 0,x_unit, 34.872517, 1.648389, 2.372681, 0.724292,   1.648389, 1.714453, 0.066064,   1.683838, 0.039478,
 0,x_unit, 34.898268, 1.647583, 2.639355, 0.991772,   1.653223, 1.772461, 0.119238,   1.685449, 0.037866,
 0,x_unit, 34.924221, 1.654834, 2.889917, 1.235083,   1.650000, 1.795825, 0.145825,   1.683032, 0.035449,
 0,x_unit, 34.950246, 1.652417, 2.939062, 1.286645,   1.654028, 1.785352, 0.131323,   1.685449, 0.038672,
 0,x_unit, 34.976272, 1.652417, 2.745703, 1.093286,   1.648389, 1.759570, 0.111182,   1.683838, 0.037866,
 0,x_unit, 35.002178, 1.653223, 2.429883, 0.776660,   1.652417, 1.736206, 0.083789,   1.691089, 0.039478,
 0,x_unit, 35.028062, 1.664502, 2.163208, 0.498706,   1.662891, 1.681421, 0.018530,   1.691895, 0.054785,
 0,x_unit, 35.053953, 1.662085, 2.048804, 0.386719,   1.662085, 1.698340, 0.036255,   1.690283, 0.052368,
 0,x_unit, 35.079826, 1.662085, 2.172876, 0.510791,   1.664502, 1.716870, 0.052368,   1.687866, 0.049951,
 0,x_unit, 35.105964, 1.662891, 2.470166, 0.807275,   1.658057, 1.736206, 0.078149,   1.687060, 0.054785,
 0,x_unit, 35.131944, 1.662891, 2.772290, 1.109399,   1.658862, 1.751514, 0.092651,   1.693506, 0.051562,
 0,x_unit, 35.157881, 1.664502, 2.948730, 1.284229,   1.662085, 1.811938, 0.149853,   1.691895, 0.050757,
 0,x_unit, 35.183644, 1.662891, 2.926172, 1.263281,   1.661279, 1.773267, 0.111987,   1.690283, 0.051562,
 0,x_unit, 35.209569, 1.662891, 2.619214, 0.956323,   1.662891, 1.782935, 0.120044,   1.687866, 0.050757,
 0,x_unit, 35.235524, 1.662085, 2.318701, 0.656616,   1.660474, 1.735400, 0.074927,   1.691895, 0.053979,
 0,x_unit, 35.261471, 1.660474, 2.122119, 0.461646,   1.657251, 1.668530, 0.011279,   1.691089, 0.047534,
 0,x_unit, 35.287467, 1.660474, 2.056055, 0.395581,   1.658862, 1.689478, 0.030615,   1.690283, 0.053979,
 0,x_unit, 35.313303, 1.658862, 2.314673, 0.655810,   1.654834, 1.715259, 0.060425,   1.694311, 0.050757,
 0,x_unit, 35.339170, 1.662085, 2.617603, 0.955518,   1.662085, 1.753931, 0.091846,   1.690283, 0.051562,
 0,x_unit, 35.365205, 1.648389, 2.891528, 1.243140,   1.645972, 1.780518, 0.134546,   1.683032, 0.040283,
 0,x_unit, 35.391130, 1.650000, 2.935034, 1.285034,   1.647583, 1.801465, 0.153882,   1.683838, 0.037866,
 0,x_unit, 35.417086, 1.647583, 2.770679, 1.123096,   1.645972, 1.773267, 0.127295,   1.682227, 0.038672,
 0,x_unit, 35.442888, 1.650000, 2.473389, 0.823389,   1.650806, 1.752319, 0.101514,   1.685449, 0.040283,
 0,x_unit, 35.468933, 1.650806, 2.221216, 0.570410,   1.648389, 1.716870, 0.068481,   1.689478, 0.038672,
 0,x_unit, 35.494915, 1.650806, 2.035107, 0.384302,   1.650806, 1.670142, 0.019336,   1.679004, 0.038672,
 0,x_unit, 35.520826, 1.652417, 2.119702, 0.467285,   1.650000, 1.691895, 0.041895,   1.690283, 0.035449,
 0,x_unit, 35.546832, 1.650000, 2.428272, 0.778272,   1.652417, 1.724121, 0.071704,   1.686255, 0.039478,
 0,x_unit, 35.572875, 1.650806, 2.735229, 1.084424,   1.650806, 1.790186, 0.139380,   1.686255, 0.040283,
 0,x_unit, 35.598855, 1.650806, 2.928589, 1.277783,   1.654028, 1.807910, 0.153882,   1.685449, 0.038672,
 0,x_unit, 35.624861, 1.650000, 2.910864, 1.260864,   1.649194, 1.787768, 0.138574,   1.683838, 0.036255,
 0,x_unit, 35.650789, 1.654834, 2.650635, 0.995801,   1.649194, 1.772461, 0.123267,   1.679810, 0.037866,
 0,x_unit, 35.676845, 1.662085, 2.349316, 0.687231,   1.665308, 1.730566, 0.065259,   1.693506, 0.051562,
 0,x_unit, 35.702866, 1.661279, 2.094727, 0.433447,   1.660474, 1.711230, 0.050757,   1.693506, 0.052368,
 0,x_unit, 35.728736, 1.661279, 2.085058, 0.423779,   1.662085, 1.695923, 0.033838,   1.691895, 0.047534,
 0,x_unit, 35.754738, 1.660474, 2.270361, 0.609888,   1.666919, 1.703174, 0.036255,   1.691895, 0.055591,
 0,x_unit, 35.780619, 1.665308, 2.575708, 0.910400,   1.660474, 1.751514, 0.091040,   1.691895, 0.046729,
 0,x_unit, 35.806512, 1.664502, 2.830298, 1.165796,   1.662891, 1.791797, 0.128906,   1.689478, 0.049951,
 0,x_unit, 35.832646, 1.656445, 2.955176, 1.298730,   1.662085, 1.819995, 0.157910,   1.693506, 0.052368,
 0,x_unit, 35.858542, 1.665308, 2.824658, 1.159351,   1.662891, 1.790186, 0.127295,   1.689478, 0.051562,
 0,x_unit, 35.884399, 1.661279, 2.499975, 0.838696,   1.654028, 1.764404, 0.110376,   1.691895, 0.049951,
 0,x_unit, 35.910197, 1.661279, 2.230884, 0.569605,   1.661279, 1.716870, 0.055591,   1.695923, 0.048340,
 0,x_unit, 35.936177, 1.661279, 2.050415, 0.389136,   1.661279, 1.670947, 0.009668,   1.689478, 0.053979,
 0,x_unit, 35.962179, 1.661279, 2.166431, 0.505151,   1.662085, 1.707202, 0.045117,   1.693506, 0.053979,
 0,x_unit, 35.988043, 1.649194, 2.399267, 0.750073,   1.644360, 1.736206, 0.091846,   1.685449, 0.037866,
 0,x_unit, 36.014085, 1.645972, 2.743286, 1.097314,   1.645166, 1.766821, 0.121655,   1.686255, 0.040283,
 0,x_unit, 36.039953, 1.649194, 2.931812, 1.282617,   1.649194, 1.797436, 0.148242,   1.683838, 0.037866,
 0,x_unit, 36.065809, 1.650806, 2.911670, 1.260864,   1.654028, 1.786157, 0.132129,   1.695117, 0.043506,
 0,x_unit, 36.091751, 1.648389, 2.624853, 0.976465,   1.648389, 1.756348, 0.107959,   1.683032, 0.037866,
 0,x_unit, 36.117727, 1.650000, 2.301782, 0.651782,   1.647583, 1.728955, 0.081372,   1.682227, 0.038672,
 0,x_unit, 36.143614, 1.647583, 2.148706, 0.501123,   1.650806, 1.697534, 0.046729,   1.683838, 0.037866,
 0,x_unit, 36.169649, 1.648389, 2.077808, 0.429419,   1.648389, 1.685449, 0.037061,   1.690283, 0.040283,
 0,x_unit, 36.195397, 1.650806, 2.314673, 0.663867,   1.650000, 1.720093, 0.070093,   1.681421, 0.037866,
 0,x_unit, 36.221283, 1.650000, 2.599072, 0.949072,   1.649194, 1.757153, 0.107959,   1.691895, 0.037866,
 0,x_unit, 36.247072, 1.653223, 2.873804, 1.220581,   1.650000, 1.774072, 0.124072,   1.687060, 0.037866,
 0,x_unit, 36.273066, 1.650000, 2.941479, 1.291479,   1.654834, 1.778101, 0.123267,   1.686255, 0.037866,
 0,x_unit, 36.299082, 1.649194, 2.731201, 1.082007,   1.653223, 1.765210, 0.111987,   1.691089, 0.039478,
 0,x_unit, 36.324955, 1.664502, 2.440356, 0.775855,   1.662085, 1.745874, 0.083789,   1.689478, 0.051562,
 0,x_unit, 36.350858, 1.662085, 2.175293, 0.513208,   1.662891, 1.683032, 0.020142,   1.686255, 0.051562,
 0,x_unit, 36.376880, 1.658057, 2.101172, 0.443115,   1.666113, 1.699951, 0.033838,   1.691089, 0.055591,
 0,x_unit, 36.402607, 1.662085, 2.196240, 0.534155,   1.662085, 1.694311, 0.032227,   1.691895, 0.052368,
 0,x_unit, 36.428384, 1.662085, 2.504810, 0.842725,   1.658862, 1.741846, 0.082983,   1.687866, 0.050757,
 0,x_unit, 36.454167, 1.658862, 2.772290, 1.113428,   1.665308, 1.753125, 0.087817,   1.694311, 0.048340,
 0,x_unit, 36.479829, 1.664502, 2.938257, 1.273755,   1.660474, 1.807910, 0.147436,   1.691089, 0.050757,
 0,x_unit, 36.505609, 1.654834, 2.856885, 1.202051,   1.662891, 1.784546, 0.121655,   1.687866, 0.050757,
 0,x_unit, 36.531385, 1.654834, 2.575708, 0.920874,   1.658057, 1.755542, 0.097485,   1.691895, 0.052368,
 0,x_unit, 36.557274, 1.657251, 2.276807, 0.619556,   1.660474, 1.720898, 0.060425,   1.687060, 0.050757,
 0,x_unit, 36.582952, 1.660474, 2.077002, 0.416528,   1.660474, 1.693506, 0.033032,   1.690283, 0.047534,
 0,x_unit, 36.608613, 1.658057, 2.094727, 0.436670,   1.661279, 1.722510, 0.061230,   1.685449, 0.052368,
 0,x_unit, 36.634390, 1.662085, 2.351733, 0.689649,   1.660474, 1.736206, 0.075732,   1.687060, 0.043506,
 0,x_unit, 36.660169, 1.647583, 2.657886, 1.010303,   1.648389, 1.766016, 0.117627,   1.685449, 0.036255,
 0,x_unit, 36.685881, 1.650000, 2.915698, 1.265698,   1.645972, 1.799048, 0.153076,   1.686255, 0.041895,
 0,x_unit, 36.711485, 1.650000, 2.927783, 1.277783,   1.649194, 1.753125, 0.103931,   1.679810, 0.035449,
 0,x_unit, 36.737261, 1.650000, 2.678027, 1.028027,   1.650806, 1.727344, 0.076538,   1.683838, 0.037866,
 0,x_unit, 36.763063, 1.648389, 2.383960, 0.735571,   1.647583, 1.723315, 0.075732,   1.681421, 0.038672,
 0,x_unit, 36.788812, 1.650000, 2.135010, 0.485010,   1.645166, 1.687866, 0.042700,   1.686255, 0.036255,
 0,x_unit, 36.814622, 1.650000, 2.038330, 0.388330,   1.647583, 1.689478, 0.041895,   1.682227, 0.039478,
 0,x_unit, 36.840270, 1.650806, 2.222827, 0.572022,   1.649194, 1.695923, 0.046728,   1.683838, 0.039478,
 0,x_unit, 36.866060, 1.653223, 2.488696, 0.835474,   1.654028, 1.719287, 0.065259,   1.689478, 0.036255,
 0,x_unit, 36.891752, 1.654028, 2.815796, 1.161768,   1.650000, 1.786157, 0.136157,   1.682227, 0.037866,
 0,x_unit, 36.917530, 1.649194, 2.947925, 1.298730,   1.654028, 1.797436, 0.143408,   1.682227, 0.037866,
 0,x_unit, 36.943162, 1.666919, 2.830298, 1.163379,   1.665308, 1.782129, 0.116821,   1.693506, 0.052368,
 0,x_unit, 36.968956, 1.662085, 2.527368, 0.865283,   1.664502, 1.741846, 0.077344,   1.689478, 0.051562,
 0,x_unit, 36.994731, 1.662891, 2.242969, 0.580078,   1.662085, 1.704785, 0.042700,   1.691895, 0.053979,
 0,x_unit, 37.020377, 1.662891, 2.064111, 0.401221,   1.662085, 1.685449, 0.023364,   1.687060, 0.051562,
 0,x_unit, 37.045953, 1.658057, 2.114063, 0.456006,   1.662891, 1.702368, 0.039478,   1.691895, 0.050757,
 0,x_unit, 37.071706, 1.661279, 2.384766, 0.723486,   1.662085, 1.733789, 0.071704,   1.690283, 0.052368,
 0,x_unit, 37.097376, 1.662891, 2.698169, 1.035278,   1.660474, 1.759570, 0.099097,   1.695117, 0.048340,
 0,x_unit, 37.123172, 1.662085, 2.928589, 1.266504,   1.658862, 1.795825, 0.136963,   1.689478, 0.051562,
 0,x_unit, 37.148829, 1.660474, 2.919727, 1.259253,   1.657251, 1.786157, 0.128906,   1.695923, 0.049951,
 0,x_unit, 37.174624, 1.661279, 2.696558, 1.035278,   1.662085, 1.777295, 0.115210,   1.691089, 0.051562,
 0,x_unit, 37.200384, 1.660474, 2.371069, 0.710596,   1.654834, 1.741846, 0.087012,   1.695923, 0.050757,
 0,x_unit, 37.226165, 1.662085, 2.126953, 0.464868,   1.661279, 1.703174, 0.041894,   1.687060, 0.052368,
 0,x_unit, 37.251836, 1.660474, 2.061694, 0.401221,   1.658862, 1.702368, 0.043506,   1.693506, 0.055591,
 0,x_unit, 37.277623, 1.644360, 2.243774, 0.599414,   1.647583, 1.716870, 0.069287,   1.679004, 0.040283,
 0,x_unit, 37.303282, 1.648389, 2.512866, 0.864478,   1.647583, 1.747485, 0.099902,   1.683838, 0.037866,
 0,x_unit, 37.329055, 1.645166, 2.833520, 1.188354,   1.645972, 1.778906, 0.132935,   1.687866, 0.037866,
 0,x_unit, 37.354841, 1.652417, 2.944702, 1.292285,   1.649194, 1.791797, 0.142602,   1.683838, 0.040283,
 0,x_unit, 37.380504, 1.647583, 2.806128, 1.158545,   1.649194, 1.762793, 0.113599,   1.686255, 0.037866,
 0,x_unit, 37.406177, 1.647583, 2.479834, 0.832251,   1.650806, 1.757153, 0.106348,   1.681421, 0.037866,
 0,x_unit, 37.431959, 1.650000, 2.213965, 0.563965,   1.650000, 1.683032, 0.033032,   1.679004, 0.038672,
 0,x_unit, 37.457735, 1.649194, 2.060083, 0.410889,   1.645972, 1.661279, 0.015308,   1.679004, 0.037866,
 0,x_unit, 37.483385, 1.650000, 2.137427, 0.487427,   1.649194, 1.690283, 0.041089,   1.687866, 0.038672,
 0,x_unit, 37.509080, 1.650806, 2.415381, 0.764575,   1.654028, 1.735400, 0.081372,   1.681421, 0.037866,
 0,x_unit, 37.534842, 1.650000, 2.719922, 1.069922,   1.653223, 1.766821, 0.113599,   1.682227, 0.039478,
 0,x_unit, 37.560756, 1.650806, 2.881860, 1.231055,   1.650000, 1.790991, 0.140991,   1.679810, 0.036255,
 0,x_unit, 37.586416, 1.669336, 2.928589, 1.259253,   1.662891, 1.774072, 0.111182,   1.690283, 0.048340,
 0,x_unit, 37.612054, 1.662085, 2.615185, 0.953101,   1.662085, 1.766821, 0.104736,   1.693506, 0.055591,
 0,x_unit, 37.637752, 1.664502, 2.330786, 0.666284,   1.662085, 1.743457, 0.081372,   1.690283, 0.050757,
 0,x_unit, 37.663501, 1.657251, 2.130981, 0.473730,   1.658862, 1.691089, 0.032227,   1.691089, 0.054785,
 0,x_unit, 37.689210, 1.662085, 2.068140, 0.406055,   1.654834, 1.694311, 0.039478,   1.694311, 0.052368,
 0,x_unit, 37.714961, 1.658862, 2.271973, 0.613110,   1.661279, 1.704785, 0.043506,   1.693506, 0.051562,
 0,x_unit, 37.740620, 1.664502, 2.606323, 0.941821,   1.664502, 1.764404, 0.099902,   1.691089, 0.051562,
 0,x_unit, 37.766382, 1.657251, 2.862524, 1.205273,   1.662085, 1.789380, 0.127295,   1.693506, 0.049951,
 0,x_unit, 37.792056, 1.662085, 2.968066, 1.305982,   1.662891, 1.802271, 0.139380,   1.687060, 0.050757,
 0,x_unit, 37.817852, 1.657251, 2.785986, 1.128735,   1.658862, 1.773267, 0.114404,   1.691089, 0.053979,
 0,x_unit, 37.843507, 1.661279, 2.474194, 0.812915,   1.662085, 1.737012, 0.074927,   1.690283, 0.055591,
 0,x_unit, 37.869292, 1.658862, 2.206714, 0.547852,   1.658862, 1.712842, 0.053980,   1.691895, 0.053979,
 0,x_unit, 37.895052, 1.656445, 2.071362, 0.414917,   1.658862, 1.687866, 0.029004,   1.690283, 0.050757,
 0,x_unit, 37.920739, 1.647583, 2.164014, 0.516431,   1.644360, 1.723315, 0.078955,   1.685449, 0.033838,
 0,x_unit, 37.946294, 1.654834, 2.461304, 0.806470,   1.649194, 1.716064, 0.066870,   1.689478, 0.040283,
 0,x_unit, 37.972049, 1.649194, 2.745703, 1.096509,   1.650000, 1.782129, 0.132129,   1.687060, 0.036255,
 0,x_unit, 37.997734, 1.648389, 2.928589, 1.280200,   1.649194, 1.786963, 0.137769,   1.683032, 0.037866,
 0,x_unit, 38.023468, 1.650806, 2.886694, 1.235889,   1.648389, 1.789380, 0.140991,   1.687866, 0.037866,
 0,x_unit, 38.049174, 1.653223, 2.608740, 0.955517,   1.653223, 1.743457, 0.090234,   1.681421, 0.042700,
 0,x_unit, 38.074948, 1.648389, 2.309033, 0.660645,   1.649194, 1.718481, 0.069287,   1.687060, 0.038672,
 0,x_unit, 38.100623, 1.648389, 2.085864, 0.437476,   1.648389, 1.695923, 0.047534,   1.683838, 0.039478,
 0,x_unit, 38.126384, 1.649194, 2.121313, 0.472119,   1.653223, 1.714453, 0.061230,   1.683032, 0.036255,
 0,x_unit, 38.152061, 1.649194, 2.309033, 0.659839,   1.648389, 1.719287, 0.070898,   1.687866, 0.044312,
 0,x_unit, 38.177743, 1.650000, 2.603101, 0.953101,   1.652417, 1.757959, 0.105542,   1.683838, 0.037866,
 0,x_unit, 38.203392, 1.653223, 2.861719, 1.208496,   1.650806, 1.786963, 0.136157,   1.689478, 0.036255,
 0,x_unit, 38.229186, 1.668530, 2.943091, 1.274560,   1.666919, 1.787768, 0.120850,   1.693506, 0.050757,
 0,x_unit, 38.254957, 1.665308, 2.753760, 1.088452,   1.666113, 1.766016, 0.099902,   1.687866, 0.050757,
 0,x_unit, 38.280619, 1.665308, 2.437134, 0.771826,   1.662891, 1.731372, 0.068481,   1.690283, 0.048340,
 0,x_unit, 38.306385, 1.665308, 2.159985, 0.494678,   1.661279, 1.706396, 0.045117,   1.687060, 0.048340,
 0,x_unit, 38.332177, 1.662891, 2.105200, 0.442309,   1.662085, 1.686255, 0.024170,   1.689478, 0.048340,
 0,x_unit, 38.357960, 1.656445, 2.217187, 0.560742,   1.662085, 1.730566, 0.068481,   1.687866, 0.053979,
 0,x_unit, 38.383624, 1.661279, 2.516089, 0.854809,   1.660474, 1.764404, 0.103931,   1.691895, 0.052368,
 0,x_unit, 38.409280, 1.662085, 2.785181, 1.123096,   1.661279, 1.774072, 0.112793,   1.690283, 0.053979,
 0,x_unit, 38.435058, 1.654834, 2.959204, 1.304370,   1.664502, 1.799853, 0.135352,   1.691089, 0.049951,
 0,x_unit, 38.460852, 1.661279, 2.823853, 1.162573,   1.656445, 1.802271, 0.145825,   1.689478, 0.046729,
 0,x_unit, 38.486551, 1.658057, 2.520117, 0.862060,   1.662085, 1.749902, 0.087817,   1.691895, 0.052368,
 0,x_unit, 38.512172, 1.658057, 2.227661, 0.569605,   1.661279, 1.712842, 0.051562,   1.694311, 0.051562,
 0,x_unit, 38.537950, 1.658862, 2.071362, 0.412500,   1.654834, 1.694311, 0.039478,   1.685449, 0.053979,
 0,x_unit, 38.563841, 1.648389, 2.150317, 0.501929,   1.643555, 1.682227, 0.038672,   1.687866, 0.040283,
 0,x_unit, 38.589614, 1.648389, 2.441162, 0.792773,   1.647583, 1.741846, 0.094263,   1.683838, 0.039478,
 0,x_unit, 38.615397, 1.652417, 2.727978, 1.075562,   1.650000, 1.795020, 0.145020,   1.685449, 0.037866,
 0,x_unit, 38.641052, 1.647583, 2.931812, 1.284229,   1.649194, 1.768433, 0.119238,   1.683838, 0.035449,
 0,x_unit, 38.666845, 1.650000, 2.868164, 1.218164,   1.650806, 1.782129, 0.131323,   1.683838, 0.036255,
 0,x_unit, 38.692615, 1.653223, 2.607129, 0.953906,   1.649194, 1.770850, 0.121655,   1.689478, 0.039478,
 0,x_unit, 38.718390, 1.650806, 2.280029, 0.629224,   1.650806, 1.724121, 0.073316,   1.685449, 0.037866,
 0,x_unit, 38.744057, 1.648389, 2.092309, 0.443921,   1.649194, 1.706396, 0.057202,   1.683838, 0.037866,
 0,x_unit, 38.769842, 1.648389, 2.102783, 0.454395,   1.650000, 1.702368, 0.052368,   1.679810, 0.039478,
 0,x_unit, 38.795512, 1.650000, 2.353345, 0.703345,   1.649194, 1.719287, 0.070093,   1.685449, 0.033838,
 0,x_unit, 38.821287, 1.647583, 2.653857, 1.006274,   1.650000, 1.778906, 0.128906,   1.682227, 0.037866,
 0,x_unit, 38.846933, 1.650000, 2.914087, 1.264087,   1.647583, 1.778101, 0.130518,   1.685449, 0.037866,
 0,x_unit, 38.872737, 1.664502, 2.938257, 1.273755,   1.665308, 1.803076, 0.137769,   1.695923, 0.048340,
 0,x_unit, 38.898479, 1.664502, 2.694946, 1.030444,   1.662891, 1.766016, 0.103125,   1.691895, 0.050757,
 0,x_unit, 38.924290, 1.662891, 2.392822, 0.729932,   1.658862, 1.740234, 0.081372,   1.689478, 0.048340,
 0,x_unit, 38.949979, 1.664502, 2.122119, 0.457617,   1.656445, 1.701563, 0.045117,   1.690283, 0.051562,
 0,x_unit, 38.975747, 1.664502, 2.084253, 0.419751,   1.660474, 1.691895, 0.031421,   1.691895, 0.052368,
 0,x_unit, 39.001391, 1.664502, 2.255859, 0.591357,   1.658057, 1.704785, 0.046728,   1.685449, 0.047534,
 0,x_unit, 39.027175, 1.658057, 2.562012, 0.903955,   1.660474, 1.752319, 0.091846,   1.690283, 0.049951,
 0,x_unit, 39.052954, 1.657251, 2.819824, 1.162573,   1.661279, 1.790186, 0.128906,   1.693506, 0.049951,
 0,x_unit, 39.078624, 1.661279, 2.941479, 1.280200,   1.658057, 1.798242, 0.140186,   1.691895, 0.052368,
 0,x_unit, 39.104401, 1.658057, 2.773096, 1.115039,   1.658862, 1.794214, 0.135352,   1.693506, 0.052368,
 0,x_unit, 39.130176, 1.662085, 2.442773, 0.780688,   1.660474, 1.749097, 0.088623,   1.693506, 0.048340,
 0,x_unit, 39.155970, 1.660474, 2.183350, 0.522876,   1.660474, 1.710425, 0.049951,   1.691895, 0.049951,
 0,x_unit, 39.181620, 1.645972, 2.019800, 0.373828,   1.645166, 1.677393, 0.032227,   1.685449, 0.039478,
 0,x_unit, 39.207281, 1.647583, 2.193823, 0.546240,   1.647583, 1.707202, 0.059619,   1.683838, 0.038672,
 0,x_unit, 39.233072, 1.645972, 2.492725, 0.846753,   1.649194, 1.730566, 0.081372,   1.685449, 0.040283,
 0,x_unit, 39.258842, 1.650806, 2.793237, 1.142432,   1.647583, 1.761182, 0.113599,   1.685449, 0.039478,
 0,x_unit, 39.284550, 1.648389, 2.948730, 1.300342,   1.648389, 1.777295, 0.128906,   1.683032, 0.040283,
 0,x_unit, 39.310177, 1.647583, 2.855273, 1.207690,   1.650806, 1.786963, 0.136157,   1.686255, 0.040283,
 0,x_unit, 39.335960, 1.652417, 2.503198, 0.850781,   1.648389, 1.755542, 0.107153,   1.683032, 0.040283,
 0,x_unit, 39.361752, 1.647583, 2.234912, 0.587329,   1.650806, 1.719287, 0.068481,   1.683838, 0.040283,
 0,x_unit, 39.387411, 1.649194, 2.065723, 0.416528,   1.647583, 1.683838, 0.036255,   1.683838, 0.039478,
 0,x_unit, 39.413079, 1.648389, 2.121313, 0.472925,   1.650000, 1.689478, 0.039478,   1.689478, 0.035449,
 0,x_unit, 39.438739, 1.650806, 2.395239, 0.744434,   1.650806, 1.751514, 0.100708,   1.683032, 0.039478,
 0,x_unit, 39.464520, 1.654028, 2.686890, 1.032861,   1.653223, 1.757959, 0.104736,   1.683838, 0.037866,
 0,x_unit, 39.490199, 1.647583, 2.902807, 1.255224,   1.654028, 1.795020, 0.140991,   1.683838, 0.035449,
 0,x_unit, 39.515965, 1.665308, 2.897168, 1.231860,   1.662891, 1.789380, 0.126489,   1.686255, 0.051562,
 0,x_unit, 39.541652, 1.661279, 2.635327, 0.974048,   1.666919, 1.766016, 0.099097,   1.691895, 0.053979,
 0,x_unit, 39.567509, 1.662085, 2.351733, 0.689649,   1.658862, 1.714453, 0.055591,   1.694311, 0.050757,
 0,x_unit, 39.593182, 1.662891, 2.114868, 0.451978,   1.662085, 1.694311, 0.032227,   1.691895, 0.050757,
 0,x_unit, 39.618963, 1.662891, 2.084253, 0.421362,   1.661279, 1.698340, 0.037060,   1.691895, 0.054785,
 0,x_unit, 39.644633, 1.660474, 2.333203, 0.672729,   1.660474, 1.706396, 0.045923,   1.691895, 0.051562,
 0,x_unit, 39.670328, 1.657251, 2.642578, 0.985327,   1.662085, 1.770850, 0.108765,   1.691895, 0.054785,
 0,x_unit, 39.695961, 1.660474, 2.876221, 1.215747,   1.658862, 1.801465, 0.142603,   1.687866, 0.051562,
 0,x_unit, 39.721713, 1.662891, 2.926172, 1.263281,   1.657251, 1.790991, 0.133740,   1.691089, 0.051562,
 0,x_unit, 39.747482, 1.661279, 2.700586, 1.039307,   1.657251, 1.761987, 0.104736,   1.691895, 0.052368,
 0,x_unit, 39.773263, 1.660474, 2.408936, 0.748462,   1.662085, 1.736206, 0.074121,   1.693506, 0.050757,
 0,x_unit, 39.798962, 1.660474, 2.142261, 0.481787,   1.661279, 1.670142, 0.008862,   1.691895, 0.048340,
 0,x_unit, 39.824744, 1.645166, 2.077002, 0.431836,   1.644360, 1.685449, 0.041089,   1.679810, 0.038672,
 0,x_unit, 39.850403, 1.645972, 2.213965, 0.567993,   1.641943, 1.706396, 0.064453,   1.683032, 0.040283,
 0,x_unit, 39.876185, 1.647583, 2.533008, 0.885425,   1.647583, 1.716064, 0.068481,   1.683838, 0.040283,
 0,x_unit, 39.901845, 1.648389, 2.814184, 1.165796,   1.649194, 1.777295, 0.128101,   1.683838, 0.041895,
 0,x_unit, 39.927644, 1.654834, 2.941479, 1.286646,   1.653223, 1.769238, 0.116016,   1.683838, 0.039478,
 0,x_unit, 39.953482, 1.648389, 2.789209, 1.140820,   1.652417, 1.778101, 0.125684,   1.683838, 0.037866,
 0,x_unit, 39.979189, 1.650000, 2.474194, 0.824194,   1.650000, 1.736206, 0.086206,   1.683032, 0.038672,
 0,x_unit, 40.004841, 1.650806, 2.192212, 0.541406,   1.652417, 1.708813, 0.056396,   1.683838, 0.037866,
 0,x_unit, 40.030619, 1.654834, 2.056055, 0.401221,   1.654834, 1.691089, 0.036255,   1.679004, 0.039478,
 0,x_unit, 40.056417, 1.652417, 2.173681, 0.521265,   1.650000, 1.701563, 0.051563,   1.677393, 0.039478,
 0,x_unit, 40.082068, 1.649194, 2.446802, 0.797607,   1.650000, 1.756348, 0.106348,   1.683838, 0.038672,
 0,x_unit, 40.107745, 1.647583, 2.762622, 1.115039,   1.654028, 1.774072, 0.120044,   1.681421, 0.040283,
 0,x_unit, 40.133532, 1.660474, 2.887500, 1.227026,   1.660474, 1.786157, 0.125684,   1.687866, 0.044312,
 0,x_unit, 40.159286, 1.665308, 2.859302, 1.193994,   1.666113, 1.786157, 0.120044,   1.690283, 0.051562,
 0,x_unit, 40.185015, 1.660474, 2.567651, 0.907178,   1.666919, 1.745068, 0.078149,   1.690283, 0.052368,
 0,x_unit, 40.210740, 1.657251, 2.281641, 0.624390,   1.662085, 1.699951, 0.037866,   1.689478, 0.049951,
 0,x_unit, 40.236515, 1.658862, 2.063306, 0.404443,   1.661279, 1.683032, 0.021753,   1.689478, 0.055591,
 0,x_unit, 40.262305, 1.656445, 2.110840, 0.454395,   1.662085, 1.681421, 0.019336,   1.691895, 0.048340,
 0,x_unit, 40.287998, 1.658057, 2.395239, 0.737182,   1.664502, 1.720093, 0.055591,   1.687060, 0.052368,
 0,x_unit, 40.313643, 1.662085, 2.690112, 1.028027,   1.662891, 1.773267, 0.110376,   1.691895, 0.053979,
 0,x_unit, 40.339283, 1.662085, 2.914892, 1.252807,   1.660474, 1.782129, 0.121655,   1.695923, 0.055591,
 0,x_unit, 40.365076, 1.662085, 2.886694, 1.224609,   1.662891, 1.786963, 0.124072,   1.689478, 0.050757,
 0,x_unit, 40.390771, 1.662891, 2.652246, 0.989355,   1.658057, 1.757959, 0.099902,   1.691895, 0.051562,
 0,x_unit, 40.416955, 1.653223, 2.328369, 0.675146,   1.658862, 1.730566, 0.071704,   1.691089, 0.053979,
 0,x_unit, 40.442640, 1.656445, 2.123730, 0.467285,   1.660474, 1.703174, 0.042700,   1.695923, 0.050757,
 0,x_unit, 40.468408, 1.658057, 2.090698, 0.432642,   1.656445, 1.668530, 0.012085,   1.691089, 0.052368,
 0,x_unit, 40.494069, 1.643555, 2.307422, 0.663867,   1.641943, 1.707202, 0.065259,   1.685449, 0.034644,
 0,x_unit, 40.519848, 1.649194, 2.599878, 0.950683,   1.647583, 1.757153, 0.109570,   1.683838, 0.038672,
 0,x_unit, 40.545527, 1.650000, 2.856885, 1.206885,   1.648389, 1.781323, 0.132935,   1.689478, 0.038672,
 0,x_unit, 40.571410, 1.653223, 2.906030, 1.252807,   1.650806, 1.782935, 0.132129,   1.683838, 0.038672,
 0,x_unit, 40.597176, 1.653223, 2.715088, 1.061865,   1.650000, 1.782129, 0.132129,   1.685449, 0.040283,
 0,x_unit, 40.622956, 1.652417, 2.415381, 0.762964,   1.648389, 1.739429, 0.091040,   1.685449, 0.039478,
 0,x_unit, 40.648631, 1.652417, 2.156763, 0.504346,   1.652417, 1.669336, 0.016919,   1.682227, 0.040283,
 0,x_unit, 40.674405, 1.652417, 2.058472, 0.406055,   1.649194, 1.691895, 0.042700,   1.687060, 0.037866,
 0,x_unit, 40.700077, 1.649194, 2.263110, 0.613916,   1.649194, 1.678198, 0.029004,   1.685449, 0.037866,
 0,x_unit, 40.725857, 1.652417, 2.562012, 0.909595,   1.652417, 1.741040, 0.088623,   1.683032, 0.039478,
 0,x_unit, 40.751504, 1.652417, 2.849634, 1.197217,   1.648389, 1.776489, 0.128101,   1.687060, 0.037866,
 0,x_unit, 40.777280, 1.654028, 2.915698, 1.261670,   1.650806, 1.762793, 0.111987,   1.683838, 0.041895,
 0,x_unit, 40.802970, 1.661279, 2.766650, 1.105371,   1.668530, 1.776489, 0.107959,   1.691895, 0.053979,
 0,x_unit, 40.828745, 1.662891, 2.446802, 0.783911,   1.662891, 1.736206, 0.073316,   1.693506, 0.053979,
 0,x_unit, 40.854509, 1.658862, 2.173681, 0.514819,   1.662085, 1.706396, 0.044312,   1.683838, 0.052368,
 0,x_unit, 40.880183, 1.662891, 2.060083, 0.397192,   1.662891, 1.693506, 0.030615,   1.694311, 0.050757,
 0,x_unit, 40.905966, 1.661279, 2.218799, 0.557520,   1.662891, 1.722510, 0.059619,   1.693506, 0.052368,
 0,x_unit, 40.931848, 1.658862, 2.516895, 0.858032,   1.662891, 1.777295, 0.114404,   1.693506, 0.052368,
 0,x_unit, 40.957635, 1.658057, 2.808545, 1.150488,   1.658057, 1.784546, 0.126489,   1.691089, 0.051562,
 0,x_unit, 40.983329, 1.661279, 2.940674, 1.279395,   1.662085, 1.790186, 0.128101,   1.691895, 0.052368,
 0,x_unit, 41.008973, 1.661279, 2.789209, 1.127930,   1.660474, 1.774878, 0.114404,   1.687866, 0.051562,
 0,x_unit, 41.034746, 1.662085, 2.494336, 0.832251,   1.660474, 1.743457, 0.082983,   1.687866, 0.051562,
 0,x_unit, 41.060515, 1.654834, 2.188184, 0.533350,   1.658862, 1.691895, 0.033032,   1.689478, 0.049951,
 0,x_unit, 41.086218, 1.654834, 2.067334, 0.412500,   1.656445, 1.691089, 0.034644,   1.687866, 0.052368,
 0,x_unit, 41.111884, 1.641943, 2.164014, 0.522070,   1.647583, 1.703174, 0.055591,   1.679810, 0.035449,
 0,x_unit, 41.136789, 1.648389, 2.487085, 0.838696,   1.641138, 1.741846, 0.100708,   1.681421, 0.040283,
 0,x_unit, 41.162646, 1.649194, 2.776318, 1.127124,   1.647583, 1.769238, 0.121655,   1.685449, 0.039478,
 0,x_unit, 41.188307, 1.650000, 2.944702, 1.294702,   1.647583, 1.785352, 0.137769,   1.686255, 0.038672,
 0,x_unit, 41.213974, 1.652417, 2.803711, 1.151294,   1.650806, 1.748291, 0.097485,   1.685449, 0.036255,
 0,x_unit, 41.239639, 1.649194, 2.521729, 0.872534,   1.652417, 1.716870, 0.064453,   1.687060, 0.037866,
 0,x_unit, 41.265410, 1.649194, 2.242969, 0.593774,   1.650000, 1.691895, 0.041895,   1.691895, 0.038672,
 0,x_unit, 41.291090, 1.648389, 2.097143, 0.448755,   1.650000, 1.683032, 0.033032,   1.683838, 0.039478,
 0,x_unit, 41.316856, 1.647583, 2.155957, 0.508374,   1.652417, 1.699951, 0.047534,   1.682227, 0.036255,
 0,x_unit, 41.342508, 1.650806, 2.451636, 0.800830,   1.653223, 1.749097, 0.095874,   1.677393, 0.037866,
 0,x_unit, 41.368298, 1.654028, 2.768262, 1.114233,   1.650000, 1.762793, 0.112793,   1.683838, 0.037866,
 0,x_unit, 41.393966, 1.654028, 2.914892, 1.260864,   1.654834, 1.777295, 0.122461,   1.687060, 0.040283,
 0,x_unit, 41.419746, 1.654834, 2.830298, 1.175464,   1.654028, 1.778101, 0.124072,   1.681421, 0.039478,
 0,x_unit, 41.445288, 1.665308, 2.559595, 0.894287,   1.666113, 1.751514, 0.085400,   1.691895, 0.053979,
 0,x_unit, 41.470974, 1.660474, 2.234106, 0.573633,   1.665308, 1.724927, 0.059619,   1.689478, 0.049951,
 0,x_unit, 41.496716, 1.661279, 2.072168, 0.410889,   1.665308, 1.703174, 0.037866,   1.691089, 0.048340,
 0,x_unit, 41.522512, 1.654834, 2.155957, 0.501123,   1.662085, 1.736206, 0.074121,   1.691895, 0.052368,
 0,x_unit, 41.548187, 1.658862, 2.420215, 0.761353,   1.662891, 1.744263, 0.081372,   1.691089, 0.052368,
 0,x_unit, 41.574082, 1.661279, 2.731201, 1.069922,   1.661279, 1.770044, 0.108765,   1.691895, 0.051562,
 0,x_unit, 41.599752, 1.662085, 2.922143, 1.260059,   1.665308, 1.797436, 0.132129,   1.690283, 0.052368,
 0,x_unit, 41.625516, 1.661279, 2.868970, 1.207690,   1.658862, 1.794214, 0.135352,   1.691089, 0.047534,
 0,x_unit, 41.651192, 1.657251, 2.599072, 0.941821,   1.660474, 1.778101, 0.117627,   1.691895, 0.046729,
 0,x_unit, 41.676970, 1.660474, 2.276001, 0.615527,   1.657251, 1.712036, 0.054785,   1.691895, 0.048340,
 0,x_unit, 41.702664, 1.657251, 2.084253, 0.427002,   1.658862, 1.689478, 0.030615,   1.693506, 0.047534,
 0,x_unit, 41.728407, 1.656445, 2.133398, 0.476953,   1.654028, 1.686255, 0.032227,   1.690283, 0.047534,
 0,x_unit, 41.754180, 1.647583, 2.378320, 0.730737,   1.643555, 1.728955, 0.085400,   1.683032, 0.038672,
 0,x_unit, 41.779864, 1.649194, 2.673193, 1.023999,   1.645972, 1.778906, 0.132935,   1.686255, 0.037866,
 0,x_unit, 41.805627, 1.645972, 2.903613, 1.257642,   1.652417, 1.790186, 0.137769,   1.683838, 0.042700,
 0,x_unit, 41.831406, 1.649194, 2.877026, 1.227832,   1.648389, 1.810327, 0.161939,   1.679810, 0.040283,
 0,x_unit, 41.857184, 1.649194, 2.611963, 0.962768,   1.645972, 1.751514, 0.105542,   1.682227, 0.039478,
 0,x_unit, 41.882856, 1.650806, 2.285669, 0.634863,   1.647583, 1.703174, 0.055591,   1.687866, 0.037866,
 0,x_unit, 41.908535, 1.649194, 2.076196, 0.427002,   1.647583, 1.672559, 0.024976,   1.683838, 0.039478,
 0,x_unit, 41.934286, 1.650000, 2.087476, 0.437476,   1.650806, 1.691089, 0.040283,   1.686255, 0.033838,
 0,x_unit, 41.960086, 1.654028, 2.363818, 0.709790,   1.650000, 1.701563, 0.051563,   1.682227, 0.036255,
 0,x_unit, 41.985787, 1.653223, 2.665942, 1.012720,   1.648389, 1.751514, 0.103125,   1.679810, 0.040283,
 0,x_unit, 42.011405, 1.654834, 2.872192, 1.217358,   1.652417, 1.786157, 0.133740,   1.683838, 0.035449,
 0,x_unit, 42.037197, 1.650000, 2.889111, 1.239111,   1.652417, 1.774878, 0.122461,   1.682227, 0.037866,
 0,x_unit, 42.062979, 1.664502, 2.628882, 0.964380,   1.662085, 1.761987, 0.099902,   1.690283, 0.049951,
 0,x_unit, 42.088693, 1.658057, 2.329980, 0.671924,   1.660474, 1.732983, 0.072510,   1.691895, 0.049951,
 0,x_unit, 42.114402, 1.664502, 2.109228, 0.444726,   1.664502, 1.719287, 0.054785,   1.698340, 0.051562,
 0,x_unit, 42.140074, 1.665308, 2.110840, 0.445532,   1.661279, 1.702368, 0.041089,   1.687866, 0.052368,
 0,x_unit, 42.165893, 1.664502, 2.337231, 0.672729,   1.662085, 1.703979, 0.041895,   1.690283, 0.051562,
 0,x_unit, 42.191525, 1.664502, 2.649023, 0.984521,   1.662085, 1.766016, 0.103931,   1.691089, 0.051562,
 0,x_unit, 42.217297, 1.662085, 2.881860, 1.219775,   1.665308, 1.789380, 0.124072,   1.697534, 0.052368,
 0,x_unit, 42.243065, 1.665308, 2.914892, 1.249585,   1.658862, 1.780518, 0.121655,   1.695117, 0.052368,
 0,x_unit, 42.268854, 1.657251, 2.669971, 1.012720,   1.662085, 1.753931, 0.091846,   1.691895, 0.047534,
 0,x_unit, 42.294608, 1.662085, 2.353345, 0.691260,   1.660474, 1.728955, 0.068481,   1.691895, 0.048340,
 0,x_unit, 42.320296, 1.660474, 2.121313, 0.460840,   1.662891, 1.706396, 0.043506,   1.694311, 0.055591,
 0,x_unit, 42.345869, 1.660474, 2.093115, 0.432642,   1.654028, 1.699145, 0.045117,   1.693506, 0.049951,
 0,x_unit, 42.371720, 1.660474, 2.270361, 0.609888,   1.654028, 1.743457, 0.089429,   1.685449, 0.051562,
 0,x_unit, 42.397380, 1.650806, 2.636133, 0.985327,   1.647583, 1.730566, 0.082983,   1.683838, 0.035449,
 0,x_unit, 42.423220, 1.647583, 2.876221, 1.228638,   1.647583, 1.782129, 0.134546,   1.687060, 0.042700,
 0,x_unit, 42.448858, 1.644360, 2.906030, 1.261670,   1.647583, 1.790991, 0.143408,   1.683838, 0.038672,
 0,x_unit, 42.474642, 1.649194, 2.739258, 1.090063,   1.650000, 1.745068, 0.095068,   1.682227, 0.037866,
 0,x_unit, 42.500407, 1.649194, 2.375098, 0.725903,   1.649194, 1.720898, 0.071704,   1.683838, 0.035449,
 0,x_unit, 42.526187, 1.647583, 2.105200, 0.457617,   1.649194, 1.703979, 0.054785,   1.681421, 0.035449,
 0,x_unit, 42.551866, 1.649194, 2.056860, 0.407666,   1.650000, 1.691895, 0.041895,   1.683838, 0.035449,
 0,x_unit, 42.577750, 1.645166, 2.262305, 0.617139,   1.648389, 1.695117, 0.046728,   1.683838, 0.038672,
 0,x_unit, 42.603404, 1.650000, 2.566846, 0.916846,   1.652417, 1.748291, 0.095874,   1.679004, 0.039478,
 0,x_unit, 42.629300, 1.653223, 2.827075, 1.173853,   1.648389, 1.778101, 0.129712,   1.683838, 0.037866,
 0,x_unit, 42.655090, 1.654028, 2.895557, 1.241528,   1.647583, 1.789380, 0.141797,   1.682227, 0.037866,
 0,x_unit, 42.680756, 1.650806, 2.731201, 1.080396,   1.648389, 1.765210, 0.116821,   1.691895, 0.037866,
 0,x_unit, 42.706410, 1.665308, 2.413769, 0.748462,   1.658862, 1.773267, 0.114404,   1.687060, 0.053979,
 0,x_unit, 42.732192, 1.662891, 2.156763, 0.493872,   1.660474, 1.712036, 0.051563,   1.693506, 0.051562,
 0,x_unit, 42.757981, 1.662891, 2.072168, 0.409277,   1.662085, 1.697534, 0.035449,   1.689478, 0.046729,
 0,x_unit, 42.783652, 1.662085, 2.246997, 0.584912,   1.662085, 1.712842, 0.050757,   1.694311, 0.051562,
 0,x_unit, 42.809314, 1.662085, 2.523340, 0.861255,   1.658862, 1.748291, 0.089429,   1.691895, 0.049951,
 0,x_unit, 42.835073, 1.665308, 2.830298, 1.164990,   1.662085, 1.784546, 0.122461,   1.691895, 0.051562,
 0,x_unit, 42.860863, 1.660474, 2.949536, 1.289062,   1.662085, 1.795020, 0.132935,   1.695923, 0.051562,
 0,x_unit, 42.886641, 1.662085, 2.781152, 1.119067,   1.654834, 1.774072, 0.119238,   1.693506, 0.050757,
 0,x_unit, 42.912304, 1.658057, 2.440356, 0.782300,   1.656445, 1.727344, 0.070898,   1.691089, 0.048340,
 0,x_unit, 42.938074, 1.658862, 2.183350, 0.524487,   1.661279, 1.711230, 0.049951,   1.686255, 0.051562,
 0,x_unit, 42.963870, 1.662085, 2.071362, 0.409277,   1.658057, 1.674976, 0.016919,   1.691895, 0.051562,
 0,x_unit, 42.989573, 1.657251, 2.221216, 0.563965,   1.660474, 1.708008, 0.047534,   1.691895, 0.053979,
 0,x_unit, 43.015309, 1.658057, 2.513672, 0.855615,   1.654834, 1.774072, 0.119238,   1.687866, 0.050757,
 0,x_unit, 43.040976, 1.645972, 2.810156, 1.164184,   1.650000, 1.777295, 0.127295,   1.683032, 0.038672,
 0,x_unit, 43.066756, 1.647583, 2.935840, 1.288257,   1.649194, 1.782935, 0.133740,   1.685449, 0.037866,
 0,x_unit, 43.092427, 1.649194, 2.770679, 1.121484,   1.648389, 1.757153, 0.108765,   1.686255, 0.036255,
 0,x_unit, 43.118187, 1.645166, 2.444385, 0.799219,   1.649194, 1.739429, 0.090234,   1.683838, 0.039478,
 0,x_unit, 43.141351, 1.650000, 2.200269, 0.550269,   1.648389, 1.699145, 0.050757,   1.683032, 0.035449,
 0,x_unit, 43.167092, 1.650000, 2.063306, 0.413306,   1.648389, 1.674170, 0.025781,   1.682227, 0.040283,
 0,x_unit, 43.192860, 1.650806, 2.212353, 0.561548,   1.647583, 1.695923, 0.048340,   1.687060, 0.037866,
 0,x_unit, 43.218639, 1.652417, 2.498364, 0.845947,   1.653223, 1.747485, 0.094263,   1.685449, 0.037866,
 0,x_unit, 43.244292, 1.652417, 2.782764, 1.130347,   1.649194, 1.769238, 0.120044,   1.686255, 0.039478,
 0,x_unit, 43.269976, 1.652417, 2.919727, 1.267310,   1.650806, 1.784546, 0.133740,   1.683838, 0.039478,
 0,x_unit, 43.295654, 1.653223, 2.778735, 1.125513,   1.654028, 1.774878, 0.120850,   1.683838, 0.039478,
 0,x_unit, 43.321295, 1.649194, 2.469360, 0.820166,   1.649194, 1.745874, 0.096680,   1.679004, 0.038672,
 0,x_unit, 43.346952, 1.662085, 2.197851, 0.535766,   1.664502, 1.708813, 0.044312,   1.691895, 0.048340,
 0,x_unit, 43.372756, 1.662891, 2.077808, 0.414917,   1.664502, 1.683838, 0.019336,   1.689478, 0.051562,
 0,x_unit, 43.398512, 1.656445, 2.238940, 0.582495,   1.662085, 1.724927, 0.062842,   1.693506, 0.052368,
 0,x_unit, 43.424309, 1.662085, 2.533008, 0.870923,   1.662085, 1.755542, 0.093457,   1.689478, 0.051562,
 0,x_unit, 43.449977, 1.662085, 2.810962, 1.148877,   1.664502, 1.793408, 0.128906,   1.691895, 0.049951,
 0,x_unit, 43.475766, 1.658862, 2.940674, 1.281812,   1.664502, 1.795020, 0.130518,   1.695117, 0.049951,
 0,x_unit, 43.501526, 1.661279, 2.750537, 1.089258,   1.662891, 1.782129, 0.119238,   1.691895, 0.053979,
 0,x_unit, 43.527295, 1.654834, 2.449219, 0.794385,   1.658057, 1.739429, 0.081372,   1.689478, 0.050757,
 0,x_unit, 43.553150, 1.658862, 2.172876, 0.514014,   1.654834, 1.716870, 0.062036,   1.689478, 0.047534,
 0,x_unit, 43.578869, 1.658862, 2.064917, 0.406055,   1.656445, 1.711230, 0.054785,   1.693506, 0.050757,
 0,x_unit, 43.604668, 1.658057, 2.245386, 0.587329,   1.661279, 1.728955, 0.067676,   1.691895, 0.051562,
 0,x_unit, 43.630417, 1.658057, 2.549927, 0.891870,   1.658862, 1.751514, 0.092651,   1.695117, 0.051562,
 0,x_unit, 43.656198, 1.654834, 2.831104, 1.176270,   1.662085, 1.777295, 0.115210,   1.691895, 0.048340,
 0,x_unit, 43.681871, 1.649194, 2.909253, 1.260059,   1.647583, 1.791797, 0.144214,   1.686255, 0.037866,
 0,x_unit, 43.707533, 1.647583, 2.747314, 1.099731,   1.647583, 1.761182, 0.113599,   1.683838, 0.037866,
 0,x_unit, 43.733370, 1.648389, 2.432300, 0.783911,   1.650000, 1.736206, 0.086206,   1.683032, 0.037866,
 0,x_unit, 43.759201, 1.650000, 2.143872, 0.493872,   1.653223, 1.693506, 0.040283,   1.681421, 0.035449,
 0,x_unit, 43.784904, 1.649194, 2.068140, 0.418945,   1.647583, 1.690283, 0.042700,   1.683838, 0.034644,
 0,x_unit, 43.810538, 1.654028, 2.260693, 0.606665,   1.650806, 1.707202, 0.056396,   1.685449, 0.038672,
 0,x_unit, 43.836297, 1.650000, 2.582959, 0.932959,   1.650000, 1.756348, 0.106348,   1.685449, 0.038672,
 0,x_unit, 43.862084, 1.652417, 2.827881, 1.175464,   1.650000, 1.773267, 0.123267,   1.682227, 0.036255,
 0,x_unit, 43.887789, 1.650000, 2.928589, 1.278589,   1.654028, 1.793408, 0.139380,   1.686255, 0.038672,
 0,x_unit, 43.913426, 1.654028, 2.715894, 1.061865,   1.652417, 1.791797, 0.139380,   1.683838, 0.035449,
 0,x_unit, 43.939084, 1.654028, 2.412964, 0.758936,   1.652417, 1.723315, 0.070898,   1.685449, 0.036255,
 0,x_unit, 43.964862, 1.653223, 2.110034, 0.456812,   1.649194, 1.711230, 0.062036,   1.682227, 0.038672,
 0,x_unit, 43.990558, 1.666113, 2.122925, 0.456812,   1.662085, 1.699145, 0.037060,   1.694311, 0.049951,
 0,x_unit, 44.016314, 1.657251, 2.284058, 0.626807,   1.662085, 1.708008, 0.045923,   1.691089, 0.051562,
 0,x_unit, 44.041979, 1.662085, 2.595850, 0.933765,   1.662891, 1.757959, 0.095068,   1.691895, 0.050757,
 0,x_unit, 44.067770, 1.662085, 2.843994, 1.181909,   1.662891, 1.810327, 0.147437,   1.691895, 0.050757,
 0,x_unit, 44.093527, 1.665308, 2.915698, 1.250391,   1.661279, 1.795020, 0.133740,   1.691089, 0.053979,
 0,x_unit, 44.119304, 1.656445, 2.700586, 1.044141,   1.664502, 1.784546, 0.120044,   1.691089, 0.053979,
 0,x_unit, 44.144984, 1.657251, 2.357373, 0.700122,   1.658862, 1.731372, 0.072510,   1.687866, 0.051562,
 0,x_unit, 44.170646, 1.657251, 2.139844, 0.482593,   1.662085, 1.716064, 0.053980,   1.694311, 0.048340,
 0,x_unit, 44.196215, 1.656445, 2.084253, 0.427808,   1.658057, 1.702368, 0.044312,   1.698340, 0.047534,
 0,x_unit, 44.222067, 1.661279, 2.305810, 0.644531,   1.658862, 1.739429, 0.080566,   1.693506, 0.047534,
 0,x_unit, 44.247763, 1.662085, 2.621631, 0.959546,   1.656445, 1.744263, 0.087817,   1.687866, 0.048340,
 0,x_unit, 44.273533, 1.658862, 2.872998, 1.214136,   1.656445, 1.793408, 0.136963,   1.687060, 0.051562,
 0,x_unit, 44.299198, 1.657251, 2.886694, 1.229443,   1.662085, 1.807104, 0.145020,   1.691895, 0.049951,
 0,x_unit, 44.324978, 1.645972, 2.682056, 1.036084,   1.647583, 1.739429, 0.091846,   1.683032, 0.041895,
 0,x_unit, 44.350662, 1.645166, 2.354150, 0.708984,   1.645166, 1.718481, 0.073315,   1.683838, 0.037866,
 0,x_unit, 44.376300, 1.645166, 2.119702, 0.474536,   1.648389, 1.697534, 0.049146,   1.683838, 0.038672,
 0,x_unit, 44.402093, 1.645972, 2.097143, 0.451172,   1.650000, 1.686255, 0.036255,   1.683032, 0.039478,
 0,x_unit, 44.427863, 1.648389, 2.305810, 0.657422,   1.647583, 1.699145, 0.051562,   1.678198, 0.039478,
 0,x_unit, 44.453674, 1.648389, 2.621631, 0.973242,   1.650806, 1.768433, 0.117627,   1.683032, 0.038672,
 0,x_unit, 44.479312, 1.650000, 2.906030, 1.256030,   1.652417, 1.761182, 0.108765,   1.686255, 0.040283,
 0,x_unit, 44.504982, 1.650000, 2.889917, 1.239917,   1.653223, 1.799853, 0.146631,   1.682227, 0.040283,
 0,x_unit, 44.530768, 1.649194, 2.644189, 0.994995,   1.650806, 1.752319, 0.101514,   1.685449, 0.036255,
 0,x_unit, 44.556650, 1.649194, 2.338843, 0.689648,   1.653223, 1.728955, 0.075732,   1.683838, 0.037866,
 0,x_unit, 44.582305, 1.650000, 2.114063, 0.464063,   1.649194, 1.691089, 0.041894,   1.689478, 0.033838,
 0,x_unit, 44.607981, 1.648389, 2.093115, 0.444726,   1.652417, 1.683032, 0.030615,   1.683838, 0.037866,
 0,x_unit, 44.633769, 1.665308, 2.329175, 0.663867,   1.662085, 1.732983, 0.070898,   1.691895, 0.049951,
 0,x_unit, 44.659556, 1.666113, 2.665942, 0.999829,   1.665308, 1.761182, 0.095874,   1.691895, 0.052368,
 0,x_unit, 44.685227, 1.662085, 2.882666, 1.220581,   1.658862, 1.799853, 0.140991,   1.690283, 0.049951,
 0,x_unit, 44.710873, 1.665308, 2.897168, 1.231860,   1.662891, 1.776489, 0.113599,   1.694311, 0.053979,
 0,x_unit, 44.736648, 1.664502, 2.641773, 0.977271,   1.664502, 1.772461, 0.107959,   1.695117, 0.052368,
 0,x_unit, 44.762423, 1.662085, 2.317090, 0.655005,   1.660474, 1.720898, 0.060425,   1.691895, 0.054785,
 0,x_unit, 44.788210, 1.658057, 2.122925, 0.464868,   1.661279, 1.699145, 0.037866,   1.693506, 0.049951,
 0,x_unit, 44.813871, 1.662085, 2.110840, 0.448755,   1.656445, 1.693506, 0.037061,   1.690283, 0.051562,
 0,x_unit, 44.839648, 1.657251, 2.359790, 0.702539,   1.660474, 1.708008, 0.047534,   1.687866, 0.048340,
 0,x_unit, 44.865423, 1.662085, 2.673193, 1.011108,   1.657251, 1.766016, 0.108765,   1.691089, 0.053979,
 0,x_unit, 44.891197, 1.662085, 2.909253, 1.247168,   1.660474, 1.786157, 0.125684,   1.685449, 0.052368,
 0,x_unit, 44.917098, 1.662085, 2.873804, 1.211719,   1.654028, 1.790186, 0.136157,   1.693506, 0.051562,
 0,x_unit, 44.942767, 1.650806, 2.613574, 0.962769,   1.647583, 1.748291, 0.100708,   1.685449, 0.040283,
 0,x_unit, 44.968540, 1.641943, 2.288892, 0.646948,   1.645166, 1.724927, 0.079761,   1.687866, 0.039478,
 0,x_unit, 44.994295, 1.649194, 2.064917, 0.415722,   1.647583, 1.701563, 0.053980,   1.683032, 0.039478,
 0,x_unit, 45.019984, 1.648389, 2.125342, 0.476953,   1.648389, 1.674170, 0.025781,   1.683838, 0.038672,
 0,x_unit, 45.045577, 1.649194, 2.368652, 0.719458,   1.649194, 1.708813, 0.059619,   1.685449, 0.037866,
 0,x_unit, 45.071320, 1.650000, 2.669165, 1.019165,   1.649194, 1.751514, 0.102319,   1.683032, 0.037866,
 0,x_unit, 45.096970, 1.654834, 2.881860, 1.227026,   1.650806, 1.787768, 0.136963,   1.685449, 0.038672,
 0,x_unit, 45.122764, 1.654834, 2.862524, 1.207690,   1.648389, 1.781323, 0.132935,   1.683838, 0.037866,
 0,x_unit, 45.146207, 1.649194, 2.619214, 0.970019,   1.648389, 1.753931, 0.105542,   1.686255, 0.040283,
 0,x_unit, 45.172009, 1.653223, 2.305810, 0.652588,   1.652417, 1.714453, 0.062036,   1.683838, 0.037866,
 0,x_unit, 45.197634, 1.652417, 2.093115, 0.440698,   1.649194, 1.706396, 0.057202,   1.686255, 0.039478,
 0,x_unit, 45.223416, 1.652417, 2.090698, 0.438281,   1.648389, 1.685449, 0.037061,   1.683838, 0.038672,
 0,x_unit, 45.249093, 1.648389, 2.350122, 0.701733,   1.653223, 1.720898, 0.067676,   1.687060, 0.038672,
 0,x_unit, 45.274868, 1.666919, 2.690918, 1.023999,   1.662085, 1.773267, 0.111182,   1.691895, 0.052368,
 0,x_unit, 45.300560, 1.666113, 2.919727, 1.253613,   1.662085, 1.786157, 0.124072,   1.693506, 0.049951,
 0,x_unit, 45.326306, 1.665308, 2.869775, 1.204468,   1.665308, 1.787768, 0.122461,   1.691089, 0.052368,
 0,x_unit, 45.351988, 1.664502, 2.604712, 0.940210,   1.664502, 1.760376, 0.095874,   1.693506, 0.048340,
 0,x_unit, 45.377649, 1.662891, 2.280835, 0.617944,   1.658862, 1.732983, 0.074121,   1.691089, 0.055591,
 0,x_unit, 45.403313, 1.661279, 2.089893, 0.428613,   1.654834, 1.695117, 0.040283,   1.695117, 0.053979,
 0,x_unit, 45.429099, 1.656445, 2.100366, 0.443921,   1.662085, 1.697534, 0.035449,   1.693506, 0.050757,
 0,x_unit, 45.454878, 1.662085, 2.246191, 0.584106,   1.658057, 1.720898, 0.062842,   1.691895, 0.050757,
 0,x_unit, 45.480534, 1.658057, 2.334814, 0.676758,   1.662085, 1.732178, 0.070093,   1.693506, 0.050757,
 0,x_unit, 45.506198, 1.654834, 2.432300, 0.777466,   1.664502, 1.759570, 0.095068,   1.691089, 0.051562,
 0,x_unit, 45.531987, 1.654834, 2.570874, 0.916040,   1.658057, 1.757959, 0.099902,   1.687060, 0.052368,
 0,x_unit, 45.557881, 1.662085, 2.671582, 1.009497,   1.660474, 1.766016, 0.105542,   1.691089, 0.054785,
 0,x_unit, 45.583537, 1.648389, 2.811768, 1.163379,   1.644360, 1.751514, 0.107153,   1.687866, 0.040283,
 0,x_unit, 45.609199, 1.647583, 2.882666, 1.235083,   1.647583, 1.787768, 0.140185,   1.683838, 0.039478,
 0,x_unit, 45.634991, 1.649194, 3.038965, 1.389770,   1.650000, 1.807910, 0.157910,   1.683032, 0.038672,
 0,x_unit, 45.660777, 1.656445, 3.131616, 1.475171,   1.656445, 1.803882, 0.147436,   1.683032, 0.040283,
 0,x_unit, 45.686454, 1.650000, 3.250854, 1.600855,   1.650000, 1.826440, 0.176440,   1.682227, 0.037866,
 0,x_unit, 45.712090, 1.654028, 3.295166, 1.641138,   1.647583, 1.832886, 0.185303,   1.683838, 0.037866,
 0,x_unit, 45.737870, 1.650000, 3.287915, 1.637915,   1.649194, 1.849805, 0.200610,   1.682227, 0.040283,
 0,x_unit, 45.763662, 1.654834, 3.292749, 1.637915,   1.654834, 1.848999, 0.194165,   1.687060, 0.041895,
 0,x_unit, 45.789332, 1.650000, 3.289526, 1.639526,   1.653223, 1.868335, 0.215112,   1.686255, 0.039478,
 0,x_unit, 45.815096, 1.654834, 3.287915, 1.633081,   1.654028, 1.864307, 0.210278,   1.682227, 0.039478,
 0,x_unit, 45.840771, 1.653223, 3.285498, 1.632275,   1.654834, 1.886060, 0.231226,   1.683032, 0.039478,
 0,x_unit, 45.866539, 1.656445, 3.291943, 1.635498,   1.657251, 1.892505, 0.235254,   1.685449, 0.043506,
 0,x_unit, 45.892277, 1.653223, 3.287109, 1.633887,   1.654834, 1.910229, 0.255396,   1.687060, 0.039478,
 0,x_unit, 45.917991, 1.668530, 3.291943, 1.623413,   1.662085, 1.907812, 0.245728,   1.691895, 0.050757,
 0,x_unit, 45.943649, 1.664502, 3.289526, 1.625024,   1.669336, 1.910229, 0.240893,   1.691895, 0.050757,
 0,x_unit, 45.969427, 1.662085, 3.287915, 1.625830,   1.662085, 1.931177, 0.269092,   1.693506, 0.052368,
 0,x_unit, 45.995208, 1.661279, 3.295166, 1.633887,   1.664502, 1.930371, 0.265869,   1.691895, 0.052368,
 0,x_unit, 46.020988, 1.662891, 3.292749, 1.629858,   1.665308, 1.902979, 0.237671,   1.689478, 0.051562,
 0,x_unit, 46.046641, 1.662085, 3.285498, 1.623413,   1.661279, 1.906201, 0.244922,   1.691895, 0.050757,
 0,x_unit, 46.072406, 1.654834, 3.289526, 1.634692,   1.662891, 1.914258, 0.251367,   1.691895, 0.050757,
 0,x_unit, 46.098114, 1.662085, 3.289526, 1.627441,   1.665308, 1.913452, 0.248145,   1.691895, 0.052368,
 0,x_unit, 46.123881, 1.657251, 3.287109, 1.629858,   1.662085, 1.911035, 0.248950,   1.691089, 0.051562,
 0,x_unit, 46.149537, 1.657251, 3.287109, 1.629858,   1.662891, 1.902979, 0.240088,   1.691089, 0.054785,
 0,x_unit, 46.175317, 1.660474, 3.285498, 1.625024,   1.662891, 1.872363, 0.209473,   1.691089, 0.049951,
 0,x_unit, 46.201086, 1.654834, 3.288721, 1.633887,   1.664502, 1.890088, 0.225586,   1.691895, 0.048340,
 0,x_unit, 46.226887, 1.662085, 3.287915, 1.625830,   1.658057, 1.882837, 0.224780,   1.691089, 0.047534,
 0,x_unit, 46.252620, 1.648389, 3.287109, 1.638721,   1.649194, 1.874780, 0.225586,   1.682227, 0.035449,
 0,x_unit, 46.278312, 1.650806, 3.289526, 1.638721,   1.650000, 1.865112, 0.215112,   1.691895, 0.038672,
 0,x_unit, 46.303985, 1.649194, 3.256494, 1.607300,   1.650000, 1.861084, 0.211084,   1.682227, 0.037866,
 0,x_unit, 46.329771, 1.650806, 3.200098, 1.549292,   1.648389, 1.841748, 0.193359,   1.686255, 0.039478,
 0,x_unit, 46.355566, 1.652417, 3.142895, 1.490479,   1.654028, 1.861084, 0.207056,   1.687060, 0.039478,
 0,x_unit, 46.381209, 1.652417, 3.082471, 1.430054,   1.654028, 1.814355, 0.160327,   1.683032, 0.037866,
 0,x_unit, 46.406867, 1.653223, 2.948730, 1.295508,   1.652417, 1.803882, 0.151465,   1.687866, 0.042700,
 0,x_unit, 46.432657, 1.649194, 2.869775, 1.220581,   1.650000, 1.782129, 0.132129,   1.678198, 0.039478,
 0,x_unit, 46.458427, 1.653223, 2.772290, 1.119067,   1.652417, 1.774878, 0.122461,   1.687060, 0.038672,
 0,x_unit, 46.484092, 1.653223, 2.658691, 1.005469,   1.650000, 1.765210, 0.115210,   1.682227, 0.040283,
 0,x_unit, 46.509774, 1.652417, 2.586182, 0.933765,   1.654028, 1.736206, 0.082178,   1.683838, 0.039478,
 0,x_unit, 46.535544, 1.650000, 2.419409, 0.769409,   1.654028, 1.753931, 0.099902,   1.683838, 0.037866,
 0,x_unit, 46.561428, 1.662891, 2.339648, 0.676758,   1.664502, 1.718481, 0.053980,   1.699145, 0.049951,
 0,x_unit, 46.587127, 1.665308, 2.237329, 0.572021,   1.664502, 1.716064, 0.051563,   1.691895, 0.049951,
 0,x_unit, 46.612775, 1.658862, 2.123730, 0.464868,   1.660474, 1.697534, 0.037061,   1.693506, 0.049951,
 0,x_unit, 46.638431, 1.665308, 2.006909, 0.341601,   1.660474, 1.683838, 0.023364,   1.691895, 0.051562,
 0,x_unit, 46.664214, 1.662891, 1.882031, 0.219141,   1.662085, 1.652417, -0.009668,   1.691895, 0.051562,
 0,x_unit, 46.690313, 1.658862, 1.747485, 0.088623,   1.661279, 1.652417, -0.008862,   1.690283, 0.052368,
 0,x_unit, 46.716432, 1.660474, 1.691089, 0.030615,   1.660474, 1.654028, -0.006445,   1.691895, 0.055591,
 0,x_unit, 46.742341, 1.662085, 1.557349, -0.104736,   1.661279, 1.637109, -0.024170,   1.690283, 0.053979,
 0,x_unit, 46.768611, 1.657251, 1.471948, -0.185303,   1.658862, 1.629053, -0.029809,   1.691895, 0.053979,
 0,x_unit, 46.794888, 1.657251, 1.359961, -0.297290,   1.658057, 1.633887, -0.024170,   1.691895, 0.051562,
 0,x_unit, 46.821213, 1.660474, 1.271338, -0.389136,   1.657251, 1.607300, -0.049951,   1.691895, 0.049951,
 0,x_unit, 46.847549, 1.658057, 1.193188, -0.464868,   1.658057, 1.574268, -0.083789,   1.687060, 0.048340,
 0,x_unit, 46.873802, 1.644360, 1.151294, -0.493066,   1.640332, 1.587964, -0.052368,   1.686255, 0.037866,
 0,x_unit, 46.900146, 1.643555, 1.057031, -0.586523,   1.645166, 1.586352, -0.058814,   1.683032, 0.037866,
 0,x_unit, 46.926435, 1.648389, 0.993384, -0.655005,   1.647583, 1.567017, -0.080566,   1.679810, 0.039478,
 0,x_unit, 46.952786, 1.647583, 0.957129, -0.690454,   1.644360, 1.587964, -0.056396,   1.683032, 0.041895,
 0,x_unit, 46.979003, 1.648389, 0.916040, -0.732349,   1.647583, 1.578296, -0.069287,   1.690283, 0.037866,
 0,x_unit, 47.005240, 1.645972, 0.874146, -0.771826,   1.647583, 1.557349, -0.090234,   1.683838, 0.037866,
 0,x_unit, 47.031664, 1.645972, 0.887036, -0.758936,   1.647583, 1.590381, -0.057202,   1.685449, 0.037866,
 0,x_unit, 47.057907, 1.647583, 0.873340, -0.774243,   1.650000, 1.562988, -0.087012,   1.685449, 0.037866,
 0,x_unit, 47.084110, 1.647583, 0.879785, -0.767798,   1.648389, 1.577490, -0.070898,   1.681421, 0.037866,
 0,x_unit, 47.110225, 1.648389, 0.889453, -0.758936,   1.645972, 1.570239, -0.075732,   1.687866, 0.038672,
 0,x_unit, 47.136570, 1.649194, 0.902344, -0.746851,   1.650000, 1.581519, -0.068481,   1.682227, 0.039478,
 0,x_unit, 47.163005, 1.647583, 0.961963, -0.685620,   1.649194, 1.573462, -0.075732,   1.681421, 0.036255,
 0,x_unit, 47.189226, 1.666113, 1.038501, -0.627612,   1.662891, 1.596826, -0.066064,   1.695923, 0.051562,
 0,x_unit, 47.215574, 1.662085, 1.102954, -0.559131,   1.657251, 1.596020, -0.061231,   1.687060, 0.048340,
 0,x_unit, 47.241680, 1.662085, 1.178686, -0.483398,   1.660474, 1.611328, -0.049145,   1.690283, 0.049951,
 0,x_unit, 47.267915, 1.658862, 1.250391, -0.408472,   1.664502, 1.641943, -0.022559,   1.689478, 0.052368,
 0,x_unit, 47.294227, 1.658057, 1.333374, -0.324683,   1.658862, 1.654028, -0.004834,   1.695117, 0.048340,
 0,x_unit, 47.320447, 1.656445, 1.411523, -0.244922,   1.658057, 1.650000, -0.008057,   1.691895, 0.051562,
 0,x_unit, 47.346675, 1.658862, 1.542847, -0.116016,   1.657251, 1.647583, -0.009668,   1.689478, 0.052368,
 0,x_unit, 47.372905, 1.656445, 1.643555, -0.012891,   1.658862, 1.661279, 0.002417,   1.691895, 0.052368,
 0,x_unit, 47.398885, 1.654028, 1.747485, 0.093457,   1.656445, 1.691895, 0.035449,   1.691895, 0.053979,
 0,x_unit, 47.424775, 1.662085, 1.865112, 0.203027,   1.660474, 1.687060, 0.026587,   1.691895, 0.053979,
 0,x_unit, 47.450430, 1.660474, 1.988379, 0.327905,   1.656445, 1.703174, 0.046728,   1.691895, 0.051562,
 0,x_unit, 47.476232, 1.661279, 2.097949, 0.436670,   1.661279, 1.712842, 0.051562,   1.691089, 0.052368,
 0,x_unit, 47.501880, 1.654028, 2.230078, 0.576050,   1.652417, 1.743457, 0.091040,   1.687060, 0.040283,
 0,x_unit, 47.527662, 1.649194, 2.349316, 0.700122,   1.647583, 1.733789, 0.086206,   1.683838, 0.039478,
 0,x_unit, 47.553485, 1.649194, 2.470972, 0.821777,   1.647583, 1.761182, 0.113599,   1.690283, 0.037866,
 0,x_unit, 47.579100, 1.650000, 2.607934, 0.957934,   1.645972, 1.778906, 0.132935,   1.686255, 0.041895,
 0,x_unit, 47.604913, 1.648389, 2.748120, 1.099731,   1.649194, 1.786963, 0.137769,   1.677393, 0.037866,
 0,x_unit, 47.630672, 1.652417, 2.840771, 1.188354,   1.650806, 1.798242, 0.147437,   1.682227, 0.036255,
 0,x_unit, 47.656447, 1.654834, 2.999487, 1.344653,   1.654028, 1.799048, 0.145020,   1.683838, 0.037866,
 0,x_unit, 47.682217, 1.647583, 3.139673, 1.492090,   1.653223, 1.819189, 0.165967,   1.679004, 0.033838,
 0,x_unit, 47.707877, 1.654028, 3.264551, 1.610522,   1.654834, 1.824023, 0.169189,   1.683838, 0.037866,
 0,x_unit, 47.733701, 1.654834, 3.285498, 1.630664,   1.648389, 1.841748, 0.193359,   1.679810, 0.038672,
 0,x_unit, 47.759437, 1.654834, 3.285498, 1.630664,   1.652417, 1.836914, 0.184497,   1.685449, 0.040283,
 0,x_unit, 47.785177, 1.654834, 3.288721, 1.633887,   1.649194, 1.867529, 0.218335,   1.686255, 0.040283,
 0,x_unit, 47.810878, 1.653223, 3.291943, 1.638721,   1.653223, 1.865112, 0.211890,   1.681421, 0.040283,
 0,x_unit, 47.836663, 1.665308, 3.291138, 1.625830,   1.669336, 1.878809, 0.209473,   1.690283, 0.049951,
 0,x_unit, 47.862450, 1.666113, 3.288721, 1.622607,   1.669336, 1.893311, 0.223975,   1.691089, 0.052368,
 0,x_unit, 47.888116, 1.662085, 3.291138, 1.629053,   1.662891, 1.910229, 0.247339,   1.690283, 0.050757,
 0,x_unit, 47.913783, 1.666113, 3.287915, 1.621802,   1.666113, 1.907812, 0.241699,   1.691895, 0.049951,
 0,x_unit, 47.939545, 1.664502, 3.285498, 1.620996,   1.662085, 1.907812, 0.245728,   1.690283, 0.053979,
 0,x_unit, 47.965331, 1.662891, 3.291943, 1.629053,   1.660474, 1.898144, 0.237671,   1.685449, 0.048340,
 0,x_unit, 47.991091, 1.662085, 3.288721, 1.626636,   1.662085, 1.922314, 0.260229,   1.690283, 0.052368,
 0,x_unit, 48.016884, 1.662891, 3.289526, 1.626636,   1.664502, 1.906201, 0.241699,   1.691895, 0.051562,
 0,x_unit, 48.042545, 1.664502, 3.287109, 1.622607,   1.662085, 1.902979, 0.240894,   1.691895, 0.051562,
 0,x_unit, 48.068326, 1.661279, 3.287915, 1.626636,   1.664502, 1.931177, 0.266675,   1.687060, 0.051562,
 0,x_unit, 48.094118, 1.662891, 3.285498, 1.622607,   1.657251, 1.902173, 0.244922,   1.689478, 0.054785,
 0,x_unit, 48.119885, 1.658862, 3.287915, 1.629053,   1.660474, 1.901367, 0.240894,   1.693506, 0.050757,
 0,x_unit, 48.145543, 1.664502, 3.287915, 1.623413,   1.664502, 1.907812, 0.243311,   1.691089, 0.051562,
 0,x_unit, 48.171214, 1.647583, 3.287915, 1.640332,   1.650000, 1.884448, 0.234448,   1.686255, 0.037866,
 0,x_unit, 48.197047, 1.650000, 3.287109, 1.637109,   1.647583, 1.869946, 0.222363,   1.687060, 0.037866,
 0,x_unit, 48.222777, 1.649194, 3.258911, 1.609717,   1.648389, 1.860278, 0.211890,   1.683838, 0.038672,
 0,x_unit, 48.248432, 1.650806, 3.200903, 1.550098,   1.648389, 1.843359, 0.194971,   1.685449, 0.039478,
 0,x_unit, 48.274221, 1.650000, 3.119531, 1.469531,   1.650000, 1.824023, 0.174023,   1.685449, 0.037866,
 0,x_unit, 48.299994, 1.650806, 3.019629, 1.368823,   1.652417, 1.816772, 0.164356,   1.686255, 0.037866,
 0,x_unit, 48.325778, 1.654028, 2.915698, 1.261670,   1.647583, 1.790991, 0.143408,   1.681421, 0.035449,
 0,x_unit, 48.351443, 1.653223, 2.836743, 1.183520,   1.652417, 1.789380, 0.136963,   1.681421, 0.039478,
 0,x_unit, 48.377108, 1.653223, 2.695752, 1.042529,   1.648389, 1.749902, 0.101514,   1.683838, 0.040283,
 0,x_unit, 48.402895, 1.653223, 2.574097, 0.920874,   1.647583, 1.757959, 0.110376,   1.683838, 0.036255,
 0,x_unit, 48.428663, 1.652417, 2.445996, 0.793579,   1.654028, 1.737817, 0.083789,   1.683838, 0.037866,
 0,x_unit, 48.454440, 1.649194, 2.345288, 0.696094,   1.650000, 1.723315, 0.073315,   1.683838, 0.037866,
 0,x_unit, 48.480105, 1.665308, 2.246997, 0.581689,   1.666113, 1.714453, 0.048340,   1.691895, 0.052368,
 0,x_unit, 48.505780, 1.662891, 2.071362, 0.408472,   1.664502, 1.714453, 0.049951,   1.693506, 0.050757,
 0,x_unit, 48.531560, 1.661279, 1.957764, 0.296484,   1.661279, 1.668530, 0.007251,   1.691089, 0.049951,
 0,x_unit, 48.557363, 1.654834, 1.847388, 0.192554,   1.656445, 1.648389, -0.008057,   1.691895, 0.051562,
 0,x_unit, 48.583400, 1.660474, 1.706396, 0.045923,   1.664502, 1.645166, -0.019336,   1.691895, 0.051562,
 0,x_unit, 48.609343, 1.658862, 1.587158, -0.071704,   1.662085, 1.629053, -0.033032,   1.691895, 0.049951,
 0,x_unit, 48.635670, 1.656445, 1.471143, -0.185303,   1.658057, 1.658057, 0.000000,   1.691895, 0.047534,
 0,x_unit, 48.661748, 1.654028, 1.359155, -0.294873,   1.658862, 1.596020, -0.062842,   1.690283, 0.055591,
 0,x_unit, 48.688006, 1.658862, 1.290674, -0.368188,   1.661279, 1.599243, -0.062036,   1.693506, 0.055591,
 0,x_unit, 48.714193, 1.657251, 1.169019, -0.488232,   1.654834, 1.587964, -0.066870,   1.693506, 0.050757,
 0,x_unit, 48.740565, 1.657251, 1.106177, -0.551074,   1.654834, 1.614551, -0.040283,   1.691895, 0.055591,
 0,x_unit, 48.766905, 1.658057, 1.035278, -0.622778,   1.657251, 1.625024, -0.032227,   1.683838, 0.053979,
 0,x_unit, 48.793221, 1.645972, 0.989355, -0.656616,   1.648389, 1.590381, -0.058008,   1.685449, 0.039478,
 0,x_unit, 48.819577, 1.640332, 0.990967, -0.649365,   1.640332, 1.589575, -0.050757,   1.683838, 0.037866,
 0,x_unit, 48.845702, 1.649194, 0.936182, -0.713013,   1.647583, 1.552515, -0.095068,   1.681421, 0.036255,
 0,x_unit, 48.872024, 1.647583, 0.932153, -0.715430,   1.643555, 1.582324, -0.061231,   1.682227, 0.038672,
 0,x_unit, 48.898343, 1.654834, 0.947461, -0.707373,   1.645166, 1.599243, -0.045923,   1.683032, 0.037866,
 0,x_unit, 48.924688, 1.645166, 0.974048, -0.671118,   1.650000, 1.574268, -0.075732,   1.682227, 0.035449,
 0,x_unit, 48.950905, 1.650000, 1.004663, -0.645337,   1.645166, 1.591992, -0.053174,   1.679810, 0.037866,
 0,x_unit, 48.977191, 1.647583, 1.048169, -0.599414,   1.648389, 1.611328, -0.037060,   1.683838, 0.039478,
 0,x_unit, 49.003476, 1.647583, 1.151294, -0.496289,   1.650806, 1.598437, -0.052368,   1.683032, 0.041895,
 0,x_unit, 49.029806, 1.650000, 1.231055, -0.418945,   1.647583, 1.608105, -0.039478,   1.691895, 0.037866,
 0,x_unit, 49.056147, 1.652417, 1.337402, -0.315015,   1.650000, 1.644360, -0.005640,   1.683838, 0.040283,
 0,x_unit, 49.082335, 1.650806, 1.437305, -0.213501,   1.650806, 1.641943, -0.008862,   1.682227, 0.035449,
 0,x_unit, 49.108472, 1.664502, 1.552515, -0.111987,   1.660474, 1.658057, -0.002417,   1.691895, 0.053979,
 0,x_unit, 49.134742, 1.666919, 1.693506, 0.026587,   1.664502, 1.678198, 0.013696,   1.694311, 0.051562,
 0,x_unit, 49.160332, 1.664502, 1.801465, 0.136963,   1.658862, 1.676587, 0.017725,   1.694311, 0.052368,
 0,x_unit, 49.186140, 1.662891, 1.951318, 0.288428,   1.664502, 1.695923, 0.031421,   1.693506, 0.046729,
 0,x_unit, 49.211787, 1.666113, 2.061694, 0.395581,   1.662891, 1.710425, 0.047534,   1.695923, 0.053979,
 0,x_unit, 49.237588, 1.661279, 2.222021, 0.560742,   1.662085, 1.724121, 0.062036,   1.695117, 0.048340,
 0,x_unit, 49.263339, 1.662085, 2.359790, 0.697705,   1.660474, 1.732178, 0.071704,   1.693506, 0.049951,
 0,x_unit, 49.289016, 1.662085, 2.537842, 0.875757,   1.661279, 1.770044, 0.108765,   1.691089, 0.049951,
 0,x_unit, 49.314669, 1.661279, 2.658691, 0.997412,   1.662891, 1.757153, 0.094263,   1.693506, 0.050757,
 0,x_unit, 49.340324, 1.654834, 2.803711, 1.148877,   1.658057, 1.815161, 0.157104,   1.690283, 0.050757,
 0,x_unit, 49.366111, 1.657251, 2.970483, 1.313232,   1.658057, 1.805493, 0.147436,   1.687866, 0.051562,
 0,x_unit, 49.391896, 1.662085, 3.101001, 1.438916,   1.664502, 1.819189, 0.154688,   1.691895, 0.050757,
 0,x_unit, 49.417668, 1.664502, 3.255688, 1.591187,   1.662085, 1.839331, 0.177246,   1.691089, 0.054785,
 0,x_unit, 49.443335, 1.650000, 3.291138, 1.641138,   1.645972, 1.847388, 0.201416,   1.679810, 0.039478,
 0,x_unit, 49.469114, 1.648389, 3.291138, 1.642749,   1.650000, 1.841748, 0.191748,   1.683838, 0.036255,
 0,x_unit, 49.494786, 1.650806, 3.291138, 1.640332,   1.647583, 1.884448, 0.236865,   1.685449, 0.037866,
 0,x_unit, 49.520445, 1.654834, 3.291138, 1.636304,   1.652417, 1.894116, 0.241699,   1.687060, 0.040283,
 0,x_unit, 49.546008, 1.649194, 3.287915, 1.638721,   1.654028, 1.886060, 0.232031,   1.685449, 0.038672,
 0,x_unit, 49.571889, 1.654834, 3.287109, 1.632275,   1.653223, 1.888476, 0.235254,   1.687060, 0.040283,
 0,x_unit, 49.597692, 1.650000, 3.291138, 1.641138,   1.650000, 1.886060, 0.236060,   1.683838, 0.037866,
 0,x_unit, 49.623434, 1.654834, 3.287915, 1.633081,   1.652417, 1.898144, 0.245728,   1.690283, 0.043506,
 0,x_unit, 49.649113, 1.648389, 3.287915, 1.639526,   1.653223, 1.898950, 0.245728,   1.683838, 0.038672,
 0,x_unit, 49.674901, 1.654834, 3.289526, 1.634692,   1.654834, 1.892505, 0.237671,   1.691895, 0.038672,
 0,x_unit, 49.700681, 1.654028, 3.291138, 1.637109,   1.653223, 1.914258, 0.261035,   1.683838, 0.039478,
 0,x_unit, 49.726441, 1.650000, 3.287915, 1.637915,   1.650000, 1.898950, 0.248950,   1.687060, 0.040283,
 0,x_unit, 49.752103, 1.666113, 3.289526, 1.623413,   1.666919, 1.906201, 0.239282,   1.687866, 0.055591,
 0,x_unit, 49.777794, 1.664502, 3.291943, 1.627441,   1.666113, 1.905396, 0.239282,   1.693506, 0.053979,
 0,x_unit, 49.803438, 1.666113, 3.287915, 1.621802,   1.665308, 1.898144, 0.232837,   1.691895, 0.053979,
 0,x_unit, 49.829244, 1.661279, 3.289526, 1.628247,   1.666113, 1.864307, 0.198193,   1.687866, 0.054785,
 0,x_unit, 49.855015, 1.664502, 3.288721, 1.624219,   1.662891, 1.867529, 0.204639,   1.690283, 0.047534,
 0,x_unit, 49.880675, 1.662085, 3.247632, 1.585547,   1.658862, 1.864307, 0.205444,   1.687866, 0.052368,
 0,x_unit, 49.906455, 1.662085, 3.208960, 1.546875,   1.662891, 1.848999, 0.186108,   1.691089, 0.047534,
 0,x_unit, 49.932227, 1.664502, 3.163037, 1.498535,   1.658057, 1.847388, 0.189331,   1.691895, 0.053979,
 0,x_unit, 49.958012, 1.658862, 3.094556, 1.435693,   1.657251, 1.840137, 0.182886,   1.691895, 0.053979,
 0,x_unit, 49.983671, 1.661279, 2.961621, 1.300342,   1.662085, 1.819995, 0.157910,   1.691895, 0.052368,
 0,x_unit, 50.009329, 1.661279, 2.868164, 1.206885,   1.658862, 1.795020, 0.136157,   1.691895, 0.049951,
 0,x_unit, 50.035127, 1.658862, 2.745703, 1.086841,   1.658862, 1.803076, 0.144214,   1.691895, 0.054785,
 0,x_unit, 50.060899, 1.660474, 2.627270, 0.966797,   1.658057, 1.737012, 0.078955,   1.685449, 0.037866,
 0,x_unit, 50.086590, 1.644360, 2.512866, 0.868506,   1.645972, 1.724121, 0.078149,   1.683032, 0.036255,
 0,x_unit, 50.112225, 1.645972, 2.354150, 0.708179,   1.645166, 1.735400, 0.090234,   1.683838, 0.040283,
 0,x_unit, 50.138004, 1.644360, 2.259888, 0.615527,   1.645166, 1.679810, 0.034644,   1.683838, 0.039478,
 0,x_unit, 50.163809, 1.648389, 2.110840, 0.462451,   1.644360, 1.693506, 0.049146,   1.687060, 0.038672,
 0,x_unit, 50.189452, 1.649194, 1.985156, 0.335962,   1.647583, 1.683838, 0.036255,   1.683838, 0.038672,
 0,x_unit, 50.215105, 1.650000, 1.847388, 0.197388,   1.649194, 1.666919, 0.017725,   1.683838, 0.038672,
 0,x_unit, 50.240787, 1.647583, 1.724927, 0.077344,   1.648389, 1.637109, -0.011279,   1.685449, 0.040283,
 0,x_unit, 50.266812, 1.649194, 1.616968, -0.032227,   1.647583, 1.652417, 0.004834,   1.679810, 0.037866,
 0,x_unit, 50.292902, 1.647583, 1.484839, -0.162744,   1.650000, 1.596020, -0.053980,   1.687060, 0.036255,
 0,x_unit, 50.319231, 1.649194, 1.388159, -0.261035,   1.647583, 1.624219, -0.023364,   1.687866, 0.037866,
 0,x_unit, 50.345367, 1.650806, 1.257642, -0.393164,   1.649194, 1.603271, -0.045923,   1.685449, 0.036255,
 0,x_unit, 50.371685, 1.649194, 1.189966, -0.459229,   1.645972, 1.590381, -0.055591,   1.687060, 0.037866,
 0,x_unit, 50.397929, 1.662085, 1.109399, -0.552685,   1.654834, 1.591187, -0.063647,   1.689478, 0.052368,
 0,x_unit, 50.424704, 1.661279, 1.066699, -0.594580,   1.660474, 1.587964, -0.072510,   1.693506, 0.048340,
 0,x_unit, 50.450906, 1.661279, 1.037695, -0.623584,   1.662085, 1.587158, -0.074927,   1.694311, 0.055591,
 0,x_unit, 50.477154, 1.654834, 0.999023, -0.655810,   1.658862, 1.562183, -0.096680,   1.687060, 0.052368,
 0,x_unit, 50.503358, 1.658057, 0.990967, -0.667090,   1.661279, 1.608911, -0.052368,   1.690283, 0.052368,
 0,x_unit, 50.529636, 1.653223, 0.994189, -0.659033,   1.657251, 1.594409, -0.062842,   1.687866, 0.054785,
 0,x_unit, 50.556088, 1.654834, 1.032056, -0.622778,   1.657251, 1.578296, -0.078955,   1.690283, 0.051562,
 0,x_unit, 50.582247, 1.654028, 1.099731, -0.554297,   1.660474, 1.615356, -0.045117,   1.689478, 0.050757,
 0,x_unit, 50.608464, 1.656445, 1.164990, -0.491455,   1.657251, 1.628247, -0.029004,   1.687866, 0.051562,
 0,x_unit, 50.634798, 1.654834, 1.264087, -0.390747,   1.662085, 1.616162, -0.045923,   1.685449, 0.049951,
 0,x_unit, 50.661088, 1.658862, 1.359961, -0.298901,   1.660474, 1.633887, -0.026587,   1.693506, 0.054785,
 0,x_unit, 50.687435, 1.658862, 1.536401, -0.122461,   1.657251, 1.647583, -0.009668,   1.695117, 0.051562,
 0,x_unit, 50.713590, 1.647583, 1.611328, -0.036255,   1.647583, 1.650806, 0.003223,   1.682227, 0.040283,
 0,x_unit, 50.739506, 1.647583, 1.745068, 0.097485,   1.647583, 1.660474, 0.012891,   1.683032, 0.039478,
 0,x_unit, 50.765233, 1.645166, 1.898950, 0.253784,   1.647583, 1.689478, 0.041895,   1.683838, 0.038672,
 0,x_unit, 50.791010, 1.650806, 2.051221, 0.400415,   1.647583, 1.681421, 0.033838,   1.686255, 0.041895,
 0,x_unit, 50.816786, 1.645166, 2.209936, 0.564770,   1.650000, 1.736206, 0.086206,   1.683838, 0.037866,
 0,x_unit, 50.842443, 1.649194, 2.334009, 0.684814,   1.649194, 1.741846, 0.092651,   1.687060, 0.037866,
 0,x_unit, 50.868229, 1.653223, 2.562012, 0.908789,   1.648389, 1.770850, 0.122461,   1.683838, 0.037866,
 0,x_unit, 50.894013, 1.654028, 2.673193, 1.019165,   1.652417, 1.780518, 0.128101,   1.683838, 0.038672,
 0,x_unit, 50.919795, 1.650000, 2.876221, 1.226221,   1.652417, 1.795825, 0.143408,   1.683838, 0.038672,
 0,x_unit, 50.945477, 1.649194, 3.035742, 1.386548,   1.654028, 1.816772, 0.162744,   1.683032, 0.040283,
 0,x_unit, 50.971232, 1.654834, 3.197681, 1.542847,   1.650000, 1.828052, 0.178052,   1.685449, 0.037866,
 0,x_unit, 50.996901, 1.654834, 3.291943, 1.637109,   1.650000, 1.844165, 0.194165,   1.683838, 0.040283,
 0,x_unit, 51.022695, 1.666113, 3.291943, 1.625830,   1.665308, 1.861890, 0.196582,   1.695117, 0.047534,
 0,x_unit, 51.048354, 1.666919, 3.289526, 1.622607,   1.661279, 1.867529, 0.206250,   1.691895, 0.050757,
 0,x_unit, 51.074115, 1.665308, 3.285498, 1.620190,   1.666113, 1.870752, 0.204639,   1.695117, 0.051562,
 0,x_unit, 51.099794, 1.668530, 3.289526, 1.620996,   1.666113, 1.915869, 0.249756,   1.691089, 0.051562,
 0,x_unit, 51.125580, 1.664502, 3.287915, 1.623413,   1.662085, 1.874780, 0.212695,   1.691895, 0.049951,
 0,x_unit, 51.151232, 1.664502, 3.291138, 1.626636,   1.662891, 1.930371, 0.267480,   1.695923, 0.053979,
 0,x_unit, 51.177008, 1.660474, 3.287915, 1.627441,   1.664502, 1.931177, 0.266675,   1.693506, 0.051562,
 0,x_unit, 51.202800, 1.662085, 3.289526, 1.627441,   1.661279, 1.907007, 0.245728,   1.691895, 0.054785,
 0,x_unit, 51.228560, 1.662085, 3.287915, 1.625830,   1.657251, 1.907812, 0.250561,   1.689478, 0.047534,
 0,x_unit, 51.254344, 1.664502, 3.287109, 1.622607,   1.665308, 1.903784, 0.238477,   1.691895, 0.051562,
 0,x_unit, 51.280010, 1.664502, 3.289526, 1.625024,   1.661279, 1.882837, 0.221558,   1.693506, 0.048340,
 0,x_unit, 51.305796, 1.654834, 3.285498, 1.630664,   1.661279, 1.885254, 0.223975,   1.695923, 0.050757,
 0,x_unit, 51.331562, 1.662891, 3.288721, 1.625830,   1.658862, 1.882837, 0.223975,   1.687866, 0.047534,
 0,x_unit, 51.357348, 1.647583, 3.272607, 1.625024,   1.645166, 1.878809, 0.233643,   1.682227, 0.037866,
 0,x_unit, 51.383010, 1.647583, 3.226685, 1.579102,   1.650806, 1.882837, 0.232031,   1.687060, 0.038672,
 0,x_unit, 51.408680, 1.650000, 3.136450, 1.486450,   1.645972, 1.830469, 0.184497,   1.687060, 0.039478,
 0,x_unit, 51.434449, 1.650806, 3.038159, 1.387354,   1.647583, 1.815161, 0.167578,   1.685449, 0.037866,
 0,x_unit, 51.460244, 1.650000, 2.961621, 1.311621,   1.648389, 1.807104, 0.158716,   1.683838, 0.039478,
 0,x_unit, 51.485955, 1.653223, 2.764233, 1.111011,   1.649194, 1.778101, 0.128906,   1.686255, 0.035449,
 0,x_unit, 51.511555, 1.648389, 2.648218, 0.999829,   1.649194, 1.770850, 0.121655,   1.681421, 0.040283,
 0,x_unit, 51.537334, 1.650000, 2.499975, 0.849975,   1.649194, 1.747485, 0.098291,   1.687866, 0.041895,
 0,x_unit, 51.563237, 1.653223, 2.383960, 0.730737,   1.647583, 1.731372, 0.083789,   1.685449, 0.034644,
 0,x_unit, 51.589008, 1.649194, 2.246191, 0.596997,   1.650806, 1.712842, 0.062036,   1.687866, 0.036255,
 0,x_unit, 51.614684, 1.648389, 2.092309, 0.443921,   1.650806, 1.689478, 0.038672,   1.687866, 0.038672,
 0,x_unit, 51.640337, 1.652417, 1.964209, 0.311792,   1.652417, 1.679004, 0.026587,   1.687060, 0.039478,
 0,x_unit, 51.666139, 1.664502, 1.824023, 0.159521,   1.658862, 1.673364, 0.014502,   1.687060, 0.049951,
 0,x_unit, 51.691895, 1.665308, 1.683032, 0.017725,   1.661279, 1.641138, -0.020142,   1.691895, 0.052368,
 0,x_unit, 51.717979, 1.662085, 1.575879, -0.086206,   1.660474, 1.647583, -0.012891,   1.694311, 0.051562,
 0,x_unit, 51.744248, 1.662085, 1.436499, -0.225586,   1.660474, 1.627441, -0.033032,   1.691895, 0.049951,
 0,x_unit, 51.770580, 1.662891, 1.322900, -0.339990,   1.658862, 1.610522, -0.048340,   1.693506, 0.050757,
 0,x_unit, 51.796947, 1.658057, 1.228638, -0.429419,   1.657251, 1.611328, -0.045923,   1.687866, 0.046729,
 0,x_unit, 51.823307, 1.661279, 1.151294, -0.509985,   1.654834, 1.596826, -0.058008,   1.689478, 0.053979,
 0,x_unit, 51.849474, 1.654834, 1.066699, -0.588135,   1.658057, 1.598437, -0.059619,   1.691895, 0.048340,
 0,x_unit, 51.875821, 1.658862, 1.006274, -0.652588,   1.658057, 1.581519, -0.076538,   1.693506, 0.052368,
 0,x_unit, 51.902147, 1.654834, 1.014331, -0.640503,   1.654834, 1.579102, -0.075732,   1.691895, 0.049951,
 0,x_unit, 51.928441, 1.658862, 0.994995, -0.663867,   1.658862, 1.620996, -0.037866,   1.693506, 0.051562,
 0,x_unit, 51.954824, 1.662085, 1.009497, -0.652588,   1.654834, 1.566211, -0.088623,   1.694311, 0.048340,
 0,x_unit, 51.981019, 1.653223, 1.041724, -0.611499,   1.643555, 1.583130, -0.060425,   1.685449, 0.040283,
 0,x_unit, 52.007344, 1.641943, 1.081201, -0.560742,   1.645166, 1.608105, -0.037061,   1.682227, 0.039478,
 0,x_unit, 52.033694, 1.647583, 1.160962, -0.486621,   1.645166, 1.603271, -0.041895,   1.683032, 0.038672,
 0,x_unit, 52.060017, 1.647583, 1.259253, -0.388330,   1.647583, 1.606494, -0.041089,   1.683838, 0.036255,
 0,x_unit, 52.086265, 1.650806, 1.357544, -0.293262,   1.645972, 1.608105, -0.037866,   1.683838, 0.037866,
 0,x_unit, 52.112365, 1.647583, 1.471143, -0.176440,   1.648389, 1.603271, -0.045117,   1.685449, 0.039478,
 0,x_unit, 52.138698, 1.645166, 1.589575, -0.055591,   1.649194, 1.650000, 0.000806,   1.683838, 0.039478,
 0,x_unit, 52.164805, 1.648389, 1.714453, 0.066064,   1.650000, 1.674976, 0.024976,   1.685449, 0.039478,
 0,x_unit, 52.190572, 1.650000, 1.874780, 0.224780,   1.650806, 1.677393, 0.026587,   1.683838, 0.037866,
 0,x_unit, 52.216340, 1.649194, 2.038330, 0.389136,   1.649194, 1.706396, 0.057202,   1.682227, 0.037866,
 0,x_unit, 52.242014, 1.653223, 2.183350, 0.530127,   1.650000, 1.741040, 0.091040,   1.683032, 0.039478,
 0,x_unit, 52.267803, 1.654028, 2.337231, 0.683203,   1.648389, 1.745068, 0.096680,   1.682227, 0.040283,
 0,x_unit, 52.293459, 1.650806, 2.479834, 0.829028,   1.645166, 1.774072, 0.128906,   1.683838, 0.038672,
 0,x_unit, 52.319262, 1.668530, 2.685278, 1.016748,   1.662085, 1.787768, 0.125684,   1.691895, 0.052368,
 0,x_unit, 52.344899, 1.662085, 2.831909, 1.169824,   1.668530, 1.806299, 0.137769,   1.691089, 0.052368,
 0,x_unit, 52.370564, 1.662085, 3.017212, 1.355127,   1.662085, 1.819189, 0.157104,   1.689478, 0.051562,
 0,x_unit, 52.396228, 1.662085, 3.200098, 1.538013,   1.664502, 1.832080, 0.167578,   1.691089, 0.051562,
 0,x_unit, 52.422024, 1.662891, 3.283887, 1.620996,   1.662891, 1.852222, 0.189331,   1.691895, 0.051562,
 0,x_unit, 52.447699, 1.664502, 3.288721, 1.624219,   1.658862, 1.857056, 0.198193,   1.687866, 0.050757,
 0,x_unit, 52.473451, 1.665308, 3.289526, 1.624219,   1.666113, 1.853833, 0.187720,   1.689478, 0.051562,
 0,x_unit, 52.499133, 1.662085, 3.289526, 1.627441,   1.662085, 1.869141, 0.207056,   1.691089, 0.053979,
 0,x_unit, 52.524911, 1.662085, 3.287109, 1.625024,   1.661279, 1.892505, 0.231225,   1.689478, 0.053979,
 0,x_unit, 52.550567, 1.664502, 3.289526, 1.625024,   1.665308, 1.868335, 0.203027,   1.689478, 0.054785,
 0,x_unit, 52.576346, 1.662891, 3.288721, 1.625830,   1.656445, 1.892505, 0.236060,   1.691895, 0.050757,
 0,x_unit, 52.602019, 1.657251, 3.285498, 1.628247,   1.665308, 1.905396, 0.240088,   1.695117, 0.050757,
 0,x_unit, 52.627802, 1.649194, 3.287915, 1.638721,   1.647583, 1.898144, 0.250561,   1.687060, 0.040283,
 0,x_unit, 52.653544, 1.650000, 3.288721, 1.638721,   1.650806, 1.889282, 0.238477,   1.686255, 0.039478,
 0,x_unit, 52.679240, 1.647583, 3.285498, 1.637915,   1.647583, 1.894116, 0.246533,   1.685449, 0.040283,
 0,x_unit, 52.704906, 1.652417, 3.291943, 1.639526,   1.648389, 1.870752, 0.222363,   1.687060, 0.040283,
 0,x_unit, 52.730681, 1.653223, 3.285498, 1.632275,   1.652417, 1.886060, 0.233643,   1.682227, 0.036255,
 0,x_unit, 52.756456, 1.650806, 3.287915, 1.637109,   1.650806, 1.865918, 0.215112,   1.685449, 0.040283,
 0,x_unit, 52.782139, 1.653223, 3.250049, 1.596826,   1.653223, 1.859473, 0.206250,   1.683838, 0.041895,
 0,x_unit, 52.807910, 1.648389, 3.159009, 1.510620,   1.650000, 1.811133, 0.161133,   1.683838, 0.039478,
 0,x_unit, 52.833680, 1.654834, 3.056690, 1.401856,   1.653223, 1.807910, 0.154687,   1.681421, 0.036255,
 0,x_unit, 52.859452, 1.652417, 2.915698, 1.263281,   1.653223, 1.816772, 0.163550,   1.685449, 0.039478,
 0,x_unit, 52.885199, 1.654834, 2.810962, 1.156128,   1.648389, 1.794214, 0.145825,   1.687060, 0.040283,
 0,x_unit, 52.910922, 1.652417, 2.636133, 0.983716,   1.652417, 1.764404, 0.111987,   1.683838, 0.035449,
 0,x_unit, 52.936696, 1.652417, 2.512060, 0.859643,   1.650806, 1.732983, 0.082178,   1.687060, 0.039478,
 0,x_unit, 52.962460, 1.666919, 2.359790, 0.692871,   1.664502, 1.715259, 0.050757,   1.693506, 0.051562,
 0,x_unit, 52.988222, 1.656445, 2.172070, 0.515625,   1.660474, 1.695923, 0.035449,   1.691895, 0.051562,
 0,x_unit, 53.013908, 1.664502, 2.040747, 0.376245,   1.662891, 1.683838, 0.020947,   1.691895, 0.053979,
 0,x_unit, 53.039617, 1.664502, 1.880420, 0.215918,   1.658057, 1.660474, 0.002417,   1.691895, 0.053979,
 0,x_unit, 53.065361, 1.664502, 1.747485, 0.082983,   1.664502, 1.657251, -0.007251,   1.691895, 0.056396,
 0,x_unit, 53.091354, 1.662085, 1.593603, -0.068481,   1.662085, 1.627441, -0.034644,   1.693506, 0.053979,
 0,x_unit, 53.117709, 1.654834, 1.475977, -0.178857,   1.658057, 1.612134, -0.045923,   1.690283, 0.054785,
 0,x_unit, 53.143865, 1.656445, 1.341431, -0.315015,   1.658862, 1.604883, -0.053979,   1.687060, 0.052368,
 0,x_unit, 53.170185, 1.661279, 1.256030, -0.405249,   1.658057, 1.598437, -0.059619,   1.693506, 0.050757,
 0,x_unit, 53.196339, 1.654834, 1.166602, -0.488232,   1.658057, 1.600049, -0.058008,   1.686255, 0.050757,
 0,x_unit, 53.222630, 1.658862, 1.098120, -0.560742,   1.658057, 1.587158, -0.070898,   1.691089, 0.050757,
 0,x_unit, 53.248910, 1.657251, 1.083618, -0.573633,   1.654834, 1.620190, -0.034644,   1.691895, 0.053979,
 0,x_unit, 53.275244, 1.648389, 1.046558, -0.601831,   1.647583, 1.571045, -0.076538,   1.683838, 0.042700,
 0,x_unit, 53.301540, 1.648389, 1.086035, -0.562353,   1.641138, 1.600855, -0.040283,   1.683838, 0.037866,
 0,x_unit, 53.327811, 1.647583, 1.127124, -0.520459,   1.647583, 1.587964, -0.059619,   1.683032, 0.040283,
 0,x_unit, 53.354142, 1.645972, 1.172241, -0.473730,   1.649194, 1.581519, -0.067676,   1.687060, 0.039478,
 0,x_unit, 53.380360, 1.649194, 1.252002, -0.397192,   1.647583, 1.610522, -0.037061,   1.682227, 0.038672,
 0,x_unit, 53.406608, 1.647583, 1.388159, -0.259424,   1.650806, 1.625830, -0.024976,   1.685449, 0.037866,
 0,x_unit, 53.432940, 1.645972, 1.507397, -0.138574,   1.648389, 1.639526, -0.008862,   1.682227, 0.037866,
 0,x_unit, 53.459264, 1.653223, 1.625024, -0.028198,   1.647583, 1.633081, -0.014502,   1.683838, 0.037866,
 0,x_unit, 53.485460, 1.650806, 1.801465, 0.150659,   1.650000, 1.674170, 0.024170,   1.679004, 0.038672,
 0,x_unit, 53.511121, 1.647583, 1.911035, 0.263452,   1.653223, 1.706396, 0.053174,   1.685449, 0.039478,
 0,x_unit, 53.536909, 1.650806, 2.142261, 0.491455,   1.650000, 1.674170, 0.024170,   1.681421, 0.035449,
 0,x_unit, 53.562826, 1.654834, 2.287280, 0.632446,   1.647583, 1.740234, 0.092651,   1.681421, 0.036255,
 0,x_unit, 53.588540, 1.668530, 2.475806, 0.807275,   1.666113, 1.752319, 0.086206,   1.691895, 0.049951,
 0,x_unit, 53.614127, 1.662891, 2.652246, 0.989355,   1.666113, 1.811133, 0.145020,   1.687060, 0.048340,
 0,x_unit, 53.639805, 1.662891, 2.833520, 1.170630,   1.665308, 1.793408, 0.128101,   1.687060, 0.055591,
 0,x_unit, 53.665581, 1.664502, 2.997876, 1.333374,   1.664502, 1.820801, 0.156299,   1.687060, 0.054785,
 0,x_unit, 53.691283, 1.662085, 3.159814, 1.497729,   1.661279, 1.843359, 0.182080,   1.690283, 0.052368,
 0,x_unit, 53.717019, 1.662085, 3.287109, 1.625024,   1.662891, 1.861084, 0.198193,   1.687866, 0.051562,
 0,x_unit, 53.742696, 1.662891, 3.288721, 1.625830,   1.664502, 1.864307, 0.199805,   1.694311, 0.050757,
 0,x_unit, 53.768475, 1.662891, 3.285498, 1.622607,   1.660474, 1.877197, 0.216724,   1.690283, 0.051562,
 0,x_unit, 53.794133, 1.665308, 3.285498, 1.620190,   1.665308, 1.882031, 0.216724,   1.687866, 0.055591,
 0,x_unit, 53.819907, 1.658057, 3.289526, 1.631470,   1.661279, 1.897339, 0.236060,   1.687866, 0.053979,
 0,x_unit, 53.845576, 1.661279, 3.292749, 1.631470,   1.662891, 1.897339, 0.234448,   1.691089, 0.055591,
 0,x_unit, 53.871245, 1.662891, 3.287915, 1.625024,   1.664502, 1.892505, 0.228003,   1.691895, 0.051562,
 0,x_unit, 53.896910, 1.662085, 3.293555, 1.631470,   1.661279, 1.915064, 0.253784,   1.687866, 0.054785,
 0,x_unit, 53.922699, 1.648389, 3.287915, 1.639526,   1.645166, 1.888476, 0.243310,   1.685449, 0.035449,
 0,x_unit, 53.948356, 1.645166, 3.287915, 1.642749,   1.652417, 1.902173, 0.249756,   1.685449, 0.037866,
 0,x_unit, 53.974130, 1.647583, 3.281470, 1.633887,   1.647583, 1.876392, 0.228809,   1.683838, 0.037866,
 0,x_unit, 53.999925, 1.653223, 3.287915, 1.634692,   1.649194, 1.876392, 0.227197,   1.681421, 0.037866,
 0,x_unit, 54.025695, 1.652417, 3.225879, 1.573462,   1.649194, 1.868335, 0.219141,   1.687060, 0.035449,
 0,x_unit, 54.051340, 1.653223, 3.194458, 1.541235,   1.650000, 1.834497, 0.184497,   1.682227, 0.038672,
 0,x_unit, 54.077027, 1.653223, 3.080054, 1.426831,   1.650000, 1.823218, 0.173218,   1.685449, 0.037866,
 0,x_unit, 54.102804, 1.654028, 2.960010, 1.305982,   1.650000, 1.798242, 0.148242,   1.687060, 0.035449,
 0,x_unit, 54.128577, 1.649194, 2.827075, 1.177881,   1.647583, 1.761182, 0.113599,   1.683838, 0.038672,
 0,x_unit, 54.154365, 1.650000, 2.682056, 1.032056,   1.649194, 1.764404, 0.115210,   1.683838, 0.039478,
 0,x_unit, 54.180032, 1.649194, 2.541870, 0.892676,   1.649194, 1.748291, 0.099097,   1.683032, 0.038672,
 0,x_unit, 54.205809, 1.650806, 2.387988, 0.737183,   1.647583, 1.732983, 0.085400,   1.683838, 0.034644,
 0,x_unit, 54.231559, 1.664502, 2.246191, 0.581689,   1.661279, 1.720093, 0.058813,   1.690283, 0.051562,
 0,x_unit, 54.257359, 1.662891, 2.077808, 0.414917,   1.665308, 1.695923, 0.030615,   1.687060, 0.055591,
 0,x_unit, 54.283022, 1.658057, 1.901367, 0.243311,   1.660474, 1.686255, 0.025781,   1.691089, 0.052368,
 0,x_unit, 54.308694, 1.661279, 1.784546, 0.123267,   1.658057, 1.670142, 0.012085,   1.689478, 0.048340,
 0,x_unit, 54.334463, 1.662085, 1.628247, -0.033838,   1.657251, 1.650000, -0.007251,   1.694311, 0.051562,
 0,x_unit, 54.360815, 1.658057, 1.491284, -0.166772,   1.658057, 1.643555, -0.014502,   1.691089, 0.055591,
 0,x_unit, 54.387059, 1.658057, 1.379297, -0.278760,   1.661279, 1.612939, -0.048340,   1.693506, 0.053979,
 0,x_unit, 54.413157, 1.658862, 1.272949, -0.385913,   1.654834, 1.606494, -0.048340,   1.687866, 0.050757,
 0,x_unit, 54.439465, 1.658057, 1.184326, -0.473730,   1.660474, 1.587964, -0.072510,   1.691089, 0.047534,
 0,x_unit, 54.465750, 1.658862, 1.127124, -0.531738,   1.656445, 1.603271, -0.053174,   1.689478, 0.053979,
 0,x_unit, 54.492032, 1.661279, 1.073950, -0.587329,   1.661279, 1.591187, -0.070093,   1.691089, 0.048340,
 0,x_unit, 54.518373, 1.660474, 1.097314, -0.563159,   1.657251, 1.583130, -0.074121,   1.691895, 0.054785,
 0,x_unit, 54.544590, 1.641138, 1.072339, -0.568799,   1.645972, 1.591992, -0.053980,   1.683032, 0.037866,
 0,x_unit, 54.570845, 1.645166, 1.105371, -0.539795,   1.643555, 1.608105, -0.035449,   1.685449, 0.035449,
 0,x_unit, 54.597253, 1.645166, 1.152100, -0.493066,   1.645166, 1.600049, -0.045117,   1.687060, 0.035449,
 0,x_unit, 54.623608, 1.645972, 1.249585, -0.396387,   1.647583, 1.582324, -0.065259,   1.683838, 0.036255,
 0,x_unit, 54.649892, 1.645972, 1.351099, -0.294873,   1.648389, 1.610522, -0.037866,   1.679004, 0.037866,
 0,x_unit, 54.676158, 1.649194, 1.467920, -0.181274,   1.644360, 1.662891, 0.018530,   1.679810, 0.037866,
 0,x_unit, 54.702165, 1.648389, 1.616968, -0.031421,   1.650000, 1.641943, -0.008057,   1.686255, 0.038672,
 0,x_unit, 54.728592, 1.650806, 1.748291, 0.097485,   1.652417, 1.672559, 0.020142,   1.687866, 0.042700,
 0,x_unit, 54.754356, 1.650806, 1.902979, 0.252173,   1.647583, 1.681421, 0.033838,   1.683838, 0.036255,
 0,x_unit, 54.780024, 1.652417, 2.056055, 0.403638,   1.650806, 1.707202, 0.056396,   1.683838, 0.037866,
 0,x_unit, 54.805697, 1.652417, 2.239746, 0.587329,   1.650806, 1.715259, 0.064453,   1.686255, 0.039478,
 0,x_unit, 54.831466, 1.650806, 2.421021, 0.770215,   1.656445, 1.751514, 0.095068,   1.687866, 0.043506,
 0,x_unit, 54.857248, 1.653223, 2.591821, 0.938599,   1.650806, 1.781323, 0.130518,   1.689478, 0.039478,
 0,x_unit, 54.882928, 1.668530, 2.787598, 1.119067,   1.666919, 1.778906, 0.111987,   1.689478, 0.047534,
 0,x_unit, 54.908572, 1.662085, 2.926977, 1.264892,   1.665308, 1.835303, 0.169995,   1.691089, 0.050757,
 0,x_unit, 54.934350, 1.664502, 3.142895, 1.478394,   1.666113, 1.811938, 0.145825,   1.691895, 0.055591,
 0,x_unit, 54.960259, 1.662891, 3.291943, 1.629053,   1.665308, 1.845776, 0.180469,   1.695923, 0.049951,
 0,x_unit, 54.985967, 1.664502, 3.289526, 1.625024,   1.658862, 1.852222, 0.193359,   1.691895, 0.052368,
 0,x_unit, 55.011591, 1.664502, 3.291943, 1.627441,   1.662891, 1.882031, 0.219141,   1.690283, 0.049951,
 0,x_unit, 55.037355, 1.664502, 3.289526, 1.625024,   1.660474, 1.873975, 0.213501,   1.690283, 0.053979,
 0,x_unit, 55.063139, 1.666113, 3.283887, 1.617773,   1.661279, 1.890088, 0.228809,   1.687866, 0.052368,
 0,x_unit, 55.088884, 1.662085, 3.287915, 1.625830,   1.662891, 1.886060, 0.223169,   1.691895, 0.053979,
 0,x_unit, 55.114572, 1.662085, 3.287109, 1.625024,   1.658862, 1.902173, 0.243311,   1.693506, 0.048340,
 0,x_unit, 55.140357, 1.657251, 3.287915, 1.630664,   1.662891, 1.882031, 0.219141,   1.691895, 0.054785,
 0,x_unit, 55.166144, 1.662085, 3.287915, 1.625830,   1.660474, 1.927148, 0.266675,   1.691895, 0.052368,
 0,x_unit, 55.191590, 1.649194, 3.288721, 1.639526,   1.649194, 1.873975, 0.224780,   1.686255, 0.036255,
 0,x_unit, 55.217468, 1.645972, 3.287915, 1.641943,   1.650000, 1.890088, 0.240088,   1.682227, 0.042700,
 0,x_unit, 55.243137, 1.652417, 3.230713, 1.578296,   1.650806, 1.855444, 0.204639,   1.681421, 0.036255,
 0,x_unit, 55.268931, 1.650000, 3.196069, 1.546069,   1.650806, 1.845776, 0.194971,   1.687060, 0.039478,
 0,x_unit, 55.294608, 1.650806, 3.096973, 1.446167,   1.650806, 1.816772, 0.165967,   1.683838, 0.037866,
 0,x_unit, 55.320243, 1.653223, 2.959204, 1.305981,   1.648389, 1.803882, 0.155493,   1.682227, 0.036255,
 0,x_unit, 55.345815, 1.652417, 2.820630, 1.168213,   1.653223, 1.786963, 0.133740,   1.683838, 0.037866,
 0,x_unit, 55.371672, 1.649194, 2.658691, 1.009497,   1.652417, 1.761987, 0.109570,   1.685449, 0.038672,
 0,x_unit, 55.397334, 1.652417, 2.498364, 0.845947,   1.647583, 1.766016, 0.118433,   1.682227, 0.040283,
 0,x_unit, 55.423151, 1.650806, 2.342065, 0.691260,   1.652417, 1.723315, 0.070898,   1.687060, 0.036255,
 0,x_unit, 55.448811, 1.653223, 2.166431, 0.513208,   1.649194, 1.712842, 0.063647,   1.682227, 0.037866,
 0,x_unit, 55.474595, 1.653223, 1.960181, 0.306958,   1.650000, 1.681421, 0.031421,   1.683838, 0.037866,
 0,x_unit, 55.500249, 1.647583, 1.843359, 0.195776,   1.649194, 1.669336, 0.020142,   1.685449, 0.051562,
 0,x_unit, 55.526029, 1.664502, 1.685449, 0.020947,   1.662085, 1.670947, 0.008862,   1.694311, 0.045923,
 0,x_unit, 55.551696, 1.664502, 1.545264, -0.119238,   1.662085, 1.625024, -0.037060,   1.687060, 0.049951,
 0,x_unit, 55.577832, 1.662891, 1.404272, -0.258618,   1.662891, 1.600049, -0.062842,   1.691895, 0.050757,
 0,x_unit, 55.604107, 1.662085, 1.299536, -0.362549,   1.658057, 1.603271, -0.054785,   1.691895, 0.051562,
 0,x_unit, 55.630379, 1.662085, 1.213330, -0.448755,   1.656445, 1.607300, -0.049145,   1.687060, 0.052368,
 0,x_unit, 55.656608, 1.653223, 1.159351, -0.493872,   1.657251, 1.567017, -0.090234,   1.691895, 0.051562,
 0,x_unit, 55.682825, 1.654834, 1.124707, -0.530127,   1.661279, 1.599243, -0.062036,   1.691895, 0.050757,
 0,x_unit, 55.709060, 1.661279, 1.153711, -0.507568,   1.658862, 1.575879, -0.082983,   1.691089, 0.048340,
 0,x_unit, 55.735367, 1.658862, 1.153711, -0.505151,   1.658862, 1.600049, -0.058813,   1.685449, 0.049951,
 0,x_unit, 55.761616, 1.656445, 1.220581, -0.435864,   1.658862, 1.608911, -0.049951,   1.687060, 0.052368,
 0,x_unit, 55.787816, 1.658862, 1.315649, -0.343213,   1.654834, 1.625830, -0.029004,   1.691895, 0.051562,
 0,x_unit, 55.814033, 1.657251, 1.440527, -0.216724,   1.660474, 1.645166, -0.015308,   1.694311, 0.053979,
 0,x_unit, 55.840282, 1.647583, 1.533179, -0.114404,   1.648389, 1.639526, -0.008862,   1.681421, 0.038672,
 0,x_unit, 55.866595, 1.647583, 1.699145, 0.051562,   1.647583, 1.662891, 0.015308,   1.683838, 0.037866,
 0,x_unit, 55.892354, 1.648389, 1.867529, 0.219141,   1.645166, 1.687060, 0.041894,   1.685449, 0.037866,
 0,x_unit, 55.918148, 1.649194, 2.071362, 0.422168,   1.650000, 1.707202, 0.057202,   1.687060, 0.034644,
 0,x_unit, 55.943926, 1.649194, 2.225244, 0.576050,   1.650806, 1.723315, 0.072510,   1.687866, 0.034644,
 0,x_unit, 55.969699, 1.650000, 2.375098, 0.725098,   1.648389, 1.753931, 0.105542,   1.685449, 0.037866,
 0,x_unit, 55.995345, 1.653223, 2.584570, 0.931347,   1.650000, 1.755542, 0.105542,   1.687060, 0.037866,
 0,x_unit, 56.021028, 1.653223, 2.790015, 1.136792,   1.652417, 1.785352, 0.132935,   1.685449, 0.038672,
 0,x_unit, 56.046688, 1.650806, 2.994653, 1.343848,   1.653223, 1.816772, 0.163550,   1.685449, 0.040283,
 0,x_unit, 56.072575, 1.650000, 3.164648, 1.514648,   1.653223, 1.820801, 0.167578,   1.681421, 0.039478,
 0,x_unit, 56.098360, 1.652417, 3.288721, 1.636304,   1.654028, 1.853027, 0.198999,   1.690283, 0.035449,
 0,x_unit, 56.124154, 1.653223, 3.289526, 1.636304,   1.654028, 1.847388, 0.193359,   1.682227, 0.037866,
 0,x_unit, 56.149809, 1.666113, 3.289526, 1.623413,   1.666919, 1.878809, 0.211890,   1.691089, 0.054785,
 0,x_unit, 56.175601, 1.662085, 3.285498, 1.623413,   1.664502, 1.876392, 0.211890,   1.694311, 0.054785,
 0,x_unit, 56.201353, 1.666113, 3.291138, 1.625024,   1.666919, 1.880420, 0.213501,   1.691895, 0.048340,
 0,x_unit, 56.227136, 1.666113, 3.287915, 1.621802,   1.662891, 1.907812, 0.244922,   1.693506, 0.053979,
 0,x_unit, 56.252927, 1.666113, 3.287109, 1.620996,   1.666113, 1.882837, 0.216724,   1.689478, 0.051562,
 0,x_unit, 56.278581, 1.665308, 3.288721, 1.623413,   1.658862, 1.898144, 0.239282,   1.691895, 0.049951,
 0,x_unit, 56.304254, 1.662085, 3.287915, 1.625830,   1.664502, 1.874780, 0.210278,   1.691089, 0.049951,
 0,x_unit, 56.330026, 1.658862, 3.291138, 1.632275,   1.662085, 1.884448, 0.222363,   1.690283, 0.052368,
 0,x_unit, 56.355828, 1.661279, 3.285498, 1.624219,   1.657251, 1.869946, 0.212695,   1.695117, 0.051562,
 0,x_unit, 56.381502, 1.665308, 3.200903, 1.535596,   1.662085, 1.844971, 0.182886,   1.695923, 0.052368,
 0,x_unit, 56.407248, 1.665308, 3.084082, 1.418774,   1.658862, 1.819995, 0.161133,   1.691895, 0.052368,
 0,x_unit, 56.433034, 1.660474, 2.951953, 1.291480,   1.660474, 1.816772, 0.156299,   1.691895, 0.050757,
 0,x_unit, 56.458814, 1.656445, 2.789209, 1.132764,   1.660474, 1.794214, 0.133740,   1.691895, 0.053979,
 0,x_unit, 56.484474, 1.647583, 2.670776, 1.023193,   1.648389, 1.772461, 0.124072,   1.683032, 0.037866,
 0,x_unit, 56.510142, 1.644360, 2.499170, 0.854810,   1.647583, 1.741040, 0.093457,   1.682227, 0.036255,
 0,x_unit, 56.535922, 1.650000, 2.309033, 0.659033,   1.649194, 1.720093, 0.070898,   1.683838, 0.036255,
 0,x_unit, 56.561825, 1.649194, 2.143872, 0.494678,   1.643555, 1.702368, 0.058813,   1.682227, 0.038672,
 0,x_unit, 56.587501, 1.649194, 1.969849, 0.320654,   1.648389, 1.662085, 0.013696,   1.685449, 0.037866,
 0,x_unit, 56.613145, 1.648389, 1.832886, 0.184497,   1.650000, 1.666919, 0.016919,   1.682227, 0.037866,
 0,x_unit, 56.638923, 1.650000, 1.654028, 0.004028,   1.649194, 1.635498, -0.013696,   1.682227, 0.037866,
 0,x_unit, 56.665056, 1.650806, 1.582324, -0.068481,   1.644360, 1.637915, -0.006445,   1.685449, 0.040283,
 0,x_unit, 56.691276, 1.650806, 1.409912, -0.240893,   1.645972, 1.593603, -0.052368,   1.685449, 0.039478,
 0,x_unit, 56.717614, 1.648389, 1.322095, -0.326294,   1.650000, 1.593603, -0.056396,   1.683032, 0.036255,
 0,x_unit, 56.743834, 1.650000, 1.192383, -0.457617,   1.647583, 1.595215, -0.052368,   1.681421, 0.039478,
 0,x_unit, 56.770151, 1.650806, 1.146460, -0.504346,   1.652417, 1.591187, -0.061230,   1.685449, 0.038672,
 0,x_unit, 56.796476, 1.657251, 1.130347, -0.526904,   1.662891, 1.600049, -0.062842,   1.690283, 0.049951,
 0,x_unit, 56.822936, 1.662085, 1.118262, -0.543823,   1.657251, 1.596020, -0.061231,   1.695923, 0.047534,
 0,x_unit, 56.849267, 1.662085, 1.139209, -0.522876,   1.662085, 1.607300, -0.054785,   1.694311, 0.052368,
 0,x_unit, 56.875506, 1.658057, 1.226221, -0.431836,   1.657251, 1.603271, -0.053980,   1.695923, 0.050757,
 0,x_unit, 56.901817, 1.654834, 1.318066, -0.336768,   1.654834, 1.608105, -0.046728,   1.691895, 0.050757,
 0,x_unit, 56.928163, 1.654028, 1.432471, -0.221558,   1.662085, 1.662085, 0.000000,   1.690283, 0.054785,
 0,x_unit, 56.954265, 1.662085, 1.575879, -0.086206,   1.661279, 1.654028, -0.007251,   1.690283, 0.049951,
 0,x_unit, 56.980500, 1.656445, 1.732983, 0.076538,   1.658057, 1.676587, 0.018530,   1.697534, 0.051562,
 0,x_unit, 57.006265, 1.657251, 1.873975, 0.216724,   1.658862, 1.707202, 0.048340,   1.689478, 0.051562,
 0,x_unit, 57.032045, 1.654834, 2.080225, 0.425391,   1.660474, 1.720898, 0.060425,   1.691089, 0.048340,
 0,x_unit, 57.057819, 1.658057, 2.226050, 0.567993,   1.660474, 1.728955, 0.068481,   1.691895, 0.048340,
 0,x_unit, 57.083467, 1.660474, 2.437134, 0.776660,   1.661279, 1.756348, 0.095068,   1.694311, 0.053979,
 0,x_unit, 57.109145, 1.641138, 2.641773, 1.000635,   1.647583, 1.736206, 0.088623,   1.686255, 0.040283,
 0,x_unit, 57.134931, 1.649194, 2.823853, 1.174658,   1.649194, 1.774878, 0.125684,   1.683838, 0.037866,
 0,x_unit, 57.160725, 1.650000, 3.050244, 1.400244,   1.649194, 1.786963, 0.137769,   1.686255, 0.035449,
 0,x_unit, 57.185781, 1.653223, 3.179956, 1.526733,   1.647583, 1.822412, 0.174829,   1.687866, 0.038672,
 0,x_unit, 57.211474, 1.648389, 3.288721, 1.640332,   1.645972, 1.844971, 0.198999,   1.683838, 0.036255,
 0,x_unit, 57.237264, 1.650806, 3.288721, 1.637915,   1.648389, 1.851416, 0.203027,   1.681421, 0.040283,
 0,x_unit, 57.263037, 1.653223, 3.291138, 1.637915,   1.653223, 1.877197, 0.223975,   1.682227, 0.037866,
 0,x_unit, 57.288826, 1.650806, 3.287915, 1.637109,   1.647583, 1.876392, 0.228809,   1.683838, 0.037866,
 0,x_unit, 57.314471, 1.653223, 3.289526, 1.636304,   1.653223, 1.910229, 0.257007,   1.683838, 0.037866,
 0,x_unit, 57.340141, 1.653223, 3.291138, 1.637915,   1.650806, 1.882837, 0.232031,   1.687060, 0.037866,
 0,x_unit, 57.365956, 1.654028, 3.291138, 1.637109,   1.650000, 1.909424, 0.259424,   1.683838, 0.038672,
 0,x_unit, 57.391707, 1.653223, 3.291138, 1.637915,   1.656445, 1.884448, 0.228003,   1.683838, 0.038672,
 0,x_unit, 57.417471, 1.654028, 3.291138, 1.637109,   1.653223, 1.880420, 0.227197,   1.687060, 0.035449,
 0,x_unit, 57.443146, 1.670142, 3.287915, 1.617773,   1.668530, 1.874780, 0.206250,   1.690283, 0.049951,
 0,x_unit, 57.468934, 1.666919, 3.266162, 1.599243,   1.665308, 1.857861, 0.192554,   1.687060, 0.049951,
 0,x_unit, 57.494597, 1.666919, 3.176733, 1.509814,   1.666113, 1.853833, 0.187720,   1.691895, 0.050757,
 0,x_unit, 57.520269, 1.662085, 3.007544, 1.345459,   1.662085, 1.828857, 0.166772,   1.691895, 0.051562,
 0,x_unit, 57.545817, 1.666919, 2.872998, 1.206079,   1.664502, 1.815967, 0.151465,   1.691895, 0.054785,
 0,x_unit, 57.571686, 1.662085, 2.752148, 1.090063,   1.664502, 1.795825, 0.131323,   1.694311, 0.053979,
 0,x_unit, 57.597502, 1.661279, 2.553149, 0.891870,   1.656445, 1.736206, 0.079761,   1.690283, 0.048340,
 0,x_unit, 57.623254, 1.661279, 2.363818, 0.702539,   1.658057, 1.732983, 0.074927,   1.697534, 0.048340,
 0,x_unit, 57.648926, 1.658862, 2.175293, 0.516431,   1.662085, 1.720093, 0.058008,   1.691895, 0.051562,
 0,x_unit, 57.674718, 1.658862, 2.011743, 0.352881,   1.654834, 1.678198, 0.023364,   1.691895, 0.051562,
 0,x_unit, 57.700476, 1.660474, 1.896533, 0.236060,   1.658862, 1.673364, 0.014502,   1.693506, 0.051562,
 0,x_unit, 57.726258, 1.654028, 1.677393, 0.023364,   1.658862, 1.678198, 0.019336,   1.691895, 0.054785,
 0,x_unit, 57.751915, 1.654028, 1.546069, -0.107959,   1.658057, 1.620190, -0.037866,   1.691895, 0.051562,
 0,x_unit, 57.778185, 1.641943, 1.427637, -0.214307,   1.643555, 1.618579, -0.024976,   1.686255, 0.037866,
 0,x_unit, 57.804386, 1.647583, 1.312427, -0.335156,   1.647583, 1.600049, -0.047534,   1.681421, 0.037866,
 0,x_unit, 57.830721, 1.644360, 1.222998, -0.421362,   1.647583, 1.602466, -0.045117,   1.683032, 0.039478,
 0,x_unit, 57.857063, 1.643555, 1.172241, -0.471313,   1.645972, 1.602466, -0.043506,   1.681421, 0.037866,
 0,x_unit, 57.883223, 1.647583, 1.158545, -0.489038,   1.650000, 1.600049, -0.049951,   1.686255, 0.038672,
 0,x_unit, 57.909608, 1.650000, 1.206079, -0.443921,   1.647583, 1.583130, -0.064453,   1.685449, 0.038672,
 0,x_unit, 57.935835, 1.649194, 1.266504, -0.382690,   1.652417, 1.608105, -0.044312,   1.686255, 0.040283,
 0,x_unit, 57.962163, 1.654028, 1.375269, -0.278760,   1.657251, 1.618579, -0.038672,   1.686255, 0.044312,
 0,x_unit, 57.988376, 1.648389, 1.502563, -0.145825,   1.647583, 1.633081, -0.014502,   1.685449, 0.040283,
 0,x_unit, 58.014517, 1.645972, 1.654028, 0.008057,   1.650000, 1.637109, -0.012891,   1.683838, 0.037866,
 0,x_unit, 58.040651, 1.652417, 1.826440, 0.174024,   1.648389, 1.670142, 0.021753,   1.683032, 0.036255,
 0,x_unit, 58.066379, 1.669336, 2.029468, 0.360132,   1.666919, 1.711230, 0.044312,   1.690283, 0.055591,
 0,x_unit, 58.092144, 1.668530, 2.208325, 0.539795,   1.658057, 1.724927, 0.066870,   1.694311, 0.052368,
 0,x_unit, 58.117926, 1.665308, 2.429883, 0.764575,   1.665308, 1.755542, 0.090234,   1.689478, 0.049951,
 0,x_unit, 58.143598, 1.658862, 2.592627, 0.933765,   1.664502, 1.776489, 0.111987,   1.695117, 0.053979,
 0,x_unit, 58.169373, 1.665308, 2.801294, 1.135986,   1.665308, 1.799853, 0.134546,   1.691895, 0.050757,
 0,x_unit, 58.195061, 1.661279, 3.006738, 1.345459,   1.661279, 1.814355, 0.153076,   1.694311, 0.051562,
 0,x_unit, 58.220719, 1.666113, 3.184790, 1.518677,   1.658057, 1.827246, 0.169189,   1.690283, 0.050757,
 0,x_unit, 58.246261, 1.662085, 3.289526, 1.627441,   1.658057, 1.857861, 0.199805,   1.691895, 0.051562,
 0,x_unit, 58.272052, 1.662085, 3.285498, 1.623413,   1.662085, 1.865112, 0.203027,   1.694311, 0.050757,
 0,x_unit, 58.297824, 1.662891, 3.289526, 1.626636,   1.662891, 1.890894, 0.228003,   1.691895, 0.053979,
 0,x_unit, 58.323611, 1.658057, 3.285498, 1.627441,   1.662891, 1.884448, 0.221558,   1.694311, 0.050757,
 0,x_unit, 58.349277, 1.661279, 3.287915, 1.626636,   1.662085, 1.893311, 0.231226,   1.691089, 0.052368,
 0,x_unit, 58.375047, 1.662085, 3.285498, 1.623413,   1.662085, 1.903784, 0.241699,   1.691895, 0.052368,
 0,x_unit, 58.400824, 1.649194, 3.293555, 1.644360,   1.649194, 1.880420, 0.231225,   1.683838, 0.037866,
 0,x_unit, 58.426601, 1.648389, 3.291943, 1.643555,   1.647583, 1.857056, 0.209473,   1.685449, 0.037866,
 0,x_unit, 58.452267, 1.652417, 3.299194, 1.646777,   1.648389, 1.855444, 0.207056,   1.685449, 0.036255,
 0,x_unit, 58.477975, 1.650000, 3.212988, 1.562988,   1.647583, 1.847388, 0.199805,   1.683838, 0.039478,
 0,x_unit, 58.503714, 1.652417, 3.104223, 1.451807,   1.654028, 1.824023, 0.169995,   1.683032, 0.039478,
 0,x_unit, 58.529470, 1.652417, 2.998682, 1.346265,   1.650806, 1.815161, 0.164356,   1.683838, 0.038672,
 0,x_unit, 58.555362, 1.649194, 2.812573, 1.163379,   1.652417, 1.807910, 0.155493,   1.687060, 0.037866,
 0,x_unit, 58.581043, 1.650806, 2.617603, 0.966797,   1.654834, 1.764404, 0.109570,   1.683838, 0.039478,
 0,x_unit, 58.606716, 1.647583, 2.512866, 0.865283,   1.652417, 1.749902, 0.097485,   1.683032, 0.038672,
 0,x_unit, 58.632476, 1.653223, 2.317895, 0.664673,   1.650806, 1.720898, 0.070093,   1.683838, 0.040283,
 0,x_unit, 58.658267, 1.648389, 2.116479, 0.468091,   1.650806, 1.703174, 0.052368,   1.683032, 0.039478,
 0,x_unit, 58.683931, 1.650000, 1.959375, 0.309375,   1.648389, 1.662085, 0.013696,   1.683032, 0.036255,
 0,x_unit, 58.709596, 1.664502, 1.757153, 0.092651,   1.664502, 1.661279, -0.003223,   1.693506, 0.051562,
 0,x_unit, 58.735651, 1.664502, 1.625024, -0.039477,   1.662085, 1.657251, -0.004834,   1.691895, 0.050757,
 0,x_unit, 58.761953, 1.658862, 1.481616, -0.177246,   1.665308, 1.633081, -0.032227,   1.687060, 0.050757,
 0,x_unit, 58.788159, 1.662085, 1.369629, -0.292456,   1.657251, 1.633081, -0.024170,   1.691895, 0.049951,
 0,x_unit, 58.814384, 1.662891, 1.280200, -0.382690,   1.654028, 1.615356, -0.038672,   1.691089, 0.050757,
 0,x_unit, 58.840521, 1.658862, 1.189160, -0.469702,   1.657251, 1.611328, -0.045923,   1.689478, 0.052368,
 0,x_unit, 58.866830, 1.658862, 1.177075, -0.481787,   1.661279, 1.603271, -0.058008,   1.693506, 0.050757,
 0,x_unit, 58.893055, 1.654834, 1.173047, -0.481787,   1.658057, 1.604077, -0.053980,   1.687866, 0.049951,
 0,x_unit, 58.919289, 1.660474, 1.212524, -0.447949,   1.657251, 1.600855, -0.056396,   1.687866, 0.053979,
 0,x_unit, 58.945516, 1.661279, 1.309204, -0.352075,   1.650806, 1.625024, -0.025781,   1.690283, 0.052368,
 0,x_unit, 58.971932, 1.656445, 1.425220, -0.231226,   1.658057, 1.636304, -0.021753,   1.691895, 0.049951,
 0,x_unit, 58.998164, 1.658057, 1.612939, -0.045117,   1.654834, 1.658862, 0.004028,   1.691089, 0.051562,
 0,x_unit, 59.024282, 1.640332, 1.698340, 0.058008,   1.641943, 1.679810, 0.037866,   1.682227, 0.039478,
 0,x_unit, 59.049942, 1.645972, 1.888476, 0.242505,   1.647583, 1.679004, 0.031421,   1.685449, 0.035449,
 0,x_unit, 59.075726, 1.649194, 2.076196, 0.427002,   1.645166, 1.714453, 0.069287,   1.683032, 0.036255,
 0,x_unit, 59.101383, 1.645166, 2.263110, 0.617944,   1.650000, 1.726538, 0.076538,   1.683032, 0.039478,
 0,x_unit, 59.127138, 1.647583, 2.466138, 0.818555,   1.649194, 1.748291, 0.099097,   1.682227, 0.037866,
 0,x_unit, 59.152926, 1.650000, 2.686890, 1.036890,   1.652417, 1.759570, 0.107153,   1.683032, 0.038672,
 0,x_unit, 59.178606, 1.650000, 2.898779, 1.248779,   1.653223, 1.802271, 0.149048,   1.683838, 0.037866,
 0,x_unit, 59.202929, 1.650000, 3.063135, 1.413135,   1.653223, 1.791797, 0.138574,   1.683838, 0.037866,
 0,x_unit, 59.228722, 1.654028, 3.262134, 1.608106,   1.654028, 1.840137, 0.186108,   1.683032, 0.039478,
 0,x_unit, 59.254481, 1.654028, 3.291138, 1.637109,   1.648389, 1.856250, 0.207861,   1.687866, 0.039478,
 0,x_unit, 59.280148, 1.654028, 3.287915, 1.633887,   1.654028, 1.863501, 0.209473,   1.686255, 0.038672,
 0,x_unit, 59.305833, 1.653223, 3.291943, 1.638721,   1.654834, 1.872363, 0.217529,   1.682227, 0.037866,
 0,x_unit, 59.331625, 1.654028, 3.291138, 1.637109,   1.653223, 1.902979, 0.249756,   1.686255, 0.035449,
 0,x_unit, 59.357388, 1.670142, 3.285498, 1.615356,   1.662085, 1.888476, 0.226392,   1.691895, 0.049951,
 0,x_unit, 59.383050, 1.668530, 3.293555, 1.625024,   1.662085, 1.902979, 0.240894,   1.691895, 0.052368,
 0,x_unit, 59.408706, 1.662891, 3.291943, 1.629053,   1.666113, 1.876392, 0.210278,   1.690283, 0.051562,
 0,x_unit, 59.434499, 1.662085, 3.289526, 1.627441,   1.660474, 1.882837, 0.222363,   1.691895, 0.054785,
 0,x_unit, 59.460278, 1.662891, 3.299194, 1.636304,   1.665308, 1.860278, 0.194971,   1.690283, 0.049951,
 0,x_unit, 59.485985, 1.658862, 3.206543, 1.547681,   1.654834, 1.851416, 0.196582,   1.687866, 0.048340,
 0,x_unit, 59.511586, 1.657251, 3.044605, 1.387354,   1.662085, 1.847388, 0.185303,   1.691089, 0.049951,
 0,x_unit, 59.537367, 1.658057, 2.947925, 1.289868,   1.662085, 1.818384, 0.156299,   1.695923, 0.054785,
 0,x_unit, 59.563273, 1.662085, 2.769067, 1.106982,   1.658057, 1.799853, 0.141797,   1.687866, 0.052368,
 0,x_unit, 59.589040, 1.662891, 2.590210, 0.927319,   1.661279, 1.762793, 0.101514,   1.693506, 0.053979,
 0,x_unit, 59.614716, 1.658862, 2.438745, 0.779883,   1.662085, 1.739429, 0.077344,   1.697534, 0.049951,
 0,x_unit, 59.640373, 1.658862, 2.258276, 0.599414,   1.661279, 1.718481, 0.057202,   1.693506, 0.055591,
 0,x_unit, 59.666167, 1.662085, 2.089087, 0.427002,   1.662085, 1.685449, 0.023364,   1.697534, 0.049951,
 0,x_unit, 59.691933, 1.645972, 1.865918, 0.219946,   1.641943, 1.660474, 0.018530,   1.683838, 0.038672,
 0,x_unit, 59.717722, 1.645972, 1.724927, 0.078955,   1.647583, 1.616968, -0.030615,   1.686255, 0.039478,
 0,x_unit, 59.743740, 1.644360, 1.577490, -0.066870,   1.645972, 1.629858, -0.016113,   1.687060, 0.035449,
 0,x_unit, 59.770058, 1.647583, 1.415552, -0.232031,   1.647583, 1.598437, -0.049146,   1.683838, 0.039478,
 0,x_unit, 59.796179, 1.647583, 1.333374, -0.314209,   1.650000, 1.612134, -0.037866,   1.683838, 0.039478,
 0,x_unit, 59.822569, 1.649194, 1.260059, -0.389136,   1.643555, 1.599243, -0.044312,   1.691895, 0.039478,
 0,x_unit, 59.848723, 1.645166, 1.218970, -0.426196,   1.645972, 1.599243, -0.046728,   1.679004, 0.037866,
 0,x_unit, 59.875057, 1.650000, 1.179492, -0.470508,   1.647583, 1.589575, -0.058008,   1.683838, 0.037866,
 0,x_unit, 59.901386, 1.647583, 1.205273, -0.442310,   1.649194, 1.599243, -0.049951,   1.687060, 0.038672,
 0,x_unit, 59.927715, 1.650000, 1.272949, -0.377051,   1.645166, 1.621802, -0.023364,   1.685449, 0.040283,
 0,x_unit, 59.954086, 1.649194, 1.380103, -0.269092,   1.650000, 1.618579, -0.031421,   1.686255, 0.039478,
 0,x_unit, 59.980166, 1.648389, 1.573462, -0.074927,   1.649194, 1.649194, 0.000000,   1.687060, 0.048340,
 0,x_unit, 60.006187, 1.662891, 1.695117, 0.032227,   1.662085, 1.666919, 0.004834,   1.691089, 0.053979,
 0,x_unit, 60.031933, 1.666113, 1.903784, 0.237671,   1.661279, 1.720093, 0.058813,   1.687866, 0.050757,
 0,x_unit, 60.057727, 1.658862, 2.094727, 0.435864,   1.660474, 1.714453, 0.053980,   1.691895, 0.048340,
 0,x_unit, 60.083376, 1.662085, 2.299365, 0.637280,   1.658862, 1.743457, 0.084595,   1.687060, 0.048340,
 0,x_unit, 60.109047, 1.662085, 2.507226, 0.845142,   1.660474, 1.770044, 0.109570,   1.691089, 0.048340,
 0,x_unit, 60.134938, 1.660474, 2.724756, 1.064282,   1.662085, 1.766016, 0.103931,   1.691895, 0.051562,
 0,x_unit, 60.160715, 1.664502, 2.941479, 1.276978,   1.660474, 1.799853, 0.139380,   1.691895, 0.052368,
 0,x_unit, 60.186453, 1.662085, 3.146118, 1.484033,   1.662891, 1.819189, 0.156299,   1.687866, 0.050757,
 0,x_unit, 60.212158, 1.658057, 3.291943, 1.633887,   1.662085, 1.840942, 0.178857,   1.691895, 0.049951,
 0,x_unit, 60.237938, 1.658862, 3.291138, 1.632275,   1.662085, 1.832080, 0.169995,   1.689478, 0.051562,
 0,x_unit, 60.263731, 1.657251, 3.292749, 1.635498,   1.658862, 1.872363, 0.213501,   1.687866, 0.052368,
 0,x_unit, 60.289468, 1.662085, 3.291138, 1.629053,   1.662891, 1.882837, 0.219946,   1.695117, 0.048340,
 0,x_unit, 60.315175, 1.648389, 3.289526, 1.641138,   1.647583, 1.863501, 0.215918,   1.686255, 0.039478,
 0,x_unit, 60.340937, 1.647583, 3.291943, 1.644360,   1.647583, 1.876392, 0.228809,   1.687060, 0.037866,
 0,x_unit, 60.366733, 1.649194, 3.288721, 1.639526,   1.648389, 1.865918, 0.217529,   1.678198, 0.039478,
 0,x_unit, 60.392456, 1.650806, 3.292749, 1.641943,   1.650806, 1.848999, 0.198193,   1.681421, 0.037866,
 0,x_unit, 60.418859, 1.650000, 3.212988, 1.562988,   1.652417, 1.838525, 0.186108,   1.683838, 0.040283,
 0,x_unit, 60.444842, 1.649194, 3.073608, 1.424414,   1.654028, 1.831274, 0.177246,   1.681421, 0.034644,
 0,x_unit, 60.470789, 1.649194, 2.935840, 1.286646,   1.650000, 1.810327, 0.160327,   1.683838, 0.034644,
 0,x_unit, 60.496693, 1.653223, 2.783569, 1.130347,   1.653223, 1.801465, 0.148242,   1.679810, 0.037866,
 0,x_unit, 60.522868, 1.654834, 2.570068, 0.915234,   1.650000, 1.751514, 0.101514,   1.690283, 0.038672,
 0,x_unit, 60.548679, 1.647583, 2.408936, 0.761353,   1.649194, 1.745874, 0.096680,   1.682227, 0.039478,
 0,x_unit, 60.574752, 1.653223, 2.209936, 0.556714,   1.652417, 1.702368, 0.049951,   1.687866, 0.037866,
 0,x_unit, 60.600690, 1.650806, 2.038330, 0.387524,   1.649194, 1.679810, 0.030615,   1.685449, 0.036255,
 0,x_unit, 60.626631, 1.662085, 1.856250, 0.194165,   1.665308, 1.665308, 0.000000,   1.691895, 0.049951,
 0,x_unit, 60.652656, 1.656445, 1.708813, 0.052368,   1.665308, 1.624219, -0.041089,   1.691895, 0.048340,
 0,x_unit, 60.679000, 1.662891, 1.540430, -0.122461,   1.660474, 1.645972, -0.014502,   1.690283, 0.053979,
 0,x_unit, 60.705478, 1.662085, 1.404272, -0.257812,   1.658862, 1.636304, -0.022559,   1.691895, 0.046729,
 0,x_unit, 60.732064, 1.660474, 1.308398, -0.352075,   1.654834, 1.614551, -0.040283,   1.691089, 0.052368,
 0,x_unit, 60.758600, 1.654834, 1.242334, -0.412500,   1.658862, 1.608105, -0.050757,   1.689478, 0.055591,
 0,x_unit, 60.785189, 1.656445, 1.235083, -0.421362,   1.662085, 1.600049, -0.062036,   1.687060, 0.051562,
 0,x_unit, 60.811702, 1.656445, 1.264087, -0.392358,   1.653223, 1.619385, -0.033838,   1.687060, 0.050757,
 0,x_unit, 60.838332, 1.654834, 1.330957, -0.323877,   1.657251, 1.602466, -0.054785,   1.693506, 0.049951,
 0,x_unit, 60.865024, 1.660474, 1.445361, -0.215112,   1.654834, 1.653223, -0.001611,   1.689478, 0.053979,
 0,x_unit, 60.891540, 1.662085, 1.589575, -0.072510,   1.654834, 1.664502, 0.009668,   1.691895, 0.052368,
 0,x_unit, 60.917956, 1.654028, 1.757959, 0.103931,   1.660474, 1.665308, 0.004834,   1.691895, 0.051562,
 0,x_unit, 60.943905, 1.644360, 1.926343, 0.281982,   1.645972, 1.711230, 0.065259,   1.685449, 0.037866,
 0,x_unit, 60.969882, 1.647583, 2.123730, 0.476147,   1.647583, 1.714453, 0.066870,   1.686255, 0.034644,
 0,x_unit, 60.995883, 1.648389, 2.338843, 0.690454,   1.647583, 1.759570, 0.111987,   1.683838, 0.039478,
 0,x_unit, 61.021866, 1.647583, 2.541870, 0.894287,   1.647583, 1.762793, 0.115210,   1.685449, 0.037866,
 0,x_unit, 61.047903, 1.647583, 2.777124, 1.129541,   1.648389, 1.791797, 0.143408,   1.682227, 0.037866,
 0,x_unit, 61.073682, 1.650000, 2.980957, 1.330957,   1.653223, 1.794214, 0.140991,   1.683838, 0.036255,
 0,x_unit, 61.099661, 1.648389, 3.177539, 1.529150,   1.650000, 1.830469, 0.180469,   1.683838, 0.037866,
 0,x_unit, 61.125537, 1.647583, 3.287915, 1.640332,   1.650806, 1.815967, 0.165161,   1.687060, 0.039478,
 0,x_unit, 61.151171, 1.650000, 3.287109, 1.637109,   1.652417, 1.867529, 0.215112,   1.682227, 0.037866,
 0,x_unit, 61.177296, 1.653223, 3.288721, 1.635498,   1.654834, 1.877197, 0.222363,   1.682227, 0.034644,
 0,x_unit, 61.203277, 1.654028, 3.289526, 1.635498,   1.654028, 1.872363, 0.218335,   1.687866, 0.041895,
 0,x_unit, 61.229216, 1.652417, 3.289526, 1.637109,   1.647583, 1.906201, 0.258618,   1.681421, 0.039478,
 0,x_unit, 61.255189, 1.654028, 3.289526, 1.635498,   1.652417, 1.882031, 0.229614,   1.683838, 0.037866,
 0,x_unit, 61.281036, 1.669336, 3.287915, 1.618579,   1.662891, 1.876392, 0.213501,   1.698340, 0.052368,
 0,x_unit, 61.306859, 1.669336, 3.268579, 1.599243,   1.661279, 1.869946, 0.208667,   1.685449, 0.050757,
 0,x_unit, 61.332732, 1.665308, 3.192847, 1.527539,   1.662085, 1.847388, 0.185303,   1.691089, 0.049951,
 0,x_unit, 61.358647, 1.662085, 3.067969, 1.405884,   1.658862, 1.830469, 0.171607,   1.691895, 0.050757,
 0,x_unit, 61.384724, 1.662085, 2.944702, 1.282617,   1.662085, 1.805493, 0.143408,   1.691895, 0.053979,
 0,x_unit, 61.410549, 1.662085, 2.740869, 1.078784,   1.662085, 1.795020, 0.132935,   1.691895, 0.051562,
 0,x_unit, 61.436575, 1.660474, 2.562817, 0.902344,   1.662085, 1.759570, 0.097485,   1.695117, 0.050757,
 0,x_unit, 61.462523, 1.660474, 2.390405, 0.729932,   1.660474, 1.748291, 0.087817,   1.690283, 0.049951,
 0,x_unit, 61.488420, 1.657251, 2.197851, 0.540600,   1.661279, 1.718481, 0.057202,   1.683838, 0.052368,
 0,x_unit, 61.514358, 1.660474, 2.017383, 0.356909,   1.661279, 1.691895, 0.030615,   1.691895, 0.054785,
 0,x_unit, 61.540310, 1.654834, 1.814355, 0.159522,   1.661279, 1.662085, 0.000806,   1.693506, 0.054785,
 0,x_unit, 61.566325, 1.661279, 1.633081, -0.028198,   1.658057, 1.650000, -0.008057,   1.689478, 0.047534,
 0,x_unit, 61.592876, 1.656445, 1.506592, -0.149853,   1.653223, 1.631470, -0.021753,   1.691089, 0.049951,
 0,x_unit, 61.619478, 1.641943, 1.369629, -0.272314,   1.645972, 1.608105, -0.037866,   1.682227, 0.040283,
 0,x_unit, 61.646053, 1.647583, 1.291479, -0.356104,   1.647583, 1.596020, -0.051563,   1.685449, 0.040283,
 0,x_unit, 61.672569, 1.647583, 1.208496, -0.439087,   1.647583, 1.599243, -0.048340,   1.683032, 0.038672,
 0,x_unit, 61.699037, 1.645972, 1.206079, -0.439893,   1.647583, 1.620996, -0.026587,   1.679810, 0.038672,
 0,x_unit, 61.725549, 1.648389, 1.250391, -0.397998,   1.645166, 1.614551, -0.030615,   1.679810, 0.040283,
 0,x_unit, 61.752070, 1.652417, 1.336597, -0.315820,   1.649194, 1.616162, -0.033032,   1.686255, 0.037866,
 0,x_unit, 61.778711, 1.648389, 1.465503, -0.182886,   1.645972, 1.637109, -0.008862,   1.681421, 0.036255,
 0,x_unit, 61.805201, 1.650000, 1.607300, -0.042700,   1.650806, 1.654028, 0.003223,   1.683032, 0.038672,
 0,x_unit, 61.831530, 1.650806, 1.786157, 0.135352,   1.650000, 1.699951, 0.049951,   1.685449, 0.038672,
 0,x_unit, 61.857567, 1.652417, 2.018188, 0.365772,   1.647583, 1.689478, 0.041895,   1.691089, 0.038672,
 0,x_unit, 61.883407, 1.653223, 2.167236, 0.514014,   1.652417, 1.710425, 0.058008,   1.683838, 0.038672,
 0,x_unit, 61.909289, 1.668530, 2.362207, 0.693677,   1.665308, 1.749902, 0.084595,   1.689478, 0.051562,
 0,x_unit, 61.935187, 1.665308, 2.582959, 0.917651,   1.662085, 1.774878, 0.112793,   1.698340, 0.053979,
 0,x_unit, 61.961173, 1.665308, 2.811768, 1.146460,   1.662891, 1.797436, 0.134546,   1.691895, 0.050757,
 0,x_unit, 61.987040, 1.662085, 2.989819, 1.327734,   1.662891, 1.819189, 0.156299,   1.691895, 0.048340,
 0,x_unit, 62.012886, 1.664502, 3.212183, 1.547681,   1.660474, 1.841748, 0.181274,   1.691895, 0.052368,
 0,x_unit, 62.038869, 1.664502, 3.291943, 1.627441,   1.665308, 1.861890, 0.196582,   1.691895, 0.053979,
 0,x_unit, 62.064743, 1.665308, 3.289526, 1.624219,   1.658862, 1.868335, 0.209473,   1.693506, 0.050757,
 0,x_unit, 62.090784, 1.662891, 3.285498, 1.622607,   1.662085, 1.878809, 0.216724,   1.687866, 0.049951,
 0,x_unit, 62.116724, 1.662085, 3.287915, 1.625830,   1.665308, 1.882837, 0.217529,   1.691089, 0.050757,
 0,x_unit, 62.142641, 1.657251, 3.287915, 1.630664,   1.661279, 1.882837, 0.221558,   1.691895, 0.049951,
 0,x_unit, 62.168699, 1.662085, 3.288721, 1.626636,   1.658057, 1.873975, 0.215918,   1.690283, 0.051562,
 0,x_unit, 62.194530, 1.664502, 3.291138, 1.626636,   1.661279, 1.873975, 0.212695,   1.690283, 0.052368,
 0,x_unit, 62.220529, 1.662085, 3.243603, 1.581519,   1.654834, 1.856250, 0.201416,   1.685449, 0.040283,
 0,x_unit, 62.246311, 1.649194, 3.180762, 1.531567,   1.650000, 1.809521, 0.159521,   1.682227, 0.037866,
 0,x_unit, 62.272296, 1.647583, 3.009961, 1.362378,   1.645972, 1.816772, 0.170801,   1.683838, 0.035449,
 0,x_unit, 62.298298, 1.647583, 2.823047, 1.175464,   1.645166, 1.799048, 0.153882,   1.687060, 0.037866,
 0,x_unit, 62.324294, 1.652417, 2.665137, 1.012720,   1.647583, 1.774878, 0.127295,   1.683032, 0.039478,
 0,x_unit, 62.350186, 1.650000, 2.466943, 0.816943,   1.649194, 1.737817, 0.088623,   1.687060, 0.038672,
 0,x_unit, 62.376101, 1.647583, 2.263110, 0.615527,   1.650806, 1.736206, 0.085400,   1.683838, 0.038672,
 0,x_unit, 62.402067, 1.650806, 2.048804, 0.397998,   1.650000, 1.670142, 0.020142,   1.685449, 0.038672,
 0,x_unit, 62.428071, 1.649194, 1.876392, 0.227197,   1.650806, 1.681421, 0.030615,   1.689478, 0.038672,
 0,x_unit, 62.454072, 1.647583, 1.694311, 0.046728,   1.649194, 1.647583, -0.001611,   1.683838, 0.038672,
 0,x_unit, 62.480337, 1.650000, 1.557349, -0.092651,   1.647583, 1.623413, -0.024170,   1.686255, 0.038672,
 0,x_unit, 62.506879, 1.650806, 1.382519, -0.268286,   1.650806, 1.587964, -0.062842,   1.679810, 0.036255,
 0,x_unit, 62.533448, 1.649194, 1.341431, -0.307764,   1.649194, 1.600855, -0.048340,   1.685449, 0.037866,
 0,x_unit, 62.560186, 1.665308, 1.297925, -0.367383,   1.666919, 1.618579, -0.048340,   1.687060, 0.052368,
 0,x_unit, 62.586853, 1.665308, 1.264087, -0.401221,   1.658862, 1.615356, -0.043506,   1.691089, 0.046729,
 0,x_unit, 62.613416, 1.662891, 1.329346, -0.333545,   1.662085, 1.633081, -0.029004,   1.695117, 0.048340,
 0,x_unit, 62.639857, 1.662085, 1.503369, -0.158716,   1.660474, 1.648389, -0.012085,   1.689478, 0.051562,
 0,x_unit, 62.666475, 1.661279, 1.595215, -0.066064,   1.657251, 1.650000, -0.007251,   1.690283, 0.048340,
 0,x_unit, 62.693031, 1.657251, 1.761987, 0.104736,   1.662085, 1.689478, 0.027393,   1.691089, 0.049951,
 0,x_unit, 62.719083, 1.660474, 1.965820, 0.305347,   1.654834, 1.698340, 0.043506,   1.690283, 0.050757,
 0,x_unit, 62.745017, 1.658862, 2.181738, 0.522876,   1.658862, 1.732178, 0.073316,   1.691895, 0.046729,
 0,x_unit, 62.770895, 1.660474, 2.390405, 0.729932,   1.658057, 1.749902, 0.091846,   1.691895, 0.053979,
 0,x_unit, 62.796864, 1.658862, 2.611157, 0.952295,   1.657251, 1.774878, 0.117627,   1.687060, 0.052368,
 0,x_unit, 62.822747, 1.662085, 2.828686, 1.166602,   1.656445, 1.793408, 0.136963,   1.694311, 0.053979,
 0,x_unit, 62.848620, 1.658057, 3.027685, 1.369629,   1.662085, 1.822412, 0.160327,   1.683838, 0.049951,
 0,x_unit, 62.874583, 1.645166, 3.271802, 1.626636,   1.647583, 1.826440, 0.178857,   1.687060, 0.037866,
 0,x_unit, 62.900551, 1.647583, 3.287915, 1.640332,   1.650000, 1.844165, 0.194165,   1.685449, 0.039478,
 0,x_unit, 62.926412, 1.653223, 3.289526, 1.636304,   1.650806, 1.863501, 0.212695,   1.678198, 0.039478,
 0,x_unit, 62.952293, 1.650000, 3.285498, 1.635498,   1.648389, 1.848999, 0.200610,   1.683838, 0.035449,
 0,x_unit, 62.978195, 1.652417, 3.285498, 1.633081,   1.652417, 1.873975, 0.221558,   1.682227, 0.039478,
 0,x_unit, 63.004193, 1.652417, 3.288721, 1.636304,   1.650000, 1.865112, 0.215112,   1.681421, 0.039478,
 0,x_unit, 63.029976, 1.654028, 3.289526, 1.635498,   1.654834, 1.865918, 0.211084,   1.681421, 0.036255,
 0,x_unit, 63.056083, 1.654028, 3.252466, 1.598437,   1.654028, 1.849805, 0.195776,   1.685449, 0.041895,
 0,x_unit, 63.081864, 1.653223, 3.143701, 1.490478,   1.654834, 1.827246, 0.172412,   1.683838, 0.037866,
 0,x_unit, 63.107753, 1.652417, 2.989014, 1.336597,   1.653223, 1.807104, 0.153882,   1.683838, 0.039478,
 0,x_unit, 63.133742, 1.653223, 2.840771, 1.187549,   1.650806, 1.789380, 0.138574,   1.683032, 0.037866,
 0,x_unit, 63.159711, 1.652417, 2.632104, 0.979687,   1.653223, 1.774878, 0.121655,   1.682227, 0.039478,
 0,x_unit, 63.185609, 1.666113, 2.432300, 0.766187,   1.666113, 1.736206, 0.070093,   1.683838, 0.046729,
 0,x_unit, 63.211442, 1.662085, 2.285669, 0.623584,   1.662891, 1.735400, 0.072510,   1.687866, 0.047534,
 0,x_unit, 63.237399, 1.660474, 2.044775, 0.384302,   1.665308, 1.691895, 0.026587,   1.694311, 0.055591,
 0,x_unit, 63.263200, 1.657251, 1.856250, 0.198999,   1.654834, 1.658057, 0.003223,   1.691089, 0.051562,
 0,x_unit, 63.288870, 1.656445, 1.682227, 0.025781,   1.662085, 1.654028, -0.008057,   1.686255, 0.054785,
 0,x_unit, 63.314848, 1.656445, 1.536401, -0.120044,   1.658057, 1.628247, -0.029810,   1.691895, 0.053979,
 0,x_unit, 63.341177, 1.661279, 1.413135, -0.248145,   1.654028, 1.625024, -0.029004,   1.691895, 0.051562,
 0,x_unit, 63.367525, 1.654834, 1.337402, -0.317432,   1.660474, 1.608105, -0.052368,   1.691895, 0.053979,
 0,x_unit, 63.393785, 1.661279, 1.301147, -0.360132,   1.656445, 1.620996, -0.035449,   1.689478, 0.049951,
 0,x_unit, 63.420072, 1.658862, 1.314038, -0.344824,   1.658057, 1.621802, -0.036255,   1.695117, 0.050757,
 0,x_unit, 63.446184, 1.660474, 1.357544, -0.302930,   1.657251, 1.619385, -0.037866,   1.690283, 0.047534,
 0,x_unit, 63.472615, 1.654028, 1.463892, -0.190137,   1.660474, 1.621802, -0.038672,   1.694311, 0.054785,
 0,x_unit, 63.498870, 1.658862, 1.591992, -0.066870,   1.656445, 1.639526, -0.016919,   1.691895, 0.052368,
 0,x_unit, 63.525110, 1.648389, 1.757959, 0.109570,   1.645972, 1.670947, 0.024976,   1.687060, 0.041895,
 0,x_unit, 63.550846, 1.647583, 1.940039, 0.292456,   1.647583, 1.686255, 0.038672,   1.683838, 0.034644,
 0,x_unit, 63.576731, 1.647583, 2.142261, 0.494678,   1.647583, 1.723315, 0.075732,   1.687866, 0.037866,
 0,x_unit, 63.602516, 1.647583, 2.326758, 0.679175,   1.650000, 1.728955, 0.078955,   1.679810, 0.038672,
 0,x_unit, 63.628284, 1.650806, 2.570874, 0.920068,   1.649194, 1.774878, 0.125684,   1.685449, 0.036255,
 0,x_unit, 63.654061, 1.652417, 2.802099, 1.149683,   1.650000, 1.787768, 0.137769,   1.683838, 0.040283,
 0,x_unit, 63.679735, 1.647583, 3.027685, 1.380102,   1.650000, 1.815161, 0.165161,   1.683838, 0.038672,
 0,x_unit, 63.705511, 1.652417, 3.204126, 1.551709,   1.654028, 1.839331, 0.185303,   1.687866, 0.034644,
 0,x_unit, 63.731282, 1.652417, 3.288721, 1.636304,   1.654834, 1.840942, 0.186108,   1.687060, 0.037866,
 0,x_unit, 63.757068, 1.652417, 3.291943, 1.639526,   1.649194, 1.851416, 0.202222,   1.681421, 0.037866,
 0,x_unit, 63.782735, 1.650000, 3.291943, 1.641943,   1.654834, 1.872363, 0.217529,   1.683838, 0.036255,
 0,x_unit, 63.808400, 1.650000, 3.289526, 1.639526,   1.654834, 1.882837, 0.228003,   1.679810, 0.037866,
 0,x_unit, 63.834172, 1.666919, 3.289526, 1.622607,   1.665308, 1.869141, 0.203833,   1.691895, 0.048340,
 0,x_unit, 63.859958, 1.665308, 3.288721, 1.623413,   1.665308, 1.886060, 0.220752,   1.695117, 0.049951,
 0,x_unit, 63.885666, 1.665308, 3.258911, 1.593603,   1.668530, 1.861084, 0.192554,   1.691895, 0.050757,
 0,x_unit, 63.911292, 1.668530, 3.150952, 1.482422,   1.665308, 1.852222, 0.186914,   1.693506, 0.050757,
 0,x_unit, 63.937190, 1.662085, 2.977734, 1.315649,   1.660474, 1.824829, 0.164356,   1.685449, 0.048340,
 0,x_unit, 63.962953, 1.662085, 2.878638, 1.216553,   1.668530, 1.816772, 0.148242,   1.691895, 0.052368,
 0,x_unit, 63.988736, 1.660474, 2.646606, 0.986133,   1.662891, 1.780518, 0.117627,   1.691089, 0.046729,
 0,x_unit, 64.014394, 1.661279, 2.487085, 0.825806,   1.662891, 1.764404, 0.101514,   1.693506, 0.054785,
 0,x_unit, 64.040061, 1.654834, 2.293725, 0.638892,   1.661279, 1.723315, 0.062036,   1.691895, 0.054785,
 0,x_unit, 64.065865, 1.661279, 2.094727, 0.433447,   1.661279, 1.699145, 0.037866,   1.691895, 0.052368,
 0,x_unit, 64.091516, 1.654834, 1.888476, 0.233643,   1.661279, 1.660474, -0.000806,   1.691895, 0.054785,
 0,x_unit, 64.117643, 1.660474, 1.718481, 0.058008,   1.658057, 1.639526, -0.018530,   1.693506, 0.054785,
 0,x_unit, 64.143627, 1.645166, 1.569434, -0.075732,   1.640332, 1.635498, -0.004834,   1.682227, 0.039478,
 0,x_unit, 64.169859, 1.643555, 1.425220, -0.218335,   1.645166, 1.640332, -0.004834,   1.683838, 0.040283,
 0,x_unit, 64.196117, 1.648389, 1.338208, -0.310181,   1.645166, 1.608105, -0.037061,   1.689478, 0.038672,
 0,x_unit, 64.222408, 1.650806, 1.260059, -0.390747,   1.649194, 1.611328, -0.037866,   1.682227, 0.044312,
 0,x_unit, 64.248658, 1.650000, 1.275366, -0.374634,   1.648389, 1.599243, -0.049145,   1.681421, 0.038672,
 0,x_unit, 64.274961, 1.650000, 1.326929, -0.323071,   1.645166, 1.616968, -0.028198,   1.685449, 0.040283,
 0,x_unit, 64.301187, 1.648389, 1.405884, -0.242505,   1.649194, 1.614551, -0.034644,   1.686255, 0.036255,
 0,x_unit, 64.327800, 1.656445, 1.583130, -0.073315,   1.653223, 1.647583, -0.005640,   1.687866, 0.042700,
 0,x_unit, 64.354442, 1.652417, 1.691089, 0.038672,   1.648389, 1.662085, 0.013696,   1.687866, 0.039478,
 0,x_unit, 64.380361, 1.653223, 1.960181, 0.306958,   1.649194, 1.683838, 0.034644,   1.685449, 0.038672,
 0,x_unit, 64.406282, 1.652417, 2.130981, 0.478565,   1.647583, 1.710425, 0.062842,   1.685449, 0.038672,
 0,x_unit, 64.432299, 1.658862, 2.341260, 0.682397,   1.654028, 1.751514, 0.097485,   1.687060, 0.034644,
 0,x_unit, 64.458284, 1.650000, 2.553955, 0.903955,   1.652417, 1.760376, 0.107959,   1.685449, 0.037866,
 0,x_unit, 64.484206, 1.662085, 2.776318, 1.114233,   1.665308, 1.777295, 0.111987,   1.691895, 0.052368,
 0,x_unit, 64.510192, 1.660474, 3.003515, 1.343042,   1.662085, 1.832080, 0.169995,   1.691895, 0.054785,
 0,x_unit, 64.536221, 1.665308, 3.231519, 1.566211,   1.669336, 1.834497, 0.165161,   1.695923, 0.052368,
 0,x_unit, 64.562320, 1.665308, 3.291943, 1.626636,   1.662891, 1.855444, 0.192554,   1.687866, 0.047534,
 0,x_unit, 64.588256, 1.665308, 3.289526, 1.624219,   1.668530, 1.863501, 0.194971,   1.689478, 0.051562,
 0,x_unit, 64.614147, 1.658862, 3.291943, 1.633081,   1.662085, 1.869141, 0.207056,   1.687060, 0.050757,
 0,x_unit, 64.640284, 1.660474, 3.285498, 1.625024,   1.662085, 1.881226, 0.219141,   1.695117, 0.055591,
 0,x_unit, 64.666345, 1.662891, 3.289526, 1.626636,   1.662891, 1.880420, 0.217529,   1.690283, 0.047534,
 0,x_unit, 64.692187, 1.662085, 3.287915, 1.625830,   1.662085, 1.865112, 0.203027,   1.691895, 0.047534,
 0,x_unit, 64.718198, 1.662085, 3.227490, 1.565405,   1.658862, 1.856250, 0.197388,   1.691089, 0.047534,
 0,x_unit, 64.744087, 1.665308, 3.134033, 1.468726,   1.662085, 1.824023, 0.161938,   1.691895, 0.049951,
 0,x_unit, 64.770131, 1.658862, 2.960010, 1.301148,   1.660474, 1.814355, 0.153882,   1.689478, 0.055591,
 0,x_unit, 64.796025, 1.645166, 2.753760, 1.108594,   1.647583, 1.793408, 0.145825,   1.685449, 0.039478,
 0,x_unit, 64.821966, 1.647583, 2.549927, 0.902344,   1.645972, 1.757153, 0.111182,   1.685449, 0.040283,
 0,x_unit, 64.847884, 1.654028, 2.332397, 0.678369,   1.653223, 1.708813, 0.055591,   1.683838, 0.044312,
 0,x_unit, 64.873870, 1.648389, 2.097949, 0.449561,   1.650000, 1.699145, 0.049145,   1.682227, 0.037866,
 0,x_unit, 64.899754, 1.648389, 1.943262, 0.294873,   1.645972, 1.668530, 0.022559,   1.687866, 0.040283,
 0,x_unit, 64.925695, 1.650806, 1.757959, 0.107153,   1.650000, 1.649194, -0.000806,   1.686255, 0.036255,
 0,x_unit, 64.951993, 1.654834, 1.590381, -0.064453,   1.650806, 1.621802, -0.029004,   1.689478, 0.041895,
 0,x_unit, 64.978555, 1.652417, 1.467114, -0.185303,   1.645972, 1.631470, -0.014502,   1.683838, 0.036255,
 0,x_unit, 65.004977, 1.647583, 1.375269, -0.272314,   1.648389, 1.618579, -0.029810,   1.682227, 0.038672,
 0,x_unit, 65.031593, 1.647583, 1.326929, -0.320654,   1.650000, 1.618579, -0.031421,   1.687060, 0.039478,
 0,x_unit, 65.058311, 1.654834, 1.328540, -0.326294,   1.652417, 1.610522, -0.041895,   1.682227, 0.039478,
 0,x_unit, 65.084863, 1.648389, 1.409912, -0.238477,   1.648389, 1.623413, -0.024976,   1.683838, 0.040283,
 0,x_unit, 65.111326, 1.660474, 1.545264, -0.115210,   1.660474, 1.637915, -0.022559,   1.687060, 0.051562,
 0,x_unit, 65.137905, 1.661279, 1.708008, 0.046728,   1.658862, 1.639526, -0.019336,   1.689478, 0.051562,
 0,x_unit, 65.164273, 1.660474, 1.951318, 0.290845,   1.661279, 1.691895, 0.030615,   1.691895, 0.048340,
 0,x_unit, 65.190189, 1.661279, 2.114063, 0.452783,   1.665308, 1.716064, 0.050757,   1.690283, 0.054785,
 0,x_unit, 65.216219, 1.658862, 2.347705, 0.688843,   1.665308, 1.741040, 0.075732,   1.691895, 0.051562,
 0,x_unit, 65.241985, 1.662085, 2.566040, 0.903955,   1.665308, 1.776489, 0.111182,   1.691895, 0.052368,
 0,x_unit, 65.267922, 1.662085, 2.762622, 1.100537,   1.662085, 1.805493, 0.143408,   1.691895, 0.054785,
 0,x_unit, 65.293856, 1.664502, 3.023657, 1.359155,   1.661279, 1.824023, 0.162744,   1.693506, 0.049951,
 0,x_unit, 65.319877, 1.662891, 3.225879, 1.562988,   1.664502, 1.844165, 0.179663,   1.690283, 0.050757,
 0,x_unit, 65.345661, 1.658862, 3.287915, 1.629053,   1.658862, 1.860278, 0.201416,   1.693506, 0.053979,
 0,x_unit, 65.371617, 1.662891, 3.291943, 1.629053,   1.662891, 1.873169, 0.210278,   1.690283, 0.055591,
 0,x_unit, 65.397561, 1.660474, 3.285498, 1.625024,   1.658057, 1.861890, 0.203833,   1.691895, 0.055591,
 0,x_unit, 65.423323, 1.652417, 3.291138, 1.638721,   1.653223, 1.901367, 0.248145,   1.687060, 0.051562,
 0,x_unit, 65.449185, 1.647583, 3.291943, 1.644360,   1.645166, 1.857861, 0.212695,   1.687060, 0.039478,
 0,x_unit, 65.475104, 1.654834, 3.259717, 1.604883,   1.654834, 1.851416, 0.196582,   1.682227, 0.045923,
 0,x_unit, 65.500987, 1.650000, 3.164648, 1.514648,   1.649194, 1.841748, 0.192554,   1.683032, 0.037866,
 0,x_unit, 65.526900, 1.650806, 3.013184, 1.362378,   1.650000, 1.789380, 0.139380,   1.683838, 0.037866,
 0,x_unit, 65.552903, 1.654028, 2.840771, 1.186743,   1.648389, 1.773267, 0.124878,   1.683838, 0.037866,
 0,x_unit, 65.578768, 1.650000, 2.615991, 0.965991,   1.657251, 1.778906, 0.121655,   1.690283, 0.037866,
 0,x_unit, 65.604756, 1.652417, 2.449219, 0.796802,   1.648389, 1.706396, 0.058008,   1.685449, 0.037866,
 0,x_unit, 65.630701, 1.650000, 2.242969, 0.592969,   1.650806, 1.711230, 0.060425,   1.685449, 0.040283,
 0,x_unit, 65.656760, 1.650000, 2.025440, 0.375440,   1.650000, 1.686255, 0.036255,   1.683838, 0.039478,
 0,x_unit, 65.682586, 1.656445, 1.836914, 0.180469,   1.653223, 1.660474, 0.007251,   1.682227, 0.038672,
 0,x_unit, 65.708476, 1.650000, 1.683838, 0.033838,   1.650000, 1.647583, -0.002417,   1.685449, 0.037866,
 0,x_unit, 65.734862, 1.647583, 1.519482, -0.128101,   1.652417, 1.633887, -0.018530,   1.683838, 0.037866,
 0,x_unit, 65.761323, 1.664502, 1.446167, -0.218335,   1.665308, 1.650806, -0.014502,   1.689478, 0.051562,
 0,x_unit, 65.787881, 1.662891, 1.347876, -0.315015,   1.662085, 1.612939, -0.049145,   1.693506, 0.050757,
 0,x_unit, 65.814314, 1.662085, 1.301147, -0.360937,   1.664502, 1.615356, -0.049145,   1.691895, 0.054785,
 0,x_unit, 65.840830, 1.660474, 1.417163, -0.243311,   1.662085, 1.619385, -0.042700,   1.691895, 0.048340,
 0,x_unit, 65.867431, 1.661279, 1.466309, -0.194971,   1.661279, 1.640332, -0.020947,   1.694311, 0.048340,
 0,x_unit, 65.894005, 1.657251, 1.633081, -0.024170,   1.661279, 1.662085, 0.000806,   1.691089, 0.048340,
 0,x_unit, 65.920303, 1.660474, 1.780518, 0.120044,   1.658057, 1.654834, -0.003223,   1.694311, 0.052368,
 0,x_unit, 65.946444, 1.662085, 2.021411, 0.359326,   1.661279, 1.695117, 0.033838,   1.689478, 0.046729,
 0,x_unit, 65.972525, 1.658862, 2.237329, 0.578467,   1.656445, 1.731372, 0.074927,   1.695117, 0.050757,
 0,x_unit, 65.998416, 1.662085, 2.433911, 0.771826,   1.656445, 1.749097, 0.092651,   1.691895, 0.054785,
 0,x_unit, 66.024424, 1.661279, 2.683667, 1.022388,   1.660474, 1.780518, 0.120044,   1.691895, 0.052368,
 0,x_unit, 66.050372, 1.661279, 2.906030, 1.244751,   1.654834, 1.793408, 0.138574,   1.691895, 0.050757,
 0,x_unit, 66.076406, 1.645972, 3.130005, 1.484033,   1.645166, 1.819189, 0.174023,   1.682227, 0.038672,
 0,x_unit, 66.102220, 1.650000, 3.291943, 1.641943,   1.650000, 1.847388, 0.197388,   1.686255, 0.036255,
 0,x_unit, 66.128123, 1.650806, 3.287915, 1.637109,   1.652417, 1.852222, 0.199805,   1.682227, 0.040283,
 0,x_unit, 66.154093, 1.647583, 3.291138, 1.643555,   1.654028, 1.855444, 0.201416,   1.689478, 0.039478,
 0,x_unit, 66.180037, 1.654834, 3.285498, 1.630664,   1.648389, 1.869946, 0.221558,   1.679004, 0.037866,
 0,x_unit, 66.206057, 1.650000, 3.289526, 1.639526,   1.648389, 1.853833, 0.205444,   1.685449, 0.038672,
 0,x_unit, 66.231917, 1.652417, 3.287915, 1.635498,   1.650806, 1.853833, 0.203027,   1.683838, 0.038672,
 0,x_unit, 66.257896, 1.648389, 3.225879, 1.577490,   1.654028, 1.852222, 0.198193,   1.683838, 0.036255,
 0,x_unit, 66.283876, 1.654028, 3.101001, 1.446973,   1.652417, 1.824023, 0.171606,   1.685449, 0.039478,
 0,x_unit, 66.309773, 1.654028, 2.935840, 1.281812,   1.654834, 1.815967, 0.161133,   1.685449, 0.039478,
 0,x_unit, 66.335870, 1.649194, 2.737646, 1.088452,   1.650806, 1.803076, 0.152271,   1.685449, 0.037866,
 0,x_unit, 66.361885, 1.650000, 2.549121, 0.899121,   1.653223, 1.749902, 0.096680,   1.687866, 0.037866,
 0,x_unit, 66.387766, 1.664502, 2.347705, 0.683203,   1.665308, 1.726538, 0.061230,   1.691895, 0.050757,
 0,x_unit, 66.413557, 1.664502, 2.143066, 0.478565,   1.661279, 1.732178, 0.070898,   1.691895, 0.052368,
 0,x_unit, 66.439298, 1.661279, 1.903784, 0.242505,   1.662085, 1.677393, 0.015308,   1.683032, 0.046729,
 0,x_unit, 66.465081, 1.662085, 1.764404, 0.102319,   1.656445, 1.650000, -0.006445,   1.693506, 0.051562,
 0,x_unit, 66.491191, 1.658862, 1.600049, -0.058813,   1.662085, 1.640332, -0.021753,   1.690283, 0.054785,
 0,x_unit, 66.517545, 1.662085, 1.462280, -0.199805,   1.658057, 1.607300, -0.050757,   1.691089, 0.051562,
 0,x_unit, 66.543754, 1.654834, 1.386548, -0.268286,   1.656445, 1.620190, -0.036255,   1.691895, 0.049951,
 0,x_unit, 66.570116, 1.654028, 1.330957, -0.323071,   1.654834, 1.619385, -0.035449,   1.691895, 0.051562,
 0,x_unit, 66.596283, 1.658057, 1.369629, -0.288428,   1.661279, 1.608911, -0.052368,   1.691895, 0.049951,
 0,x_unit, 66.622653, 1.662085, 1.448584, -0.213501,   1.654028, 1.629858, -0.024170,   1.691895, 0.052368,
 0,x_unit, 66.648874, 1.660474, 1.542041, -0.118433,   1.660474, 1.645972, -0.014502,   1.691895, 0.051562,
 0,x_unit, 66.675196, 1.657251, 1.695923, 0.038672,   1.658862, 1.662891, 0.004028,   1.687866, 0.049951,
 0,x_unit, 66.700885, 1.654028, 1.890894, 0.236865,   1.654028, 1.674170, 0.020142,   1.687866, 0.043506,
 0,x_unit, 66.726628, 1.649194, 2.089893, 0.440698,   1.648389, 1.694311, 0.045923,   1.683838, 0.037866,
 0,x_unit, 66.752300, 1.650000, 2.309839, 0.659839,   1.649194, 1.708813, 0.059619,   1.681421, 0.038672,
 0,x_unit, 66.777979, 1.650000, 2.538647, 0.888647,   1.644360, 1.765210, 0.120850,   1.683838, 0.037866,
 0,x_unit, 66.803773, 1.645972, 2.757788, 1.111816,   1.649194, 1.757959, 0.108765,   1.683838, 0.035449,
 0,x_unit, 66.829526, 1.654028, 3.011572, 1.357544,   1.649194, 1.797436, 0.148242,   1.687060, 0.038672,
 0,x_unit, 66.855298, 1.654028, 3.205737, 1.551709,   1.650806, 1.828052, 0.177246,   1.683838, 0.037866,
 0,x_unit, 66.880966, 1.652417, 3.287915, 1.635498,   1.650000, 1.841748, 0.191748,   1.683838, 0.039478,
 0,x_unit, 66.906640, 1.654834, 3.291943, 1.637109,   1.653223, 1.864307, 0.211084,   1.686255, 0.040283,
 0,x_unit, 66.932436, 1.654834, 3.287109, 1.632275,   1.654028, 1.865112, 0.211084,   1.686255, 0.040283,
 0,x_unit, 66.958192, 1.650806, 3.291943, 1.641138,   1.656445, 1.874780, 0.218335,   1.683838, 0.034644,
 0,x_unit, 66.983870, 1.647583, 3.287915, 1.640332,   1.649194, 1.867529, 0.218335,   1.687866, 0.037866,
 0,x_unit, 67.009522, 1.648389, 3.279858, 1.631470,   1.654834, 1.865112, 0.210278,   1.683838, 0.037866,
 0,x_unit, 67.035295, 1.669336, 3.192041, 1.522705,   1.669336, 1.816772, 0.147436,   1.689478, 0.052368,
 0,x_unit, 67.061087, 1.668530, 2.993042, 1.324512,   1.666113, 1.838525, 0.172412,   1.689478, 0.048340,
 0,x_unit, 67.086806, 1.662085, 2.836743, 1.174658,   1.664502, 1.805493, 0.140991,   1.689478, 0.054785,
 0,x_unit, 67.112546, 1.664502, 2.632104, 0.967602,   1.662891, 1.776489, 0.113599,   1.691895, 0.048340,
 0,x_unit, 67.138302, 1.662085, 2.417798, 0.755713,   1.665308, 1.756348, 0.091040,   1.691895, 0.053979,
 0,x_unit, 67.164081, 1.657251, 2.225244, 0.567993,   1.662085, 1.720898, 0.058813,   1.687866, 0.050757,
 0,x_unit, 67.189803, 1.658057, 2.009326, 0.351270,   1.658057, 1.685449, 0.027393,   1.691089, 0.046729,
 0,x_unit, 67.215405, 1.660474, 1.816772, 0.156299,   1.654834, 1.662085, 0.007251,   1.689478, 0.052368,
 0,x_unit, 67.240652, 1.660474, 1.653223, -0.007251,   1.660474, 1.645166, -0.015308,   1.691895, 0.052368,
 0,x_unit, 67.266976, 1.661279, 1.481616, -0.179663,   1.658057, 1.635498, -0.022559,   1.691895, 0.047534,
 0,x_unit, 67.293216, 1.661279, 1.451001, -0.210278,   1.658862, 1.641138, -0.017725,   1.699145, 0.050757,
 0,x_unit, 67.319436, 1.653223, 1.380103, -0.273120,   1.657251, 1.639526, -0.017725,   1.694311, 0.053979,
 0,x_unit, 67.345661, 1.662891, 1.419580, -0.243310,   1.660474, 1.632275, -0.028198,   1.695117, 0.055591,
 0,x_unit, 67.371965, 1.645166, 1.484839, -0.160327,   1.645972, 1.640332, -0.005640,   1.687060, 0.039478,
 0,x_unit, 67.398241, 1.641943, 1.621802, -0.020142,   1.640332, 1.640332, 0.000000,   1.677393, 0.037866,
 0,x_unit, 67.424309, 1.648389, 1.813550, 0.165161,   1.645166, 1.683838, 0.038672,   1.686255, 0.040283,
 0,x_unit, 67.449975, 1.647583, 2.011743, 0.364160,   1.650000, 1.666919, 0.016919,   1.683838, 0.041895,
 0,x_unit, 67.475764, 1.650000, 2.233301, 0.583301,   1.650000, 1.736206, 0.086206,   1.685449, 0.039478,
 0,x_unit, 67.501529, 1.650000, 2.454053, 0.804053,   1.652417, 1.753125, 0.100708,   1.687060, 0.036255,
 0,x_unit, 67.527295, 1.649194, 2.669165, 1.019971,   1.653223, 1.778906, 0.125684,   1.678198, 0.037866,
 0,x_unit, 67.553142, 1.654834, 2.927783, 1.272949,   1.656445, 1.787768, 0.131323,   1.687866, 0.044312,
 0,x_unit, 67.578863, 1.654834, 3.161426, 1.506592,   1.650000, 1.832886, 0.182886,   1.685449, 0.037866,
 0,x_unit, 67.604644, 1.654834, 3.284692, 1.629858,   1.649194, 1.836914, 0.187720,   1.683032, 0.038672,
 0,x_unit, 67.630406, 1.654834, 3.291138, 1.636304,   1.654834, 1.860278, 0.205444,   1.683838, 0.037866,
 0,x_unit, 67.656224, 1.654834, 3.289526, 1.634692,   1.660474, 1.861084, 0.200610,   1.687060, 0.043506,
 0,x_unit, 67.681865, 1.670142, 3.289526, 1.619385,   1.662891, 1.852222, 0.189331,   1.691895, 0.053979,
 0,x_unit, 67.707530, 1.662085, 3.287109, 1.625024,   1.665308, 1.855444, 0.190137,   1.690283, 0.049951,
 0,x_unit, 67.733307, 1.661279, 3.226685, 1.565405,   1.662085, 1.853027, 0.190942,   1.698340, 0.052368,
 0,x_unit, 67.759083, 1.665308, 3.138867, 1.473559,   1.662085, 1.861084, 0.198999,   1.690283, 0.054785,
 0,x_unit, 67.784860, 1.658862, 2.961621, 1.302759,   1.658862, 1.813550, 0.154688,   1.689478, 0.054785,
 0,x_unit, 67.810526, 1.660474, 2.768262, 1.107788,   1.662891, 1.803882, 0.140991,   1.691895, 0.048340,
 0,x_unit, 67.836301, 1.661279, 2.566846, 0.905566,   1.657251, 1.786963, 0.129712,   1.689478, 0.055591,
 0,x_unit, 67.862094, 1.662085, 2.393628, 0.731543,   1.658862, 1.736206, 0.077344,   1.694311, 0.052368,
 0,x_unit, 67.887779, 1.661279, 2.147095, 0.485815,   1.660474, 1.707202, 0.046728,   1.691895, 0.053979,
 0,x_unit, 67.913414, 1.661279, 1.919092, 0.257812,   1.662085, 1.676587, 0.014502,   1.690283, 0.051562,
 0,x_unit, 67.939191, 1.661279, 1.745874, 0.084595,   1.656445, 1.665308, 0.008862,   1.691089, 0.051562,
 0,x_unit, 67.964981, 1.662891, 1.589575, -0.073315,   1.658862, 1.631470, -0.027393,   1.693506, 0.055591,
 0,x_unit, 67.991322, 1.645972, 1.465503, -0.180469,   1.647583, 1.616968, -0.030615,   1.681421, 0.040283,
 0,x_unit, 68.017560, 1.643555, 1.427637, -0.215918,   1.645166, 1.614551, -0.030615,   1.687060, 0.037866,
 0,x_unit, 68.043711, 1.645972, 1.382519, -0.263452,   1.649194, 1.618579, -0.030615,   1.686255, 0.037866,
 0,x_unit, 68.070098, 1.647583, 1.452612, -0.194971,   1.641943, 1.620996, -0.020947,   1.685449, 0.039478,
 0,x_unit, 68.096210, 1.650000, 1.528345, -0.121655,   1.648389, 1.640332, -0.008057,   1.685449, 0.038672,
 0,x_unit, 68.122642, 1.648389, 1.695117, 0.046728,   1.649194, 1.654834, 0.005640,   1.686255, 0.038672,
 0,x_unit, 68.148309, 1.647583, 1.907812, 0.260229,   1.647583, 1.674170, 0.026587,   1.683838, 0.040283,
 0,x_unit, 68.174091, 1.650000, 2.089893, 0.439893,   1.649194, 1.720093, 0.070898,   1.683838, 0.035449,
 0,x_unit, 68.199873, 1.650000, 2.313061, 0.663061,   1.652417, 1.718481, 0.066064,   1.687866, 0.038672,
 0,x_unit, 68.225640, 1.654834, 2.552344, 0.897510,   1.653223, 1.766821, 0.113599,   1.690283, 0.037866,
 0,x_unit, 68.251306, 1.650000, 2.754565, 1.104566,   1.650806, 1.753931, 0.103125,   1.683838, 0.040283,
 0,x_unit, 68.276980, 1.654834, 3.060718, 1.405884,   1.650000, 1.816772, 0.166772,   1.682227, 0.038672,
 0,x_unit, 68.302762, 1.666113, 3.229907, 1.563794,   1.670947, 1.835303, 0.164356,   1.693506, 0.051562,
 0,x_unit, 68.328657, 1.666919, 3.289526, 1.622607,   1.668530, 1.855444, 0.186914,   1.693506, 0.049951,
 0,x_unit, 68.354413, 1.666919, 3.291943, 1.625024,   1.668530, 1.856250, 0.187720,   1.687060, 0.049951,
 0,x_unit, 68.380181, 1.665308, 3.288721, 1.623413,   1.662085, 1.864307, 0.202222,   1.691895, 0.052368,
 0,x_unit, 68.405871, 1.665308, 3.289526, 1.624219,   1.660474, 1.861084, 0.200610,   1.693506, 0.050757,
 0,x_unit, 68.431643, 1.665308, 3.285498, 1.620190,   1.662085, 1.856250, 0.194165,   1.690283, 0.048340,
 0,x_unit, 68.457536, 1.662085, 3.208960, 1.546875,   1.662891, 1.853027, 0.190137,   1.690283, 0.048340,
 0,x_unit, 68.483194, 1.662085, 3.063940, 1.401855,   1.657251, 1.806299, 0.149048,   1.694311, 0.054785,
 0,x_unit, 68.508896, 1.662085, 2.919727, 1.257642,   1.658862, 1.814355, 0.155493,   1.691895, 0.048340,
 0,x_unit, 68.534634, 1.661279, 2.689306, 1.028027,   1.662085, 1.778101, 0.116016,   1.694311, 0.052368,
 0,x_unit, 68.560536, 1.658862, 2.478223, 0.819360,   1.658057, 1.762793, 0.104736,   1.691895, 0.048340,
 0,x_unit, 68.586351, 1.662085, 2.267139, 0.605054,   1.660474, 1.704785, 0.044312,   1.691895, 0.052368,
 0,x_unit, 68.611981, 1.662891, 2.081030, 0.418140,   1.658057, 1.699145, 0.041089,   1.687866, 0.048340,
 0,x_unit, 68.637780, 1.643555, 1.865918, 0.222363,   1.644360, 1.660474, 0.016113,   1.679810, 0.036255,
 0,x_unit, 68.663541, 1.648389, 1.676587, 0.028198,   1.648389, 1.640332, -0.008057,   1.686255, 0.037866,
 0,x_unit, 68.689543, 1.645972, 1.531567, -0.114404,   1.647583, 1.619385, -0.028198,   1.685449, 0.036255,
 0,x_unit, 68.715845, 1.648389, 1.423608, -0.224780,   1.645972, 1.600049, -0.045923,   1.687060, 0.039478,
 0,x_unit, 68.742009, 1.647583, 1.361572, -0.286011,   1.648389, 1.647583, -0.000806,   1.686255, 0.040283,
 0,x_unit, 68.768350, 1.647583, 1.408301, -0.239282,   1.647583, 1.611328, -0.036255,   1.683838, 0.038672,
 0,x_unit, 68.794543, 1.645972, 1.462280, -0.183691,   1.648389, 1.625830, -0.022559,   1.682227, 0.037866,
 0,x_unit, 68.820779, 1.648389, 1.586352, -0.062036,   1.650000, 1.623413, -0.026587,   1.683032, 0.038672,
 0,x_unit, 68.847098, 1.647583, 1.761987, 0.114404,   1.647583, 1.666113, 0.018530,   1.681421, 0.038672,
 0,x_unit, 68.872880, 1.649194, 1.961792, 0.312598,   1.650000, 1.685449, 0.035449,   1.681421, 0.037866,
 0,x_unit, 68.898667, 1.652417, 2.170459, 0.518042,   1.650806, 1.695923, 0.045117,   1.683032, 0.038672,
 0,x_unit, 68.924410, 1.654028, 2.411352, 0.757324,   1.652417, 1.765210, 0.112793,   1.683838, 0.037866,
 0,x_unit, 68.950100, 1.666919, 2.644189, 0.977270,   1.662085, 1.768433, 0.106348,   1.691895, 0.052368,
 0,x_unit, 68.975871, 1.662891, 2.889111, 1.226221,   1.666113, 1.810327, 0.144214,   1.687060, 0.051562,
 0,x_unit, 69.001544, 1.662891, 3.101001, 1.438110,   1.664502, 1.816772, 0.152271,   1.691895, 0.052368,
 0,x_unit, 69.027315, 1.665308, 3.287915, 1.622607,   1.661279, 1.835303, 0.174023,   1.687060, 0.053979,
 0,x_unit, 69.053104, 1.666113, 3.291943, 1.625830,   1.658862, 1.845776, 0.186914,   1.687060, 0.051562,
 0,x_unit, 69.078758, 1.658057, 3.288721, 1.630664,   1.662085, 1.865918, 0.203833,   1.691895, 0.051562,
 0,x_unit, 69.104535, 1.661279, 3.288721, 1.627441,   1.662085, 1.869141, 0.207056,   1.687866, 0.050757,
 0,x_unit, 69.130305, 1.658057, 3.291138, 1.633081,   1.658057, 1.853027, 0.194971,   1.691895, 0.052368,
 0,x_unit, 69.156100, 1.662085, 3.273413, 1.611328,   1.666919, 1.848999, 0.182080,   1.687060, 0.053979,
 0,x_unit, 69.181768, 1.662085, 3.167871, 1.505786,   1.662085, 1.826440, 0.164356,   1.693506, 0.050757,
 0,x_unit, 69.207416, 1.664502, 2.994653, 1.330151,   1.662085, 1.824023, 0.161938,   1.691089, 0.050757,
 0,x_unit, 69.224411, 1.660474, 2.880249, 1.219775,   1.662085, 1.810327, 0.148242,   1.694311, 0.049951,
 0,x_unit, 69.250092, 1.661279, 2.703809, 1.042529,   1.660474, 1.807910, 0.147436,   1.695117, 0.053979,
 0,x_unit, 69.275876, 1.648389, 2.466943, 0.818555,   1.649194, 1.761182, 0.111987,   1.690283, 0.043506,
 0,x_unit, 69.301759, 1.643555, 2.239746, 0.596191,   1.645972, 1.706396, 0.060425,   1.686255, 0.036255,
 0,x_unit, 69.327534, 1.648389, 2.031079, 0.382690,   1.650000, 1.699145, 0.049145,   1.685449, 0.041895,
 0,x_unit, 69.353316, 1.647583, 1.841748, 0.194165,   1.644360, 1.654028, 0.009668,   1.683032, 0.040283,
 0,x_unit, 69.378972, 1.649194, 1.666919, 0.017725,   1.643555, 1.640332, -0.003223,   1.689478, 0.037866,
 0,x_unit, 69.405008, 1.649194, 1.525928, -0.123267,   1.645972, 1.633081, -0.012891,   1.686255, 0.040283,
 0,x_unit, 69.431352, 1.654834, 1.438110, -0.216724,   1.654028, 1.616162, -0.037866,   1.686255, 0.044312,
 0,x_unit, 69.457690, 1.649194, 1.396216, -0.252979,   1.650806, 1.625024, -0.025781,   1.687060, 0.037866,
 0,x_unit, 69.483884, 1.645166, 1.419580, -0.225586,   1.645972, 1.615356, -0.030615,   1.687866, 0.039478,
 0,x_unit, 69.510104, 1.649194, 1.507397, -0.141797,   1.648389, 1.647583, -0.000806,   1.683838, 0.038672,
 0,x_unit, 69.536436, 1.657251, 1.670947, 0.013696,   1.654834, 1.656445, 0.001611,   1.683032, 0.040283,
 0,x_unit, 69.562314, 1.654834, 1.855444, 0.200610,   1.649194, 1.670142, 0.020947,   1.686255, 0.039478,
 0,x_unit, 69.588067, 1.665308, 2.088281, 0.422974,   1.666919, 1.703174, 0.036255,   1.691089, 0.051562,
 0,x_unit, 69.613754, 1.662891, 2.324341, 0.661450,   1.666113, 1.736206, 0.070093,   1.691895, 0.049951,
 0,x_unit, 69.639411, 1.662085, 2.545898, 0.883814,   1.666113, 1.769238, 0.103125,   1.691895, 0.055591,
 0,x_unit, 69.665203, 1.664502, 2.779541, 1.115039,   1.662085, 1.773267, 0.111182,   1.691089, 0.050757,
 0,x_unit, 69.690981, 1.666113, 3.024463, 1.358350,   1.662085, 1.822412, 0.160327,   1.691895, 0.048340,
 0,x_unit, 69.716768, 1.662085, 3.233130, 1.571045,   1.661279, 1.839331, 0.178052,   1.699145, 0.049951,
 0,x_unit, 69.742412, 1.661279, 3.291943, 1.630664,   1.658862, 1.876392, 0.217529,   1.691895, 0.055591,
 0,x_unit, 69.768196, 1.662085, 3.291943, 1.629858,   1.660474, 1.869946, 0.209473,   1.693506, 0.046729,
 0,x_unit, 69.793886, 1.658057, 3.288721, 1.630664,   1.665308, 1.869141, 0.203833,   1.687866, 0.047534,
 0,x_unit, 69.819661, 1.662891, 3.288721, 1.625830,   1.658862, 1.865918, 0.207056,   1.691895, 0.052368,
 0,x_unit, 69.845220, 1.662085, 3.235547, 1.573462,   1.661279, 1.869141, 0.207861,   1.695117, 0.052368,
 0,x_unit, 69.870978, 1.657251, 3.154175, 1.496924,   1.657251, 1.799853, 0.142602,   1.691089, 0.048340,
 0,x_unit, 69.896732, 1.665308, 2.936646, 1.271338,   1.662085, 1.799048, 0.136963,   1.691895, 0.052368,
 0,x_unit, 69.922550, 1.647583, 2.715894, 1.068310,   1.645166, 1.757153, 0.111987,   1.685449, 0.038672,
 0,x_unit, 69.948206, 1.648389, 2.486279, 0.837891,   1.649194, 1.724121, 0.074927,   1.686255, 0.038672,
 0,x_unit, 69.973985, 1.649194, 2.288086, 0.638892,   1.649194, 1.733789, 0.084595,   1.679810, 0.038672,
 0,x_unit, 69.999763, 1.648389, 2.033496, 0.385108,   1.647583, 1.689478, 0.041895,   1.683838, 0.034644,
 0,x_unit, 70.025546, 1.650000, 1.863501, 0.213501,   1.645166, 1.665308, 0.020142,   1.683838, 0.040283,
 0,x_unit, 70.051197, 1.650000, 1.656445, 0.006445,   1.649194, 1.644360, -0.004834,   1.686255, 0.038672,
 0,x_unit, 70.077225, 1.648389, 1.554126, -0.094263,   1.647583, 1.662085, 0.014502,   1.683838, 0.037866,
 0,x_unit, 70.103228, 1.650000, 1.457446, -0.192554,   1.649194, 1.618579, -0.030615,   1.681421, 0.036255,
 0,x_unit, 70.129441, 1.645972, 1.416357, -0.229614,   1.650806, 1.612939, -0.037866,   1.683032, 0.035449,
 0,x_unit, 70.155797, 1.650806, 1.442944, -0.207861,   1.649194, 1.602466, -0.046729,   1.685449, 0.037866,
 0,x_unit, 70.181997, 1.650000, 1.544458, -0.105542,   1.648389, 1.619385, -0.029004,   1.685449, 0.036255,
 0,x_unit, 70.208231, 1.650806, 1.724927, 0.074121,   1.649194, 1.668530, 0.019336,   1.683032, 0.037866,
 0,x_unit, 70.233978, 1.662891, 1.911841, 0.248950,   1.660474, 1.672559, 0.012085,   1.691895, 0.052368,
 0,x_unit, 70.259764, 1.661279, 2.147900, 0.486621,   1.662891, 1.716064, 0.053174,   1.691089, 0.052368,
 0,x_unit, 70.285515, 1.662891, 2.358179, 0.695288,   1.660474, 1.743457, 0.082983,   1.691895, 0.049951,
 0,x_unit, 70.311196, 1.662891, 2.612768, 0.949878,   1.661279, 1.762793, 0.101514,   1.695923, 0.050757,
 0,x_unit, 70.336980, 1.661279, 2.856885, 1.195605,   1.662085, 1.802271, 0.140186,   1.687866, 0.050757,
 0,x_unit, 70.362772, 1.661279, 3.056690, 1.395410,   1.664502, 1.819189, 0.154688,   1.691895, 0.048340,
 0,x_unit, 70.388446, 1.661279, 3.250049, 1.588770,   1.665308, 1.839331, 0.174023,   1.687060, 0.052368,
 0,x_unit, 70.414099, 1.662085, 3.291943, 1.629858,   1.661279, 1.849805, 0.188525,   1.693506, 0.046729,
 0,x_unit, 70.439882, 1.658862, 3.285498, 1.626636,   1.662085, 1.876392, 0.214307,   1.691089, 0.048340,
 0,x_unit, 70.465650, 1.661279, 3.288721, 1.627441,   1.662891, 1.860278, 0.197388,   1.694311, 0.051562,
 0,x_unit, 70.491314, 1.661279, 3.288721, 1.627441,   1.662085, 1.874780, 0.212695,   1.694311, 0.050757,
 0,x_unit, 70.517506, 1.662085, 3.216211, 1.554126,   1.661279, 1.856250, 0.194971,   1.694311, 0.050757,
 0,x_unit, 70.543221, 1.647583, 3.069580, 1.421997,   1.645166, 1.810327, 0.165161,   1.683838, 0.036255,
 0,x_unit, 70.569102, 1.647583, 2.882666, 1.235083,   1.648389, 1.784546, 0.136157,   1.685449, 0.037866,
 0,x_unit, 70.594884, 1.649194, 2.674805, 1.025610,   1.647583, 1.753931, 0.106348,   1.683032, 0.037866,
 0,x_unit, 70.620538, 1.648389, 2.451636, 0.803247,   1.648389, 1.744263, 0.095874,   1.685449, 0.039478,
 0,x_unit, 70.646202, 1.650000, 2.234106, 0.584106,   1.653223, 1.701563, 0.048340,   1.682227, 0.038672,
 0,x_unit, 70.672071, 1.652417, 1.985962, 0.333545,   1.647583, 1.681421, 0.033838,   1.686255, 0.038672,
 0,x_unit, 70.697879, 1.648389, 1.815967, 0.167578,   1.649194, 1.645972, -0.003223,   1.685449, 0.039478,
 0,x_unit, 70.723904, 1.649194, 1.654028, 0.004834,   1.648389, 1.670142, 0.021753,   1.683032, 0.035449,
 0,x_unit, 70.749620, 1.647583, 1.503369, -0.144214,   1.649194, 1.614551, -0.034644,   1.676587, 0.037866,
 0,x_unit, 70.775902, 1.648389, 1.475977, -0.172412,   1.647583, 1.620190, -0.027393,   1.681421, 0.040283,
 0,x_unit, 70.802186, 1.650000, 1.445361, -0.204639,   1.650000, 1.627441, -0.022559,   1.681421, 0.036255,
 0,x_unit, 70.828448, 1.652417, 1.477588, -0.174829,   1.649194, 1.629858, -0.019336,   1.683838, 0.036255,
 0,x_unit, 70.854777, 1.649194, 1.583935, -0.065259,   1.648389, 1.637915, -0.010474,   1.683032, 0.039478,
 0,x_unit, 70.881040, 1.665308, 1.773267, 0.107959,   1.662085, 1.662085, 0.000000,   1.690283, 0.052368,
 0,x_unit, 70.906775, 1.662085, 1.979517, 0.317432,   1.664502, 1.686255, 0.021753,   1.693506, 0.051562,
 0,x_unit, 70.932564, 1.660474, 2.192212, 0.531738,   1.656445, 1.724121, 0.067676,   1.691089, 0.051562,
 0,x_unit, 70.958324, 1.662085, 2.434717, 0.772632,   1.658057, 1.756348, 0.098291,   1.691895, 0.047534,
 0,x_unit, 70.983978, 1.662891, 2.677222, 1.014331,   1.658862, 1.765210, 0.106348,   1.691895, 0.052368,
 0,x_unit, 71.009653, 1.664502, 2.923755, 1.259253,   1.658862, 1.795825, 0.136963,   1.691895, 0.050757,
 0,x_unit, 71.035431, 1.662891, 3.134033, 1.471143,   1.661279, 1.836914, 0.175635,   1.691895, 0.047534,
 0,x_unit, 71.061243, 1.661279, 3.288721, 1.627441,   1.662891, 1.824829, 0.161939,   1.691895, 0.048340,
 0,x_unit, 71.086915, 1.660474, 3.289526, 1.629053,   1.661279, 1.853833, 0.192554,   1.693506, 0.051562,
 0,x_unit, 71.112543, 1.660474, 3.289526, 1.629053,   1.662891, 1.853833, 0.190942,   1.691895, 0.050757,
 0,x_unit, 71.138318, 1.657251, 3.285498, 1.628247,   1.664502, 1.859473, 0.194971,   1.695117, 0.053979,
 0,x_unit, 71.164109, 1.657251, 3.277441, 1.620190,   1.661279, 1.857861, 0.196582,   1.689478, 0.050757,
 0,x_unit, 71.189884, 1.664502, 3.177539, 1.513037,   1.657251, 1.844971, 0.187720,   1.689478, 0.052368,
 0,x_unit, 71.215545, 1.649194, 3.022046, 1.372851,   1.644360, 1.818384, 0.174024,   1.685449, 0.038672,
 0,x_unit, 71.240436, 1.649194, 2.848828, 1.199634,   1.647583, 1.803076, 0.155493,   1.682227, 0.039478,
 0,x_unit, 71.266204, 1.649194, 2.629688, 0.980493,   1.649194, 1.761182, 0.111987,   1.687060, 0.035449,
 0,x_unit, 71.291999, 1.653223, 2.417798, 0.764575,   1.648389, 1.757959, 0.109570,   1.683838, 0.039478,
 0,x_unit, 71.317781, 1.645166, 2.180127, 0.534961,   1.647583, 1.670142, 0.022559,   1.683838, 0.038672,
 0,x_unit, 71.343416, 1.647583, 1.979517, 0.331934,   1.648389, 1.678198, 0.029810,   1.683838, 0.037866,
 0,x_unit, 71.369212, 1.644360, 1.782935, 0.138574,   1.649194, 1.633887, -0.015308,   1.685449, 0.040283,
 0,x_unit, 71.395313, 1.650000, 1.633081, -0.016919,   1.650000, 1.637109, -0.012891,   1.683838, 0.037866,
 0,x_unit, 71.421458, 1.650000, 1.488062, -0.161938,   1.647583, 1.632275, -0.015308,   1.687060, 0.040283,
 0,x_unit, 71.447783, 1.652417, 1.433276, -0.219141,   1.647583, 1.607300, -0.040283,   1.683838, 0.035449,
 0,x_unit, 71.474120, 1.650000, 1.430054, -0.219946,   1.650000, 1.625024, -0.024976,   1.690283, 0.034644,
 0,x_unit, 71.500344, 1.650000, 1.492090, -0.157910,   1.650000, 1.629053, -0.020947,   1.690283, 0.049951,
 0,x_unit, 71.526668, 1.662085, 1.636304, -0.025781,   1.662085, 1.654834, -0.007251,   1.695923, 0.052368,
 0,x_unit, 71.552977, 1.662891, 1.823218, 0.160327,   1.664502, 1.674170, 0.009668,   1.691895, 0.051562,
 0,x_unit, 71.578653, 1.665308, 2.017383, 0.352075,   1.661279, 1.699145, 0.037866,   1.693506, 0.053979,
 0,x_unit, 71.604323, 1.662085, 2.237329, 0.575244,   1.658057, 1.731372, 0.073315,   1.697534, 0.053979,
 0,x_unit, 71.630108, 1.662085, 2.471777, 0.809692,   1.658862, 1.741846, 0.082983,   1.691895, 0.054785,
 0,x_unit, 71.655885, 1.660474, 2.714282, 1.053809,   1.658862, 1.780518, 0.121655,   1.693506, 0.053979,
 0,x_unit, 71.681551, 1.660474, 2.949536, 1.289062,   1.658057, 1.799048, 0.140991,   1.691895, 0.051562,
 0,x_unit, 71.707208, 1.662085, 3.175122, 1.513037,   1.658862, 1.830469, 0.171607,   1.695117, 0.051562,
 0,x_unit, 71.733001, 1.664502, 3.289526, 1.625024,   1.661279, 1.824023, 0.162744,   1.687866, 0.053979,
 0,x_unit, 71.758781, 1.665308, 3.292749, 1.627441,   1.662085, 1.840942, 0.178857,   1.691895, 0.052368,
 0,x_unit, 71.784438, 1.662085, 3.292749, 1.630664,   1.660474, 1.856250, 0.195776,   1.690283, 0.050757,
 0,x_unit, 71.810102, 1.665308, 3.287915, 1.622607,   1.660474, 1.884448, 0.223975,   1.691895, 0.049951,
 0,x_unit, 71.835882, 1.649194, 3.251660, 1.602466,   1.649194, 1.857861, 0.208667,   1.679004, 0.038672,
 0,x_unit, 71.861674, 1.650000, 3.135644, 1.485644,   1.648389, 1.819995, 0.171606,   1.681421, 0.038672,
 0,x_unit, 71.887393, 1.649194, 2.944702, 1.295508,   1.650806, 1.780518, 0.129712,   1.686255, 0.039478,
 0,x_unit, 71.913114, 1.650000, 2.719116, 1.069116,   1.649194, 1.773267, 0.124072,   1.686255, 0.040283,
 0,x_unit, 71.938881, 1.649194, 2.496753, 0.847559,   1.649194, 1.749902, 0.100708,   1.681421, 0.035449,
 0,x_unit, 71.964667, 1.645166, 2.276001, 0.630835,   1.648389, 1.712842, 0.064453,   1.681421, 0.038672,
 0,x_unit, 71.990420, 1.650000, 2.081030, 0.431030,   1.650806, 1.694311, 0.043506,   1.687060, 0.037866,
 0,x_unit, 72.016108, 1.652417, 1.840137, 0.187720,   1.645166, 1.670947, 0.025781,   1.685449, 0.038672,
 0,x_unit, 72.041775, 1.650000, 1.697534, 0.047534,   1.652417, 1.645972, -0.006445,   1.683032, 0.039478,
 0,x_unit, 72.067834, 1.649194, 1.539624, -0.109570,   1.649194, 1.625024, -0.024170,   1.683838, 0.038672,
 0,x_unit, 72.094110, 1.648389, 1.504175, -0.144214,   1.645972, 1.633887, -0.012085,   1.683838, 0.037866,
 0,x_unit, 72.120439, 1.647583, 1.467920, -0.179663,   1.650000, 1.625024, -0.024976,   1.686255, 0.038672,
 0,x_unit, 72.146732, 1.661279, 1.558154, -0.103125,   1.666919, 1.649194, -0.017725,   1.690283, 0.052368,
 0,x_unit, 72.173019, 1.662085, 1.685449, 0.023364,   1.662085, 1.662085, 0.000000,   1.687060, 0.052368,
 0,x_unit, 72.198662, 1.658862, 1.878003, 0.219141,   1.661279, 1.691895, 0.030615,   1.690283, 0.054785,
 0,x_unit, 72.224439, 1.661279, 2.097949, 0.436670,   1.664502, 1.712842, 0.048340,   1.687060, 0.053979,
 0,x_unit, 72.250106, 1.656445, 2.332397, 0.675952,   1.656445, 1.741846, 0.085400,   1.693506, 0.052368,
 0,x_unit, 72.275897, 1.660474, 2.588598, 0.928125,   1.662085, 1.757959, 0.095874,   1.689478, 0.053979,
 0,x_unit, 72.301654, 1.664502, 2.823853, 1.159351,   1.658057, 1.811938, 0.153882,   1.691895, 0.053979,
 0,x_unit, 72.327425, 1.661279, 3.047827, 1.386548,   1.665308, 1.815967, 0.150659,   1.691895, 0.053979,
 0,x_unit, 72.353214, 1.656445, 3.252466, 1.596020,   1.658862, 1.838525, 0.179663,   1.691089, 0.055591,
 0,x_unit, 72.378887, 1.662085, 3.292749, 1.630664,   1.661279, 1.848193, 0.186914,   1.691895, 0.052368,
 0,x_unit, 72.404663, 1.662085, 3.291943, 1.629858,   1.662085, 1.861084, 0.198999,   1.687060, 0.049951,
 0,x_unit, 72.430419, 1.657251, 3.289526, 1.632275,   1.661279, 1.869141, 0.207861,   1.691895, 0.049951,
 0,x_unit, 72.456328, 1.662085, 3.266162, 1.604077,   1.657251, 1.865112, 0.207861,   1.691895, 0.049951,
 0,x_unit, 72.481994, 1.649194, 3.152563, 1.503369,   1.645166, 1.839331, 0.194165,   1.681421, 0.036255,
 0,x_unit, 72.507659, 1.648389, 2.989014, 1.340625,   1.650806, 1.810327, 0.159522,   1.683838, 0.038672,
 0,x_unit, 72.533442, 1.650000, 2.740869, 1.090869,   1.648389, 1.765210, 0.116821,   1.685449, 0.038672,
 0,x_unit, 72.559301, 1.649194, 2.557983, 0.908789,   1.647583, 1.749097, 0.101514,   1.678198, 0.035449,
 0,x_unit, 72.585049, 1.647583, 2.320312, 0.672729,   1.650806, 1.719287, 0.068481,   1.687060, 0.039478,
 0,x_unit, 72.610773, 1.653223, 2.085864, 0.432642,   1.649194, 1.685449, 0.036255,   1.685449, 0.037866,
 0,x_unit, 72.636562, 1.647583, 1.886865, 0.239282,   1.647583, 1.670947, 0.023364,   1.685449, 0.034644,
 0,x_unit, 72.662333, 1.649194, 1.673364, 0.024170,   1.650000, 1.666113, 0.016113,   1.686255, 0.037866,
 0,x_unit, 72.688077, 1.650000, 1.571045, -0.078955,   1.650000, 1.621802, -0.028198,   1.679004, 0.037866,
 0,x_unit, 72.714346, 1.653223, 1.473559, -0.179663,   1.645972, 1.612939, -0.033032,   1.685449, 0.038672,
 0,x_unit, 72.740566, 1.649194, 1.478394, -0.170801,   1.648389, 1.640332, -0.008057,   1.679004, 0.036255,
 0,x_unit, 72.766885, 1.649194, 1.528345, -0.120850,   1.647583, 1.637915, -0.009668,   1.685449, 0.037866,
 0,x_unit, 72.793121, 1.662891, 1.665308, 0.002417,   1.662891, 1.662891, 0.000000,   1.686255, 0.054785,
 0,x_unit, 72.818895, 1.662085, 1.848999, 0.186914,   1.664502, 1.681421, 0.016919,   1.693506, 0.051562,
 0,x_unit, 72.844565, 1.662891, 2.054443, 0.391553,   1.666113, 1.710425, 0.044312,   1.690283, 0.052368,
 0,x_unit, 72.870224, 1.661279, 2.301782, 0.640503,   1.662891, 1.736206, 0.073316,   1.690283, 0.052368,
 0,x_unit, 72.896034, 1.662085, 2.520117, 0.858032,   1.664502, 1.751514, 0.087012,   1.691089, 0.052368,
 0,x_unit, 72.921899, 1.661279, 2.782764, 1.121484,   1.664502, 1.790991, 0.126489,   1.691895, 0.050757,
 0,x_unit, 72.947559, 1.662891, 3.013989, 1.351099,   1.665308, 1.787768, 0.122461,   1.691895, 0.051562,
 0,x_unit, 72.973325, 1.662891, 3.244409, 1.581519,   1.666113, 1.834497, 0.168384,   1.698340, 0.052368,
 0,x_unit, 72.998997, 1.662891, 3.287915, 1.625024,   1.662085, 1.848999, 0.186914,   1.695117, 0.051562,
 0,x_unit, 73.024784, 1.658862, 3.291138, 1.632275,   1.662085, 1.870752, 0.208667,   1.691895, 0.052368,
 0,x_unit, 73.050423, 1.657251, 3.292749, 1.635498,   1.662085, 1.856250, 0.194165,   1.686255, 0.051562,
 0,x_unit, 73.076215, 1.662085, 3.299194, 1.637109,   1.662891, 1.853027, 0.190137,   1.693506, 0.051562,
 0,x_unit, 73.102009, 1.645972, 3.175122, 1.529150,   1.654028, 1.832886, 0.178857,   1.686255, 0.043506,
 0,x_unit, 73.127774, 1.648389, 3.022046, 1.373657,   1.645166, 1.781323, 0.136157,   1.679810, 0.038672,
 0,x_unit, 73.153563, 1.648389, 2.808545, 1.160156,   1.645972, 1.780518, 0.134546,   1.687866, 0.038672,
 0,x_unit, 73.179220, 1.650000, 2.595044, 0.945044,   1.650000, 1.751514, 0.101514,   1.687866, 0.044312,
 0,x_unit, 73.204895, 1.647583, 2.374292, 0.726709,   1.648389, 1.724927, 0.076538,   1.685449, 0.038672,
 0,x_unit, 73.230678, 1.648389, 2.130981, 0.482593,   1.645972, 1.687060, 0.041089,   1.691089, 0.037866,
 0,x_unit, 73.256431, 1.650806, 1.959375, 0.308569,   1.647583, 1.683838, 0.036255,   1.687866, 0.035449,
 0,x_unit, 73.282109, 1.654028, 1.732178, 0.078149,   1.652417, 1.656445, 0.004028,   1.689478, 0.042700,
 0,x_unit, 73.307778, 1.652417, 1.612134, -0.040283,   1.649194, 1.650806, 0.001611,   1.687060, 0.038672,
 0,x_unit, 73.333798, 1.647583, 1.488062, -0.159521,   1.649194, 1.631470, -0.017725,   1.685449, 0.037866,
 0,x_unit, 73.360119, 1.643555, 1.473559, -0.169995,   1.647583, 1.618579, -0.029004,   1.682227, 0.039478,
 0,x_unit, 73.386301, 1.658057, 1.515454, -0.142603,   1.654834, 1.633081, -0.021753,   1.685449, 0.038672,
 0,x_unit, 73.412484, 1.648389, 1.632275, -0.016113,   1.650806, 1.633081, -0.017725,   1.687060, 0.036255,
 0,x_unit, 73.438900, 1.660474, 1.805493, 0.145020,   1.665308, 1.682227, 0.016919,   1.691089, 0.048340,
 0,x_unit, 73.464663, 1.662891, 2.009326, 0.346436,   1.661279, 1.689478, 0.028198,   1.694311, 0.050757,
 0,x_unit, 73.490434, 1.661279, 2.267944, 0.606665,   1.665308, 1.726538, 0.061230,   1.691089, 0.053979,
 0,x_unit, 73.516109, 1.661279, 2.491113, 0.829834,   1.662891, 1.766821, 0.103931,   1.691895, 0.048340,
 0,x_unit, 73.541782, 1.662085, 2.706226, 1.044141,   1.662085, 1.786157, 0.124072,   1.693506, 0.050757,
 0,x_unit, 73.567677, 1.661279, 2.972900, 1.311621,   1.662085, 1.815161, 0.153076,   1.689478, 0.049951,
 0,x_unit, 73.593323, 1.665308, 3.193652, 1.528345,   1.658862, 1.803076, 0.144214,   1.695117, 0.055591,
 0,x_unit, 73.619129, 1.662891, 3.291943, 1.629053,   1.660474, 1.840137, 0.179663,   1.687866, 0.051562,
 0,x_unit, 73.644783, 1.662891, 3.284692, 1.621802,   1.661279, 1.848999, 0.187720,   1.694311, 0.051562,
 0,x_unit, 73.670438, 1.657251, 3.288721, 1.631470,   1.656445, 1.853833, 0.197388,   1.685449, 0.050757,
 0,x_unit, 73.696114, 1.664502, 3.285498, 1.620996,   1.658862, 1.876392, 0.217529,   1.693506, 0.050757,
 0,x_unit, 73.721895, 1.662891, 3.202515, 1.539624,   1.660474, 1.848193, 0.187720,   1.698340, 0.053979,
 0,x_unit, 73.747562, 1.643555, 3.039770, 1.396216,   1.647583, 1.811938, 0.164355,   1.687060, 0.036255,
 0,x_unit, 73.773334, 1.650000, 2.864136, 1.214136,   1.645166, 1.770850, 0.125684,   1.686255, 0.036255,
 0,x_unit, 73.799106, 1.650000, 2.635327, 0.985327,   1.650000, 1.778906, 0.128906,   1.693506, 0.040283,
 0,x_unit, 73.824892, 1.647583, 2.426660, 0.779077,   1.650000, 1.728955, 0.078955,   1.685449, 0.036255,
 0,x_unit, 73.850561, 1.648389, 2.193823, 0.545434,   1.647583, 1.731372, 0.083789,   1.685449, 0.036255,
 0,x_unit, 73.876216, 1.645972, 1.963403, 0.317432,   1.647583, 1.673364, 0.025781,   1.683032, 0.036255,
 0,x_unit, 73.901998, 1.645972, 1.770044, 0.124072,   1.649194, 1.647583, -0.001611,   1.685449, 0.042700,
 0,x_unit, 73.928115, 1.648389, 1.618579, -0.029810,   1.650000, 1.629053, -0.020947,   1.683838, 0.037866,
 0,x_unit, 73.954474, 1.649194, 1.500147, -0.149048,   1.647583, 1.641138, -0.006445,   1.683838, 0.037866,
 0,x_unit, 73.980582, 1.650806, 1.466309, -0.184497,   1.653223, 1.591992, -0.061231,   1.683032, 0.039478,
 0,x_unit, 74.006811, 1.652417, 1.504980, -0.147436,   1.658862, 1.629858, -0.029004,   1.683032, 0.041895,
 0,x_unit, 74.033128, 1.650000, 1.644360, -0.005640,   1.648389, 1.652417, 0.004028,   1.683838, 0.038672,
 0,x_unit, 74.059150, 1.652417, 1.753931, 0.101514,   1.649194, 1.676587, 0.027393,   1.686255, 0.040283,
 0,x_unit, 74.084836, 1.664502, 1.960181, 0.295679,   1.662085, 1.691895, 0.029810,   1.685449, 0.047534,
 0,x_unit, 74.110432, 1.662085, 2.234106, 0.572021,   1.664502, 1.703979, 0.039478,   1.689478, 0.054785,
 0,x_unit, 74.136210, 1.661279, 2.428272, 0.766992,   1.662085, 1.736206, 0.074121,   1.693506, 0.052368,
 0,x_unit, 74.162003, 1.662085, 2.654663, 0.992578,   1.662085, 1.778906, 0.116821,   1.691895, 0.051562,
 0,x_unit, 74.187755, 1.660474, 2.916504, 1.256030,   1.662085, 1.806299, 0.144214,   1.691895, 0.048340,
 0,x_unit, 74.213435, 1.661279, 3.146924, 1.485644,   1.666113, 1.820801, 0.154688,   1.687060, 0.055591,
 0,x_unit, 74.239226, 1.662085, 3.289526, 1.627441,   1.661279, 1.853027, 0.191748,   1.691089, 0.050757,
 0,x_unit, 74.264993, 1.665308, 3.284692, 1.619385,   1.662085, 1.851416, 0.189331,   1.689478, 0.046729,
 0,x_unit, 74.290720, 1.664502, 3.291943, 1.627441,   1.662085, 1.865112, 0.203027,   1.691895, 0.052368,
 0,x_unit, 74.316337, 1.662085, 3.271802, 1.609717,   1.658862, 1.836914, 0.178052,   1.693506, 0.055591,
 0,x_unit, 74.342003, 1.662085, 3.188013, 1.525928,   1.662085, 1.830469, 0.168384,   1.689478, 0.046729,
 0,x_unit, 74.367798, 1.661279, 3.021240, 1.359961,   1.658057, 1.784546, 0.126489,   1.691089, 0.051562,
 0,x_unit, 74.393551, 1.647583, 2.794849, 1.147266,   1.643555, 1.773267, 0.129712,   1.686255, 0.040283,
 0,x_unit, 74.419333, 1.650000, 2.562012, 0.912012,   1.645972, 1.768433, 0.122461,   1.683838, 0.040283,
 0,x_unit, 74.445010, 1.650000, 2.329175, 0.679175,   1.645166, 1.720093, 0.074927,   1.687060, 0.038672,
 0,x_unit, 74.470677, 1.650000, 2.101172, 0.451172,   1.647583, 1.691089, 0.043506,   1.686255, 0.038672,
 0,x_unit, 74.496340, 1.647583, 1.884448, 0.236865,   1.645166, 1.668530, 0.023364,   1.687060, 0.040283,
 0,x_unit, 74.522124, 1.649194, 1.708008, 0.058813,   1.648389, 1.657251, 0.008862,   1.683838, 0.036255,
 0,x_unit, 74.547790, 1.648389, 1.578296, -0.070093,   1.648389, 1.632275, -0.016113,   1.686255, 0.040283,
 0,x_unit, 74.574193, 1.650000, 1.523511, -0.126489,   1.650000, 1.610522, -0.039478,   1.683838, 0.037866,
 0,x_unit, 74.600477, 1.650000, 1.507397, -0.142603,   1.647583, 1.620996, -0.026587,   1.687866, 0.040283,
 0,x_unit, 74.626790, 1.653223, 1.640332, -0.012891,   1.648389, 1.636304, -0.012085,   1.683032, 0.039478,
 0,x_unit, 74.653128, 1.650806, 1.740234, 0.089429,   1.650000, 1.662085, 0.012085,   1.683838, 0.038672,
 0,x_unit, 74.678783, 1.650000, 1.985156, 0.335156,   1.650000, 1.678198, 0.028198,   1.683838, 0.039478,
 0,x_unit, 74.704563, 1.665308, 2.221216, 0.555908,   1.662891, 1.736206, 0.073316,   1.691089, 0.053979,
 0,x_unit, 74.730337, 1.662085, 2.454053, 0.791968,   1.665308, 1.732983, 0.067676,   1.693506, 0.054785,
 0,x_unit, 74.756125, 1.662085, 2.718311, 1.056226,   1.660474, 1.766821, 0.106348,   1.691089, 0.055591,
 0,x_unit, 74.781784, 1.660474, 2.944702, 1.284229,   1.665308, 1.810327, 0.145020,   1.693506, 0.051562,
 0,x_unit, 74.807439, 1.662891, 3.143701, 1.480811,   1.666113, 1.835303, 0.169189,   1.690283, 0.052368,
 0,x_unit, 74.833216, 1.664502, 3.287109, 1.622607,   1.664502, 1.852222, 0.187720,   1.693506, 0.049951,
 0,x_unit, 74.859007, 1.662085, 3.284692, 1.622607,   1.660474, 1.861084, 0.200610,   1.690283, 0.048340,
 0,x_unit, 74.884706, 1.658057, 3.291943, 1.633887,   1.662891, 1.853833, 0.190942,   1.691089, 0.051562,
 0,x_unit, 74.910344, 1.662891, 3.252466, 1.589575,   1.661279, 1.819189, 0.157910,   1.691895, 0.051562,
 0,x_unit, 74.936115, 1.662891, 3.158203, 1.495313,   1.661279, 1.838525, 0.177246,   1.693506, 0.048340,
 0,x_unit, 74.961910, 1.657251, 2.923755, 1.266504,   1.662085, 1.795825, 0.133740,   1.694311, 0.052368,
 0,x_unit, 74.987609, 1.661279, 2.736035, 1.074756,   1.660474, 1.789380, 0.128906,   1.691895, 0.053979,
 0,x_unit, 75.013225, 1.660474, 2.503198, 0.842725,   1.660474, 1.743457, 0.082983,   1.691895, 0.049951,
 0,x_unit, 75.039020, 1.645972, 2.287280, 0.641309,   1.640332, 1.732178, 0.091846,   1.683838, 0.040283,
 0,x_unit, 75.064785, 1.648389, 2.039136, 0.390747,   1.647583, 1.687866, 0.040283,   1.685449, 0.039478,
 0,x_unit, 75.090564, 1.648389, 1.844165, 0.195776,   1.641138, 1.691895, 0.050757,   1.685449, 0.037866,
 0,x_unit, 75.116224, 1.647583, 1.670142, 0.022559,   1.645972, 1.611328, -0.034644,   1.683838, 0.037866,
 0,x_unit, 75.142251, 1.645972, 1.562988, -0.082983,   1.645972, 1.654834, 0.008862,   1.685449, 0.038672,
 0,x_unit, 75.168266, 1.647583, 1.504980, -0.142603,   1.650000, 1.625024, -0.024976,   1.681421, 0.038672,
 0,x_unit, 75.194483, 1.649194, 1.538013, -0.111182,   1.649194, 1.612939, -0.036255,   1.687060, 0.037866,
 0,x_unit, 75.220799, 1.650806, 1.641943, -0.008862,   1.645166, 1.652417, 0.007251,   1.685449, 0.040283,
 0,x_unit, 75.246724, 1.650806, 1.818384, 0.167578,   1.650806, 1.658057, 0.007251,   1.683838, 0.037866,
 0,x_unit, 75.272423, 1.650000, 2.017383, 0.367383,   1.649194, 1.704785, 0.055591,   1.683838, 0.039478,
 0,x_unit, 75.298119, 1.649194, 2.260693, 0.611499,   1.650000, 1.715259, 0.065259,   1.687866, 0.039478,
 0,x_unit, 75.323898, 1.648389, 2.513672, 0.865283,   1.653223, 1.752319, 0.099097,   1.683838, 0.037866,
 0,x_unit, 75.349564, 1.666113, 2.777930, 1.111816,   1.668530, 1.766821, 0.098291,   1.691089, 0.049951,
 0,x_unit, 75.375343, 1.664502, 3.002710, 1.338208,   1.668530, 1.811133, 0.142603,   1.693506, 0.053979,
 0,x_unit, 75.401129, 1.666113, 3.204126, 1.538013,   1.662085, 1.836914, 0.174829,   1.691895, 0.053979,
 0,x_unit, 75.426899, 1.662891, 3.291943, 1.629053,   1.662085, 1.861084, 0.198999,   1.691089, 0.050757,
 0,x_unit, 75.452679, 1.662891, 3.285498, 1.622607,   1.662891, 1.857056, 0.194165,   1.694311, 0.053979,
 0,x_unit, 75.478338, 1.661279, 3.285498, 1.624219,   1.662085, 1.853833, 0.191748,   1.690283, 0.050757,
 0,x_unit, 75.504122, 1.661279, 3.239575, 1.578296,   1.661279, 1.848999, 0.187720,   1.695117, 0.054785,
 0,x_unit, 75.529915, 1.658862, 3.105029, 1.446167,   1.661279, 1.802271, 0.140991,   1.694311, 0.052368,
 0,x_unit, 75.555786, 1.662085, 2.923755, 1.261670,   1.658862, 1.803882, 0.145020,   1.691895, 0.051562,
 0,x_unit, 75.581443, 1.662085, 2.691724, 1.029639,   1.657251, 1.766821, 0.109570,   1.689478, 0.049951,
 0,x_unit, 75.607127, 1.662085, 2.475806, 0.813721,   1.658862, 1.752319, 0.093457,   1.691895, 0.052368,
 0,x_unit, 75.632902, 1.661279, 2.229272, 0.567993,   1.658057, 1.710425, 0.052368,   1.685449, 0.051562,
 0,x_unit, 75.658694, 1.657251, 2.055249, 0.397998,   1.661279, 1.685449, 0.024170,   1.691895, 0.052368,
 0,x_unit, 75.684344, 1.640332, 1.810327, 0.169995,   1.645972, 1.662085, 0.016113,   1.685449, 0.041895,
 0,x_unit, 75.710010, 1.647583, 1.650806, 0.003223,   1.647583, 1.639526, -0.008057,   1.687060, 0.037866,
 0,x_unit, 75.736115, 1.645972, 1.536401, -0.109570,   1.647583, 1.623413, -0.024170,   1.686255, 0.039478,
 0,x_unit, 75.762354, 1.648389, 1.512231, -0.136157,   1.647583, 1.625024, -0.022559,   1.683838, 0.037866,
 0,x_unit, 75.788689, 1.647583, 1.552515, -0.095068,   1.648389, 1.633887, -0.014502,   1.687060, 0.039478,
 0,x_unit, 75.814805, 1.648389, 1.668530, 0.020142,   1.650000, 1.615356, -0.034644,   1.683838, 0.039478,
 0,x_unit, 75.840812, 1.653223, 1.830469, 0.177246,   1.645972, 1.677393, 0.031421,   1.683838, 0.041895,
 0,x_unit, 75.866575, 1.650000, 2.080225, 0.430225,   1.652417, 1.704785, 0.052368,   1.683838, 0.037866,
 0,x_unit, 75.892247, 1.652417, 2.342065, 0.689648,   1.650000, 1.740234, 0.090234,   1.685449, 0.037866,
 0,x_unit, 75.918030, 1.654834, 2.549121, 0.894287,   1.647583, 1.793408, 0.145825,   1.683032, 0.037866,
 0,x_unit, 75.943669, 1.650000, 2.790015, 1.140015,   1.650806, 1.785352, 0.134546,   1.683838, 0.036255,
 0,x_unit, 75.969450, 1.654834, 3.038965, 1.384131,   1.649194, 1.810327, 0.161133,   1.681421, 0.039478,
 0,x_unit, 75.995221, 1.669336, 3.251660, 1.582324,   1.666919, 1.839331, 0.172412,   1.694311, 0.050757,
 0,x_unit, 76.020903, 1.662085, 3.291138, 1.629053,   1.664502, 1.869141, 0.204639,   1.691089, 0.051562,
 0,x_unit, 76.046472, 1.665308, 3.289526, 1.624219,   1.662085, 1.841748, 0.179663,   1.691895, 0.049951,
 0,x_unit, 76.072347, 1.664502, 3.287915, 1.623413,   1.662891, 1.857056, 0.194165,   1.687866, 0.046729,
 0,x_unit, 76.098120, 1.662891, 3.229907, 1.567017,   1.664502, 1.839331, 0.174829,   1.693506, 0.054785,
 0,x_unit, 76.124006, 1.662891, 3.055078, 1.392187,   1.664502, 1.818384, 0.153882,   1.689478, 0.049951,
 0,x_unit, 76.149678, 1.658862, 2.876221, 1.217358,   1.662085, 1.785352, 0.123267,   1.689478, 0.048340,
 0,x_unit, 76.175498, 1.661279, 2.661914, 1.000635,   1.661279, 1.793408, 0.132129,   1.685449, 0.051562,
 0,x_unit, 76.201230, 1.662085, 2.408936, 0.746851,   1.662085, 1.741846, 0.079761,   1.694311, 0.052368,
 0,x_unit, 76.226997, 1.661279, 2.181738, 0.520459,   1.662085, 1.706396, 0.044312,   1.693506, 0.052368,
 0,x_unit, 76.252780, 1.654028, 1.953735, 0.299707,   1.658862, 1.674976, 0.016113,   1.691895, 0.052368,
 0,x_unit, 76.278445, 1.660474, 1.770044, 0.109570,   1.652417, 1.657251, 0.004834,   1.690283, 0.051562,
 0,x_unit, 76.304148, 1.647583, 1.618579, -0.029004,   1.650000, 1.633887, -0.016113,   1.689478, 0.040283,
 0,x_unit, 76.330372, 1.647583, 1.523511, -0.124072,   1.644360, 1.627441, -0.016919,   1.683838, 0.037866,
 0,x_unit, 76.356684, 1.648389, 1.502563, -0.145825,   1.640332, 1.637915, -0.002417,   1.683838, 0.038672,
 0,x_unit, 76.382934, 1.650000, 1.570239, -0.079761,   1.647583, 1.628247, -0.019336,   1.683838, 0.034644,
 0,x_unit, 76.409023, 1.652417, 1.712842, 0.060425,   1.652417, 1.636304, -0.016113,   1.683838, 0.041895,
 0,x_unit, 76.435143, 1.644360, 1.901367, 0.257007,   1.650806, 1.687060, 0.036255,   1.679004, 0.037866,
 0,x_unit, 76.460910, 1.652417, 2.130981, 0.478565,   1.650000, 1.699145, 0.049145,   1.683838, 0.039478,
 0,x_unit, 76.486632, 1.650000, 2.372681, 0.722681,   1.653223, 1.737817, 0.084595,   1.687866, 0.039478,
 0,x_unit, 76.512341, 1.657251, 2.636938, 0.979687,   1.656445, 1.741040, 0.084595,   1.687060, 0.043506,
 0,x_unit, 76.538126, 1.653223, 2.873804, 1.220581,   1.652417, 1.766821, 0.114404,   1.683838, 0.039478,
 0,x_unit, 76.564024, 1.647583, 3.094556, 1.446973,   1.653223, 1.818384, 0.165161,   1.682227, 0.037866,
 0,x_unit, 76.589788, 1.654834, 3.288721, 1.633887,   1.650806, 1.839331, 0.188525,   1.683838, 0.036255,
 0,x_unit, 76.615448, 1.660474, 3.288721, 1.628247,   1.657251, 1.861890, 0.204639,   1.685449, 0.041895,
 0,x_unit, 76.641126, 1.664502, 3.287915, 1.623413,   1.666113, 1.857861, 0.191748,   1.691895, 0.048340,
 0,x_unit, 76.666908, 1.665308, 3.258911, 1.593603,   1.662085, 1.844971, 0.182886,   1.691895, 0.051562,
 0,x_unit, 76.692689, 1.664502, 3.130005, 1.465503,   1.662891, 1.831274, 0.168384,   1.691089, 0.052368,
 0,x_unit, 76.718436, 1.664502, 2.960815, 1.296314,   1.665308, 1.795825, 0.130517,   1.691089, 0.050757,
 0,x_unit, 76.744130, 1.661279, 2.731201, 1.069922,   1.662085, 1.780518, 0.118433,   1.693506, 0.051562,
 0,x_unit, 76.769913, 1.658057, 2.487890, 0.829834,   1.662085, 1.747485, 0.085400,   1.694311, 0.053979,
 0,x_unit, 76.795570, 1.664502, 2.237329, 0.572827,   1.658862, 1.690283, 0.031421,   1.695117, 0.049951,
 0,x_unit, 76.821235, 1.660474, 2.039941, 0.379468,   1.658862, 1.699145, 0.040283,   1.694311, 0.052368,
 0,x_unit, 76.846995, 1.661279, 1.828857, 0.167578,   1.657251, 1.664502, 0.007251,   1.685449, 0.053979,
 0,x_unit, 76.872673, 1.654834, 1.674976, 0.020142,   1.657251, 1.650000, -0.007251,   1.689478, 0.051562,
 0,x_unit, 76.898722, 1.660474, 1.575879, -0.084595,   1.660474, 1.616968, -0.043506,   1.693506, 0.050757,
 0,x_unit, 76.924929, 1.656445, 1.552515, -0.103931,   1.662085, 1.645166, -0.016919,   1.695923, 0.049951,
 0,x_unit, 76.951138, 1.658862, 1.621802, -0.037060,   1.657251, 1.668530, 0.011279,   1.691895, 0.054785,
 0,x_unit, 76.977246, 1.643555, 1.786157, 0.142603,   1.643555, 1.647583, 0.004028,   1.685449, 0.039478,
 0,x_unit, 77.003021, 1.647583, 1.977100, 0.329517,   1.647583, 1.689478, 0.041895,   1.687866, 0.035449,
 0,x_unit, 77.028798, 1.645166, 2.196240, 0.551074,   1.645972, 1.703174, 0.057202,   1.683838, 0.038672,
 0,x_unit, 77.054589, 1.650000, 2.445996, 0.795996,   1.645972, 1.753931, 0.107959,   1.682227, 0.039478,
 0,x_unit, 77.080229, 1.650806, 2.704614, 1.053809,   1.649194, 1.773267, 0.124072,   1.689478, 0.036255,
 0,x_unit, 77.105910, 1.652417, 2.955981, 1.303565,   1.647583, 1.835303, 0.187720,   1.687060, 0.039478,
 0,x_unit, 77.131693, 1.653223, 3.164648, 1.511426,   1.653223, 1.814355, 0.161133,   1.682227, 0.040283,
 0,x_unit, 77.157461, 1.653223, 3.285498, 1.632275,   1.652417, 1.839331, 0.186914,   1.683032, 0.037866,
 0,x_unit, 77.183130, 1.654834, 3.285498, 1.630664,   1.653223, 1.820801, 0.167578,   1.683838, 0.039478,
 0,x_unit, 77.208790, 1.653223, 3.288721, 1.635498,   1.654834, 1.844971, 0.190137,   1.687060, 0.035449,
 0,x_unit, 77.234578, 1.653223, 3.259717, 1.606494,   1.654028, 1.848999, 0.194971,   1.682227, 0.037866,
 0,x_unit, 77.259359, 1.653223, 3.092139, 1.438916,   1.654834, 1.816772, 0.161939,   1.685449, 0.040283,
 0,x_unit, 77.285089, 1.668530, 2.881055, 1.212524,   1.668530, 1.789380, 0.120850,   1.694311, 0.053979,
 0,x_unit, 77.310802, 1.668530, 2.632104, 0.963574,   1.662085, 1.787768, 0.125684,   1.691089, 0.048340,
 0,x_unit, 77.336569, 1.661279, 2.416187, 0.754907,   1.662085, 1.723315, 0.061230,   1.694311, 0.049951,
 0,x_unit, 77.362358, 1.662085, 2.158374, 0.496289,   1.658057, 1.708813, 0.050757,   1.689478, 0.048340,
 0,x_unit, 77.388122, 1.658057, 1.927954, 0.269897,   1.658862, 1.687060, 0.028198,   1.689478, 0.052368,
 0,x_unit, 77.413801, 1.662085, 1.747485, 0.085400,   1.658862, 1.640332, -0.018530,   1.691895, 0.051562,
 0,x_unit, 77.439826, 1.662085, 1.625830, -0.036255,   1.661279, 1.631470, -0.029810,   1.691895, 0.053979,
 0,x_unit, 77.466151, 1.660474, 1.560571, -0.099902,   1.662085, 1.607300, -0.054785,   1.691895, 0.052368,
 0,x_unit, 77.492359, 1.656445, 1.583130, -0.073315,   1.658862, 1.666113, 0.007251,   1.693506, 0.050757,
 0,x_unit, 77.518480, 1.658862, 1.683838, 0.024976,   1.654834, 1.654834, 0.000000,   1.691895, 0.054785,
 0,x_unit, 77.544131, 1.660474, 1.906201, 0.245728,   1.658057, 1.670142, 0.012085,   1.691895, 0.052368,
 0,x_unit, 77.570020, 1.657251, 2.064917, 0.407666,   1.658057, 1.699145, 0.041089,   1.691895, 0.055591,
 0,x_unit, 77.595580, 1.648389, 2.316284, 0.667896,   1.648389, 1.712036, 0.063648,   1.686255, 0.038672,
 0,x_unit, 77.621231, 1.648389, 2.563623, 0.915234,   1.649194, 1.764404, 0.115210,   1.683032, 0.038672,
 0,x_unit, 77.647001, 1.645972, 2.804517, 1.158545,   1.648389, 1.774878, 0.126489,   1.681421, 0.034644,
 0,x_unit, 77.672807, 1.650000, 3.051050, 1.401050,   1.653223, 1.822412, 0.169189,   1.683032, 0.040283,
 0,x_unit, 77.698571, 1.650806, 3.243603, 1.592798,   1.652417, 1.835303, 0.182886,   1.683838, 0.037866,
 0,x_unit, 77.724343, 1.652417, 3.288721, 1.636304,   1.650806, 1.843359, 0.192554,   1.683838, 0.038672,
 0,x_unit, 77.750014, 1.654834, 3.288721, 1.633887,   1.650806, 1.848999, 0.198193,   1.685449, 0.034644,
 0,x_unit, 77.775812, 1.652417, 3.241186, 1.588769,   1.650806, 1.847388, 0.196582,   1.683838, 0.039478,
 0,x_unit, 77.801463, 1.652417, 3.159814, 1.507397,   1.653223, 1.819995, 0.166772,   1.682227, 0.036255,
 0,x_unit, 77.827226, 1.654028, 2.974512, 1.320483,   1.650000, 1.795020, 0.145020,   1.685449, 0.038672,
 0,x_unit, 77.852999, 1.653223, 2.757788, 1.104565,   1.654028, 1.778906, 0.124878,   1.683838, 0.037866,
 0,x_unit, 77.878715, 1.653223, 2.524145, 0.870923,   1.652417, 1.732983, 0.080566,   1.682227, 0.037866,
 0,x_unit, 77.904454, 1.664502, 2.300171, 0.635669,   1.662085, 1.727344, 0.065259,   1.691895, 0.053979,
 0,x_unit, 77.930244, 1.660474, 2.018188, 0.357715,   1.662085, 1.691895, 0.029810,   1.689478, 0.052368,
 0,x_unit, 77.956018, 1.658862, 1.880420, 0.221558,   1.658057, 1.677393, 0.019336,   1.691089, 0.054785,
 0,x_unit, 77.981682, 1.660474, 1.682227, 0.021753,   1.658862, 1.624219, -0.034644,   1.687866, 0.049951,
 0,x_unit, 78.007623, 1.662085, 1.623413, -0.038672,   1.660474, 1.636304, -0.024170,   1.687866, 0.053979,
 0,x_unit, 78.033922, 1.658862, 1.546875, -0.111987,   1.662085, 1.632275, -0.029810,   1.691089, 0.050757,
 0,x_unit, 78.060151, 1.654834, 1.614551, -0.040283,   1.662085, 1.647583, -0.014502,   1.691895, 0.054785,
 0,x_unit, 78.086431, 1.658862, 1.759570, 0.100708,   1.658862, 1.652417, -0.006445,   1.691895, 0.052368,
 0,x_unit, 78.112396, 1.654834, 1.973071, 0.318237,   1.658862, 1.677393, 0.018530,   1.687060, 0.046729,
 0,x_unit, 78.138135, 1.662085, 2.187378, 0.525293,   1.656445, 1.749902, 0.093457,   1.691895, 0.048340,
 0,x_unit, 78.163925, 1.661279, 2.482251, 0.820972,   1.661279, 1.747485, 0.086206,   1.690283, 0.051562,
 0,x_unit, 78.189599, 1.661279, 2.715894, 1.054614,   1.662891, 1.784546, 0.121655,   1.691089, 0.052368,
 0,x_unit, 78.215238, 1.662085, 2.940674, 1.278589,   1.656445, 1.770044, 0.113599,   1.691895, 0.047534,
 0,x_unit, 78.241020, 1.643555, 3.160620, 1.517065,   1.641943, 1.832080, 0.190137,   1.683838, 0.037866,
 0,x_unit, 78.266805, 1.645166, 3.291943, 1.646777,   1.649194, 1.835303, 0.186108,   1.687060, 0.037866,
 0,x_unit, 78.292594, 1.650000, 3.285498, 1.635498,   1.648389, 1.824829, 0.176440,   1.685449, 0.038672,
 0,x_unit, 78.318349, 1.654028, 3.289526, 1.635498,   1.654028, 1.847388, 0.193359,   1.685449, 0.036255,
 0,x_unit, 78.344022, 1.652417, 3.246826, 1.594409,   1.648389, 1.832080, 0.183691,   1.682227, 0.037866,
 0,x_unit, 78.369806, 1.653223, 3.077637, 1.424414,   1.648389, 1.816772, 0.168384,   1.686255, 0.037866,
 0,x_unit, 78.395576, 1.650000, 2.865747, 1.215747,   1.650000, 1.774878, 0.124878,   1.683838, 0.037866,
 0,x_unit, 78.421243, 1.650000, 2.650635, 1.000635,   1.652417, 1.777295, 0.124878,   1.683838, 0.039478,
 0,x_unit, 78.446920, 1.652417, 2.396045, 0.743628,   1.649194, 1.757153, 0.107959,   1.685449, 0.037866,
 0,x_unit, 78.472689, 1.650000, 2.175293, 0.525293,   1.648389, 1.706396, 0.058008,   1.685449, 0.035449,
 0,x_unit, 78.498351, 1.650806, 1.940845, 0.290039,   1.647583, 1.670142, 0.022559,   1.683838, 0.037866,
 0,x_unit, 78.524136, 1.647583, 1.755542, 0.107959,   1.647583, 1.641943, -0.005640,   1.679004, 0.034644,
 0,x_unit, 78.550156, 1.664502, 1.618579, -0.045923,   1.665308, 1.643555, -0.021753,   1.691895, 0.051562,
 0,x_unit, 78.576466, 1.662085, 1.570239, -0.091846,   1.662891, 1.623413, -0.039477,   1.691895, 0.051562,
 0,x_unit, 78.602819, 1.662085, 1.567017, -0.095068,   1.662085, 1.653223, -0.008862,   1.690283, 0.051562,
 0,x_unit, 78.629052, 1.662085, 1.683032, 0.020947,   1.660474, 1.648389, -0.012085,   1.691895, 0.051562,
 0,x_unit, 78.655152, 1.661279, 1.835303, 0.174023,   1.658057, 1.679004, 0.020947,   1.691895, 0.051562,
 0,x_unit, 78.680919, 1.662085, 2.059277, 0.397192,   1.658862, 1.704785, 0.045923,   1.687866, 0.047534,
 0,x_unit, 78.706582, 1.662085, 2.312256, 0.650171,   1.662085, 1.716064, 0.053980,   1.695117, 0.053979,
 0,x_unit, 78.732380, 1.661279, 2.562817, 0.901538,   1.654834, 1.747485, 0.092651,   1.691895, 0.049951,
 0,x_unit, 78.758241, 1.657251, 2.831104, 1.173853,   1.662085, 1.807104, 0.145020,   1.690283, 0.054785,
 0,x_unit, 78.783916, 1.662085, 3.057495, 1.395410,   1.664502, 1.811938, 0.147436,   1.691895, 0.053979,
 0,x_unit, 78.809584, 1.662085, 3.252466, 1.590381,   1.662891, 1.848999, 0.186108,   1.689478, 0.054785,
 0,x_unit, 78.835358, 1.657251, 3.287915, 1.630664,   1.658057, 1.861084, 0.203027,   1.693506, 0.052368,
 0,x_unit, 78.861165, 1.653223, 3.285498, 1.632275,   1.647583, 1.845776, 0.198193,   1.682227, 0.039478,
 0,x_unit, 78.886894, 1.645166, 3.273413, 1.628247,   1.649194, 1.840942, 0.191748,   1.689478, 0.036255,
 0,x_unit, 78.912580, 1.645166, 3.194458, 1.549292,   1.649194, 1.820801, 0.171606,   1.687060, 0.039478,
 0,x_unit, 78.938360, 1.647583, 2.989014, 1.341431,   1.649194, 1.824023, 0.174829,   1.683838, 0.038672,
 0,x_unit, 78.964149, 1.650000, 2.724756, 1.074756,   1.647583, 1.770850, 0.123267,   1.685449, 0.040283,
 0,x_unit, 78.989916, 1.647583, 2.475806, 0.828223,   1.647583, 1.761987, 0.114404,   1.683838, 0.037866,
 0,x_unit, 79.015583, 1.649194, 2.233301, 0.584106,   1.645972, 1.708813, 0.062842,   1.686255, 0.037866,
 0,x_unit, 79.041355, 1.648389, 2.043970, 0.395581,   1.645972, 1.683032, 0.037060,   1.685449, 0.038672,
 0,x_unit, 79.067137, 1.650000, 1.832886, 0.182886,   1.649194, 1.665308, 0.016113,   1.683838, 0.039478,
 0,x_unit, 79.092812, 1.649194, 1.685449, 0.036255,   1.650000, 1.627441, -0.022559,   1.683838, 0.037866,
 0,x_unit, 79.118946, 1.654834, 1.595215, -0.059619,   1.647583, 1.633887, -0.013696,   1.685449, 0.038672,
 0,x_unit, 79.145162, 1.649194, 1.587158, -0.062036,   1.652417, 1.621802, -0.030615,   1.683032, 0.037866,
 0,x_unit, 79.171423, 1.649194, 1.691895, 0.042700,   1.650000, 1.649194, -0.000806,   1.683838, 0.037866,
 0,x_unit, 79.197591, 1.665308, 1.873169, 0.207861,   1.664502, 1.690283, 0.025781,   1.685449, 0.051562,
 0,x_unit, 79.223356, 1.660474, 2.097949, 0.437476,   1.665308, 1.706396, 0.041089,   1.691895, 0.053979,
 0,x_unit, 79.248362, 1.658862, 2.329175, 0.670313,   1.662891, 1.736206, 0.073316,   1.694311, 0.046729,
 0,x_unit, 79.274137, 1.657251, 2.595850, 0.938599,   1.664502, 1.766016, 0.101514,   1.695117, 0.053979,
 0,x_unit, 79.299922, 1.658862, 2.841577, 1.182715,   1.662891, 1.799853, 0.136963,   1.690283, 0.049951,
 0,x_unit, 79.325690, 1.664502, 3.088110, 1.423608,   1.664502, 1.824023, 0.159521,   1.691089, 0.052368,
 0,x_unit, 79.351349, 1.662891, 3.234741, 1.571851,   1.662085, 1.836108, 0.174023,   1.695923, 0.051562,
 0,x_unit, 79.377026, 1.661279, 3.291943, 1.630664,   1.658057, 1.836108, 0.178052,   1.691895, 0.050757,
 0,x_unit, 79.402801, 1.664502, 3.285498, 1.620996,   1.658862, 1.853833, 0.194971,   1.687866, 0.053979,
 0,x_unit, 79.428595, 1.658862, 3.235547, 1.576685,   1.661279, 1.818384, 0.157104,   1.691089, 0.054785,
 0,x_unit, 79.454364, 1.661279, 3.092139, 1.430859,   1.654834, 1.824023, 0.169189,   1.690283, 0.052368,
 0,x_unit, 79.480020, 1.656445, 2.841577, 1.185132,   1.661279, 1.786157, 0.124878,   1.691895, 0.051562,
 0,x_unit, 79.505697, 1.649194, 2.632104, 0.982910,   1.647583, 1.777295, 0.129712,   1.683838, 0.037866,
 0,x_unit, 79.531452, 1.644360, 2.350928, 0.706567,   1.645972, 1.737817, 0.091846,   1.683838, 0.035449,
 0,x_unit, 79.557364, 1.647583, 2.184155, 0.536572,   1.649194, 1.708008, 0.058813,   1.687866, 0.038672,
 0,x_unit, 79.583051, 1.650000, 1.909424, 0.259424,   1.649194, 1.681421, 0.032227,   1.687060, 0.037866,
 0,x_unit, 79.608687, 1.647583, 1.764404, 0.116821,   1.649194, 1.649194, 0.000000,   1.685449, 0.039478,
 0,x_unit, 79.634452, 1.649194, 1.611328, -0.037866,   1.649194, 1.643555, -0.005640,   1.686255, 0.040283,
 0,x_unit, 79.660727, 1.650000, 1.586352, -0.063648,   1.649194, 1.625024, -0.024170,   1.687866, 0.040283,
 0,x_unit, 79.686929, 1.648389, 1.643555, -0.004834,   1.645972, 1.640332, -0.005640,   1.683838, 0.037866,
 0,x_unit, 79.713134, 1.648389, 1.780518, 0.132129,   1.650000, 1.657251, 0.007251,   1.685449, 0.038672,
 0,x_unit, 79.738921, 1.649194, 2.005298, 0.356104,   1.652417, 1.662891, 0.010474,   1.686255, 0.037866,
 0,x_unit, 79.764705, 1.650806, 2.234106, 0.583301,   1.650000, 1.715259, 0.065259,   1.687866, 0.037866,
 0,x_unit, 79.790423, 1.650000, 2.504004, 0.854004,   1.652417, 1.747485, 0.095068,   1.687060, 0.039478,
 0,x_unit, 79.816029, 1.654834, 2.740063, 1.085230,   1.654028, 1.785352, 0.131323,   1.685449, 0.039478,
 0,x_unit, 79.841807, 1.670142, 2.993848, 1.323706,   1.662891, 1.782935, 0.120044,   1.689478, 0.050757,
 0,x_unit, 79.867593, 1.662085, 3.192041, 1.529956,   1.666919, 1.832080, 0.165161,   1.687866, 0.053979,
 0,x_unit, 79.893360, 1.665308, 3.287109, 1.621802,   1.660474, 1.859473, 0.198999,   1.691895, 0.053979,
 0,x_unit, 79.919143, 1.662891, 3.288721, 1.625830,   1.664502, 1.832080, 0.167578,   1.689478, 0.054785,
 0,x_unit, 79.944818, 1.662891, 3.266162, 1.603272,   1.662085, 1.838525, 0.176440,   1.687060, 0.053979,
 0,x_unit, 79.970595, 1.662085, 3.152563, 1.490478,   1.658862, 1.832080, 0.173218,   1.693506, 0.052368,
 0,x_unit, 79.996240, 1.662085, 2.956787, 1.294702,   1.657251, 1.809521, 0.152270,   1.693506, 0.055591,
 0,x_unit, 80.022018, 1.662085, 2.727978, 1.065894,   1.658862, 1.784546, 0.125684,   1.691895, 0.053979,
 0,x_unit, 80.047675, 1.662085, 2.453247, 0.791162,   1.657251, 1.741040, 0.083789,   1.695923, 0.049951,
 0,x_unit, 80.073497, 1.660474, 2.229272, 0.568799,   1.660474, 1.716870, 0.056396,   1.689478, 0.051562,
 0,x_unit, 80.099239, 1.660474, 1.959375, 0.298901,   1.657251, 1.679810, 0.022559,   1.687866, 0.054785,
 0,x_unit, 80.125021, 1.654028, 1.799048, 0.145020,   1.658057, 1.674976, 0.016919,   1.695923, 0.048340,
 0,x_unit, 80.150691, 1.645972, 1.654834, 0.008862,   1.645972, 1.647583, 0.001611,   1.683838, 0.034644,
 0,x_unit, 80.176360, 1.645972, 1.590381, -0.055591,   1.641943, 1.629053, -0.012891,   1.683032, 0.037866,
 0,x_unit, 80.202623, 1.644360, 1.604883, -0.039477,   1.647583, 1.658057, 0.010474,   1.683032, 0.039478,
 0,x_unit, 80.228613, 1.645972, 1.691895, 0.045923,   1.648389, 1.633081, -0.015308,   1.686255, 0.039478,
 0,x_unit, 80.254721, 1.647583, 1.906201, 0.258618,   1.648389, 1.660474, 0.012085,   1.687866, 0.037866,
 0,x_unit, 80.280363, 1.650806, 2.130176, 0.479370,   1.649194, 1.704785, 0.055591,   1.683838, 0.041895,
 0,x_unit, 80.306142, 1.650806, 2.407324, 0.756518,   1.649194, 1.736206, 0.087012,   1.682227, 0.038672,
 0,x_unit, 80.331925, 1.654028, 2.615991, 0.961963,   1.649194, 1.757959, 0.108765,   1.682227, 0.038672,
 0,x_unit, 80.357706, 1.652417, 2.885083, 1.232666,   1.652417, 1.762793, 0.110376,   1.686255, 0.036255,
 0,x_unit, 80.383360, 1.650806, 3.126782, 1.475977,   1.653223, 1.822412, 0.169189,   1.682227, 0.038672,
 0,x_unit, 80.409027, 1.654834, 3.289526, 1.634692,   1.648389, 1.832080, 0.183691,   1.683032, 0.040283,
 0,x_unit, 80.434819, 1.654028, 3.287915, 1.633887,   1.652417, 1.835303, 0.182886,   1.689478, 0.036255,
 0,x_unit, 80.460602, 1.654834, 3.291943, 1.637109,   1.658862, 1.828857, 0.169995,   1.694311, 0.052368,
 0,x_unit, 80.486280, 1.665308, 3.204931, 1.539624,   1.666919, 1.828857, 0.161939,   1.691089, 0.050757,
 0,x_unit, 80.511926, 1.662085, 3.057495, 1.395410,   1.662891, 1.813550, 0.150659,   1.691089, 0.051562,
 0,x_unit, 80.538029, 1.664502, 2.823047, 1.158545,   1.662085, 1.793408, 0.131323,   1.686255, 0.053979,
 0,x_unit, 80.563957, 1.660474, 2.537036, 0.876563,   1.657251, 1.739429, 0.082178,   1.691895, 0.051562,
 0,x_unit, 80.589687, 1.662085, 2.334814, 0.672729,   1.662085, 1.741846, 0.079761,   1.691089, 0.050757,
 0,x_unit, 80.615361, 1.654834, 2.052832, 0.397998,   1.657251, 1.697534, 0.040283,   1.690283, 0.050757,
 0,x_unit, 80.641029, 1.657251, 1.889282, 0.232031,   1.660474, 1.673364, 0.012891,   1.690283, 0.052368,
 0,x_unit, 80.666816, 1.658862, 1.720898, 0.062036,   1.657251, 1.670142, 0.012891,   1.694311, 0.051562,
 0,x_unit, 80.692501, 1.657251, 1.621802, -0.035449,   1.654028, 1.623413, -0.030615,   1.693506, 0.051562,
 0,x_unit, 80.718819, 1.660474, 1.589575, -0.070898,   1.656445, 1.647583, -0.008862,   1.691895, 0.051562,
 0,x_unit, 80.744949, 1.656445, 1.673364, 0.016919,   1.658862, 1.641138, -0.017725,   1.689478, 0.052368,
 0,x_unit, 80.770934, 1.658862, 1.847388, 0.188525,   1.662085, 1.674976, 0.012891,   1.686255, 0.049951,
 0,x_unit, 80.796683, 1.650806, 2.009326, 0.358521,   1.649194, 1.691895, 0.042700,   1.687866, 0.042700,
 0,x_unit, 80.822463, 1.641943, 2.317895, 0.675952,   1.647583, 1.706396, 0.058813,   1.686255, 0.039478,
 0,x_unit, 80.848142, 1.647583, 2.524951, 0.877368,   1.647583, 1.749902, 0.102319,   1.685449, 0.034644,
 0,x_unit, 80.873938, 1.649194, 2.807739, 1.158545,   1.652417, 1.785352, 0.132935,   1.683032, 0.040283,
 0,x_unit, 80.899689, 1.653223, 3.024463, 1.371240,   1.652417, 1.820801, 0.168384,   1.685449, 0.036255,
 0,x_unit, 80.925465, 1.653223, 3.226685, 1.573462,   1.650000, 1.828052, 0.178052,   1.691895, 0.037866,
 0,x_unit, 80.951142, 1.654834, 3.291943, 1.637109,   1.648389, 1.845776, 0.197388,   1.681421, 0.040283,
 0,x_unit, 80.976927, 1.652417, 3.289526, 1.637109,   1.648389, 1.836914, 0.188525,   1.683838, 0.037866,
 0,x_unit, 81.002591, 1.654834, 3.252466, 1.597632,   1.650000, 1.838525, 0.188525,   1.687060, 0.038672,
 0,x_unit, 81.028375, 1.649194, 3.113892, 1.464697,   1.650000, 1.789380, 0.139380,   1.683838, 0.037866,
 0,x_unit, 81.054153, 1.649194, 2.935034, 1.285840,   1.654028, 1.811938, 0.157910,   1.683838, 0.039478,
 0,x_unit, 81.079811, 1.648389, 2.665137, 1.016748,   1.650806, 1.736206, 0.085400,   1.687060, 0.039478,
 0,x_unit, 81.105596, 1.665308, 2.434717, 0.769409,   1.660474, 1.747485, 0.087012,   1.691089, 0.051562,
 0,x_unit, 81.131365, 1.665308, 2.180127, 0.514819,   1.662085, 1.672559, 0.010474,   1.691895, 0.050757,
 0,x_unit, 81.157160, 1.662085, 1.971460, 0.309375,   1.658057, 1.666919, 0.008862,   1.691895, 0.050757,
 0,x_unit, 81.182814, 1.662085, 1.790186, 0.128101,   1.658862, 1.660474, 0.001611,   1.687060, 0.051562,
 0,x_unit, 81.208464, 1.661279, 1.645166, -0.016113,   1.661279, 1.635498, -0.025781,   1.693506, 0.051562,
 0,x_unit, 81.234846, 1.661279, 1.586352, -0.074927,   1.658057, 1.637109, -0.020947,   1.689478, 0.051562,
 0,x_unit, 81.260718, 1.662085, 1.641943, -0.020142,   1.654028, 1.654834, 0.000806,   1.691089, 0.052368,
 0,x_unit, 81.286715, 1.661279, 1.772461, 0.111182,   1.662085, 1.664502, 0.002417,   1.687866, 0.049951,
 0,x_unit, 81.312361, 1.662085, 1.951318, 0.289233,   1.662085, 1.690283, 0.028198,   1.691895, 0.053979,
 0,x_unit, 81.338147, 1.658862, 2.197046, 0.538184,   1.654834, 1.720898, 0.066064,   1.683838, 0.048340,
 0,x_unit, 81.363940, 1.658057, 2.466943, 0.808887,   1.660474, 1.726538, 0.066064,   1.693506, 0.052368,
 0,x_unit, 81.389632, 1.662085, 2.706226, 1.044141,   1.654834, 1.780518, 0.125684,   1.693506, 0.053979,
 0,x_unit, 81.415264, 1.664502, 2.943897, 1.279395,   1.662085, 1.805493, 0.143408,   1.691895, 0.053979,
 0,x_unit, 81.441035, 1.647583, 3.169482, 1.521899,   1.645972, 1.811938, 0.165967,   1.685449, 0.036255,
 0,x_unit, 81.466816, 1.650806, 3.287915, 1.637109,   1.645972, 1.819189, 0.173218,   1.687060, 0.037866,
 0,x_unit, 81.492598, 1.650806, 3.285498, 1.634692,   1.649194, 1.820801, 0.171606,   1.687060, 0.039478,
 0,x_unit, 81.518372, 1.657251, 3.266968, 1.609717,   1.653223, 1.835303, 0.182080,   1.689478, 0.044312,
 0,x_unit, 81.544041, 1.650000, 3.125977, 1.475977,   1.650000, 1.805493, 0.155493,   1.683838, 0.037866,
 0,x_unit, 81.569936, 1.647583, 2.905225, 1.257642,   1.649194, 1.795020, 0.145825,   1.683838, 0.037866,
 0,x_unit, 81.595594, 1.650000, 2.683667, 1.033667,   1.648389, 1.737012, 0.088623,   1.685449, 0.040283,
 0,x_unit, 81.621367, 1.654834, 2.424243, 0.769409,   1.650806, 1.737817, 0.087012,   1.687866, 0.043506,
 0,x_unit, 81.647024, 1.652417, 2.152734, 0.500317,   1.650806, 1.697534, 0.046729,   1.682227, 0.038672,
 0,x_unit, 81.672836, 1.650806, 1.911035, 0.260230,   1.650000, 1.664502, 0.014502,   1.687060, 0.040283,
 0,x_unit, 81.698585, 1.645972, 1.751514, 0.105542,   1.649194, 1.644360, -0.004834,   1.683838, 0.035449,
 0,x_unit, 81.724617, 1.654028, 1.624219, -0.029810,   1.656445, 1.662085, 0.005640,   1.687060, 0.040283,
 0,x_unit, 81.750707, 1.664502, 1.600855, -0.063647,   1.658862, 1.611328, -0.047534,   1.691895, 0.055591,
 0,x_unit, 81.776830, 1.666113, 1.691895, 0.025781,   1.662085, 1.662085, 0.000000,   1.698340, 0.050757,
 0,x_unit, 81.802608, 1.660474, 1.892505, 0.232031,   1.661279, 1.690283, 0.029004,   1.691895, 0.051562,
 0,x_unit, 81.828473, 1.664502, 2.092309, 0.427808,   1.664502, 1.695923, 0.031421,   1.687866, 0.049951,
 0,x_unit, 81.854266, 1.662085, 2.379932, 0.717847,   1.662085, 1.741040, 0.078955,   1.691895, 0.048340,
 0,x_unit, 81.879953, 1.664502, 2.619214, 0.954712,   1.662891, 1.765210, 0.102319,   1.691895, 0.051562,
 0,x_unit, 81.905701, 1.664502, 2.868970, 1.204468,   1.658862, 1.766016, 0.107153,   1.693506, 0.052368,
 0,x_unit, 81.931499, 1.662085, 3.084082, 1.421997,   1.665308, 1.822412, 0.157104,   1.689478, 0.054785,
 0,x_unit, 81.957268, 1.658862, 3.267773, 1.608911,   1.662891, 1.840137, 0.177246,   1.689478, 0.055591,
 0,x_unit, 81.982940, 1.662085, 3.287915, 1.625830,   1.660474, 1.848999, 0.188525,   1.691895, 0.047534,
 0,x_unit, 82.008606, 1.662085, 3.260522, 1.598437,   1.662891, 1.840137, 0.177246,   1.690283, 0.050757,
 0,x_unit, 82.034371, 1.658862, 3.205737, 1.546875,   1.656445, 1.824023, 0.167578,   1.694311, 0.053979,
 0,x_unit, 82.060161, 1.657251, 2.999487, 1.342236,   1.658057, 1.793408, 0.135352,   1.691089, 0.044312,
 0,x_unit, 82.085871, 1.647583, 2.750537, 1.102954,   1.649194, 1.765210, 0.116016,   1.683032, 0.035449,
 0,x_unit, 82.111485, 1.645166, 2.482251, 0.837085,   1.647583, 1.741846, 0.094263,   1.685449, 0.037866,
 0,x_unit, 82.137286, 1.650000, 2.258276, 0.608276,   1.645166, 1.720898, 0.075732,   1.687060, 0.039478,
 0,x_unit, 82.163162, 1.650000, 2.006909, 0.356909,   1.648389, 1.676587, 0.028198,   1.687866, 0.039478,
 0,x_unit, 82.188939, 1.643555, 1.807910, 0.164355,   1.647583, 1.657251, 0.009668,   1.681421, 0.037866,
 0,x_unit, 82.214595, 1.647583, 1.694311, 0.046728,   1.648389, 1.660474, 0.012085,   1.685449, 0.037866,
 0,x_unit, 82.240250, 1.649194, 1.618579, -0.030615,   1.648389, 1.633081, -0.015308,   1.677393, 0.038672,
 0,x_unit, 82.266511, 1.649194, 1.670142, 0.020947,   1.648389, 1.643555, -0.004834,   1.683838, 0.035449,
 0,x_unit, 82.292501, 1.650000, 1.787768, 0.137769,   1.647583, 1.650000, 0.002417,   1.683032, 0.041895,
 0,x_unit, 82.318267, 1.652417, 1.996436, 0.344019,   1.650806, 1.682227, 0.031421,   1.683032, 0.037866,
 0,x_unit, 82.343934, 1.649194, 2.230078, 0.580884,   1.652417, 1.708008, 0.055591,   1.687060, 0.040283,
 0,x_unit, 82.369710, 1.654028, 2.507226, 0.853198,   1.652417, 1.752319, 0.099902,   1.686255, 0.038672,
 0,x_unit, 82.395368, 1.668530, 2.756177, 1.087646,   1.668530, 1.778101, 0.109570,   1.691895, 0.048340,
 0,x_unit, 82.421042, 1.664502, 2.994653, 1.330151,   1.666919, 1.810327, 0.143408,   1.691895, 0.052368,
 0,x_unit, 82.446699, 1.661279, 3.197681, 1.536401,   1.664502, 1.838525, 0.174024,   1.691895, 0.050757,
 0,x_unit, 82.472464, 1.664502, 3.287915, 1.623413,   1.666113, 1.841748, 0.175635,   1.693506, 0.050757,
 0,x_unit, 82.498255, 1.664502, 3.288721, 1.624219,   1.661279, 1.840942, 0.179663,   1.690283, 0.051562,
 0,x_unit, 82.524043, 1.662085, 3.223462, 1.561377,   1.662085, 1.834497, 0.172412,   1.689478, 0.049951,
 0,x_unit, 82.549827, 1.660474, 3.076831, 1.416358,   1.664502, 1.816772, 0.152271,   1.691895, 0.047534,
 0,x_unit, 82.575714, 1.656445, 2.895557, 1.239111,   1.662085, 1.778906, 0.116821,   1.691895, 0.050757,
 0,x_unit, 82.601368, 1.662085, 2.610352, 0.948267,   1.658862, 1.752319, 0.093457,   1.691895, 0.051562,
 0,x_unit, 82.627150, 1.661279, 2.363818, 0.702539,   1.657251, 1.728149, 0.070898,   1.691895, 0.051562,
 0,x_unit, 82.652938, 1.661279, 2.118091, 0.456812,   1.658057, 1.699145, 0.041089,   1.693506, 0.050757,
 0,x_unit, 82.678599, 1.658057, 1.898950, 0.240894,   1.656445, 1.660474, 0.004028,   1.695923, 0.052368,
 0,x_unit, 82.704370, 1.654028, 1.753931, 0.099902,   1.660474, 1.664502, 0.004028,   1.689478, 0.052368,
 0,x_unit, 82.730164, 1.645166, 1.600049, -0.045117,   1.645972, 1.640332, -0.005640,   1.685449, 0.036255,
 0,x_unit, 82.756388, 1.644360, 1.627441, -0.016919,   1.643555, 1.645166, 0.001611,   1.683838, 0.037866,
 0,x_unit, 82.782401, 1.647583, 1.732178, 0.084595,   1.649194, 1.640332, -0.008862,   1.686255, 0.039478,
 0,x_unit, 82.808373, 1.645166, 1.886060, 0.240893,   1.645166, 1.676587, 0.031421,   1.683838, 0.037866,
 0,x_unit, 82.834154, 1.650806, 2.131787, 0.480981,   1.652417, 1.691895, 0.039478,   1.687060, 0.039478,
 0,x_unit, 82.859955, 1.650806, 2.397656, 0.746851,   1.648389, 1.735400, 0.087012,   1.685449, 0.039478,
 0,x_unit, 82.885653, 1.650000, 2.645801, 0.995801,   1.653223, 1.782935, 0.129712,   1.685449, 0.037866,
 0,x_unit, 82.911379, 1.654028, 2.891528, 1.237500,   1.654028, 1.766821, 0.112793,   1.685449, 0.039478,
 0,x_unit, 82.937156, 1.654834, 3.113892, 1.459058,   1.653223, 1.835303, 0.182080,   1.686255, 0.037866,
 0,x_unit, 82.962942, 1.654834, 3.258106, 1.603272,   1.650806, 1.834497, 0.183692,   1.683838, 0.039478,
 0,x_unit, 82.988714, 1.654028, 3.285498, 1.631470,   1.653223, 1.836108, 0.182886,   1.681421, 0.037866,
 0,x_unit, 83.014383, 1.653223, 3.287915, 1.634692,   1.653223, 1.836108, 0.182886,   1.686255, 0.037866,
 0,x_unit, 83.040157, 1.666113, 3.154980, 1.488867,   1.668530, 1.832886, 0.164356,   1.691089, 0.048340,
 0,x_unit, 83.065941, 1.660474, 2.916504, 1.256030,   1.669336, 1.776489, 0.107153,   1.691895, 0.048340,
 0,x_unit, 83.091716, 1.658862, 2.704614, 1.045752,   1.664502, 1.770044, 0.105542,   1.691895, 0.054785,
 0,x_unit, 83.117468, 1.662085, 2.446802, 0.784717,   1.662085, 1.732178, 0.070093,   1.687060, 0.052368,
 0,x_unit, 83.143154, 1.662085, 2.197046, 0.534961,   1.662085, 1.687866, 0.025781,   1.694311, 0.051562,
 0,x_unit, 83.168938, 1.661279, 1.988379, 0.327100,   1.662085, 1.681421, 0.019336,   1.691895, 0.049951,
 0,x_unit, 83.194716, 1.662085, 1.769238, 0.107153,   1.662085, 1.662085, 0.000000,   1.693506, 0.050757,
 0,x_unit, 83.220369, 1.658057, 1.654028, -0.004028,   1.657251, 1.650000, -0.007251,   1.691089, 0.049951,
 0,x_unit, 83.246392, 1.658057, 1.625024, -0.033032,   1.658057, 1.657251, -0.000806,   1.689478, 0.053979,
 0,x_unit, 83.272745, 1.657251, 1.693506, 0.036255,   1.657251, 1.677393, 0.020142,   1.693506, 0.047534,
 0,x_unit, 83.298476, 1.657251, 1.839331, 0.182080,   1.654834, 1.690283, 0.035449,   1.691895, 0.049951,
 0,x_unit, 83.324258, 1.654028, 2.063306, 0.409277,   1.654028, 1.695923, 0.041895,   1.695117, 0.051562,
 0,x_unit, 83.349931, 1.645972, 2.297754, 0.651782,   1.641138, 1.732178, 0.091040,   1.683838, 0.037866,
 0,x_unit, 83.375717, 1.650000, 2.552344, 0.902344,   1.648389, 1.743457, 0.095068,   1.685449, 0.036255,
 0,x_unit, 83.401500, 1.650000, 2.798071, 1.148071,   1.647583, 1.784546, 0.136963,   1.683838, 0.039478,
 0,x_unit, 83.427258, 1.652417, 3.034936, 1.382519,   1.647583, 1.816772, 0.169189,   1.687060, 0.037866,
 0,x_unit, 83.453048, 1.654028, 3.229907, 1.575879,   1.652417, 1.835303, 0.182886,   1.687060, 0.036255,
 0,x_unit, 83.478711, 1.648389, 3.291138, 1.642749,   1.653223, 1.853027, 0.199805,   1.685449, 0.038672,
 0,x_unit, 83.504368, 1.650806, 3.291943, 1.641138,   1.650806, 1.848193, 0.197388,   1.683032, 0.035449,
 0,x_unit, 83.530164, 1.654834, 3.205737, 1.550903,   1.650806, 1.824829, 0.174024,   1.681421, 0.039478,
 0,x_unit, 83.556050, 1.650806, 3.038159, 1.387354,   1.650806, 1.824023, 0.173218,   1.683838, 0.038672,
 0,x_unit, 83.581738, 1.650806, 2.802099, 1.151294,   1.652417, 1.751514, 0.099097,   1.683838, 0.038672,
 0,x_unit, 83.607372, 1.653223, 2.541065, 0.887842,   1.650000, 1.743457, 0.093457,   1.683032, 0.042700,
 0,x_unit, 83.633158, 1.650000, 2.245386, 0.595386,   1.647583, 1.712842, 0.065259,   1.683838, 0.039478,
 0,x_unit, 83.658948, 1.650000, 2.051221, 0.401221,   1.649194, 1.687060, 0.037866,   1.686255, 0.040283,
 0,x_unit, 83.684655, 1.658057, 1.859473, 0.201416,   1.662891, 1.669336, 0.006445,   1.689478, 0.050757,
 0,x_unit, 83.710307, 1.662085, 1.720898, 0.058813,   1.662085, 1.653223, -0.008862,   1.694311, 0.055591,
 0,x_unit, 83.736377, 1.662085, 1.662085, 0.000000,   1.658862, 1.640332, -0.018530,   1.691895, 0.047534,
 0,x_unit, 83.762385, 1.661279, 1.647583, -0.013696,   1.660474, 1.637915, -0.022559,   1.697534, 0.052368,
 0,x_unit, 83.788720, 1.662891, 1.799853, 0.136963,   1.658862, 1.647583, -0.011279,   1.690283, 0.054785,
 0,x_unit, 83.814620, 1.662085, 1.994019, 0.331934,   1.662891, 1.691895, 0.029004,   1.691895, 0.055591,
 0,x_unit, 83.840291, 1.658862, 2.249414, 0.590552,   1.660474, 1.720093, 0.059619,   1.693506, 0.053979,
 0,x_unit, 83.866050, 1.656445, 2.520117, 0.863672,   1.658862, 1.762793, 0.103931,   1.691895, 0.051562,
 0,x_unit, 83.891764, 1.662085, 2.766650, 1.104566,   1.658862, 1.778906, 0.120044,   1.694311, 0.053979,
 0,x_unit, 83.917484, 1.662085, 3.050244, 1.388159,   1.658862, 1.803882, 0.145020,   1.691895, 0.055591,
 0,x_unit, 83.943156, 1.664502, 3.206543, 1.542041,   1.658862, 1.815161, 0.156299,   1.693506, 0.051562,
 0,x_unit, 83.968946, 1.662085, 3.291138, 1.629053,   1.661279, 1.851416, 0.190137,   1.691089, 0.046729,
 0,x_unit, 83.994713, 1.647583, 3.270190, 1.622607,   1.650000, 1.834497, 0.184497,   1.683838, 0.040283,
 0,x_unit, 84.020373, 1.650000, 3.183179, 1.533179,   1.645972, 1.824023, 0.178052,   1.686255, 0.039478,
 0,x_unit, 84.046044, 1.648389, 3.001904, 1.353516,   1.645166, 1.791797, 0.146631,   1.687060, 0.038672,
 0,x_unit, 84.071814, 1.650806, 2.749731, 1.098926,   1.650000, 1.782129, 0.132129,   1.683032, 0.035449,
 0,x_unit, 84.097610, 1.649194, 2.474194, 0.825000,   1.649194, 1.743457, 0.094263,   1.685449, 0.040283,
 0,x_unit, 84.123499, 1.647583, 2.231689, 0.584106,   1.650000, 1.716870, 0.066870,   1.683838, 0.037866,
 0,x_unit, 84.149157, 1.650000, 2.001270, 0.351270,   1.648389, 1.706396, 0.058008,   1.685449, 0.039478,
 0,x_unit, 84.175039, 1.653223, 1.819189, 0.165967,   1.650000, 1.654834, 0.004834,   1.683838, 0.037866,
 0,x_unit, 84.200837, 1.648389, 1.691895, 0.043506,   1.648389, 1.618579, -0.029810,   1.685449, 0.039478,
 0,x_unit, 84.226851, 1.650806, 1.661279, 0.010474,   1.650000, 1.633887, -0.016113,   1.687060, 0.037866,
 0,x_unit, 84.252947, 1.649194, 1.744263, 0.095068,   1.650000, 1.662085, 0.012085,   1.683838, 0.037866,
 0,x_unit, 84.278606, 1.650000, 1.919897, 0.269897,   1.652417, 1.670142, 0.017725,   1.682227, 0.037866,
 0,x_unit, 84.304381, 1.664502, 2.156763, 0.492261,   1.662085, 1.711230, 0.049145,   1.689478, 0.054785,
 0,x_unit, 84.330161, 1.664502, 2.424243, 0.759741,   1.664502, 1.735400, 0.070898,   1.689478, 0.052368,
 0,x_unit, 84.355957, 1.662891, 2.671582, 1.008691,   1.664502, 1.794214, 0.129712,   1.689478, 0.052368,
 0,x_unit, 84.381724, 1.664502, 2.915698, 1.251196,   1.666919, 1.803882, 0.136963,   1.689478, 0.054785,
 0,x_unit, 84.407372, 1.662085, 3.134033, 1.471948,   1.666113, 1.795020, 0.128906,   1.691895, 0.055591,
 0,x_unit, 84.433161, 1.658057, 3.279858, 1.621802,   1.662891, 1.831274, 0.168384,   1.691895, 0.053979,
 0,x_unit, 84.458946, 1.660474, 3.283887, 1.623413,   1.666113, 1.832080, 0.165967,   1.690283, 0.050757,
 0,x_unit, 84.484662, 1.656445, 3.231519, 1.575073,   1.666113, 1.835303, 0.169189,   1.691089, 0.049951,
 0,x_unit, 84.510382, 1.656445, 3.088110, 1.431665,   1.662085, 1.814355, 0.152271,   1.694311, 0.051562,
 0,x_unit, 84.536163, 1.660474, 2.856885, 1.196411,   1.656445, 1.795020, 0.138574,   1.694311, 0.050757,
 0,x_unit, 84.562082, 1.662085, 2.591016, 0.928931,   1.657251, 1.756348, 0.099097,   1.693506, 0.052368,
 0,x_unit, 84.587818, 1.658862, 2.363013, 0.704150,   1.661279, 1.755542, 0.094263,   1.691089, 0.051562,
 0,x_unit, 84.613504, 1.658057, 2.104394, 0.446338,   1.660474, 1.691895, 0.031421,   1.691895, 0.053979,
 0,x_unit, 84.639268, 1.643555, 1.864307, 0.220752,   1.640332, 1.654834, 0.014502,   1.683838, 0.037866,
 0,x_unit, 84.665055, 1.648389, 1.728149, 0.079761,   1.645166, 1.650806, 0.005640,   1.682227, 0.037866,
 0,x_unit, 84.690797, 1.647583, 1.683838, 0.036255,   1.648389, 1.620190, -0.028198,   1.687866, 0.038672,
 0,x_unit, 84.716813, 1.647583, 1.683838, 0.036255,   1.647583, 1.641943, -0.005640,   1.682227, 0.039478,
 0,x_unit, 84.742829, 1.649194, 1.818384, 0.169189,   1.649194, 1.648389, -0.000806,   1.683032, 0.036255,
 0,x_unit, 84.768959, 1.645972, 2.023828, 0.377856,   1.650806, 1.691089, 0.040283,   1.686255, 0.037866,
 0,x_unit, 84.794722, 1.645972, 2.272778, 0.626807,   1.647583, 1.716870, 0.069287,   1.682227, 0.034644,
 0,x_unit, 84.820378, 1.652417, 2.516089, 0.863672,   1.652417, 1.756348, 0.103931,   1.683032, 0.040283,
 0,x_unit, 84.845945, 1.654028, 2.781152, 1.127124,   1.649194, 1.772461, 0.123267,   1.678198, 0.037866,
 0,x_unit, 84.871709, 1.647583, 3.042187, 1.394604,   1.653223, 1.819189, 0.165967,   1.685449, 0.039478,
 0,x_unit, 84.897469, 1.652417, 3.219434, 1.567017,   1.652417, 1.836914, 0.184497,   1.683838, 0.039478,
 0,x_unit, 84.923269, 1.657251, 3.287915, 1.630664,   1.654834, 1.834497, 0.179663,   1.690283, 0.037866,
 0,x_unit, 84.948944, 1.668530, 3.291138, 1.622607,   1.664502, 1.841748, 0.177246,   1.691089, 0.052368,
 0,x_unit, 84.974717, 1.666113, 3.179150, 1.513037,   1.665308, 1.824023, 0.158716,   1.691895, 0.049951,
 0,x_unit, 85.000389, 1.664502, 2.972900, 1.308398,   1.665308, 1.798242, 0.132935,   1.687866, 0.050757,
 0,x_unit, 85.026169, 1.658862, 2.731201, 1.072339,   1.658862, 1.780518, 0.121655,   1.691895, 0.051562,
 0,x_unit, 85.051834, 1.662085, 2.450830, 0.788745,   1.661279, 1.757959, 0.096680,   1.691895, 0.051562,
 0,x_unit, 85.077617, 1.661279, 2.205102, 0.543823,   1.661279, 1.722510, 0.061230,   1.691895, 0.047534,
 0,x_unit, 85.103382, 1.657251, 1.986768, 0.329517,   1.653223, 1.695923, 0.042700,   1.687866, 0.049951,
 0,x_unit, 85.129166, 1.658057, 1.816772, 0.158716,   1.657251, 1.656445, -0.000806,   1.691895, 0.046729,
 0,x_unit, 85.155305, 1.658862, 1.722510, 0.063648,   1.660474, 1.654028, -0.006445,   1.689478, 0.051562,
 0,x_unit, 85.181300, 1.660474, 1.710425, 0.049951,   1.657251, 1.654028, -0.003223,   1.691089, 0.054785,
 0,x_unit, 85.207382, 1.656445, 1.753125, 0.096680,   1.658862, 1.647583, -0.011279,   1.697534, 0.052368,
 0,x_unit, 85.233506, 1.660474, 1.942456, 0.281982,   1.660474, 1.668530, 0.008057,   1.690283, 0.051562,
 0,x_unit, 85.259285, 1.660474, 2.183350, 0.522876,   1.658057, 1.711230, 0.053174,   1.690283, 0.044312,
 0,x_unit, 85.284996, 1.644360, 2.430688, 0.786328,   1.641138, 1.741846, 0.100708,   1.683838, 0.039478,
 0,x_unit, 85.310735, 1.648389, 2.698169, 1.049780,   1.650000, 1.789380, 0.139380,   1.687866, 0.035449,
 0,x_unit, 85.336480, 1.650000, 2.945508, 1.295508,   1.652417, 1.828052, 0.175635,   1.683838, 0.040283,
 0,x_unit, 85.362267, 1.652417, 3.146118, 1.493701,   1.653223, 1.789380, 0.136157,   1.682227, 0.037866,
 0,x_unit, 85.388046, 1.649194, 3.289526, 1.640332,   1.654028, 1.835303, 0.181274,   1.685449, 0.033838,
 0,x_unit, 85.413755, 1.654028, 3.287915, 1.633887,   1.654028, 1.824023, 0.169995,   1.687060, 0.037866,
 0,x_unit, 85.439505, 1.649194, 3.233936, 1.584741,   1.654028, 1.824023, 0.169995,   1.686255, 0.039478,
 0,x_unit, 85.465273, 1.650806, 3.042993, 1.392187,   1.649194, 1.824023, 0.174829,   1.678198, 0.036255,
 0,x_unit, 85.490960, 1.654028, 2.806128, 1.152099,   1.650806, 1.778101, 0.127295,   1.683032, 0.039478,
 0,x_unit, 85.516698, 1.650000, 2.567651, 0.917651,   1.652417, 1.743457, 0.091040,   1.682227, 0.039478,
 0,x_unit, 85.542381, 1.650806, 2.308228, 0.657422,   1.652417, 1.719287, 0.066870,   1.683032, 0.033838,
 0,x_unit, 85.568275, 1.650806, 2.080225, 0.429419,   1.649194, 1.708008, 0.058813,   1.683032, 0.037866,
 0,x_unit, 85.594058, 1.662891, 1.852222, 0.189331,   1.662085, 1.679810, 0.017725,   1.689478, 0.051562,
 0,x_unit, 85.619844, 1.662085, 1.728955, 0.066870,   1.665308, 1.654028, -0.011279,   1.685449, 0.054785,
 0,x_unit, 85.645836, 1.662891, 1.652417, -0.010474,   1.662085, 1.625830, -0.036255,   1.687866, 0.052368,
 0,x_unit, 85.672264, 1.662891, 1.712842, 0.049951,   1.662085, 1.672559, 0.010474,   1.691089, 0.050757,
 0,x_unit, 85.698050, 1.662891, 1.827246, 0.164356,   1.658057, 1.670142, 0.012085,   1.691089, 0.051562,
 0,x_unit, 85.723830, 1.661279, 2.031885, 0.370605,   1.662085, 1.694311, 0.032227,   1.689478, 0.047534,
 0,x_unit, 85.749500, 1.657251, 2.305810, 0.648559,   1.657251, 1.724121, 0.066870,   1.694311, 0.052368,
 0,x_unit, 85.775275, 1.662085, 2.566040, 0.903955,   1.654834, 1.752319, 0.097485,   1.691089, 0.051562,
 0,x_unit, 85.801062, 1.657251, 2.815796, 1.158545,   1.662085, 1.801465, 0.139380,   1.691089, 0.052368,
 0,x_unit, 85.826828, 1.662085, 3.067969, 1.405884,   1.661279, 1.826440, 0.165161,   1.691895, 0.051562,
 0,x_unit, 85.852483, 1.658057, 3.246826, 1.588770,   1.664502, 1.859473, 0.194971,   1.691895, 0.054785,
 0,x_unit, 85.878272, 1.662085, 3.289526, 1.627441,   1.660474, 1.870752, 0.210278,   1.691895, 0.052368,
 0,x_unit, 85.904061, 1.649194, 3.275024, 1.625830,   1.647583, 1.836108, 0.188525,   1.683032, 0.039478,
 0,x_unit, 85.929842, 1.645166, 3.171094, 1.525928,   1.648389, 1.819995, 0.171606,   1.683838, 0.037866,
 0,x_unit, 85.955618, 1.648389, 2.939062, 1.290674,   1.647583, 1.780518, 0.132935,   1.685449, 0.041895,
 0,x_unit, 85.981273, 1.652417, 2.711060, 1.058643,   1.645972, 1.769238, 0.123267,   1.683838, 0.038672,
 0,x_unit, 86.006988, 1.650000, 2.412158, 0.762158,   1.650000, 1.732983, 0.082983,   1.687060, 0.038672,
 0,x_unit, 86.032721, 1.647583, 2.173681, 0.526098,   1.650806, 1.707202, 0.056396,   1.682227, 0.036255,
 0,x_unit, 86.058507, 1.647583, 2.004492, 0.356909,   1.648389, 1.666113, 0.017725,   1.687866, 0.039478,
 0,x_unit, 86.084178, 1.648389, 1.749097, 0.100708,   1.652417, 1.654028, 0.001611,   1.690283, 0.037866,
 0,x_unit, 86.109843, 1.650000, 1.683838, 0.033838,   1.652417, 1.625024, -0.027393,   1.686255, 0.037866,
 0,x_unit, 86.135891, 1.650806, 1.668530, 0.017725,   1.648389, 1.650806, 0.002417,   1.679810, 0.039478,
 0,x_unit, 86.161622, 1.647583, 1.760376, 0.112793,   1.650806, 1.653223, 0.002417,   1.683032, 0.039478,
 0,x_unit, 86.187379, 1.647583, 1.955347, 0.307764,   1.650000, 1.683838, 0.033838,   1.682227, 0.038672,
 0,x_unit, 86.213065, 1.657251, 2.199463, 0.542212,   1.654834, 1.708813, 0.053980,   1.691089, 0.044312,
 0,x_unit, 86.238837, 1.662085, 2.487085, 0.825000,   1.666919, 1.751514, 0.084595,   1.695117, 0.052368,
 0,x_unit, 86.264613, 1.664502, 2.737646, 1.073144,   1.665308, 1.778906, 0.113599,   1.691895, 0.047534,
 0,x_unit, 86.290317, 1.662085, 2.994653, 1.332568,   1.664502, 1.813550, 0.149048,   1.691089, 0.047534,
 0,x_unit, 86.315950, 1.668530, 3.173511, 1.504981,   1.668530, 1.831274, 0.162744,   1.691895, 0.053979,
 0,x_unit, 86.341614, 1.658862, 3.287915, 1.629053,   1.658862, 1.828052, 0.169189,   1.687866, 0.052368,
 0,x_unit, 86.367395, 1.664502, 3.271802, 1.607300,   1.662085, 1.844165, 0.182080,   1.691895, 0.047534,
 0,x_unit, 86.393170, 1.654834, 3.179150, 1.524316,   1.657251, 1.815967, 0.158716,   1.691895, 0.046729,
 0,x_unit, 86.418954, 1.665308, 2.968066, 1.302759,   1.662085, 1.806299, 0.144214,   1.693506, 0.054785,
 0,x_unit, 86.444617, 1.657251, 2.691724, 1.034473,   1.654028, 1.773267, 0.119238,   1.693506, 0.051562,
 0,x_unit, 86.470275, 1.657251, 2.426660, 0.769409,   1.661279, 1.749902, 0.088623,   1.689478, 0.053979,
 0,x_unit, 86.495942, 1.654834, 2.164014, 0.509180,   1.662085, 1.703979, 0.041895,   1.691895, 0.051562,
 0,x_unit, 86.521710, 1.654834, 1.960181, 0.305347,   1.654834, 1.689478, 0.034644,   1.691895, 0.052368,
 0,x_unit, 86.547398, 1.654834, 1.784546, 0.129712,   1.660474, 1.637915, -0.022559,   1.691895, 0.052368,
 0,x_unit, 86.573512, 1.647583, 1.686255, 0.038672,   1.645972, 1.619385, -0.026587,   1.682227, 0.035449,
 0,x_unit, 86.599535, 1.645972, 1.718481, 0.072510,   1.647583, 1.654834, 0.007251,   1.683838, 0.040283,
 0,x_unit, 86.625273, 1.649194, 1.840137, 0.190942,   1.648389, 1.658057, 0.009668,   1.683838, 0.038672,
 0,x_unit, 86.650954, 1.644360, 2.058472, 0.414111,   1.647583, 1.674976, 0.027393,   1.683838, 0.034644,
 0,x_unit, 86.676618, 1.645972, 2.316284, 0.670313,   1.649194, 1.703979, 0.054785,   1.687060, 0.037866,
 0,x_unit, 86.702391, 1.650000, 2.575708, 0.925708,   1.650806, 1.745874, 0.095068,   1.682227, 0.037866,
 0,x_unit, 86.728194, 1.653223, 2.859302, 1.206079,   1.650806, 1.761987, 0.111182,   1.686255, 0.037866,
 0,x_unit, 86.753954, 1.654834, 3.059912, 1.405078,   1.649194, 1.815967, 0.166772,   1.683032, 0.036255,
 0,x_unit, 86.779619, 1.652417, 3.219434, 1.567017,   1.648389, 1.834497, 0.186108,   1.687060, 0.039478,
 0,x_unit, 86.805389, 1.653223, 3.287109, 1.633887,   1.653223, 1.832886, 0.179663,   1.685449, 0.039478,
 0,x_unit, 86.831170, 1.654028, 3.238770, 1.584741,   1.653223, 1.802271, 0.149048,   1.679004, 0.038672,
 0,x_unit, 86.856995, 1.657251, 3.088110, 1.430859,   1.652417, 1.816772, 0.164356,   1.687060, 0.037866,
 0,x_unit, 86.882615, 1.666113, 2.860913, 1.194800,   1.666919, 1.787768, 0.120850,   1.693506, 0.053979,
 0,x_unit, 86.908270, 1.660474, 2.586182, 0.925708,   1.658862, 1.748291, 0.089429,   1.693506, 0.052368,
 0,x_unit, 86.934052, 1.657251, 2.346094, 0.688843,   1.662891, 1.724927, 0.062036,   1.687866, 0.051562,
 0,x_unit, 86.959844, 1.662891, 2.088281, 0.425391,   1.662085, 1.683838, 0.021753,   1.691895, 0.049951,
 0,x_unit, 86.985591, 1.661279, 1.897339, 0.236060,   1.658057, 1.674976, 0.016919,   1.687060, 0.051562,
 0,x_unit, 87.011275, 1.660474, 1.724121, 0.063648,   1.654834, 1.623413, -0.031421,   1.693506, 0.047534,
 0,x_unit, 87.037330, 1.658057, 1.703979, 0.045923,   1.660474, 1.654834, -0.005640,   1.691895, 0.051562,
 0,x_unit, 87.063511, 1.660474, 1.762793, 0.102319,   1.661279, 1.654028, -0.007251,   1.690283, 0.050757,
 0,x_unit, 87.089465, 1.653223, 1.890894, 0.237671,   1.660474, 1.674170, 0.013696,   1.690283, 0.052368,
 0,x_unit, 87.115178, 1.661279, 2.150317, 0.489038,   1.658862, 1.674170, 0.015308,   1.691895, 0.053979,
 0,x_unit, 87.140956, 1.661279, 2.416187, 0.754907,   1.656445, 1.743457, 0.087012,   1.693506, 0.051562,
 0,x_unit, 87.166743, 1.657251, 2.665137, 1.007886,   1.662085, 1.780518, 0.118433,   1.691089, 0.053979,
 0,x_unit, 87.192506, 1.647583, 2.922949, 1.275366,   1.645166, 1.809521, 0.164355,   1.682227, 0.037866,
 0,x_unit, 87.218296, 1.649194, 3.142895, 1.493701,   1.650806, 1.816772, 0.165967,   1.683838, 0.035449,
 0,x_unit, 87.243960, 1.650806, 3.266162, 1.615357,   1.650806, 1.823218, 0.172412,   1.686255, 0.038672,
 0,x_unit, 87.269732, 1.650806, 3.287109, 1.636304,   1.652417, 1.832080, 0.179663,   1.682227, 0.040283,
 0,x_unit, 87.295393, 1.650000, 3.205737, 1.555737,   1.650000, 1.819189, 0.169189,   1.683838, 0.037866,
 0,x_unit, 87.321062, 1.654028, 3.027685, 1.373657,   1.650000, 1.802271, 0.152271,   1.678198, 0.036255,
 0,x_unit, 87.346726, 1.650000, 2.761816, 1.111816,   1.649194, 1.770850, 0.121655,   1.679810, 0.039478,
 0,x_unit, 87.372500, 1.650806, 2.491919, 0.841113,   1.652417, 1.722510, 0.070093,   1.686255, 0.038672,
 0,x_unit, 87.398274, 1.650806, 2.237329, 0.586523,   1.650806, 1.706396, 0.055591,   1.681421, 0.038672,
 0,x_unit, 87.424055, 1.647583, 2.006909, 0.359326,   1.650806, 1.658057, 0.007251,   1.682227, 0.037866,
 0,x_unit, 87.449735, 1.649194, 1.810327, 0.161133,   1.650806, 1.666113, 0.015308,   1.685449, 0.040283,
 0,x_unit, 87.475518, 1.647583, 1.683838, 0.036255,   1.652417, 1.641943, -0.010474,   1.686255, 0.037866,
 0,x_unit, 87.501533, 1.658862, 1.706396, 0.047534,   1.662891, 1.624219, -0.038672,   1.691895, 0.049951,
 0,x_unit, 87.527633, 1.662891, 1.832080, 0.169189,   1.658862, 1.654834, -0.004028,   1.694311, 0.054785,
 0,x_unit, 87.553738, 1.662891, 2.011743, 0.348853,   1.662085, 1.707202, 0.045117,   1.691895, 0.052368,
 0,x_unit, 87.579404, 1.657251, 2.246191, 0.588940,   1.658862, 1.728955, 0.070093,   1.691895, 0.051562,
 0,x_unit, 87.605170, 1.661279, 2.516089, 0.854809,   1.665308, 1.751514, 0.086206,   1.691895, 0.049951,
 0,x_unit, 87.630959, 1.662085, 2.812573, 1.150488,   1.662085, 1.780518, 0.118433,   1.690283, 0.053979,
 0,x_unit, 87.656742, 1.662085, 3.024463, 1.362378,   1.661279, 1.802271, 0.140991,   1.695117, 0.051562,
 0,x_unit, 87.682393, 1.662085, 3.197681, 1.535596,   1.664502, 1.827246, 0.162744,   1.687866, 0.053979,
 0,x_unit, 87.708078, 1.658862, 3.289526, 1.630664,   1.662891, 1.832886, 0.169995,   1.691089, 0.052368,
 0,x_unit, 87.733846, 1.662085, 3.268579, 1.606494,   1.662085, 1.830469, 0.168384,   1.691089, 0.052368,
 0,x_unit, 87.759634, 1.658057, 3.139673, 1.481616,   1.661279, 1.815967, 0.154687,   1.693506, 0.046729,
 0,x_unit, 87.785354, 1.658057, 2.926172, 1.268115,   1.662085, 1.830469, 0.168384,   1.691895, 0.051562,
 0,x_unit, 87.811063, 1.658862, 2.693335, 1.034473,   1.654834, 1.765210, 0.110376,   1.695923, 0.048340,
 0,x_unit, 87.836842, 1.644360, 2.367041, 0.722681,   1.648389, 1.745068, 0.096680,   1.685449, 0.038672,
 0,x_unit, 87.862625, 1.647583, 2.126953, 0.479370,   1.647583, 1.686255, 0.038672,   1.683838, 0.037866,
 0,x_unit, 87.888383, 1.645166, 1.918286, 0.273120,   1.649194, 1.670142, 0.020947,   1.687060, 0.039478,
 0,x_unit, 87.914055, 1.649194, 1.764404, 0.115210,   1.647583, 1.647583, 0.000000,   1.681421, 0.038672,
 0,x_unit, 87.939852, 1.649194, 1.701563, 0.052368,   1.647583, 1.641138, -0.006445,   1.683838, 0.037866,
 0,x_unit, 87.965885, 1.650806, 1.732178, 0.081372,   1.650806, 1.658862, 0.008057,   1.685449, 0.039478,
 0,x_unit, 87.991622, 1.652417, 1.848193, 0.195776,   1.647583, 1.660474, 0.012891,   1.683838, 0.034644,
 0,x_unit, 88.017411, 1.648389, 2.085864, 0.437476,   1.653223, 1.693506, 0.040283,   1.687866, 0.038672,
 0,x_unit, 88.043058, 1.650000, 2.321924, 0.671924,   1.652417, 1.726538, 0.074121,   1.685449, 0.035449,
 0,x_unit, 88.068856, 1.652417, 2.611157, 0.958740,   1.653223, 1.770850, 0.117627,   1.687060, 0.039478,
 0,x_unit, 88.094513, 1.652417, 2.868164, 1.215747,   1.657251, 1.816772, 0.159521,   1.681421, 0.037866,
 0,x_unit, 88.120286, 1.656445, 3.086499, 1.430054,   1.653223, 1.807910, 0.154687,   1.686255, 0.037866,
 0,x_unit, 88.145845, 1.669336, 3.250049, 1.580713,   1.670142, 1.827246, 0.157104,   1.690283, 0.051562,
 0,x_unit, 88.171719, 1.664502, 3.288721, 1.624219,   1.669336, 1.840137, 0.170801,   1.691895, 0.054785,
 0,x_unit, 88.197502, 1.666919, 3.246021, 1.579102,   1.666113, 1.834497, 0.168384,   1.691895, 0.052368,
 0,x_unit, 88.223287, 1.662085, 3.077637, 1.415552,   1.664502, 1.810327, 0.145825,   1.693506, 0.049951,
 0,x_unit, 88.248960, 1.658862, 2.806128, 1.147266,   1.665308, 1.786157, 0.120850,   1.691895, 0.050757,
 0,x_unit, 88.274740, 1.662085, 2.566040, 0.903955,   1.660474, 1.739429, 0.078955,   1.693506, 0.050757,
 0,x_unit, 88.300393, 1.662085, 2.307422, 0.645337,   1.662891, 1.728955, 0.066064,   1.691895, 0.051562,
 0,x_unit, 88.326184, 1.661279, 2.063306, 0.402026,   1.658057, 1.683838, 0.025781,   1.691895, 0.047534,
 0,x_unit, 88.351843, 1.660474, 1.874780, 0.214307,   1.658862, 1.643555, -0.015308,   1.695923, 0.053979,
 0,x_unit, 88.377984, 1.656445, 1.730566, 0.074121,   1.654834, 1.656445, 0.001611,   1.691089, 0.052368,
 0,x_unit, 88.403740, 1.658862, 1.670142, 0.011279,   1.658862, 1.650806, -0.008057,   1.694311, 0.055591,
 0,x_unit, 88.429824, 1.658057, 1.778101, 0.120044,   1.654834, 1.679004, 0.024170,   1.691895, 0.053979,
 0,x_unit, 88.455640, 1.654834, 1.951318, 0.296484,   1.658862, 1.695923, 0.037061,   1.691895, 0.051562,
 0,x_unit, 88.481281, 1.645972, 2.166431, 0.520459,   1.644360, 1.699145, 0.054785,   1.686255, 0.040283,
 0,x_unit, 88.506963, 1.645166, 2.428272, 0.783105,   1.647583, 1.736206, 0.088623,   1.689478, 0.037866,
 0,x_unit, 88.532735, 1.647583, 2.678027, 1.030444,   1.650000, 1.772461, 0.122461,   1.683032, 0.035449,
 0,x_unit, 88.558635, 1.648389, 2.934228, 1.285840,   1.647583, 1.789380, 0.141797,   1.685449, 0.038672,
 0,x_unit, 88.584296, 1.647583, 3.152563, 1.504980,   1.650000, 1.824023, 0.174023,   1.682227, 0.037866,
 0,x_unit, 88.609961, 1.650806, 3.246021, 1.595215,   1.649194, 1.803882, 0.154687,   1.685449, 0.037866,
 0,x_unit, 88.635730, 1.649194, 3.238770, 1.589575,   1.650000, 1.828052, 0.178052,   1.683838, 0.036255,
 0,x_unit, 88.661521, 1.652417, 3.106641, 1.454224,   1.653223, 1.819995, 0.166772,   1.683838, 0.038672,
 0,x_unit, 88.687198, 1.650806, 2.939062, 1.288257,   1.652417, 1.798242, 0.145825,   1.683838, 0.039478,
 0,x_unit, 88.712859, 1.654028, 2.656274, 1.002246,   1.652417, 1.772461, 0.120044,   1.687060, 0.034644,
 0,x_unit, 88.738722, 1.650806, 2.382349, 0.731543,   1.650000, 1.730566, 0.080566,   1.686255, 0.037866,
 0,x_unit, 88.764623, 1.650806, 2.130981, 0.480176,   1.650000, 1.698340, 0.048340,   1.687060, 0.037866,
 0,x_unit, 88.790294, 1.658862, 1.931982, 0.273120,   1.666113, 1.670142, 0.004028,   1.695117, 0.049951,
 0,x_unit, 88.815960, 1.661279, 1.782935, 0.121655,   1.665308, 1.670142, 0.004834,   1.687060, 0.052368,
 0,x_unit, 88.841631, 1.662085, 1.706396, 0.044312,   1.661279, 1.645166, -0.016113,   1.691895, 0.052368,
 0,x_unit, 88.867651, 1.654028, 1.803076, 0.149048,   1.662891, 1.661279, -0.001611,   1.691089, 0.053979,
 0,x_unit, 88.893752, 1.661279, 2.000464, 0.339184,   1.661279, 1.681421, 0.020142,   1.691895, 0.051562,
 0,x_unit, 88.919513, 1.662085, 2.191406, 0.529321,   1.660474, 1.741040, 0.080566,   1.693506, 0.051562,
 0,x_unit, 88.945189, 1.660474, 2.430688, 0.770215,   1.657251, 1.736206, 0.078955,   1.691895, 0.052368,
 0,x_unit, 88.970977, 1.658862, 2.731201, 1.072339,   1.658862, 1.773267, 0.114404,   1.691089, 0.054785,
 0,x_unit, 88.996594, 1.662085, 2.947119, 1.285034,   1.660474, 1.803882, 0.143408,   1.690283, 0.050757,
 0,x_unit, 89.022468, 1.661279, 3.181567, 1.520288,   1.658862, 1.832080, 0.173218,   1.691895, 0.054785,
 0,x_unit, 89.048175, 1.661279, 3.275024, 1.613745,   1.664502, 1.799048, 0.134546,   1.694311, 0.047534,
 0,x_unit, 89.073975, 1.657251, 3.234741, 1.577490,   1.662085, 1.835303, 0.173218,   1.685449, 0.054785,
 0,x_unit, 89.099744, 1.662891, 3.121143, 1.458252,   1.662085, 1.819189, 0.157104,   1.683032, 0.040283,
 0,x_unit, 89.125507, 1.643555, 2.882666, 1.239111,   1.648389, 1.780518, 0.132129,   1.683032, 0.039478,
 0,x_unit, 89.151194, 1.650000, 2.625659, 0.975659,   1.647583, 1.748291, 0.100708,   1.687060, 0.040283,
 0,x_unit, 89.176968, 1.649194, 2.308228, 0.659033,   1.645972, 1.718481, 0.072510,   1.683838, 0.037866,
 0,x_unit, 89.202642, 1.649194, 2.121313, 0.472119,   1.647583, 1.686255, 0.038672,   1.683838, 0.039478,
 0,x_unit, 89.228508, 1.645972, 1.892505, 0.246533,   1.650000, 1.657251, 0.007251,   1.686255, 0.037866,
 0,x_unit, 89.254287, 1.649194, 1.772461, 0.123267,   1.649194, 1.649194, 0.000000,   1.678198, 0.040283,
 0,x_unit, 89.278079, 1.650000, 1.735400, 0.085400,   1.649194, 1.647583, -0.001611,   1.685449, 0.040283,
 0,x_unit, 89.304089, 1.649194, 1.795825, 0.146631,   1.647583, 1.633081, -0.014502,   1.686255, 0.037866,
 0,x_unit, 89.330197, 1.650806, 1.975488, 0.324683,   1.650806, 1.665308, 0.014502,   1.681421, 0.039478,
 0,x_unit, 89.355966, 1.648389, 2.192212, 0.543823,   1.649194, 1.703174, 0.053979,   1.686255, 0.037866,
 0,x_unit, 89.381638, 1.650806, 2.508032, 0.857226,   1.653223, 1.723315, 0.070093,   1.687060, 0.040283,
 0,x_unit, 89.407295, 1.654028, 2.718311, 1.064282,   1.654028, 1.765210, 0.111182,   1.683032, 0.038672,
 0,x_unit, 89.433071, 1.666919, 2.994653, 1.327734,   1.668530, 1.799048, 0.130518,   1.691895, 0.050757,
 0,x_unit, 89.458860, 1.665308, 3.177539, 1.512231,   1.666113, 1.819995, 0.153882,   1.691895, 0.051562,
 0,x_unit, 89.484593, 1.664502, 3.287915, 1.623413,   1.662085, 1.857056, 0.194971,   1.689478, 0.049951,
 0,x_unit, 89.510180, 1.664502, 3.262134, 1.597632,   1.666919, 1.827246, 0.160327,   1.693506, 0.052368,
 0,x_unit, 89.535961, 1.662891, 3.113086, 1.450195,   1.664502, 1.811938, 0.147436,   1.694311, 0.052368,
 0,x_unit, 89.561974, 1.660474, 2.893945, 1.233472,   1.661279, 1.801465, 0.140185,   1.691089, 0.052368,
 0,x_unit, 89.587689, 1.657251, 2.606323, 0.949072,   1.664502, 1.737817, 0.073316,   1.693506, 0.053979,
 0,x_unit, 89.613373, 1.662085, 2.345288, 0.683203,   1.662085, 1.735400, 0.073315,   1.689478, 0.052368,
 0,x_unit, 89.639183, 1.662085, 2.098755, 0.436670,   1.654834, 1.660474, 0.005640,   1.694311, 0.051562,
 0,x_unit, 89.664976, 1.661279, 1.851416, 0.190137,   1.657251, 1.664502, 0.007251,   1.694311, 0.053979,
 0,x_unit, 89.690736, 1.658862, 1.787768, 0.128906,   1.658862, 1.652417, -0.006445,   1.695923, 0.047534,
 0,x_unit, 89.716668, 1.654834, 1.732983, 0.078149,   1.656445, 1.656445, 0.000000,   1.694311, 0.049951,
 0,x_unit, 89.742302, 1.650000, 1.805493, 0.155493,   1.650000, 1.637915, -0.012085,   1.679810, 0.037866,
 0,x_unit, 89.768317, 1.647583, 2.011743, 0.364160,   1.645972, 1.682227, 0.036255,   1.679004, 0.038672,
 0,x_unit, 89.794080, 1.645972, 2.255054, 0.609082,   1.648389, 1.715259, 0.066870,   1.679004, 0.037866,
 0,x_unit, 89.819976, 1.650000, 2.505615, 0.855615,   1.645166, 1.751514, 0.106348,   1.679810, 0.039478,
 0,x_unit, 89.845528, 1.652417, 2.773901, 1.121484,   1.650000, 1.774878, 0.124878,   1.683032, 0.039478,
 0,x_unit, 89.871310, 1.652417, 3.018823, 1.366406,   1.650000, 1.805493, 0.155493,   1.682227, 0.040283,
 0,x_unit, 89.897055, 1.648389, 3.176733, 1.528345,   1.650000, 1.819995, 0.169995,   1.686255, 0.039478,
 0,x_unit, 89.922857, 1.650806, 3.283081, 1.632275,   1.654028, 1.820801, 0.166772,   1.686255, 0.037866,
 0,x_unit, 89.948514, 1.649194, 3.259717, 1.610522,   1.650806, 1.815161, 0.164356,   1.683838, 0.038672,
 0,x_unit, 89.974295, 1.653223, 3.077637, 1.424414,   1.648389, 1.803076, 0.154688,   1.685449, 0.037866,
 0,x_unit, 90.000069, 1.648389, 2.819019, 1.170630,   1.653223, 1.778101, 0.124878,   1.683838, 0.040283,
 0,x_unit, 90.025849, 1.649194, 2.582153, 0.932959,   1.654028, 1.720898, 0.066870,   1.687060, 0.039478,
 0,x_unit, 90.051521, 1.653223, 2.304199, 0.650977,   1.649194, 1.714453, 0.065259,   1.687060, 0.036255,
 0,x_unit, 90.077294, 1.662891, 2.064917, 0.402026,   1.664502, 1.691089, 0.026587,   1.685449, 0.048340,
 0,x_unit, 90.103072, 1.664502, 1.886060, 0.221558,   1.662085, 1.645972, -0.016113,   1.687866, 0.052368,
 0,x_unit, 90.129190, 1.661279, 1.774878, 0.113599,   1.654834, 1.654028, -0.000806,   1.687866, 0.051562,
 0,x_unit, 90.155305, 1.662085, 1.745874, 0.083789,   1.657251, 1.679004, 0.021753,   1.694311, 0.050757,
 0,x_unit, 90.180970, 1.661279, 1.839331, 0.178052,   1.661279, 1.666113, 0.004834,   1.690283, 0.049951,
 0,x_unit, 90.206639, 1.660474, 2.046387, 0.385913,   1.654028, 1.691895, 0.037866,   1.687866, 0.052368,
 0,x_unit, 90.232403, 1.661279, 2.280029, 0.618750,   1.654834, 1.720898, 0.066064,   1.691895, 0.051562,
 0,x_unit, 90.258188, 1.662085, 2.550732, 0.888647,   1.658862, 1.753931, 0.095068,   1.691895, 0.049951,
 0,x_unit, 90.283847, 1.658862, 2.811768, 1.152905,   1.660474, 1.795020, 0.134546,   1.691089, 0.051562,
 0,x_unit, 90.309534, 1.662085, 3.050244, 1.388159,   1.662085, 1.820801, 0.158716,   1.691895, 0.049951,
 0,x_unit, 90.335297, 1.658862, 3.225879, 1.567017,   1.654834, 1.847388, 0.192554,   1.691895, 0.050757,
 0,x_unit, 90.361087, 1.661279, 3.289526, 1.628247,   1.658057, 1.832886, 0.174829,   1.691895, 0.048340,
 0,x_unit, 90.386792, 1.662085, 3.237964, 1.575879,   1.662085, 1.839331, 0.177246,   1.691089, 0.051562,
 0,x_unit, 90.412744, 1.650000, 3.039770, 1.389770,   1.648389, 1.805493, 0.157104,   1.687060, 0.039478,
 0,x_unit, 90.438728, 1.650000, 2.785986, 1.135986,   1.647583, 1.777295, 0.129712,   1.683838, 0.038672,
 0,x_unit, 90.464747, 1.647583, 2.545898, 0.898315,   1.647583, 1.759570, 0.111987,   1.686255, 0.037866,
 0,x_unit, 90.490661, 1.652417, 2.241357, 0.588940,   1.653223, 1.703979, 0.050757,   1.687060, 0.043506,
 0,x_unit, 90.516464, 1.648389, 1.994019, 0.345630,   1.647583, 1.679810, 0.032227,   1.683838, 0.040283,
 0,x_unit, 90.542585, 1.645972, 1.828052, 0.182080,   1.650000, 1.656445, 0.006445,   1.689478, 0.039478,
 0,x_unit, 90.568577, 1.650806, 1.731372, 0.080566,   1.647583, 1.631470, -0.016113,   1.682227, 0.037866,
 0,x_unit, 90.594885, 1.654028, 1.757153, 0.103125,   1.650000, 1.656445, 0.006445,   1.690283, 0.040283,
 0,x_unit, 90.620875, 1.653223, 1.878809, 0.225586,   1.652417, 1.666113, 0.013696,   1.683838, 0.037866,
 0,x_unit, 90.646952, 1.650806, 2.076196, 0.425391,   1.647583, 1.662085, 0.014502,   1.685449, 0.039478,
 0,x_unit, 90.673000, 1.654028, 2.342065, 0.688037,   1.650806, 1.719287, 0.068481,   1.679810, 0.035449,
 0,x_unit, 90.698882, 1.656445, 2.610352, 0.953906,   1.657251, 1.757153, 0.099902,   1.687060, 0.043506,
 0,x_unit, 90.724747, 1.658057, 2.870581, 1.212524,   1.665308, 1.787768, 0.122461,   1.691895, 0.048340,
 0,x_unit, 90.750561, 1.660474, 3.125171, 1.464697,   1.660474, 1.832080, 0.171606,   1.691089, 0.052368,
 0,x_unit, 90.776481, 1.664502, 3.219434, 1.554932,   1.665308, 1.856250, 0.190942,   1.694311, 0.049951,
 0,x_unit, 90.802414, 1.665308, 3.291138, 1.625830,   1.664502, 1.841748, 0.177246,   1.691895, 0.053979,
 0,x_unit, 90.828328, 1.660474, 3.233936, 1.573462,   1.662891, 1.823218, 0.160327,   1.691895, 0.052368,
 0,x_unit, 90.854287, 1.662085, 2.960815, 1.298730,   1.662085, 1.810327, 0.148242,   1.691895, 0.051562,
 0,x_unit, 90.880231, 1.662085, 2.728784, 1.066699,   1.658862, 1.752319, 0.093457,   1.690283, 0.047534,
 0,x_unit, 90.906163, 1.661279, 2.461304, 0.800024,   1.665308, 1.728149, 0.062842,   1.691895, 0.052368,
 0,x_unit, 90.932109, 1.657251, 2.189795, 0.532544,   1.656445, 1.704785, 0.048340,   1.691089, 0.054785,
 0,x_unit, 90.958024, 1.656445, 1.969043, 0.312598,   1.654834, 1.678198, 0.023364,   1.691089, 0.051562,
 0,x_unit, 90.983820, 1.662085, 1.778101, 0.116016,   1.658862, 1.668530, 0.009668,   1.689478, 0.052368,
 0,x_unit, 91.009664, 1.661279, 1.757959, 0.096680,   1.662085, 1.657251, -0.004834,   1.691089, 0.054785,
 0,x_unit, 91.035998, 1.644360, 1.801465, 0.157104,   1.644360, 1.668530, 0.024170,   1.685449, 0.040283,
 0,x_unit, 91.061780, 1.645972, 1.985962, 0.339990,   1.644360, 1.674976, 0.030615,   1.687060, 0.037866,
 0,x_unit, 91.087754, 1.647583, 2.213965, 0.566382,   1.647583, 1.707202, 0.059619,   1.685449, 0.038672,
 0,x_unit, 91.113621, 1.649194, 2.466138, 0.816943,   1.654834, 1.741040, 0.086206,   1.689478, 0.043506,
 0,x_unit, 91.139547, 1.650000, 2.756982, 1.106982,   1.648389, 1.777295, 0.128906,   1.679810, 0.037866,
 0,x_unit, 91.165593, 1.650806, 3.022851, 1.372046,   1.653223, 1.795825, 0.142602,   1.685449, 0.035449,
 0,x_unit, 91.191703, 1.654028, 3.175928, 1.521899,   1.650000, 1.811133, 0.161133,   1.685449, 0.037866,
 0,x_unit, 91.217552, 1.654834, 3.252466, 1.597632,   1.656445, 1.832080, 0.175635,   1.683838, 0.043506,
 0,x_unit, 91.243501, 1.650806, 3.171899, 1.521094,   1.654028, 1.815161, 0.161133,   1.685449, 0.037866,
 0,x_unit, 91.269446, 1.650000, 2.973706, 1.323706,   1.654028, 1.828052, 0.174023,   1.678198, 0.040283,
 0,x_unit, 91.295344, 1.648389, 2.765845, 1.117456,   1.652417, 1.757959, 0.105542,   1.685449, 0.038672,
 0,x_unit, 91.321203, 1.658862, 2.480640, 0.821777,   1.654834, 1.755542, 0.100708,   1.689478, 0.041895,
 0,x_unit, 91.347123, 1.670142, 2.188184, 0.518042,   1.662891, 1.674170, 0.011279,   1.687866, 0.053979,
 0,x_unit, 91.373037, 1.665308, 2.006909, 0.341601,   1.661279, 1.658862, -0.002417,   1.693506, 0.048340,
 0,x_unit, 91.399257, 1.662085, 1.805493, 0.143408,   1.662085, 1.653223, -0.008862,   1.694311, 0.049951,
 0,x_unit, 91.425563, 1.664502, 1.752319, 0.087817,   1.662891, 1.657251, -0.005640,   1.691089, 0.053979,
 0,x_unit, 91.451915, 1.658057, 1.819189, 0.161133,   1.660474, 1.666113, 0.005640,   1.691895, 0.048340,
 0,x_unit, 91.477863, 1.662085, 1.939233, 0.277148,   1.658862, 1.683838, 0.024976,   1.687060, 0.052368,
 0,x_unit, 91.503725, 1.661279, 2.209936, 0.548657,   1.657251, 1.682227, 0.024976,   1.693506, 0.048340,
 0,x_unit, 91.529765, 1.662085, 2.474194, 0.812109,   1.661279, 1.745068, 0.083789,   1.691895, 0.052368,
 0,x_unit, 91.555735, 1.658862, 2.750537, 1.091675,   1.658057, 1.778101, 0.120044,   1.693506, 0.053979,
 0,x_unit, 91.581617, 1.661279, 3.042993, 1.381714,   1.658057, 1.803076, 0.145020,   1.687060, 0.049951,
 0,x_unit, 91.607539, 1.662891, 3.172705, 1.509814,   1.658057, 1.807910, 0.149853,   1.690283, 0.053979,
 0,x_unit, 91.633441, 1.664502, 3.256494, 1.591992,   1.662891, 1.841748, 0.178857,   1.691895, 0.055591,
 0,x_unit, 91.659454, 1.662085, 3.252466, 1.590381,   1.658862, 1.824023, 0.165161,   1.690283, 0.045923,
 0,x_unit, 91.685404, 1.650000, 3.022046, 1.372046,   1.649194, 1.813550, 0.164355,   1.682227, 0.036255,
 0,x_unit, 91.711207, 1.653223, 2.757788, 1.104565,   1.648389, 1.782129, 0.133740,   1.685449, 0.041895,
 0,x_unit, 91.737104, 1.654834, 2.499975, 0.845142,   1.654834, 1.756348, 0.101514,   1.689478, 0.041895,
 0,x_unit, 91.763107, 1.647583, 2.222827, 0.575244,   1.650000, 1.706396, 0.056396,   1.681421, 0.040283,
 0,x_unit, 91.789070, 1.650000, 1.989990, 0.339990,   1.647583, 1.669336, 0.021753,   1.682227, 0.038672,
 0,x_unit, 91.814874, 1.649194, 1.840942, 0.191748,   1.645972, 1.649194, 0.003223,   1.679810, 0.037866,
 0,x_unit, 91.840878, 1.652417, 1.765210, 0.112793,   1.654834, 1.647583, -0.007251,   1.687060, 0.041895,
 0,x_unit, 91.867248, 1.650806, 1.799853, 0.149048,   1.650806, 1.668530, 0.017725,   1.682227, 0.037866,
 0,x_unit, 91.893226, 1.647583, 1.960181, 0.312598,   1.650806, 1.682227, 0.031421,   1.687060, 0.038672,
 0,x_unit, 91.919218, 1.650000, 2.197851, 0.547851,   1.652417, 1.711230, 0.058813,   1.686255, 0.037866,
 0,x_unit, 91.945099, 1.654028, 2.433911, 0.779883,   1.654834, 1.741846, 0.087012,   1.679810, 0.044312,
 0,x_unit, 91.971094, 1.654028, 2.735229, 1.081201,   1.652417, 1.787768, 0.135352,   1.679810, 0.040283,
 0,x_unit, 91.996986, 1.665308, 2.957593, 1.292285,   1.664502, 1.799853, 0.135352,   1.693506, 0.052368,
 0,x_unit, 92.022960, 1.666113, 3.185596, 1.519482,   1.668530, 1.845776, 0.177246,   1.690283, 0.050757,
 0,x_unit, 92.048820, 1.665308, 3.255688, 1.590381,   1.666919, 1.830469, 0.163550,   1.691089, 0.048340,
 0,x_unit, 92.074925, 1.665308, 3.190430, 1.525122,   1.664502, 1.803076, 0.138574,   1.691895, 0.049951,
 0,x_unit, 92.100959, 1.660474, 3.044605, 1.384131,   1.661279, 1.803882, 0.142602,   1.689478, 0.054785,
 0,x_unit, 92.126993, 1.660474, 2.774707, 1.114233,   1.662085, 1.801465, 0.139380,   1.691089, 0.055591,
 0,x_unit, 92.152870, 1.662891, 2.520117, 0.857226,   1.661279, 1.745068, 0.083789,   1.687060, 0.052368,
 0,x_unit, 92.178827, 1.658862, 2.230884, 0.572022,   1.664502, 1.706396, 0.041895,   1.687866, 0.047534,
 0,x_unit, 92.204881, 1.660474, 2.018188, 0.357715,   1.654834, 1.682227, 0.027393,   1.689478, 0.052368,
 0,x_unit, 92.230799, 1.654834, 1.840942, 0.186108,   1.658057, 1.662891, 0.004834,   1.693506, 0.054785,
 0,x_unit, 92.256853, 1.660474, 1.745068, 0.084595,   1.654028, 1.637109, -0.016919,   1.691895, 0.049951,
 0,x_unit, 92.282996, 1.654028, 1.803882, 0.149853,   1.661279, 1.637915, -0.023364,   1.687060, 0.051562,
 0,x_unit, 92.309295, 1.654834, 1.948901, 0.294067,   1.654834, 1.677393, 0.022559,   1.690283, 0.051562,
 0,x_unit, 92.335139, 1.644360, 2.160791, 0.516431,   1.647583, 1.712036, 0.064453,   1.685449, 0.039478,
 0,x_unit, 92.361172, 1.647583, 2.421021, 0.773438,   1.648389, 1.745068, 0.096680,   1.691089, 0.043506,
 0,x_unit, 92.387222, 1.645972, 2.743286, 1.097314,   1.648389, 1.774072, 0.125684,   1.683838, 0.041895,
 0,x_unit, 92.412993, 1.650806, 2.948730, 1.297925,   1.650806, 1.823218, 0.172412,   1.683032, 0.039478,
 0,x_unit, 92.439004, 1.650000, 3.167871, 1.517871,   1.647583, 1.814355, 0.166772,   1.683838, 0.039478,
 0,x_unit, 92.464892, 1.654028, 3.246021, 1.591992,   1.650000, 1.826440, 0.176440,   1.690283, 0.045923,
 0,x_unit, 92.490790, 1.649194, 3.208960, 1.559765,   1.650806, 1.815161, 0.164356,   1.687060, 0.038672,
 0,x_unit, 92.516672, 1.654834, 3.047827, 1.392993,   1.650000, 1.819995, 0.169995,   1.683838, 0.040283,
 0,x_unit, 92.542615, 1.653223, 2.781152, 1.127930,   1.650000, 1.772461, 0.122461,   1.685449, 0.042700,
 0,x_unit, 92.568726, 1.650000, 2.508838, 0.858838,   1.654028, 1.748291, 0.094263,   1.683838, 0.042700,
 0,x_unit, 92.594699, 1.648389, 2.230884, 0.582495,   1.650806, 1.718481, 0.067676,   1.683838, 0.036255,
 0,x_unit, 92.620653, 1.650806, 2.023022, 0.372217,   1.652417, 1.697534, 0.045117,   1.691895, 0.050757,
 0,x_unit, 92.646436, 1.658862, 1.845776, 0.186914,   1.665308, 1.668530, 0.003223,   1.690283, 0.050757,
 0,x_unit, 92.672312, 1.664502, 1.781323, 0.116821,   1.662085, 1.648389, -0.013696,   1.690283, 0.053979,
 0,x_unit, 92.698787, 1.658862, 1.787768, 0.128906,   1.656445, 1.658057, 0.001611,   1.691895, 0.053979,
 0,x_unit, 92.724658, 1.658862, 1.947290, 0.288428,   1.662085, 1.670947, 0.008862,   1.691089, 0.047534,
 0,x_unit, 92.750629, 1.660474, 2.205102, 0.544629,   1.662085, 1.710425, 0.048340,   1.689478, 0.049951,
 0,x_unit, 92.776674, 1.662085, 2.438745, 0.776660,   1.664502, 1.743457, 0.078955,   1.687866, 0.052368,
 0,x_unit, 92.802555, 1.657251, 2.749731, 1.092480,   1.660474, 1.794214, 0.133740,   1.693506, 0.052368,
 0,x_unit, 92.828553, 1.660474, 2.967261, 1.306787,   1.657251, 1.803076, 0.145825,   1.694311, 0.051562,
 0,x_unit, 92.854532, 1.664502, 3.173511, 1.509009,   1.658057, 1.795020, 0.136963,   1.693506, 0.045923,
 0,x_unit, 92.880330, 1.665308, 3.250854, 1.585547,   1.656445, 1.832886, 0.176440,   1.690283, 0.053979,
 0,x_unit, 92.906220, 1.660474, 3.212988, 1.552515,   1.664502, 1.827246, 0.162744,   1.690283, 0.049951,
 0,x_unit, 92.932259, 1.662085, 3.047827, 1.385742,   1.658057, 1.811133, 0.153076,   1.691895, 0.050757,
 0,x_unit, 92.958269, 1.645166, 2.797266, 1.152099,   1.649194, 1.777295, 0.128101,   1.683838, 0.034644,
 0,x_unit, 92.984220, 1.649194, 2.528980, 0.879785,   1.648389, 1.751514, 0.103125,   1.677393, 0.040283,
 0,x_unit, 93.009996, 1.650000, 2.281641, 0.631641,   1.648389, 1.703979, 0.055591,   1.683838, 0.037866,
 0,x_unit, 93.035946, 1.647583, 2.026245, 0.378662,   1.649194, 1.683838, 0.034644,   1.682227, 0.038672,
 0,x_unit, 93.061992, 1.648389, 1.836914, 0.188525,   1.650000, 1.654028, 0.004028,   1.685449, 0.040283,
 0,x_unit, 93.087956, 1.649194, 1.773267, 0.124072,   1.648389, 1.621802, -0.026587,   1.679810, 0.037866,
 0,x_unit, 93.114149, 1.647583, 1.818384, 0.170801,   1.648389, 1.654028, 0.005640,   1.686255, 0.037866,
 0,x_unit, 93.140096, 1.648389, 1.911841, 0.263452,   1.648389, 1.687060, 0.038672,   1.689478, 0.037866,
 0,x_unit, 93.166215, 1.649194, 2.180933, 0.531738,   1.649194, 1.714453, 0.065259,   1.683838, 0.037866,
 0,x_unit, 93.192267, 1.654028, 2.450830, 0.796802,   1.648389, 1.724927, 0.076538,   1.683838, 0.039478,
 0,x_unit, 93.218271, 1.652417, 2.714282, 1.061865,   1.652417, 1.784546, 0.132129,   1.685449, 0.037866,
 0,x_unit, 93.244211, 1.654834, 2.955981, 1.301148,   1.653223, 1.791797, 0.138574,   1.687060, 0.039478,
 0,x_unit, 93.270155, 1.669336, 3.167871, 1.498535,   1.662891, 1.827246, 0.164356,   1.687866, 0.048340,
 0,x_unit, 93.293800, 1.665308, 3.237964, 1.572656,   1.662085, 1.856250, 0.194165,   1.691895, 0.051562,
 0,x_unit, 93.319804, 1.662891, 3.238770, 1.575879,   1.666919, 1.828857, 0.161939,   1.694311, 0.049951,
 0,x_unit, 93.345445, 1.662891, 3.096167, 1.433276,   1.660474, 1.814355, 0.153882,   1.694311, 0.050757,
 0,x_unit, 93.371090, 1.665308, 2.823853, 1.158545,   1.661279, 1.773267, 0.111987,   1.689478, 0.052368,
 0,x_unit, 93.396854, 1.662891, 2.545093, 0.882202,   1.658862, 1.748291, 0.089429,   1.687866, 0.048340,
 0,x_unit, 93.422650, 1.662085, 2.270361, 0.608276,   1.658057, 1.716870, 0.058813,   1.695117, 0.049951,
 0,x_unit, 93.448316, 1.662085, 2.017383, 0.355298,   1.656445, 1.689478, 0.033032,   1.687866, 0.051562,
 0,x_unit, 93.474118, 1.661279, 1.857861, 0.196582,   1.654834, 1.654834, 0.000000,   1.691089, 0.051562,
 0,x_unit, 93.499877, 1.658862, 1.786963, 0.128101,   1.654028, 1.668530, 0.014502,   1.691089, 0.052368,
 0,x_unit, 93.525666, 1.657251, 1.824023, 0.166772,   1.654834, 1.648389, -0.006445,   1.691895, 0.055591,
 0,x_unit, 93.551671, 1.662085, 2.013355, 0.351270,   1.657251, 1.691089, 0.033838,   1.694311, 0.053979,
 0,x_unit, 93.577418, 1.658862, 2.224438, 0.565576,   1.658057, 1.724927, 0.066870,   1.693506, 0.049951,
 0,x_unit, 93.603083, 1.647583, 2.479834, 0.832251,   1.647583, 1.747485, 0.099902,   1.681421, 0.038672,
 0,x_unit, 93.628868, 1.647583, 2.754565, 1.106982,   1.648389, 1.781323, 0.132935,   1.686255, 0.037866,
 0,x_unit, 93.654654, 1.650000, 3.010767, 1.360767,   1.645972, 1.811938, 0.165967,   1.686255, 0.037866,
 0,x_unit, 93.680307, 1.650000, 3.171899, 1.521899,   1.650000, 1.816772, 0.166772,   1.677393, 0.036255,
 0,x_unit, 93.705987, 1.650806, 3.231519, 1.580713,   1.650000, 1.815967, 0.165967,   1.682227, 0.039478,
 0,x_unit, 93.731750, 1.650806, 3.142895, 1.492090,   1.649194, 1.810327, 0.161133,   1.686255, 0.037866,
 0,x_unit, 93.757542, 1.648389, 2.945508, 1.297119,   1.654834, 1.778906, 0.124072,   1.685449, 0.037866,
 0,x_unit, 93.783217, 1.654028, 2.677222, 1.023193,   1.654834, 1.778101, 0.123267,   1.687866, 0.039478,
 0,x_unit, 93.808876, 1.652417, 2.422632, 0.770215,   1.652417, 1.716870, 0.064453,   1.683838, 0.037866,
 0,x_unit, 93.834664, 1.648389, 2.155151, 0.506763,   1.649194, 1.701563, 0.052368,   1.685449, 0.035449,
 0,x_unit, 93.860429, 1.650806, 1.935205, 0.284400,   1.650806, 1.658057, 0.007251,   1.679810, 0.038672,
 0,x_unit, 93.886119, 1.652417, 1.811133, 0.158716,   1.650806, 1.670947, 0.020142,   1.687866, 0.040283,
 0,x_unit, 93.911777, 1.665308, 1.757959, 0.092651,   1.662085, 1.628247, -0.033838,   1.690283, 0.053979,
 0,x_unit, 93.937877, 1.661279, 1.894922, 0.233643,   1.658862, 1.670142, 0.011279,   1.695923, 0.052368,
 0,x_unit, 93.963658, 1.662891, 2.127759, 0.464868,   1.654834, 1.708813, 0.053980,   1.691895, 0.046729,
 0,x_unit, 93.989425, 1.665308, 2.309839, 0.644531,   1.662891, 1.737817, 0.074927,   1.693506, 0.053979,
 0,x_unit, 94.015090, 1.662085, 2.639355, 0.977270,   1.665308, 1.766016, 0.100708,   1.691895, 0.054785,
 0,x_unit, 94.040882, 1.658862, 2.882666, 1.223804,   1.662085, 1.802271, 0.140186,   1.693506, 0.048340,
 0,x_unit, 94.066667, 1.662085, 3.113086, 1.451001,   1.658057, 1.824023, 0.165967,   1.694311, 0.050757,
 0,x_unit, 94.092324, 1.654028, 3.237964, 1.583936,   1.660474, 1.834497, 0.174024,   1.693506, 0.047534,
 0,x_unit, 94.117982, 1.661279, 3.216211, 1.554932,   1.661279, 1.834497, 0.173218,   1.695923, 0.051562,
 0,x_unit, 94.143668, 1.656445, 3.080054, 1.423608,   1.657251, 1.815161, 0.157910,   1.690283, 0.049951,
 0,x_unit, 94.169429, 1.658057, 2.816602, 1.158545,   1.662891, 1.793408, 0.130518,   1.694311, 0.047534,
 0,x_unit, 94.195237, 1.661279, 2.549927, 0.888647,   1.661279, 1.743457, 0.082178,   1.691895, 0.051562,
 0,x_unit, 94.220988, 1.650000, 2.284863, 0.634863,   1.647583, 1.703174, 0.055591,   1.683838, 0.045923,
 0,x_unit, 94.246629, 1.644360, 2.056860, 0.412500,   1.643555, 1.687060, 0.043506,   1.686255, 0.040283,
 0,x_unit, 94.272431, 1.647583, 1.865112, 0.217529,   1.647583, 1.648389, 0.000806,   1.685449, 0.037866,
 0,x_unit, 94.298208, 1.650000, 1.757153, 0.107153,   1.641943, 1.654834, 0.012891,   1.686255, 0.037866,
 0,x_unit, 94.323993, 1.645166, 1.806299, 0.161133,   1.648389, 1.654028, 0.005640,   1.687060, 0.039478,
 0,x_unit, 94.349656, 1.649194, 1.951318, 0.302124,   1.648389, 1.683838, 0.035449,   1.683032, 0.038672,
 0,x_unit, 94.375425, 1.648389, 2.234106, 0.585718,   1.649194, 1.701563, 0.052368,   1.683032, 0.037866,
 0,x_unit, 94.401217, 1.654028, 2.478223, 0.824194,   1.652417, 1.739429, 0.087012,   1.681421, 0.041895,
 0,x_unit, 94.427120, 1.649194, 2.765845, 1.116650,   1.654028, 1.765210, 0.111182,   1.687866, 0.039478,
 0,x_unit, 94.453218, 1.652417, 3.001904, 1.349487,   1.652417, 1.805493, 0.153076,   1.681421, 0.037866,
 0,x_unit, 94.479136, 1.654834, 3.167065, 1.512231,   1.650000, 1.824023, 0.174023,   1.685449, 0.037866,
 0,x_unit, 94.505112, 1.653223, 3.239575, 1.586352,   1.654028, 1.819189, 0.165161,   1.686255, 0.039478,
 0,x_unit, 94.531228, 1.650806, 3.144507, 1.493701,   1.654834, 1.824023, 0.169189,   1.679810, 0.036255,
 0,x_unit, 94.557281, 1.665308, 2.982568, 1.317261,   1.665308, 1.776489, 0.111182,   1.691089, 0.049951,
 0,x_unit, 94.583185, 1.664502, 2.652246, 0.987744,   1.662085, 1.777295, 0.115210,   1.691895, 0.054785,
 0,x_unit, 94.609088, 1.662891, 2.433911, 0.771021,   1.662891, 1.732983, 0.070093,   1.689478, 0.049951,
 0,x_unit, 94.635148, 1.660474, 2.160791, 0.500317,   1.662085, 1.716064, 0.053980,   1.690283, 0.049951,
 0,x_unit, 94.661213, 1.658057, 1.932788, 0.274731,   1.658057, 1.641943, -0.016113,   1.693506, 0.050757,
 0,x_unit, 94.687550, 1.662085, 1.820801, 0.158716,   1.658057, 1.654834, -0.003223,   1.689478, 0.051562,
 0,x_unit, 94.713770, 1.654834, 1.784546, 0.129712,   1.661279, 1.656445, -0.004834,   1.689478, 0.052368,
 0,x_unit, 94.740118, 1.660474, 1.901367, 0.240894,   1.662085, 1.670142, 0.008057,   1.691089, 0.051562,
 0,x_unit, 94.766124, 1.656445, 2.122119, 0.465674,   1.662085, 1.712036, 0.049951,   1.690283, 0.051562,
 0,x_unit, 94.792166, 1.662085, 2.395239, 0.733154,   1.660474, 1.737817, 0.077344,   1.691895, 0.051562,
 0,x_unit, 94.818011, 1.662085, 2.677222, 1.015137,   1.654028, 1.760376, 0.106348,   1.691895, 0.051562,
 0,x_unit, 94.843958, 1.662891, 2.969678, 1.306787,   1.657251, 1.811938, 0.154687,   1.691895, 0.051562,
 0,x_unit, 94.869908, 1.648389, 3.126782, 1.478394,   1.643555, 1.815967, 0.172412,   1.682227, 0.037866,
 0,x_unit, 94.895695, 1.645166, 3.219434, 1.574268,   1.647583, 1.819995, 0.172412,   1.683838, 0.036255,
 0,x_unit, 94.921775, 1.649194, 3.180762, 1.531567,   1.650000, 1.824023, 0.174023,   1.681421, 0.039478,
 0,x_unit, 94.947690, 1.650000, 3.034131, 1.384131,   1.650000, 1.797436, 0.147436,   1.685449, 0.035449,
 0,x_unit, 94.973789, 1.647583, 2.776318, 1.128735,   1.652417, 1.765210, 0.112793,   1.685449, 0.040283,
 0,x_unit, 94.999672, 1.647583, 2.499975, 0.852392,   1.650000, 1.744263, 0.094263,   1.687060, 0.038672,
 0,x_unit, 95.025669, 1.649194, 2.225244, 0.576050,   1.650000, 1.710425, 0.060425,   1.689478, 0.039478,
 0,x_unit, 95.051649, 1.650806, 2.002881, 0.352075,   1.653223, 1.670142, 0.016919,   1.682227, 0.036255,
 0,x_unit, 95.077611, 1.650806, 1.839331, 0.188525,   1.645972, 1.641138, -0.004834,   1.685449, 0.036255,
 0,x_unit, 95.103771, 1.650806, 1.743457, 0.092651,   1.650806, 1.656445, 0.005640,   1.685449, 0.036255,
 0,x_unit, 95.129678, 1.649194, 1.823218, 0.174023,   1.652417, 1.629858, -0.022559,   1.685449, 0.037866,
 0,x_unit, 95.156031, 1.652417, 2.007715, 0.355298,   1.650806, 1.685449, 0.034644,   1.685449, 0.039478,
 0,x_unit, 95.181991, 1.664502, 2.278418, 0.613916,   1.662891, 1.736206, 0.073316,   1.689478, 0.054785,
 0,x_unit, 95.207757, 1.666113, 2.546704, 0.880591,   1.664502, 1.757959, 0.093457,   1.690283, 0.053979,
 0,x_unit, 95.233715, 1.666113, 2.827075, 1.160962,   1.665308, 1.791797, 0.126489,   1.691895, 0.050757,
 0,x_unit, 95.259695, 1.662085, 3.028491, 1.366406,   1.660474, 1.828857, 0.168384,   1.691895, 0.050757,
 0,x_unit, 95.283887, 1.665308, 3.171899, 1.506592,   1.665308, 1.834497, 0.169189,   1.694311, 0.051562,
 0,x_unit, 95.309813, 1.662085, 3.260522, 1.598437,   1.662085, 1.828052, 0.165967,   1.690283, 0.047534,
 0,x_unit, 95.335787, 1.658057, 3.130005, 1.471948,   1.658057, 1.819189, 0.161133,   1.693506, 0.049951,
 0,x_unit, 95.361676, 1.664502, 2.928589, 1.264087,   1.662085, 1.799853, 0.137769,   1.693506, 0.050757,
 0,x_unit, 95.387476, 1.660474, 2.646606, 0.986133,   1.658862, 1.766016, 0.107153,   1.691089, 0.053979,
 0,x_unit, 95.413327, 1.660474, 2.374292, 0.713818,   1.654834, 1.715259, 0.060425,   1.693506, 0.049951,
 0,x_unit, 95.439215, 1.658057, 2.096338, 0.438281,   1.661279, 1.691089, 0.029809,   1.691089, 0.050757,
 0,x_unit, 95.465159, 1.656445, 1.919897, 0.263452,   1.654028, 1.673364, 0.019336,   1.691089, 0.051562,
 0,x_unit, 95.491126, 1.657251, 1.777295, 0.120044,   1.660474, 1.648389, -0.012085,   1.691089, 0.051562,
 0,x_unit, 95.517382, 1.645166, 1.780518, 0.135352,   1.648389, 1.662085, 0.013696,   1.686255, 0.037866,
 0,x_unit, 95.543287, 1.647583, 1.919092, 0.271509,   1.647583, 1.687866, 0.040283,   1.683032, 0.035449,
 0,x_unit, 95.569344, 1.647583, 2.150317, 0.502734,   1.650000, 1.699145, 0.049145,   1.687866, 0.037866,
 0,x_unit, 95.595221, 1.649194, 2.416187, 0.766992,   1.647583, 1.732983, 0.085400,   1.685449, 0.043506,
 0,x_unit, 95.621146, 1.647583, 2.690918, 1.043335,   1.652417, 1.755542, 0.103125,   1.687060, 0.037866,
 0,x_unit, 95.647129, 1.653223, 2.941479, 1.288257,   1.648389, 1.797436, 0.149048,   1.682227, 0.038672,
 0,x_unit, 95.672999, 1.653223, 3.106641, 1.453418,   1.653223, 1.820801, 0.167578,   1.683032, 0.037866,
 0,x_unit, 95.699007, 1.653223, 3.227490, 1.574268,   1.656445, 1.841748, 0.185303,   1.691089, 0.043506,
 0,x_unit, 95.724907, 1.650806, 3.172705, 1.521899,   1.653223, 1.806299, 0.153076,   1.683032, 0.038672,
 0,x_unit, 95.750681, 1.654028, 2.996265, 1.342236,   1.652417, 1.805493, 0.153076,   1.687060, 0.037866,
 0,x_unit, 95.776589, 1.650000, 2.721533, 1.071533,   1.650000, 1.781323, 0.131323,   1.691895, 0.037866,
 0,x_unit, 95.802442, 1.650806, 2.449219, 0.798413,   1.653223, 1.745068, 0.091846,   1.686255, 0.042700,
 0,x_unit, 95.828349, 1.665308, 2.185766, 0.520459,   1.662085, 1.677393, 0.015308,   1.691895, 0.052368,
 0,x_unit, 95.854433, 1.666919, 2.011743, 0.344824,   1.662085, 1.674170, 0.012085,   1.691089, 0.046729,
 0,x_unit, 95.880354, 1.662085, 1.848193, 0.186108,   1.658862, 1.669336, 0.010474,   1.691895, 0.053979,
 0,x_unit, 95.906235, 1.664502, 1.802271, 0.137769,   1.662891, 1.662891, 0.000000,   1.691089, 0.055591,
 0,x_unit, 95.932235, 1.661279, 1.936011, 0.274731,   1.662891, 1.683838, 0.020947,   1.687060, 0.049951,
 0,x_unit, 95.958102, 1.660474, 2.148706, 0.488232,   1.657251, 1.712036, 0.054785,   1.690283, 0.053979,
 0,x_unit, 95.984125, 1.658862, 2.421021, 0.762158,   1.662891, 1.751514, 0.088623,   1.691895, 0.054785,
 0,x_unit, 96.009983, 1.662085, 2.720727, 1.058643,   1.657251, 1.764404, 0.107153,   1.686255, 0.055591,
 0,x_unit, 96.035945, 1.661279, 2.976929, 1.315649,   1.662085, 1.778906, 0.116821,   1.691089, 0.051562,
 0,x_unit, 96.062003, 1.662085, 3.105835, 1.443750,   1.662085, 1.839331, 0.177246,   1.697534, 0.046729,
 0,x_unit, 96.087970, 1.662891, 3.230713, 1.567822,   1.661279, 1.824023, 0.162744,   1.691895, 0.049951,
 0,x_unit, 96.113883, 1.660474, 3.146924, 1.486450,   1.661279, 1.832886, 0.171606,   1.693506, 0.054785,
 0,x_unit, 96.139782, 1.661279, 2.957593, 1.296313,   1.660474, 1.810327, 0.149854,   1.689478, 0.049951,
 0,x_unit, 96.165693, 1.641138, 2.679639, 1.038501,   1.645166, 1.764404, 0.119238,   1.687060, 0.040283,
 0,x_unit, 96.191572, 1.647583, 2.392017, 0.744434,   1.644360, 1.724927, 0.080566,   1.679004, 0.037866,
 0,x_unit, 96.217427, 1.650000, 2.130981, 0.480981,   1.649194, 1.695923, 0.046728,   1.685449, 0.039478,
 0,x_unit, 96.243462, 1.648389, 1.902979, 0.254590,   1.648389, 1.672559, 0.024170,   1.681421, 0.040283,
 0,x_unit, 96.269525, 1.649194, 1.823218, 0.174023,   1.650000, 1.650806, 0.000806,   1.683838, 0.041895,
 0,x_unit, 96.295232, 1.648389, 1.799048, 0.150659,   1.648389, 1.654834, 0.006445,   1.690283, 0.039478,
 0,x_unit, 96.321151, 1.648389, 1.938428, 0.290039,   1.650806, 1.666113, 0.015308,   1.687060, 0.042700,
 0,x_unit, 96.347121, 1.650000, 2.204297, 0.554297,   1.650000, 1.712036, 0.062036,   1.683838, 0.040283,
 0,x_unit, 96.373151, 1.653223, 2.453247, 0.800024,   1.650806, 1.740234, 0.089429,   1.683838, 0.037866,
 0,x_unit, 96.399111, 1.650000, 2.727978, 1.077978,   1.650806, 1.760376, 0.109570,   1.686255, 0.037866,
 0,x_unit, 96.425088, 1.654028, 2.998682, 1.344653,   1.652417, 1.789380, 0.136963,   1.681421, 0.038672,
 0,x_unit, 96.451011, 1.654834, 3.169482, 1.514649,   1.654028, 1.815161, 0.161133,   1.683838, 0.036255,
 0,x_unit, 96.477003, 1.665308, 3.213794, 1.548486,   1.668530, 1.843359, 0.174829,   1.691089, 0.046729,
 0,x_unit, 96.503013, 1.666919, 3.125977, 1.459058,   1.662085, 1.790991, 0.128906,   1.686255, 0.048340,
 0,x_unit, 96.528781, 1.662891, 2.889111, 1.226221,   1.662085, 1.790186, 0.128101,   1.691895, 0.048340,
 0,x_unit, 96.554687, 1.662085, 2.649023, 0.986938,   1.662891, 1.772461, 0.109570,   1.687866, 0.051562,
 0,x_unit, 96.580321, 1.662085, 2.350928, 0.688843,   1.661279, 1.731372, 0.070093,   1.693506, 0.048340,
 0,x_unit, 96.605999, 1.658057, 2.106006, 0.447949,   1.658862, 1.683032, 0.024170,   1.691089, 0.051562,
 0,x_unit, 96.631771, 1.662085, 1.907812, 0.245728,   1.657251, 1.666919, 0.009668,   1.690283, 0.051562,
 0,x_unit, 96.657558, 1.662891, 1.815967, 0.153076,   1.660474, 1.633081, -0.027393,   1.693506, 0.053979,
 0,x_unit, 96.683527, 1.662085, 1.832886, 0.170801,   1.660474, 1.640332, -0.020142,   1.689478, 0.050757,
 0,x_unit, 96.709460, 1.658057, 1.980322, 0.322266,   1.658862, 1.670947, 0.012085,   1.685449, 0.053979,
 0,x_unit, 96.735215, 1.660474, 2.210742, 0.550269,   1.658057, 1.716870, 0.058813,   1.691089, 0.046729,
 0,x_unit, 96.761004, 1.658057, 2.494336, 0.836279,   1.658862, 1.757959, 0.099097,   1.687866, 0.048340,
 0,x_unit, 96.786724, 1.644360, 2.752148, 1.107788,   1.647583, 1.768433, 0.120850,   1.682227, 0.037866,
 0,x_unit, 96.812325, 1.647583, 2.963232, 1.315649,   1.648389, 1.799853, 0.151465,   1.682227, 0.037866,
 0,x_unit, 96.838104, 1.647583, 3.159009, 1.511426,   1.647583, 1.787768, 0.140185,   1.691089, 0.036255,
 0,x_unit, 96.863886, 1.650806, 3.192847, 1.542041,   1.650000, 1.816772, 0.166772,   1.686255, 0.039478,
 0,x_unit, 96.889667, 1.647583, 3.098584, 1.451001,   1.650806, 1.811938, 0.161133,   1.685449, 0.037866,
 0,x_unit, 96.915322, 1.652417, 2.873804, 1.221387,   1.647583, 1.803076, 0.155493,   1.687060, 0.038672,
 0,x_unit, 96.941113, 1.647583, 2.607129, 0.959546,   1.652417, 1.740234, 0.087817,   1.682227, 0.041895,
 0,x_unit, 96.967001, 1.652417, 2.380737, 0.728320,   1.650806, 1.707202, 0.056396,   1.686255, 0.033838,
 0,x_unit, 96.992742, 1.647583, 2.081030, 0.433447,   1.650806, 1.699145, 0.048340,   1.683838, 0.036255,
 0,x_unit, 97.018374, 1.650000, 1.886060, 0.236060,   1.649194, 1.643555, -0.005640,   1.687866, 0.039478,
 0,x_unit, 97.044337, 1.653223, 1.787768, 0.134546,   1.650000, 1.643555, -0.006445,   1.683838, 0.039478,
 0,x_unit, 97.070443, 1.653223, 1.803882, 0.150659,   1.650806, 1.629053, -0.021753,   1.679810, 0.040283,
 0,x_unit, 97.096460, 1.654028, 2.031885, 0.377856,   1.650806, 1.685449, 0.034644,   1.687060, 0.035449,
 0,x_unit, 97.122305, 1.662085, 2.243774, 0.581689,   1.665308, 1.716064, 0.050757,   1.689478, 0.050757,
 0,x_unit, 97.147997, 1.662891, 2.524951, 0.862061,   1.666113, 1.736206, 0.070093,   1.691895, 0.050757,
 0,x_unit, 97.173783, 1.662085, 2.790820, 1.128735,   1.662085, 1.780518, 0.118433,   1.685449, 0.052368,
 0,x_unit, 97.199557, 1.662085, 3.035742, 1.373657,   1.662085, 1.819189, 0.157104,   1.693506, 0.049951,
 0,x_unit, 97.225313, 1.664502, 3.173511, 1.509009,   1.662085, 1.861084, 0.198999,   1.689478, 0.051562,
 0,x_unit, 97.251003, 1.666113, 3.226685, 1.560571,   1.665308, 1.845776, 0.180469,   1.694311, 0.049951,
 0,x_unit, 97.276697, 1.666113, 3.098584, 1.432471,   1.658862, 1.839331, 0.180469,   1.694311, 0.052368,
 0,x_unit, 97.300225, 1.661279, 2.876221, 1.214941,   1.664502, 1.786157, 0.121655,   1.691895, 0.051562,
 0,x_unit, 97.326004, 1.660474, 2.616797, 0.956323,   1.658057, 1.740234, 0.082178,   1.691089, 0.046729,
 0,x_unit, 97.351665, 1.654028, 2.321924, 0.667895,   1.658057, 1.722510, 0.064453,   1.694311, 0.051562,
 0,x_unit, 97.377334, 1.660474, 2.077808, 0.417334,   1.662085, 1.695923, 0.033838,   1.691895, 0.051562,
 0,x_unit, 97.403116, 1.657251, 1.899756, 0.242505,   1.658862, 1.682227, 0.023364,   1.691895, 0.049951,
 0,x_unit, 97.428896, 1.647583, 1.780518, 0.132935,   1.641943, 1.656445, 0.014502,   1.683838, 0.037866,
 0,x_unit, 97.454667, 1.643555, 1.820801, 0.177246,   1.648389, 1.658862, 0.010474,   1.691089, 0.037866,
 0,x_unit, 97.480323, 1.644360, 1.994019, 0.349658,   1.647583, 1.679004, 0.031421,   1.687866, 0.037866,
 0,x_unit, 97.505998, 1.645972, 2.242969, 0.596997,   1.647583, 1.703979, 0.056396,   1.683838, 0.038672,
 0,x_unit, 97.531781, 1.650806, 2.495947, 0.845142,   1.648389, 1.753125, 0.104736,   1.685449, 0.039478,
 0,x_unit, 97.557681, 1.650000, 2.790820, 1.140820,   1.652417, 1.773267, 0.120850,   1.683032, 0.037866,
 0,x_unit, 97.583325, 1.652417, 3.027685, 1.375268,   1.654028, 1.811938, 0.157910,   1.686255, 0.039478,
 0,x_unit, 97.609004, 1.654028, 3.185596, 1.531567,   1.653223, 1.819189, 0.165967,   1.686255, 0.039478,
 0,x_unit, 97.634780, 1.654834, 3.200903, 1.546069,   1.654028, 1.815967, 0.161938,   1.686255, 0.037866,
 0,x_unit, 97.660553, 1.650806, 3.092944, 1.442139,   1.654028, 1.803882, 0.149853,   1.685449, 0.040283,
 0,x_unit, 97.686293, 1.653223, 2.856885, 1.203662,   1.650806, 1.781323, 0.130518,   1.682227, 0.037866,
 0,x_unit, 97.712003, 1.649194, 2.575708, 0.926514,   1.650000, 1.724927, 0.074927,   1.685449, 0.037866,
 0,x_unit, 97.737815, 1.650000, 2.291309, 0.641309,   1.647583, 1.699951, 0.052368,   1.683032, 0.040283,
 0,x_unit, 97.763674, 1.665308, 2.071362, 0.406055,   1.668530, 1.703979, 0.035449,   1.691895, 0.051562,
 0,x_unit, 97.789412, 1.662085, 1.886060, 0.223975,   1.662085, 1.677393, 0.015308,   1.695923, 0.052368,
 0,x_unit, 97.815107, 1.662085, 1.813550, 0.151465,   1.660474, 1.676587, 0.016113,   1.687060, 0.048340,
 0,x_unit, 97.840894, 1.662085, 1.841748, 0.179663,   1.658862, 1.670947, 0.012085,   1.691089, 0.053979,
 0,x_unit, 97.866681, 1.661279, 1.992407, 0.331128,   1.658862, 1.702368, 0.043506,   1.693506, 0.051562,
 0,x_unit, 97.892384, 1.662085, 2.279224, 0.617139,   1.658862, 1.719287, 0.060425,   1.699951, 0.052368,
 0,x_unit, 97.918107, 1.662085, 2.545093, 0.883008,   1.661279, 1.785352, 0.124072,   1.691895, 0.046729,
 0,x_unit, 97.943778, 1.660474, 2.804517, 1.144043,   1.662085, 1.786157, 0.124072,   1.691895, 0.051562,
 0,x_unit, 97.969558, 1.661279, 3.034131, 1.372851,   1.662085, 1.795020, 0.132935,   1.694311, 0.049951,
 0,x_unit, 97.995230, 1.662891, 3.179956, 1.517065,   1.662891, 1.816772, 0.153882,   1.694311, 0.054785,
 0,x_unit, 98.021011, 1.658862, 3.205737, 1.546875,   1.660474, 1.832080, 0.171606,   1.697534, 0.050757,
 0,x_unit, 98.046642, 1.662891, 3.105835, 1.442944,   1.661279, 1.832886, 0.171606,   1.691089, 0.052368,
 0,x_unit, 98.072452, 1.662085, 2.835132, 1.173047,   1.657251, 1.782129, 0.124878,   1.691895, 0.051562,
 0,x_unit, 98.098225, 1.652417, 2.554761, 0.902344,   1.650000, 1.752319, 0.102319,   1.683838, 0.037866,
 0,x_unit, 98.124004, 1.648389, 2.288892, 0.640503,   1.645972, 1.691089, 0.045117,   1.687060, 0.037866,
 0,x_unit, 98.149691, 1.645972, 2.071362, 0.425391,   1.648389, 1.702368, 0.053980,   1.685449, 0.036255,
 0,x_unit, 98.175449, 1.650000, 1.876392, 0.226392,   1.648389, 1.650806, 0.002417,   1.687060, 0.037866,
 0,x_unit, 98.201226, 1.654834, 1.819189, 0.164356,   1.653223, 1.649194, -0.004028,   1.687060, 0.039478,
 0,x_unit, 98.227349, 1.648389, 1.867529, 0.219141,   1.645972, 1.666919, 0.020947,   1.685449, 0.039478,
 0,x_unit, 98.253088, 1.647583, 2.104394, 0.456811,   1.652417, 1.695923, 0.043506,   1.687866, 0.037866,
 0,x_unit, 98.278788, 1.650806, 2.324341, 0.673535,   1.648389, 1.715259, 0.066870,   1.682227, 0.036255,
 0,x_unit, 98.304558, 1.652417, 2.624853, 0.972436,   1.658057, 1.753125, 0.095068,   1.682227, 0.036255,
 0,x_unit, 98.330338, 1.654834, 2.881055, 1.226221,   1.650000, 1.785352, 0.135352,   1.685449, 0.037866,
 0,x_unit, 98.356110, 1.654028, 3.080054, 1.426025,   1.650000, 1.805493, 0.155493,   1.683838, 0.040283,
 0,x_unit, 98.381774, 1.669336, 3.225879, 1.556543,   1.664502, 1.838525, 0.174024,   1.689478, 0.052368,
 0,x_unit, 98.407446, 1.670142, 3.167871, 1.497729,   1.668530, 1.820801, 0.152271,   1.693506, 0.054785,
 0,x_unit, 98.433223, 1.661279, 2.956787, 1.295508,   1.666113, 1.807104, 0.140991,   1.691895, 0.054785,
 0,x_unit, 98.459029, 1.661279, 2.653857, 0.992578,   1.662085, 1.762793, 0.100708,   1.690283, 0.047534,
 0,x_unit, 98.484724, 1.661279, 2.396851, 0.735571,   1.662085, 1.737817, 0.075732,   1.691895, 0.048340,
 0,x_unit, 98.510327, 1.662891, 2.143066, 0.480176,   1.665308, 1.670142, 0.004834,   1.694311, 0.055591,
 0,x_unit, 98.536120, 1.656445, 1.942456, 0.286011,   1.658862, 1.686255, 0.027393,   1.691895, 0.050757,
 0,x_unit, 98.562012, 1.657251, 1.814355, 0.157104,   1.657251, 1.672559, 0.015308,   1.693506, 0.051562,
 0,x_unit, 98.587734, 1.658862, 1.847388, 0.188525,   1.660474, 1.664502, 0.004028,   1.693506, 0.049951,
 0,x_unit, 98.613336, 1.662085, 1.965015, 0.302930,   1.658862, 1.686255, 0.027393,   1.695923, 0.052368,
 0,x_unit, 98.639118, 1.660474, 2.222021, 0.561548,   1.661279, 1.697534, 0.036255,   1.693506, 0.053979,
 0,x_unit, 98.664909, 1.660474, 2.499975, 0.839502,   1.661279, 1.753125, 0.091846,   1.691089, 0.048340,
 0,x_unit, 98.690565, 1.654834, 2.764233, 1.109399,   1.662085, 1.773267, 0.111182,   1.691895, 0.047534,
 0,x_unit, 98.716220, 1.649194, 3.014795, 1.365600,   1.649194, 1.810327, 0.161133,   1.683838, 0.039478,
 0,x_unit, 98.742002, 1.647583, 3.148535, 1.500952,   1.644360, 1.820801, 0.176440,   1.683838, 0.035449,
 0,x_unit, 98.767794, 1.652417, 3.130810, 1.478394,   1.645972, 1.790991, 0.145020,   1.685449, 0.039478,
 0,x_unit, 98.793562, 1.653223, 3.014795, 1.361572,   1.649194, 1.786157, 0.136963,   1.685449, 0.038672,
 0,x_unit, 98.819328, 1.648389, 2.807739, 1.159351,   1.647583, 1.760376, 0.112793,   1.687060, 0.037866,
 0,x_unit, 98.845015, 1.650000, 2.500781, 0.850781,   1.648389, 1.766016, 0.117627,   1.681421, 0.037866,
 0,x_unit, 98.870679, 1.649194, 2.212353, 0.563159,   1.649194, 1.695923, 0.046728,   1.682227, 0.038672,
 0,x_unit, 98.896340, 1.650806, 1.982739, 0.331934,   1.649194, 1.664502, 0.015308,   1.687060, 0.036255,
 0,x_unit, 98.922147, 1.645166, 1.822412, 0.177246,   1.650000, 1.660474, 0.010474,   1.686255, 0.037866,
 0,x_unit, 98.947897, 1.650000, 1.803076, 0.153076,   1.650000, 1.654834, 0.004834,   1.679004, 0.040283,
 0,x_unit, 98.973675, 1.650000, 1.909424, 0.259424,   1.650000, 1.670947, 0.020947,   1.687866, 0.036255,
 0,x_unit, 98.999439, 1.652417, 2.117285, 0.464868,   1.653223, 1.707202, 0.053979,   1.689478, 0.039478,
 0,x_unit, 99.025225, 1.666919, 2.359790, 0.692871,   1.666113, 1.724121, 0.058008,   1.689478, 0.050757,
 0,x_unit, 99.050915, 1.664502, 2.674805, 1.010303,   1.666113, 1.778906, 0.112793,   1.690283, 0.048340,
 0,x_unit, 99.076566, 1.662085, 2.901196, 1.239111,   1.658862, 1.805493, 0.146631,   1.689478, 0.051562,
 0,x_unit, 99.102224, 1.664502, 3.135644, 1.471143,   1.666113, 1.819995, 0.153882,   1.691895, 0.047534,
 0,x_unit, 99.128111, 1.662085, 3.136450, 1.474365,   1.662891, 1.824023, 0.161133,   1.691089, 0.050757,
 0,x_unit, 99.153901, 1.664502, 3.093750, 1.429248,   1.662085, 1.803076, 0.140991,   1.693506, 0.052368,
 0,x_unit, 99.179614, 1.662085, 2.876221, 1.214136,   1.662085, 1.795020, 0.132935,   1.687866, 0.052368,
 0,x_unit, 99.205350, 1.658862, 2.596655, 0.937793,   1.665308, 1.774072, 0.108765,   1.690283, 0.046729,
 0,x_unit, 99.231111, 1.661279, 2.329980, 0.668701,   1.654834, 1.715259, 0.060425,   1.691089, 0.052368,
 0,x_unit, 99.257015, 1.660474, 2.079419, 0.418945,   1.660474, 1.708008, 0.047534,   1.691089, 0.051562,
 0,x_unit, 99.282674, 1.662085, 1.893311, 0.231226,   1.658862, 1.682227, 0.023364,   1.693506, 0.051562,
 0,x_unit, 99.308352, 1.656445, 1.809521, 0.153076,   1.654834, 1.656445, 0.001611,   1.687060, 0.051562,
 0,x_unit, 99.334115, 1.662085, 1.844971, 0.182886,   1.654834, 1.673364, 0.018530,   1.690283, 0.053979,
 0,x_unit, 99.359904, 1.647583, 2.035107, 0.387524,   1.644360, 1.706396, 0.062036,   1.686255, 0.037866,
 0,x_unit, 99.385639, 1.648389, 2.284863, 0.636475,   1.643555, 1.719287, 0.075732,   1.685449, 0.039478,
 0,x_unit, 99.411329, 1.647583, 2.533813, 0.886230,   1.650000, 1.737012, 0.087012,   1.683838, 0.039478,
 0,x_unit, 99.437111, 1.650000, 2.839966, 1.189966,   1.650000, 1.780518, 0.130518,   1.686255, 0.037866,
 0,x_unit, 99.462906, 1.654028, 3.019629, 1.365600,   1.649194, 1.806299, 0.157104,   1.683838, 0.038672,
 0,x_unit, 99.488572, 1.652417, 3.161426, 1.509009,   1.652417, 1.805493, 0.153076,   1.685449, 0.037866,
 0,x_unit, 99.514228, 1.654028, 3.152563, 1.498535,   1.648389, 1.843359, 0.194971,   1.687060, 0.039478,
 0,x_unit, 99.540016, 1.652417, 2.968872, 1.316455,   1.653223, 1.795825, 0.142602,   1.682227, 0.037866,
 0,x_unit, 99.565903, 1.653223, 2.741675, 1.088452,   1.647583, 1.761182, 0.113599,   1.685449, 0.038672,
 0,x_unit, 99.591681, 1.650806, 2.421021, 0.770215,   1.648389, 1.732178, 0.083789,   1.683838, 0.038672,
 0,x_unit, 99.617341, 1.650806, 2.163208, 0.512402,   1.648389, 1.687060, 0.038672,   1.687060, 0.039478,
 0,x_unit, 99.643016, 1.650000, 1.965015, 0.315015,   1.649194, 1.670947, 0.021753,   1.687060, 0.038672,
 0,x_unit, 99.668786, 1.662085, 1.795020, 0.132935,   1.661279, 1.657251, -0.004028,   1.691089, 0.052368,
 0,x_unit, 99.694799, 1.664502, 1.819189, 0.154688,   1.661279, 1.672559, 0.011279,   1.691895, 0.055591,
 0,x_unit, 99.720561, 1.656445, 1.944067, 0.287622,   1.664502, 1.687060, 0.022559,   1.687060, 0.050757,
 0,x_unit, 99.746232, 1.662891, 2.183350, 0.520459,   1.657251, 1.722510, 0.065259,   1.691089, 0.052368,
 0,x_unit, 99.772021, 1.662085, 2.474194, 0.812109,   1.662891, 1.743457, 0.080566,   1.691895, 0.053979,
 0,x_unit, 99.797769, 1.662085, 2.735229, 1.073145,   1.661279, 1.773267, 0.111987,   1.691895, 0.053979,
 0,x_unit, 99.823576, 1.658057, 2.970483, 1.312427,   1.662891, 1.806299, 0.143408,   1.687060, 0.049951,
 0,x_unit, 99.849223, 1.662085, 3.117114, 1.455029,   1.662085, 1.834497, 0.172412,   1.689478, 0.051562,
 0,x_unit, 99.875014, 1.664502, 3.175122, 1.510620,   1.662085, 1.840137, 0.178052,   1.693506, 0.054785,
 0,x_unit, 99.900792, 1.662085, 3.063135, 1.401050,   1.662085, 1.835303, 0.173218,   1.683838, 0.054785,
 0,x_unit, 99.926581, 1.654834, 2.816602, 1.161768,   1.664502, 1.776489, 0.111987,   1.689478, 0.054785,
 0,x_unit, 99.952232, 1.662085, 2.561206, 0.899121,   1.658057, 1.728149, 0.070093,   1.693506, 0.052368,
 0,x_unit, 99.977898, 1.658057, 2.263916, 0.605859,   1.660474, 1.708008, 0.047534,   1.689478, 0.053979,
 0,x_unit, 100.003685, 1.645972, 2.042358, 0.396387,   1.643555, 1.674170, 0.030615,   1.686255, 0.037866,
 0,x_unit, 100.029822, 1.649194, 1.851416, 0.202222,   1.643555, 1.666919, 0.023364,   1.683838, 0.039478,
 0,x_unit, 100.055921, 1.647583, 1.787768, 0.140185,   1.647583, 1.641138, -0.006445,   1.682227, 0.037866,
 0,x_unit, 100.082136, 1.647583, 1.896533, 0.248950,   1.650000, 1.682227, 0.032227,   1.682227, 0.040283,
 0,x_unit, 100.108144, 1.650000, 2.117285, 0.467285,   1.645972, 1.694311, 0.048340,   1.683838, 0.037866,
 0,x_unit, 100.134284, 1.647583, 2.366235, 0.718652,   1.650000, 1.728955, 0.078955,   1.682227, 0.037866,
 0,x_unit, 100.160388, 1.650806, 2.645801, 0.994995,   1.649194, 1.760376, 0.111182,   1.682227, 0.037866,
 0,x_unit, 100.186429, 1.654028, 2.947925, 1.293897,   1.652417, 1.777295, 0.124878,   1.689478, 0.037866,
 0,x_unit, 100.212455, 1.647583, 3.100195, 1.452612,   1.654834, 1.809521, 0.154688,   1.687866, 0.038672,
 0,x_unit, 100.238572, 1.650806, 3.179956, 1.529150,   1.650000, 1.806299, 0.156299,   1.687060, 0.037866,
 0,x_unit, 100.264627, 1.650000, 3.104223, 1.454224,   1.650000, 1.814355, 0.164356,   1.683838, 0.037866,
 0,x_unit, 100.290707, 1.648389, 2.837549, 1.189160,   1.654028, 1.777295, 0.123267,   1.683838, 0.038672,
 0,x_unit, 100.316632, 1.661279, 2.620825, 0.959546,   1.666919, 1.780518, 0.113599,   1.687866, 0.051562,
 0,x_unit, 100.342688, 1.665308, 2.325146, 0.659839,   1.665308, 1.728955, 0.063647,   1.691895, 0.049951,
 0,x_unit, 100.368805, 1.660474, 2.093115, 0.432642,   1.658862, 1.686255, 0.027393,   1.691895, 0.046729,
 0,x_unit, 100.394842, 1.660474, 1.878809, 0.218335,   1.661279, 1.676587, 0.015308,   1.689478, 0.052368,
 0,x_unit, 100.420841, 1.662085, 1.806299, 0.144214,   1.656445, 1.650000, -0.006445,   1.691089, 0.055591,
 0,x_unit, 100.447116, 1.656445, 1.867529, 0.211084,   1.657251, 1.662085, 0.004834,   1.691089, 0.050757,
 0,x_unit, 100.473246, 1.661279, 2.048804, 0.387524,   1.660474, 1.694311, 0.033838,   1.691895, 0.049951,
 0,x_unit, 100.499241, 1.662891, 2.342065, 0.679175,   1.657251, 1.728955, 0.071704,   1.691089, 0.049951,
 0,x_unit, 100.525694, 1.657251, 2.599072, 0.941821,   1.658862, 1.759570, 0.100708,   1.695923, 0.051562,
 0,x_unit, 100.551694, 1.662891, 2.915698, 1.252808,   1.657251, 1.795020, 0.137769,   1.693506, 0.051562,
 0,x_unit, 100.577694, 1.660474, 3.096167, 1.435693,   1.661279, 1.811133, 0.149853,   1.693506, 0.049951,
 0,x_unit, 100.603693, 1.660474, 3.159009, 1.498535,   1.656445, 1.809521, 0.153076,   1.689478, 0.053979,
 0,x_unit, 100.629797, 1.644360, 3.084888, 1.440527,   1.647583, 1.805493, 0.157910,   1.685449, 0.038672,
 0,x_unit, 100.655913, 1.648389, 2.868164, 1.219775,   1.648389, 1.778101, 0.129712,   1.691089, 0.035449,
 0,x_unit, 100.681813, 1.649194, 2.570068, 0.920874,   1.650806, 1.741040, 0.090234,   1.685449, 0.037866,
 0,x_unit, 100.707818, 1.647583, 2.288086, 0.640503,   1.648389, 1.699145, 0.050757,   1.681421, 0.038672,
 0,x_unit, 100.733912, 1.650806, 2.054443, 0.403638,   1.650000, 1.685449, 0.035449,   1.689478, 0.034644,
 0,x_unit, 100.759961, 1.652417, 1.876392, 0.223975,   1.647583, 1.670142, 0.022559,   1.682227, 0.038672,
 0,x_unit, 100.786096, 1.645972, 1.824829, 0.178857,   1.652417, 1.648389, -0.004028,   1.690283, 0.040283,
 0,x_unit, 100.812248, 1.649194, 1.906201, 0.257007,   1.645972, 1.683838, 0.037866,   1.679810, 0.037866,
 0,x_unit, 100.838271, 1.650000, 2.125342, 0.475342,   1.652417, 1.695923, 0.043506,   1.687060, 0.037866,
 0,x_unit, 100.864355, 1.649194, 2.400073, 0.750879,   1.650000, 1.772461, 0.122461,   1.683838, 0.038672,
 0,x_unit, 100.890455, 1.654028, 2.691724, 1.037695,   1.652417, 1.790186, 0.137769,   1.683838, 0.040283,
 0,x_unit, 100.916468, 1.654834, 2.940674, 1.285840,   1.650000, 1.803882, 0.153882,   1.683838, 0.039478,
 0,x_unit, 100.942455, 1.664502, 3.136450, 1.471948,   1.669336, 1.836108, 0.166772,   1.690283, 0.049951,
 0,x_unit, 100.968597, 1.668530, 3.165454, 1.496924,   1.669336, 1.798242, 0.128906,   1.689478, 0.049951,
 0,x_unit, 100.994586, 1.662085, 3.030102, 1.368018,   1.662085, 1.815161, 0.153076,   1.691895, 0.054785,
 0,x_unit, 101.020606, 1.662085, 2.810156, 1.148071,   1.665308, 1.778101, 0.112793,   1.691089, 0.048340,
 0,x_unit, 101.046674, 1.665308, 2.516895, 0.851587,   1.660474, 1.736206, 0.075732,   1.691895, 0.050757,
 0,x_unit, 101.072693, 1.657251, 2.210742, 0.553491,   1.658862, 1.716064, 0.057202,   1.694311, 0.048340,
 0,x_unit, 101.098825, 1.654834, 2.005298, 0.350464,   1.662085, 1.703174, 0.041089,   1.690283, 0.050757,
 0,x_unit, 101.124916, 1.654834, 1.844165, 0.189331,   1.656445, 1.650000, -0.006445,   1.694311, 0.052368,
 0,x_unit, 101.151145, 1.660474, 1.802271, 0.141797,   1.657251, 1.664502, 0.007251,   1.695117, 0.051562,
 0,x_unit, 101.177241, 1.656445, 1.969849, 0.313403,   1.662085, 1.683032, 0.020947,   1.697534, 0.055591,
 0,x_unit, 101.203249, 1.661279, 2.229272, 0.567993,   1.661279, 1.704785, 0.043506,   1.691089, 0.049951,
 0,x_unit, 101.229401, 1.658057, 2.490308, 0.832251,   1.662085, 1.741040, 0.078955,   1.693506, 0.049951,
 0,x_unit, 101.255477, 1.662085, 2.765845, 1.103760,   1.662085, 1.772461, 0.110376,   1.693506, 0.049951,
 0,x_unit, 101.281450, 1.647583, 3.005127, 1.357544,   1.650000, 1.807104, 0.157104,   1.678198, 0.039478,
 0,x_unit, 101.307241, 1.645972, 3.113086, 1.467114,   1.645972, 1.824023, 0.178052,   1.683838, 0.039478,
 0,x_unit, 101.333259, 1.645972, 3.138062, 1.492090,   1.652417, 1.814355, 0.161939,   1.683838, 0.040283,
 0,x_unit, 101.359381, 1.652417, 2.968066, 1.315650,   1.645972, 1.790991, 0.145020,   1.683032, 0.040283,
 0,x_unit, 101.385447, 1.647583, 2.707031, 1.059448,   1.650000, 1.752319, 0.102319,   1.689478, 0.038672,
 0,x_unit, 101.411457, 1.649194, 2.405713, 0.756518,   1.647583, 1.736206, 0.088623,   1.683838, 0.037866,
 0,x_unit, 101.437594, 1.645972, 2.147095, 0.501123,   1.650806, 1.683032, 0.032227,   1.683838, 0.040283,
 0,x_unit, 101.463596, 1.650806, 1.947290, 0.296484,   1.650806, 1.683838, 0.033032,   1.683032, 0.039478,
 0,x_unit, 101.489695, 1.648389, 1.859473, 0.211084,   1.652417, 1.657251, 0.004834,   1.686255, 0.039478,
 0,x_unit, 101.515608, 1.652417, 1.845776, 0.193359,   1.649194, 1.676587, 0.027393,   1.683838, 0.039478,
 0,x_unit, 101.541700, 1.649194, 2.019800, 0.370605,   1.647583, 1.687060, 0.039477,   1.687060, 0.039478,
 0,x_unit, 101.567926, 1.648389, 2.280835, 0.632446,   1.652417, 1.699145, 0.046728,   1.683838, 0.039478,
 0,x_unit, 101.593927, 1.661279, 2.541065, 0.879785,   1.662085, 1.757959, 0.095874,   1.683838, 0.053979,
 0,x_unit, 101.620041, 1.658862, 2.841577, 1.182715,   1.665308, 1.784546, 0.119238,   1.691895, 0.052368,
 0,x_unit, 101.645924, 1.665308, 3.059106, 1.393799,   1.666113, 1.819189, 0.153076,   1.691895, 0.052368,
 0,x_unit, 101.672036, 1.666113, 3.160620, 1.494507,   1.664502, 1.805493, 0.140991,   1.695923, 0.052368,
 0,x_unit, 101.698022, 1.662085, 3.121143, 1.459058,   1.662891, 1.810327, 0.147437,   1.693506, 0.048340,
 0,x_unit, 101.724052, 1.658862, 2.930200, 1.271338,   1.658862, 1.791797, 0.132935,   1.691089, 0.046729,
 0,x_unit, 101.750147, 1.662085, 2.637744, 0.975659,   1.664502, 1.780518, 0.116016,   1.691895, 0.049951,
 0,x_unit, 101.776242, 1.662085, 2.339648, 0.677564,   1.656445, 1.716870, 0.060425,   1.691895, 0.051562,
 0,x_unit, 101.802329, 1.662085, 2.094727, 0.432642,   1.652417, 1.699951, 0.047534,   1.691895, 0.051562,
 0,x_unit, 101.828360, 1.654834, 1.898950, 0.244116,   1.661279, 1.670947, 0.009668,   1.689478, 0.047534,
 0,x_unit, 101.854470, 1.660474, 1.832886, 0.172412,   1.660474, 1.664502, 0.004028,   1.691895, 0.050757,
 0,x_unit, 101.880482, 1.662891, 1.886060, 0.223169,   1.658057, 1.666113, 0.008057,   1.691895, 0.049951,
 0,x_unit, 101.906468, 1.660474, 2.114063, 0.453589,   1.660474, 1.707202, 0.046728,   1.691089, 0.053979,
 0,x_unit, 101.932608, 1.647583, 2.376709, 0.729126,   1.647583, 1.736206, 0.088623,   1.683838, 0.035449,
 0,x_unit, 101.958716, 1.645166, 2.653857, 1.008691,   1.647583, 1.765210, 0.117627,   1.683838, 0.038672,
 0,x_unit, 101.984748, 1.649194, 2.893140, 1.243945,   1.643555, 1.764404, 0.120850,   1.687060, 0.037866,
 0,x_unit, 102.010816, 1.653223, 3.105029, 1.451807,   1.650806, 1.791797, 0.140991,   1.686255, 0.039478,
 0,x_unit, 102.036816, 1.654028, 3.159814, 1.505786,   1.650000, 1.795020, 0.145020,   1.686255, 0.038672,
 0,x_unit, 102.063026, 1.650000, 3.071191, 1.421191,   1.653223, 1.811938, 0.158716,   1.686255, 0.038672,
 0,x_unit, 102.089031, 1.650806, 2.819019, 1.168213,   1.653223, 1.795825, 0.142602,   1.683032, 0.037866,
 0,x_unit, 102.114936, 1.650806, 2.549121, 0.898316,   1.648389, 1.743457, 0.095068,   1.683838, 0.039478,
 0,x_unit, 102.141034, 1.652417, 2.255859, 0.603442,   1.652417, 1.699145, 0.046728,   1.683032, 0.037866,
 0,x_unit, 102.167060, 1.648389, 2.023828, 0.375439,   1.648389, 1.682227, 0.033838,   1.682227, 0.039478,
 0,x_unit, 102.193095, 1.647583, 1.869946, 0.222363,   1.647583, 1.658057, 0.010474,   1.683838, 0.037866,
 0,x_unit, 102.219151, 1.653223, 1.820801, 0.167578,   1.647583, 1.658862, 0.011279,   1.687866, 0.039478,
 0,x_unit, 102.245053, 1.662085, 1.942456, 0.280371,   1.662085, 1.697534, 0.035449,   1.691089, 0.048340,
 0,x_unit, 102.271151, 1.658057, 2.197046, 0.538989,   1.662085, 1.693506, 0.031421,   1.687866, 0.049951,
 0,x_unit, 102.297246, 1.662891, 2.450830, 0.787939,   1.662085, 1.751514, 0.089429,   1.691895, 0.049951,
 0,x_unit, 102.323361, 1.658862, 2.728784, 1.069922,   1.662085, 1.749097, 0.087012,   1.686255, 0.050757,
 0,x_unit, 102.349253, 1.664502, 2.961621, 1.297119,   1.662085, 1.810327, 0.148242,   1.686255, 0.050757,
 0,x_unit, 102.375372, 1.660474, 3.154175, 1.493701,   1.660474, 1.823218, 0.162744,   1.690283, 0.055591,
 0,x_unit, 102.401366, 1.662891, 3.146118, 1.483228,   1.665308, 1.828857, 0.163550,   1.691895, 0.050757,
 0,x_unit, 102.427386, 1.661279, 3.009961, 1.348682,   1.658862, 1.795825, 0.136963,   1.691895, 0.050757,
 0,x_unit, 102.453483, 1.657251, 2.736841, 1.079590,   1.662085, 1.777295, 0.115210,   1.693506, 0.050757,
 0,x_unit, 102.479369, 1.661279, 2.458081, 0.796802,   1.661279, 1.736206, 0.074927,   1.691895, 0.055591,
 0,x_unit, 102.505387, 1.658057, 2.197851, 0.539795,   1.658862, 1.703979, 0.045117,   1.693506, 0.050757,
 0,x_unit, 102.531464, 1.661279, 1.973877, 0.312598,   1.658057, 1.691895, 0.033838,   1.691895, 0.049951,
 0,x_unit, 102.557602, 1.641138, 1.844165, 0.203027,   1.645166, 1.678198, 0.033032,   1.682227, 0.038672,
 0,x_unit, 102.583669, 1.645166, 1.809521, 0.164355,   1.647583, 1.664502, 0.016919,   1.683838, 0.037866,
 0,x_unit, 102.609607, 1.645972, 2.038330, 0.392358,   1.648389, 1.650000, 0.001611,   1.687060, 0.037866,
 0,x_unit, 102.635685, 1.650000, 2.247803, 0.597803,   1.644360, 1.699145, 0.054785,   1.683032, 0.039478,
 0,x_unit, 102.661816, 1.649194, 2.542676, 0.893481,   1.650000, 1.753125, 0.103125,   1.685449, 0.035449,
 0,x_unit, 102.687926, 1.649194, 2.819824, 1.170630,   1.647583, 1.772461, 0.124878,   1.687866, 0.036255,
 0,x_unit, 102.713922, 1.650000, 3.023657, 1.373657,   1.650806, 1.818384, 0.167578,   1.687060, 0.037866,
 0,x_unit, 102.739934, 1.654028, 3.155786, 1.501758,   1.654028, 1.811133, 0.157104,   1.685449, 0.038672,
 0,x_unit, 102.766032, 1.650000, 3.135644, 1.485644,   1.653223, 1.814355, 0.161133,   1.686255, 0.035449,
 0,x_unit, 102.792142, 1.652417, 2.922143, 1.269727,   1.653223, 1.765210, 0.111987,   1.683838, 0.037866,
 0,x_unit, 102.818145, 1.653223, 2.660303, 1.007080,   1.650000, 1.765210, 0.115210,   1.687060, 0.038672,
 0,x_unit, 102.844268, 1.650000, 2.350122, 0.700122,   1.648389, 1.710425, 0.062036,   1.683838, 0.039478,
 0,x_unit, 102.870277, 1.668530, 2.106006, 0.437476,   1.664502, 1.694311, 0.029810,   1.693506, 0.048340,
 0,x_unit, 102.896304, 1.664502, 1.911035, 0.246533,   1.662891, 1.664502, 0.001611,   1.687060, 0.049951,
 0,x_unit, 102.922468, 1.666113, 1.824023, 0.157910,   1.658862, 1.670142, 0.011279,   1.693506, 0.052368,
 0,x_unit, 102.948379, 1.662085, 1.890894, 0.228809,   1.660474, 1.673364, 0.012891,   1.693506, 0.050757,
 0,x_unit, 102.974472, 1.662891, 2.097949, 0.435059,   1.658057, 1.710425, 0.052368,   1.691089, 0.051562,
 0,x_unit, 103.000484, 1.661279, 2.367847, 0.706567,   1.660474, 1.743457, 0.082983,   1.689478, 0.051562,
 0,x_unit, 103.026582, 1.657251, 2.661914, 1.004663,   1.661279, 1.772461, 0.111182,   1.691895, 0.055591,
 0,x_unit, 103.052706, 1.662085, 2.945508, 1.283423,   1.657251, 1.797436, 0.140185,   1.691895, 0.049951,
 0,x_unit, 103.078612, 1.664502, 3.098584, 1.434082,   1.658057, 1.819189, 0.161133,   1.691895, 0.052368,
 0,x_unit, 103.104599, 1.662891, 3.140478, 1.477588,   1.664502, 1.824023, 0.159521,   1.693506, 0.049951,
 0,x_unit, 103.130603, 1.662085, 2.974512, 1.312427,   1.662085, 1.811938, 0.149853,   1.687866, 0.050757,
 0,x_unit, 103.156718, 1.657251, 2.779541, 1.122290,   1.662085, 1.766821, 0.104736,   1.691895, 0.048340,
 0,x_unit, 103.182707, 1.650806, 2.488696, 0.837891,   1.648389, 1.737012, 0.088623,   1.685449, 0.037866,
 0,x_unit, 103.208622, 1.645166, 2.208325, 0.563159,   1.647583, 1.691895, 0.044312,   1.683838, 0.039478,
 0,x_unit, 103.234617, 1.647583, 1.981934, 0.334351,   1.648389, 1.650806, 0.002417,   1.682227, 0.037866,
 0,x_unit, 103.260718, 1.648389, 1.848999, 0.200610,   1.648389, 1.664502, 0.016113,   1.681421, 0.037866,
 0,x_unit, 103.286788, 1.649194, 1.874780, 0.225586,   1.649194, 1.648389, -0.000806,   1.687866, 0.041895,
 0,x_unit, 103.312366, 1.650000, 2.033496, 0.383496,   1.650000, 1.678198, 0.028198,   1.683838, 0.041895,
 0,x_unit, 103.338432, 1.650806, 2.296948, 0.646143,   1.650000, 1.715259, 0.065259,   1.683838, 0.035449,
 0,x_unit, 103.364480, 1.649194, 2.588598, 0.939404,   1.650000, 1.757959, 0.107959,   1.685449, 0.039478,
 0,x_unit, 103.390596, 1.654028, 2.849634, 1.195605,   1.648389, 1.777295, 0.128906,   1.686255, 0.037866,
 0,x_unit, 103.416594, 1.652417, 3.055078, 1.402661,   1.649194, 1.799853, 0.150659,   1.687866, 0.036255,
 0,x_unit, 103.442593, 1.654028, 3.121143, 1.467114,   1.650000, 1.818384, 0.168384,   1.683838, 0.035449,
 0,x_unit, 103.468706, 1.653223, 3.047827, 1.394604,   1.653223, 1.801465, 0.148242,   1.679004, 0.036255,
 0,x_unit, 103.494706, 1.649194, 2.819019, 1.169824,   1.650000, 1.780518, 0.130518,   1.687060, 0.039478,
 0,x_unit, 103.520730, 1.662085, 2.553149, 0.891065,   1.662085, 1.753125, 0.091040,   1.691895, 0.053979,
 0,x_unit, 103.546790, 1.662085, 2.255859, 0.593774,   1.662085, 1.720093, 0.058008,   1.695923, 0.051562,
 0,x_unit, 103.573032, 1.658057, 2.007715, 0.349658,   1.660474, 1.687866, 0.027393,   1.691895, 0.050757,
 0,x_unit, 103.599077, 1.662085, 1.860278, 0.198193,   1.662085, 1.687060, 0.024976,   1.693506, 0.052368,
 0,x_unit, 103.625146, 1.662891, 1.839331, 0.176440,   1.654834, 1.673364, 0.018530,   1.690283, 0.048340,
 0,x_unit, 103.651253, 1.661279, 2.006909, 0.345630,   1.654834, 1.691895, 0.037061,   1.691089, 0.051562,
 0,x_unit, 103.677365, 1.658057, 2.230078, 0.572021,   1.662085, 1.716064, 0.053980,   1.686255, 0.051562,
 0,x_unit, 103.703438, 1.661279, 2.520117, 0.858838,   1.656445, 1.743457, 0.087012,   1.691895, 0.051562,
 0,x_unit, 103.729579, 1.657251, 2.823853, 1.166602,   1.662085, 1.790991, 0.128906,   1.686255, 0.051562,
 0,x_unit, 103.755595, 1.661279, 3.030102, 1.368823,   1.662085, 1.811938, 0.149853,   1.691895, 0.054785,
 0,x_unit, 103.781604, 1.658862, 3.143701, 1.484839,   1.658862, 1.820801, 0.161939,   1.691895, 0.048340,
 0,x_unit, 103.807616, 1.657251, 3.109058, 1.451807,   1.661279, 1.818384, 0.157104,   1.693506, 0.052368,
 0,x_unit, 103.833809, 1.662085, 2.924561, 1.262476,   1.662891, 1.786157, 0.123267,   1.693506, 0.043506,
 0,x_unit, 103.859885, 1.647583, 2.566040, 0.918457,   1.647583, 1.757153, 0.109570,   1.686255, 0.038672,
 0,x_unit, 103.885916, 1.647583, 2.309033, 0.661450,   1.648389, 1.711230, 0.062842,   1.679004, 0.036255,
 0,x_unit, 103.911927, 1.647583, 2.058472, 0.410889,   1.647583, 1.673364, 0.025781,   1.683838, 0.038672,
 0,x_unit, 103.938057, 1.645972, 1.890894, 0.244922,   1.647583, 1.660474, 0.012891,   1.682227, 0.035449,
 0,x_unit, 103.964108, 1.649194, 1.852222, 0.203027,   1.644360, 1.676587, 0.032227,   1.687060, 0.038672,
 0,x_unit, 103.990252, 1.648389, 1.944873, 0.296484,   1.647583, 1.676587, 0.029004,   1.679004, 0.038672,
 0,x_unit, 104.016167, 1.650806, 2.179321, 0.528516,   1.654028, 1.703174, 0.049145,   1.681421, 0.039478,
 0,x_unit, 104.042269, 1.654028, 2.451636, 0.797607,   1.650806, 1.749902, 0.099097,   1.681421, 0.038672,
 0,x_unit, 104.068371, 1.650806, 2.740869, 1.090063,   1.653223, 1.778101, 0.124878,   1.679004, 0.037866,
 0,x_unit, 104.094437, 1.653223, 2.988208, 1.334985,   1.649194, 1.799048, 0.149853,   1.683838, 0.039478,
 0,x_unit, 104.120565, 1.650000, 3.134839, 1.484839,   1.654028, 1.801465, 0.147436,   1.685449, 0.037866,
 0,x_unit, 104.146608, 1.668530, 3.121143, 1.452612,   1.666919, 1.828052, 0.161133,   1.694311, 0.050757,
 0,x_unit, 104.172713, 1.662891, 2.941479, 1.278589,   1.666113, 1.795020, 0.128906,   1.691895, 0.052368,
 0,x_unit, 104.198701, 1.662085, 2.696558, 1.034473,   1.660474, 1.762793, 0.102319,   1.691895, 0.054785,
 0,x_unit, 104.224783, 1.661279, 2.375098, 0.713818,   1.662085, 1.732178, 0.070093,   1.690283, 0.050757,
 0,x_unit, 104.250833, 1.658862, 2.139844, 0.480981,   1.658057, 1.694311, 0.036255,   1.689478, 0.049951,
 0,x_unit, 104.276831, 1.662085, 1.902173, 0.240088,   1.654834, 1.677393, 0.022559,   1.694311, 0.047534,
 0,x_unit, 104.302929, 1.656445, 1.861084, 0.204639,   1.660474, 1.668530, 0.008057,   1.691895, 0.047534,
 0,x_unit, 104.329037, 1.662085, 1.907812, 0.245728,   1.660474, 1.681421, 0.020947,   1.691895, 0.047534,
 0,x_unit, 104.355090, 1.654834, 2.105200, 0.450366,   1.658057, 1.698340, 0.040283,   1.691895, 0.048340,
 0,x_unit, 104.381152, 1.660474, 2.391211, 0.730737,   1.658862, 1.733789, 0.074927,   1.685449, 0.055591,
 0,x_unit, 104.407142, 1.658862, 2.690918, 1.032056,   1.661279, 1.770044, 0.108765,   1.691895, 0.051562,
 0,x_unit, 104.433304, 1.661279, 2.947925, 1.286646,   1.658057, 1.802271, 0.144214,   1.693506, 0.052368,
 0,x_unit, 104.459365, 1.661279, 3.129199, 1.467920,   1.660474, 1.815161, 0.154688,   1.691895, 0.046729,
 0,x_unit, 104.485350, 1.645166, 3.138867, 1.493701,   1.645166, 1.809521, 0.164355,   1.682227, 0.040283,
 0,x_unit, 104.511368, 1.648389, 3.011572, 1.363183,   1.647583, 1.802271, 0.154688,   1.686255, 0.040283,
 0,x_unit, 104.537386, 1.649194, 2.743286, 1.094092,   1.647583, 1.761987, 0.114404,   1.685449, 0.039478,
 0,x_unit, 104.563664, 1.650806, 2.417798, 0.766992,   1.649194, 1.744263, 0.095068,   1.686255, 0.039478,
 0,x_unit, 104.589705, 1.648389, 2.164014, 0.515625,   1.649194, 1.699145, 0.049951,   1.683838, 0.036255,
 0,x_unit, 104.615467, 1.650000, 1.973877, 0.323877,   1.648389, 1.697534, 0.049146,   1.685449, 0.040283,
 0,x_unit, 104.641606, 1.650000, 1.803882, 0.153882,   1.649194, 1.661279, 0.012085,   1.685449, 0.039478,
 0,x_unit, 104.667619, 1.652417, 1.882031, 0.229614,   1.650806, 1.665308, 0.014502,   1.683838, 0.033838,
 0,x_unit, 104.693723, 1.650000, 2.025440, 0.375440,   1.649194, 1.683838, 0.034644,   1.682227, 0.040283,
 0,x_unit, 104.719739, 1.650000, 2.325952, 0.675952,   1.650000, 1.716870, 0.066870,   1.690283, 0.037866,
 0,x_unit, 104.745618, 1.647583, 2.611963, 0.964380,   1.650806, 1.757959, 0.107153,   1.682227, 0.039478,
 0,x_unit, 104.771695, 1.653223, 2.853662, 1.200439,   1.650000, 1.760376, 0.110376,   1.682227, 0.038672,
 0,x_unit, 104.797712, 1.669336, 3.105835, 1.436499,   1.668530, 1.823218, 0.154688,   1.693506, 0.054785,
 0,x_unit, 104.823897, 1.662891, 3.140478, 1.477588,   1.665308, 1.806299, 0.140991,   1.685449, 0.052368,
 0,x_unit, 104.849834, 1.665308, 3.067969, 1.402661,   1.654834, 1.803882, 0.149048,   1.694311, 0.052368,
 0,x_unit, 104.875852, 1.665308, 2.823853, 1.158545,   1.662085, 1.751514, 0.089429,   1.690283, 0.050757,
 0,x_unit, 104.901938, 1.662085, 2.549927, 0.887842,   1.662891, 1.741846, 0.078955,   1.690283, 0.051562,
 0,x_unit, 104.927947, 1.657251, 2.235718, 0.578467,   1.662085, 1.718481, 0.056396,   1.693506, 0.053979,
 0,x_unit, 104.954052, 1.658862, 2.002075, 0.343213,   1.658862, 1.676587, 0.017725,   1.691895, 0.053979,
 0,x_unit, 104.979933, 1.662085, 1.869141, 0.207056,   1.662891, 1.681421, 0.018530,   1.691895, 0.053979,
 0,x_unit, 105.005954, 1.657251, 1.861084, 0.203833,   1.661279, 1.691895, 0.030615,   1.691089, 0.054785,
 0,x_unit, 105.032044, 1.660474, 2.011743, 0.351269,   1.658057, 1.695117, 0.037060,   1.691895, 0.053979,
 0,x_unit, 105.058063, 1.658862, 2.256665, 0.597803,   1.658057, 1.720898, 0.062842,   1.691089, 0.050757,
 0,x_unit, 105.084049, 1.658862, 2.553149, 0.894287,   1.662891, 1.753125, 0.090234,   1.685449, 0.052368,
 0,x_unit, 105.109946, 1.641138, 2.807739, 1.166602,   1.647583, 1.777295, 0.129712,   1.682227, 0.040283,
 0,x_unit, 105.136024, 1.647583, 3.014795, 1.367212,   1.647583, 1.802271, 0.154688,   1.687060, 0.037866,
 0,x_unit, 105.162049, 1.647583, 3.115503, 1.467920,   1.650000, 1.824023, 0.174023,   1.685449, 0.038672,
 0,x_unit, 105.188054, 1.650000, 3.065552, 1.415552,   1.645166, 1.799048, 0.153882,   1.683838, 0.038672,
 0,x_unit, 105.214041, 1.647583, 2.881055, 1.233472,   1.650806, 1.790991, 0.140186,   1.681421, 0.038672,
 0,x_unit, 105.240056, 1.645972, 2.620825, 0.974853,   1.648389, 1.780518, 0.132129,   1.683838, 0.039478,
 0,x_unit, 105.266121, 1.650000, 2.314673, 0.664673,   1.648389, 1.694311, 0.045923,   1.685449, 0.035449,
 0,x_unit, 105.292143, 1.650806, 2.068140, 0.417334,   1.650000, 1.718481, 0.068481,   1.685449, 0.040283,
 0,x_unit, 105.318065, 1.650806, 1.902979, 0.252173,   1.650806, 1.647583, -0.003223,   1.683838, 0.039478,
 0,x_unit, 105.344375, 1.650806, 1.848193, 0.197388,   1.650000, 1.654028, 0.004028,   1.685449, 0.036255,
 0,x_unit, 105.370389, 1.653223, 1.981128, 0.327905,   1.649194, 1.676587, 0.027393,   1.681421, 0.039478,
 0,x_unit, 105.396323, 1.649194, 2.210742, 0.561548,   1.653223, 1.682227, 0.029004,   1.687866, 0.038672,
 0,x_unit, 105.422474, 1.668530, 2.511255, 0.842725,   1.661279, 1.736206, 0.074927,   1.691895, 0.054785,
 0,x_unit, 105.448473, 1.662891, 2.804517, 1.141626,   1.664502, 1.765210, 0.100708,   1.686255, 0.049951,
 0,x_unit, 105.474712, 1.666113, 3.005933, 1.339819,   1.666113, 1.815967, 0.149853,   1.691895, 0.052368,
 0,x_unit, 105.500719, 1.661279, 3.138062, 1.476782,   1.662891, 1.814355, 0.151465,   1.694311, 0.050757,
 0,x_unit, 105.526827, 1.662891, 3.081665, 1.418774,   1.661279, 1.819189, 0.157910,   1.691895, 0.051562,
 0,x_unit, 105.553041, 1.662891, 2.804517, 1.141626,   1.660474, 1.786963, 0.126489,   1.694311, 0.049951,
 0,x_unit, 105.578942, 1.661279, 2.556372, 0.895093,   1.662085, 1.741040, 0.078955,   1.686255, 0.054785,
 0,x_unit, 105.604951, 1.661279, 2.272778, 0.611499,   1.657251, 1.724927, 0.067676,   1.691895, 0.055591,
 0,x_unit, 105.630947, 1.662085, 2.060083, 0.397998,   1.661279, 1.682227, 0.020947,   1.693506, 0.052368,
 0,x_unit, 105.657112, 1.660474, 1.893311, 0.232837,   1.654834, 1.645166, -0.009668,   1.694311, 0.050757,
 0,x_unit, 105.683287, 1.654834, 1.845776, 0.190942,   1.658862, 1.682227, 0.023364,   1.691895, 0.053979,
 0,x_unit, 105.709276, 1.658862, 2.036719, 0.377856,   1.660474, 1.693506, 0.033032,   1.686255, 0.053979,
 0,x_unit, 105.735370, 1.662891, 2.301782, 0.638892,   1.660474, 1.731372, 0.070898,   1.683838, 0.052368,
 0,x_unit, 105.761394, 1.647583, 2.559595, 0.912012,   1.643555, 1.752319, 0.108765,   1.683838, 0.037866,
 0,x_unit, 105.787481, 1.647583, 2.862524, 1.214941,   1.645166, 1.773267, 0.128101,   1.686255, 0.039478,
 0,x_unit, 105.813498, 1.648389, 3.055884, 1.407495,   1.650000, 1.802271, 0.152271,   1.691895, 0.039478,
 0,x_unit, 105.839531, 1.650000, 3.140478, 1.490478,   1.653223, 1.815161, 0.161938,   1.687060, 0.040283,
 0,x_unit, 105.865708, 1.647583, 3.034131, 1.386548,   1.653223, 1.795020, 0.141797,   1.687866, 0.037866,
 0,x_unit, 105.891714, 1.652417, 2.770679, 1.118262,   1.650806, 1.780518, 0.129712,   1.681421, 0.038672,
 0,x_unit, 105.917726, 1.650000, 2.482251, 0.832251,   1.647583, 1.740234, 0.092651,   1.683838, 0.037866,
 0,x_unit, 105.943727, 1.649194, 2.226050, 0.576855,   1.649194, 1.699951, 0.050757,   1.681421, 0.039478,
 0,x_unit, 105.969770, 1.650000, 1.979517, 0.329517,   1.650806, 1.679004, 0.028198,   1.683838, 0.041895,
 0,x_unit, 105.995779, 1.650806, 1.859473, 0.208667,   1.650000, 1.668530, 0.018530,   1.678198, 0.039478,
 0,x_unit, 106.021836, 1.647583, 1.903784, 0.256201,   1.649194, 1.670947, 0.021753,   1.683838, 0.040283,
 0,x_unit, 106.047815, 1.650806, 2.080225, 0.429419,   1.648389, 1.699145, 0.050757,   1.686255, 0.041895,
 0,x_unit, 106.073936, 1.662085, 2.330786, 0.668701,   1.665308, 1.719287, 0.053979,   1.687866, 0.047534,
 0,x_unit, 106.099887, 1.662891, 2.615991, 0.953101,   1.662891, 1.770850, 0.107959,   1.693506, 0.053979,
 0,x_unit, 106.126078, 1.662085, 2.913281, 1.251196,   1.664502, 1.786157, 0.121655,   1.694311, 0.049951,
 0,x_unit, 106.152052, 1.665308, 3.123559, 1.458252,   1.662891, 1.809521, 0.146631,   1.691089, 0.051562,
 0,x_unit, 106.178052, 1.660474, 3.130005, 1.469531,   1.658057, 1.824023, 0.165967,   1.693506, 0.054785,
 0,x_unit, 106.204050, 1.662085, 2.996265, 1.334180,   1.661279, 1.819189, 0.157910,   1.691895, 0.051562,
 0,x_unit, 106.230146, 1.662085, 2.750537, 1.088452,   1.657251, 1.752319, 0.095068,   1.691895, 0.051562,
 0,x_unit, 106.256286, 1.660474, 2.408130, 0.747656,   1.661279, 1.724927, 0.063647,   1.685449, 0.050757,
 0,x_unit, 106.282166, 1.654834, 2.160791, 0.505957,   1.662085, 1.708008, 0.045923,   1.691089, 0.050757,
 0,x_unit, 106.308151, 1.656445, 1.963403, 0.306958,   1.658862, 1.682227, 0.023364,   1.691089, 0.051562,
 0,x_unit, 106.334384, 1.660474, 1.882837, 0.222363,   1.654028, 1.670947, 0.016919,   1.691089, 0.051562,
 0,x_unit, 106.360398, 1.658862, 1.918286, 0.259424,   1.658862, 1.693506, 0.034644,   1.689478, 0.052368,
 0,x_unit, 106.386479, 1.640332, 2.122119, 0.481787,   1.640332, 1.691895, 0.051563,   1.681421, 0.036255,
 0,x_unit, 106.412392, 1.645972, 2.400879, 0.754907,   1.645972, 1.726538, 0.080566,   1.679810, 0.035449,
 0,x_unit, 106.438502, 1.647583, 2.678027, 1.030444,   1.650000, 1.766016, 0.116016,   1.687866, 0.039478,
 0,x_unit, 106.464618, 1.650000, 2.969678, 1.319678,   1.650000, 1.795020, 0.145020,   1.687060, 0.037866,
 0,x_unit, 106.490612, 1.650806, 3.093750, 1.442944,   1.649194, 1.802271, 0.153076,   1.691089, 0.034644,
 0,x_unit, 106.516537, 1.650000, 3.096973, 1.446973,   1.650000, 1.794214, 0.144214,   1.686255, 0.037866,
 0,x_unit, 106.542506, 1.650000, 2.935840, 1.285840,   1.650806, 1.802271, 0.151465,   1.681421, 0.037866,
 0,x_unit, 106.568627, 1.647583, 2.669971, 1.022388,   1.647583, 1.757959, 0.110376,   1.686255, 0.034644,
 0,x_unit, 106.594720, 1.652417, 2.380737, 0.728320,   1.650000, 1.708813, 0.058813,   1.686255, 0.037866,
 0,x_unit, 106.620729, 1.650000, 2.087476, 0.437476,   1.649194, 1.682227, 0.033032,   1.687060, 0.034644,
 0,x_unit, 106.646716, 1.654028, 1.921509, 0.267480,   1.648389, 1.683838, 0.035449,   1.682227, 0.037866,
 0,x_unit, 106.672758, 1.645166, 1.853027, 0.207861,   1.653223, 1.662891, 0.009668,   1.686255, 0.039478,
 0,x_unit, 106.698819, 1.652417, 1.928760, 0.276343,   1.650806, 1.658862, 0.008057,   1.687060, 0.037866,
 0,x_unit, 106.724938, 1.658057, 2.175293, 0.517236,   1.664502, 1.702368, 0.037866,   1.691895, 0.053979,
 0,x_unit, 106.750949, 1.662085, 2.475806, 0.813721,   1.665308, 1.736206, 0.070898,   1.690283, 0.051562,
 0,x_unit, 106.776849, 1.661279, 2.749731, 1.088452,   1.662891, 1.805493, 0.142603,   1.687060, 0.054785,
 0,x_unit, 106.802857, 1.662891, 2.973706, 1.310815,   1.662085, 1.805493, 0.143408,   1.683838, 0.051562,
 0,x_unit, 106.828936, 1.664502, 3.127588, 1.463086,   1.662085, 1.831274, 0.169189,   1.686255, 0.049951,
 0,x_unit, 106.855054, 1.657251, 3.130005, 1.472754,   1.662085, 1.836914, 0.174829,   1.691895, 0.053979,
 0,x_unit, 106.881065, 1.658862, 2.899585, 1.240723,   1.664502, 1.795020, 0.130518,   1.691089, 0.049951,
 0,x_unit, 106.907049, 1.657251, 2.615185, 0.957934,   1.658862, 1.751514, 0.092651,   1.691895, 0.051562,
 0,x_unit, 106.933162, 1.664502, 2.329980, 0.665478,   1.658057, 1.728149, 0.070093,   1.691895, 0.048340,
 0,x_unit, 106.959269, 1.658862, 2.043970, 0.385107,   1.661279, 1.687060, 0.025781,   1.691089, 0.048340,
 0,x_unit, 106.985318, 1.657251, 1.913452, 0.256201,   1.661279, 1.683032, 0.021753,   1.695923, 0.051562,
 0,x_unit, 107.011282, 1.662085, 1.861084, 0.198999,   1.656445, 1.690283, 0.033838,   1.691895, 0.051562,
 0,x_unit, 107.037283, 1.648389, 1.960181, 0.311792,   1.641943, 1.664502, 0.022559,   1.685449, 0.038672,
 0,x_unit, 107.063485, 1.648389, 2.241357, 0.592969,   1.645166, 1.714453, 0.069287,   1.683838, 0.040283,
 0,x_unit, 107.089506, 1.650806, 2.494336, 0.843530,   1.647583, 1.741846, 0.094263,   1.683838, 0.040283,
 0,x_unit, 107.115496, 1.650000, 2.823853, 1.173853,   1.649194, 1.785352, 0.136157,   1.678198, 0.038672,
 0,x_unit, 107.141611, 1.652417, 3.014795, 1.362378,   1.649194, 1.803076, 0.153882,   1.685449, 0.039478,
 0,x_unit, 107.167626, 1.649194, 3.127588, 1.478393,   1.650000, 1.805493, 0.155493,   1.685449, 0.036255,
 0,x_unit, 107.193719, 1.647583, 3.068774, 1.421191,   1.653223, 1.810327, 0.157104,   1.683838, 0.038672,
 0,x_unit, 107.219741, 1.650806, 2.826269, 1.175464,   1.653223, 1.772461, 0.119238,   1.683838, 0.037866,
 0,x_unit, 107.245720, 1.650000, 2.561206, 0.911206,   1.650000, 1.753125, 0.103125,   1.683838, 0.039478,
 0,x_unit, 107.271719, 1.652417, 2.267139, 0.614722,   1.650806, 1.715259, 0.064453,   1.686255, 0.037866,
 0,x_unit, 107.297715, 1.650000, 2.031885, 0.381885,   1.647583, 1.708008, 0.060425,   1.686255, 0.037866,
 0,x_unit, 107.321577, 1.648389, 1.897339, 0.248950,   1.649194, 1.658862, 0.009668,   1.683838, 0.039478,
 0,x_unit, 107.347509, 1.662891, 1.868335, 0.205444,   1.662891, 1.670947, 0.008057,   1.687866, 0.052368,
 0,x_unit, 107.373628, 1.662085, 2.017383, 0.355298,   1.664502, 1.662891, -0.001611,   1.693506, 0.046729,
 0,x_unit, 107.399833, 1.662891, 2.272778, 0.609888,   1.664502, 1.726538, 0.062036,   1.693506, 0.052368,
 0,x_unit, 107.425837, 1.658862, 2.520923, 0.862061,   1.662085, 1.759570, 0.097485,   1.690283, 0.049951,
 0,x_unit, 107.451939, 1.660474, 2.839966, 1.179492,   1.664502, 1.797436, 0.132935,   1.691089, 0.048340,
 0,x_unit, 107.477956, 1.658862, 3.027685, 1.368823,   1.662085, 1.811938, 0.149853,   1.689478, 0.052368,
 0,x_unit, 107.504048, 1.662891, 3.136450, 1.473559,   1.658862, 1.803882, 0.145020,   1.695923, 0.055591,
 0,x_unit, 107.530065, 1.661279, 3.067969, 1.406689,   1.654834, 1.822412, 0.167578,   1.695117, 0.049951,
 0,x_unit, 107.556170, 1.658057, 2.816602, 1.158545,   1.660474, 1.773267, 0.112793,   1.694311, 0.054785,
 0,x_unit, 107.582295, 1.661279, 2.521729, 0.860449,   1.657251, 1.755542, 0.098291,   1.691895, 0.050757,
 0,x_unit, 107.608266, 1.656445, 2.239746, 0.583301,   1.661279, 1.706396, 0.045117,   1.691895, 0.052368,
 0,x_unit, 107.634485, 1.657251, 2.029468, 0.372217,   1.658862, 1.693506, 0.034644,   1.691895, 0.049951,
 0,x_unit, 107.660504, 1.660474, 1.899756, 0.239282,   1.657251, 1.665308, 0.008057,   1.687866, 0.042700,
 0,x_unit, 107.686459, 1.645166, 1.903784, 0.258618,   1.647583, 1.672559, 0.024976,   1.685449, 0.037866,
 0,x_unit, 107.712503, 1.644360, 2.069751, 0.425391,   1.641943, 1.689478, 0.047534,   1.683032, 0.037866,
 0,x_unit, 107.738509, 1.645972, 2.347705, 0.701733,   1.648389, 1.720898, 0.072510,   1.682227, 0.040283,
 0,x_unit, 107.764736, 1.647583, 2.678027, 1.030444,   1.650000, 1.749902, 0.099902,   1.682227, 0.036255,
 0,x_unit, 107.790717, 1.648389, 2.862524, 1.214136,   1.647583, 1.776489, 0.128906,   1.683032, 0.036255,
 0,x_unit, 107.816632, 1.650000, 3.071191, 1.421191,   1.650806, 1.816772, 0.165967,   1.687060, 0.039478,
 0,x_unit, 107.842715, 1.650000, 3.109863, 1.459863,   1.650806, 1.807104, 0.156299,   1.685449, 0.035449,
 0,x_unit, 107.868729, 1.649194, 2.894751, 1.245556,   1.650000, 1.789380, 0.139380,   1.687866, 0.038672,
 0,x_unit, 107.894816, 1.653223, 2.674805, 1.021582,   1.647583, 1.745068, 0.097485,   1.685449, 0.039478,
 0,x_unit, 107.920837, 1.652417, 2.362207, 0.709790,   1.647583, 1.720093, 0.072510,   1.686255, 0.038672,
 0,x_unit, 107.946929, 1.650000, 2.150317, 0.500317,   1.650806, 1.699145, 0.048340,   1.681421, 0.037866,
 0,x_unit, 107.973055, 1.653223, 1.906201, 0.252978,   1.650806, 1.674976, 0.024170,   1.683838, 0.037866,
 0,x_unit, 107.999068, 1.665308, 1.897339, 0.232031,   1.666113, 1.670142, 0.004028,   1.693506, 0.051562,
 0,x_unit, 108.025187, 1.662085, 2.000464, 0.338379,   1.662891, 1.679004, 0.016113,   1.691895, 0.049951,
 0,x_unit, 108.051160, 1.665308, 2.270361, 0.605054,   1.662085, 1.711230, 0.049145,   1.687060, 0.051562,
 0,x_unit, 108.077273, 1.661279, 2.530591, 0.869311,   1.662085, 1.759570, 0.097485,   1.691089, 0.049951,
 0,x_unit, 108.103388, 1.658862, 2.816602, 1.157739,   1.662085, 1.778101, 0.116016,   1.691089, 0.053979,
 0,x_unit, 108.129398, 1.662085, 3.001904, 1.339819,   1.662085, 1.814355, 0.152271,   1.693506, 0.049951,
 0,x_unit, 108.155539, 1.665308, 3.117920, 1.452612,   1.660474, 1.824023, 0.163550,   1.686255, 0.046729,
 0,x_unit, 108.181393, 1.661279, 3.018823, 1.357544,   1.662085, 1.811938, 0.149853,   1.691089, 0.053979,
 0,x_unit, 108.207391, 1.660474, 2.778735, 1.118262,   1.658057, 1.778101, 0.120044,   1.691895, 0.048340,
 0,x_unit, 108.233511, 1.661279, 2.499975, 0.838696,   1.662891, 1.736206, 0.073316,   1.691895, 0.055591,
 0,x_unit, 108.259639, 1.662085, 2.202686, 0.540601,   1.657251, 1.698340, 0.041089,   1.691089, 0.051562,
 0,x_unit, 108.285721, 1.658862, 2.011743, 0.352881,   1.658057, 1.672559, 0.014502,   1.693506, 0.049951,
 0,x_unit, 108.311627, 1.647583, 1.886865, 0.239282,   1.644360, 1.683032, 0.038672,   1.685449, 0.037866,
 0,x_unit, 108.337740, 1.645166, 1.927148, 0.281982,   1.648389, 1.666919, 0.018530,   1.683838, 0.034644,
 0,x_unit, 108.363856, 1.647583, 2.175293, 0.527710,   1.648389, 1.728149, 0.079761,   1.686255, 0.040283,
 0,x_unit, 108.389841, 1.647583, 2.405713, 0.758130,   1.650000, 1.733789, 0.083789,   1.683838, 0.038672,
 0,x_unit, 108.415842, 1.649194, 2.740063, 1.090869,   1.650000, 1.739429, 0.089429,   1.685449, 0.038672,
 0,x_unit, 108.441841, 1.650806, 2.948730, 1.297925,   1.652417, 1.791797, 0.139380,   1.687060, 0.037866,
 0,x_unit, 108.467970, 1.650000, 3.065552, 1.415552,   1.648389, 1.803076, 0.154688,   1.687866, 0.035449,
 0,x_unit, 108.493954, 1.650000, 3.067163, 1.417163,   1.650806, 1.803076, 0.152271,   1.683838, 0.035449,
 0,x_unit, 108.520056, 1.650000, 2.869775, 1.219775,   1.650806, 1.782129, 0.131323,   1.685449, 0.040283,
 0,x_unit, 108.545955, 1.650000, 2.620825, 0.970825,   1.650000, 1.757959, 0.107959,   1.681421, 0.037866,
 0,x_unit, 108.572059, 1.654834, 2.299365, 0.644531,   1.650000, 1.724121, 0.074121,   1.683838, 0.039478,
 0,x_unit, 108.598083, 1.652417, 2.047192, 0.394775,   1.653223, 1.674976, 0.021753,   1.683838, 0.036255,
 0,x_unit, 108.624166, 1.664502, 1.911035, 0.246533,   1.662891, 1.701563, 0.038672,   1.691895, 0.049951,
 0,x_unit, 108.650165, 1.660474, 1.898950, 0.238477,   1.665308, 1.685449, 0.020142,   1.691895, 0.052368,
 0,x_unit, 108.676280, 1.660474, 2.010132, 0.349658,   1.657251, 1.704785, 0.047534,   1.691895, 0.053979,
 0,x_unit, 108.702274, 1.662085, 2.305005, 0.642920,   1.662085, 1.712842, 0.050757,   1.691895, 0.046729,
 0,x_unit, 108.728412, 1.662085, 2.603101, 0.941016,   1.666919, 1.778906, 0.111987,   1.691895, 0.050757,
 0,x_unit, 108.754506, 1.662085, 2.868970, 1.206885,   1.662891, 1.807910, 0.145020,   1.693506, 0.051562,
 0,x_unit, 108.780395, 1.654834, 3.071191, 1.416357,   1.662085, 1.816772, 0.154688,   1.691089, 0.053979,
 0,x_unit, 108.806390, 1.660474, 3.147729, 1.487256,   1.662085, 1.832886, 0.170801,   1.690283, 0.054785,
 0,x_unit, 108.832516, 1.665308, 2.981763, 1.316455,   1.665308, 1.802271, 0.136963,   1.694311, 0.054785,
 0,x_unit, 108.858636, 1.660474, 2.700586, 1.040112,   1.660474, 1.774072, 0.113599,   1.691895, 0.052368,
 0,x_unit, 108.884671, 1.658057, 2.420215, 0.762158,   1.661279, 1.714453, 0.053174,   1.697534, 0.049951,
 0,x_unit, 108.910631, 1.657251, 2.160791, 0.503540,   1.658862, 1.699145, 0.040283,   1.691895, 0.047534,
 0,x_unit, 108.936736, 1.661279, 1.944067, 0.282788,   1.662085, 1.670142, 0.008057,   1.691895, 0.053979,
 0,x_unit, 108.962858, 1.647583, 1.874780, 0.227197,   1.647583, 1.670142, 0.022559,   1.685449, 0.039478,
 0,x_unit, 108.988837, 1.647583, 1.985962, 0.338379,   1.643555, 1.672559, 0.029004,   1.679004, 0.038672,
 0,x_unit, 109.014839, 1.645972, 2.202686, 0.556714,   1.647583, 1.695923, 0.048340,   1.682227, 0.040283,
 0,x_unit, 109.040916, 1.654834, 2.478223, 0.823389,   1.656445, 1.735400, 0.078955,   1.679004, 0.037866,
 0,x_unit, 109.066957, 1.650000, 2.760205, 1.110205,   1.648389, 1.747485, 0.099097,   1.683838, 0.040283,
 0,x_unit, 109.093058, 1.654028, 3.005127, 1.351099,   1.654028, 1.810327, 0.156299,   1.685449, 0.036255,
 0,x_unit, 109.119159, 1.648389, 3.117920, 1.469531,   1.647583, 1.815161, 0.167578,   1.687060, 0.038672,
 0,x_unit, 109.145169, 1.654834, 3.039770, 1.384936,   1.650000, 1.816772, 0.166772,   1.682227, 0.037866,
 0,x_unit, 109.171297, 1.650000, 2.868164, 1.218164,   1.652417, 1.764404, 0.111987,   1.685449, 0.037866,
 0,x_unit, 109.197373, 1.654834, 2.529785, 0.874951,   1.650000, 1.745068, 0.095068,   1.683032, 0.034644,
 0,x_unit, 109.223516, 1.653223, 2.242969, 0.589746,   1.645972, 1.698340, 0.052368,   1.683032, 0.036255,
 0,x_unit, 109.249517, 1.654028, 2.025440, 0.371411,   1.647583, 1.677393, 0.029810,   1.683838, 0.039478,
 0,x_unit, 109.275615, 1.662891, 1.882837, 0.219946,   1.662891, 1.650806, -0.012085,   1.693506, 0.050757,
 0,x_unit, 109.301854, 1.664502, 1.950513, 0.286011,   1.661279, 1.664502, 0.003223,   1.691895, 0.052368,
 0,x_unit, 109.327171, 1.660474, 2.092309, 0.431836,   1.658862, 1.703174, 0.044312,   1.691895, 0.055591,
 0,x_unit, 109.353285, 1.664502, 2.383960, 0.719458,   1.664502, 1.724121, 0.059619,   1.693506, 0.047534,
 0,x_unit, 109.379292, 1.658862, 2.690112, 1.031250,   1.658057, 1.768433, 0.110376,   1.691895, 0.053979,
 0,x_unit, 109.405379, 1.664502, 2.945508, 1.281006,   1.664502, 1.797436, 0.132935,   1.683838, 0.052368,
 0,x_unit, 109.431471, 1.658862, 3.067969, 1.409106,   1.662085, 1.824023, 0.161938,   1.691895, 0.048340,
 0,x_unit, 109.457507, 1.662891, 3.067969, 1.405078,   1.661279, 1.820801, 0.159521,   1.691089, 0.048340,
 0,x_unit, 109.483525, 1.661279, 2.936646, 1.275366,   1.662891, 1.777295, 0.114404,   1.695923, 0.048340,
 0,x_unit, 109.509560, 1.662085, 2.648218, 0.986133,   1.657251, 1.751514, 0.094263,   1.693506, 0.050757,
 0,x_unit, 109.535721, 1.661279, 2.354150, 0.692871,   1.661279, 1.728955, 0.067676,   1.691895, 0.050757,
 0,x_unit, 109.561889, 1.664502, 2.094727, 0.430225,   1.658862, 1.699145, 0.040283,   1.698340, 0.053979,
 0,x_unit, 109.587939, 1.654834, 1.909424, 0.254590,   1.658862, 1.694311, 0.035449,   1.693506, 0.052368,
 0,x_unit, 109.613950, 1.643555, 1.876392, 0.232837,   1.647583, 1.674170, 0.026587,   1.683838, 0.038672,
 0,x_unit, 109.640063, 1.645166, 2.027051, 0.381885,   1.643555, 1.687866, 0.044312,   1.687866, 0.040283,
 0,x_unit, 109.666140, 1.650000, 2.288086, 0.638086,   1.648389, 1.724927, 0.076538,   1.685449, 0.039478,
 0,x_unit, 109.692174, 1.645166, 2.524951, 0.879785,   1.652417, 1.770044, 0.117627,   1.683838, 0.040283,
 0,x_unit, 109.718170, 1.653223, 2.823853, 1.170630,   1.650806, 1.766016, 0.115210,   1.683838, 0.034644,
 0,x_unit, 109.744286, 1.654028, 3.043799, 1.389770,   1.650000, 1.806299, 0.156299,   1.683838, 0.037866,
 0,x_unit, 109.770287, 1.654028, 3.105029, 1.451001,   1.653223, 1.809521, 0.156299,   1.682227, 0.039478,
 0,x_unit, 109.796215, 1.647583, 3.055078, 1.407495,   1.652417, 1.810327, 0.157910,   1.689478, 0.038672,
 0,x_unit, 109.822371, 1.650806, 2.757788, 1.106982,   1.648389, 1.736206, 0.087817,   1.687060, 0.037866,
 0,x_unit, 109.848293, 1.650000, 2.495947, 0.845947,   1.650000, 1.755542, 0.105542,   1.686255, 0.038672,
 0,x_unit, 109.874387, 1.650806, 2.172070, 0.521265,   1.653223, 1.695923, 0.042700,   1.687060, 0.037866,
 0,x_unit, 109.900393, 1.649194, 1.977905, 0.328711,   1.656445, 1.691089, 0.034644,   1.691895, 0.052368,
 0,x_unit, 109.926456, 1.661279, 1.890894, 0.229614,   1.665308, 1.670947, 0.005640,   1.691895, 0.053979,
 0,x_unit, 109.952581, 1.660474, 1.940039, 0.279565,   1.656445, 1.683838, 0.027393,   1.694311, 0.051562,
 0,x_unit, 109.978527, 1.661279, 2.168848, 0.507568,   1.662085, 1.702368, 0.040283,   1.691895, 0.051562,
 0,x_unit, 110.004641, 1.662085, 2.458081, 0.795996,   1.662085, 1.764404, 0.102319,   1.691089, 0.052368,
 0,x_unit, 110.030756, 1.662085, 2.731201, 1.069116,   1.664502, 1.782129, 0.117627,   1.690283, 0.053979,
 0,x_unit, 110.056918, 1.664502, 2.992236, 1.327734,   1.661279, 1.803076, 0.141797,   1.690283, 0.049951,
 0,x_unit, 110.082959, 1.660474, 3.100195, 1.439722,   1.658862, 1.807910, 0.149048,   1.693506, 0.052368,
 0,x_unit, 110.108841, 1.661279, 3.067969, 1.406689,   1.661279, 1.806299, 0.145020,   1.689478, 0.052368,
 0,x_unit, 110.135047, 1.660474, 2.816602, 1.156128,   1.661279, 1.778906, 0.117627,   1.695117, 0.047534,
 0,x_unit, 110.161065, 1.661279, 2.553955, 0.892676,   1.654834, 1.743457, 0.088623,   1.693506, 0.053979,
 0,x_unit, 110.187080, 1.658057, 2.238135, 0.580078,   1.661279, 1.730566, 0.069287,   1.691895, 0.049951,
 0,x_unit, 110.213068, 1.658057, 2.046387, 0.388330,   1.661279, 1.695923, 0.034644,   1.693506, 0.049951,
 0,x_unit, 110.239083, 1.645166, 1.869946, 0.224780,   1.641943, 1.665308, 0.023364,   1.687060, 0.039478,
 0,x_unit, 110.265291, 1.649194, 1.936011, 0.286816,   1.647583, 1.691895, 0.044312,   1.687060, 0.038672,
 0,x_unit, 110.291275, 1.649194, 2.154346, 0.505151,   1.650000, 1.699145, 0.049145,   1.685449, 0.038672,
 0,x_unit, 110.317305, 1.649194, 2.421826, 0.772632,   1.647583, 1.718481, 0.070898,   1.679810, 0.039478,
 0,x_unit, 110.343401, 1.650806, 2.743286, 1.092481,   1.648389, 1.769238, 0.120850,   1.686255, 0.036255,
 0,x_unit, 110.369407, 1.652417, 2.948730, 1.296314,   1.650806, 1.784546, 0.133740,   1.690283, 0.036255,
 0,x_unit, 110.395502, 1.650806, 3.105835, 1.455029,   1.650000, 1.815161, 0.165161,   1.686255, 0.039478,
 0,x_unit, 110.421684, 1.654028, 3.065552, 1.411523,   1.650000, 1.799853, 0.149853,   1.686255, 0.037866,
 0,x_unit, 110.447640, 1.650806, 2.860913, 1.210107,   1.656445, 1.784546, 0.128101,   1.685449, 0.035449,
 0,x_unit, 110.473744, 1.650000, 2.528980, 0.878980,   1.647583, 1.745068, 0.097485,   1.687060, 0.040283,
 0,x_unit, 110.499749, 1.648389, 2.267944, 0.619556,   1.650000, 1.706396, 0.056396,   1.681421, 0.039478,
 0,x_unit, 110.526283, 1.649194, 2.001270, 0.352075,   1.652417, 1.695923, 0.043506,   1.683032, 0.039478,
 0,x_unit, 110.552303, 1.665308, 1.907007, 0.241699,   1.661279, 1.662085, 0.000806,   1.691895, 0.051562,
 0,x_unit, 110.578401, 1.662891, 1.946484, 0.283594,   1.665308, 1.689478, 0.024170,   1.691895, 0.049951,
 0,x_unit, 110.604394, 1.664502, 2.159180, 0.494678,   1.658057, 1.679004, 0.020947,   1.694311, 0.049951,
 0,x_unit, 110.630421, 1.660474, 2.438745, 0.778271,   1.662085, 1.747485, 0.085400,   1.693506, 0.050757,
 0,x_unit, 110.656625, 1.665308, 2.715088, 1.049780,   1.664502, 1.772461, 0.107959,   1.693506, 0.052368,
 0,x_unit, 110.682548, 1.660474, 2.964844, 1.304370,   1.660474, 1.814355, 0.153882,   1.691895, 0.049951,
 0,x_unit, 110.708415, 1.662085, 3.088110, 1.426025,   1.658057, 1.794214, 0.136157,   1.693506, 0.048340,
 0,x_unit, 110.734515, 1.662085, 3.013184, 1.351099,   1.660474, 1.810327, 0.149854,   1.691895, 0.054785,
 0,x_unit, 110.760539, 1.658862, 2.808545, 1.149683,   1.661279, 1.781323, 0.120044,   1.691895, 0.055591,
 0,x_unit, 110.786609, 1.657251, 2.545898, 0.888647,   1.657251, 1.745068, 0.087817,   1.689478, 0.051562,
 0,x_unit, 110.812526, 1.657251, 2.267139, 0.609888,   1.658862, 1.690283, 0.031421,   1.689478, 0.053979,
 0,x_unit, 110.838640, 1.654028, 2.017383, 0.363355,   1.657251, 1.704785, 0.047534,   1.695117, 0.052368,
 0,x_unit, 110.864747, 1.647583, 1.913452, 0.265869,   1.643555, 1.682227, 0.038672,   1.687060, 0.038672,
 0,x_unit, 110.890812, 1.641943, 1.909424, 0.267480,   1.641943, 1.673364, 0.031421,   1.685449, 0.038672,
 0,x_unit, 110.916847, 1.649194, 2.130981, 0.481787,   1.650000, 1.706396, 0.056396,   1.682227, 0.037866,
 0,x_unit, 110.942864, 1.647583, 2.420215, 0.772632,   1.649194, 1.735400, 0.086206,   1.686255, 0.037866,
 0,x_unit, 110.968962, 1.652417, 2.678027, 1.025610,   1.652417, 1.761987, 0.109570,   1.683838, 0.037866,
 0,x_unit, 110.994962, 1.653223, 2.951953, 1.298730,   1.648389, 1.802271, 0.153882,   1.687060, 0.038672,
 0,x_unit, 111.020950, 1.654028, 3.084888, 1.430859,   1.652417, 1.806299, 0.153882,   1.687866, 0.040283,
 0,x_unit, 111.047069, 1.647583, 3.035742, 1.388159,   1.654028, 1.795020, 0.140991,   1.687060, 0.036255,
 0,x_unit, 111.073104, 1.654834, 2.823853, 1.169019,   1.650806, 1.770044, 0.119238,   1.683032, 0.040283,
 0,x_unit, 111.099148, 1.652417, 2.546704, 0.894287,   1.652417, 1.722510, 0.070093,   1.683032, 0.040283,
 0,x_unit, 111.125289, 1.650000, 2.249414, 0.599414,   1.650806, 1.716064, 0.065259,   1.683838, 0.039478,
 0,x_unit, 111.151292, 1.653223, 1.992407, 0.339185,   1.645972, 1.682227, 0.036255,   1.687866, 0.036255,
 0,x_unit, 111.177406, 1.650000, 1.906201, 0.256201,   1.652417, 1.670947, 0.018530,   1.687060, 0.037866,
 0,x_unit, 111.203394, 1.662891, 1.939233, 0.276343,   1.662891, 1.689478, 0.026587,   1.691895, 0.050757,
 0,x_unit, 111.229507, 1.665308, 2.150317, 0.485010,   1.664502, 1.720093, 0.055591,   1.693506, 0.051562,
 0,x_unit, 111.255632, 1.662085, 2.417798, 0.755713,   1.662891, 1.736206, 0.073316,   1.691089, 0.054785,
 0,x_unit, 111.281544, 1.661279, 2.724756, 1.063476,   1.658862, 1.774878, 0.116016,   1.693506, 0.050757,
 0,x_unit, 111.307624, 1.664502, 2.940674, 1.276172,   1.662085, 1.807104, 0.145020,   1.687060, 0.048340,
 0,x_unit, 111.324068, 1.662891, 3.063940, 1.401050,   1.658862, 1.832886, 0.174024,   1.691089, 0.048340,
 0,x_unit, 111.350064, 1.662085, 3.085693, 1.423608,   1.661279, 1.809521, 0.148242,   1.691895, 0.051562,
 0,x_unit, 111.376181, 1.662085, 2.932617, 1.270532,   1.654834, 1.802271, 0.147437,   1.693506, 0.051562,
 0,x_unit, 111.402193, 1.665308, 2.632104, 0.966797,   1.658057, 1.753125, 0.095068,   1.691895, 0.052368,
 0,x_unit, 111.428305, 1.658057, 2.351733, 0.693677,   1.658057, 1.731372, 0.073315,   1.691895, 0.052368,
 0,x_unit, 111.454418, 1.658862, 2.080225, 0.421362,   1.660474, 1.699951, 0.039478,   1.693506, 0.054785,
 0,x_unit, 111.480388, 1.654834, 1.938428, 0.283594,   1.662085, 1.687060, 0.024976,   1.691895, 0.052368,
 0,x_unit, 111.506398, 1.661279, 1.902979, 0.241699,   1.657251, 1.681421, 0.024170,   1.691895, 0.052368,
 0,x_unit, 111.532435, 1.648389, 2.044775, 0.396387,   1.647583, 1.678198, 0.030615,   1.685449, 0.037866,
 0,x_unit, 111.558640, 1.647583, 2.301782, 0.654199,   1.647583, 1.714453, 0.066870,   1.685449, 0.039478,
 0,x_unit, 111.584696, 1.650806, 2.603101, 0.952295,   1.650806, 1.757959, 0.107153,   1.682227, 0.039478,
 0,x_unit, 111.610736, 1.648389, 2.877026, 1.228638,   1.650000, 1.789380, 0.139380,   1.683838, 0.038672,
 0,x_unit, 111.636843, 1.650000, 3.051855, 1.401855,   1.650000, 1.822412, 0.172412,   1.683838, 0.037866,
 0,x_unit, 111.662878, 1.650000, 3.085693, 1.435693,   1.649194, 1.811133, 0.161938,   1.679004, 0.036255,
 0,x_unit, 111.688961, 1.650000, 2.918921, 1.268921,   1.650000, 1.816772, 0.166772,   1.683838, 0.041895,
 0,x_unit, 111.714973, 1.652417, 2.642578, 0.990161,   1.652417, 1.755542, 0.103125,   1.685449, 0.035449,
 0,x_unit, 111.741071, 1.649194, 2.347705, 0.698511,   1.650000, 1.724121, 0.074121,   1.685449, 0.034644,
 0,x_unit, 111.767185, 1.650000, 2.081836, 0.431836,   1.647583, 1.691895, 0.044312,   1.683838, 0.039478,
 0,x_unit, 111.793298, 1.647583, 1.911035, 0.263452,   1.650000, 1.670142, 0.020142,   1.681421, 0.039478,
 0,x_unit, 111.819313, 1.652417, 1.898144, 0.245728,   1.649194, 1.654028, 0.004834,   1.683032, 0.039478,
 0,x_unit, 111.845307, 1.661279, 2.100366, 0.439087,   1.662891, 1.703174, 0.040283,   1.689478, 0.053979,
 0,x_unit, 111.871300, 1.661279, 2.321924, 0.660644,   1.662085, 1.728149, 0.066064,   1.690283, 0.049951,
 0,x_unit, 111.897402, 1.661279, 2.640161, 0.978882,   1.664502, 1.761987, 0.097485,   1.691895, 0.050757,
 0,x_unit, 111.923518, 1.662085, 2.894751, 1.232666,   1.658057, 1.801465, 0.143408,   1.691895, 0.054785,
 0,x_unit, 111.949402, 1.662085, 3.059912, 1.397827,   1.662085, 1.809521, 0.147436,   1.686255, 0.049951,
 0,x_unit, 111.975626, 1.662085, 3.079248, 1.417163,   1.658862, 1.807104, 0.148242,   1.694311, 0.051562,
 0,x_unit, 112.001647, 1.662085, 2.935034, 1.272949,   1.658862, 1.781323, 0.122461,   1.691895, 0.050757,
 0,x_unit, 112.027705, 1.662891, 2.646606, 0.983716,   1.662085, 1.766016, 0.103931,   1.686255, 0.049951,
 0,x_unit, 112.053848, 1.656445, 2.343677, 0.687232,   1.662085, 1.736206, 0.074121,   1.694311, 0.051562,
 0,x_unit, 112.079750, 1.658862, 2.100366, 0.441504,   1.660474, 1.694311, 0.033838,   1.691089, 0.050757,
 0,x_unit, 112.105746, 1.662085, 1.909424, 0.247339,   1.656445, 1.669336, 0.012891,   1.691895, 0.053979,
 0,x_unit, 112.131862, 1.662891, 1.873975, 0.211084,   1.654834, 1.682227, 0.027393,   1.691895, 0.052368,
 0,x_unit, 112.157970, 1.645972, 2.052832, 0.406860,   1.647583, 1.691089, 0.043506,   1.687866, 0.036255,
 0,x_unit, 112.183956, 1.650000, 2.303394, 0.653394,   1.648389, 1.714453, 0.066064,   1.686255, 0.034644,
 0,x_unit, 112.209973, 1.649194, 2.619214, 0.970019,   1.647583, 1.752319, 0.104736,   1.683838, 0.035449,
 0,x_unit, 112.236132, 1.650806, 2.864136, 1.213330,   1.648389, 1.764404, 0.116016,   1.679810, 0.039478,
 0,x_unit, 112.262196, 1.652417, 3.060718, 1.408301,   1.650000, 1.810327, 0.160327,   1.686255, 0.039478,
 0,x_unit, 112.288315, 1.649194, 3.071997, 1.422803,   1.654834, 1.778906, 0.124072,   1.683838, 0.038672,
 0,x_unit, 112.314294, 1.654834, 2.915698, 1.260864,   1.650806, 1.766821, 0.116016,   1.686255, 0.036255,
 0,x_unit, 112.340318, 1.653223, 2.641773, 0.988550,   1.648389, 1.787768, 0.139380,   1.687866, 0.040283,
 0,x_unit, 112.366430, 1.650000, 2.334814, 0.684814,   1.649194, 1.722510, 0.073315,   1.685449, 0.037866,
 0,x_unit, 112.392516, 1.652417, 2.042358, 0.389941,   1.653223, 1.683838, 0.030615,   1.681421, 0.039478,
 0,x_unit, 112.418522, 1.649194, 1.923926, 0.274731,   1.649194, 1.662891, 0.013696,   1.683838, 0.037866,
 0,x_unit, 112.444630, 1.650806, 1.864307, 0.213501,   1.650000, 1.690283, 0.040283,   1.686255, 0.038672,
 0,x_unit, 112.470547, 1.662085, 2.048804, 0.386719,   1.664502, 1.669336, 0.004834,   1.691089, 0.052368,
 0,x_unit, 112.496741, 1.666113, 2.300977, 0.634863,   1.665308, 1.743457, 0.078149,   1.691895, 0.048340,
 0,x_unit, 112.522866, 1.665308, 2.615991, 0.950683,   1.664502, 1.772461, 0.107959,   1.698340, 0.049951,
 0,x_unit, 112.548843, 1.662891, 2.869775, 1.206885,   1.666113, 1.786963, 0.120850,   1.687060, 0.049951,
 0,x_unit, 112.575079, 1.664502, 3.047021, 1.382519,   1.662891, 1.815967, 0.153076,   1.691895, 0.055591,
 0,x_unit, 112.601079, 1.662891, 3.047827, 1.384936,   1.662891, 1.811133, 0.148242,   1.687060, 0.047534,
 0,x_unit, 112.627207, 1.662085, 2.856885, 1.194800,   1.660474, 1.795825, 0.135352,   1.691895, 0.050757,
 0,x_unit, 112.653289, 1.658862, 2.578931, 0.920068,   1.662085, 1.724927, 0.062842,   1.689478, 0.054785,
 0,x_unit, 112.679283, 1.658862, 2.267944, 0.609082,   1.658057, 1.691895, 0.033838,   1.693506, 0.050757,
 0,x_unit, 112.705326, 1.658057, 2.035107, 0.377051,   1.654028, 1.683032, 0.029004,   1.693506, 0.048340,
 0,x_unit, 112.731407, 1.658057, 1.906201, 0.248145,   1.662085, 1.672559, 0.010474,   1.691089, 0.052368,
 0,x_unit, 112.757549, 1.660474, 1.956958, 0.296484,   1.658862, 1.685449, 0.026587,   1.693506, 0.054785,
 0,x_unit, 112.783420, 1.647583, 2.154346, 0.506763,   1.649194, 1.689478, 0.040283,   1.682227, 0.039478,
 0,x_unit, 112.809402, 1.645972, 2.438745, 0.792773,   1.647583, 1.716870, 0.069287,   1.685449, 0.039478,
 0,x_unit, 112.835535, 1.647583, 2.715088, 1.067505,   1.647583, 1.765210, 0.117627,   1.687060, 0.037866,
 0,x_unit, 112.861538, 1.650806, 2.968872, 1.318066,   1.645166, 1.793408, 0.148242,   1.685449, 0.036255,
 0,x_unit, 112.887745, 1.654028, 3.102612, 1.448584,   1.650000, 1.819995, 0.169995,   1.683838, 0.038672,
 0,x_unit, 112.913653, 1.650806, 3.007544, 1.356738,   1.648389, 1.831274, 0.182886,   1.683032, 0.037866,
 0,x_unit, 112.939713, 1.653223, 2.757788, 1.104565,   1.653223, 1.777295, 0.124072,   1.683838, 0.037866,
 0,x_unit, 112.965769, 1.653223, 2.483057, 0.829834,   1.649194, 1.728149, 0.078955,   1.685449, 0.033838,
 0,x_unit, 112.991760, 1.650000, 2.170459, 0.520459,   1.650000, 1.669336, 0.019336,   1.682227, 0.037866,
 0,x_unit, 113.017766, 1.650806, 1.982739, 0.331934,   1.647583, 1.662085, 0.014502,   1.685449, 0.035449,
 0,x_unit, 113.043647, 1.650000, 1.894922, 0.244922,   1.649194, 1.650806, 0.001611,   1.686255, 0.039478,
 0,x_unit, 113.069780, 1.650000, 1.997241, 0.347241,   1.648389, 1.666919, 0.018530,   1.682227, 0.037866,
 0,x_unit, 113.095741, 1.652417, 2.259888, 0.607471,   1.649194, 1.720898, 0.071704,   1.679004, 0.034644,
 0,x_unit, 113.121770, 1.665308, 2.561206, 0.895898,   1.666919, 1.751514, 0.084595,   1.691089, 0.049951,
 0,x_unit, 113.147794, 1.668530, 2.835132, 1.166602,   1.664502, 1.785352, 0.120850,   1.694311, 0.052368,
 0,x_unit, 113.173762, 1.662085, 3.027685, 1.365600,   1.662085, 1.786157, 0.124072,   1.691089, 0.048340,
 0,x_unit, 113.199760, 1.665308, 3.039770, 1.374463,   1.662085, 1.807104, 0.145020,   1.691089, 0.052368,
 0,x_unit, 113.225854, 1.661279, 2.924561, 1.263281,   1.664502, 1.809521, 0.145020,   1.691089, 0.054785,
 0,x_unit, 113.251783, 1.657251, 2.656274, 0.999023,   1.660474, 1.747485, 0.087012,   1.695117, 0.051562,
 0,x_unit, 113.277857, 1.662085, 2.328369, 0.666284,   1.660474, 1.728149, 0.067676,   1.689478, 0.048340,
 0,x_unit, 113.303870, 1.662085, 2.056055, 0.393970,   1.661279, 1.698340, 0.037060,   1.687866, 0.050757,
 0,x_unit, 113.329694, 1.654834, 1.936816, 0.281982,   1.658862, 1.678198, 0.019336,   1.691089, 0.052368,
 0,x_unit, 113.355985, 1.656445, 1.927148, 0.270703,   1.658862, 1.670142, 0.011279,   1.691895, 0.053979,
 0,x_unit, 113.381882, 1.658057, 2.088281, 0.430225,   1.660474, 1.701563, 0.041089,   1.687060, 0.055591,
 0,x_unit, 113.407960, 1.657251, 2.366235, 0.708984,   1.657251, 1.728149, 0.070898,   1.691895, 0.049951,
 0,x_unit, 113.433990, 1.662085, 2.641773, 0.979688,   1.657251, 1.761987, 0.104736,   1.691089, 0.052368,
 0,x_unit, 113.460111, 1.649194, 2.915698, 1.266504,   1.645166, 1.797436, 0.152270,   1.685449, 0.037866,
 0,x_unit, 113.486161, 1.648389, 3.028491, 1.380103,   1.650000, 1.781323, 0.131323,   1.685449, 0.037866,
 0,x_unit, 113.512125, 1.648389, 3.055078, 1.406689,   1.649194, 1.814355, 0.165161,   1.683838, 0.038672,
 0,x_unit, 113.538310, 1.647583, 2.831909, 1.184326,   1.649194, 1.772461, 0.123267,   1.683838, 0.038672,
 0,x_unit, 113.564421, 1.650000, 2.591016, 0.941016,   1.652417, 1.773267, 0.120850,   1.685449, 0.039478,
 0,x_unit, 113.590433, 1.650000, 2.255054, 0.605054,   1.648389, 1.695117, 0.046728,   1.687060, 0.039478,
 0,x_unit, 113.616424, 1.650806, 2.023022, 0.372217,   1.650806, 1.690283, 0.039478,   1.683838, 0.039478,
 0,x_unit, 113.642522, 1.650806, 1.898950, 0.248145,   1.649194, 1.662085, 0.012891,   1.683838, 0.038672,
 0,x_unit, 113.668753, 1.650806, 1.943262, 0.292456,   1.652417, 1.665308, 0.012891,   1.686255, 0.035449,
 0,x_unit, 113.694756, 1.652417, 2.152734, 0.500317,   1.650000, 1.724927, 0.074927,   1.686255, 0.037866,
 0,x_unit, 113.720828, 1.652417, 2.482251, 0.829834,   1.652417, 1.735400, 0.082983,   1.685449, 0.037866,
 0,x_unit, 113.746942, 1.665308, 2.766650, 1.101343,   1.669336, 1.780518, 0.111182,   1.693506, 0.051562,
 0,x_unit, 113.773084, 1.670142, 2.989014, 1.318872,   1.665308, 1.811938, 0.146631,   1.691895, 0.052368,
 0,x_unit, 113.799206, 1.662085, 3.073608, 1.411523,   1.666919, 1.780518, 0.113599,   1.687060, 0.048340,
 0,x_unit, 113.825303, 1.662085, 2.992236, 1.330151,   1.662891, 1.795825, 0.132935,   1.690283, 0.052368,
 0,x_unit, 113.851322, 1.661279, 2.736035, 1.074756,   1.664502, 1.770850, 0.106348,   1.694311, 0.053979,
 0,x_unit, 113.877312, 1.658862, 2.426660, 0.767798,   1.662085, 1.757959, 0.095874,   1.687866, 0.049951,
 0,x_unit, 113.903318, 1.662085, 2.148706, 0.486621,   1.662085, 1.704785, 0.042700,   1.691089, 0.050757,
 0,x_unit, 113.929482, 1.662085, 1.972266, 0.310181,   1.658057, 1.691895, 0.033838,   1.691089, 0.049951,
 0,x_unit, 113.955548, 1.660474, 1.911035, 0.250562,   1.658862, 1.694311, 0.035449,   1.693506, 0.049951,
 0,x_unit, 113.981529, 1.662085, 2.035107, 0.373022,   1.660474, 1.687060, 0.026587,   1.690283, 0.049951,
 0,x_unit, 114.007542, 1.657251, 2.293725, 0.636474,   1.662085, 1.728955, 0.066870,   1.691895, 0.048340,
 0,x_unit, 114.033572, 1.658862, 2.590210, 0.931348,   1.658862, 1.757959, 0.099097,   1.695117, 0.049951,
 0,x_unit, 114.059756, 1.658057, 2.856079, 1.198022,   1.654834, 1.786157, 0.131323,   1.687866, 0.047534,
 0,x_unit, 114.085746, 1.645166, 3.046216, 1.401050,   1.647583, 1.795020, 0.147436,   1.683838, 0.037866,
 0,x_unit, 114.111749, 1.650000, 3.115503, 1.465503,   1.645972, 1.802271, 0.156299,   1.683838, 0.040283,
 0,x_unit, 114.137876, 1.650806, 2.857690, 1.206885,   1.647583, 1.789380, 0.141797,   1.683032, 0.037866,
 0,x_unit, 114.163930, 1.650806, 2.625659, 0.974854,   1.645972, 1.757959, 0.111987,   1.683032, 0.037866,
 0,x_unit, 114.189981, 1.649194, 2.301782, 0.652588,   1.649194, 1.686255, 0.037060,   1.683838, 0.040283,
 0,x_unit, 114.215887, 1.653223, 2.071362, 0.418140,   1.650806, 1.677393, 0.026587,   1.685449, 0.037866,
 0,x_unit, 114.241978, 1.648389, 1.963403, 0.315015,   1.650000, 1.668530, 0.018530,   1.686255, 0.038672,
 0,x_unit, 114.268091, 1.650000, 1.927148, 0.277148,   1.650000, 1.662085, 0.012085,   1.689478, 0.035449,
 0,x_unit, 114.294107, 1.650806, 2.110840, 0.460034,   1.650000, 1.703979, 0.053980,   1.683838, 0.035449,
 0,x_unit, 114.320312, 1.650000, 2.386377, 0.736377,   1.650806, 1.747485, 0.096680,   1.685449, 0.040283,
 0,x_unit, 114.346306, 1.650806, 2.703809, 1.053003,   1.653223, 1.766821, 0.113599,   1.687060, 0.035449,
 0,x_unit, 114.372412, 1.654834, 2.947925, 1.293091,   1.652417, 1.797436, 0.145020,   1.685449, 0.037866,
 0,x_unit, 114.398401, 1.662085, 3.060718, 1.398633,   1.665308, 1.807104, 0.141797,   1.693506, 0.048340,
 0,x_unit, 114.424533, 1.665308, 3.047021, 1.381714,   1.664502, 1.803076, 0.138574,   1.687060, 0.052368,
 0,x_unit, 114.450472, 1.662085, 2.806128, 1.144043,   1.668530, 1.781323, 0.112793,   1.695117, 0.054785,
 0,x_unit, 114.476540, 1.662085, 2.504810, 0.842725,   1.662891, 1.744263, 0.081372,   1.689478, 0.054785,
 0,x_unit, 114.502555, 1.661279, 2.210742, 0.549463,   1.661279, 1.699951, 0.038672,   1.693506, 0.052368,
 0,x_unit, 114.528656, 1.658862, 2.015771, 0.356909,   1.654834, 1.699145, 0.044312,   1.691895, 0.051562,
 0,x_unit, 114.554877, 1.660474, 1.907812, 0.247339,   1.662085, 1.679810, 0.017725,   1.691895, 0.049951,
 0,x_unit, 114.580838, 1.656445, 1.982739, 0.326294,   1.656445, 1.683838, 0.027393,   1.687866, 0.046729,
 0,x_unit, 114.606880, 1.658057, 2.202686, 0.544629,   1.658862, 1.714453, 0.055591,   1.691895, 0.053979,
 0,x_unit, 114.632980, 1.662085, 2.488696, 0.826611,   1.658057, 1.719287, 0.061230,   1.693506, 0.047534,
 0,x_unit, 114.659094, 1.658862, 2.806128, 1.147266,   1.662891, 1.789380, 0.126489,   1.691895, 0.051562,
 0,x_unit, 114.685130, 1.658057, 2.994653, 1.336597,   1.656445, 1.811133, 0.154688,   1.687866, 0.051562,
 0,x_unit, 114.711154, 1.647583, 3.067969, 1.420386,   1.644360, 1.819189, 0.174829,   1.683032, 0.037866,
 0,x_unit, 114.737235, 1.650000, 2.957593, 1.307593,   1.647583, 1.799048, 0.151465,   1.687060, 0.038672,
 0,x_unit, 114.763317, 1.650000, 2.690112, 1.040112,   1.649194, 1.735400, 0.086206,   1.687866, 0.038672,
 0,x_unit, 114.789418, 1.650000, 2.409741, 0.759741,   1.650806, 1.706396, 0.055591,   1.679004, 0.035449,
 0,x_unit, 114.815412, 1.650000, 2.097949, 0.447949,   1.648389, 1.691895, 0.043506,   1.683838, 0.037866,
 0,x_unit, 114.841535, 1.648389, 1.955347, 0.306958,   1.647583, 1.670947, 0.023364,   1.683838, 0.036255,
 0,x_unit, 114.867577, 1.652417, 1.924731, 0.272314,   1.652417, 1.672559, 0.020142,   1.687060, 0.037866,
 0,x_unit, 114.893642, 1.647583, 2.077808, 0.430225,   1.649194, 1.691895, 0.042700,   1.687060, 0.038672,
 0,x_unit, 114.919676, 1.649194, 2.329175, 0.679980,   1.653223, 1.718481, 0.065259,   1.686255, 0.040283,
 0,x_unit, 114.945649, 1.653223, 2.636133, 0.982910,   1.650000, 1.732983, 0.082983,   1.683838, 0.040283,
 0,x_unit, 114.971693, 1.652417, 2.893945, 1.241528,   1.652417, 1.790991, 0.138574,   1.686255, 0.036255,
 0,x_unit, 114.997772, 1.648389, 3.044605, 1.396216,   1.652417, 1.787768, 0.135352,   1.679004, 0.037866,
 0,x_unit, 115.023883, 1.668530, 2.978540, 1.310010,   1.664502, 1.806299, 0.141797,   1.691895, 0.052368,
 0,x_unit, 115.049879, 1.664502, 2.823047, 1.158545,   1.665308, 1.776489, 0.111182,   1.695117, 0.051562,
 0,x_unit, 115.075981, 1.662891, 2.511255, 0.848364,   1.662085, 1.753931, 0.091846,   1.690283, 0.053979,
 0,x_unit, 115.102003, 1.662085, 2.205102, 0.543018,   1.661279, 1.711230, 0.049951,   1.687866, 0.046729,
 0,x_unit, 115.128110, 1.658862, 2.005298, 0.346436,   1.660474, 1.691895, 0.031421,   1.691089, 0.048340,
 0,x_unit, 115.154198, 1.658057, 1.911035, 0.252979,   1.654834, 1.682227, 0.027393,   1.691089, 0.049951,
 0,x_unit, 115.180296, 1.657251, 2.022217, 0.364966,   1.658862, 1.665308, 0.006445,   1.691895, 0.053979,
 0,x_unit, 115.206332, 1.661279, 2.263110, 0.601831,   1.658057, 1.719287, 0.061230,   1.694311, 0.049951,
 0,x_unit, 115.232382, 1.662085, 2.557983, 0.895898,   1.658862, 1.766016, 0.107153,   1.687060, 0.048340,
 0,x_unit, 115.258450, 1.662085, 2.811768, 1.149683,   1.658057, 1.789380, 0.131323,   1.691895, 0.054785,
 0,x_unit, 115.284314, 1.657251, 3.039770, 1.382519,   1.662891, 1.799853, 0.136963,   1.695117, 0.053979,
 0,x_unit, 115.310303, 1.664502, 3.055884, 1.391382,   1.658057, 1.819189, 0.161133,   1.691895, 0.052368,
 0,x_unit, 115.336433, 1.661279, 2.836743, 1.175464,   1.656445, 1.790186, 0.133740,   1.695117, 0.051562,
 0,x_unit, 115.361780, 1.647583, 2.610352, 0.962769,   1.641138, 1.765210, 0.124072,   1.685449, 0.036255,
 0,x_unit, 115.387834, 1.645972, 2.300171, 0.654199,   1.645166, 1.724121, 0.078955,   1.683838, 0.035449,
 0,x_unit, 115.413777, 1.650000, 2.089893, 0.439893,   1.650000, 1.683032, 0.033032,   1.686255, 0.039478,
 0,x_unit, 115.439869, 1.647583, 1.919897, 0.272314,   1.649194, 1.665308, 0.016113,   1.687060, 0.037866,
 0,x_unit, 115.465987, 1.652417, 1.955347, 0.302930,   1.648389, 1.699145, 0.050757,   1.685449, 0.037866,
 0,x_unit, 115.491983, 1.653223, 2.162402, 0.509180,   1.650000, 1.706396, 0.056396,   1.681421, 0.039478,
 0,x_unit, 115.517983, 1.650806, 2.450830, 0.800024,   1.650806, 1.730566, 0.079761,   1.686255, 0.036255,
 0,x_unit, 115.543975, 1.652417, 2.773901, 1.121484,   1.650806, 1.777295, 0.126489,   1.687060, 0.035449,
 0,x_unit, 115.570206, 1.654028, 2.984985, 1.330957,   1.650000, 1.802271, 0.152271,   1.679810, 0.037866,
 0,x_unit, 115.596215, 1.652417, 3.069580, 1.417163,   1.650806, 1.784546, 0.133740,   1.690283, 0.040283,
 0,x_unit, 115.622321, 1.653223, 2.935840, 1.282617,   1.652417, 1.790186, 0.137769,   1.686255, 0.037866,
 0,x_unit, 115.648408, 1.654028, 2.694141, 1.040112,   1.654028, 1.751514, 0.097485,   1.687060, 0.035449,
 0,x_unit, 115.674421, 1.662891, 2.387988, 0.725098,   1.664502, 1.728955, 0.064453,   1.695923, 0.051562,
 0,x_unit, 115.700543, 1.664502, 2.122925, 0.458423,   1.662891, 1.707202, 0.044312,   1.694311, 0.053979,
 0,x_unit, 115.726644, 1.662085, 1.948901, 0.286816,   1.664502, 1.691895, 0.027393,   1.690283, 0.051562,
 0,x_unit, 115.752770, 1.658862, 1.942456, 0.283594,   1.660474, 1.691895, 0.031421,   1.691089, 0.052368,
 0,x_unit, 115.778778, 1.660474, 2.109228, 0.448755,   1.662085, 1.719287, 0.057202,   1.686255, 0.052368,
 0,x_unit, 115.804768, 1.666113, 2.388794, 0.722681,   1.662085, 1.730566, 0.068481,   1.693506, 0.049951,
 0,x_unit, 115.830884, 1.658862, 2.681250, 1.022388,   1.662085, 1.768433, 0.106348,   1.694311, 0.053979,
 0,x_unit, 115.856990, 1.664502, 2.910058, 1.245557,   1.665308, 1.799048, 0.133740,   1.695117, 0.050757,
 0,x_unit, 115.883055, 1.658057, 3.071997, 1.413940,   1.662085, 1.803882, 0.141797,   1.693506, 0.052368,
 0,x_unit, 115.909109, 1.666113, 3.034131, 1.368018,   1.662891, 1.798242, 0.135352,   1.691895, 0.050757,
 0,x_unit, 115.935097, 1.661279, 2.769067, 1.107788,   1.660474, 1.780518, 0.120044,   1.691089, 0.050757,
 0,x_unit, 115.961252, 1.661279, 2.441162, 0.779883,   1.662085, 1.753931, 0.091846,   1.689478, 0.052368,
 0,x_unit, 115.987308, 1.647583, 2.188989, 0.541406,   1.644360, 1.706396, 0.062036,   1.683838, 0.039478,
 0,x_unit, 116.013222, 1.647583, 2.002881, 0.355298,   1.647583, 1.678198, 0.030615,   1.687060, 0.039478,
 0,x_unit, 116.039397, 1.647583, 1.934399, 0.286816,   1.647583, 1.662085, 0.014502,   1.679810, 0.038672,
 0,x_unit, 116.065429, 1.647583, 2.034302, 0.386719,   1.650806, 1.676587, 0.025781,   1.686255, 0.037866,
 0,x_unit, 116.091434, 1.648389, 2.284058, 0.635669,   1.653223, 1.722510, 0.069287,   1.681421, 0.037866,
 0,x_unit, 116.117330, 1.652417, 2.594238, 0.941821,   1.649194, 1.744263, 0.095068,   1.685449, 0.037866,
 0,x_unit, 116.143374, 1.650000, 2.862524, 1.212524,   1.652417, 1.807104, 0.154688,   1.683032, 0.037866,
 0,x_unit, 116.169580, 1.650806, 3.028491, 1.377686,   1.647583, 1.805493, 0.157910,   1.683838, 0.038672,
 0,x_unit, 116.195540, 1.654834, 3.053467, 1.398633,   1.650000, 1.803076, 0.153076,   1.686255, 0.039478,
 0,x_unit, 116.221754, 1.654834, 2.853662, 1.198828,   1.649194, 1.789380, 0.140185,   1.687060, 0.037866,
 0,x_unit, 116.247661, 1.648389, 2.570068, 0.921680,   1.654028, 1.739429, 0.085400,   1.683838, 0.038672,
 0,x_unit, 116.273766, 1.648389, 2.259888, 0.611499,   1.654834, 1.699145, 0.044312,   1.685449, 0.036255,
 0,x_unit, 116.299878, 1.653223, 2.011743, 0.358520,   1.650000, 1.673364, 0.023364,   1.690283, 0.047534,
 0,x_unit, 116.325887, 1.662891, 1.918286, 0.255396,   1.664502, 1.681421, 0.016919,   1.694311, 0.049951,
 0,x_unit, 116.351980, 1.660474, 1.977905, 0.317432,   1.662085, 1.681421, 0.019336,   1.691895, 0.049951,
 0,x_unit, 116.377879, 1.662891, 2.216382, 0.553491,   1.658057, 1.720093, 0.062036,   1.691895, 0.054785,
 0,x_unit, 116.403890, 1.654834, 2.507226, 0.852393,   1.662085, 1.741040, 0.078955,   1.686255, 0.054785,
 0,x_unit, 116.429985, 1.662085, 2.806934, 1.144849,   1.662085, 1.757959, 0.095874,   1.694311, 0.052368,
 0,x_unit, 116.456002, 1.662891, 2.996265, 1.333374,   1.662085, 1.809521, 0.147436,   1.691089, 0.049951,
 0,x_unit, 116.481977, 1.662085, 3.067969, 1.405884,   1.662891, 1.802271, 0.139380,   1.690283, 0.052368,
 0,x_unit, 116.507871, 1.654834, 2.926172, 1.271338,   1.661279, 1.801465, 0.140185,   1.691089, 0.054785,
 0,x_unit, 116.534002, 1.658057, 2.661108, 1.003052,   1.658862, 1.755542, 0.096680,   1.691895, 0.052368,
 0,x_unit, 116.560205, 1.661279, 2.363013, 0.701733,   1.658862, 1.708813, 0.049951,   1.687060, 0.049951,
 0,x_unit, 116.586301, 1.654834, 2.093115, 0.438281,   1.660474, 1.695923, 0.035449,   1.689478, 0.051562,
 0,x_unit, 116.612336, 1.662085, 1.953735, 0.291650,   1.656445, 1.687866, 0.031421,   1.694311, 0.051562,
 0,x_unit, 116.638337, 1.645972, 1.961792, 0.315820,   1.643555, 1.666113, 0.022559,   1.686255, 0.040283,
 0,x_unit, 116.664444, 1.647583, 2.147095, 0.499512,   1.649194, 1.702368, 0.053174,   1.683032, 0.037866,
 0,x_unit, 116.690544, 1.649194, 2.404907, 0.755713,   1.648389, 1.728149, 0.079761,   1.682227, 0.039478,
 0,x_unit, 116.716499, 1.648389, 2.707837, 1.059448,   1.649194, 1.760376, 0.111182,   1.687060, 0.038672,
 0,x_unit, 116.742731, 1.650000, 2.941479, 1.291479,   1.648389, 1.774878, 0.126489,   1.685449, 0.037866,
 0,x_unit, 116.768791, 1.652417, 3.063135, 1.410718,   1.649194, 1.819995, 0.170801,   1.685449, 0.038672,
 0,x_unit, 116.794792, 1.653223, 2.993848, 1.340625,   1.649194, 1.768433, 0.119238,   1.686255, 0.038672,
 0,x_unit, 116.820662, 1.648389, 2.752148, 1.103760,   1.653223, 1.761182, 0.107959,   1.683838, 0.033838,
 0,x_unit, 116.846703, 1.650000, 2.437939, 0.787939,   1.649194, 1.728955, 0.079761,   1.682227, 0.037866,
 0,x_unit, 116.872815, 1.654028, 2.158374, 0.504346,   1.654028, 1.699145, 0.045117,   1.683838, 0.037866,
 0,x_unit, 116.898866, 1.652417, 1.964209, 0.311792,   1.653223, 1.669336, 0.016113,   1.689478, 0.040283,
 0,x_unit, 116.924990, 1.650806, 1.903784, 0.252979,   1.652417, 1.670142, 0.017725,   1.686255, 0.037866,
 0,x_unit, 116.950994, 1.665308, 2.063306, 0.397998,   1.662085, 1.678198, 0.016113,   1.685449, 0.052368,
 0,x_unit, 116.976984, 1.666113, 2.333203, 0.667090,   1.662085, 1.716064, 0.053980,   1.687060, 0.049951,
 0,x_unit, 117.003058, 1.665308, 2.644189, 0.978882,   1.662891, 1.756348, 0.093457,   1.691895, 0.048340,
 0,x_unit, 117.029102, 1.658862, 2.872998, 1.214136,   1.662085, 1.801465, 0.139380,   1.694311, 0.053979,
 0,x_unit, 117.055210, 1.662891, 3.047827, 1.384936,   1.662085, 1.815161, 0.153076,   1.691895, 0.052368,
 0,x_unit, 117.081206, 1.662085, 3.030908, 1.368823,   1.662085, 1.801465, 0.139380,   1.691895, 0.051562,
 0,x_unit, 117.107318, 1.662891, 2.840771, 1.177881,   1.662085, 1.794214, 0.132129,   1.687866, 0.049951,
 0,x_unit, 117.133485, 1.658862, 2.524145, 0.865283,   1.654834, 1.748291, 0.093457,   1.687866, 0.053979,
 0,x_unit, 117.159547, 1.662891, 2.242969, 0.580078,   1.654834, 1.720093, 0.065259,   1.693506, 0.052368,
 0,x_unit, 117.185593, 1.657251, 2.006104, 0.348853,   1.658862, 1.695923, 0.037061,   1.695117, 0.049951,
 0,x_unit, 117.211611, 1.658862, 1.930371, 0.271509,   1.658057, 1.694311, 0.036255,   1.693506, 0.051562,
 0,x_unit, 117.237678, 1.656445, 2.030273, 0.373828,   1.658862, 1.691089, 0.032227,   1.691895, 0.050757,
 0,x_unit, 117.263816, 1.647583, 2.268750, 0.621167,   1.657251, 1.718481, 0.061230,   1.691895, 0.053979,
 0,x_unit, 117.289888, 1.648389, 2.520117, 0.871728,   1.647583, 1.772461, 0.124878,   1.686255, 0.039478,
 0,x_unit, 117.315868, 1.645166, 2.824658, 1.179492,   1.650000, 1.776489, 0.126489,   1.687060, 0.037866,
 0,x_unit, 117.341982, 1.650806, 3.023657, 1.372851,   1.650000, 1.795020, 0.145020,   1.682227, 0.037866,
 0,x_unit, 117.368062, 1.652417, 3.027685, 1.375268,   1.654028, 1.799853, 0.145825,   1.686255, 0.038672,
 0,x_unit, 117.394096, 1.650000, 2.843994, 1.193994,   1.648389, 1.786157, 0.137769,   1.686255, 0.037866,
 0,x_unit, 117.420017, 1.645972, 2.550732, 0.904761,   1.650806, 1.749902, 0.099097,   1.686255, 0.037866,
 0,x_unit, 117.446003, 1.648389, 2.268750, 0.620361,   1.647583, 1.712842, 0.065259,   1.689478, 0.035449,
 0,x_unit, 117.472105, 1.647583, 2.022217, 0.374634,   1.650000, 1.674976, 0.024976,   1.686255, 0.033838,
 0,x_unit, 117.498106, 1.650000, 1.943262, 0.293262,   1.648389, 1.666919, 0.018530,   1.689478, 0.040283,
 0,x_unit, 117.524208, 1.650000, 2.005298, 0.355298,   1.652417, 1.677393, 0.024976,   1.686255, 0.038672,
 0,x_unit, 117.550219, 1.652417, 2.251831, 0.599414,   1.650806, 1.708813, 0.058008,   1.687060, 0.039478,
 0,x_unit, 117.576432, 1.653223, 2.577319, 0.924097,   1.650806, 1.756348, 0.105542,   1.685449, 0.038672,
 0,x_unit, 117.602443, 1.662891, 2.839966, 1.177075,   1.668530, 1.793408, 0.124878,   1.687060, 0.049951,
 0,x_unit, 117.628574, 1.662085, 3.024463, 1.362378,   1.665308, 1.807104, 0.141797,   1.689478, 0.049951,
 0,x_unit, 117.654649, 1.666919, 3.026880, 1.359961,   1.662085, 1.805493, 0.143408,   1.691895, 0.049951,
 0,x_unit, 117.680564, 1.664502, 2.852051, 1.187549,   1.658862, 1.761182, 0.102319,   1.693506, 0.047534,
 0,x_unit, 117.706666, 1.664502, 2.549121, 0.884619,   1.664502, 1.739429, 0.074927,   1.694311, 0.054785,
 0,x_unit, 117.732675, 1.658057, 2.271167, 0.613110,   1.662891, 1.726538, 0.063648,   1.683838, 0.054785,
 0,x_unit, 117.758800, 1.658862, 2.015771, 0.356909,   1.656445, 1.697534, 0.041089,   1.689478, 0.052368,
 0,x_unit, 117.784818, 1.661279, 1.930371, 0.269092,   1.662085, 1.678198, 0.016113,   1.694311, 0.050757,
 0,x_unit, 117.810784, 1.664502, 2.034302, 0.369800,   1.662085, 1.699951, 0.037866,   1.694311, 0.051562,
 0,x_unit, 117.836889, 1.661279, 2.270361, 0.609082,   1.661279, 1.732178, 0.070898,   1.691895, 0.053979,
 0,x_unit, 117.862958, 1.662085, 2.586987, 0.924902,   1.658057, 1.773267, 0.115210,   1.689478, 0.052368,
 0,x_unit, 117.889104, 1.662085, 2.823853, 1.161768,   1.662085, 1.790186, 0.128101,   1.691895, 0.051562,
 0,x_unit, 117.915000, 1.650000, 3.047021, 1.397021,   1.652417, 1.799048, 0.146631,   1.690283, 0.044312,
 0,x_unit, 117.941217, 1.648389, 3.026074, 1.377686,   1.647583, 1.802271, 0.154688,   1.686255, 0.037866,
 0,x_unit, 117.967338, 1.650000, 2.820630, 1.170630,   1.645972, 1.762793, 0.116821,   1.679810, 0.036255,
 0,x_unit, 117.993325, 1.650000, 2.536230, 0.886230,   1.650806, 1.762793, 0.111987,   1.683032, 0.040283,
 0,x_unit, 118.019315, 1.656445, 2.231689, 0.575244,   1.656445, 1.707202, 0.050757,   1.685449, 0.040283,
 0,x_unit, 118.045318, 1.650000, 2.038330, 0.388330,   1.648389, 1.670947, 0.022559,   1.683032, 0.034644,
 0,x_unit, 118.071404, 1.650806, 1.896533, 0.245728,   1.647583, 1.670142, 0.022559,   1.683838, 0.039478,
 0,x_unit, 118.097432, 1.653223, 2.035107, 0.381885,   1.654028, 1.654834, 0.000806,   1.683032, 0.037866,
 0,x_unit, 118.123555, 1.656445, 2.281641, 0.625195,   1.653223, 1.714453, 0.061230,   1.683838, 0.038672,
 0,x_unit, 118.149548, 1.653223, 2.581348, 0.928125,   1.653223, 1.733789, 0.080566,   1.683032, 0.036255,
 0,x_unit, 118.175556, 1.654028, 2.849634, 1.195605,   1.654028, 1.786157, 0.132129,   1.683032, 0.037866,
 0,x_unit, 118.201678, 1.654028, 3.018823, 1.364795,   1.653223, 1.801465, 0.148242,   1.687060, 0.038672,
 0,x_unit, 118.227771, 1.670142, 3.040576, 1.370435,   1.669336, 1.802271, 0.132935,   1.691895, 0.051562,
 0,x_unit, 118.253842, 1.664502, 2.824658, 1.160156,   1.662891, 1.778101, 0.115210,   1.687060, 0.053979,
 0,x_unit, 118.279881, 1.666113, 2.533813, 0.867700,   1.662085, 1.756348, 0.094263,   1.694311, 0.055591,
 0,x_unit, 118.305888, 1.662891, 2.201074, 0.538184,   1.665308, 1.703174, 0.037866,   1.691895, 0.046729,
 0,x_unit, 118.332012, 1.662891, 2.033496, 0.370606,   1.662891, 1.679810, 0.016919,   1.695117, 0.055591,
 0,x_unit, 118.358114, 1.660474, 1.913452, 0.252979,   1.656445, 1.686255, 0.029810,   1.691089, 0.055591,
 0,x_unit, 118.384095, 1.661279, 2.022217, 0.360937,   1.658862, 1.679004, 0.020142,   1.689478, 0.050757,
 0,x_unit, 118.410105, 1.658057, 2.271167, 0.613110,   1.656445, 1.727344, 0.070898,   1.695923, 0.053979,
 0,x_unit, 118.436115, 1.662891, 2.598267, 0.935376,   1.664502, 1.780518, 0.116016,   1.695923, 0.055591,
 0,x_unit, 118.462256, 1.656445, 2.909253, 1.252808,   1.661279, 1.795020, 0.133740,   1.690283, 0.054785,
 0,x_unit, 118.488317, 1.658862, 3.009155, 1.350293,   1.658862, 1.802271, 0.143408,   1.695117, 0.054785,
 0,x_unit, 118.514320, 1.661279, 3.026074, 1.364795,   1.661279, 1.785352, 0.124072,   1.694311, 0.049951,
 0,x_unit, 118.540447, 1.662085, 2.827075, 1.164990,   1.648389, 1.778101, 0.129712,   1.690283, 0.043506,
 0,x_unit, 118.566555, 1.643555, 2.509644, 0.866089,   1.648389, 1.744263, 0.095874,   1.687866, 0.039478,
 0,x_unit, 118.592680, 1.648389, 2.231689, 0.583301,   1.645972, 1.706396, 0.060425,   1.685449, 0.038672,
 0,x_unit, 118.618566, 1.647583, 2.006909, 0.359326,   1.644360, 1.691089, 0.046728,   1.687866, 0.039478,
 0,x_unit, 118.644658, 1.654834, 1.961792, 0.306958,   1.650000, 1.677393, 0.027393,   1.685449, 0.037866,
 0,x_unit, 118.670692, 1.645972, 2.009326, 0.363355,   1.648389, 1.701563, 0.053174,   1.686255, 0.039478,
 0,x_unit, 118.696647, 1.649194, 2.296948, 0.647754,   1.649194, 1.683838, 0.034644,   1.679810, 0.038672,
 0,x_unit, 118.722833, 1.650806, 2.598267, 0.947461,   1.653223, 1.757959, 0.104736,   1.683032, 0.037866,
 0,x_unit, 118.748783, 1.653223, 2.847217, 1.193994,   1.652417, 1.770044, 0.117627,   1.686255, 0.036255,
 0,x_unit, 118.774888, 1.654834, 3.038159, 1.383325,   1.647583, 1.807910, 0.160327,   1.682227, 0.040283,
 0,x_unit, 118.800884, 1.654834, 3.013989, 1.359155,   1.654834, 1.795825, 0.140991,   1.685449, 0.037866,
 0,x_unit, 118.826898, 1.649194, 2.810156, 1.160962,   1.654834, 1.784546, 0.129712,   1.687060, 0.039478,
 0,x_unit, 118.853002, 1.653223, 2.496753, 0.843530,   1.649194, 1.724927, 0.075732,   1.691895, 0.037866,
 0,x_unit, 118.879001, 1.664502, 2.242163, 0.577661,   1.665308, 1.712036, 0.046728,   1.690283, 0.051562,
 0,x_unit, 118.905103, 1.658862, 2.023828, 0.364966,   1.662085, 1.685449, 0.023364,   1.689478, 0.046729,
 0,x_unit, 118.931225, 1.662891, 1.932788, 0.269897,   1.661279, 1.673364, 0.012085,   1.693506, 0.051562,
 0,x_unit, 118.957350, 1.662085, 2.044775, 0.382690,   1.658057, 1.708813, 0.050757,   1.687060, 0.049951,
 0,x_unit, 118.983332, 1.661279, 2.312256, 0.650977,   1.656445, 1.722510, 0.066064,   1.691895, 0.054785,
 0,x_unit, 119.009228, 1.662085, 2.620019, 0.957934,   1.662891, 1.778101, 0.115210,   1.691895, 0.054785,
 0,x_unit, 119.035397, 1.661279, 2.889917, 1.228638,   1.662085, 1.791797, 0.129712,   1.693506, 0.051562,
 0,x_unit, 119.061447, 1.662085, 3.038965, 1.376880,   1.662085, 1.778906, 0.116821,   1.687866, 0.048340,
 0,x_unit, 119.087424, 1.662085, 3.022851, 1.360767,   1.657251, 1.814355, 0.157104,   1.695923, 0.050757,
 0,x_unit, 119.113447, 1.662085, 2.806128, 1.144043,   1.661279, 1.780518, 0.119238,   1.693506, 0.054785,
 0,x_unit, 119.139448, 1.662891, 2.504810, 0.841919,   1.656445, 1.743457, 0.087012,   1.687866, 0.051562,
 0,x_unit, 119.165525, 1.662891, 2.209936, 0.547046,   1.658862, 1.707202, 0.048340,   1.693506, 0.053979,
 0,x_unit, 119.191564, 1.658862, 2.000464, 0.341601,   1.657251, 1.689478, 0.032227,   1.691089, 0.048340,
 0,x_unit, 119.217508, 1.645166, 1.927954, 0.282788,   1.645972, 1.674976, 0.029004,   1.683838, 0.038672,
 0,x_unit, 119.243679, 1.647583, 2.051221, 0.403638,   1.647583, 1.679810, 0.032227,   1.686255, 0.040283,
 0,x_unit, 119.269684, 1.650806, 2.313061, 0.662256,   1.650000, 1.694311, 0.044312,   1.685449, 0.038672,
 0,x_unit, 119.295705, 1.652417, 2.625659, 0.973242,   1.649194, 1.753931, 0.104736,   1.686255, 0.037866,
 0,x_unit, 119.321656, 1.650000, 2.881860, 1.231860,   1.653223, 1.785352, 0.132129,   1.683838, 0.036255,
 0,x_unit, 119.347644, 1.652417, 3.001904, 1.349487,   1.648389, 1.811133, 0.162744,   1.687060, 0.039478,
 0,x_unit, 119.373897, 1.654834, 2.999487, 1.344653,   1.649194, 1.802271, 0.153076,   1.685449, 0.037866,
 0,x_unit, 119.399872, 1.650000, 2.808545, 1.158545,   1.650000, 1.765210, 0.115210,   1.689478, 0.034644,
 0,x_unit, 119.425924, 1.652417, 2.494336, 0.841919,   1.650000, 1.720093, 0.070093,   1.685449, 0.038672,
 0,x_unit, 119.451899, 1.649194, 2.181738, 0.532544,   1.653223, 1.706396, 0.053174,   1.679004, 0.037866,
 0,x_unit, 119.477896, 1.652417, 1.998047, 0.345630,   1.650000, 1.714453, 0.064453,   1.683838, 0.037866,
 0,x_unit, 119.504012, 1.662085, 1.919897, 0.257812,   1.662891, 1.674170, 0.011279,   1.691089, 0.051562,
 0,x_unit, 119.530115, 1.665308, 2.069751, 0.404443,   1.662085, 1.676587, 0.014502,   1.691895, 0.053979,
 0,x_unit, 119.556334, 1.669336, 2.359790, 0.690454,   1.660474, 1.707202, 0.046728,   1.691089, 0.046729,
 0,x_unit, 119.582328, 1.664502, 2.625659, 0.961157,   1.664502, 1.752319, 0.087817,   1.693506, 0.050757,
 0,x_unit, 119.608330, 1.661279, 2.907642, 1.246362,   1.666113, 1.794214, 0.128101,   1.691895, 0.051562,
 0,x_unit, 119.634445, 1.662085, 3.048633, 1.386548,   1.661279, 1.810327, 0.149048,   1.693506, 0.051562,
 0,x_unit, 119.660448, 1.662891, 3.009155, 1.346265,   1.662085, 1.794214, 0.132129,   1.689478, 0.050757,
 0,x_unit, 119.686439, 1.662085, 2.765845, 1.103760,   1.666113, 1.786963, 0.120850,   1.697534, 0.055591,
 0,x_unit, 119.712341, 1.661279, 2.461304, 0.800024,   1.660474, 1.762793, 0.102319,   1.691895, 0.052368,
 0,x_unit, 119.738446, 1.658057, 2.180933, 0.522876,   1.661279, 1.695117, 0.033838,   1.689478, 0.053979,
 0,x_unit, 119.764579, 1.657251, 2.017383, 0.360132,   1.654834, 1.679004, 0.024170,   1.691089, 0.052368,
 0,x_unit, 119.790572, 1.662085, 1.979517, 0.317432,   1.662085, 1.687060, 0.024976,   1.691089, 0.050757,
 0,x_unit, 119.816543, 1.656445, 2.127759, 0.471313,   1.658862, 1.702368, 0.043506,   1.694311, 0.052368,
 0,x_unit, 119.842567, 1.640332, 2.396851, 0.756519,   1.645166, 1.736206, 0.091040,   1.687060, 0.037866,
 0,x_unit, 119.868583, 1.645166, 2.703809, 1.058643,   1.647583, 1.765210, 0.117627,   1.686255, 0.037866,
 0,x_unit, 119.894668, 1.656445, 2.945508, 1.289062,   1.654028, 1.803076, 0.149048,   1.689478, 0.042700,
 0,x_unit, 119.920600, 1.652417, 3.006738, 1.354321,   1.649194, 1.803076, 0.153882,   1.679004, 0.037866,
 0,x_unit, 119.946599, 1.653223, 2.943897, 1.290674,   1.650000, 1.795020, 0.145020,   1.679810, 0.037866,
 0,x_unit, 119.972675, 1.647583, 2.644995, 0.997412,   1.650000, 1.757959, 0.107959,   1.679004, 0.040283,
 0,x_unit, 119.998672, 1.650000, 2.357373, 0.707373,   1.653223, 1.719287, 0.066064,   1.683032, 0.043506,
 0,x_unit, 120.024782, 1.647583, 2.123730, 0.476147,   1.650806, 1.670947, 0.020142,   1.689478, 0.038672,
 0,x_unit, 120.050797, 1.650806, 1.964209, 0.313403,   1.650000, 1.676587, 0.026587,   1.685449, 0.038672,
 0,x_unit, 120.076897, 1.649194, 2.000464, 0.351269,   1.650000, 1.683838, 0.033838,   1.683838, 0.037866,
 0,x_unit, 120.102895, 1.657251, 2.197046, 0.539795,   1.658862, 1.740234, 0.081372,   1.687866, 0.043506,
 0,x_unit, 120.128928, 1.654028, 2.512060, 0.858032,   1.654028, 1.716064, 0.062036,   1.683838, 0.039478,
 0,x_unit, 120.155015, 1.666113, 2.806128, 1.140015,   1.664502, 1.782129, 0.117627,   1.690283, 0.050757,
 0,x_unit, 120.180909, 1.664502, 2.969678, 1.305176,   1.665308, 1.798242, 0.132935,   1.686255, 0.052368,
 0,x_unit, 120.206901, 1.662891, 3.026074, 1.363184,   1.665308, 1.802271, 0.136963,   1.697534, 0.054785,
 0,x_unit, 120.233002, 1.662891, 2.859302, 1.196411,   1.658057, 1.780518, 0.122461,   1.690283, 0.049951,
 0,x_unit, 120.259128, 1.662085, 2.569263, 0.907178,   1.662085, 1.762793, 0.100708,   1.691895, 0.050757,
 0,x_unit, 120.285153, 1.658862, 2.231689, 0.572827,   1.662891, 1.731372, 0.068481,   1.693506, 0.052368,
 0,x_unit, 120.311132, 1.662085, 2.051221, 0.389136,   1.662085, 1.683032, 0.020947,   1.693506, 0.052368,
 0,x_unit, 120.337231, 1.658057, 1.975488, 0.317432,   1.654028, 1.666113, 0.012085,   1.690283, 0.049951,
 0,x_unit, 120.363342, 1.656445, 2.058472, 0.402026,   1.661279, 1.691895, 0.030615,   1.695923, 0.051562,
 0,x_unit, 120.389342, 1.661279, 2.313867, 0.652588,   1.658862, 1.720898, 0.062036,   1.691895, 0.053979,
 0,x_unit, 120.415506, 1.664502, 2.603906, 0.939404,   1.665308, 1.756348, 0.091040,   1.697534, 0.053979,
 0,x_unit, 120.441916, 1.660474, 2.887500, 1.227026,   1.662085, 1.813550, 0.151465,   1.689478, 0.051562,
 0,x_unit, 120.468272, 1.647583, 3.028491, 1.380908,   1.647583, 1.802271, 0.154688,   1.685449, 0.036255,
 0,x_unit, 120.494569, 1.647583, 3.009155, 1.361572,   1.650000, 1.807104, 0.157104,   1.682227, 0.036255,
 0,x_unit, 120.520780, 1.653223, 2.768262, 1.115039,   1.654834, 1.782129, 0.127295,   1.686255, 0.039478,
 0,x_unit, 120.547496, 1.650000, 2.417798, 0.767798,   1.650000, 1.727344, 0.077344,   1.683838, 0.040283,
 0,x_unit, 120.573889, 1.648389, 2.158374, 0.509985,   1.648389, 1.698340, 0.049951,   1.687060, 0.038672,
 0,x_unit, 120.600232, 1.647583, 1.972266, 0.324683,   1.650000, 1.648389, -0.001611,   1.687866, 0.039478,
 0,x_unit, 120.626884, 1.652417, 1.973071, 0.320654,   1.650000, 1.685449, 0.035449,   1.683838, 0.038672,
 0,x_unit, 120.653156, 1.650000, 2.135815, 0.485815,   1.648389, 1.693506, 0.045117,   1.685449, 0.037866,
 0,x_unit, 120.679417, 1.654834, 2.449219, 0.794385,   1.649194, 1.736206, 0.087012,   1.683838, 0.038672,
 0,x_unit, 120.705656, 1.653223, 2.748120, 1.094897,   1.650806, 1.760376, 0.109570,   1.687060, 0.039478,
 0,x_unit, 120.731962, 1.653223, 2.959204, 1.305981,   1.654834, 1.786157, 0.131323,   1.682227, 0.037866,
 0,x_unit, 120.758381, 1.652417, 3.035742, 1.383325,   1.650806, 1.780518, 0.129712,   1.683838, 0.039478,
 0,x_unit, 120.784649, 1.666919, 2.893945, 1.227026,   1.664502, 1.790186, 0.125684,   1.694311, 0.053979,
 0,x_unit, 120.810966, 1.662085, 2.629688, 0.967603,   1.665308, 1.751514, 0.086206,   1.691895, 0.051562,
 0,x_unit, 120.837358, 1.666113, 2.275195, 0.609082,   1.665308, 1.716870, 0.051562,   1.694311, 0.052368,
 0,x_unit, 120.863738, 1.661279, 2.097143, 0.435864,   1.664502, 1.657251, -0.007251,   1.691895, 0.049951,
 0,x_unit, 120.890230, 1.662891, 1.956152, 0.293262,   1.660474, 1.683032, 0.022559,   1.693506, 0.048340,
 0,x_unit, 120.916519, 1.662085, 2.018188, 0.356104,   1.662085, 1.695923, 0.033838,   1.694311, 0.051562,
 0,x_unit, 120.942913, 1.664502, 2.283252, 0.618750,   1.658862, 1.728955, 0.070093,   1.695117, 0.050757,
 0,x_unit, 120.969312, 1.662085, 2.581348, 0.919263,   1.658057, 1.757959, 0.099902,   1.689478, 0.049951,
 0,x_unit, 120.995528, 1.662085, 2.870581, 1.208496,   1.660474, 1.790991, 0.130518,   1.690283, 0.055591,
 0,x_unit, 121.021913, 1.660474, 3.006738, 1.346265,   1.658057, 1.814355, 0.156299,   1.691895, 0.051562,
 0,x_unit, 121.048319, 1.662085, 3.007544, 1.345459,   1.662891, 1.799853, 0.136963,   1.693506, 0.052368,
 0,x_unit, 121.074695, 1.662085, 2.770679, 1.108594,   1.661279, 1.778101, 0.116821,   1.689478, 0.048340,
 0,x_unit, 121.100702, 1.650000, 2.455664, 0.805664,   1.648389, 1.735400, 0.087012,   1.683838, 0.041895,
 0,x_unit, 121.126172, 1.645972, 2.192212, 0.546240,   1.645166, 1.720898, 0.075732,   1.685449, 0.037866,
 0,x_unit, 121.152452, 1.647583, 2.001270, 0.353687,   1.641138, 1.679810, 0.038672,   1.687866, 0.039478,
 0,x_unit, 121.178795, 1.647583, 1.940039, 0.292456,   1.645972, 1.676587, 0.030615,   1.685449, 0.036255,
 0,x_unit, 121.205081, 1.649194, 2.122925, 0.473730,   1.647583, 1.687060, 0.039477,   1.683838, 0.037866,
 0,x_unit, 121.231502, 1.650806, 2.388794, 0.737988,   1.647583, 1.728955, 0.081372,   1.683838, 0.037866,
 0,x_unit, 121.257911, 1.652417, 2.698975, 1.046558,   1.647583, 1.774878, 0.127295,   1.687060, 0.039478,
 0,x_unit, 121.284195, 1.649194, 2.964844, 1.315649,   1.650000, 1.795020, 0.145020,   1.682227, 0.040283,
 0,x_unit, 121.310446, 1.654834, 3.026074, 1.371240,   1.650806, 1.811133, 0.160327,   1.683838, 0.040283,
 0,x_unit, 121.336803, 1.650000, 2.951147, 1.301147,   1.653223, 1.799048, 0.145825,   1.687060, 0.035449,
 0,x_unit, 121.361597, 1.650806, 2.635327, 0.984522,   1.650000, 1.753125, 0.103125,   1.683032, 0.039478,
 0,x_unit, 121.387989, 1.650000, 2.354956, 0.704956,   1.650806, 1.719287, 0.068481,   1.691089, 0.036255,
 0,x_unit, 121.414295, 1.649194, 2.071362, 0.422168,   1.650806, 1.690283, 0.039478,   1.683838, 0.036255,
 0,x_unit, 121.440582, 1.669336, 1.959375, 0.290039,   1.665308, 1.670142, 0.004834,   1.691895, 0.050757,
 0,x_unit, 121.466912, 1.662085, 1.990796, 0.328711,   1.662891, 1.695923, 0.033032,   1.687866, 0.051562,
 0,x_unit, 121.493233, 1.660474, 2.281641, 0.621167,   1.662085, 1.707202, 0.045117,   1.694311, 0.051562,
 0,x_unit, 121.519476, 1.662085, 2.525757, 0.863672,   1.658057, 1.774878, 0.116821,   1.687866, 0.053979,
 0,x_unit, 121.545807, 1.664502, 2.839966, 1.175464,   1.660474, 1.780518, 0.120044,   1.689478, 0.052368,
 0,x_unit, 121.572222, 1.662891, 3.014795, 1.351904,   1.662085, 1.809521, 0.147436,   1.694311, 0.051562,
 0,x_unit, 121.598597, 1.658057, 3.022046, 1.363989,   1.662085, 1.801465, 0.139380,   1.695117, 0.051562,
 0,x_unit, 121.624975, 1.661279, 2.848022, 1.186743,   1.658057, 1.790991, 0.132935,   1.691895, 0.054785,
 0,x_unit, 121.651331, 1.658862, 2.525757, 0.866895,   1.654834, 1.755542, 0.100708,   1.690283, 0.052368,
 0,x_unit, 121.677605, 1.657251, 2.255054, 0.597803,   1.662085, 1.687060, 0.024976,   1.689478, 0.048340,
 0,x_unit, 121.703803, 1.660474, 2.018994, 0.358521,   1.654834, 1.687866, 0.033032,   1.695117, 0.051562,
 0,x_unit, 121.730132, 1.661279, 1.947290, 0.286011,   1.658862, 1.664502, 0.005640,   1.691895, 0.051562,
 0,x_unit, 121.756479, 1.647583, 2.071362, 0.423779,   1.641138, 1.695923, 0.054785,   1.687866, 0.039478,
 0,x_unit, 121.782757, 1.645166, 2.330786, 0.685620,   1.647583, 1.724121, 0.076538,   1.683032, 0.036255,
 0,x_unit, 121.809057, 1.647583, 2.665137, 1.017554,   1.648389, 1.773267, 0.124878,   1.687866, 0.035449,
 0,x_unit, 121.835396, 1.650806, 2.914892, 1.264087,   1.647583, 1.774072, 0.126489,   1.685449, 0.039478,
 0,x_unit, 121.861799, 1.653223, 3.055078, 1.401855,   1.650000, 1.802271, 0.152271,   1.687060, 0.037866,
 0,x_unit, 121.887993, 1.653223, 2.931812, 1.278589,   1.653223, 1.793408, 0.140185,   1.683032, 0.037866,
 0,x_unit, 121.914243, 1.654834, 2.714282, 1.059448,   1.650000, 1.766821, 0.116821,   1.685449, 0.040283,
 0,x_unit, 121.940692, 1.653223, 2.375098, 0.721875,   1.654028, 1.737012, 0.082983,   1.682227, 0.039478,
 0,x_unit, 121.967136, 1.652417, 2.129370, 0.476953,   1.648389, 1.687866, 0.039478,   1.687060, 0.039478,
 0,x_unit, 121.993402, 1.652417, 1.969849, 0.317432,   1.650000, 1.670142, 0.020142,   1.687060, 0.040283,
 0,x_unit, 122.019683, 1.647583, 1.971460, 0.323877,   1.652417, 1.654834, 0.002417,   1.682227, 0.035449,
 0,x_unit, 122.045939, 1.653223, 2.183350, 0.530127,   1.654028, 1.691895, 0.037866,   1.686255, 0.039478,
 0,x_unit, 122.072425, 1.666919, 2.504810, 0.837891,   1.662085, 1.747485, 0.085400,   1.695923, 0.047534,
 0,x_unit, 122.098691, 1.662085, 2.804517, 1.142432,   1.664502, 1.774072, 0.109570,   1.693506, 0.051562,
 0,x_unit, 122.125148, 1.666919, 2.976929, 1.310010,   1.660474, 1.822412, 0.161939,   1.694311, 0.049951,
 0,x_unit, 122.151364, 1.662891, 2.989014, 1.326123,   1.664502, 1.801465, 0.136963,   1.689478, 0.049951,
 0,x_unit, 122.177691, 1.666113, 2.816602, 1.150488,   1.662891, 1.787768, 0.124878,   1.691895, 0.049951,
 0,x_unit, 122.203940, 1.662085, 2.466138, 0.804053,   1.662085, 1.753125, 0.091040,   1.689478, 0.050757,
 0,x_unit, 122.230166, 1.660474, 2.242969, 0.582495,   1.660474, 1.720093, 0.059619,   1.693506, 0.055591,
 0,x_unit, 122.256593, 1.661279, 2.015771, 0.354492,   1.658862, 1.662891, 0.004028,   1.693506, 0.049951,
 0,x_unit, 122.282750, 1.654834, 1.976294, 0.321460,   1.661279, 1.685449, 0.024170,   1.695117, 0.052368,
 0,x_unit, 122.308924, 1.662085, 2.159180, 0.497095,   1.658057, 1.699145, 0.041089,   1.693506, 0.050757,
 0,x_unit, 122.335341, 1.654834, 2.433911, 0.779077,   1.654834, 1.751514, 0.096680,   1.690283, 0.055591,
 0,x_unit, 122.361752, 1.661279, 2.739258, 1.077978,   1.662085, 1.774878, 0.112793,   1.693506, 0.050757,
 0,x_unit, 122.387974, 1.647583, 2.953564, 1.305981,   1.648389, 1.784546, 0.136157,   1.683838, 0.039478,
 0,x_unit, 122.414282, 1.650000, 3.018018, 1.368018,   1.649194, 1.798242, 0.149048,   1.685449, 0.038672,
 0,x_unit, 122.440550, 1.649194, 2.885083, 1.235889,   1.645972, 1.787768, 0.141797,   1.683032, 0.037866,
 0,x_unit, 122.466772, 1.649194, 2.586987, 0.937793,   1.647583, 1.743457, 0.095874,   1.683838, 0.037866,
 0,x_unit, 122.493125, 1.650000, 2.301782, 0.651782,   1.650000, 1.710425, 0.060425,   1.685449, 0.041895,
 0,x_unit, 122.519376, 1.648389, 2.043164, 0.394775,   1.650806, 1.679004, 0.028198,   1.691089, 0.038672,
 0,x_unit, 122.545720, 1.648389, 1.969043, 0.320654,   1.648389, 1.682227, 0.033838,   1.689478, 0.039478,
 0,x_unit, 122.572140, 1.647583, 2.067334, 0.419751,   1.650000, 1.674976, 0.024976,   1.686255, 0.036255,
 0,x_unit, 122.598478, 1.652417, 2.330786, 0.678369,   1.654028, 1.715259, 0.061230,   1.681421, 0.040283,
 0,x_unit, 122.624737, 1.652417, 2.639355, 0.986938,   1.654028, 1.769238, 0.115210,   1.687866, 0.037866,
 0,x_unit, 122.651060, 1.652417, 2.889917, 1.237500,   1.650000, 1.806299, 0.156299,   1.683838, 0.040283,
 0,x_unit, 122.677157, 1.654834, 3.005933, 1.351099,   1.654028, 1.802271, 0.148242,   1.687866, 0.036255,
 0,x_unit, 122.703501, 1.668530, 2.932617, 1.264087,   1.668530, 1.799048, 0.130518,   1.690283, 0.051562,
 0,x_unit, 122.729846, 1.666919, 2.686084, 1.019165,   1.664502, 1.766821, 0.102319,   1.691895, 0.048340,
 0,x_unit, 122.756239, 1.662085, 2.387988, 0.725903,   1.660474, 1.727344, 0.066870,   1.693506, 0.049951,
 0,x_unit, 122.782580, 1.662085, 2.100366, 0.438281,   1.662085, 1.673364, 0.011279,   1.693506, 0.054785,
 0,x_unit, 122.808815, 1.661279, 1.973071, 0.311792,   1.660474, 1.676587, 0.016113,   1.691895, 0.053979,
 0,x_unit, 122.835151, 1.656445, 2.027051, 0.370605,   1.661279, 1.683838, 0.022559,   1.695117, 0.046729,
 0,x_unit, 122.861609, 1.660474, 2.254248, 0.593774,   1.656445, 1.712842, 0.056396,   1.691895, 0.051562,
 0,x_unit, 122.887847, 1.660474, 2.565234, 0.904761,   1.661279, 1.752319, 0.091040,   1.693506, 0.049951,
 0,x_unit, 122.914148, 1.657251, 2.830298, 1.173047,   1.654834, 1.777295, 0.122461,   1.695923, 0.051562,
 0,x_unit, 122.940359, 1.660474, 3.027685, 1.367212,   1.658862, 1.810327, 0.151465,   1.691089, 0.049951,
 0,x_unit, 122.966794, 1.658862, 2.993848, 1.334985,   1.656445, 1.803076, 0.146631,   1.691089, 0.047534,
 0,x_unit, 122.993019, 1.658862, 2.781152, 1.122290,   1.654834, 1.790991, 0.136157,   1.691895, 0.049951,
 0,x_unit, 123.019265, 1.658862, 2.459692, 0.800830,   1.661279, 1.749902, 0.088623,   1.694311, 0.051562,
 0,x_unit, 123.045641, 1.641943, 2.172070, 0.530127,   1.645166, 1.724927, 0.079761,   1.685449, 0.039478,
 0,x_unit, 123.072021, 1.645972, 1.982739, 0.336768,   1.645972, 1.679810, 0.033838,   1.683838, 0.037866,
 0,x_unit, 123.098339, 1.645166, 1.985156, 0.339990,   1.645972, 1.687866, 0.041895,   1.683838, 0.037866,
 0,x_unit, 123.124730, 1.650000, 2.180127, 0.530127,   1.649194, 1.720898, 0.071704,   1.683838, 0.038672,
 0,x_unit, 123.151016, 1.650000, 2.471777, 0.821777,   1.648389, 1.731372, 0.082983,   1.687060, 0.038672,
 0,x_unit, 123.177344, 1.653223, 2.791626, 1.138403,   1.650806, 1.794214, 0.143408,   1.682227, 0.035449,
 0,x_unit, 123.203605, 1.654028, 2.980957, 1.326929,   1.650000, 1.807104, 0.157104,   1.683838, 0.035449,
 0,x_unit, 123.229993, 1.652417, 3.007544, 1.355127,   1.649194, 1.786157, 0.136963,   1.685449, 0.038672,
 0,x_unit, 123.256361, 1.653223, 2.845605, 1.192383,   1.649194, 1.773267, 0.124072,   1.685449, 0.039478,
 0,x_unit, 123.282620, 1.653223, 2.533008, 0.879785,   1.654028, 1.720898, 0.066870,   1.685449, 0.036255,
 0,x_unit, 123.308795, 1.650000, 2.216382, 0.566382,   1.654028, 1.728955, 0.074927,   1.682227, 0.036255,
 0,x_unit, 123.335157, 1.650000, 1.990796, 0.340796,   1.649194, 1.654834, 0.005640,   1.687060, 0.037866,
 0,x_unit, 123.361635, 1.664502, 1.972266, 0.307764,   1.664502, 1.699145, 0.034644,   1.691895, 0.051562,
 0,x_unit, 123.387884, 1.664502, 2.159180, 0.494678,   1.662891, 1.669336, 0.006445,   1.685449, 0.049951,
 0,x_unit, 123.413873, 1.658862, 2.395239, 0.736377,   1.658862, 1.736206, 0.077344,   1.691895, 0.049951,
 0,x_unit, 123.440021, 1.662085, 2.698169, 1.036084,   1.658862, 1.790186, 0.131323,   1.691895, 0.049951,
 0,x_unit, 123.466028, 1.665308, 2.922143, 1.256836,   1.664502, 1.778101, 0.113599,   1.691089, 0.046729,
 0,x_unit, 123.492130, 1.662085, 3.046216, 1.384131,   1.660474, 1.818384, 0.157910,   1.687866, 0.052368,
 0,x_unit, 123.518027, 1.662085, 2.935034, 1.272949,   1.662085, 1.772461, 0.110376,   1.691089, 0.053979,
 0,x_unit, 123.544138, 1.661279, 2.652246, 0.990967,   1.662085, 1.768433, 0.106348,   1.690283, 0.049951,
 0,x_unit, 123.570352, 1.662085, 2.334814, 0.672729,   1.658057, 1.728955, 0.070898,   1.693506, 0.047534,
 0,x_unit, 123.596348, 1.664502, 2.050415, 0.385913,   1.654834, 1.691895, 0.037061,   1.691895, 0.051562,
 0,x_unit, 123.622350, 1.658057, 1.940845, 0.282788,   1.658862, 1.676587, 0.017725,   1.693506, 0.051562,
 0,x_unit, 123.648340, 1.661279, 2.030273, 0.368994,   1.660474, 1.708813, 0.048340,   1.695117, 0.051562,
 0,x_unit, 123.674358, 1.644360, 2.280835, 0.636475,   1.641943, 1.737012, 0.095068,   1.681421, 0.037866,
 0,x_unit, 123.700460, 1.648389, 2.537842, 0.889453,   1.647583, 1.762793, 0.115210,   1.686255, 0.040283,
 0,x_unit, 123.726464, 1.647583, 2.828686, 1.181103,   1.649194, 1.787768, 0.138574,   1.686255, 0.039478,
 0,x_unit, 123.752612, 1.650000, 3.005127, 1.355127,   1.648389, 1.769238, 0.120850,   1.686255, 0.037866,
 0,x_unit, 123.778577, 1.652417, 2.984180, 1.331763,   1.650000, 1.797436, 0.147436,   1.681421, 0.039478,
 0,x_unit, 123.804580, 1.645972, 2.744092, 1.098120,   1.650000, 1.757959, 0.107959,   1.679004, 0.037866,
 0,x_unit, 123.830765, 1.652417, 2.446802, 0.794385,   1.652417, 1.728149, 0.075732,   1.686255, 0.038672,
 0,x_unit, 123.856811, 1.650806, 2.168848, 0.518042,   1.645972, 1.712842, 0.066870,   1.686255, 0.040283,
 0,x_unit, 123.882936, 1.647583, 1.986768, 0.339185,   1.649194, 1.674976, 0.025781,   1.686255, 0.039478,
 0,x_unit, 123.908900, 1.650000, 2.004492, 0.354492,   1.648389, 1.693506, 0.045117,   1.683838, 0.037866,
 0,x_unit, 123.935010, 1.650806, 2.168848, 0.518042,   1.650806, 1.711230, 0.060425,   1.683838, 0.037866,
 0,x_unit, 123.961142, 1.650000, 2.467749, 0.817749,   1.652417, 1.728955, 0.076538,   1.687866, 0.034644,
 0,x_unit, 123.987122, 1.666919, 2.764233, 1.097314,   1.666113, 1.774072, 0.107959,   1.683838, 0.048340,
 0,x_unit, 124.013123, 1.670142, 2.986597, 1.316455,   1.664502, 1.790991, 0.126489,   1.689478, 0.050757,
 0,x_unit, 124.039201, 1.662085, 3.027685, 1.365600,   1.665308, 1.805493, 0.140185,   1.691089, 0.050757,
 0,x_unit, 124.065283, 1.658862, 2.856885, 1.198022,   1.665308, 1.787768, 0.122461,   1.693506, 0.053979,
 0,x_unit, 124.091362, 1.660474, 2.542676, 0.882202,   1.658862, 1.752319, 0.093457,   1.691895, 0.051562,
 0,x_unit, 124.117352, 1.660474, 2.263110, 0.602637,   1.657251, 1.718481, 0.061230,   1.691895, 0.048340,
 0,x_unit, 124.143454, 1.660474, 2.027051, 0.366577,   1.654834, 1.689478, 0.034644,   1.693506, 0.048340,
 0,x_unit, 124.169471, 1.660474, 2.001270, 0.340796,   1.658862, 1.679810, 0.020947,   1.691089, 0.052368,
 0,x_unit, 124.195484, 1.662085, 2.072168, 0.410083,   1.662085, 1.683838, 0.021753,   1.691895, 0.051562,
 0,x_unit, 124.221447, 1.658057, 2.326758, 0.668701,   1.654028, 1.741846, 0.087817,   1.694311, 0.050757,
 0,x_unit, 124.247477, 1.661279, 2.654663, 0.993384,   1.661279, 1.757153, 0.095874,   1.695117, 0.053979,
 0,x_unit, 124.273581, 1.661279, 2.932617, 1.271338,   1.662085, 1.814355, 0.152271,   1.691089, 0.050757,
 0,x_unit, 124.299590, 1.658862, 3.035742, 1.376880,   1.657251, 1.798242, 0.140991,   1.691895, 0.050757,
 0,x_unit, 124.325619, 1.649194, 2.955176, 1.305981,   1.647583, 1.799853, 0.152270,   1.685449, 0.038672,
 0,x_unit, 124.351684, 1.648389, 2.664331, 1.015942,   1.648389, 1.776489, 0.128101,   1.687060, 0.036255,
 0,x_unit, 124.377615, 1.650000, 2.404907, 0.754907,   1.647583, 1.703979, 0.056396,   1.683838, 0.039478,
 0,x_unit, 124.403684, 1.648389, 2.110840, 0.462451,   1.649194, 1.658057, 0.008862,   1.687866, 0.037866,
 0,x_unit, 124.429703, 1.647583, 1.965015, 0.317432,   1.649194, 1.679004, 0.029809,   1.686255, 0.039478,
 0,x_unit, 124.455804, 1.649194, 2.018188, 0.368994,   1.650000, 1.687060, 0.037060,   1.683838, 0.037866,
 0,x_unit, 124.481937, 1.650806, 2.242969, 0.592163,   1.648389, 1.710425, 0.062036,   1.687866, 0.037866,
 0,x_unit, 124.508152, 1.650806, 2.559595, 0.908789,   1.653223, 1.751514, 0.098291,   1.683838, 0.038672,
 0,x_unit, 124.534495, 1.653223, 2.840771, 1.187549,   1.649194, 1.781323, 0.132129,   1.687060, 0.037866,
 0,x_unit, 124.561000, 1.650000, 2.993848, 1.343848,   1.654028, 1.797436, 0.143408,   1.683838, 0.038672,
 0,x_unit, 124.587374, 1.654834, 2.952759, 1.297925,   1.654028, 1.802271, 0.148242,   1.683838, 0.044312,
 0,x_unit, 124.613644, 1.654834, 2.711060, 1.056226,   1.649194, 1.761182, 0.111987,   1.685449, 0.036255,
 0,x_unit, 124.639930, 1.664502, 2.400073, 0.735571,   1.662085, 1.712842, 0.050757,   1.691895, 0.048340,
 0,x_unit, 124.666256, 1.660474, 2.126953, 0.466480,   1.664502, 1.703174, 0.038672,   1.695117, 0.052368,
 0,x_unit, 124.692645, 1.661279, 1.994019, 0.332739,   1.658862, 1.687866, 0.029004,   1.699145, 0.055591,
 0,x_unit, 124.718997, 1.661279, 2.021411, 0.360132,   1.660474, 1.706396, 0.045923,   1.689478, 0.053979,
 0,x_unit, 124.745386, 1.662085, 2.259888, 0.597803,   1.662085, 1.714453, 0.052368,   1.690283, 0.052368,
 0,x_unit, 124.771722, 1.657251, 2.612768, 0.955517,   1.662085, 1.757959, 0.095874,   1.691895, 0.052368,
 0,x_unit, 124.798045, 1.664502, 2.843189, 1.178687,   1.664502, 1.772461, 0.107959,   1.693506, 0.053979,
 0,x_unit, 124.824418, 1.662085, 3.018823, 1.356738,   1.660474, 1.824829, 0.164356,   1.693506, 0.054785,
 0,x_unit, 124.850778, 1.664502, 2.968872, 1.304370,   1.656445, 1.787768, 0.131323,   1.697534, 0.052368,
 0,x_unit, 124.877187, 1.661279, 2.725561, 1.064282,   1.661279, 1.770044, 0.108765,   1.687060, 0.054785,
 0,x_unit, 124.903523, 1.662085, 2.403296, 0.741211,   1.662085, 1.733789, 0.071704,   1.691895, 0.055591,
 0,x_unit, 124.929866, 1.658057, 2.130981, 0.472925,   1.658862, 1.697534, 0.038672,   1.693506, 0.055591,
 0,x_unit, 124.956206, 1.650000, 1.981934, 0.331934,   1.645166, 1.694311, 0.049145,   1.685449, 0.040283,
 0,x_unit, 124.982362, 1.647583, 2.025440, 0.377856,   1.645972, 1.677393, 0.031421,   1.687866, 0.036255,
 0,x_unit, 125.008682, 1.654028, 2.270361, 0.616333,   1.648389, 1.714453, 0.066064,   1.687866, 0.044312,
 0,x_unit, 125.035074, 1.649194, 2.569263, 0.920068,   1.645166, 1.751514, 0.106348,   1.683032, 0.037866,
 0,x_unit, 125.061382, 1.649194, 2.859302, 1.210107,   1.652417, 1.782935, 0.130518,   1.691089, 0.037866,
 0,x_unit, 125.087590, 1.653223, 2.984985, 1.331763,   1.654028, 1.798242, 0.144214,   1.687060, 0.039478,
 0,x_unit, 125.113709, 1.654028, 2.976929, 1.322900,   1.654028, 1.777295, 0.123267,   1.685449, 0.041895,
 0,x_unit, 125.140110, 1.650806, 2.729590, 1.078784,   1.653223, 1.751514, 0.098291,   1.686255, 0.038672,
 0,x_unit, 125.166590, 1.647583, 2.400879, 0.753296,   1.653223, 1.728955, 0.075732,   1.683838, 0.037866,
 0,x_unit, 125.192846, 1.650806, 2.141455, 0.490649,   1.652417, 1.693506, 0.041089,   1.683032, 0.036255,
 0,x_unit, 125.219145, 1.654028, 1.960181, 0.306152,   1.652417, 1.679810, 0.027393,   1.681421, 0.039478,
 0,x_unit, 125.245522, 1.650000, 2.023022, 0.373022,   1.652417, 1.697534, 0.045117,   1.683032, 0.038672,
 0,x_unit, 125.272023, 1.668530, 2.259082, 0.590552,   1.662085, 1.710425, 0.048340,   1.693506, 0.054785,
 0,x_unit, 125.298359, 1.666919, 2.570068, 0.903149,   1.662085, 1.756348, 0.094263,   1.695923, 0.054785,
 0,x_unit, 125.324714, 1.662085, 2.877832, 1.215747,   1.661279, 1.790991, 0.129712,   1.693506, 0.049951,
 0,x_unit, 125.350916, 1.661279, 3.011572, 1.350293,   1.660474, 1.810327, 0.149854,   1.691895, 0.049951,
 0,x_unit, 125.377214, 1.662891, 2.948730, 1.285840,   1.665308, 1.802271, 0.136963,   1.691895, 0.052368,
 0,x_unit, 125.403525, 1.662085, 2.704614, 1.042529,   1.660474, 1.770044, 0.109570,   1.691895, 0.051562,
 0,x_unit, 125.429899, 1.658862, 2.397656, 0.738794,   1.664502, 1.699145, 0.034644,   1.694311, 0.054785,
 0,x_unit, 125.456183, 1.657251, 2.129370, 0.472119,   1.662085, 1.701563, 0.039478,   1.690283, 0.050757,
 0,x_unit, 125.482333, 1.660474, 2.001270, 0.340796,   1.654834, 1.673364, 0.018530,   1.690283, 0.051562,
 0,x_unit, 125.508650, 1.658862, 2.034302, 0.375440,   1.658862, 1.693506, 0.034644,   1.694311, 0.052368,
 0,x_unit, 125.535096, 1.654834, 2.280835, 0.626001,   1.660474, 1.710425, 0.049951,   1.695923, 0.052368,
 0,x_unit, 125.561612, 1.658862, 2.559595, 0.900732,   1.661279, 1.757153, 0.095874,   1.695117, 0.053979,
 0,x_unit, 125.587970, 1.647583, 2.849634, 1.202051,   1.643555, 1.786157, 0.142603,   1.683032, 0.037866,
 0,x_unit, 125.614277, 1.650000, 3.007544, 1.357544,   1.648389, 1.794214, 0.145825,   1.687866, 0.035449,
 0,x_unit, 125.640688, 1.649194, 2.949536, 1.300342,   1.648389, 1.805493, 0.157104,   1.687866, 0.037866,
 0,x_unit, 125.667004, 1.649194, 2.710254, 1.061060,   1.649194, 1.753931, 0.104736,   1.687866, 0.040283,
 0,x_unit, 125.693260, 1.650000, 2.396045, 0.746045,   1.650806, 1.735400, 0.084595,   1.689478, 0.037866,
 0,x_unit, 125.719475, 1.650000, 2.109228, 0.459228,   1.648389, 1.687060, 0.038672,   1.685449, 0.039478,
 0,x_unit, 125.745821, 1.649194, 1.982739, 0.333545,   1.650806, 1.670947, 0.020142,   1.685449, 0.037866,
 0,x_unit, 125.772178, 1.650000, 2.023022, 0.373022,   1.653223, 1.685449, 0.032227,   1.681421, 0.038672,
 0,x_unit, 125.798521, 1.652417, 2.274390, 0.621973,   1.652417, 1.716064, 0.063648,   1.687060, 0.036255,
 0,x_unit, 125.824940, 1.653223, 2.570874, 0.917651,   1.648389, 1.757153, 0.108765,   1.683838, 0.038672,
 0,x_unit, 125.851254, 1.647583, 2.848828, 1.201245,   1.654028, 1.762793, 0.108765,   1.687060, 0.037866,
 0,x_unit, 125.877600, 1.654028, 3.014795, 1.360767,   1.654028, 1.811133, 0.157104,   1.686255, 0.037866,
 0,x_unit, 125.903836, 1.665308, 2.957593, 1.292285,   1.662891, 1.802271, 0.139380,   1.693506, 0.050757,
 0,x_unit, 125.930221, 1.664502, 2.723950, 1.059448,   1.662891, 1.766016, 0.103125,   1.691895, 0.051562,
 0,x_unit, 125.956581, 1.662891, 2.400879, 0.737988,   1.662085, 1.730566, 0.068481,   1.691089, 0.053979,
 0,x_unit, 125.982830, 1.662085, 2.122925, 0.460840,   1.662891, 1.690283, 0.027393,   1.691895, 0.048340,
 0,x_unit, 126.009218, 1.660474, 1.989990, 0.329517,   1.660474, 1.681421, 0.020947,   1.691089, 0.051562,
 0,x_unit, 126.035559, 1.658057, 2.029468, 0.371411,   1.662085, 1.704785, 0.042700,   1.691089, 0.047534,
 0,x_unit, 126.061977, 1.658862, 2.283252, 0.624390,   1.661279, 1.715259, 0.053979,   1.694311, 0.054785,
 0,x_unit, 126.088281, 1.662085, 2.606323, 0.944238,   1.662085, 1.780518, 0.118433,   1.693506, 0.051562,
 0,x_unit, 126.114675, 1.661279, 2.839160, 1.177881,   1.662085, 1.784546, 0.122461,   1.697534, 0.050757,
 0,x_unit, 126.141042, 1.662085, 3.014795, 1.352710,   1.658862, 1.819189, 0.160327,   1.689478, 0.051562,
 0,x_unit, 126.167390, 1.662891, 2.959204, 1.296313,   1.662085, 1.786963, 0.124878,   1.699145, 0.049951,
 0,x_unit, 126.193610, 1.661279, 2.729590, 1.068310,   1.662891, 1.809521, 0.146631,   1.693506, 0.051562,
 0,x_unit, 126.219878, 1.656445, 2.401685, 0.745239,   1.661279, 1.741040, 0.079761,   1.691089, 0.037866,
 0,x_unit, 126.246140, 1.648389, 2.123730, 0.475342,   1.648389, 1.686255, 0.037866,   1.687060, 0.039478,
 0,x_unit, 126.272615, 1.648389, 1.968237, 0.319849,   1.645972, 1.686255, 0.040283,   1.685449, 0.038672,
 0,x_unit, 126.298867, 1.649194, 2.021411, 0.372217,   1.645972, 1.708813, 0.062842,   1.685449, 0.037866,
 0,x_unit, 126.325208, 1.649194, 2.270361, 0.621167,   1.650000, 1.720898, 0.070898,   1.683032, 0.037866,
 0,x_unit, 126.351510, 1.652417, 2.571680, 0.919263,   1.648389, 1.757959, 0.109570,   1.689478, 0.038672,
 0,x_unit, 126.377926, 1.652417, 2.849634, 1.197217,   1.650806, 1.786963, 0.136157,   1.683032, 0.040283,
 0,x_unit, 126.404180, 1.648389, 2.997876, 1.349487,   1.650806, 1.799048, 0.148242,   1.687060, 0.039478,
 0,x_unit, 126.430495, 1.652417, 2.948730, 1.296314,   1.652417, 1.782129, 0.129712,   1.690283, 0.035449,
 0,x_unit, 126.456839, 1.650000, 2.673999, 1.023999,   1.652417, 1.770850, 0.118433,   1.691895, 0.037866,
 0,x_unit, 126.483100, 1.650806, 2.355762, 0.704956,   1.647583, 1.737817, 0.090234,   1.683838, 0.037866,
 0,x_unit, 126.509268, 1.653223, 2.167236, 0.514014,   1.650000, 1.695117, 0.045117,   1.683838, 0.040283,
 0,x_unit, 126.535704, 1.650806, 1.972266, 0.321460,   1.649194, 1.695117, 0.045923,   1.687060, 0.037866,
 0,x_unit, 126.561979, 1.662085, 2.044775, 0.382690,   1.664502, 1.697534, 0.033032,   1.691089, 0.052368,
 0,x_unit, 126.588384, 1.661279, 2.267139, 0.605859,   1.666113, 1.720093, 0.053980,   1.691089, 0.053979,
 0,x_unit, 126.614501, 1.661279, 2.607934, 0.946655,   1.662891, 1.747485, 0.084595,   1.689478, 0.051562,
 0,x_unit, 126.640706, 1.662891, 2.865747, 1.202856,   1.662891, 1.807104, 0.144214,   1.686255, 0.051562,
 0,x_unit, 126.666751, 1.656445, 3.005127, 1.348682,   1.662085, 1.824829, 0.162744,   1.693506, 0.049951,
 0,x_unit, 126.692810, 1.662085, 2.973706, 1.311621,   1.660474, 1.803076, 0.142603,   1.689478, 0.051562,
 0,x_unit, 126.718841, 1.662085, 2.724756, 1.062671,   1.661279, 1.773267, 0.111987,   1.695117, 0.053979,
 0,x_unit, 126.744880, 1.660474, 2.421021, 0.760547,   1.658862, 1.728149, 0.069287,   1.691089, 0.048340,
 0,x_unit, 126.770924, 1.658057, 2.142261, 0.484204,   1.658862, 1.703979, 0.045117,   1.691895, 0.054785,
 0,x_unit, 126.796904, 1.656445, 1.985156, 0.328711,   1.656445, 1.683838, 0.027393,   1.689478, 0.051562,
 0,x_unit, 126.822924, 1.657251, 2.018188, 0.360937,   1.654834, 1.699951, 0.045117,   1.690283, 0.049951,
 0,x_unit, 126.849015, 1.658862, 2.249414, 0.590552,   1.654028, 1.720898, 0.066870,   1.691895, 0.051562,
 0,x_unit, 126.875034, 1.662085, 2.559595, 0.897510,   1.649194, 1.765210, 0.116016,   1.687866, 0.044312,
 0,x_unit, 126.901128, 1.647583, 2.836743, 1.189160,   1.645972, 1.776489, 0.130518,   1.686255, 0.037866,
 0,x_unit, 126.927253, 1.649194, 2.997070, 1.347876,   1.652417, 1.786963, 0.134546,   1.683838, 0.039478,
 0,x_unit, 126.953362, 1.647583, 2.943897, 1.296314,   1.649194, 1.790186, 0.140991,   1.691089, 0.040283,
 0,x_unit, 126.979381, 1.650000, 2.695752, 1.045752,   1.653223, 1.762793, 0.109570,   1.687866, 0.040283,
 0,x_unit, 127.005368, 1.650806, 2.375098, 0.724292,   1.650000, 1.732983, 0.082983,   1.682227, 0.035449,
 0,x_unit, 127.031454, 1.648389, 2.110840, 0.462451,   1.649194, 1.679810, 0.030615,   1.686255, 0.037866,
 0,x_unit, 127.057615, 1.650000, 1.989990, 0.339990,   1.647583, 1.691089, 0.043506,   1.682227, 0.034644,
 0,x_unit, 127.083471, 1.650806, 2.036719, 0.385913,   1.645972, 1.683032, 0.037060,   1.687866, 0.039478,
 0,x_unit, 127.109533, 1.649194, 2.292920, 0.643726,   1.647583, 1.711230, 0.063647,   1.685449, 0.040283,
 0,x_unit, 127.135614, 1.652417, 2.617603, 0.965186,   1.654028, 1.782935, 0.128906,   1.679810, 0.038672,
 0,x_unit, 127.161766, 1.652417, 2.849634, 1.197217,   1.653223, 1.778906, 0.125684,   1.687060, 0.038672,
 0,x_unit, 127.187813, 1.670947, 3.027685, 1.356738,   1.664502, 1.811133, 0.146631,   1.691895, 0.051562,
 0,x_unit, 127.213725, 1.665308, 2.931006, 1.265698,   1.668530, 1.780518, 0.111987,   1.694311, 0.048340,
 0,x_unit, 127.239829, 1.665308, 2.637744, 0.972437,   1.665308, 1.787768, 0.122461,   1.687866, 0.053979,
 0,x_unit, 127.265831, 1.661279, 2.341260, 0.679980,   1.658862, 1.718481, 0.059619,   1.689478, 0.046729,
 0,x_unit, 127.291960, 1.664502, 2.109228, 0.444726,   1.660474, 1.683032, 0.022559,   1.697534, 0.052368,
 0,x_unit, 127.317939, 1.662085, 2.022217, 0.360132,   1.662085, 1.683838, 0.021753,   1.691089, 0.053979,
 0,x_unit, 127.343949, 1.658862, 2.096338, 0.437476,   1.662085, 1.697534, 0.035449,   1.691089, 0.050757,
 0,x_unit, 127.370137, 1.660474, 2.355762, 0.695288,   1.658862, 1.718481, 0.059619,   1.691089, 0.051562,
 0,x_unit, 127.396143, 1.662085, 2.661108, 0.999023,   1.660474, 1.761182, 0.100708,   1.695923, 0.054785,
 0,x_unit, 127.422279, 1.650000, 2.936646, 1.286646,   1.662891, 1.807104, 0.144214,   1.689478, 0.055591,
 0,x_unit, 127.448264, 1.660474, 2.993848, 1.333374,   1.664502, 1.827246, 0.162744,   1.691895, 0.054785,
 0,x_unit, 127.474369, 1.657251, 2.891528, 1.234277,   1.661279, 1.795020, 0.133740,   1.685449, 0.052368,
 0,x_unit, 127.500460, 1.658057, 2.608740, 0.950683,   1.654834, 1.764404, 0.109570,   1.686255, 0.040283,
 0,x_unit, 127.526477, 1.648389, 2.301782, 0.653394,   1.645972, 1.720898, 0.074927,   1.690283, 0.038672,
 0,x_unit, 127.552650, 1.647583, 2.052832, 0.405249,   1.647583, 1.708008, 0.060425,   1.679004, 0.039478,
 0,x_unit, 127.578609, 1.649194, 1.979517, 0.330322,   1.645166, 1.679004, 0.033838,   1.682227, 0.039478,
 0,x_unit, 127.604617, 1.654834, 2.105200, 0.450366,   1.650000, 1.701563, 0.051563,   1.686255, 0.044312,
 0,x_unit, 127.630717, 1.652417, 2.403296, 0.750879,   1.648389, 1.703174, 0.054785,   1.691089, 0.039478,
 0,x_unit, 127.656719, 1.650806, 2.695752, 1.044946,   1.653223, 1.782129, 0.128906,   1.683032, 0.037866,
 0,x_unit, 127.682743, 1.652417, 2.973706, 1.321289,   1.648389, 1.809521, 0.161133,   1.687866, 0.039478,
 0,x_unit, 127.708715, 1.658057, 3.015600, 1.357544,   1.657251, 1.795825, 0.138574,   1.683838, 0.041895,
 0,x_unit, 127.734727, 1.653223, 2.861719, 1.208496,   1.652417, 1.777295, 0.124878,   1.683032, 0.040283,
 0,x_unit, 127.760835, 1.654028, 2.562012, 0.907983,   1.653223, 1.731372, 0.078149,   1.687060, 0.039478,
 0,x_unit, 127.786913, 1.650000, 2.227661, 0.577661,   1.652417, 1.714453, 0.062036,   1.687060, 0.036255,
 0,x_unit, 127.812846, 1.654834, 2.040747, 0.385913,   1.654834, 1.686255, 0.031421,   1.691895, 0.043506,
 0,x_unit, 127.838843, 1.660474, 2.000464, 0.339990,   1.662891, 1.690283, 0.027393,   1.691895, 0.049951,
 0,x_unit, 127.864851, 1.665308, 2.143872, 0.478564,   1.662085, 1.706396, 0.044312,   1.693506, 0.053979,
 0,x_unit, 127.891036, 1.665308, 2.434717, 0.769409,   1.662085, 1.716870, 0.054785,   1.695117, 0.050757,
 0,x_unit, 127.916934, 1.665308, 2.744092, 1.078784,   1.665308, 1.757153, 0.091846,   1.693506, 0.049951,
 0,x_unit, 127.943034, 1.662085, 2.981763, 1.319678,   1.662085, 1.802271, 0.140186,   1.691089, 0.050757,
 0,x_unit, 127.969062, 1.662085, 3.014795, 1.352710,   1.662891, 1.793408, 0.130518,   1.695117, 0.054785,
 0,x_unit, 127.995027, 1.662085, 2.810156, 1.148071,   1.658862, 1.764404, 0.105542,   1.691895, 0.052368,
 0,x_unit, 128.021037, 1.660474, 2.545898, 0.885425,   1.658057, 1.749097, 0.091040,   1.691089, 0.053979,
 0,x_unit, 128.046998, 1.654834, 2.217993, 0.563159,   1.661279, 1.727344, 0.066064,   1.689478, 0.047534,
 0,x_unit, 128.073149, 1.661279, 2.023022, 0.361743,   1.658862, 1.693506, 0.034644,   1.695117, 0.053979,
 0,x_unit, 128.099143, 1.656445, 1.965015, 0.308569,   1.661279, 1.672559, 0.011279,   1.691089, 0.054785,
 0,x_unit, 128.125228, 1.664502, 2.200269, 0.535767,   1.657251, 1.698340, 0.041089,   1.691895, 0.055591,
 0,x_unit, 128.151262, 1.647583, 2.484668, 0.837085,   1.647583, 1.741040, 0.093457,   1.683838, 0.041895,
 0,x_unit, 128.177276, 1.648389, 2.795654, 1.147266,   1.645972, 1.756348, 0.110376,   1.682227, 0.039478,
 0,x_unit, 128.203382, 1.650000, 2.948730, 1.298730,   1.649194, 1.798242, 0.149048,   1.687060, 0.037866,
 0,x_unit, 128.229495, 1.656445, 2.980151, 1.323706,   1.656445, 1.805493, 0.149048,   1.691089, 0.043506,
 0,x_unit, 128.255614, 1.653223, 2.770679, 1.117456,   1.650000, 1.782129, 0.132129,   1.685449, 0.038672,
 0,x_unit, 128.281666, 1.653223, 2.454053, 0.800830,   1.650000, 1.730566, 0.080566,   1.686255, 0.036255,
 0,x_unit, 128.307630, 1.648389, 2.188989, 0.540601,   1.650000, 1.712842, 0.062842,   1.683838, 0.040283,
 0,x_unit, 128.333707, 1.658057, 2.005298, 0.347241,   1.654028, 1.676587, 0.022559,   1.685449, 0.037866,
 0,x_unit, 128.359821, 1.650000, 2.019800, 0.369800,   1.652417, 1.694311, 0.041895,   1.691089, 0.035449,
 0,x_unit, 128.385817, 1.652417, 2.235718, 0.583301,   1.650806, 1.678198, 0.027393,   1.686255, 0.038672,
 0,x_unit, 128.411814, 1.654834, 2.552344, 0.897510,   1.653223, 1.724927, 0.071704,   1.685449, 0.037866,
 0,x_unit, 128.437879, 1.654834, 2.818213, 1.163379,   1.652417, 1.770044, 0.117627,   1.683032, 0.039478,
 0,x_unit, 128.464041, 1.665308, 2.990625, 1.325317,   1.666113, 1.787768, 0.121655,   1.686255, 0.050757,
 0,x_unit, 128.490147, 1.662085, 2.973706, 1.311621,   1.664502, 1.793408, 0.128906,   1.691895, 0.055591,
 0,x_unit, 128.516153, 1.662085, 2.745703, 1.083618,   1.665308, 1.774878, 0.109570,   1.693506, 0.051562,
 0,x_unit, 128.542243, 1.664502, 2.433105, 0.768604,   1.662085, 1.743457, 0.081372,   1.690283, 0.051562,
 0,x_unit, 128.568535, 1.661279, 2.142261, 0.480981,   1.662085, 1.695117, 0.033032,   1.693506, 0.052368,
 0,x_unit, 128.594593, 1.658862, 1.992407, 0.333545,   1.658057, 1.679810, 0.021753,   1.693506, 0.054785,
 0,x_unit, 128.620501, 1.661279, 2.052832, 0.391553,   1.662085, 1.687060, 0.024976,   1.691895, 0.055591,
 0,x_unit, 128.646397, 1.665308, 2.291309, 0.626001,   1.664502, 1.724927, 0.060425,   1.695117, 0.051562,
 0,x_unit, 128.672461, 1.661279, 2.603906, 0.942627,   1.658862, 1.759570, 0.100708,   1.691089, 0.049951,
 0,x_unit, 128.698474, 1.661279, 2.860913, 1.199634,   1.661279, 1.794214, 0.132935,   1.691895, 0.048340,
 0,x_unit, 128.724610, 1.656445, 3.022851, 1.366406,   1.661279, 1.824023, 0.162744,   1.693506, 0.052368,
 0,x_unit, 128.750597, 1.661279, 2.931812, 1.270532,   1.660474, 1.791797, 0.131323,   1.697534, 0.050757,
 0,x_unit, 128.776618, 1.666113, 2.715894, 1.049780,   1.657251, 1.764404, 0.107153,   1.687060, 0.050757,
 0,x_unit, 128.802637, 1.645972, 2.376709, 0.730737,   1.648389, 1.741846, 0.093457,   1.682227, 0.040283,
 0,x_unit, 128.828712, 1.650000, 2.101978, 0.451978,   1.647583, 1.679810, 0.032227,   1.689478, 0.037866,
 0,x_unit, 128.854823, 1.650000, 1.990796, 0.340796,   1.645972, 1.681421, 0.035449,   1.683838, 0.039478,
 0,x_unit, 128.880845, 1.650000, 2.059277, 0.409277,   1.647583, 1.685449, 0.037866,   1.678198, 0.037866,
 0,x_unit, 128.906892, 1.650806, 2.322729, 0.671924,   1.645972, 1.698340, 0.052368,   1.683032, 0.036255,
 0,x_unit, 128.933004, 1.652417, 2.635327, 0.982910,   1.650806, 1.793408, 0.142603,   1.685449, 0.037866,
 0,x_unit, 128.959063, 1.657251, 2.924561, 1.267310,   1.654028, 1.801465, 0.147436,   1.683838, 0.040283,
 0,x_unit, 128.985122, 1.653223, 2.997070, 1.343848,   1.649194, 1.795825, 0.146631,   1.683032, 0.037866,
 0,x_unit, 129.011157, 1.654834, 2.881055, 1.226221,   1.653223, 1.789380, 0.136157,   1.682227, 0.035449,
 0,x_unit, 129.037257, 1.650000, 2.620825, 0.970825,   1.652417, 1.751514, 0.099097,   1.686255, 0.037866,
 0,x_unit, 129.063370, 1.652417, 2.309033, 0.656616,   1.654028, 1.704785, 0.050757,   1.683032, 0.039478,
 0,x_unit, 129.089386, 1.654028, 2.085864, 0.431836,   1.649194, 1.695117, 0.045923,   1.689478, 0.039478,
 0,x_unit, 129.115280, 1.664502, 2.005298, 0.340796,   1.664502, 1.682227, 0.017725,   1.689478, 0.052368,
 0,x_unit, 129.141395, 1.660474, 2.088281, 0.427808,   1.662891, 1.711230, 0.048340,   1.693506, 0.055591,
 0,x_unit, 129.167472, 1.666113, 2.405713, 0.739600,   1.666919, 1.732178, 0.065259,   1.694311, 0.051562,
 0,x_unit, 129.193527, 1.664502, 2.682056, 1.017554,   1.664502, 1.766016, 0.101514,   1.691089, 0.051562,
 0,x_unit, 129.219513, 1.658862, 2.932617, 1.273755,   1.662891, 1.794214, 0.131323,   1.691895, 0.050757,
 0,x_unit, 129.245502, 1.662085, 3.003515, 1.341431,   1.658057, 1.797436, 0.139380,   1.691089, 0.048340,
 0,x_unit, 129.271713, 1.664502, 2.864136, 1.199634,   1.662891, 1.795020, 0.132129,   1.691895, 0.053979,
 0,x_unit, 129.297715, 1.661279, 2.582153, 0.920874,   1.658862, 1.737817, 0.078955,   1.689478, 0.055591,
 0,x_unit, 129.323748, 1.658862, 2.258276, 0.599414,   1.662085, 1.724121, 0.062036,   1.689478, 0.054785,
 0,x_unit, 129.349786, 1.662085, 2.048804, 0.386719,   1.652417, 1.682227, 0.029810,   1.697534, 0.047534,
 0,x_unit, 129.375818, 1.660474, 1.992407, 0.331934,   1.662085, 1.712036, 0.049951,   1.691895, 0.055591,
 0,x_unit, 129.401831, 1.662085, 2.184961, 0.522876,   1.664502, 1.712842, 0.048340,   1.695117, 0.049951,
 0,x_unit, 129.427937, 1.641943, 2.470166, 0.828223,   1.645972, 1.733789, 0.087817,   1.686255, 0.038672,
 0,x_unit, 129.453963, 1.649194, 2.777124, 1.127930,   1.650806, 1.776489, 0.125684,   1.685449, 0.036255,
 0,x_unit, 129.479958, 1.657251, 2.969678, 1.312427,   1.653223, 1.795020, 0.141797,   1.683838, 0.044312,
 0,x_unit, 129.505948, 1.650000, 2.978540, 1.328540,   1.652417, 1.811133, 0.158716,   1.686255, 0.039478,
 0,x_unit, 129.532055, 1.650806, 2.731201, 1.080396,   1.647583, 1.737817, 0.090234,   1.685449, 0.034644,
 0,x_unit, 129.558276, 1.648389, 2.438745, 0.790356,   1.650000, 1.715259, 0.065259,   1.683838, 0.038672,
 0,x_unit, 129.584266, 1.656445, 2.142261, 0.485816,   1.654028, 1.674170, 0.020142,   1.683838, 0.037866,
 0,x_unit, 129.610366, 1.650806, 1.975488, 0.324683,   1.650806, 1.674976, 0.024170,   1.687866, 0.038672,
 0,x_unit, 129.636390, 1.649194, 2.051221, 0.402026,   1.654028, 1.686255, 0.032227,   1.686255, 0.038672,
 0,x_unit, 129.662504, 1.650000, 2.309033, 0.659033,   1.650000, 1.704785, 0.054785,   1.685449, 0.037866,
 0,x_unit, 129.688603, 1.648389, 2.620825, 0.972436,   1.649194, 1.761182, 0.111987,   1.679810, 0.034644,
 0,x_unit, 129.714510, 1.654028, 2.837549, 1.183520,   1.645972, 1.770044, 0.124072,   1.687060, 0.036255,
 0,x_unit, 129.740609, 1.650000, 2.973706, 1.323706,   1.654834, 1.795825, 0.140991,   1.694311, 0.050757,
 0,x_unit, 129.766603, 1.662891, 2.889917, 1.227026,   1.666113, 1.790186, 0.124072,   1.694311, 0.053979,
 0,x_unit, 129.792720, 1.664502, 2.616797, 0.952295,   1.666113, 1.764404, 0.098291,   1.691089, 0.051562,
 0,x_unit, 129.818628, 1.662085, 2.313867, 0.651782,   1.660474, 1.707202, 0.046728,   1.695923, 0.050757,
 0,x_unit, 129.844623, 1.662085, 2.075391, 0.413306,   1.662891, 1.693506, 0.030615,   1.687060, 0.048340,
 0,x_unit, 129.870711, 1.660474, 2.006909, 0.346436,   1.658862, 1.685449, 0.026587,   1.689478, 0.049951,
