time, Vcn, Von, VoVcn,
0.000000, 1.669336, 1.662085, -0.007251,
0.010211, 1.666919, 1.668530, 0.001611,
0.019994, 1.670142, 1.662891, -0.007251,
0.030114, 1.670142, 1.662085, -0.008057,
0.040333, 1.670947, 1.662085, -0.008862,
0.050365, 1.668530, 1.668530, 0.000000,
0.060330, 1.670142, 1.669336, -0.000806,
0.070494, 1.670947, 1.665308, -0.005640,
0.080555, 1.670142, 1.654834, -0.015308,
0.090666, 1.666113, 1.674976, 0.008862,
0.100545, 1.668530, 1.660474, -0.008057,
0.110658, 1.670142, 1.650000, -0.020142,
0.120783, 1.665308, 1.679004, 0.013696,
0.130882, 1.669336, 1.670947, 0.001611,
0.140891, 1.669336, 1.670142, 0.000806,
0.150781, 1.670947, 1.653223, -0.017725,
0.161004, 1.670142, 1.660474, -0.009668,
0.171190, 1.670947, 1.664502, -0.006445,
0.181338, 1.666919, 1.662085, -0.004834,
0.191429, 1.666113, 1.654834, -0.011279,
0.201546, 1.670142, 1.664502, -0.005640,
0.211659, 1.670947, 1.666113, -0.004834,
0.221780, 1.670142, 1.695117, 0.024976,
0.231864, 1.666919, 1.670142, 0.003223,
0.241877, 1.662891, 1.670947, 0.008057,
0.251787, 1.670142, 1.662085, -0.008057,
0.262000, 1.670142, 1.678198, 0.008057,
0.271885, 1.670142, 1.660474, -0.009668,
0.282101, 1.668530, 1.653223, -0.015308,
0.292161, 1.670142, 1.653223, -0.016919,
0.302215, 1.668530, 1.653223, -0.015308,
0.312331, 1.666919, 1.668530, 0.001611,
0.322112, 1.666919, 1.670947, 0.004028,
0.332218, 1.668530, 1.678198, 0.009668,
0.342328, 1.666113, 1.668530, 0.002417,
0.352132, 1.666919, 1.668530, 0.001611,
0.362114, 1.665308, 1.674976, 0.009668,
0.372000, 1.668530, 1.660474, -0.008057,
0.382213, 1.670142, 1.654834, -0.015308,
0.392339, 1.666919, 1.677393, 0.010474,
0.402214, 1.666919, 1.666919, 0.000000,
0.412131, 1.665308, 1.664502, -0.000806,
0.422218, 1.658862, 1.666113, 0.007251,
0.432227, 1.666113, 1.656445, -0.009668,
0.442437, 1.665308, 1.665308, 0.000000,
0.452219, 1.670142, 1.653223, -0.016919,
0.462401, 1.665308, 1.657251, -0.008057,
0.472535, 1.666919, 1.654834, -0.012085,
0.482673, 1.668530, 1.654834, -0.013696,
0.492783, 1.664502, 1.674976, 0.010474,
0.502668, 1.660474, 1.654834, -0.005640,
0.512804, 1.669336, 1.666113, -0.003223,
0.522907, 1.668530, 1.658862, -0.009668,
0.533225, 1.669336, 1.669336, 0.000000,
0.543158, 1.661279, 1.681421, 0.020142,
0.552999, 1.668530, 1.653223, -0.015308,
0.563212, 1.668530, 1.662891, -0.005640,
0.573338, 1.670947, 1.668530, -0.002417,
0.583553, 1.668530, 1.654028, -0.014502,
0.593665, 1.669336, 1.679810, 0.010474,
0.603555, 1.668530, 1.660474, -0.008057,
0.613675, 1.673364, 1.635498, -0.037866,
0.623781, 1.669336, 1.673364, 0.004028,
0.633821, 1.665308, 1.662891, -0.002417,
0.644004, 1.662085, 1.657251, -0.004834,
0.654129, 1.669336, 1.665308, -0.004028,
0.664221, 1.669336, 1.658862, -0.010474,
0.674330, 1.668530, 1.629858, -0.038672,
0.684554, 1.665308, 1.650806, -0.014502,
0.694667, 1.666919, 1.664502, -0.002417,
0.704784, 1.665308, 1.670142, 0.004834,
0.714684, 1.668530, 1.657251, -0.011279,
0.724779, 1.662085, 1.664502, 0.002417,
0.734886, 1.670142, 1.677393, 0.007251,
0.744887, 1.665308, 1.670947, 0.005640,
0.754784, 1.670142, 1.685449, 0.015308,
0.764753, 1.669336, 1.660474, -0.008862,
0.774862, 1.665308, 1.666919, 0.001611,
0.784813, 1.664502, 1.666919, 0.002417,
0.794673, 1.670142, 1.666113, -0.004028,
0.804781, 1.666113, 1.662085, -0.004028,
0.814887, 1.669336, 1.645166, -0.024170,
0.825000, 1.670947, 1.662891, -0.008057,
0.835217, 1.669336, 1.665308, -0.004028,
0.845365, 1.669336, 1.673364, 0.004028,
0.855212, 1.670142, 1.639526, -0.030615,
0.865327, 1.666919, 1.661279, -0.005640,
0.875443, 1.673364, 1.666113, -0.007251,
0.885664, 1.670142, 1.660474, -0.009668,
0.895671, 1.668530, 1.664502, -0.004028,
0.905865, 1.662891, 1.661279, -0.001611,
0.915913, 1.669336, 1.662085, -0.007251,
0.926071, 1.665308, 1.670947, 0.005640,
0.936053, 1.670142, 1.645166, -0.024976,
0.946117, 1.666919, 1.666919, 0.000000,
0.955974, 1.668530, 1.677393, 0.008862,
0.965789, 1.666919, 1.650000, -0.016919,
0.975890, 1.670947, 1.665308, -0.005640,
0.986118, 1.668530, 1.662085, -0.006445,
0.996224, 1.668530, 1.666919, -0.001611,
1.006408, 1.669336, 1.665308, -0.004028,
1.016441, 1.670947, 1.648389, -0.022559,
1.026660, 1.660474, 1.670142, 0.009668,
1.036741, 1.669336, 1.645166, -0.024170,
1.046878, 1.669336, 1.647583, -0.021753,
1.057022, 1.669336, 1.658057, -0.011279,
1.067122, 1.670142, 1.669336, -0.000806,
1.077221, 1.668530, 1.662085, -0.006445,
1.087334, 1.670947, 1.670947, 0.000000,
1.097120, 1.662891, 1.645972, -0.016919,
1.107267, 1.662891, 1.670947, 0.008057,
1.117136, 1.669336, 1.662085, -0.007251,
1.127336, 1.666919, 1.679004, 0.012085,
1.137406, 1.661279, 1.672559, 0.011279,
1.147211, 1.668530, 1.654028, -0.014502,
1.157434, 1.670142, 1.647583, -0.022559,
1.167558, 1.662085, 1.657251, -0.004834,
1.177680, 1.673364, 1.662085, -0.011279,
1.187885, 1.670142, 1.668530, -0.001611,
1.197910, 1.664502, 1.656445, -0.008057,
1.208116, 1.662891, 1.673364, 0.010474,
1.217910, 1.670142, 1.679004, 0.008862,
1.227880, 1.668530, 1.672559, 0.004028,
1.237872, 1.664502, 1.662085, -0.002417,
1.247996, 1.670142, 1.661279, -0.008862,
1.258207, 1.669336, 1.666113, -0.003223,
1.268352, 1.662085, 1.670142, 0.008057,
1.278219, 1.664502, 1.668530, 0.004028,
1.288118, 1.668530, 1.666113, -0.002417,
1.298206, 1.669336, 1.635498, -0.033838,
1.308335, 1.669336, 1.661279, -0.008057,
1.318445, 1.664502, 1.654834, -0.009668,
1.328667, 1.666919, 1.666113, -0.000806,
1.339027, 1.670947, 1.658862, -0.012085,
1.349125, 1.668530, 1.668530, 0.000000,
1.358105, 1.665308, 1.672559, 0.007251,
1.365343, 1.669336, 1.668530, -0.000806,
1.375461, 1.666919, 1.664502, -0.002417,
1.385667, 1.668530, 1.689478, 0.020947,
1.395555, 1.668530, 1.673364, 0.004834,
1.405338, 1.669336, 1.662085, -0.007251,
1.415430, 1.665308, 1.666919, 0.001611,
1.425222, 1.670142, 1.664502, -0.005640,
1.435440, 1.666919, 1.661279, -0.005640,
1.445563, 1.669336, 1.672559, 0.003223,
1.455449, 1.665308, 1.665308, 0.000000,
1.465332, 1.670142, 1.656445, -0.013696,
1.475446, 1.668530, 1.662085, -0.006445,
1.485654, 1.666919, 1.658862, -0.008057,
1.495781, 1.662085, 1.636304, -0.025781,
1.505999, 1.666919, 1.664502, -0.002417,
1.516004, 1.668530, 1.654028, -0.014502,
1.526124, 1.669336, 1.677393, 0.008057,
1.536033, 1.669336, 1.637915, -0.031421,
1.546123, 1.670142, 1.666113, -0.004028,
1.556331, 1.666919, 1.670142, 0.003223,
1.566226, 1.670142, 1.654028, -0.016113,
1.576341, 1.669336, 1.668530, -0.000806,
1.586458, 1.665308, 1.640332, -0.024976,
1.596552, 1.664502, 1.658862, -0.005640,
1.606779, 1.672559, 1.656445, -0.016113,
1.616885, 1.666919, 1.662085, -0.004834,
1.623216, 1.662891, 1.660474, -0.002417,
1.633436, 1.665308, 1.672559, 0.007251,
1.643433, 1.669336, 1.664502, -0.004834,
1.653565, 1.668530, 1.672559, 0.004028,
1.663522, 1.666919, 1.674170, 0.007251,
1.673343, 1.662891, 1.662085, -0.000806,
1.683557, 1.670142, 1.650000, -0.020142,
1.693675, 1.668530, 1.664502, -0.004028,
1.703801, 1.666919, 1.670142, 0.003223,
1.713775, 1.666919, 1.665308, -0.001611,
1.723888, 1.666919, 1.654834, -0.012085,
1.734124, 1.670142, 1.662085, -0.008057,
1.744338, 1.668530, 1.673364, 0.004834,
1.754225, 1.669336, 1.665308, -0.004028,
1.764343, 1.669336, 1.658057, -0.011279,
1.774443, 1.674170, 1.662891, -0.011279,
1.784669, 1.664502, 1.648389, -0.016113,
1.794790, 1.669336, 1.672559, 0.003223,
1.804576, 1.670142, 1.670142, 0.000000,
1.814459, 1.670947, 1.670142, -0.000806,
1.824557, 1.661279, 1.662085, 0.000806,
1.834664, 1.662085, 1.660474, -0.001611,
1.844889, 1.668530, 1.670142, 0.001611,
1.854792, 1.670142, 1.670142, 0.000000,
1.864672, 1.672559, 1.662085, -0.010474,
1.874788, 1.668530, 1.664502, -0.004028,
1.884999, 1.666919, 1.662085, -0.004834,
1.895113, 1.669336, 1.662085, -0.007251,
1.905209, 1.669336, 1.664502, -0.004834,
1.915307, 1.666919, 1.674976, 0.008057,
1.925128, 1.664502, 1.653223, -0.011279,
1.935343, 1.666919, 1.652417, -0.014502,
1.945554, 1.666919, 1.664502, -0.002417,
1.955739, 1.666919, 1.662085, -0.004834,
1.965806, 1.668530, 1.661279, -0.007251,
1.975890, 1.666113, 1.665308, -0.000806,
1.985997, 1.666919, 1.672559, 0.005640,
1.995791, 1.668530, 1.689478, 0.020947,
2.005757, 1.668530, 1.665308, -0.003223,
2.015789, 1.668530, 1.658862, -0.009668,
2.025945, 1.666919, 1.666919, 0.000000,
2.035895, 1.668530, 1.641138, -0.027393,
2.046121, 1.666919, 1.672559, 0.005640,
2.056015, 1.669336, 1.685449, 0.016113,
2.065886, 1.669336, 1.657251, -0.012085,
2.076008, 1.669336, 1.662085, -0.007251,
2.086234, 1.664502, 1.670142, 0.005640,
2.096142, 1.670142, 1.657251, -0.012891,
2.106333, 1.670947, 1.649194, -0.021753,
2.116445, 1.673364, 1.666113, -0.007251,
2.126662, 1.668530, 1.661279, -0.007251,
2.136983, 1.668530, 1.650806, -0.017725,
2.147108, 1.669336, 1.670142, 0.000806,
2.157004, 1.665308, 1.679810, 0.014502,
2.166894, 1.668530, 1.668530, 0.000000,
2.176790, 1.670947, 1.676587, 0.005640,
2.186784, 1.668530, 1.661279, -0.007251,
2.196897, 1.669336, 1.679810, 0.010474,
2.206861, 1.670142, 1.660474, -0.009668,
2.216890, 1.670142, 1.654834, -0.015308,
2.227119, 1.666919, 1.670142, 0.003223,
2.237198, 1.670142, 1.686255, 0.016113,
2.247008, 1.668530, 1.666113, -0.002417,
2.257221, 1.662891, 1.661279, -0.001611,
2.267355, 1.668530, 1.654834, -0.013696,
2.277446, 1.670142, 1.664502, -0.005640,
2.287565, 1.662085, 1.662085, 0.000000,
2.297455, 1.668530, 1.665308, -0.003223,
2.307676, 1.666113, 1.662085, -0.004028,
2.317792, 1.664502, 1.658862, -0.005640,
2.328009, 1.662085, 1.666919, 0.004834,
2.338166, 1.670142, 1.664502, -0.005640,
2.348229, 1.669336, 1.637915, -0.031421,
2.358439, 1.668530, 1.658057, -0.010474,
2.368577, 1.669336, 1.665308, -0.004028,
2.378671, 1.668530, 1.674976, 0.006445,
2.388555, 1.668530, 1.645166, -0.023364,
2.398668, 1.670142, 1.666919, -0.003223,
2.408787, 1.664502, 1.670947, 0.006445,
2.418682, 1.664502, 1.662085, -0.002417,
2.428904, 1.665308, 1.665308, 0.000000,
2.439009, 1.670947, 1.660474, -0.010474,
2.449125, 1.668530, 1.652417, -0.016113,
2.459230, 1.670947, 1.673364, 0.002417,
2.469178, 1.670142, 1.670947, 0.000806,
2.479008, 1.669336, 1.666113, -0.003223,
2.489148, 1.666919, 1.674170, 0.007251,
2.499012, 1.662085, 1.654834, -0.007251,
2.509221, 1.662085, 1.690283, 0.028198,
2.519011, 1.668530, 1.650000, -0.018530,
2.529218, 1.668530, 1.650806, -0.017725,
2.539446, 1.670142, 1.657251, -0.012891,
2.549568, 1.666919, 1.658862, -0.008057,
2.559787, 1.661279, 1.669336, 0.008057,
2.569717, 1.668530, 1.657251, -0.011279,
2.579791, 1.670142, 1.657251, -0.012891,
2.589923, 1.665308, 1.640332, -0.024976,
2.600006, 1.666113, 1.670142, 0.004028,
2.609904, 1.658862, 1.656445, -0.002417,
2.620033, 1.662891, 1.654028, -0.008862,
2.630237, 1.668530, 1.666919, -0.001611,
2.640532, 1.668530, 1.658862, -0.009668,
2.650567, 1.670947, 1.650806, -0.020142,
2.660740, 1.666919, 1.664502, -0.002417,
2.670792, 1.666919, 1.664502, -0.002417,
2.680976, 1.670142, 1.657251, -0.012891,
2.691014, 1.669336, 1.652417, -0.016919,
2.701126, 1.670142, 1.657251, -0.012891,
2.711245, 1.668530, 1.678198, 0.009668,
2.721118, 1.664502, 1.664502, 0.000000,
2.731119, 1.662085, 1.661279, -0.000806,
2.741352, 1.668530, 1.668530, 0.000000,
2.751255, 1.670142, 1.660474, -0.009668,
2.761444, 1.666919, 1.666113, -0.000806,
2.771567, 1.666919, 1.672559, 0.005640,
2.781560, 1.666113, 1.666919, 0.000806,
2.791442, 1.670947, 1.666113, -0.004834,
2.801559, 1.670142, 1.662891, -0.007251,
2.811716, 1.670142, 1.670142, 0.000000,
2.821572, 1.668530, 1.662085, -0.006445,
2.831863, 1.666113, 1.662085, -0.004028,
2.842008, 1.668530, 1.664502, -0.004028,
2.852129, 1.668530, 1.669336, 0.000806,
2.862008, 1.664502, 1.690283, 0.025781,
2.871888, 1.670142, 1.645166, -0.024976,
2.882119, 1.664502, 1.662891, -0.001611,
2.892141, 1.665308, 1.662891, -0.002417,
2.902228, 1.668530, 1.653223, -0.015308,
2.912342, 1.669336, 1.645972, -0.023364,
2.922445, 1.672559, 1.658057, -0.014502,
2.932761, 1.668530, 1.661279, -0.007251,
2.942914, 1.666919, 1.672559, 0.005640,
2.952797, 1.670142, 1.658057, -0.012085,
2.963010, 1.665308, 1.653223, -0.012085,
2.973126, 1.670947, 1.658057, -0.012891,
2.983338, 1.668530, 1.676587, 0.008057,
2.993164, 1.660474, 1.687866, 0.027393,
3.003028, 1.670947, 1.678198, 0.007251,
3.013034, 1.668530, 1.662085, -0.006445,
3.023123, 1.666919, 1.676587, 0.009668,
3.033152, 1.668530, 1.664502, -0.004028,
3.043342, 1.669336, 1.679004, 0.009668,
3.053231, 1.666919, 1.672559, 0.005640,
3.063236, 1.665308, 1.633887, -0.031421,
3.073361, 1.664502, 1.639526, -0.024976,
3.083567, 1.668530, 1.654028, -0.014502,
3.093673, 1.668530, 1.677393, 0.008862,
3.103559, 1.664502, 1.654834, -0.009668,
3.113671, 1.670142, 1.662085, -0.008057,
3.123793, 1.665308, 1.654834, -0.010474,
3.134079, 1.666919, 1.654028, -0.012891,
3.144253, 1.669336, 1.670142, 0.000806,
3.154127, 1.666113, 1.650000, -0.016113,
3.164226, 1.669336, 1.662085, -0.007251,
3.174353, 1.670142, 1.662085, -0.008057,
3.184553, 1.670947, 1.647583, -0.023364,
3.194646, 1.668530, 1.657251, -0.011279,
3.204798, 1.669336, 1.658057, -0.011279,
3.214983, 1.665308, 1.677393, 0.012085,
3.224793, 1.662085, 1.665308, 0.003223,
3.234890, 1.668530, 1.664502, -0.004028,
3.245011, 1.670142, 1.664502, -0.005640,
3.255130, 1.665308, 1.653223, -0.012085,
3.265232, 1.666113, 1.660474, -0.005640,
3.275357, 1.660474, 1.665308, 0.004834,
3.285348, 1.668530, 1.686255, 0.017725,
3.295228, 1.669336, 1.665308, -0.004028,
3.305227, 1.666919, 1.657251, -0.009668,
3.315349, 1.669336, 1.658862, -0.010474,
3.325457, 1.666113, 1.679004, 0.012891,
3.335439, 1.666919, 1.662085, -0.004834,
3.345711, 1.670142, 1.666113, -0.004028,
3.355872, 1.669336, 1.656445, -0.012891,
3.365896, 1.666113, 1.660474, -0.005640,
3.374906, 1.669336, 1.658862, -0.010474,
3.385123, 1.670142, 1.637109, -0.033032,
3.395230, 1.668530, 1.670947, 0.002417,
3.405136, 1.662891, 1.666919, 0.004028,
3.415006, 1.669336, 1.664502, -0.004834,
3.425126, 1.664502, 1.662085, -0.002417,
3.435344, 1.670142, 1.658862, -0.011279,
3.445450, 1.668530, 1.670947, 0.002417,
3.455339, 1.668530, 1.644360, -0.024170,
3.465449, 1.666113, 1.641138, -0.024976,
3.475560, 1.666113, 1.658057, -0.008057,
3.485794, 1.668530, 1.657251, -0.011279,
3.495906, 1.665308, 1.677393, 0.012085,
3.505871, 1.666113, 1.658057, -0.008057,
3.515898, 1.664502, 1.668530, 0.004028,
3.525901, 1.668530, 1.673364, 0.004834,
3.535893, 1.669336, 1.641138, -0.028198,
3.546124, 1.670142, 1.666113, -0.004028,
3.556223, 1.670142, 1.658862, -0.011279,
3.566353, 1.665308, 1.664502, -0.000806,
3.576449, 1.673364, 1.635498, -0.037866,
3.586684, 1.669336, 1.661279, -0.008057,
3.596795, 1.668530, 1.662085, -0.006445,
3.607010, 1.670142, 1.673364, 0.003223,
3.616902, 1.670142, 1.676587, 0.006445,
3.626904, 1.662085, 1.662891, 0.000806,
3.636972, 1.669336, 1.654834, -0.014502,
3.647009, 1.662891, 1.665308, 0.002417,
3.657001, 1.670142, 1.662085, -0.008057,
3.667005, 1.662891, 1.662085, -0.000806,
3.677126, 1.669336, 1.662891, -0.006445,
3.687344, 1.664502, 1.645166, -0.019336,
3.697450, 1.669336, 1.648389, -0.020947,
3.707567, 1.666113, 1.670142, 0.004028,
3.717446, 1.666919, 1.662085, -0.004834,
3.727595, 1.669336, 1.674170, 0.004834,
3.737676, 1.662085, 1.650000, -0.012085,
3.747790, 1.668530, 1.641138, -0.027393,
3.758011, 1.668530, 1.668530, 0.000000,
3.767841, 1.670142, 1.650806, -0.019336,
3.777898, 1.670142, 1.664502, -0.005640,
3.788029, 1.666919, 1.662085, -0.004834,
3.798129, 1.669336, 1.662085, -0.007251,
3.808344, 1.666919, 1.666113, -0.000806,
3.818451, 1.672559, 1.654834, -0.017725,
3.828675, 1.666113, 1.674976, 0.008862,
3.838824, 1.668530, 1.662085, -0.006445,
3.848902, 1.668530, 1.657251, -0.011279,
3.859116, 1.665308, 1.660474, -0.004834,
3.869227, 1.670142, 1.658862, -0.011279,
3.878243, 1.668530, 1.689478, 0.020947,
3.888229, 1.662085, 1.666919, 0.004834,
3.898126, 1.669336, 1.664502, -0.004834,
3.908225, 1.668530, 1.654834, -0.013696,
3.918229, 1.670142, 1.658057, -0.012085,
3.928344, 1.668530, 1.670947, 0.002417,
3.938450, 1.670947, 1.654028, -0.016919,
3.948563, 1.666919, 1.654834, -0.012085,
3.958792, 1.666113, 1.666919, 0.000806,
3.968751, 1.662085, 1.669336, 0.007251,
3.978563, 1.664502, 1.666919, 0.002417,
3.988452, 1.665308, 1.666919, 0.001611,
3.998342, 1.668530, 1.677393, 0.008862,
4.008341, 1.670142, 1.668530, -0.001611,
4.018415, 1.658862, 1.654834, -0.004028,
4.028567, 1.666113, 1.681421, 0.015308,
4.038668, 1.670142, 1.654834, -0.015308,
4.048792, 1.668530, 1.660474, -0.008057,
4.059019, 1.666113, 1.656445, -0.009668,
4.069173, 1.666919, 1.678198, 0.011279,
4.079007, 1.670142, 1.666919, -0.003223,
4.089129, 1.666919, 1.653223, -0.013696,
4.099197, 1.666113, 1.658862, -0.007251,
4.109347, 1.666113, 1.669336, 0.003223,
4.119230, 1.665308, 1.670947, 0.005640,
4.129244, 1.662085, 1.676587, 0.014502,
4.139345, 1.669336, 1.652417, -0.016919,
4.149448, 1.666919, 1.681421, 0.014502,
4.159435, 1.666919, 1.669336, 0.002417,
4.169262, 1.669336, 1.679004, 0.009668,
4.179124, 1.669336, 1.670947, 0.001611,
4.189013, 1.669336, 1.658862, -0.010474,
4.199128, 1.668530, 1.660474, -0.008057,
4.209263, 1.666113, 1.668530, 0.002417,
4.219122, 1.666919, 1.679004, 0.012085,
4.229010, 1.666919, 1.666113, -0.000806,
4.239226, 1.665308, 1.658057, -0.007251,
4.249353, 1.666113, 1.653223, -0.012891,
4.259558, 1.665308, 1.694311, 0.029004,
4.269469, 1.662085, 1.637915, -0.024170,
4.279563, 1.664502, 1.661279, -0.003223,
4.289680, 1.666919, 1.666919, 0.000000,
4.299452, 1.669336, 1.654834, -0.014502,
4.309670, 1.666113, 1.672559, 0.006445,
4.319565, 1.664502, 1.657251, -0.007251,
4.329798, 1.668530, 1.658862, -0.009668,
4.340132, 1.668530, 1.654028, -0.014502,
4.350236, 1.666919, 1.643555, -0.023364,
4.360443, 1.670142, 1.683838, 0.013696,
4.370345, 1.662085, 1.650806, -0.011279,
4.380438, 1.662891, 1.670142, 0.007251,
4.390362, 1.669336, 1.665308, -0.004028,
4.400465, 1.662891, 1.641943, -0.020947,
4.410687, 1.666919, 1.662085, -0.004834,
4.420799, 1.670947, 1.679810, 0.008862,
4.430884, 1.661279, 1.672559, 0.011279,
4.440898, 1.670142, 1.656445, -0.013696,
4.451022, 1.666113, 1.645166, -0.020947,
4.461234, 1.670947, 1.670947, 0.000000,
4.471216, 1.670142, 1.666113, -0.004028,
4.481345, 1.670142, 1.669336, -0.000806,
4.491448, 1.668530, 1.653223, -0.015308,
4.501537, 1.669336, 1.660474, -0.008862,
4.511679, 1.670947, 1.672559, 0.001611,
4.521593, 1.665308, 1.673364, 0.008057,
4.531657, 1.665308, 1.647583, -0.017725,
4.541840, 1.672559, 1.643555, -0.029004,
4.551904, 1.666113, 1.664502, -0.001611,
4.562130, 1.669336, 1.669336, 0.000000,
4.572003, 1.670142, 1.673364, 0.003223,
4.581883, 1.669336, 1.660474, -0.008862,
4.591925, 1.666113, 1.654834, -0.011279,
4.602018, 1.670142, 1.683838, 0.013696,
4.611905, 1.668530, 1.679004, 0.010474,
4.621806, 1.670142, 1.668530, -0.001611,
4.632089, 1.666919, 1.661279, -0.005640,
4.642247, 1.666919, 1.660474, -0.006445,
4.652365, 1.670142, 1.666919, -0.003223,
4.662564, 1.666919, 1.662891, -0.004028,
4.672712, 1.665308, 1.666113, 0.000806,
4.682678, 1.669336, 1.664502, -0.004834,
4.692799, 1.664502, 1.660474, -0.004028,
4.702902, 1.669336, 1.662085, -0.007251,
4.713009, 1.670142, 1.665308, -0.004834,
4.723129, 1.670142, 1.660474, -0.009668,
4.733350, 1.668530, 1.662891, -0.005640,
4.743564, 1.670142, 1.666113, -0.004028,
4.753681, 1.664502, 1.677393, 0.012891,
4.763683, 1.670142, 1.664502, -0.005640,
4.773805, 1.670142, 1.662891, -0.007251,
4.784050, 1.669336, 1.650000, -0.019336,
4.794135, 1.669336, 1.666919, -0.002417,
4.804131, 1.668530, 1.648389, -0.020142,
4.814229, 1.669336, 1.669336, 0.000000,
4.824018, 1.666919, 1.677393, 0.010474,
4.834016, 1.666919, 1.661279, -0.005640,
4.844239, 1.666113, 1.672559, 0.006445,
4.854129, 1.662085, 1.666113, 0.004028,
4.864026, 1.668530, 1.681421, 0.012891,
4.873906, 1.668530, 1.661279, -0.007251,
4.884131, 1.669336, 1.654834, -0.014502,
4.894238, 1.666919, 1.674976, 0.008057,
4.904135, 1.666113, 1.650000, -0.016113,
4.914276, 1.665308, 1.662085, -0.003223,
4.924343, 1.662891, 1.658057, -0.004834,
4.934566, 1.670142, 1.649194, -0.020947,
4.944687, 1.672559, 1.672559, 0.000000,
4.954451, 1.666113, 1.656445, -0.009668,
4.964574, 1.670142, 1.674170, 0.004028,
4.974454, 1.666113, 1.657251, -0.008862,
4.984682, 1.664502, 1.657251, -0.007251,
4.994799, 1.661279, 1.669336, 0.008057,
5.004691, 1.670947, 1.673364, 0.002417,
5.014566, 1.668530, 1.639526, -0.029004,
5.024676, 1.673364, 1.658057, -0.015308,
5.034915, 1.668530, 1.664502, -0.004028,
5.045152, 1.665308, 1.665308, 0.000000,
5.054990, 1.661279, 1.665308, 0.004028,
5.064911, 1.665308, 1.662085, -0.003223,
5.075021, 1.669336, 1.666919, -0.002417,
5.085144, 1.666113, 1.664502, -0.001611,
5.095236, 1.668530, 1.666113, -0.002417,
5.105344, 1.668530, 1.658862, -0.009668,
5.115449, 1.669336, 1.665308, -0.004028,
5.125477, 1.668530, 1.673364, 0.004834,
5.135450, 1.670142, 1.661279, -0.008862,
5.145569, 1.669336, 1.670142, 0.000806,
5.155452, 1.670142, 1.665308, -0.004834,
5.165573, 1.666919, 1.650000, -0.016919,
5.175717, 1.669336, 1.664502, -0.004834,
5.185897, 1.668530, 1.676587, 0.008057,
5.195687, 1.665308, 1.665308, 0.000000,
5.205448, 1.670142, 1.654834, -0.015308,
5.215570, 1.670142, 1.654834, -0.015308,
5.225764, 1.666919, 1.687866, 0.020947,
5.235799, 1.666113, 1.658862, -0.007251,
5.246026, 1.666919, 1.672559, 0.005640,
5.256015, 1.668530, 1.662085, -0.006445,
5.266016, 1.666113, 1.674976, 0.008862,
5.275910, 1.662085, 1.666919, 0.004834,
5.285907, 1.665308, 1.665308, 0.000000,
5.295686, 1.670142, 1.641943, -0.028198,
5.305877, 1.669336, 1.679810, 0.010474,
5.315673, 1.665308, 1.649194, -0.016113,
5.325788, 1.666113, 1.664502, -0.001611,
5.336012, 1.664502, 1.673364, 0.008862,
5.346000, 1.666919, 1.645166, -0.021753,
5.356133, 1.670142, 1.664502, -0.005640,
5.366212, 1.664502, 1.632275, -0.032227,
5.376357, 1.664502, 1.681421, 0.016919,
5.386354, 1.666113, 1.665308, -0.000806,
5.396454, 1.670142, 1.672559, 0.002417,
5.406417, 1.670142, 1.670947, 0.000806,
5.416249, 1.669336, 1.666113, -0.003223,
5.426342, 1.668530, 1.672559, 0.004028,
5.436350, 1.666919, 1.662085, -0.004834,
5.446463, 1.670142, 1.662085, -0.008057,
5.456663, 1.668530, 1.664502, -0.004028,
5.466690, 1.670142, 1.657251, -0.012891,
5.476806, 1.664502, 1.664502, 0.000000,
5.486792, 1.668530, 1.647583, -0.020947,
5.496906, 1.666919, 1.666113, -0.000806,
5.507125, 1.666113, 1.666113, 0.000000,
5.516904, 1.664502, 1.645972, -0.018530,
5.528601, 1.665308, 1.645972, -0.019336,
5.549832, 1.670142, 1.665308, -0.004834,
5.571600, 1.670142, 1.669336, -0.000806,
5.592831, 1.672559, 1.678198, 0.005640,
5.614829, 1.672559, 1.666919, -0.005640,
5.636919, 1.664502, 1.662085, -0.002417,
5.658832, 1.670142, 1.645972, -0.024170,
5.680677, 1.670947, 1.670142, -0.000806,
5.701827, 1.670947, 1.677393, 0.006445,
5.723829, 1.670142, 1.668530, -0.001611,
5.746603, 1.668530, 1.666919, -0.001611,
5.767638, 1.670142, 1.650000, -0.020142,
5.789830, 1.670142, 1.666919, -0.003223,
5.812603, 1.668530, 1.668530, 0.000000,
5.833600, 1.666113, 1.662891, -0.003223,
5.854605, 1.666919, 1.666919, 0.000000,
5.874831, 1.666919, 1.677393, 0.010474,
5.896839, 1.670947, 1.658057, -0.012891,
5.919602, 1.673364, 1.666919, -0.006445,
5.940833, 1.669336, 1.662891, -0.006445,
5.963600, 1.673364, 1.657251, -0.016113,
5.984603, 1.670947, 1.654028, -0.016919,
6.005915, 1.670142, 1.676587, 0.006445,
6.027842, 1.673364, 1.674170, 0.000806,
6.049831, 1.669336, 1.670142, 0.000806,
6.071603, 1.670142, 1.666113, -0.004028,
6.092830, 1.670142, 1.657251, -0.012891,
6.115603, 1.672559, 1.661279, -0.011279,
6.136917, 1.668530, 1.662891, -0.005640,
6.158842, 1.670142, 1.664502, -0.005640,
6.180918, 1.662891, 1.662085, -0.000806,
6.202830, 1.670947, 1.657251, -0.013696,
6.225140, 1.670947, 1.665308, -0.005640,
6.246604, 1.672559, 1.670142, -0.002417,
6.267869, 1.662891, 1.647583, -0.015308,
6.290143, 1.670142, 1.665308, -0.004834,
6.311605, 1.677393, 1.647583, -0.029810,
6.332833, 1.673364, 1.656445, -0.016919,
6.355675, 1.673364, 1.660474, -0.012891,
6.376837, 1.673364, 1.679004, 0.005640,
6.394804, 1.673364, 1.677393, 0.004028,
6.404699, 1.666919, 1.668530, 0.001611,
6.414574, 1.668530, 1.640332, -0.028198,
6.424680, 1.674976, 1.654834, -0.020142,
6.434895, 1.670142, 1.657251, -0.012891,
6.445024, 1.668530, 1.664502, -0.004028,
6.455141, 1.672559, 1.669336, -0.003223,
6.465239, 1.669336, 1.661279, -0.008057,
6.475350, 1.665308, 1.666919, 0.001611,
6.485245, 1.666919, 1.662891, -0.004028,
6.495457, 1.672559, 1.643555, -0.029004,
6.505578, 1.668530, 1.665308, -0.003223,
6.515699, 1.662891, 1.658057, -0.004834,
6.525804, 1.666113, 1.662891, -0.003223,
6.536025, 1.670142, 1.658862, -0.011279,
6.546145, 1.670142, 1.666919, -0.003223,
6.556352, 1.669336, 1.666919, -0.002417,
6.566469, 1.665308, 1.654028, -0.011279,
6.576572, 1.670142, 1.664502, -0.005640,
6.586805, 1.669336, 1.673364, 0.004028,
6.596816, 1.662085, 1.673364, 0.011279,
6.606802, 1.670142, 1.662085, -0.008057,
6.616911, 1.668530, 1.674170, 0.005640,
6.626815, 1.668530, 1.670947, 0.002417,
6.636818, 1.666919, 1.662085, -0.004834,
6.646912, 1.669336, 1.658862, -0.010474,
6.657124, 1.670142, 1.632275, -0.037866,
6.667205, 1.668530, 1.662891, -0.005640,
6.677241, 1.670142, 1.687866, 0.017725,
6.687242, 1.668530, 1.662891, -0.005640,
6.697461, 1.670142, 1.662085, -0.008057,
6.707694, 1.668530, 1.657251, -0.011279,
6.717808, 1.661279, 1.650000, -0.011279,
6.727913, 1.668530, 1.670947, 0.002417,
6.737927, 1.666113, 1.670142, 0.004028,
6.747808, 1.664502, 1.658057, -0.006445,
6.758021, 1.669336, 1.668530, -0.000806,
6.768098, 1.662085, 1.657251, -0.004834,
6.778136, 1.666919, 1.670142, 0.003223,
6.788075, 1.665308, 1.653223, -0.012085,
6.798245, 1.666113, 1.650806, -0.015308,
6.808453, 1.664502, 1.654834, -0.009668,
6.818574, 1.670142, 1.674170, 0.004028,
6.828372, 1.668530, 1.640332, -0.028198,
6.838663, 1.666919, 1.664502, -0.002417,
6.848704, 1.660474, 1.658057, -0.002417,
6.858897, 1.669336, 1.662891, -0.006445,
6.869053, 1.668530, 1.678198, 0.009668,
6.878910, 1.666919, 1.664502, -0.002417,
6.889138, 1.670142, 1.662085, -0.008057,
6.899354, 1.665308, 1.669336, 0.004028,
6.909357, 1.665308, 1.666919, 0.001611,
6.919247, 1.669336, 1.637915, -0.031421,
6.929358, 1.662085, 1.669336, 0.007251,
6.939357, 1.670142, 1.666919, -0.003223,
6.949456, 1.670142, 1.657251, -0.012891,
6.959571, 1.669336, 1.669336, 0.000000,
6.969400, 1.665308, 1.664502, -0.000806,
6.979460, 1.669336, 1.666113, -0.003223,
6.989574, 1.664502, 1.662891, -0.001611,
6.999799, 1.668530, 1.662085, -0.006445,
7.010027, 1.666113, 1.657251, -0.008862,
7.020138, 1.664502, 1.665308, 0.000806,
7.029992, 1.669336, 1.662891, -0.006445,
7.040246, 1.665308, 1.666113, 0.000806,
7.050141, 1.660474, 1.653223, -0.007251,
7.060342, 1.666113, 1.668530, 0.002417,
7.070183, 1.666919, 1.660474, -0.006445,
7.080244, 1.666919, 1.664502, -0.002417,
7.090427, 1.670142, 1.658057, -0.012085,
7.100579, 1.665308, 1.661279, -0.004028,
7.110814, 1.665308, 1.662085, -0.003223,
7.120909, 1.664502, 1.666919, 0.002417,
7.130775, 1.669336, 1.662085, -0.007251,
7.140914, 1.670142, 1.662891, -0.007251,
7.151026, 1.662891, 1.662891, 0.000000,
7.160915, 1.662085, 1.668530, 0.006445,
7.170806, 1.665308, 1.653223, -0.012085,
7.180998, 1.668530, 1.670142, 0.001611,
7.190352, 1.668530, 1.661279, -0.007251,
7.200469, 1.669336, 1.662085, -0.007251,
7.210702, 1.666919, 1.670947, 0.004028,
7.220573, 1.670947, 1.664502, -0.006445,
7.230761, 1.666919, 1.668530, 0.001611,
7.240697, 1.666113, 1.681421, 0.015308,
7.250572, 1.666919, 1.662891, -0.004028,
7.260812, 1.661279, 1.674170, 0.012891,
7.270786, 1.664502, 1.665308, 0.000806,
7.280770, 1.666919, 1.677393, 0.010474,
7.290574, 1.665308, 1.639526, -0.025781,
7.300809, 1.665308, 1.633887, -0.031421,
7.311031, 1.666113, 1.678198, 0.012085,
7.320918, 1.668530, 1.662085, -0.006445,
7.331138, 1.669336, 1.660474, -0.008862,
7.341404, 1.669336, 1.654028, -0.015308,
7.351464, 1.666919, 1.643555, -0.023364,
7.361695, 1.664502, 1.666113, 0.001611,
7.371575, 1.670947, 1.660474, -0.010474,
7.381815, 1.666919, 1.674976, 0.008057,
7.391804, 1.668530, 1.662085, -0.006445,
7.401916, 1.670142, 1.658862, -0.011279,
7.412138, 1.669336, 1.670142, 0.000806,
7.421924, 1.666113, 1.662085, -0.004028,
7.432144, 1.665308, 1.657251, -0.008057,
7.442244, 1.661279, 1.664502, 0.003223,
7.452138, 1.668530, 1.654834, -0.013696,
7.462257, 1.669336, 1.668530, -0.000806,
7.472452, 1.668530, 1.666113, -0.002417,
7.482565, 1.668530, 1.654834, -0.013696,
7.492717, 1.665308, 1.669336, 0.004028,
7.502574, 1.666919, 1.658862, -0.008057,
7.512814, 1.668530, 1.669336, 0.000806,
7.522687, 1.665308, 1.674976, 0.009668,
7.532691, 1.670947, 1.669336, -0.001611,
7.542923, 1.661279, 1.683838, 0.022559,
7.552818, 1.668530, 1.658057, -0.010474,
7.563037, 1.670142, 1.668530, -0.001611,
7.573154, 1.670142, 1.666919, -0.003223,
7.583361, 1.668530, 1.654834, -0.013696,
7.593575, 1.669336, 1.666919, -0.002417,
7.603701, 1.669336, 1.658057, -0.011279,
7.613807, 1.670142, 1.649194, -0.020947,
7.623925, 1.660474, 1.654834, -0.005640,
7.634140, 1.668530, 1.662891, -0.005640,
7.644247, 1.668530, 1.674170, 0.005640,
7.654144, 1.666919, 1.658057, -0.008862,
7.664246, 1.662891, 1.662085, -0.000806,
7.674359, 1.668530, 1.657251, -0.011279,
7.684578, 1.666113, 1.650806, -0.015308,
7.694814, 1.666113, 1.668530, 0.002417,
7.704696, 1.666919, 1.660474, -0.006445,
7.714816, 1.669336, 1.662085, -0.007251,
7.724907, 1.670947, 1.678198, 0.007251,
7.734877, 1.669336, 1.654834, -0.014502,
7.745034, 1.669336, 1.666919, -0.002417,
7.755149, 1.666113, 1.662085, -0.004028,
7.765245, 1.669336, 1.674976, 0.005640,
7.775139, 1.670142, 1.669336, -0.000806,
7.785252, 1.666919, 1.674170, 0.007251,
7.795257, 1.666919, 1.677393, 0.010474,
7.805143, 1.670142, 1.662891, -0.007251,
7.815245, 1.668530, 1.654028, -0.014502,
7.825364, 1.666113, 1.665308, -0.000806,
7.835576, 1.666113, 1.665308, -0.000806,
7.845826, 1.668530, 1.670947, 0.002417,
7.855778, 1.665308, 1.665308, 0.000000,
7.865598, 1.666919, 1.654834, -0.012085,
7.875705, 1.661279, 1.674976, 0.013696,
7.885690, 1.666919, 1.658862, -0.008057,
7.895920, 1.666113, 1.666919, 0.000806,
7.905905, 1.670142, 1.654028, -0.016113,
7.916020, 1.665308, 1.650000, -0.015308,
7.926034, 1.670142, 1.683838, 0.013696,
7.936032, 1.668530, 1.650000, -0.018530,
7.946145, 1.668530, 1.652417, -0.016113,
7.956362, 1.669336, 1.660474, -0.008862,
7.966460, 1.666113, 1.654834, -0.011279,
7.976578, 1.670947, 1.666113, -0.004834,
7.986759, 1.666113, 1.664502, -0.001611,
7.996927, 1.669336, 1.661279, -0.008057,
8.007140, 1.669336, 1.677393, 0.008057,
8.017029, 1.668530, 1.664502, -0.004028,
8.027140, 1.666919, 1.679004, 0.012085,
8.037160, 1.664502, 1.665308, 0.000806,
8.047022, 1.665308, 1.657251, -0.008057,
8.057151, 1.666113, 1.665308, -0.000806,
8.067245, 1.669336, 1.652417, -0.016919,
8.077369, 1.670142, 1.678198, 0.008057,
8.087360, 1.664502, 1.657251, -0.007251,
8.097480, 1.664502, 1.670947, 0.006445,
8.107469, 1.665308, 1.654834, -0.010474,
8.116922, 1.665308, 1.664502, -0.000806,
8.126960, 1.665308, 1.677393, 0.012085,
8.136989, 1.666113, 1.660474, -0.005640,
8.147026, 1.662891, 1.672559, 0.009668,
8.156884, 1.666919, 1.666919, 0.000000,
8.166701, 1.668530, 1.664502, -0.004028,
8.176806, 1.670947, 1.652417, -0.018530,
8.187021, 1.669336, 1.662085, -0.007251,
8.197162, 1.670142, 1.662891, -0.007251,
8.207361, 1.662891, 1.657251, -0.005640,
8.217470, 1.666113, 1.649194, -0.016919,
8.227580, 1.666113, 1.676587, 0.010474,
8.237659, 1.668530, 1.661279, -0.007251,
8.247695, 1.669336, 1.654834, -0.014502,
8.257911, 1.665308, 1.654834, -0.010474,
8.268105, 1.668530, 1.660474, -0.008057,
8.278146, 1.670142, 1.661279, -0.008862,
8.288254, 1.664502, 1.666113, 0.001611,
8.298268, 1.666919, 1.658862, -0.008057,
8.308463, 1.669336, 1.662891, -0.006445,
8.318484, 1.666919, 1.662085, -0.004834,
8.328645, 1.670142, 1.676587, 0.006445,
8.338793, 1.664502, 1.665308, 0.000806,
8.348614, 1.670142, 1.662085, -0.008057,
8.358811, 1.665308, 1.673364, 0.008057,
8.368754, 1.666919, 1.665308, -0.001611,
8.378811, 1.664502, 1.668530, 0.004028,
8.388721, 1.664502, 1.645166, -0.019336,
8.398915, 1.670142, 1.666113, -0.004028,
8.409149, 1.666113, 1.677393, 0.011279,
8.419037, 1.664502, 1.660474, -0.004028,
8.429146, 1.666919, 1.662085, -0.004834,
8.439358, 1.665308, 1.639526, -0.025781,
8.449464, 1.668530, 1.662891, -0.005640,
8.459693, 1.668530, 1.662085, -0.006445,
8.469845, 1.664502, 1.654834, -0.009668,
8.479925, 1.670142, 1.662891, -0.007251,
8.490026, 1.662085, 1.656445, -0.005640,
8.500150, 1.669336, 1.669336, 0.000000,
8.510034, 1.670142, 1.665308, -0.004834,
8.520144, 1.660474, 1.658057, -0.002417,
8.530164, 1.665308, 1.664502, -0.000806,
8.540366, 1.668530, 1.657251, -0.011279,
8.550476, 1.662085, 1.664502, 0.002417,
8.560420, 1.669336, 1.668530, -0.000806,
8.570499, 1.664502, 1.660474, -0.004028,
8.580664, 1.673364, 1.670142, -0.003223,
8.590779, 1.668530, 1.668530, 0.000000,
8.600702, 1.665308, 1.658057, -0.007251,
8.610921, 1.669336, 1.677393, 0.008057,
8.620815, 1.662891, 1.666113, 0.003223,
8.630787, 1.664502, 1.643555, -0.020947,
8.640921, 1.670142, 1.673364, 0.003223,
8.650815, 1.666919, 1.660474, -0.006445,
8.661031, 1.665308, 1.664502, -0.000806,
8.671238, 1.662085, 1.657251, -0.004834,
8.681427, 1.668530, 1.658862, -0.009668,
8.691469, 1.662085, 1.665308, 0.003223,
8.701368, 1.666113, 1.653223, -0.012891,
8.711515, 1.665308, 1.660474, -0.004834,
8.721594, 1.669336, 1.654834, -0.014502,
8.731821, 1.670142, 1.657251, -0.012891,
8.742044, 1.665308, 1.666919, 0.001611,
8.751924, 1.668530, 1.662085, -0.006445,
8.762035, 1.666919, 1.669336, 0.002417,
8.771915, 1.665308, 1.640332, -0.024976,
8.782149, 1.666113, 1.661279, -0.004834,
8.792365, 1.665308, 1.645972, -0.019336,
8.802467, 1.666113, 1.654834, -0.011279,
8.812594, 1.668530, 1.662891, -0.005640,
8.822701, 1.666919, 1.662085, -0.004834,
8.832913, 1.666919, 1.666113, -0.000806,
8.843142, 1.665308, 1.676587, 0.011279,
8.853037, 1.668530, 1.662085, -0.006445,
8.863254, 1.666919, 1.660474, -0.006445,
8.873375, 1.668530, 1.654834, -0.013696,
8.883595, 1.668530, 1.664502, -0.004028,
8.893813, 1.660474, 1.662891, 0.002417,
8.903700, 1.666919, 1.653223, -0.013696,
8.913925, 1.669336, 1.636304, -0.033032,
8.924031, 1.662891, 1.662085, -0.000806,
8.934146, 1.666919, 1.658057, -0.008862,
8.944252, 1.666919, 1.679004, 0.012085,
8.954144, 1.668530, 1.687866, 0.019336,
8.964039, 1.666919, 1.665308, -0.001611,
8.974152, 1.666113, 1.657251, -0.008862,
8.984366, 1.670142, 1.645166, -0.024976,
8.994591, 1.666113, 1.672559, 0.006445,
9.004475, 1.670947, 1.650806, -0.020142,
9.014592, 1.668530, 1.654028, -0.014502,
9.024695, 1.665308, 1.661279, -0.004028,
9.034818, 1.666919, 1.654834, -0.012085,
9.044945, 1.666919, 1.674170, 0.007251,
9.054816, 1.666113, 1.647583, -0.018530,
9.064920, 1.668530, 1.654834, -0.013696,
9.075033, 1.669336, 1.665308, -0.004028,
9.085151, 1.662085, 1.662891, 0.000806,
9.095028, 1.662891, 1.670142, 0.007251,
9.104873, 1.666919, 1.641943, -0.024976,
9.115043, 1.662085, 1.653223, -0.008862,
9.125156, 1.665308, 1.665308, 0.000000,
9.135031, 1.669336, 1.654028, -0.015308,
9.145150, 1.665308, 1.683838, 0.018530,
9.154945, 1.670142, 1.678198, 0.008057,
9.164922, 1.666919, 1.658057, -0.008862,
9.175085, 1.670142, 1.661279, -0.008862,
9.185250, 1.670947, 1.654834, -0.016113,
9.195471, 1.666919, 1.656445, -0.010474,
9.205676, 1.666113, 1.664502, -0.001611,
9.215707, 1.666919, 1.633081, -0.033838,
9.225825, 1.658862, 1.685449, 0.026587,
9.235834, 1.666919, 1.661279, -0.005640,
9.246032, 1.668530, 1.640332, -0.028198,
9.256219, 1.666919, 1.641138, -0.025781,
9.266249, 1.665308, 1.654028, -0.011279,
9.276367, 1.670142, 1.673364, 0.003223,
9.286356, 1.669336, 1.664502, -0.004834,
9.296486, 1.669336, 1.662085, -0.007251,
9.306703, 1.666113, 1.657251, -0.008862,
9.316818, 1.662085, 1.654834, -0.007251,
9.326920, 1.668530, 1.677393, 0.008862,
9.337108, 1.668530, 1.654834, -0.013696,
9.347148, 1.668530, 1.666113, -0.002417,
9.357339, 1.666113, 1.641943, -0.024170,
9.367190, 1.666113, 1.652417, -0.013696,
9.377250, 1.670142, 1.673364, 0.003223,
9.387164, 1.665308, 1.677393, 0.012085,
9.397155, 1.670142, 1.670142, 0.000000,
9.407034, 1.662085, 1.664502, 0.002417,
9.416816, 1.669336, 1.658862, -0.010474,
9.426930, 1.670142, 1.670947, 0.000806,
9.437037, 1.668530, 1.668530, 0.000000,
9.446837, 1.666919, 1.668530, 0.001611,
9.456818, 1.669336, 1.658862, -0.010474,
9.466915, 1.670142, 1.660474, -0.009668,
9.477038, 1.670947, 1.666113, -0.004834,
9.487151, 1.668530, 1.658862, -0.009668,
9.497366, 1.670142, 1.662085, -0.008057,
9.507592, 1.670142, 1.660474, -0.009668,
9.517637, 1.668530, 1.654834, -0.013696,
9.527696, 1.665308, 1.676587, 0.011279,
9.537680, 1.668530, 1.672559, 0.004028,
9.547519, 1.662085, 1.664502, 0.002417,
9.557472, 1.662891, 1.658057, -0.004834,
9.567653, 1.669336, 1.666919, -0.002417,
9.577720, 1.670142, 1.664502, -0.005640,
9.587924, 1.668530, 1.670947, 0.002417,
9.597916, 1.662085, 1.660474, -0.001611,
9.608146, 1.670142, 1.662085, -0.008057,
9.618193, 1.662891, 1.640332, -0.022559,
9.628260, 1.668530, 1.650806, -0.017725,
9.638597, 1.670142, 1.658862, -0.011279,
9.648713, 1.665308, 1.648389, -0.016919,
9.658909, 1.662085, 1.664502, 0.002417,
9.668782, 1.665308, 1.662085, -0.003223,
9.678821, 1.670142, 1.670142, 0.000000,
9.688698, 1.670947, 1.632275, -0.038672,
9.698941, 1.668530, 1.654834, -0.013696,
9.709149, 1.670142, 1.662891, -0.007251,
9.719255, 1.669336, 1.657251, -0.012085,
9.729371, 1.666919, 1.669336, 0.002417,
9.739375, 1.665308, 1.660474, -0.004834,
9.749476, 1.669336, 1.650806, -0.018530,
9.759703, 1.665308, 1.654028, -0.011279,
9.769875, 1.666113, 1.669336, 0.003223,
9.779701, 1.668530, 1.687866, 0.019336,
9.789595, 1.668530, 1.670142, 0.001611,
9.799597, 1.665308, 1.654834, -0.010474,
9.809827, 1.666113, 1.670142, 0.004028,
9.819705, 1.660474, 1.666919, 0.006445,
9.829608, 1.666919, 1.662085, -0.004834,
9.839858, 1.669336, 1.670947, 0.001611,
9.849710, 1.670142, 1.656445, -0.013696,
9.859926, 1.668530, 1.673364, 0.004834,
9.869857, 1.664502, 1.679810, 0.015308,
9.879706, 1.661279, 1.679004, 0.017725,
9.889595, 1.669336, 1.662085, -0.007251,
9.899814, 1.668530, 1.657251, -0.011279,
9.910039, 1.670142, 1.676587, 0.006445,
9.919921, 1.669336, 1.662085, -0.007251,
9.929960, 1.662085, 1.669336, 0.007251,
9.940036, 1.662085, 1.668530, 0.006445,
9.949921, 1.669336, 1.670142, 0.000806,
9.959839, 1.668530, 1.669336, 0.000806,
9.969768, 1.665308, 1.685449, 0.020142,
9.979601, 1.669336, 1.672559, 0.003223,
9.989474, 1.666113, 1.656445, -0.009668,
9.999712, 1.669336, 1.660474, -0.008862,
10.009925, 1.668530, 1.677393, 0.008862,
10.020039, 1.670142, 1.650000, -0.020142,
10.030368, 1.665308, 1.669336, 0.004028,
10.040600, 1.669336, 1.665308, -0.004028,
10.050932, 1.668530, 1.661279, -0.007251,
10.061370, 1.668530, 1.670947, 0.002417,
10.071484, 1.662085, 1.674976, 0.012891,
10.081670, 1.673364, 1.662085, -0.011279,
10.092039, 1.666919, 1.661279, -0.005640,
10.102375, 1.666919, 1.662891, -0.004028,
10.112816, 1.666919, 1.674976, 0.008057,
10.122925, 1.666919, 1.674170, 0.007251,
10.133155, 1.670142, 1.647583, -0.022559,
10.143600, 1.669336, 1.668530, -0.000806,
10.153921, 1.666113, 1.664502, -0.001611,
10.164375, 1.665308, 1.670142, 0.004834,
10.174475, 1.666919, 1.656445, -0.010474,
10.184930, 1.669336, 1.654028, -0.015308,
10.195370, 1.666113, 1.670142, 0.004028,
10.205483, 1.669336, 1.660474, -0.008862,
10.215820, 1.668530, 1.658862, -0.009668,
10.226153, 1.665308, 1.670947, 0.005640,
10.236293, 1.666919, 1.669336, 0.002417,
10.246474, 1.670142, 1.676587, 0.006445,
10.256685, 1.669336, 1.674976, 0.005640,
10.266709, 1.673364, 1.664502, -0.008862,
10.277039, 1.666113, 1.660474, -0.005640,
10.287390, 1.668530, 1.660474, -0.008057,
10.297813, 1.666919, 1.665308, -0.001611,
10.308248, 1.669336, 1.670142, 0.000806,
10.318369, 1.662891, 1.647583, -0.015308,
10.328699, 1.669336, 1.681421, 0.012085,
10.339141, 1.672559, 1.635498, -0.037060,
10.349473, 1.665308, 1.661279, -0.004028,
10.359926, 1.666113, 1.674976, 0.008862,
10.370123, 1.666919, 1.650806, -0.016113,
10.380369, 1.668530, 1.664502, -0.004028,
10.390714, 1.662891, 1.650806, -0.012085,
10.401158, 1.672559, 1.649194, -0.023364,
10.411579, 1.661279, 1.662891, 0.001611,
10.421727, 1.666919, 1.662085, -0.004834,
10.432149, 1.668530, 1.660474, -0.008057,
10.442484, 1.672559, 1.647583, -0.024976,
10.452822, 1.665308, 1.670947, 0.005640,
10.463044, 1.668530, 1.669336, 0.000806,
10.473181, 1.670142, 1.654834, -0.015308,
10.483604, 1.668530, 1.665308, -0.003223,
10.494048, 1.668530, 1.691895, 0.023364,
10.504159, 1.668530, 1.647583, -0.020947,
10.514602, 1.668530, 1.658057, -0.010474,
10.524922, 1.670947, 1.657251, -0.013696,
10.535377, 1.668530, 1.672559, 0.004028,
10.545603, 1.669336, 1.666113, -0.003223,
10.556016, 1.665308, 1.669336, 0.004028,
10.566045, 1.666919, 1.662891, -0.004028,
10.576376, 1.665308, 1.665308, 0.000000,
10.586473, 1.666919, 1.664502, -0.002417,
10.596922, 1.666919, 1.670142, 0.003223,
10.607150, 1.670142, 1.654834, -0.015308,
10.617473, 1.668530, 1.649194, -0.019336,
10.627821, 1.669336, 1.681421, 0.012085,
10.638149, 1.670142, 1.662085, -0.008057,
10.648469, 1.669336, 1.662085, -0.007251,
10.658916, 1.664502, 1.679810, 0.015308,
10.669065, 1.670142, 1.662085, -0.008057,
10.679374, 1.666113, 1.670142, 0.004028,
10.689630, 1.670947, 1.670142, -0.000806,
10.700043, 1.662085, 1.662891, 0.000806,
10.710263, 1.668530, 1.656445, -0.012085,
10.720607, 1.670142, 1.654834, -0.015308,
10.731015, 1.666113, 1.657251, -0.008862,
10.741382, 1.669336, 1.658057, -0.011279,
10.751719, 1.668530, 1.650806, -0.017725,
10.762153, 1.670142, 1.674976, 0.004834,
10.772259, 1.668530, 1.670142, 0.001611,
10.782474, 1.665308, 1.633081, -0.032227,
10.792921, 1.670142, 1.674170, 0.004028,
10.803044, 1.668530, 1.652417, -0.016113,
10.813489, 1.666919, 1.677393, 0.010474,
10.823612, 1.670142, 1.662891, -0.007251,
10.834043, 1.668530, 1.668530, 0.000000,
10.844155, 1.666113, 1.674170, 0.008057,
10.854262, 1.662085, 1.673364, 0.011279,
10.864375, 1.669336, 1.662085, -0.007251,
10.874721, 1.658057, 1.674170, 0.016113,
10.884937, 1.666919, 1.661279, -0.005640,
10.895375, 1.670947, 1.665308, -0.005640,
10.905796, 1.665308, 1.633887, -0.031421,
10.916159, 1.662085, 1.661279, -0.000806,
10.926479, 1.673364, 1.665308, -0.008057,
10.937012, 1.669336, 1.665308, -0.004028,
10.947257, 1.668530, 1.670947, 0.002417,
10.957475, 1.668530, 1.653223, -0.015308,
10.967863, 1.662085, 1.648389, -0.013696,
10.978155, 1.669336, 1.664502, -0.004834,
10.988477, 1.670142, 1.660474, -0.009668,
10.998926, 1.668530, 1.676587, 0.008057,
11.009166, 1.669336, 1.658862, -0.010474,
11.019472, 1.666919, 1.664502, -0.002417,
11.029758, 1.666919, 1.666113, -0.000806,
11.040262, 1.670142, 1.661279, -0.008862,
11.050600, 1.670142, 1.664502, -0.005640,
11.060928, 1.673364, 1.669336, -0.004028,
11.071277, 1.670142, 1.657251, -0.012891,
11.081820, 1.666919, 1.661279, -0.005640,
11.092252, 1.665308, 1.669336, 0.004028,
11.102385, 1.666919, 1.658862, -0.008057,
11.112834, 1.666919, 1.664502, -0.002417,
11.123160, 1.664502, 1.660474, -0.004028,
11.133608, 1.665308, 1.657251, -0.008057,
11.144062, 1.669336, 1.658057, -0.011279,
11.154381, 1.665308, 1.679004, 0.013696,
11.164599, 1.666113, 1.653223, -0.012891,
11.174933, 1.670947, 1.668530, -0.002417,
11.185373, 1.669336, 1.662085, -0.007251,
11.195824, 1.669336, 1.665308, -0.004028,
11.206269, 1.668530, 1.661279, -0.007251,
11.216601, 1.669336, 1.664502, -0.004834,
11.226928, 1.665308, 1.689478, 0.024170,
11.237162, 1.664502, 1.670142, 0.005640,
11.247263, 1.669336, 1.676587, 0.007251,
11.257477, 1.665308, 1.645972, -0.019336,
11.267871, 1.670142, 1.661279, -0.008862,
11.278159, 1.669336, 1.672559, 0.003223,
11.288257, 1.661279, 1.657251, -0.004028,
11.298713, 1.660474, 1.662891, 0.002417,
11.308924, 1.666113, 1.650806, -0.015308,
11.319257, 1.660474, 1.662085, 0.001611,
11.329381, 1.670142, 1.674976, 0.004834,
11.339831, 1.662891, 1.656445, -0.006445,
11.350162, 1.668530, 1.648389, -0.020142,
11.360610, 1.666113, 1.648389, -0.017725,
11.370960, 1.665308, 1.669336, 0.004028,
11.381165, 1.669336, 1.654028, -0.015308,
11.391484, 1.670142, 1.661279, -0.008862,
11.401850, 1.666113, 1.643555, -0.022559,
11.412261, 1.668530, 1.668530, 0.000000,
11.422376, 1.665308, 1.662085, -0.003223,
11.432814, 1.670142, 1.656445, -0.013696,
11.443263, 1.670142, 1.673364, 0.003223,
11.453378, 1.665308, 1.660474, -0.004834,
11.463809, 1.662891, 1.670142, 0.007251,
11.473926, 1.669336, 1.662085, -0.007251,
11.484379, 1.668530, 1.662891, -0.005640,
11.494823, 1.669336, 1.670947, 0.001611,
11.504932, 1.672559, 1.653223, -0.019336,
11.515383, 1.665308, 1.662891, -0.002417,
11.525712, 1.666919, 1.664502, -0.002417,
11.536157, 1.666919, 1.662085, -0.004834,
11.546479, 1.670142, 1.658057, -0.012085,
11.556910, 1.666113, 1.656445, -0.009668,
11.567254, 1.669336, 1.662085, -0.007251,
11.577609, 1.665308, 1.670142, 0.004834,
11.587828, 1.664502, 1.658057, -0.006445,
11.598294, 1.666113, 1.662085, -0.004028,
11.608701, 1.665308, 1.644360, -0.020947,
11.619043, 1.666113, 1.661279, -0.004834,
11.629380, 1.668530, 1.685449, 0.016919,
11.639704, 1.670142, 1.658057, -0.012085,
11.650049, 1.669336, 1.647583, -0.021753,
11.660470, 1.669336, 1.640332, -0.029004,
11.670858, 1.664502, 1.658862, -0.005640,
11.681240, 1.668530, 1.643555, -0.024976,
11.691682, 1.668530, 1.660474, -0.008057,
11.702051, 1.662085, 1.662085, 0.000000,
11.712162, 1.668530, 1.677393, 0.008862,
11.722263, 1.665308, 1.674976, 0.009668,
11.732480, 1.666919, 1.658057, -0.008862,
11.742932, 1.669336, 1.666113, -0.003223,
11.753263, 1.665308, 1.666113, 0.000806,
11.763483, 1.670142, 1.662085, -0.008057,
11.773927, 1.664502, 1.653223, -0.011279,
11.784383, 1.669336, 1.662891, -0.006445,
11.794853, 1.668530, 1.674170, 0.005640,
11.804933, 1.661279, 1.656445, -0.004834,
11.815284, 1.669336, 1.665308, -0.004028,
11.825611, 1.662891, 1.660474, -0.002417,
11.836054, 1.668530, 1.661279, -0.007251,
11.846377, 1.665308, 1.668530, 0.003223,
11.856601, 1.670142, 1.665308, -0.004834,
11.866928, 1.669336, 1.661279, -0.008057,
11.877260, 1.666919, 1.678198, 0.011279,
11.887478, 1.668530, 1.674976, 0.006445,
11.897712, 1.672559, 1.662085, -0.010474,
11.908155, 1.669336, 1.649194, -0.020142,
11.918473, 1.666919, 1.670142, 0.003223,
11.928601, 1.669336, 1.668530, -0.000806,
11.939037, 1.670142, 1.661279, -0.008862,
11.949373, 1.666919, 1.657251, -0.009668,
11.959742, 1.672559, 1.666113, -0.006445,
11.970096, 1.670142, 1.654028, -0.016113,
11.980375, 1.668530, 1.640332, -0.028198,
11.990716, 1.668530, 1.637109, -0.031421,
12.001167, 1.666919, 1.633887, -0.033032,
12.011558, 1.666113, 1.666919, 0.000806,
12.021610, 1.666919, 1.661279, -0.005640,
12.032047, 1.670142, 1.658862, -0.011279,
12.042483, 1.666919, 1.652417, -0.014502,
12.052834, 1.662085, 1.666919, 0.004834,
12.063046, 1.669336, 1.672559, 0.003223,
12.073163, 1.669336, 1.640332, -0.029004,
12.083609, 1.666919, 1.660474, -0.006445,
12.094042, 1.668530, 1.670947, 0.002417,
12.104167, 1.662085, 1.661279, -0.000806,
12.114606, 1.664502, 1.658862, -0.005640,
12.124898, 1.664502, 1.662085, -0.002417,
12.135262, 1.668530, 1.648389, -0.020142,
12.145603, 1.668530, 1.666919, -0.001611,
12.156024, 1.670142, 1.658862, -0.011279,
12.166269, 1.668530, 1.657251, -0.011279,
12.176614, 1.670142, 1.666919, -0.003223,
12.187010, 1.666113, 1.664502, -0.001611,
12.197485, 1.668530, 1.662085, -0.006445,
12.207931, 1.662891, 1.673364, 0.010474,
12.218052, 1.669336, 1.643555, -0.025781,
12.228381, 1.658862, 1.668530, 0.009668,
12.238605, 1.662085, 1.661279, -0.000806,
12.248940, 1.666919, 1.654834, -0.012085,
12.259380, 1.666919, 1.656445, -0.010474,
12.269776, 1.662085, 1.662085, 0.000000,
12.279835, 1.666919, 1.670947, 0.004028,
12.290050, 1.665308, 1.661279, -0.004028,
12.300423, 1.669336, 1.649194, -0.020142,
12.310832, 1.669336, 1.666113, -0.003223,
12.321160, 1.670947, 1.647583, -0.023364,
12.331609, 1.668530, 1.654834, -0.013696,
12.342106, 1.665308, 1.662085, -0.003223,
12.352380, 1.665308, 1.645166, -0.020142,
12.362830, 1.666113, 1.670947, 0.004834,
12.372960, 1.669336, 1.662085, -0.007251,
12.383381, 1.668530, 1.662085, -0.006445,
12.393825, 1.660474, 1.662085, 0.001611,
12.403936, 1.668530, 1.677393, 0.008862,
12.414165, 1.665308, 1.687060, 0.021753,
12.424264, 1.666113, 1.662891, -0.003223,
12.434709, 1.666113, 1.654834, -0.011279,
12.445166, 1.670142, 1.662085, -0.008057,
12.455484, 1.670947, 1.666919, -0.004028,
12.465830, 1.666919, 1.661279, -0.005640,
12.476163, 1.666113, 1.677393, 0.011279,
12.486374, 1.668530, 1.662085, -0.006445,
12.496832, 1.665308, 1.660474, -0.004834,
12.507267, 1.669336, 1.674170, 0.004834,
12.517417, 1.669336, 1.640332, -0.029004,
12.527715, 1.669336, 1.683032, 0.013696,
12.538048, 1.666113, 1.662085, -0.004028,
12.548378, 1.669336, 1.662085, -0.007251,
12.558828, 1.670142, 1.654834, -0.015308,
12.569199, 1.666919, 1.673364, 0.006445,
12.579269, 1.670947, 1.668530, -0.002417,
12.589713, 1.665308, 1.662085, -0.003223,
12.600161, 1.668530, 1.670142, 0.001611,
12.610382, 1.669336, 1.666919, -0.002417,
12.620715, 1.670947, 1.670142, -0.000806,
12.631165, 1.662085, 1.668530, 0.006445,
12.641382, 1.660474, 1.665308, 0.004834,
12.651478, 1.668530, 1.652417, -0.016113,
12.661959, 1.668530, 1.666919, -0.001611,
12.672289, 1.668530, 1.654834, -0.013696,
12.682719, 1.666919, 1.664502, -0.002417,
12.693169, 1.662891, 1.670142, 0.007251,
12.703265, 1.662085, 1.676587, 0.014502,
12.713523, 1.668530, 1.666113, -0.002417,
12.723837, 1.665308, 1.654834, -0.010474,
12.734270, 1.666113, 1.661279, -0.004834,
12.744722, 1.670142, 1.670142, 0.000000,
12.754832, 1.668530, 1.652417, -0.016113,
12.765263, 1.668530, 1.666919, -0.001611,
12.775616, 1.670947, 1.662891, -0.008057,
12.786058, 1.661279, 1.666919, 0.005640,
12.796260, 1.668530, 1.666919, -0.001611,
12.806689, 1.669336, 1.666919, -0.002417,
12.816932, 1.666113, 1.662085, -0.004028,
12.827264, 1.664502, 1.668530, 0.004028,
12.837522, 1.665308, 1.658057, -0.007251,
12.847882, 1.666919, 1.650000, -0.016919,
12.858387, 1.669336, 1.670947, 0.001611,
12.868530, 1.669336, 1.657251, -0.012085,
12.878829, 1.666919, 1.670142, 0.003223,
12.889048, 1.670142, 1.666113, -0.004028,
12.899487, 1.666113, 1.662891, -0.003223,
12.909961, 1.664502, 1.676587, 0.012085,
12.920046, 1.669336, 1.672559, 0.003223,
12.930052, 1.666919, 1.679810, 0.012891,
12.940273, 1.669336, 1.658057, -0.011279,
12.950613, 1.669336, 1.670142, 0.000806,
12.960835, 1.666113, 1.683838, 0.017725,
12.971012, 1.668530, 1.664502, -0.004028,
12.981422, 1.669336, 1.654028, -0.015308,
12.991784, 1.670142, 1.645166, -0.024976,
13.002165, 1.662085, 1.657251, -0.004834,
13.012607, 1.670142, 1.677393, 0.007251,
13.022715, 1.665308, 1.665308, 0.000000,
13.032832, 1.664502, 1.665308, 0.000806,
13.043054, 1.670142, 1.665308, -0.004834,
13.053388, 1.666919, 1.662891, -0.004028,
13.063718, 1.670142, 1.662085, -0.008057,
13.074153, 1.661279, 1.670142, 0.008862,
13.084263, 1.666113, 1.665308, -0.000806,
13.094718, 1.670142, 1.679810, 0.009668,
13.104834, 1.664502, 1.669336, 0.004834,
13.115052, 1.668530, 1.654834, -0.013696,
13.125390, 1.668530, 1.660474, -0.008057,
13.135822, 1.666919, 1.665308, -0.001611,
13.146274, 1.666113, 1.662085, -0.004028,
13.156699, 1.668530, 1.654834, -0.013696,
13.167066, 1.662891, 1.650806, -0.012085,
13.177383, 1.668530, 1.664502, -0.004028,
13.187833, 1.666919, 1.662085, -0.004834,
13.197608, 1.670142, 1.666919, -0.003223,
13.208043, 1.666919, 1.650000, -0.016919,
13.218388, 1.669336, 1.647583, -0.021753,
13.228718, 1.666919, 1.674170, 0.007251,
13.239057, 1.666919, 1.660474, -0.006445,
13.249384, 1.669336, 1.662085, -0.007251,
13.259822, 1.662085, 1.677393, 0.015308,
13.269960, 1.666113, 1.657251, -0.008862,
13.280268, 1.670142, 1.640332, -0.029810,
13.290615, 1.666113, 1.668530, 0.002417,
13.300831, 1.668530, 1.660474, -0.008057,
13.311270, 1.668530, 1.669336, 0.000806,
13.321384, 1.668530, 1.658057, -0.010474,
13.331835, 1.669336, 1.662891, -0.006445,
13.342379, 1.669336, 1.662085, -0.007251,
13.352718, 1.665308, 1.660474, -0.004834,
13.363160, 1.666919, 1.674976, 0.008057,
13.373270, 1.666919, 1.650000, -0.016919,
13.383706, 1.670142, 1.658862, -0.011279,
13.394165, 1.665308, 1.673364, 0.008057,
13.404270, 1.666919, 1.660474, -0.006445,
13.413293, 1.664502, 1.670142, 0.005640,
13.423385, 1.666919, 1.674170, 0.007251,
13.433623, 1.666919, 1.657251, -0.009668,
13.444053, 1.668530, 1.669336, 0.000806,
13.454173, 1.670142, 1.662085, -0.008057,
13.464577, 1.666919, 1.670947, 0.004028,
13.474718, 1.669336, 1.652417, -0.016919,
13.485170, 1.664502, 1.658057, -0.006445,
13.495603, 1.669336, 1.665308, -0.004028,
13.506034, 1.664502, 1.686255, 0.021753,
13.516170, 1.669336, 1.658057, -0.011279,
13.526497, 1.668530, 1.670142, 0.001611,
13.536806, 1.666919, 1.662891, -0.004028,
13.547166, 1.669336, 1.654028, -0.015308,
13.557594, 1.661279, 1.662085, 0.000806,
13.567698, 1.665308, 1.658057, -0.007251,
13.577936, 1.662085, 1.666919, 0.004834,
13.588049, 1.670142, 1.658057, -0.012085,
13.598484, 1.672559, 1.637915, -0.034644,
13.608937, 1.665308, 1.670142, 0.004834,
13.619054, 1.666113, 1.666113, 0.000000,
13.629007, 1.662085, 1.662085, 0.000000,
13.639386, 1.670947, 1.657251, -0.013696,
13.649716, 1.666113, 1.652417, -0.013696,
13.660166, 1.662085, 1.662891, 0.000806,
13.670323, 1.670142, 1.677393, 0.007251,
13.680388, 1.668530, 1.643555, -0.024976,
13.690715, 1.669336, 1.670142, 0.000806,
13.700935, 1.669336, 1.656445, -0.012891,
13.711389, 1.668530, 1.641943, -0.026587,
13.721723, 1.666113, 1.678198, 0.012085,
13.731905, 1.670142, 1.656445, -0.013696,
13.742280, 1.666113, 1.654834, -0.011279,
13.752619, 1.666113, 1.658862, -0.007251,
13.763071, 1.666919, 1.668530, 0.001611,
13.773218, 1.669336, 1.662085, -0.007251,
13.783611, 1.666919, 1.662085, -0.004834,
13.794049, 1.668530, 1.662891, -0.005640,
13.804381, 1.662085, 1.669336, 0.007251,
13.814494, 1.669336, 1.658862, -0.010474,
13.824833, 1.666919, 1.679004, 0.012085,
13.835054, 1.666919, 1.654028, -0.012891,
13.845402, 1.668530, 1.670947, 0.002417,
13.855488, 1.669336, 1.668530, -0.000806,
13.865846, 1.669336, 1.654834, -0.014502,
13.876169, 1.662891, 1.662085, -0.000806,
13.886514, 1.673364, 1.683838, 0.010474,
13.896722, 1.666919, 1.670142, 0.003223,
13.906913, 1.668530, 1.665308, -0.003223,
13.917270, 1.666919, 1.639526, -0.027393,
13.927621, 1.666919, 1.672559, 0.005640,
13.937915, 1.662891, 1.627441, -0.035449,
13.948232, 1.662891, 1.654834, -0.008057,
13.958626, 1.662085, 1.668530, 0.006445,
13.968794, 1.666113, 1.676587, 0.010474,
13.978833, 1.666113, 1.656445, -0.009668,
13.989271, 1.670142, 1.656445, -0.013696,
13.999715, 1.670142, 1.662891, -0.007251,
14.010168, 1.669336, 1.658862, -0.010474,
14.020479, 1.668530, 1.647583, -0.020947,
14.030921, 1.662085, 1.658862, -0.003223,
14.041271, 1.661279, 1.658057, -0.003223,
14.051619, 1.668530, 1.654028, -0.014502,
14.062051, 1.670142, 1.676587, 0.006445,
14.072171, 1.669336, 1.678198, 0.008862,
14.082379, 1.662085, 1.669336, 0.007251,
14.092628, 1.669336, 1.669336, 0.000000,
14.102727, 1.665308, 1.666113, 0.000806,
14.112955, 1.666919, 1.668530, 0.001611,
14.123061, 1.669336, 1.662085, -0.007251,
14.133477, 1.669336, 1.670947, 0.001611,
14.143606, 1.666919, 1.660474, -0.006445,
14.153960, 1.662891, 1.666113, 0.003223,
14.164167, 1.662085, 1.670947, 0.008862,
14.174277, 1.668530, 1.661279, -0.007251,
14.184723, 1.666113, 1.653223, -0.012891,
14.195174, 1.661279, 1.670142, 0.008862,
14.205267, 1.670142, 1.636304, -0.033838,
14.215610, 1.670142, 1.672559, 0.002417,
14.225723, 1.658057, 1.640332, -0.017725,
14.236175, 1.664502, 1.668530, 0.004028,
14.245398, 1.662891, 1.670142, 0.007251,
14.255490, 1.670142, 1.669336, -0.000806,
14.265840, 1.664502, 1.662085, -0.002417,
14.276174, 1.668530, 1.657251, -0.011279,
14.286633, 1.664502, 1.668530, 0.004028,
14.296837, 1.664502, 1.662891, -0.001611,
14.307280, 1.670947, 1.658057, -0.012891,
14.317622, 1.669336, 1.679004, 0.009668,
14.327717, 1.666919, 1.679810, 0.012891,
14.338110, 1.670142, 1.664502, -0.005640,
14.348395, 1.669336, 1.658862, -0.010474,
14.358834, 1.662085, 1.662085, 0.000000,
14.368997, 1.670142, 1.650806, -0.019336,
14.379280, 1.670142, 1.670142, 0.000000,
14.389390, 1.661279, 1.658862, -0.002417,
14.399832, 1.669336, 1.666113, -0.003223,
14.410273, 1.664502, 1.674976, 0.010474,
14.420394, 1.666919, 1.662891, -0.004028,
14.430811, 1.666113, 1.668530, 0.002417,
14.441056, 1.664502, 1.668530, 0.004028,
14.451176, 1.669336, 1.662891, -0.006445,
14.461485, 1.670142, 1.676587, 0.006445,
14.471621, 1.666113, 1.657251, -0.008862,
14.482081, 1.666919, 1.660474, -0.006445,
14.492486, 1.672559, 1.654834, -0.017725,
14.502835, 1.666919, 1.674170, 0.007251,
14.513054, 1.670142, 1.665308, -0.004834,
14.523392, 1.669336, 1.658862, -0.010474,
14.533839, 1.661279, 1.644360, -0.016919,
14.544275, 1.666113, 1.672559, 0.006445,
14.554387, 1.670142, 1.664502, -0.005640,
14.564810, 1.660474, 1.637109, -0.023364,
14.575172, 1.670947, 1.658862, -0.012085,
14.585613, 1.665308, 1.656445, -0.008862,
14.596045, 1.669336, 1.681421, 0.012085,
14.606255, 1.666113, 1.662085, -0.004028,
14.616618, 1.668530, 1.657251, -0.011279,
14.626939, 1.670947, 1.677393, 0.006445,
14.637171, 1.665308, 1.662085, -0.003223,
14.647492, 1.668530, 1.658862, -0.009668,
14.657945, 1.662085, 1.662085, 0.000000,
14.667997, 1.670142, 1.660474, -0.009668,
14.678311, 1.662085, 1.679004, 0.016919,
14.688509, 1.670142, 1.665308, -0.004834,
14.698941, 1.669336, 1.665308, -0.004028,
14.709395, 1.669336, 1.670142, 0.000806,
14.719492, 1.666113, 1.681421, 0.015308,
14.729625, 1.670947, 1.677393, 0.006445,
14.739879, 1.666919, 1.665308, -0.001611,
14.750178, 1.666919, 1.658057, -0.008862,
14.760621, 1.666113, 1.660474, -0.005640,
14.770974, 1.666919, 1.662085, -0.004834,
14.781385, 1.666919, 1.664502, -0.002417,
14.791800, 1.668530, 1.666919, -0.001611,
14.802169, 1.668530, 1.658862, -0.009668,
14.812621, 1.662891, 1.662891, 0.000000,
14.822725, 1.666919, 1.657251, -0.009668,
14.833174, 1.662891, 1.654834, -0.008057,
14.843616, 1.669336, 1.668530, -0.000806,
14.853944, 1.670142, 1.654834, -0.015308,
14.864388, 1.666113, 1.665308, -0.000806,
14.874733, 1.664502, 1.658057, -0.006445,
14.885180, 1.664502, 1.664502, 0.000000,
14.895278, 1.670142, 1.664502, -0.005640,
14.905698, 1.670947, 1.666113, -0.004834,
14.915951, 1.668530, 1.658862, -0.009668,
14.926228, 1.669336, 1.666919, -0.002417,
14.936696, 1.669336, 1.658862, -0.010474,
14.947057, 1.670142, 1.670947, 0.000806,
14.957271, 1.668530, 1.657251, -0.011279,
14.967646, 1.670947, 1.662085, -0.008862,
14.977935, 1.669336, 1.679810, 0.010474,
14.988062, 1.662085, 1.668530, 0.006445,
14.998280, 1.664502, 1.666919, 0.002417,
15.008497, 1.665308, 1.664502, -0.000806,
15.018834, 1.669336, 1.670947, 0.001611,
15.028957, 1.669336, 1.670947, 0.001611,
15.039267, 1.673364, 1.685449, 0.012085,
15.049393, 1.666113, 1.654834, -0.011279,
15.059825, 1.665308, 1.670947, 0.005640,
15.069995, 1.662085, 1.654834, -0.007251,
15.080363, 1.669336, 1.662085, -0.007251,
15.090622, 1.666113, 1.665308, -0.000806,
15.101064, 1.668530, 1.654834, -0.013696,
15.111497, 1.666919, 1.665308, -0.001611,
15.121837, 1.668530, 1.669336, 0.000806,
15.132060, 1.670142, 1.661279, -0.008862,
15.142495, 1.662891, 1.662085, -0.000806,
15.152845, 1.670947, 1.660474, -0.010474,
15.163282, 1.668530, 1.664502, -0.004028,
15.173627, 1.669336, 1.666113, -0.003223,
15.184063, 1.666113, 1.652417, -0.013696,
15.194500, 1.666919, 1.677393, 0.010474,
15.204637, 1.670947, 1.662085, -0.008862,
15.215056, 1.670142, 1.676587, 0.006445,
15.225179, 1.666919, 1.668530, 0.001611,
15.235388, 1.662891, 1.657251, -0.005640,
15.245839, 1.670142, 1.674170, 0.004028,
15.256033, 1.670142, 1.674170, 0.004028,
15.266056, 1.662891, 1.654028, -0.008862,
15.276389, 1.668530, 1.674976, 0.006445,
15.286626, 1.662891, 1.648389, -0.014502,
15.297058, 1.662085, 1.662891, 0.000806,
15.307282, 1.670142, 1.664502, -0.005640,
15.317626, 1.670142, 1.657251, -0.012891,
15.327945, 1.669336, 1.666919, -0.002417,
15.338569, 1.666919, 1.664502, -0.002417,
15.348855, 1.666919, 1.658057, -0.008862,
15.359280, 1.668530, 1.665308, -0.003223,
15.369663, 1.668530, 1.640332, -0.028198,
15.379954, 1.666113, 1.664502, -0.001611,
15.390278, 1.666113, 1.656445, -0.009668,
15.400750, 1.670142, 1.658862, -0.011279,
15.411180, 1.662085, 1.652417, -0.009668,
15.421492, 1.670142, 1.661279, -0.008862,
15.431931, 1.661279, 1.650000, -0.011279,
15.442281, 1.665308, 1.654834, -0.010474,
15.452629, 1.670142, 1.629858, -0.040283,
15.463086, 1.670142, 1.683032, 0.012891,
15.473241, 1.670142, 1.666113, -0.004028,
15.483620, 1.668530, 1.658862, -0.009668,
15.494065, 1.668530, 1.670947, 0.002417,
15.504175, 1.668530, 1.662085, -0.006445,
15.514623, 1.669336, 1.664502, -0.004834,
15.524956, 1.665308, 1.666113, 0.000806,
15.535143, 1.662891, 1.650000, -0.012891,
15.545498, 1.666919, 1.662085, -0.004834,
15.555926, 1.668530, 1.668530, 0.000000,
15.565949, 1.666919, 1.670142, 0.003223,
15.576071, 1.662085, 1.668530, 0.006445,
15.586278, 1.668530, 1.662891, -0.005640,
15.597108, 1.669336, 1.670947, 0.001611,
15.607283, 1.670142, 1.662085, -0.008057,
15.617633, 1.669336, 1.662085, -0.007251,
15.627953, 1.666113, 1.666919, 0.000806,
15.638294, 1.666113, 1.662085, -0.004028,
15.648628, 1.669336, 1.656445, -0.012891,
15.659057, 1.668530, 1.672559, 0.004028,
15.669207, 1.670142, 1.668530, -0.001611,
15.679487, 1.670142, 1.674976, 0.004834,
15.689626, 1.666113, 1.657251, -0.008862,
15.700062, 1.668530, 1.679810, 0.011279,
15.710275, 1.666919, 1.662085, -0.004834,
15.720627, 1.666113, 1.670947, 0.004834,
15.730803, 1.669336, 1.665308, -0.004028,
15.741173, 1.672559, 1.662085, -0.010474,
15.751491, 1.670947, 1.654028, -0.016919,
15.761955, 1.670947, 1.674976, 0.004028,
15.772112, 1.670142, 1.656445, -0.013696,
15.782502, 1.662085, 1.658862, -0.003223,
15.792960, 1.665308, 1.661279, -0.004028,
15.803285, 1.665308, 1.657251, -0.008057,
15.813738, 1.668530, 1.670947, 0.002417,
15.823848, 1.665308, 1.656445, -0.008862,
15.834284, 1.662085, 1.662085, 0.000000,
15.844401, 1.668530, 1.670142, 0.001611,
15.854497, 1.668530, 1.660474, -0.008057,
15.864842, 1.668530, 1.647583, -0.020947,
15.875178, 1.666919, 1.665308, -0.001611,
15.885624, 1.665308, 1.662085, -0.003223,
15.896057, 1.668530, 1.679004, 0.010474,
15.906266, 1.666919, 1.686255, 0.019336,
15.916394, 1.670142, 1.637915, -0.032227,
15.926747, 1.668530, 1.670142, 0.001611,
15.937032, 1.664502, 1.650000, -0.014502,
15.947294, 1.668530, 1.658057, -0.010474,
15.957736, 1.668530, 1.674976, 0.006445,
15.967884, 1.669336, 1.654028, -0.015308,
15.978177, 1.668530, 1.673364, 0.004834,
15.988391, 1.657251, 1.661279, 0.004028,
15.998618, 1.668530, 1.664502, -0.004028,
16.009069, 1.658862, 1.662085, 0.003223,
16.019180, 1.669336, 1.664502, -0.004834,
16.029506, 1.666919, 1.662085, -0.004834,
16.039934, 1.670142, 1.654834, -0.015308,
16.050282, 1.666919, 1.647583, -0.019336,
16.060730, 1.668530, 1.669336, 0.000806,
16.070856, 1.661279, 1.654834, -0.006445,
16.081251, 1.665308, 1.676587, 0.011279,
16.091398, 1.670142, 1.662891, -0.007251,
16.101725, 1.666919, 1.654834, -0.012085,
16.112174, 1.670142, 1.673364, 0.003223,
16.122277, 1.670142, 1.665308, -0.004834,
16.132728, 1.668530, 1.657251, -0.011279,
16.143179, 1.666919, 1.672559, 0.005640,
16.153280, 1.668530, 1.654834, -0.013696,
16.163733, 1.664502, 1.666919, 0.002417,
16.173868, 1.662085, 1.662085, 0.000000,
16.184062, 1.661279, 1.665308, 0.004028,
16.194282, 1.668530, 1.666919, -0.001611,
16.204628, 1.669336, 1.673364, 0.004028,
16.214850, 1.668530, 1.661279, -0.007251,
16.225179, 1.662085, 1.662085, 0.000000,
16.235282, 1.669336, 1.637915, -0.031421,
16.245627, 1.670142, 1.670142, 0.000000,
16.255813, 1.668530, 1.658057, -0.010474,
16.266082, 1.664502, 1.669336, 0.004834,
16.276185, 1.670947, 1.662085, -0.008862,
16.286544, 1.666113, 1.672559, 0.006445,
16.296724, 1.668530, 1.676587, 0.008057,
16.306933, 1.670947, 1.636304, -0.034644,
16.317302, 1.669336, 1.668530, -0.000806,
16.327622, 1.665308, 1.666113, 0.000806,
16.338033, 1.666919, 1.658862, -0.008057,
16.348390, 1.670142, 1.654834, -0.015308,
16.358849, 1.666919, 1.669336, 0.002417,
16.369020, 1.666113, 1.658862, -0.007251,
16.379286, 1.666919, 1.662085, -0.004834,
16.389714, 1.669336, 1.656445, -0.012891,
16.400184, 1.668530, 1.653223, -0.015308,
16.410621, 1.666919, 1.664502, -0.002417,
16.420955, 1.668530, 1.669336, 0.000806,
16.431056, 1.666113, 1.650806, -0.015308,
16.441392, 1.669336, 1.670142, 0.000806,
16.451500, 1.670142, 1.653223, -0.016919,
16.461955, 1.669336, 1.670142, 0.000806,
16.472062, 1.661279, 1.661279, 0.000000,
16.482274, 1.666919, 1.664502, -0.002417,
16.492709, 1.668530, 1.649194, -0.019336,
16.503061, 1.668530, 1.654028, -0.014502,
16.513540, 1.672559, 1.665308, -0.007251,
16.523845, 1.670142, 1.654834, -0.015308,
16.534288, 1.665308, 1.666919, 0.001611,
16.544498, 1.664502, 1.670142, 0.005640,
16.554630, 1.666919, 1.666113, -0.000806,
16.565063, 1.668530, 1.664502, -0.004028,
16.575396, 1.669336, 1.670142, 0.000806,
16.585626, 1.666113, 1.656445, -0.009668,
16.596061, 1.666919, 1.670947, 0.004028,
16.606260, 1.666919, 1.661279, -0.005640,
16.616629, 1.668530, 1.664502, -0.004028,
16.626949, 1.670142, 1.677393, 0.007251,
16.637252, 1.666919, 1.643555, -0.023364,
16.647624, 1.662891, 1.665308, 0.002417,
16.657839, 1.673364, 1.649194, -0.024170,
16.668199, 1.666919, 1.660474, -0.006445,
16.678508, 1.666919, 1.662891, -0.004028,
16.688950, 1.672559, 1.661279, -0.011279,
16.699392, 1.670142, 1.650000, -0.020142,
16.709870, 1.665308, 1.670947, 0.005640,
16.719949, 1.670947, 1.668530, -0.002417,
16.730245, 1.661279, 1.670947, 0.009668,
16.740502, 1.666919, 1.654834, -0.012085,
16.750844, 1.665308, 1.660474, -0.004834,
16.761279, 1.665308, 1.660474, -0.004834,
16.771623, 1.666113, 1.662891, -0.003223,
16.782065, 1.669336, 1.670142, 0.000806,
16.792278, 1.669336, 1.662891, -0.006445,
16.802623, 1.665308, 1.664502, -0.000806,
16.812953, 1.666919, 1.674976, 0.008057,
16.822960, 1.666919, 1.669336, 0.002417,
16.833181, 1.670947, 1.665308, -0.005640,
16.843647, 1.669336, 1.666113, -0.003223,
16.853971, 1.664502, 1.670947, 0.006445,
16.864179, 1.670142, 1.658862, -0.011279,
16.874507, 1.670142, 1.668530, -0.001611,
16.884950, 1.664502, 1.670142, 0.005640,
16.895151, 1.670142, 1.674976, 0.004834,
16.905181, 1.670947, 1.654834, -0.016113,
16.915503, 1.668530, 1.657251, -0.011279,
16.925849, 1.666919, 1.662085, -0.004834,
16.936279, 1.666113, 1.658057, -0.008057,
16.946627, 1.666113, 1.670947, 0.004834,
16.956843, 1.665308, 1.683838, 0.018530,
16.966956, 1.669336, 1.649194, -0.020142,
16.977399, 1.662085, 1.658862, -0.003223,
16.987851, 1.662085, 1.673364, 0.011279,
16.998068, 1.668530, 1.673364, 0.004834,
17.008274, 1.669336, 1.670142, 0.000806,
17.018394, 1.665308, 1.647583, -0.017725,
17.028737, 1.666919, 1.645166, -0.021753,
17.039284, 1.658862, 1.650806, -0.008057,
17.049629, 1.669336, 1.653223, -0.016113,
17.060064, 1.668530, 1.670947, 0.002417,
17.070194, 1.669336, 1.653223, -0.016113,
17.080500, 1.670142, 1.660474, -0.009668,
17.090849, 1.669336, 1.650806, -0.018530,
17.101282, 1.669336, 1.640332, -0.029004,
17.111746, 1.662891, 1.644360, -0.018530,
17.122071, 1.669336, 1.676587, 0.007251,
17.132279, 1.666919, 1.653223, -0.013696,
17.142745, 1.662891, 1.670947, 0.008057,
17.152849, 1.668530, 1.654834, -0.013696,
17.163285, 1.669336, 1.673364, 0.004028,
17.173408, 1.668530, 1.647583, -0.020947,
17.183847, 1.670142, 1.662085, -0.008057,
17.194286, 1.669336, 1.673364, 0.004028,
17.204395, 1.668530, 1.660474, -0.008057,
17.214729, 1.670142, 1.665308, -0.004834,
17.225073, 1.666113, 1.670142, 0.004028,
17.235296, 1.665308, 1.652417, -0.012891,
17.245740, 1.665308, 1.695923, 0.030615,
17.255935, 1.666919, 1.669336, 0.002417,
17.265972, 1.664502, 1.668530, 0.004028,
17.276074, 1.666919, 1.672559, 0.005640,
17.286297, 1.666113, 1.660474, -0.005640,
17.296733, 1.660474, 1.665308, 0.004834,
17.306923, 1.670142, 1.658862, -0.011279,
17.317201, 1.669336, 1.648389, -0.020947,
17.327502, 1.666113, 1.670142, 0.004028,
17.337880, 1.666113, 1.670142, 0.004028,
17.347961, 1.664502, 1.654834, -0.009668,
17.358401, 1.669336, 1.661279, -0.008057,
17.368806, 1.670947, 1.640332, -0.030615,
17.379065, 1.670947, 1.668530, -0.002417,
17.389399, 1.669336, 1.649194, -0.020142,
17.399840, 1.669336, 1.662891, -0.006445,
17.410287, 1.665308, 1.662085, -0.003223,
17.420627, 1.666919, 1.645166, -0.021753,
17.427974, 1.666919, 1.662085, -0.004834,
17.433734, 1.668530, 1.670142, 0.001611,
17.443946, 1.662085, 1.648389, -0.013696,
17.454286, 1.666919, 1.662891, -0.004028,
17.464623, 1.666113, 1.676587, 0.010474,
17.474724, 1.665308, 1.658057, -0.007251,
17.485189, 1.665308, 1.662085, -0.003223,
17.495608, 1.662085, 1.674976, 0.012891,
17.505831, 1.665308, 1.658862, -0.006445,
17.516185, 1.668530, 1.658862, -0.009668,
17.526515, 1.670142, 1.633887, -0.036255,
17.537037, 1.670142, 1.668530, -0.001611,
17.547294, 1.670142, 1.658862, -0.011279,
17.557732, 1.670142, 1.666113, -0.004028,
17.568121, 1.670142, 1.664502, -0.005640,
17.578406, 1.670142, 1.676587, 0.006445,
17.588502, 1.661279, 1.661279, 0.000000,
17.598633, 1.666919, 1.681421, 0.014502,
17.608848, 1.666113, 1.657251, -0.008862,
17.619183, 1.670947, 1.666919, -0.004028,
17.629508, 1.666113, 1.661279, -0.004834,
17.639950, 1.664502, 1.681421, 0.016919,
17.650065, 1.666919, 1.657251, -0.009668,
17.660511, 1.668530, 1.670142, 0.001611,
17.670653, 1.668530, 1.636304, -0.032227,
17.681046, 1.666919, 1.670142, 0.003223,
17.691071, 1.666919, 1.666113, -0.000806,
17.701414, 1.662085, 1.648389, -0.013696,
17.711854, 1.665308, 1.672559, 0.007251,
17.721966, 1.665308, 1.665308, 0.000000,
17.732067, 1.669336, 1.656445, -0.012891,
17.742509, 1.668530, 1.662085, -0.006445,
17.752853, 1.670142, 1.666113, -0.004028,
17.763289, 1.670142, 1.673364, 0.003223,
17.773492, 1.666113, 1.657251, -0.008862,
17.783960, 1.669336, 1.662085, -0.007251,
17.794397, 1.668530, 1.670142, 0.001611,
17.804504, 1.666919, 1.664502, -0.002417,
17.814858, 1.668530, 1.657251, -0.011279,
17.825201, 1.672559, 1.670142, -0.002417,
17.835630, 1.662085, 1.662891, 0.000806,
17.845859, 1.668530, 1.682227, 0.013696,
17.856034, 1.666113, 1.666113, 0.000000,
17.866071, 1.666919, 1.664502, -0.002417,
17.876403, 1.670142, 1.666919, -0.003223,
17.886844, 1.665308, 1.653223, -0.012085,
17.897279, 1.670142, 1.664502, -0.005640,
17.907739, 1.670947, 1.660474, -0.010474,
17.918072, 1.669336, 1.668530, -0.000806,
17.928305, 1.662085, 1.670142, 0.008057,
17.938616, 1.668530, 1.661279, -0.007251,
17.948941, 1.670142, 1.662085, -0.008057,
17.959292, 1.670947, 1.669336, -0.001611,
17.969660, 1.670142, 1.649194, -0.020947,
17.979955, 1.666919, 1.662085, -0.004834,
17.990293, 1.668530, 1.666113, -0.002417,
18.000634, 1.666919, 1.670142, 0.003223,
18.010846, 1.662085, 1.672559, 0.010474,
18.020983, 1.664502, 1.683838, 0.019336,
18.031183, 1.662085, 1.673364, 0.011279,
18.041409, 1.666113, 1.654834, -0.011279,
18.051734, 1.670142, 1.666113, -0.004028,
18.062183, 1.664502, 1.662085, -0.002417,
18.072506, 1.673364, 1.664502, -0.008862,
18.082955, 1.666113, 1.670142, 0.004028,
18.093150, 1.666919, 1.672559, 0.005640,
18.103189, 1.670947, 1.666919, -0.004028,
18.113506, 1.669336, 1.677393, 0.008057,
18.123633, 1.670142, 1.687060, 0.016919,
18.133859, 1.670142, 1.669336, -0.000806,
18.144291, 1.665308, 1.665308, 0.000000,
18.154406, 1.669336, 1.662085, -0.007251,
18.164754, 1.669336, 1.673364, 0.004028,
18.174855, 1.670142, 1.674976, 0.004834,
18.185070, 1.669336, 1.654834, -0.014502,
18.195514, 1.670142, 1.670947, 0.000806,
18.205715, 1.670142, 1.669336, -0.000806,
18.216067, 1.670142, 1.673364, 0.003223,
18.226188, 1.670142, 1.658862, -0.011279,
18.236702, 1.662891, 1.641138, -0.021753,
18.247074, 1.669336, 1.650806, -0.018530,
18.257502, 1.670142, 1.656445, -0.013696,
18.267893, 1.669336, 1.666919, -0.002417,
18.278193, 1.669336, 1.672559, 0.003223,
18.288410, 1.670142, 1.641943, -0.028198,
18.298847, 1.668530, 1.654834, -0.013696,
18.309289, 1.669336, 1.660474, -0.008862,
18.319630, 1.673364, 1.641138, -0.032227,
18.329952, 1.668530, 1.662085, -0.006445,
18.340508, 1.670142, 1.661279, -0.008862,
18.350651, 1.668530, 1.657251, -0.011279,
18.361070, 1.670142, 1.674976, 0.004834,
18.371195, 1.670142, 1.645972, -0.024170,
18.381629, 1.669336, 1.670142, 0.000806,
18.391818, 1.666113, 1.652417, -0.013696,
18.402194, 1.664502, 1.670947, 0.006445,
18.412413, 1.672559, 1.662891, -0.009668,
18.422739, 1.669336, 1.670142, 0.000806,
18.432953, 1.666113, 1.640332, -0.025781,
18.443286, 1.670947, 1.662085, -0.008862,
18.453641, 1.669336, 1.657251, -0.012085,
18.464055, 1.669336, 1.662085, -0.007251,
18.474414, 1.670947, 1.664502, -0.006445,
18.484950, 1.668530, 1.649194, -0.019336,
18.495404, 1.665308, 1.650000, -0.015308,
18.505822, 1.664502, 1.664502, 0.000000,
18.515855, 1.668530, 1.662891, -0.005640,
18.526185, 1.668530, 1.672559, 0.004028,
18.536394, 1.669336, 1.660474, -0.008862,
18.546793, 1.666113, 1.669336, 0.003223,
18.556938, 1.669336, 1.668530, -0.000806,
18.567178, 1.668530, 1.647583, -0.020947,
18.577508, 1.669336, 1.662891, -0.006445,
18.587861, 1.665308, 1.666113, 0.000806,
18.598077, 1.662085, 1.662085, 0.000000,
18.608287, 1.669336, 1.669336, 0.000000,
18.618403, 1.668530, 1.662085, -0.006445,
18.628742, 1.670947, 1.674976, 0.004028,
18.639045, 1.668530, 1.674976, 0.006445,
18.649076, 1.670142, 1.665308, -0.004834,
18.659496, 1.666919, 1.661279, -0.005640,
18.669893, 1.669336, 1.661279, -0.008057,
18.680188, 1.670947, 1.668530, -0.002417,
18.690509, 1.668530, 1.666113, -0.002417,
18.700904, 1.662891, 1.639526, -0.023364,
18.711288, 1.670142, 1.668530, -0.001611,
18.721633, 1.668530, 1.661279, -0.007251,
18.732071, 1.665308, 1.662891, -0.002417,
18.742550, 1.668530, 1.641943, -0.026587,
18.752855, 1.669336, 1.652417, -0.016919,
18.763282, 1.666919, 1.665308, -0.001611,
18.773639, 1.664502, 1.664502, 0.000000,
18.783740, 1.666919, 1.669336, 0.002417,
18.793981, 1.669336, 1.670142, 0.000806,
18.804073, 1.662891, 1.670142, 0.007251,
18.814183, 1.668530, 1.673364, 0.004834,
18.824291, 1.668530, 1.681421, 0.012891,
18.834502, 1.669336, 1.672559, 0.003223,
18.844743, 1.668530, 1.666113, -0.002417,
18.855071, 1.669336, 1.662085, -0.007251,
18.865405, 1.666919, 1.662891, -0.004028,
18.875754, 1.668530, 1.668530, 0.000000,
18.885959, 1.670142, 1.678198, 0.008057,
18.896073, 1.666113, 1.666113, 0.000000,
18.906268, 1.665308, 1.679004, 0.013696,
18.916404, 1.668530, 1.654028, -0.014502,
18.926748, 1.669336, 1.666113, -0.003223,
18.937262, 1.668530, 1.654834, -0.013696,
18.947642, 1.665308, 1.672559, 0.007251,
18.957848, 1.666113, 1.666113, 0.000000,
18.967908, 1.668530, 1.658057, -0.010474,
18.978188, 1.668530, 1.654028, -0.014502,
18.988525, 1.666919, 1.645972, -0.020947,
18.998967, 1.669336, 1.656445, -0.012891,
19.009408, 1.666919, 1.666919, 0.000000,
19.019403, 1.668530, 1.653223, -0.015308,
19.029744, 1.670947, 1.666113, -0.004834,
19.040291, 1.668530, 1.666113, -0.002417,
19.050638, 1.669336, 1.654028, -0.015308,
19.061084, 1.670142, 1.668530, -0.001611,
19.071506, 1.661279, 1.658057, -0.003223,
19.081939, 1.666919, 1.664502, -0.002417,
19.092280, 1.666113, 1.660474, -0.005640,
19.102640, 1.670947, 1.662085, -0.008862,
19.113078, 1.670142, 1.681421, 0.011279,
19.123191, 1.670947, 1.650000, -0.020947,
19.133639, 1.669336, 1.654028, -0.015308,
19.144074, 1.658862, 1.677393, 0.018530,
19.154192, 1.666919, 1.664502, -0.002417,
19.164510, 1.670142, 1.670142, 0.000000,
19.174539, 1.668530, 1.658862, -0.009668,
19.184954, 1.670142, 1.654834, -0.015308,
19.195389, 1.669336, 1.670142, 0.000806,
19.205512, 1.666919, 1.656445, -0.010474,
19.215856, 1.666113, 1.673364, 0.007251,
19.225986, 1.664502, 1.662085, -0.002417,
19.236411, 1.673364, 1.649194, -0.024170,
19.246733, 1.670142, 1.669336, -0.000806,
19.257178, 1.670142, 1.677393, 0.007251,
19.267290, 1.662085, 1.650000, -0.012085,
19.277635, 1.669336, 1.670142, 0.000806,
19.287857, 1.666919, 1.679004, 0.012085,
19.298075, 1.665308, 1.679810, 0.014502,
19.308314, 1.670142, 1.658057, -0.012085,
19.318636, 1.670142, 1.650000, -0.020142,
19.328953, 1.666919, 1.682227, 0.015308,
19.339286, 1.668530, 1.645972, -0.022559,
19.349650, 1.662085, 1.662085, 0.000000,
19.359842, 1.662085, 1.669336, 0.007251,
19.370013, 1.666113, 1.672559, 0.006445,
19.380079, 1.669336, 1.673364, 0.004028,
19.390186, 1.662085, 1.665308, 0.003223,
19.400311, 1.665308, 1.657251, -0.008057,
19.410745, 1.668530, 1.677393, 0.008862,
19.420854, 1.665308, 1.670142, 0.004834,
19.431074, 1.665308, 1.674170, 0.008862,
19.441270, 1.666919, 1.669336, 0.002417,
19.444009, 1.670142, 1.666919, -0.003223,
19.453080, 1.664502, 1.657251, -0.007251,
19.463542, 1.668530, 1.658862, -0.009668,
19.473877, 1.670142, 1.674170, 0.004028,
19.484081, 1.666919, 1.669336, 0.002417,
19.494293, 1.665308, 1.668530, 0.003223,
19.504406, 1.665308, 1.673364, 0.008057,
19.514514, 1.666113, 1.640332, -0.025781,
19.524852, 1.668530, 1.670142, 0.001611,
19.535074, 1.670947, 1.640332, -0.030615,
19.545404, 1.669336, 1.666113, -0.003223,
19.555817, 1.662891, 1.661279, -0.001611,
19.566072, 1.666919, 1.664502, -0.002417,
19.576409, 1.666113, 1.665308, -0.000806,
19.586856, 1.668530, 1.657251, -0.011279,
19.597340, 1.664502, 1.662085, -0.002417,
19.607749, 1.665308, 1.670142, 0.004834,
19.617858, 1.665308, 1.664502, -0.000806,
19.627511, 1.668530, 1.666113, -0.002417,
19.637933, 1.666919, 1.670947, 0.004028,
19.647956, 1.666919, 1.670142, 0.003223,
19.658077, 1.664502, 1.662891, -0.001611,
19.668433, 1.668530, 1.650000, -0.018530,
19.678743, 1.660474, 1.649194, -0.011279,
19.689198, 1.670142, 1.666919, -0.003223,
19.699630, 1.668530, 1.650000, -0.018530,
19.710081, 1.662085, 1.676587, 0.014502,
19.720195, 1.662085, 1.677393, 0.015308,
19.730294, 1.669336, 1.652417, -0.016919,
19.740753, 1.668530, 1.658862, -0.009668,
19.751078, 1.668530, 1.643555, -0.024976,
19.761514, 1.668530, 1.670947, 0.002417,
19.771641, 1.670142, 1.670142, 0.000000,
19.781750, 1.670142, 1.677393, 0.007251,
19.791949, 1.664502, 1.666919, 0.002417,
19.802075, 1.668530, 1.662085, -0.006445,
19.812502, 1.660474, 1.681421, 0.020947,
19.822649, 1.666113, 1.656445, -0.009668,
19.833071, 1.668530, 1.662085, -0.006445,
19.843411, 1.669336, 1.647583, -0.021753,
19.853744, 1.658862, 1.665308, 0.006445,
19.863967, 1.669336, 1.674170, 0.004834,
19.874109, 1.666919, 1.669336, 0.002417,
19.884288, 1.666919, 1.666919, 0.000000,
19.894405, 1.669336, 1.669336, 0.000000,
19.903815, 1.670142, 1.670142, 0.000000,
19.913966, 1.669336, 1.658057, -0.011279,
19.924215, 1.666919, 1.673364, 0.006445,
19.934413, 1.670947, 1.658057, -0.012891,
19.944740, 1.670142, 1.662085, -0.008057,
19.955082, 1.662891, 1.665308, 0.002417,
19.965201, 1.669336, 1.665308, -0.004028,
19.975515, 1.666113, 1.649194, -0.016919,
19.985959, 1.666919, 1.647583, -0.019336,
19.996407, 1.668530, 1.650806, -0.017725,
20.006854, 1.665308, 1.652417, -0.012891,
20.017199, 1.665308, 1.673364, 0.008057,
20.027291, 1.668530, 1.666919, -0.001611,
20.037718, 1.668530, 1.670142, 0.001611,
20.047879, 1.664502, 1.682227, 0.017725,
20.058162, 1.669336, 1.649194, -0.020142,
20.068442, 1.666919, 1.653223, -0.013696,
20.078741, 1.666113, 1.662891, -0.003223,
20.088908, 1.666919, 1.670142, 0.003223,
20.099073, 1.666919, 1.654028, -0.012891,
20.109514, 1.666113, 1.662891, -0.003223,
20.119928, 1.672559, 1.664502, -0.008057,
20.130188, 1.668530, 1.662085, -0.006445,
20.140630, 1.666113, 1.668530, 0.002417,
20.150747, 1.670947, 1.664502, -0.006445,
20.161192, 1.670142, 1.681421, 0.011279,
20.171295, 1.665308, 1.654028, -0.011279,
20.181728, 1.668530, 1.647583, -0.020947,
20.192201, 1.666919, 1.662085, -0.004834,
20.202519, 1.669336, 1.637109, -0.032227,
20.212922, 1.668530, 1.652417, -0.016113,
20.223197, 1.662085, 1.668530, 0.006445,
20.233415, 1.666113, 1.649194, -0.016919,
20.243867, 1.664502, 1.673364, 0.008862,
20.253958, 1.666113, 1.670142, 0.004028,
20.264082, 1.666919, 1.653223, -0.013696,
20.274410, 1.672559, 1.664502, -0.008057,
20.284860, 1.662085, 1.662085, 0.000000,
20.295072, 1.662891, 1.670947, 0.008057,
20.305198, 1.666113, 1.670947, 0.004834,
20.315321, 1.662085, 1.660474, -0.001611,
20.325640, 1.666113, 1.664502, -0.001611,
20.336079, 1.669336, 1.662085, -0.007251,
20.346404, 1.666919, 1.672559, 0.005640,
20.356636, 1.670142, 1.657251, -0.012891,
20.366973, 1.668530, 1.650806, -0.017725,
20.377298, 1.666113, 1.666919, 0.000806,
20.387510, 1.666113, 1.665308, -0.000806,
20.397973, 1.668530, 1.665308, -0.003223,
20.408410, 1.669336, 1.654834, -0.014502,
20.418756, 1.668530, 1.656445, -0.012085,
20.429083, 1.666919, 1.662085, -0.004834,
20.439515, 1.665308, 1.665308, 0.000000,
20.449525, 1.662085, 1.664502, 0.002417,
20.459744, 1.666113, 1.670947, 0.004834,
20.469899, 1.670142, 1.665308, -0.004834,
20.480198, 1.670142, 1.670142, 0.000000,
20.485034, 1.669336, 1.660474, -0.008862,
20.495406, 1.669336, 1.668530, -0.000806,
20.505825, 1.669336, 1.670947, 0.001611,
20.515964, 1.665308, 1.664502, -0.000806,
20.526295, 1.665308, 1.662891, -0.002417,
20.536716, 1.668530, 1.653223, -0.015308,
20.547076, 1.666919, 1.673364, 0.006445,
20.557298, 1.665308, 1.661279, -0.004028,
20.567680, 1.670142, 1.658057, -0.012085,
20.577997, 1.665308, 1.668530, 0.003223,
20.588212, 1.661279, 1.658057, -0.003223,
20.598635, 1.670142, 1.665308, -0.004834,
20.609083, 1.666919, 1.662085, -0.004834,
20.619411, 1.662891, 1.673364, 0.010474,
20.629520, 1.662891, 1.676587, 0.013696,
20.639760, 1.668530, 1.653223, -0.015308,
20.650080, 1.670142, 1.652417, -0.017725,
20.660449, 1.669336, 1.660474, -0.008862,
20.670798, 1.664502, 1.662891, -0.001611,
20.681193, 1.668530, 1.658057, -0.010474,
20.691519, 1.666113, 1.656445, -0.009668,
20.701864, 1.670142, 1.653223, -0.016919,
20.712361, 1.670947, 1.670947, 0.000000,
20.722421, 1.666919, 1.665308, -0.001611,
20.732857, 1.666113, 1.652417, -0.013696,
20.743302, 1.669336, 1.666919, -0.002417,
20.753640, 1.666113, 1.639526, -0.026587,
20.764023, 1.668530, 1.665308, -0.003223,
20.774317, 1.664502, 1.666113, 0.001611,
20.784515, 1.664502, 1.652417, -0.012085,
20.794972, 1.666919, 1.677393, 0.010474,
20.805087, 1.666113, 1.682227, 0.016113,
20.815192, 1.662891, 1.673364, 0.010474,
20.825302, 1.664502, 1.662085, -0.002417,
20.835743, 1.665308, 1.641138, -0.024170,
20.846192, 1.666113, 1.670947, 0.004834,
20.856409, 1.673364, 1.654834, -0.018530,
20.866746, 1.666113, 1.664502, -0.001611,
20.877086, 1.669336, 1.668530, -0.000806,
20.887479, 1.670947, 1.658057, -0.012891,
20.897859, 1.662085, 1.666113, 0.004028,
20.908076, 1.669336, 1.683838, 0.014502,
20.918201, 1.666919, 1.664502, -0.002417,
20.928516, 1.666919, 1.670142, 0.003223,
20.938849, 1.668530, 1.666113, -0.002417,
20.949198, 1.670142, 1.650000, -0.020142,
20.959606, 1.668530, 1.673364, 0.004834,
20.969681, 1.665308, 1.662085, -0.003223,
20.979964, 1.668530, 1.662891, -0.005640,
20.990299, 1.669336, 1.664502, -0.004834,
21.000752, 1.669336, 1.657251, -0.012085,
21.011195, 1.670142, 1.666113, -0.004028,
21.021517, 1.664502, 1.658057, -0.006445,
21.031867, 1.669336, 1.670142, 0.000806,
21.042078, 1.665308, 1.673364, 0.008057,
21.052196, 1.669336, 1.644360, -0.024976,
21.062647, 1.669336, 1.669336, 0.000000,
21.072754, 1.666919, 1.662085, -0.004834,
21.083202, 1.664502, 1.662085, -0.002417,
21.093641, 1.669336, 1.670142, 0.000806,
21.103778, 1.665308, 1.670142, 0.004834,
21.113966, 1.670142, 1.658862, -0.011279,
21.124307, 1.668530, 1.658057, -0.010474,
21.134755, 1.662085, 1.654834, -0.007251,
21.145196, 1.664502, 1.664502, 0.000000,
21.155201, 1.665308, 1.658862, -0.006445,
21.165527, 1.668530, 1.654028, -0.014502,
21.175871, 1.662891, 1.662085, -0.000806,
21.186306, 1.668530, 1.658862, -0.009668,
21.196752, 1.672559, 1.658862, -0.013696,
21.207197, 1.658862, 1.662085, 0.003223,
21.217308, 1.664502, 1.656445, -0.008057,
21.227649, 1.666919, 1.670947, 0.004028,
21.237965, 1.662085, 1.660474, -0.001611,
21.248193, 1.668530, 1.643555, -0.024976,
21.258643, 1.669336, 1.661279, -0.008057,
21.269021, 1.670142, 1.658057, -0.012085,
21.279308, 1.668530, 1.676587, 0.008057,
21.289514, 1.670142, 1.676587, 0.006445,
21.299765, 1.666113, 1.653223, -0.012891,
21.310201, 1.668530, 1.662891, -0.005640,
21.320512, 1.670142, 1.662085, -0.008057,
21.330952, 1.664502, 1.662085, -0.002417,
21.341418, 1.662891, 1.676587, 0.013696,
21.351508, 1.666919, 1.652417, -0.014502,
21.361867, 1.665308, 1.682227, 0.016919,
21.371970, 1.665308, 1.658862, -0.006445,
21.382411, 1.670142, 1.657251, -0.012891,
21.392870, 1.666113, 1.660474, -0.005640,
21.403204, 1.664502, 1.662891, -0.001611,
21.413618, 1.670142, 1.669336, -0.000806,
21.423870, 1.665308, 1.665308, 0.000000,
21.434078, 1.669336, 1.669336, 0.000000,
21.444204, 1.666919, 1.664502, -0.002417,
21.451822, 1.670142, 1.661279, -0.008862,
21.462205, 1.670142, 1.677393, 0.007251,
21.472303, 1.670142, 1.670142, 0.000000,
21.482418, 1.669336, 1.658862, -0.010474,
21.492875, 1.666113, 1.661279, -0.004834,
21.503198, 1.665308, 1.653223, -0.012085,
21.513636, 1.662891, 1.654028, -0.008862,
21.523974, 1.665308, 1.658862, -0.006445,
21.534309, 1.668530, 1.658057, -0.010474,
21.544753, 1.670142, 1.672559, 0.002417,
21.554870, 1.670142, 1.662891, -0.007251,
21.565312, 1.668530, 1.650000, -0.018530,
21.575644, 1.666919, 1.670142, 0.003223,
21.585869, 1.664502, 1.653223, -0.011279,
21.596300, 1.666113, 1.668530, 0.002417,
21.606487, 1.672559, 1.665308, -0.007251,
21.616748, 1.670142, 1.661279, -0.008862,
21.627110, 1.673364, 1.674976, 0.001611,
21.637415, 1.669336, 1.665308, -0.004028,
21.647753, 1.669336, 1.662891, -0.006445,
21.658200, 1.662085, 1.666919, 0.004834,
21.668360, 1.669336, 1.664502, -0.004834,
21.678664, 1.662085, 1.670142, 0.008057,
21.688806, 1.665308, 1.666919, 0.001611,
21.698968, 1.666113, 1.665308, -0.000806,
21.709418, 1.666919, 1.662085, -0.004834,
21.719760, 1.670142, 1.666919, -0.003223,
21.730087, 1.664502, 1.658057, -0.006445,
21.740523, 1.668530, 1.660474, -0.008057,
21.750872, 1.666113, 1.662085, -0.004028,
21.761312, 1.672559, 1.669336, -0.003223,
21.771657, 1.661279, 1.664502, 0.003223,
21.781865, 1.662891, 1.660474, -0.002417,
21.792290, 1.670947, 1.662085, -0.008862,
21.802650, 1.670142, 1.654834, -0.015308,
21.813091, 1.670142, 1.665308, -0.004834,
21.823428, 1.666113, 1.662085, -0.004028,
21.833866, 1.664502, 1.665308, 0.000806,
21.844088, 1.665308, 1.664502, -0.000806,
21.854423, 1.669336, 1.670142, 0.000806,
21.864531, 1.672559, 1.670947, -0.001611,
21.874870, 1.666113, 1.658862, -0.007251,
21.885309, 1.669336, 1.650806, -0.018530,
21.895755, 1.666919, 1.678198, 0.011279,
21.905961, 1.670142, 1.672559, 0.002417,
21.915973, 1.670142, 1.666919, -0.003223,
21.926204, 1.670142, 1.668530, -0.001611,
21.936728, 1.670947, 1.669336, -0.001611,
21.947099, 1.670142, 1.670947, 0.000806,
21.957304, 1.670947, 1.662085, -0.008862,
21.967681, 1.662085, 1.669336, 0.007251,
21.977757, 1.668530, 1.664502, -0.004028,
21.988203, 1.665308, 1.665308, 0.000000,
21.998416, 1.669336, 1.664502, -0.004834,
22.008871, 1.670142, 1.669336, -0.000806,
22.019219, 1.666919, 1.658057, -0.008862,
22.029525, 1.669336, 1.640332, -0.029004,
22.039946, 1.669336, 1.670142, 0.000806,
22.049972, 1.669336, 1.657251, -0.012085,
22.060427, 1.662085, 1.666919, 0.004834,
22.070615, 1.666919, 1.633887, -0.033032,
22.081044, 1.665308, 1.654834, -0.010474,
22.091415, 1.668530, 1.656445, -0.012085,
22.101748, 1.662085, 1.662891, 0.000806,
22.111972, 1.666919, 1.670142, 0.003223,
22.122023, 1.669336, 1.677393, 0.008057,
22.132196, 1.670142, 1.664502, -0.005640,
22.142637, 1.670142, 1.670142, 0.000000,
22.152646, 1.664502, 1.660474, -0.004028,
22.162973, 1.666113, 1.668530, 0.002417,
22.173087, 1.666919, 1.685449, 0.018530,
22.183300, 1.666919, 1.656445, -0.010474,
22.193766, 1.670947, 1.673364, 0.002417,
22.203877, 1.668530, 1.660474, -0.008057,
22.214307, 1.666919, 1.660474, -0.006445,
22.224654, 1.664502, 1.661279, -0.003223,
22.235057, 1.669336, 1.662085, -0.007251,
22.245423, 1.670142, 1.668530, -0.001611,
22.255835, 1.664502, 1.639526, -0.024976,
22.266201, 1.670142, 1.658862, -0.011279,
22.276521, 1.670947, 1.665308, -0.005640,
22.286974, 1.669336, 1.662891, -0.006445,
22.297300, 1.669336, 1.662085, -0.007251,
22.307756, 1.666919, 1.666919, 0.000000,
22.317865, 1.665308, 1.656445, -0.008862,
22.328200, 1.669336, 1.664502, -0.004834,
22.338717, 1.668530, 1.652417, -0.016113,
22.349086, 1.666113, 1.669336, 0.003223,
22.359292, 1.670142, 1.662085, -0.008057,
22.369569, 1.670947, 1.658862, -0.012085,
22.379872, 1.665308, 1.668530, 0.003223,
22.390093, 1.665308, 1.666113, 0.000806,
22.400304, 1.668530, 1.658057, -0.010474,
22.410760, 1.666919, 1.670142, 0.003223,
22.420871, 1.664502, 1.666919, 0.002417,
22.431064, 1.666113, 1.669336, 0.003223,
22.441210, 1.670947, 1.670142, -0.000806,
22.451539, 1.666919, 1.658862, -0.008057,
22.461969, 1.670142, 1.670142, 0.000000,
22.471977, 1.666113, 1.658862, -0.007251,
22.482417, 1.674170, 1.662891, -0.011279,
22.492876, 1.664502, 1.665308, 0.000806,
22.502980, 1.670142, 1.665308, -0.004834,
22.513308, 1.665308, 1.670947, 0.005640,
22.523423, 1.669336, 1.649194, -0.020142,
22.533875, 1.666113, 1.670142, 0.004028,
22.544103, 1.670142, 1.670947, 0.000806,
22.554221, 1.666919, 1.670142, 0.003223,
22.564420, 1.665308, 1.677393, 0.012085,
22.574536, 1.670142, 1.658057, -0.012085,
22.584966, 1.666113, 1.664502, -0.001611,
22.595308, 1.668530, 1.658862, -0.009668,
22.605732, 1.669336, 1.662085, -0.007251,
22.616090, 1.662891, 1.635498, -0.027393,
22.626419, 1.664502, 1.654028, -0.010474,
22.636838, 1.668530, 1.661279, -0.007251,
22.647197, 1.669336, 1.668530, -0.000806,
22.657623, 1.668530, 1.652417, -0.016113,
22.668015, 1.666919, 1.666919, 0.000000,
22.678160, 1.666919, 1.665308, -0.001611,
22.688542, 1.666113, 1.670142, 0.004028,
22.698757, 1.664502, 1.658862, -0.005640,
22.709211, 1.666919, 1.674170, 0.007251,
22.719310, 1.662085, 1.658057, -0.004028,
22.729650, 1.668530, 1.672559, 0.004028,
22.739904, 1.668530, 1.662085, -0.006445,
22.750198, 1.662891, 1.664502, 0.001611,
22.760424, 1.668530, 1.654834, -0.013696,
22.770860, 1.662891, 1.640332, -0.022559,
22.781285, 1.670142, 1.653223, -0.016919,
22.791548, 1.662085, 1.650806, -0.011279,
22.801870, 1.668530, 1.654834, -0.013696,
22.812303, 1.670142, 1.666113, -0.004028,
22.822656, 1.666919, 1.676587, 0.009668,
22.832876, 1.668530, 1.661279, -0.007251,
22.843308, 1.666919, 1.658862, -0.008057,
22.853653, 1.665308, 1.665308, 0.000000,
22.863759, 1.668530, 1.657251, -0.011279,
22.874191, 1.668530, 1.668530, 0.000000,
22.884319, 1.669336, 1.658057, -0.011279,
22.894774, 1.665308, 1.673364, 0.008057,
22.904870, 1.664502, 1.657251, -0.007251,
22.915303, 1.669336, 1.664502, -0.004834,
22.925652, 1.670142, 1.648389, -0.021753,
22.936114, 1.668530, 1.662891, -0.005640,
22.946427, 1.670142, 1.668530, -0.001611,
22.956868, 1.665308, 1.670947, 0.005640,
22.966978, 1.662085, 1.658057, -0.004028,
22.977298, 1.664502, 1.676587, 0.012085,
22.987458, 1.670142, 1.654834, -0.015308,
22.997872, 1.669336, 1.670947, 0.001611,
23.008089, 1.666919, 1.665308, -0.001611,
23.018424, 1.670142, 1.662085, -0.008057,
23.028758, 1.669336, 1.662891, -0.006445,
23.039294, 1.668530, 1.672559, 0.004028,
23.049419, 1.670142, 1.662085, -0.008057,
23.059758, 1.670142, 1.674170, 0.004028,
23.069948, 1.669336, 1.662085, -0.007251,
23.080207, 1.665308, 1.677393, 0.012085,
23.090316, 1.664502, 1.664502, 0.000000,
23.100422, 1.665308, 1.662085, -0.003223,
23.110868, 1.670142, 1.670142, 0.000000,
23.120872, 1.666113, 1.664502, -0.001611,
23.131289, 1.669336, 1.664502, -0.004834,
23.141757, 1.669336, 1.674170, 0.004834,
23.151877, 1.662085, 1.636304, -0.025781,
23.162306, 1.662085, 1.665308, 0.003223,
23.172424, 1.662891, 1.661279, -0.001611,
23.182874, 1.668530, 1.660474, -0.008057,
23.193320, 1.666919, 1.670142, 0.003223,
23.203419, 1.666919, 1.658057, -0.008862,
23.213763, 1.670142, 1.641138, -0.029004,
23.224092, 1.670142, 1.661279, -0.008862,
23.234424, 1.666919, 1.674170, 0.007251,
23.244536, 1.666113, 1.665308, -0.000806,
23.254878, 1.670947, 1.665308, -0.005640,
23.263682, 1.664502, 1.668530, 0.004028,
23.273771, 1.665308, 1.676587, 0.011279,
23.283970, 1.666113, 1.645166, -0.020947,
23.294420, 1.668530, 1.664502, -0.004028,
23.304753, 1.669336, 1.668530, -0.000806,
23.315092, 1.670142, 1.677393, 0.007251,
23.325204, 1.658862, 1.673364, 0.014502,
23.335424, 1.662891, 1.657251, -0.005640,
23.345879, 1.666919, 1.668530, 0.001611,
23.356065, 1.668530, 1.677393, 0.008862,
23.366095, 1.668530, 1.662085, -0.006445,
23.376424, 1.673364, 1.658862, -0.014502,
23.386871, 1.665308, 1.658862, -0.006445,
23.397334, 1.668530, 1.664502, -0.004028,
23.407760, 1.666113, 1.637109, -0.029004,
23.418097, 1.668530, 1.658862, -0.009668,
23.428429, 1.669336, 1.674170, 0.004834,
23.438640, 1.666113, 1.653223, -0.012891,
23.448975, 1.662891, 1.670142, 0.007251,
23.459104, 1.666113, 1.654834, -0.011279,
23.466527, 1.669336, 1.670947, 0.001611,
23.476661, 1.668530, 1.662085, -0.006445,
23.487095, 1.666113, 1.654028, -0.012085,
23.497528, 1.666919, 1.673364, 0.006445,
23.507759, 1.666919, 1.658862, -0.008057,
23.518101, 1.669336, 1.665308, -0.004028,
23.528434, 1.666919, 1.674170, 0.007251,
23.538646, 1.662891, 1.660474, -0.002417,
23.548979, 1.666919, 1.664502, -0.002417,
23.559425, 1.670947, 1.679810, 0.008862,
23.569546, 1.666919, 1.662891, -0.004028,
23.579881, 1.666919, 1.641138, -0.025781,
23.590320, 1.662085, 1.664502, 0.002417,
23.600522, 1.666113, 1.645972, -0.020142,
23.610973, 1.666919, 1.665308, -0.001611,
23.621213, 1.670947, 1.662891, -0.008057,
23.631650, 1.665308, 1.660474, -0.004834,
23.642091, 1.665308, 1.669336, 0.004028,
23.652209, 1.662085, 1.662891, 0.000806,
23.662424, 1.668530, 1.677393, 0.008862,
23.672529, 1.669336, 1.666113, -0.003223,
23.682982, 1.666113, 1.654834, -0.011279,
23.693424, 1.670142, 1.653223, -0.016919,
23.703762, 1.668530, 1.645972, -0.022559,
23.714204, 1.669336, 1.658862, -0.010474,
23.724539, 1.664502, 1.658057, -0.006445,
23.734979, 1.666113, 1.653223, -0.012891,
23.745426, 1.666113, 1.670142, 0.004028,
23.755527, 1.664502, 1.652417, -0.012085,
23.765879, 1.665308, 1.662085, -0.003223,
23.776210, 1.666919, 1.658862, -0.008057,
23.786658, 1.670142, 1.662085, -0.008057,
23.797092, 1.669336, 1.665308, -0.004028,
23.807528, 1.668530, 1.662085, -0.006445,
23.817877, 1.666113, 1.662891, -0.003223,
23.828207, 1.672559, 1.662085, -0.010474,
23.838656, 1.662085, 1.654028, -0.008057,
23.848980, 1.661279, 1.662085, 0.000806,
23.859123, 1.662085, 1.657251, -0.004834,
23.869457, 1.666919, 1.677393, 0.010474,
23.879529, 1.668530, 1.666919, -0.001611,
23.889881, 1.665308, 1.664502, -0.000806,
23.900317, 1.668530, 1.661279, -0.007251,
23.910770, 1.668530, 1.672559, 0.004028,
23.920900, 1.668530, 1.677393, 0.008862,
23.931076, 1.669336, 1.668530, -0.000806,
23.941432, 1.670142, 1.669336, -0.000806,
23.951772, 1.666113, 1.669336, 0.003223,
23.961987, 1.664502, 1.679004, 0.014502,
23.972180, 1.669336, 1.657251, -0.012085,
23.982531, 1.666113, 1.654028, -0.012085,
23.992969, 1.666919, 1.661279, -0.005640,
24.003311, 1.670142, 1.654028, -0.016113,
24.013767, 1.666113, 1.664502, -0.001611,
24.024093, 1.670947, 1.658057, -0.012891,
24.034538, 1.666919, 1.662085, -0.004834,
24.044977, 1.662085, 1.664502, 0.002417,
24.055075, 1.661279, 1.686255, 0.024976,
24.065209, 1.662891, 1.670142, 0.007251,
24.075310, 1.665308, 1.648389, -0.016919,
24.085756, 1.666113, 1.650000, -0.016113,
24.096209, 1.668530, 1.662891, -0.005640,
24.106656, 1.670142, 1.670947, 0.000806,
24.116803, 1.666113, 1.656445, -0.009668,
24.127093, 1.666919, 1.668530, 0.001611,
24.137290, 1.669336, 1.679004, 0.009668,
24.147311, 1.666113, 1.662085, -0.004028,
24.157658, 1.666113, 1.669336, 0.003223,
24.167799, 1.666113, 1.672559, 0.006445,
24.177880, 1.666919, 1.674976, 0.008057,
24.188095, 1.662891, 1.662085, -0.000806,
24.198527, 1.668530, 1.654834, -0.013696,
24.208978, 1.670142, 1.656445, -0.013696,
24.219305, 1.666113, 1.661279, -0.004834,
24.229665, 1.665308, 1.666113, 0.000806,
24.239946, 1.665308, 1.666919, 0.001611,
24.250001, 1.668530, 1.661279, -0.007251,
24.260429, 1.666113, 1.662085, -0.004028,
24.270836, 1.660474, 1.661279, 0.000806,
24.280967, 1.664502, 1.661279, -0.003223,
24.291217, 1.665308, 1.664502, -0.000806,
24.301531, 1.668530, 1.641943, -0.026587,
24.312004, 1.673364, 1.670947, -0.002417,
24.322315, 1.662085, 1.660474, -0.001611,
24.332791, 1.666919, 1.635498, -0.031421,
24.343308, 1.666113, 1.666113, 0.000000,
24.353421, 1.669336, 1.658057, -0.011279,
24.363762, 1.668530, 1.670142, 0.001611,
24.373883, 1.668530, 1.661279, -0.007251,
24.384318, 1.664502, 1.657251, -0.007251,
24.394771, 1.670947, 1.678198, 0.007251,
24.404880, 1.668530, 1.654834, -0.013696,
24.415320, 1.665308, 1.666919, 0.001611,
24.425432, 1.670142, 1.641138, -0.029004,
24.435874, 1.669336, 1.656445, -0.012891,
24.446307, 1.668530, 1.665308, -0.003223,
24.456733, 1.669336, 1.679004, 0.009668,
24.466752, 1.670142, 1.668530, -0.001611,
24.477094, 1.670947, 1.662085, -0.008862,
24.487468, 1.661279, 1.664502, 0.003223,
24.497651, 1.665308, 1.683838, 0.018530,
24.507872, 1.665308, 1.664502, -0.000806,
24.518207, 1.666113, 1.666919, 0.000806,
24.528315, 1.662891, 1.664502, 0.001611,
24.538615, 1.666113, 1.673364, 0.007251,
24.548659, 1.672559, 1.665308, -0.007251,
24.559100, 1.666113, 1.662085, -0.004028,
24.569489, 1.666113, 1.666113, 0.000000,
24.579562, 1.672559, 1.665308, -0.007251,
24.589984, 1.668530, 1.662891, -0.005640,
24.600430, 1.666919, 1.650000, -0.016919,
24.610876, 1.666113, 1.662085, -0.004028,
24.621216, 1.669336, 1.664502, -0.004834,
24.631658, 1.666919, 1.669336, 0.002417,
24.641885, 1.664502, 1.683838, 0.019336,
24.651983, 1.668530, 1.643555, -0.024976,
24.662429, 1.668530, 1.654834, -0.013696,
24.672869, 1.666919, 1.661279, -0.005640,
24.683310, 1.669336, 1.662085, -0.007251,
24.693690, 1.666919, 1.678198, 0.011279,
24.703771, 1.665308, 1.661279, -0.004028,
24.714215, 1.666113, 1.666919, 0.000806,
24.724326, 1.669336, 1.679004, 0.009668,
24.734533, 1.670142, 1.669336, -0.000806,
24.744982, 1.668530, 1.666919, -0.001611,
24.755336, 1.666919, 1.673364, 0.006445,
24.765428, 1.666113, 1.661279, -0.004834,
24.775848, 1.665308, 1.662085, -0.003223,
24.786317, 1.666113, 1.662085, -0.004028,
24.796765, 1.665308, 1.665308, 0.000000,
24.806966, 1.662891, 1.665308, 0.002417,
24.816985, 1.669336, 1.650806, -0.018530,
24.827315, 1.664502, 1.662085, -0.002417,
24.837886, 1.665308, 1.687866, 0.022559,
24.847983, 1.668530, 1.668530, 0.000000,
24.858105, 1.669336, 1.662085, -0.007251,
24.868464, 1.670142, 1.650000, -0.020142,
24.878760, 1.665308, 1.666919, 0.001611,
24.888974, 1.668530, 1.664502, -0.004028,
24.899321, 1.665308, 1.653223, -0.012085,
24.909754, 1.665308, 1.650806, -0.014502,
24.920096, 1.668530, 1.665308, -0.003223,
24.930436, 1.666919, 1.654834, -0.012085,
24.940881, 1.666113, 1.653223, -0.012891,
24.951213, 1.668530, 1.661279, -0.007251,
24.961580, 1.669336, 1.670142, 0.000806,
24.971762, 1.670142, 1.661279, -0.008862,
24.982210, 1.668530, 1.666113, -0.002417,
24.992681, 1.665308, 1.665308, 0.000000,
25.002776, 1.665308, 1.654834, -0.010474,
25.013235, 1.670142, 1.679810, 0.009668,
25.023324, 1.669336, 1.654028, -0.015308,
25.033783, 1.665308, 1.662085, -0.003223,
25.044210, 1.666919, 1.670947, 0.004028,
25.054319, 1.668530, 1.666113, -0.002417,
25.064662, 1.668530, 1.656445, -0.012085,
25.074987, 1.664502, 1.674170, 0.009668,
25.085214, 1.662085, 1.665308, 0.003223,
25.095428, 1.664502, 1.670142, 0.005640,
25.105544, 1.666919, 1.640332, -0.026587,
25.115881, 1.669336, 1.662085, -0.007251,
25.126220, 1.668530, 1.668530, 0.000000,
25.136323, 1.668530, 1.665308, -0.003223,
25.146655, 1.666919, 1.662085, -0.004834,
25.157096, 1.668530, 1.669336, 0.000806,
25.167214, 1.660474, 1.658057, -0.002417,
25.177535, 1.670142, 1.661279, -0.008862,
25.187935, 1.658862, 1.656445, -0.002417,
25.198314, 1.670142, 1.672559, 0.002417,
25.208529, 1.666113, 1.661279, -0.004834,
25.218880, 1.662891, 1.650806, -0.012085,
25.229213, 1.665308, 1.666919, 0.001611,
25.239534, 1.670142, 1.658862, -0.011279,
25.249884, 1.668530, 1.661279, -0.007251,
25.260320, 1.664502, 1.669336, 0.004834,
25.270442, 1.670947, 1.652417, -0.018530,
25.280850, 1.669336, 1.674170, 0.004834,
25.290978, 1.665308, 1.654834, -0.010474,
25.301431, 1.662891, 1.657251, -0.005640,
25.311816, 1.665308, 1.673364, 0.008057,
25.321881, 1.666113, 1.674976, 0.008862,
25.332094, 1.666113, 1.662085, -0.004028,
25.342536, 1.669336, 1.654834, -0.014502,
25.352877, 1.672559, 1.639526, -0.033032,
25.363369, 1.669336, 1.637915, -0.031421,
25.373661, 1.670142, 1.664502, -0.005640,
25.384098, 1.665308, 1.662891, -0.002417,
25.394528, 1.666113, 1.674976, 0.008862,
25.404665, 1.669336, 1.650000, -0.019336,
25.415102, 1.669336, 1.654028, -0.015308,
25.425431, 1.665308, 1.666113, 0.000806,
25.435666, 1.669336, 1.635498, -0.033838,
25.446103, 1.668530, 1.679004, 0.010474,
25.456300, 1.668530, 1.654834, -0.013696,
25.466665, 1.670142, 1.665308, -0.004834,
25.476981, 1.670142, 1.661279, -0.008862,
25.487435, 1.669336, 1.662085, -0.007251,
25.497888, 1.666919, 1.665308, -0.001611,
25.508313, 1.666919, 1.676587, 0.009668,
25.518366, 1.670142, 1.662085, -0.008057,
25.528660, 1.665308, 1.674170, 0.008862,
25.538877, 1.669336, 1.662085, -0.007251,
25.548771, 1.664502, 1.658862, -0.005640,
25.559229, 1.668530, 1.660474, -0.008057,
25.569612, 1.665308, 1.658862, -0.006445,
25.579884, 1.666919, 1.665308, -0.001611,
25.590311, 1.668530, 1.660474, -0.008057,
25.601103, 1.664502, 1.664502, 0.000000,
25.611325, 1.670142, 1.672559, 0.002417,
25.621440, 1.668530, 1.666919, -0.001611,
25.631876, 1.668530, 1.670947, 0.002417,
25.642103, 1.669336, 1.665308, -0.004028,
25.652442, 1.669336, 1.650000, -0.019336,
25.662893, 1.668530, 1.673364, 0.004834,
25.673072, 1.670142, 1.662085, -0.008057,
25.683439, 1.670142, 1.664502, -0.005640,
25.693883, 1.666919, 1.669336, 0.002417,
25.703987, 1.668530, 1.668530, 0.000000,
25.714098, 1.668530, 1.664502, -0.004028,
25.724441, 1.673364, 1.666919, -0.006445,
25.734867, 1.666919, 1.658057, -0.008862,
25.745318, 1.666113, 1.668530, 0.002417,
25.755443, 1.668530, 1.640332, -0.028198,
25.765787, 1.666919, 1.669336, 0.002417,
25.775881, 1.666919, 1.664502, -0.002417,
25.786318, 1.662891, 1.654834, -0.008057,
25.796766, 1.666919, 1.644360, -0.022559,
25.807217, 1.669336, 1.643555, -0.025781,
25.817535, 1.670142, 1.666919, -0.003223,
25.827875, 1.669336, 1.668530, -0.000806,
25.837521, 1.670947, 1.658862, -0.012085,
25.847890, 1.669336, 1.666113, -0.003223,
25.858311, 1.666113, 1.658862, -0.007251,
25.868709, 1.668530, 1.652417, -0.016113,
25.878991, 1.669336, 1.681421, 0.012085,
25.889215, 1.670142, 1.650000, -0.020142,
25.899632, 1.662085, 1.670142, 0.008057,
25.909772, 1.666919, 1.662085, -0.004834,
25.920096, 1.664502, 1.661279, -0.003223,
25.930348, 1.666919, 1.640332, -0.026587,
25.940768, 1.662891, 1.670142, 0.007251,
25.950912, 1.665308, 1.666919, 0.001611,
25.961101, 1.666919, 1.654834, -0.012085,
25.971449, 1.670947, 1.662891, -0.008057,
25.981881, 1.668530, 1.670142, 0.001611,
25.992072, 1.669336, 1.657251, -0.012085,
26.002437, 1.664502, 1.647583, -0.016919,
26.012896, 1.669336, 1.670142, 0.000806,
26.022997, 1.669336, 1.662891, -0.006445,
26.033445, 1.666919, 1.662085, -0.004834,
26.043885, 1.670947, 1.672559, 0.001611,
26.053999, 1.669336, 1.670947, 0.001611,
26.064219, 1.670947, 1.665308, -0.005640,
26.074544, 1.670142, 1.683838, 0.013696,
26.084777, 1.666919, 1.658057, -0.008862,
26.095226, 1.662891, 1.666113, 0.003223,
26.105320, 1.670142, 1.662085, -0.008057,
26.115666, 1.669336, 1.669336, 0.000000,
26.125762, 1.670142, 1.657251, -0.012891,
26.136220, 1.668530, 1.677393, 0.008862,
26.146315, 1.668530, 1.670142, 0.001611,
26.156512, 1.668530, 1.662891, -0.005640,
26.166767, 1.668530, 1.661279, -0.007251,
26.177098, 1.662085, 1.670142, 0.008057,
26.187233, 1.670142, 1.666113, -0.004028,
26.197670, 1.669336, 1.666113, -0.003223,
26.208090, 1.669336, 1.657251, -0.012085,
26.218441, 1.669336, 1.658057, -0.011279,
26.228778, 1.665308, 1.658862, -0.006445,
26.239314, 1.661279, 1.665308, 0.004028,
26.249435, 1.662085, 1.662891, 0.000806,
26.259654, 1.666919, 1.658862, -0.008057,
26.269980, 1.668530, 1.683032, 0.014502,
26.280106, 1.668530, 1.661279, -0.007251,
26.290435, 1.670142, 1.656445, -0.013696,
26.300886, 1.668530, 1.683838, 0.015308,
26.311136, 1.666919, 1.677393, 0.010474,
26.321224, 1.668530, 1.670142, 0.001611,
26.331433, 1.666919, 1.658057, -0.008862,
26.341893, 1.666113, 1.678198, 0.012085,
26.351988, 1.670142, 1.653223, -0.016919,
26.362436, 1.668530, 1.670947, 0.002417,
26.372547, 1.670142, 1.661279, -0.008862,
26.382988, 1.669336, 1.662085, -0.007251,
26.393402, 1.665308, 1.670142, 0.004834,
26.403440, 1.669336, 1.665308, -0.004028,
26.413872, 1.668530, 1.658862, -0.009668,
26.424220, 1.669336, 1.662085, -0.007251,
26.434575, 1.666113, 1.657251, -0.008862,
26.444992, 1.672559, 1.683838, 0.011279,
26.455104, 1.673364, 1.660474, -0.012891,
26.465440, 1.669336, 1.662891, -0.006445,
26.475798, 1.666113, 1.670142, 0.004028,
26.485990, 1.669336, 1.670142, 0.000806,
26.496222, 1.670947, 1.673364, 0.002417,
26.506440, 1.668530, 1.658862, -0.009668,
26.516774, 1.668530, 1.662891, -0.005640,
26.527100, 1.662891, 1.665308, 0.002417,
26.537282, 1.666919, 1.650806, -0.016113,
26.547666, 1.668530, 1.654028, -0.014502,
26.558092, 1.669336, 1.672559, 0.003223,
26.568223, 1.670142, 1.657251, -0.012891,
26.578543, 1.666113, 1.669336, 0.003223,
26.588766, 1.670947, 1.668530, -0.002417,
26.599218, 1.669336, 1.658057, -0.011279,
26.609673, 1.670142, 1.666919, -0.003223,
26.619993, 1.669336, 1.669336, 0.000000,
26.630010, 1.664502, 1.677393, 0.012891,
26.640218, 1.670142, 1.662891, -0.007251,
26.650530, 1.669336, 1.658862, -0.010474,
26.660929, 1.669336, 1.666919, -0.002417,
26.671234, 1.666113, 1.658057, -0.008057,
26.681664, 1.665308, 1.658862, -0.006445,
26.692068, 1.669336, 1.676587, 0.007251,
26.702102, 1.670142, 1.647583, -0.022559,
26.712447, 1.669336, 1.665308, -0.004028,
26.722772, 1.666113, 1.658862, -0.007251,
26.733224, 1.666113, 1.660474, -0.005640,
26.743667, 1.674170, 1.669336, -0.004834,
26.753996, 1.668530, 1.683838, 0.015308,
26.764225, 1.670142, 1.674170, 0.004028,
26.774332, 1.666919, 1.661279, -0.005640,
26.784768, 1.669336, 1.657251, -0.012085,
26.795220, 1.669336, 1.677393, 0.008057,
26.805442, 1.662891, 1.674170, 0.011279,
26.815548, 1.668530, 1.657251, -0.011279,
26.825883, 1.665308, 1.673364, 0.008057,
26.836111, 1.666113, 1.668530, 0.002417,
26.846222, 1.662891, 1.670142, 0.007251,
26.856434, 1.669336, 1.668530, -0.000806,
26.866784, 1.666919, 1.662891, -0.004028,
26.877215, 1.670142, 1.662085, -0.008057,
26.887663, 1.666919, 1.664502, -0.002417,
26.898104, 1.665308, 1.670947, 0.005640,
26.908291, 1.666113, 1.657251, -0.008862,
26.918544, 1.668530, 1.654834, -0.013696,
26.928894, 1.668530, 1.685449, 0.016919,
26.939225, 1.665308, 1.660474, -0.004834,
26.949535, 1.665308, 1.683838, 0.018530,
26.959768, 1.666919, 1.654834, -0.012085,
26.970141, 1.668530, 1.670142, 0.001611,
26.980222, 1.666919, 1.678198, 0.011279,
26.990440, 1.670142, 1.660474, -0.009668,
27.000903, 1.666919, 1.652417, -0.014502,
27.011318, 1.665308, 1.666919, 0.001611,
27.021442, 1.668530, 1.665308, -0.003223,
27.031885, 1.665308, 1.662085, -0.003223,
27.042329, 1.662891, 1.660474, -0.002417,
27.052670, 1.662891, 1.650806, -0.012085,
27.063109, 1.666113, 1.674170, 0.008057,
27.073330, 1.668530, 1.654834, -0.013696,
27.083772, 1.668530, 1.664502, -0.004028,
27.094224, 1.670142, 1.668530, -0.001611,
27.104538, 1.666919, 1.670947, 0.004028,
27.114674, 1.672559, 1.669336, -0.003223,
27.124988, 1.666919, 1.658057, -0.008862,
27.135438, 1.669336, 1.650000, -0.019336,
27.145781, 1.665308, 1.664502, -0.000806,
27.156215, 1.669336, 1.658862, -0.010474,
27.166545, 1.668530, 1.664502, -0.004028,
27.176882, 1.664502, 1.662891, -0.001611,
27.187319, 1.666919, 1.657251, -0.009668,
27.197776, 1.660474, 1.654028, -0.006445,
27.208226, 1.665308, 1.661279, -0.004028,
27.218544, 1.664502, 1.649194, -0.015308,
27.228892, 1.669336, 1.670142, 0.000806,
27.239112, 1.664502, 1.636304, -0.028198,
27.249437, 1.669336, 1.661279, -0.008057,
27.259882, 1.668530, 1.666113, -0.002417,
27.270243, 1.668530, 1.681421, 0.012891,
27.280325, 1.669336, 1.654834, -0.014502,
27.290669, 1.673364, 1.693506, 0.020142,
27.300889, 1.670142, 1.654834, -0.015308,
27.304070, 1.666919, 1.674170, 0.007251,
27.314221, 1.662085, 1.652417, -0.009668,
27.324545, 1.668530, 1.662085, -0.006445,
27.334998, 1.669336, 1.673364, 0.004028,
27.345222, 1.665308, 1.666919, 0.001611,
27.355333, 1.669336, 1.666113, -0.003223,
27.365683, 1.670947, 1.636304, -0.034644,
27.376001, 1.669336, 1.673364, 0.004028,
27.386223, 1.664502, 1.664502, 0.000000,
27.396340, 1.662085, 1.673364, 0.011279,
27.406520, 1.668530, 1.665308, -0.003223,
27.416779, 1.669336, 1.657251, -0.012085,
27.427122, 1.664502, 1.666113, 0.001611,
27.437439, 1.668530, 1.662891, -0.005640,
27.447784, 1.668530, 1.657251, -0.011279,
27.458228, 1.668530, 1.660474, -0.008057,
27.468619, 1.669336, 1.650000, -0.019336,
27.478889, 1.666113, 1.666113, 0.000000,
27.488989, 1.668530, 1.644360, -0.024170,
27.499424, 1.668530, 1.635498, -0.033032,
27.509895, 1.668530, 1.666919, -0.001611,
27.520220, 1.670142, 1.633887, -0.036255,
27.530546, 1.669336, 1.674170, 0.004834,
27.540768, 1.665308, 1.650000, -0.015308,
27.551104, 1.666113, 1.662891, -0.003223,
27.561445, 1.666113, 1.665308, -0.000806,
27.571806, 1.669336, 1.674170, 0.004834,
27.581967, 1.668530, 1.676587, 0.008057,
27.592116, 1.666919, 1.664502, -0.002417,
27.602436, 1.661279, 1.654834, -0.006445,
27.612891, 1.658862, 1.669336, 0.010474,
27.623006, 1.670142, 1.666919, -0.003223,
27.633447, 1.662085, 1.662085, 0.000000,
27.643550, 1.665308, 1.658862, -0.006445,
27.653893, 1.670142, 1.661279, -0.008862,
27.664315, 1.668530, 1.683838, 0.015308,
27.674442, 1.672559, 1.658862, -0.013696,
27.684886, 1.661279, 1.665308, 0.004028,
27.695115, 1.669336, 1.674170, 0.004834,
27.705222, 1.666113, 1.662085, -0.004028,
27.715546, 1.666113, 1.670947, 0.004834,
27.725668, 1.666919, 1.668530, 0.001611,
27.735886, 1.670142, 1.658862, -0.011279,
27.746323, 1.664502, 1.670947, 0.006445,
27.756524, 1.666919, 1.665308, -0.001611,
27.766790, 1.666113, 1.654028, -0.012085,
27.777112, 1.662891, 1.665308, 0.002417,
27.787285, 1.666113, 1.666919, 0.000806,
27.797450, 1.670142, 1.664502, -0.005640,
27.807889, 1.665308, 1.670142, 0.004834,
27.817990, 1.666919, 1.661279, -0.005640,
27.828340, 1.668530, 1.665308, -0.003223,
27.838894, 1.668530, 1.650806, -0.017725,
27.849217, 1.670142, 1.662891, -0.007251,
27.859673, 1.665308, 1.666919, 0.001611,
27.869809, 1.665308, 1.666113, 0.000806,
27.879895, 1.669336, 1.668530, -0.000806,
27.890331, 1.670142, 1.687060, 0.016919,
27.900529, 1.664502, 1.647583, -0.016919,
27.910993, 1.668530, 1.672559, 0.004028,
27.921078, 1.670947, 1.662891, -0.008057,
27.931441, 1.668530, 1.650000, -0.018530,
27.941898, 1.664502, 1.654834, -0.009668,
27.952218, 1.668530, 1.682227, 0.013696,
27.962444, 1.669336, 1.666113, -0.003223,
27.972773, 1.662891, 1.654834, -0.008057,
27.983238, 1.668530, 1.656445, -0.012085,
27.993670, 1.666113, 1.670947, 0.004834,
28.003785, 1.669336, 1.664502, -0.004834,
28.014223, 1.670947, 1.679004, 0.008057,
28.024323, 1.666113, 1.639526, -0.026587,
28.034774, 1.670142, 1.666113, -0.004028,
28.045234, 1.668530, 1.686255, 0.017725,
28.055343, 1.669336, 1.641138, -0.028198,
28.065669, 1.666113, 1.668530, 0.002417,
28.075779, 1.666113, 1.672559, 0.006445,
28.086002, 1.665308, 1.650806, -0.014502,
28.096439, 1.666919, 1.670142, 0.003223,
28.106669, 1.664502, 1.662891, -0.001611,
28.116996, 1.669336, 1.662085, -0.007251,
28.127329, 1.669336, 1.670142, 0.000806,
28.137535, 1.670947, 1.637915, -0.033032,
28.147893, 1.666919, 1.668530, 0.001611,
28.158007, 1.669336, 1.662891, -0.006445,
28.168376, 1.668530, 1.670947, 0.002417,
28.178445, 1.669336, 1.664502, -0.004834,
28.188880, 1.666919, 1.665308, -0.001611,
28.199331, 1.666919, 1.658862, -0.008057,
28.209781, 1.664502, 1.662085, -0.002417,
28.220113, 1.670142, 1.658057, -0.012085,
28.230443, 1.668530, 1.664502, -0.004028,
28.240895, 1.666919, 1.666919, 0.000000,
28.250998, 1.668530, 1.666113, -0.002417,
28.261333, 1.666919, 1.670142, 0.003223,
28.271537, 1.668530, 1.669336, 0.000806,
28.281745, 1.670142, 1.654834, -0.015308,
28.292074, 1.665308, 1.666113, 0.000806,
28.302184, 1.665308, 1.653223, -0.012085,
28.312578, 1.668530, 1.662085, -0.006445,
28.322893, 1.668530, 1.661279, -0.007251,
28.333331, 1.666919, 1.679004, 0.012085,
28.343545, 1.665308, 1.650806, -0.014502,
28.353894, 1.669336, 1.654028, -0.015308,
28.364273, 1.665308, 1.670142, 0.004834,
28.374382, 1.662891, 1.669336, 0.006445,
28.384542, 1.666113, 1.649194, -0.016919,
28.395001, 1.672559, 1.670142, -0.002417,
28.405327, 1.665308, 1.653223, -0.012085,
28.415674, 1.666919, 1.660474, -0.006445,
28.425996, 1.669336, 1.644360, -0.024976,
28.436334, 1.668530, 1.670947, 0.002417,
28.446480, 1.665308, 1.662085, -0.003223,
28.456893, 1.664502, 1.668530, 0.004028,
28.466993, 1.668530, 1.674170, 0.005640,
28.477082, 1.669336, 1.666113, -0.003223,
28.487442, 1.662891, 1.640332, -0.022559,
28.497893, 1.666113, 1.674976, 0.008862,
28.508107, 1.668530, 1.669336, 0.000806,
28.518232, 1.664502, 1.662891, -0.001611,
28.528543, 1.666919, 1.670947, 0.004028,
28.538807, 1.666113, 1.670947, 0.004834,
28.548891, 1.666919, 1.650000, -0.016919,
28.559342, 1.669336, 1.678198, 0.008862,
28.569471, 1.668530, 1.639526, -0.029004,
28.579782, 1.670947, 1.662891, -0.008057,
28.590235, 1.668530, 1.650806, -0.017725,
28.600687, 1.670142, 1.673364, 0.003223,
28.610894, 1.666919, 1.670142, 0.003223,
28.621007, 1.665308, 1.662891, -0.002417,
28.631442, 1.662085, 1.664502, 0.002417,
28.641673, 1.670142, 1.661279, -0.008862,
28.652004, 1.668530, 1.645166, -0.023364,
28.662447, 1.669336, 1.670142, 0.000806,
28.672635, 1.666919, 1.664502, -0.002417,
28.682998, 1.670142, 1.673364, 0.003223,
28.693235, 1.668530, 1.658057, -0.010474,
28.703577, 1.666919, 1.654834, -0.012085,
28.713998, 1.666919, 1.662085, -0.004834,
28.724229, 1.668530, 1.665308, -0.003223,
28.734670, 1.668530, 1.662085, -0.006445,
28.745001, 1.666919, 1.673364, 0.006445,
28.755109, 1.666113, 1.670142, 0.004028,
28.765235, 1.668530, 1.658862, -0.009668,
28.775555, 1.662891, 1.661279, -0.001611,
28.785996, 1.670142, 1.660474, -0.009668,
28.796333, 1.666919, 1.656445, -0.010474,
28.806750, 1.666919, 1.665308, -0.001611,
28.817006, 1.670142, 1.658057, -0.012085,
28.827322, 1.666113, 1.672559, 0.006445,
28.837580, 1.662891, 1.665308, 0.002417,
28.847686, 1.668530, 1.665308, -0.003223,
28.858084, 1.666113, 1.676587, 0.010474,
28.868171, 1.668530, 1.654834, -0.013696,
28.878451, 1.666919, 1.673364, 0.006445,
28.888562, 1.666919, 1.652417, -0.014502,
28.899001, 1.668530, 1.662891, -0.005640,
28.909444, 1.670142, 1.665308, -0.004834,
28.919779, 1.664502, 1.654834, -0.009668,
28.930121, 1.666113, 1.637109, -0.029004,
28.940555, 1.668530, 1.662085, -0.006445,
28.950905, 1.662891, 1.683838, 0.020947,
28.961115, 1.664502, 1.677393, 0.012891,
28.971303, 1.666113, 1.654028, -0.012085,
28.981678, 1.668530, 1.664502, -0.004028,
28.992082, 1.664502, 1.662891, -0.001611,
29.002434, 1.668530, 1.654834, -0.013696,
29.012781, 1.665308, 1.683032, 0.017725,
29.022896, 1.666113, 1.650806, -0.015308,
29.033331, 1.668530, 1.669336, 0.000806,
29.043458, 1.666113, 1.654834, -0.011279,
29.053780, 1.664502, 1.670142, 0.005640,
29.064000, 1.666113, 1.677393, 0.011279,
29.074233, 1.668530, 1.670142, 0.001611,
29.084448, 1.669336, 1.654834, -0.014502,
29.094897, 1.669336, 1.677393, 0.008057,
29.105002, 1.665308, 1.674976, 0.009668,
29.115113, 1.668530, 1.662891, -0.005640,
29.125453, 1.669336, 1.666113, -0.003223,
29.135895, 1.670142, 1.645166, -0.024976,
29.146324, 1.666919, 1.670142, 0.003223,
29.156522, 1.670142, 1.656445, -0.013696,
29.166890, 1.669336, 1.662085, -0.007251,
29.177227, 1.666919, 1.665308, -0.001611,
29.187543, 1.670947, 1.670142, -0.000806,
29.197897, 1.666919, 1.669336, 0.002417,
29.208100, 1.666919, 1.668530, 0.001611,
29.218115, 1.662085, 1.658057, -0.004028,
29.228472, 1.665308, 1.670947, 0.005640,
29.238686, 1.668530, 1.670142, 0.001611,
29.248779, 1.669336, 1.668530, -0.000806,
29.259229, 1.666919, 1.666919, 0.000000,
29.269295, 1.668530, 1.654834, -0.013696,
29.279560, 1.666113, 1.670142, 0.004028,
29.289780, 1.666919, 1.677393, 0.010474,
29.300007, 1.660474, 1.650806, -0.009668,
29.310449, 1.673364, 1.665308, -0.008057,
29.320783, 1.669336, 1.662085, -0.007251,
29.331233, 1.662085, 1.672559, 0.010474,
29.341490, 1.666919, 1.664502, -0.002417,
29.351779, 1.670947, 1.660474, -0.010474,
29.362265, 1.665308, 1.670947, 0.005640,
29.372380, 1.669336, 1.665308, -0.004028,
29.382790, 1.670142, 1.670142, 0.000000,
29.393000, 1.670947, 1.677393, 0.006445,
29.403126, 1.666919, 1.677393, 0.010474,
29.413325, 1.670947, 1.668530, -0.002417,
29.423683, 1.668530, 1.661279, -0.007251,
29.434113, 1.670142, 1.660474, -0.009668,
29.444462, 1.664502, 1.665308, 0.000806,
29.454557, 1.666113, 1.665308, -0.000806,
29.464985, 1.668530, 1.674170, 0.005640,
29.475126, 1.670142, 1.661279, -0.008862,
29.484051, 1.668530, 1.662085, -0.006445,
29.494438, 1.669336, 1.668530, -0.000806,
29.504786, 1.666113, 1.662085, -0.004028,
29.515129, 1.662891, 1.678198, 0.015308,
29.525239, 1.670142, 1.673364, 0.003223,
29.535442, 1.669336, 1.654834, -0.014502,
29.545776, 1.662085, 1.668530, 0.006445,
29.556007, 1.670142, 1.666919, -0.003223,
29.566342, 1.669336, 1.670947, 0.001611,
29.576449, 1.662085, 1.652417, -0.009668,
29.586897, 1.670142, 1.662085, -0.008057,
29.597337, 1.670142, 1.670142, 0.000000,
29.607557, 1.670142, 1.666113, -0.004028,
29.617902, 1.665308, 1.654834, -0.010474,
29.628236, 1.666113, 1.670142, 0.004028,
29.638475, 1.670142, 1.649194, -0.020947,
29.648781, 1.672559, 1.674170, 0.001611,
29.659002, 1.664502, 1.658862, -0.005640,
29.669363, 1.668530, 1.670947, 0.002417,
29.679451, 1.668530, 1.662085, -0.006445,
29.689790, 1.666113, 1.654834, -0.011279,
29.700235, 1.670142, 1.661279, -0.008862,
29.710682, 1.666113, 1.662085, -0.004028,
29.720786, 1.670142, 1.664502, -0.005640,
29.731230, 1.670142, 1.670142, 0.000000,
29.741334, 1.665308, 1.662085, -0.003223,
29.751709, 1.668530, 1.668530, 0.000000,
29.761814, 1.666919, 1.645166, -0.021753,
29.772141, 1.668530, 1.662085, -0.006445,
29.782563, 1.666919, 1.666919, 0.000000,
29.792771, 1.666113, 1.661279, -0.004834,
29.803115, 1.669336, 1.649194, -0.020142,
29.813552, 1.669336, 1.668530, -0.000806,
29.823904, 1.662085, 1.677393, 0.015308,
29.834124, 1.666113, 1.662085, -0.004028,
29.844560, 1.668530, 1.662085, -0.006445,
29.854905, 1.668530, 1.665308, -0.003223,
29.865293, 1.666919, 1.662085, -0.004834,
29.875554, 1.666919, 1.664502, -0.002417,
29.886005, 1.670142, 1.656445, -0.013696,
29.896451, 1.669336, 1.666919, -0.002417,
29.906894, 1.665308, 1.670142, 0.004834,
29.917005, 1.668530, 1.654834, -0.013696,
29.927317, 1.662891, 1.666113, 0.003223,
29.937525, 1.670142, 1.635498, -0.034644,
29.947871, 1.666919, 1.673364, 0.006445,
29.958000, 1.668530, 1.654834, -0.013696,
29.968387, 1.662085, 1.654028, -0.008057,
29.978676, 1.670142, 1.670142, 0.000000,
29.988792, 1.666919, 1.661279, -0.005640,
29.999233, 1.669336, 1.670142, 0.000806,
30.009449, 1.666113, 1.653223, -0.012891,
30.019786, 1.670142, 1.662085, -0.008057,
30.030119, 1.669336, 1.673364, 0.004028,
30.040336, 1.669336, 1.662085, -0.007251,
30.050681, 1.668530, 1.652417, -0.016113,
30.061114, 1.666919, 1.662891, -0.004028,
30.071456, 1.668530, 1.672559, 0.004028,
30.081679, 1.668530, 1.636304, -0.032227,
30.092074, 1.668530, 1.666113, -0.002417,
30.102353, 1.666919, 1.653223, -0.013696,
30.112784, 1.668530, 1.665308, -0.003223,
30.123125, 1.668530, 1.677393, 0.008862,
30.133325, 1.668530, 1.661279, -0.007251,
30.143682, 1.666919, 1.664502, -0.002417,
30.153996, 1.669336, 1.654834, -0.014502,
30.164337, 1.670947, 1.678198, 0.007251,
30.174455, 1.666113, 1.666919, 0.000806,
30.184672, 1.669336, 1.650000, -0.019336,
30.195125, 1.668530, 1.681421, 0.012891,
30.205237, 1.664502, 1.670947, 0.006445,
30.215455, 1.665308, 1.653223, -0.012085,
30.225792, 1.666113, 1.654028, -0.012085,
30.236235, 1.665308, 1.682227, 0.016919,
30.246445, 1.666919, 1.679810, 0.012891,
30.256681, 1.668530, 1.669336, 0.000806,
30.266784, 1.673364, 1.662085, -0.011279,
30.277144, 1.670142, 1.666919, -0.003223,
30.287559, 1.665308, 1.660474, -0.004834,
30.298007, 1.669336, 1.669336, 0.000000,
30.308117, 1.669336, 1.668530, -0.000806,
30.318453, 1.669336, 1.662085, -0.007251,
30.328781, 1.666113, 1.672559, 0.006445,
30.339208, 1.669336, 1.666113, -0.003223,
30.349556, 1.670947, 1.669336, -0.001611,
30.360007, 1.666919, 1.661279, -0.005640,
30.370331, 1.668530, 1.662085, -0.006445,
30.380548, 1.664502, 1.666113, 0.001611,
30.390613, 1.666113, 1.637109, -0.029004,
30.401003, 1.668530, 1.661279, -0.007251,
30.411454, 1.668530, 1.662891, -0.005640,
30.421789, 1.666919, 1.670142, 0.003223,
30.431982, 1.666919, 1.664502, -0.002417,
30.442339, 1.662891, 1.662891, 0.000000,
30.452338, 1.666113, 1.666113, 0.000000,
30.462449, 1.670142, 1.683838, 0.013696,
30.472601, 1.665308, 1.668530, 0.003223,
30.482788, 1.669336, 1.672559, 0.003223,
30.493002, 1.666919, 1.665308, -0.001611,
30.503339, 1.669336, 1.640332, -0.029004,
30.513779, 1.669336, 1.670142, 0.000806,
30.523902, 1.666919, 1.664502, -0.002417,
30.534345, 1.670142, 1.650000, -0.020142,
30.544784, 1.668530, 1.670142, 0.001611,
30.554911, 1.666113, 1.654834, -0.011279,
30.565333, 1.668530, 1.658057, -0.010474,
30.575679, 1.670142, 1.670947, 0.000806,
30.585900, 1.666113, 1.657251, -0.008862,
30.596340, 1.662085, 1.658862, -0.003223,
30.606794, 1.662085, 1.665308, 0.003223,
30.616908, 1.669336, 1.647583, -0.021753,
30.627229, 1.665308, 1.674976, 0.009668,
30.637487, 1.669336, 1.664502, -0.004834,
30.647794, 1.668530, 1.691089, 0.022559,
30.658010, 1.662891, 1.662085, -0.000806,
30.668390, 1.662085, 1.658862, -0.003223,
30.678688, 1.670142, 1.673364, 0.003223,
30.688789, 1.672559, 1.656445, -0.016113,
30.699240, 1.670947, 1.669336, -0.001611,
30.709691, 1.666113, 1.662085, -0.004028,
30.720014, 1.669336, 1.666919, -0.002417,
30.730338, 1.669336, 1.633081, -0.036255,
30.740782, 1.670142, 1.670142, 0.000000,
30.750902, 1.662891, 1.665308, 0.002417,
30.761126, 1.666919, 1.670142, 0.003223,
30.771257, 1.666919, 1.662085, -0.004834,
30.781685, 1.668530, 1.658862, -0.009668,
30.792078, 1.666113, 1.661279, -0.004834,
30.802459, 1.672559, 1.664502, -0.008057,
30.812906, 1.670142, 1.656445, -0.013696,
30.823239, 1.664502, 1.661279, -0.003223,
30.833684, 1.666113, 1.665308, -0.000806,
30.844125, 1.668530, 1.662085, -0.006445,
30.854446, 1.673364, 1.662085, -0.011279,
30.864794, 1.665308, 1.643555, -0.021753,
30.875175, 1.666113, 1.653223, -0.012891,
30.885560, 1.666113, 1.650000, -0.016113,
30.896012, 1.666919, 1.672559, 0.005640,
30.906238, 1.669336, 1.666113, -0.003223,
30.916560, 1.670947, 1.658862, -0.012085,
30.926902, 1.669336, 1.653223, -0.016113,
30.937457, 1.662891, 1.664502, 0.001611,
30.947562, 1.670142, 1.633887, -0.036255,
30.958000, 1.670947, 1.674976, 0.004028,
30.968048, 1.666919, 1.656445, -0.010474,
30.978368, 1.669336, 1.670947, 0.001611,
30.988559, 1.668530, 1.661279, -0.007251,
30.999024, 1.666113, 1.661279, -0.004834,
31.009455, 1.664502, 1.661279, -0.003223,
31.019788, 1.673364, 1.652417, -0.020947,
31.030124, 1.666919, 1.662085, -0.004834,
31.040559, 1.665308, 1.674170, 0.008862,
31.050682, 1.668530, 1.656445, -0.012085,
31.061125, 1.670142, 1.668530, -0.001611,
31.071491, 1.668530, 1.666919, -0.001611,
31.081899, 1.668530, 1.689478, 0.020947,
31.092120, 1.668530, 1.654834, -0.013696,
31.102459, 1.670947, 1.662085, -0.008862,
31.112912, 1.666919, 1.647583, -0.019336,
31.123234, 1.666113, 1.662085, -0.004028,
31.133684, 1.662891, 1.664502, 0.001611,
31.143813, 1.669336, 1.670142, 0.000806,
31.153911, 1.662891, 1.658862, -0.004028,
31.164264, 1.668530, 1.664502, -0.004028,
31.174676, 1.668530, 1.661279, -0.007251,
31.185127, 1.669336, 1.654834, -0.014502,
31.195560, 1.669336, 1.678198, 0.008862,
31.205774, 1.668530, 1.677393, 0.008862,
31.215910, 1.669336, 1.657251, -0.012085,
31.226244, 1.668530, 1.654834, -0.013696,
31.236762, 1.669336, 1.661279, -0.008057,
31.247114, 1.669336, 1.670142, 0.000806,
31.257232, 1.668530, 1.658862, -0.009668,
31.267547, 1.666919, 1.661279, -0.005640,
31.277825, 1.669336, 1.668530, -0.000806,
31.288238, 1.669336, 1.654834, -0.014502,
31.298683, 1.666113, 1.654834, -0.011279,
31.309124, 1.670142, 1.658057, -0.012085,
31.319454, 1.669336, 1.640332, -0.029004,
31.329790, 1.666919, 1.670947, 0.004028,
31.340128, 1.670142, 1.640332, -0.029810,
31.350460, 1.670142, 1.677393, 0.007251,
31.360697, 1.670142, 1.662085, -0.008057,
31.371116, 1.673364, 1.657251, -0.016113,
31.381535, 1.666919, 1.662891, -0.004028,
31.391917, 1.665308, 1.661279, -0.004028,
31.402246, 1.665308, 1.654834, -0.010474,
31.412694, 1.664502, 1.670142, 0.005640,
31.422788, 1.662085, 1.654834, -0.007251,
31.433240, 1.665308, 1.637109, -0.028198,
31.443693, 1.665308, 1.665308, 0.000000,
31.453787, 1.670142, 1.664502, -0.005640,
31.464245, 1.666113, 1.662085, -0.004028,
31.474555, 1.673364, 1.670947, -0.002417,
31.485006, 1.666919, 1.657251, -0.009668,
31.495347, 1.666113, 1.674170, 0.008057,
31.505458, 1.670947, 1.658057, -0.012891,
31.513910, 1.670142, 1.662085, -0.008057,
31.524241, 1.668530, 1.661279, -0.007251,
31.534691, 1.665308, 1.666113, 0.000806,
31.544878, 1.666919, 1.662891, -0.004028,
31.555240, 1.665308, 1.662085, -0.003223,
31.565692, 1.666919, 1.683032, 0.016113,
31.575787, 1.668530, 1.654834, -0.013696,
31.586237, 1.666113, 1.654834, -0.011279,
31.596690, 1.666919, 1.662085, -0.004834,
31.607126, 1.670142, 1.657251, -0.012891,
31.617461, 1.662085, 1.654834, -0.007251,
31.627790, 1.668530, 1.668530, 0.000000,
31.637982, 1.664502, 1.668530, 0.004028,
31.648009, 1.670142, 1.670142, 0.000000,
31.658207, 1.670142, 1.658862, -0.011279,
31.668504, 1.665308, 1.664502, -0.000806,
31.678788, 1.664502, 1.670142, 0.005640,
31.689006, 1.661279, 1.666919, 0.005640,
31.699124, 1.670142, 1.670142, 0.000000,
31.709241, 1.668530, 1.664502, -0.004028,
31.719571, 1.670142, 1.641138, -0.029004,
31.729913, 1.662085, 1.668530, 0.006445,
31.740129, 1.662891, 1.661279, -0.001611,
31.750456, 1.661279, 1.640332, -0.020947,
31.760903, 1.668530, 1.679810, 0.011279,
31.771027, 1.664502, 1.654834, -0.009668,
31.781462, 1.668530, 1.654028, -0.014502,
31.791902, 1.670947, 1.664502, -0.006445,
31.802244, 1.668530, 1.662891, -0.005640,
31.812695, 1.669336, 1.677393, 0.008057,
31.822788, 1.666919, 1.658862, -0.008057,
31.833243, 1.668530, 1.668530, 0.000000,
31.843448, 1.668530, 1.658862, -0.009668,
31.853805, 1.661279, 1.674170, 0.012891,
31.864010, 1.669336, 1.637915, -0.031421,
31.874353, 1.666919, 1.665308, -0.001611,
31.884790, 1.670947, 1.664502, -0.006445,
31.895244, 1.669336, 1.670947, 0.001611,
31.905339, 1.670947, 1.664502, -0.006445,
31.915713, 1.670947, 1.665308, -0.005640,
31.926024, 1.662891, 1.669336, 0.006445,
31.936129, 1.666919, 1.654834, -0.012085,
31.946452, 1.670947, 1.664502, -0.006445,
31.956906, 1.662891, 1.662085, -0.000806,
31.967247, 1.668530, 1.654834, -0.013696,
31.977573, 1.669336, 1.672559, 0.003223,
31.987799, 1.666113, 1.633081, -0.033032,
31.998242, 1.662085, 1.669336, 0.007251,
32.008459, 1.669336, 1.645166, -0.024170,
32.018794, 1.670142, 1.669336, -0.000806,
32.029124, 1.662891, 1.661279, -0.001611,
32.039549, 1.674170, 1.670142, -0.004028,
32.049903, 1.666919, 1.649194, -0.017725,
32.060337, 1.666919, 1.658057, -0.008862,
32.070722, 1.666113, 1.677393, 0.011279,
32.080873, 1.666919, 1.665308, -0.001611,
32.091128, 1.668530, 1.674976, 0.006445,
32.101249, 1.668530, 1.657251, -0.011279,
32.111708, 1.665308, 1.670142, 0.004834,
32.121793, 1.661279, 1.662085, 0.000806,
32.131990, 1.662085, 1.652417, -0.009668,
32.142349, 1.662891, 1.691895, 0.029004,
32.152460, 1.668530, 1.656445, -0.012085,
32.162918, 1.662085, 1.670947, 0.008862,
32.173031, 1.666919, 1.689478, 0.022559,
32.183249, 1.668530, 1.666919, -0.001611,
32.193688, 1.662085, 1.648389, -0.013696,
32.204016, 1.669336, 1.665308, -0.004028,
32.214344, 1.666919, 1.665308, -0.001611,
32.224702, 1.666919, 1.657251, -0.009668,
32.235134, 1.664502, 1.644360, -0.020142,
32.245562, 1.666113, 1.662085, -0.004028,
32.256002, 1.662891, 1.660474, -0.002417,
32.266245, 1.665308, 1.666113, 0.000806,
32.276341, 1.668530, 1.662085, -0.006445,
32.286786, 1.670142, 1.645166, -0.024976,
32.297242, 1.666113, 1.664502, -0.001611,
32.307718, 1.666919, 1.654834, -0.012085,
32.318049, 1.668530, 1.635498, -0.033032,
32.326630, 1.669336, 1.662891, -0.006445,
32.332695, 1.670142, 1.661279, -0.008862,
32.343130, 1.670142, 1.656445, -0.013696,
32.353464, 1.665308, 1.654834, -0.010474,
32.363802, 1.670142, 1.670947, 0.000806,
32.373944, 1.669336, 1.683032, 0.013696,
32.384129, 1.669336, 1.650806, -0.018530,
32.394562, 1.666919, 1.668530, 0.001611,
32.404692, 1.664502, 1.635498, -0.029004,
32.415125, 1.666919, 1.661279, -0.005640,
32.425463, 1.668530, 1.662085, -0.006445,
32.435908, 1.664502, 1.666919, 0.002417,
32.446124, 1.666919, 1.670947, 0.004028,
32.456319, 1.661279, 1.668530, 0.007251,
32.466345, 1.664502, 1.658057, -0.006445,
32.476689, 1.664502, 1.669336, 0.004834,
32.486883, 1.665308, 1.662085, -0.003223,
32.497340, 1.669336, 1.664502, -0.004834,
32.507806, 1.666919, 1.652417, -0.014502,
32.518140, 1.666113, 1.656445, -0.009668,
32.528467, 1.666113, 1.658862, -0.007251,
32.538910, 1.662085, 1.670142, 0.008057,
32.549030, 1.662085, 1.682227, 0.020142,
32.559246, 1.669336, 1.665308, -0.004028,
32.569656, 1.666113, 1.649194, -0.016919,
32.579916, 1.666113, 1.670947, 0.004834,
32.590126, 1.670142, 1.664502, -0.005640,
32.600545, 1.670142, 1.669336, -0.000806,
32.610970, 1.665308, 1.670947, 0.005640,
32.621009, 1.666919, 1.641943, -0.024976,
32.631340, 1.669336, 1.662891, -0.006445,
32.641792, 1.668530, 1.658862, -0.009668,
32.652126, 1.668530, 1.668530, 0.000000,
32.662246, 1.662891, 1.677393, 0.014502,
32.672459, 1.666919, 1.658862, -0.008057,
32.682900, 1.666919, 1.664502, -0.002417,
32.693357, 1.666113, 1.661279, -0.004834,
32.703688, 1.669336, 1.652417, -0.016919,
32.714128, 1.669336, 1.673364, 0.004028,
32.724250, 1.668530, 1.664502, -0.004028,
32.734681, 1.666113, 1.650000, -0.016113,
32.745130, 1.666919, 1.670142, 0.003223,
32.755242, 1.666919, 1.661279, -0.005640,
32.764835, 1.666919, 1.670142, 0.003223,
32.775018, 1.669336, 1.662891, -0.006445,
32.785468, 1.668530, 1.669336, 0.000806,
32.795691, 1.662085, 1.669336, 0.007251,
32.805894, 1.666113, 1.662085, -0.004028,
32.816139, 1.666113, 1.647583, -0.018530,
32.826463, 1.669336, 1.666919, -0.002417,
32.837014, 1.670142, 1.656445, -0.013696,
32.847343, 1.668530, 1.685449, 0.016919,
32.857572, 1.666113, 1.662085, -0.004028,
32.867961, 1.668530, 1.668530, 0.000000,
32.878033, 1.666113, 1.670947, 0.004834,
32.888247, 1.669336, 1.662085, -0.007251,
32.898712, 1.666919, 1.654834, -0.012085,
32.909134, 1.665308, 1.654028, -0.011279,
32.919457, 1.668530, 1.662891, -0.005640,
32.929705, 1.666113, 1.685449, 0.019336,
32.940009, 1.666919, 1.668530, 0.001611,
32.950132, 1.668530, 1.665308, -0.003223,
32.960463, 1.662891, 1.658862, -0.004028,
32.970810, 1.666919, 1.648389, -0.018530,
32.981254, 1.666113, 1.676587, 0.010474,
32.991351, 1.669336, 1.650806, -0.018530,
33.001691, 1.666919, 1.653223, -0.013696,
33.012125, 1.669336, 1.691895, 0.022559,
33.022243, 1.670142, 1.656445, -0.013696,
33.032689, 1.669336, 1.670142, 0.000806,
33.042863, 1.668530, 1.654834, -0.013696,
33.053128, 1.666113, 1.650806, -0.015308,
33.063560, 1.669336, 1.641138, -0.028198,
33.073928, 1.666919, 1.669336, 0.002417,
33.084138, 1.668530, 1.656445, -0.012085,
33.094620, 1.665308, 1.664502, -0.000806,
33.104911, 1.666919, 1.662085, -0.004834,
33.115349, 1.669336, 1.669336, 0.000000,
33.125359, 1.668530, 1.658862, -0.009668,
33.135805, 1.666919, 1.643555, -0.023364,
33.146253, 1.670947, 1.653223, -0.017725,
33.156695, 1.666113, 1.640332, -0.025781,
33.167020, 1.668530, 1.657251, -0.011279,
33.177350, 1.668530, 1.669336, 0.000806,
33.187558, 1.665308, 1.654834, -0.010474,
33.198024, 1.670142, 1.670142, 0.000000,
33.208247, 1.669336, 1.662085, -0.007251,
33.218563, 1.668530, 1.657251, -0.011279,
33.228937, 1.668530, 1.657251, -0.011279,
33.239465, 1.665308, 1.664502, -0.000806,
33.249792, 1.670142, 1.662085, -0.008057,
33.260245, 1.668530, 1.670142, 0.001611,
33.270432, 1.666919, 1.661279, -0.005640,
33.280791, 1.670142, 1.670947, 0.000806,
33.290939, 1.666113, 1.658057, -0.008057,
33.301344, 1.666919, 1.658862, -0.008057,
33.311804, 1.668530, 1.666919, -0.001611,
33.322143, 1.662891, 1.668530, 0.005640,
33.332352, 1.665308, 1.660474, -0.004834,
33.342806, 1.669336, 1.660474, -0.008862,
33.353132, 1.670142, 1.654028, -0.016113,
33.363562, 1.666113, 1.639526, -0.026587,
33.373918, 1.662085, 1.674976, 0.012891,
33.384137, 1.670142, 1.654834, -0.015308,
33.394577, 1.665308, 1.670142, 0.004834,
33.404701, 1.665308, 1.662085, -0.003223,
33.415031, 1.668530, 1.662085, -0.006445,
33.425347, 1.662085, 1.660474, -0.001611,
33.435778, 1.670142, 1.660474, -0.009668,
33.446252, 1.665308, 1.668530, 0.003223,
33.456462, 1.662085, 1.662891, 0.000806,
33.466565, 1.672559, 1.657251, -0.015308,
33.476912, 1.665308, 1.666919, 0.001611,
33.487143, 1.666919, 1.661279, -0.005640,
33.497561, 1.662891, 1.668530, 0.005640,
33.507557, 1.669336, 1.676587, 0.007251,
33.517696, 1.666919, 1.660474, -0.006445,
33.528021, 1.666919, 1.650000, -0.016919,
33.538564, 1.665308, 1.665308, 0.000000,
33.548569, 1.662891, 1.661279, -0.001611,
33.559019, 1.670142, 1.681421, 0.011279,
33.569161, 1.669336, 1.664502, -0.004834,
33.579467, 1.665308, 1.637109, -0.028198,
33.589927, 1.662085, 1.670142, 0.008057,
33.600134, 1.669336, 1.658057, -0.011279,
33.610566, 1.669336, 1.665308, -0.004028,
33.620907, 1.670947, 1.661279, -0.009668,
33.631328, 1.669336, 1.683838, 0.014502,
33.641542, 1.666113, 1.645166, -0.020947,
33.651808, 1.666919, 1.666113, -0.000806,
33.662252, 1.666919, 1.690283, 0.023364,
33.672364, 1.670142, 1.670142, 0.000000,
33.682564, 1.670142, 1.679810, 0.009668,
33.692795, 1.664502, 1.653223, -0.011279,
33.703145, 1.665308, 1.637915, -0.027393,
33.713576, 1.670142, 1.670947, 0.000806,
33.723698, 1.666113, 1.670947, 0.004834,
33.733924, 1.666113, 1.661279, -0.004834,
33.744348, 1.664502, 1.670142, 0.005640,
33.754469, 1.668530, 1.658862, -0.009668,
33.764832, 1.666113, 1.666113, 0.000000,
33.775021, 1.670947, 1.645166, -0.025781,
33.785471, 1.662085, 1.674976, 0.012891,
33.795702, 1.668530, 1.666113, -0.002417,
33.806113, 1.669336, 1.656445, -0.012891,
33.816375, 1.670947, 1.661279, -0.009668,
33.826708, 1.666113, 1.657251, -0.008862,
33.837253, 1.662891, 1.653223, -0.009668,
33.847566, 1.662085, 1.670947, 0.008862,
33.857787, 1.665308, 1.662085, -0.003223,
33.868208, 1.670947, 1.666919, -0.004028,
33.878468, 1.664502, 1.661279, -0.003223,
33.888917, 1.666113, 1.640332, -0.025781,
33.899347, 1.666113, 1.668530, 0.002417,
33.909574, 1.670142, 1.658862, -0.011279,
33.919915, 1.669336, 1.650000, -0.019336,
33.930251, 1.670142, 1.652417, -0.017725,
33.940701, 1.666919, 1.677393, 0.010474,
33.950848, 1.662891, 1.653223, -0.009668,
33.961247, 1.670142, 1.670142, 0.000000,
33.971323, 1.669336, 1.653223, -0.016113,
33.981700, 1.668530, 1.669336, 0.000806,
33.991906, 1.661279, 1.661279, 0.000000,
34.001913, 1.662891, 1.690283, 0.027393,
34.012159, 1.666919, 1.666919, 0.000000,
34.020937, 1.668530, 1.664502, -0.004028,
34.031333, 1.662085, 1.661279, -0.000806,
34.041707, 1.662085, 1.654834, -0.007251,
34.052027, 1.668530, 1.664502, -0.004028,
34.062478, 1.674170, 1.662085, -0.012085,
34.072855, 1.668530, 1.682227, 0.013696,
34.083035, 1.666113, 1.654834, -0.011279,
34.093469, 1.670142, 1.662891, -0.007251,
34.103808, 1.668530, 1.660474, -0.008057,
34.114257, 1.670142, 1.678198, 0.008057,
34.124360, 1.669336, 1.652417, -0.016919,
34.134821, 1.668530, 1.674976, 0.006445,
34.145049, 1.669336, 1.673364, 0.004028,
34.155142, 1.669336, 1.665308, -0.004028,
34.165479, 1.670142, 1.678198, 0.008057,
34.175579, 1.664502, 1.674976, 0.010474,
34.185797, 1.670142, 1.665308, -0.004834,
34.196249, 1.665308, 1.670142, 0.004834,
34.206471, 1.670142, 1.641943, -0.028198,
34.216795, 1.669336, 1.647583, -0.021753,
34.227136, 1.666113, 1.665308, -0.000806,
34.237684, 1.668530, 1.664502, -0.004028,
34.248015, 1.669336, 1.677393, 0.008057,
34.258134, 1.664502, 1.670142, 0.005640,
34.268235, 1.669336, 1.641943, -0.027393,
34.278578, 1.666113, 1.665308, -0.000806,
34.289023, 1.666919, 1.658057, -0.008862,
34.299473, 1.669336, 1.636304, -0.033032,
34.309923, 1.669336, 1.652417, -0.016919,
34.320253, 1.662891, 1.662085, -0.000806,
34.330577, 1.669336, 1.670142, 0.000806,
34.340933, 1.662891, 1.661279, -0.001611,
34.351246, 1.670142, 1.654834, -0.015308,
34.361701, 1.670947, 1.669336, -0.001611,
34.372031, 1.668530, 1.660474, -0.008057,
34.382466, 1.666919, 1.674170, 0.007251,
34.392703, 1.669336, 1.664502, -0.004834,
34.403028, 1.669336, 1.654028, -0.015308,
34.413467, 1.670142, 1.658057, -0.012085,
34.423807, 1.665308, 1.670142, 0.004834,
34.434015, 1.666113, 1.654834, -0.011279,
34.444362, 1.666113, 1.666919, 0.000806,
34.454470, 1.666113, 1.668530, 0.002417,
34.464696, 1.668530, 1.662085, -0.006445,
34.475027, 1.670947, 1.665308, -0.005640,
34.485481, 1.662891, 1.670142, 0.007251,
34.495701, 1.669336, 1.674170, 0.004834,
34.505885, 1.669336, 1.668530, -0.000806,
34.516133, 1.668530, 1.656445, -0.012085,
34.526473, 1.673364, 1.670142, -0.003223,
34.537018, 1.668530, 1.656445, -0.012085,
34.547357, 1.670142, 1.661279, -0.008862,
34.557806, 1.669336, 1.668530, -0.000806,
34.568171, 1.669336, 1.664502, -0.004834,
34.578469, 1.666113, 1.670142, 0.004028,
34.588593, 1.668530, 1.657251, -0.011279,
34.599026, 1.666919, 1.668530, 0.001611,
34.609255, 1.666113, 1.662085, -0.004028,
34.619576, 1.672559, 1.654834, -0.017725,
34.629929, 1.662085, 1.683032, 0.020947,
34.640219, 1.669336, 1.666113, -0.003223,
34.650474, 1.669336, 1.661279, -0.008057,
34.660922, 1.666113, 1.654834, -0.011279,
34.671338, 1.673364, 1.662085, -0.011279,
34.681770, 1.665308, 1.662085, -0.003223,
34.692133, 1.666919, 1.654028, -0.012891,
34.702467, 1.666113, 1.640332, -0.025781,
34.712922, 1.666919, 1.673364, 0.006445,
34.723023, 1.662085, 1.649194, -0.012891,
34.733485, 1.670142, 1.632275, -0.037866,
34.743915, 1.668530, 1.670142, 0.001611,
34.754023, 1.670142, 1.670142, 0.000000,
34.764133, 1.666113, 1.661279, -0.004834,
34.774477, 1.670142, 1.650806, -0.019336,
34.784918, 1.668530, 1.653223, -0.015308,
34.795358, 1.666919, 1.674170, 0.007251,
34.805475, 1.662085, 1.658057, -0.004028,
34.815815, 1.669336, 1.672559, 0.003223,
34.825925, 1.668530, 1.661279, -0.007251,
34.836355, 1.666113, 1.662085, -0.004028,
34.846707, 1.670142, 1.660474, -0.009668,
34.857131, 1.662085, 1.654834, -0.007251,
34.867468, 1.669336, 1.654028, -0.015308,
34.877805, 1.668530, 1.653223, -0.015308,
34.888253, 1.666919, 1.658862, -0.008057,
34.898708, 1.669336, 1.678198, 0.008862,
34.908922, 1.665308, 1.668530, 0.003223,
34.919028, 1.666919, 1.643555, -0.023364,
34.929382, 1.670142, 1.691089, 0.020947,
34.939703, 1.669336, 1.662891, -0.006445,
34.950022, 1.668530, 1.640332, -0.028198,
34.960391, 1.662085, 1.662085, 0.000000,
34.970518, 1.666919, 1.670142, 0.003223,
34.980576, 1.668530, 1.661279, -0.007251,
34.990921, 1.669336, 1.654028, -0.015308,
35.001351, 1.669336, 1.652417, -0.016919,
35.011806, 1.670947, 1.661279, -0.009668,
35.022140, 1.665308, 1.681421, 0.016113,
35.032360, 1.668530, 1.665308, -0.003223,
35.042808, 1.670142, 1.662891, -0.007251,
35.053138, 1.664502, 1.654028, -0.010474,
35.063597, 1.666113, 1.670142, 0.004028,
35.073771, 1.664502, 1.661279, -0.003223,
35.084152, 1.666919, 1.654028, -0.012891,
35.094592, 1.669336, 1.665308, -0.004028,
35.104926, 1.669336, 1.654834, -0.014502,
35.115362, 1.668530, 1.666919, -0.001611,
35.125737, 1.665308, 1.670142, 0.004834,
35.135919, 1.666919, 1.662085, -0.004834,
35.146358, 1.666113, 1.653223, -0.012891,
35.156770, 1.670947, 1.664502, -0.006445,
35.167030, 1.665308, 1.666113, 0.000806,
35.177132, 1.664502, 1.664502, 0.000000,
35.187253, 1.668530, 1.658862, -0.009668,
35.197701, 1.668530, 1.664502, -0.004028,
35.208132, 1.666919, 1.679004, 0.012085,
35.218252, 1.665308, 1.662085, -0.003223,
35.228570, 1.666113, 1.669336, 0.003223,
35.238811, 1.669336, 1.662085, -0.007251,
35.249146, 1.670142, 1.652417, -0.017725,
35.259597, 1.670142, 1.689478, 0.019336,
35.269749, 1.669336, 1.658862, -0.010474,
35.280024, 1.668530, 1.664502, -0.004028,
35.290275, 1.662085, 1.665308, 0.003223,
35.300473, 1.665308, 1.654028, -0.011279,
35.310922, 1.664502, 1.658862, -0.005640,
35.321262, 1.664502, 1.674976, 0.010474,
35.331474, 1.669336, 1.662085, -0.007251,
35.341995, 1.666919, 1.662085, -0.004834,
35.352251, 1.666919, 1.673364, 0.006445,
35.362363, 1.668530, 1.670947, 0.002417,
35.372471, 1.666113, 1.668530, 0.002417,
35.382701, 1.668530, 1.653223, -0.015308,
35.393143, 1.662085, 1.657251, -0.004834,
35.403474, 1.666113, 1.637109, -0.029004,
35.413815, 1.662085, 1.679004, 0.016919,
35.423924, 1.669336, 1.633081, -0.036255,
35.434362, 1.668530, 1.668530, 0.000000,
35.444470, 1.668530, 1.660474, -0.008057,
35.454823, 1.668530, 1.662085, -0.006445,
35.465259, 1.670142, 1.683838, 0.013696,
35.475367, 1.662891, 1.668530, 0.005640,
35.485576, 1.666919, 1.662085, -0.004834,
35.496039, 1.669336, 1.670947, 0.001611,
35.506256, 1.666919, 1.669336, 0.002417,
35.516360, 1.669336, 1.654028, -0.015308,
35.526711, 1.670142, 1.677393, 0.007251,
35.536995, 1.668530, 1.658862, -0.009668,
35.547254, 1.668530, 1.664502, -0.004028,
35.557697, 1.668530, 1.664502, -0.004028,
35.568067, 1.665308, 1.679810, 0.014502,
35.578142, 1.666919, 1.662085, -0.004834,
35.588574, 1.666919, 1.628247, -0.038672,
35.599374, 1.670142, 1.668530, -0.001611,
35.609806, 1.669336, 1.660474, -0.008862,
35.620140, 1.670142, 1.662891, -0.007251,
35.630363, 1.669336, 1.664502, -0.004834,
35.640805, 1.665308, 1.668530, 0.003223,
35.650941, 1.669336, 1.656445, -0.012891,
35.661360, 1.665308, 1.666113, 0.000806,
35.671567, 1.665308, 1.654834, -0.010474,
35.682004, 1.668530, 1.676587, 0.008057,
35.692135, 1.670947, 1.662891, -0.008057,
35.702482, 1.670142, 1.661279, -0.008862,
35.712926, 1.669336, 1.678198, 0.008862,
35.723024, 1.670947, 1.654834, -0.016113,
35.733358, 1.669336, 1.660474, -0.008862,
35.743758, 1.668530, 1.660474, -0.008057,
35.754026, 1.670947, 1.662085, -0.008862,
35.764358, 1.668530, 1.662891, -0.005640,
35.774713, 1.670947, 1.679004, 0.008057,
35.784920, 1.666919, 1.654834, -0.012085,
35.795359, 1.668530, 1.665308, -0.003223,
35.805794, 1.670142, 1.674170, 0.004028,
35.815925, 1.666919, 1.657251, -0.009668,
35.826258, 1.668530, 1.668530, 0.000000,
35.836361, 1.664502, 1.665308, 0.000806,
35.846520, 1.669336, 1.669336, 0.000000,
35.856706, 1.670142, 1.650806, -0.019336,
35.867025, 1.666919, 1.652417, -0.014502,
35.877360, 1.668530, 1.660474, -0.008057,
35.887771, 1.670142, 1.670947, 0.000806,
35.897921, 1.666113, 1.665308, -0.000806,
35.908359, 1.668530, 1.664502, -0.004028,
35.918708, 1.666919, 1.668530, 0.001611,
35.928810, 1.666113, 1.676587, 0.010474,
35.939137, 1.670142, 1.654834, -0.015308,
35.949479, 1.666919, 1.658862, -0.008057,
35.959908, 1.662891, 1.662085, -0.000806,
35.970271, 1.666919, 1.657251, -0.009668,
35.980672, 1.668530, 1.674976, 0.006445,
35.990813, 1.664502, 1.668530, 0.004028,
36.001020, 1.666113, 1.666113, 0.000000,
36.011146, 1.666919, 1.666919, 0.000000,
36.021141, 1.666919, 1.669336, 0.002417,
36.031341, 1.669336, 1.666919, -0.002417,
36.041710, 1.666919, 1.687060, 0.020142,
36.051816, 1.666113, 1.648389, -0.017725,
36.062260, 1.669336, 1.670142, 0.000806,
36.072440, 1.666113, 1.662085, -0.004028,
36.082809, 1.669336, 1.635498, -0.033838,
36.093258, 1.665308, 1.658057, -0.007251,
36.103595, 1.668530, 1.666113, -0.002417,
36.114040, 1.666919, 1.669336, 0.002417,
36.124136, 1.658862, 1.652417, -0.006445,
36.134591, 1.662085, 1.662085, 0.000000,
36.144707, 1.664502, 1.670947, 0.006445,
36.154822, 1.665308, 1.670142, 0.004834,
36.165033, 1.665308, 1.666113, 0.000806,
36.175168, 1.666919, 1.662891, -0.004028,
36.185580, 1.666919, 1.661279, -0.005640,
36.196028, 1.664502, 1.670142, 0.005640,
36.206256, 1.669336, 1.678198, 0.008862,
36.216365, 1.669336, 1.649194, -0.020142,
36.226705, 1.666919, 1.657251, -0.009668,
36.237222, 1.665308, 1.636304, -0.029004,
36.247573, 1.666919, 1.662891, -0.004028,
36.258030, 1.670142, 1.658862, -0.011279,
36.268323, 1.670947, 1.658862, -0.012085,
36.278594, 1.668530, 1.673364, 0.004834,
36.288823, 1.662085, 1.650806, -0.011279,
36.299263, 1.669336, 1.664502, -0.004834,
36.309708, 1.666113, 1.670142, 0.004028,
36.319819, 1.669336, 1.654028, -0.015308,
36.330151, 1.661279, 1.666919, 0.005640,
36.340450, 1.670142, 1.654834, -0.015308,
36.350708, 1.668530, 1.660474, -0.008057,
36.361154, 1.669336, 1.657251, -0.012085,
36.371566, 1.669336, 1.660474, -0.008862,
36.382008, 1.669336, 1.645166, -0.024170,
36.392349, 1.669336, 1.650000, -0.019336,
36.402705, 1.668530, 1.653223, -0.015308,
36.413145, 1.670142, 1.662085, -0.008057,
36.423481, 1.668530, 1.654028, -0.014502,
36.433928, 1.662085, 1.654834, -0.007251,
36.444360, 1.668530, 1.666919, -0.001611,
36.452126, 1.670142, 1.658862, -0.011279,
36.458269, 1.666919, 1.664502, -0.002417,
36.468650, 1.666113, 1.658057, -0.008057,
36.478945, 1.665308, 1.658862, -0.006445,
36.489360, 1.666919, 1.665308, -0.001611,
36.499810, 1.665308, 1.662085, -0.003223,
36.510262, 1.668530, 1.650806, -0.017725,
36.520580, 1.669336, 1.668530, -0.000806,
36.531017, 1.662085, 1.661279, -0.000806,
36.541358, 1.668530, 1.670142, 0.001611,
36.551471, 1.670142, 1.649194, -0.020947,
36.561817, 1.668530, 1.670142, 0.001611,
36.572022, 1.665308, 1.674976, 0.009668,
36.582146, 1.666919, 1.666113, -0.000806,
36.592578, 1.669336, 1.662085, -0.007251,
36.602931, 1.669336, 1.652417, -0.016919,
36.613360, 1.669336, 1.687060, 0.017725,
36.623477, 1.665308, 1.657251, -0.008057,
36.633933, 1.670142, 1.654834, -0.015308,
36.644367, 1.670142, 1.670947, 0.000806,
36.654482, 1.670142, 1.670142, 0.000000,
36.664595, 1.666113, 1.657251, -0.008862,
36.674927, 1.668530, 1.658862, -0.009668,
36.685367, 1.668530, 1.660474, -0.008057,
36.695804, 1.670142, 1.670142, 0.000000,
36.706029, 1.674170, 1.657251, -0.016919,
36.716362, 1.668530, 1.653223, -0.015308,
36.726708, 1.666919, 1.662085, -0.004834,
36.737157, 1.670142, 1.662891, -0.007251,
36.747488, 1.668530, 1.670947, 0.002417,
36.757704, 1.665308, 1.629053, -0.036255,
36.768080, 1.665308, 1.662085, -0.003223,
36.778363, 1.668530, 1.678198, 0.009668,
36.788478, 1.670142, 1.654834, -0.015308,
36.798931, 1.664502, 1.662085, -0.002417,
36.809365, 1.666919, 1.662085, -0.004834,
36.819708, 1.668530, 1.645972, -0.022559,
36.830058, 1.670142, 1.661279, -0.008862,
36.840483, 1.666113, 1.668530, 0.002417,
36.850593, 1.666113, 1.650000, -0.016113,
36.861042, 1.668530, 1.666919, -0.001611,
36.871387, 1.664502, 1.645166, -0.019336,
36.881792, 1.666113, 1.660474, -0.005640,
36.892270, 1.666919, 1.672559, 0.005640,
36.902367, 1.668530, 1.670947, 0.002417,
36.912529, 1.670142, 1.677393, 0.007251,
36.922594, 1.668530, 1.656445, -0.012085,
36.933029, 1.670142, 1.666919, -0.003223,
36.943371, 1.665308, 1.656445, -0.008862,
36.953716, 1.665308, 1.662891, -0.002417,
36.964147, 1.666919, 1.670142, 0.003223,
36.974261, 1.669336, 1.657251, -0.012085,
36.984709, 1.669336, 1.658057, -0.011279,
36.995145, 1.665308, 1.668530, 0.003223,
37.005262, 1.670142, 1.662085, -0.008057,
37.015593, 1.660474, 1.670142, 0.009668,
37.025709, 1.669336, 1.670947, 0.001611,
37.035930, 1.668530, 1.664502, -0.004028,
37.046361, 1.666919, 1.674170, 0.007251,
37.056561, 1.666919, 1.653223, -0.013696,
37.066929, 1.664502, 1.656445, -0.008057,
37.077266, 1.666919, 1.657251, -0.009668,
37.087705, 1.666919, 1.662891, -0.004028,
37.098155, 1.669336, 1.670947, 0.001611,
37.108356, 1.666113, 1.658862, -0.007251,
37.118711, 1.668530, 1.660474, -0.008057,
37.129027, 1.666919, 1.673364, 0.006445,
37.139269, 1.668530, 1.660474, -0.008057,
37.149596, 1.664502, 1.654028, -0.010474,
37.160042, 1.662891, 1.668530, 0.005640,
37.170103, 1.670142, 1.660474, -0.009668,
37.180481, 1.664502, 1.686255, 0.021753,
37.190600, 1.669336, 1.661279, -0.008057,
37.201035, 1.668530, 1.673364, 0.004834,
37.211024, 1.669336, 1.672559, 0.003223,
37.221039, 1.669336, 1.677393, 0.008057,
37.231261, 1.668530, 1.670947, 0.002417,
37.241497, 1.661279, 1.654834, -0.006445,
37.251825, 1.665308, 1.660474, -0.004834,
37.262260, 1.665308, 1.664502, -0.000806,
37.272597, 1.660474, 1.657251, -0.003223,
37.283040, 1.669336, 1.660474, -0.008862,
37.293449, 1.670142, 1.662085, -0.008057,
37.303711, 1.662085, 1.658057, -0.004028,
37.314150, 1.669336, 1.677393, 0.008057,
37.324259, 1.669336, 1.661279, -0.008057,
37.334682, 1.662085, 1.662085, 0.000000,
37.344935, 1.669336, 1.652417, -0.016919,
37.355282, 1.665308, 1.653223, -0.012085,
37.365719, 1.669336, 1.666919, -0.002417,
37.376030, 1.668530, 1.643555, -0.024976,
37.386369, 1.666113, 1.654834, -0.011279,
37.396818, 1.668530, 1.668530, 0.000000,
37.407002, 1.670142, 1.665308, -0.004834,
37.417270, 1.666919, 1.662085, -0.004834,
37.427580, 1.666919, 1.650000, -0.016919,
37.438145, 1.670142, 1.658057, -0.012085,
37.448482, 1.666919, 1.670142, 0.003223,
37.458709, 1.668530, 1.650000, -0.018530,
37.469083, 1.670142, 1.658862, -0.011279,
37.479365, 1.670142, 1.670142, 0.000000,
37.489485, 1.665308, 1.656445, -0.008862,
37.499934, 1.669336, 1.678198, 0.008862,
37.510156, 1.669336, 1.650806, -0.018530,
37.520487, 1.672559, 1.662085, -0.010474,
37.530901, 1.669336, 1.669336, 0.000000,
37.541044, 1.670142, 1.653223, -0.016919,
37.551393, 1.666919, 1.662085, -0.004834,
37.561824, 1.670947, 1.677393, 0.006445,
37.571973, 1.665308, 1.664502, -0.000806,
37.582380, 1.665308, 1.674170, 0.008862,
37.592591, 1.670142, 1.670142, 0.000000,
37.602711, 1.665308, 1.633081, -0.032227,
37.613149, 1.670142, 1.668530, -0.001611,
37.623487, 1.669336, 1.670142, 0.000806,
37.633712, 1.666919, 1.649194, -0.017725,
37.644149, 1.666919, 1.668530, 0.001611,
37.654260, 1.666919, 1.662891, -0.004028,
37.664609, 1.668530, 1.662085, -0.006445,
37.674935, 1.668530, 1.665308, -0.003223,
37.685372, 1.668530, 1.654834, -0.013696,
37.695818, 1.666919, 1.666919, 0.000000,
37.706030, 1.669336, 1.668530, -0.000806,
37.716267, 1.662085, 1.639526, -0.022559,
37.726602, 1.670142, 1.662891, -0.007251,
37.737133, 1.668530, 1.662085, -0.006445,
37.747399, 1.668530, 1.662085, -0.006445,
37.757824, 1.670142, 1.665308, -0.004834,
37.768200, 1.666919, 1.668530, 0.001611,
37.778263, 1.664502, 1.665308, 0.000806,
37.788386, 1.666919, 1.666113, -0.000806,
37.798826, 1.669336, 1.670142, 0.000806,
37.809028, 1.670142, 1.658862, -0.011279,
37.819364, 1.666919, 1.650000, -0.016919,
37.829716, 1.662085, 1.679004, 0.016919,
37.840028, 1.665308, 1.657251, -0.008057,
37.850267, 1.666113, 1.662085, -0.004028,
37.860713, 1.666113, 1.670947, 0.004834,
37.870882, 1.670947, 1.668530, -0.002417,
37.881262, 1.669336, 1.662891, -0.006445,
37.891669, 1.668530, 1.627441, -0.041089,
37.901988, 1.670142, 1.654028, -0.016113,
37.912357, 1.662085, 1.674170, 0.012085,
37.922418, 1.674976, 1.661279, -0.013696,
37.932816, 1.669336, 1.658862, -0.010474,
37.943269, 1.660474, 1.665308, 0.004834,
37.953371, 1.672559, 1.652417, -0.020142,
37.963817, 1.664502, 1.673364, 0.008862,
37.973942, 1.670142, 1.656445, -0.013696,
37.984370, 1.669336, 1.670142, 0.000806,
37.994578, 1.668530, 1.669336, 0.000806,
38.004711, 1.666113, 1.654834, -0.011279,
38.015150, 1.669336, 1.665308, -0.004028,
38.025487, 1.665308, 1.660474, -0.004834,
38.035931, 1.668530, 1.664502, -0.004028,
38.046259, 1.669336, 1.666919, -0.002417,
38.056707, 1.666113, 1.664502, -0.001611,
38.067050, 1.666919, 1.654834, -0.012085,
38.077380, 1.665308, 1.662085, -0.003223,
38.087768, 1.662085, 1.677393, 0.015308,
38.097932, 1.669336, 1.674976, 0.005640,
38.108146, 1.662085, 1.662085, 0.000000,
38.118158, 1.669336, 1.668530, -0.000806,
38.128486, 1.664502, 1.669336, 0.004834,
38.138720, 1.666919, 1.658862, -0.008057,
38.149038, 1.670947, 1.668530, -0.002417,
38.159368, 1.666113, 1.658862, -0.007251,
38.169775, 1.666919, 1.662085, -0.004834,
38.180049, 1.670142, 1.661279, -0.008862,
38.190372, 1.669336, 1.668530, -0.000806,
38.200821, 1.662085, 1.662085, 0.000000,
38.211038, 1.668530, 1.662891, -0.005640,
38.221262, 1.674170, 1.644360, -0.029810,
38.231714, 1.670142, 1.670947, 0.000806,
38.241940, 1.666113, 1.660474, -0.005640,
38.252272, 1.669336, 1.673364, 0.004028,
38.262489, 1.668530, 1.691089, 0.022559,
38.272679, 1.670142, 1.658862, -0.011279,
38.283031, 1.661279, 1.674170, 0.012891,
38.293265, 1.668530, 1.662085, -0.006445,
38.303597, 1.668530, 1.633887, -0.034644,
38.314038, 1.666919, 1.674976, 0.008057,
38.324157, 1.668530, 1.665308, -0.003223,
38.334602, 1.670142, 1.661279, -0.008862,
38.345155, 1.670947, 1.677393, 0.006445,
38.355267, 1.670142, 1.664502, -0.005640,
38.365601, 1.669336, 1.662085, -0.007251,
38.375928, 1.669336, 1.665308, -0.004028,
38.386374, 1.665308, 1.650806, -0.014502,
38.396819, 1.668530, 1.658862, -0.009668,
38.407265, 1.670142, 1.657251, -0.012891,
38.417600, 1.670142, 1.664502, -0.005640,
38.427937, 1.666919, 1.676587, 0.009668,
38.438262, 1.669336, 1.654834, -0.014502,
38.448599, 1.670142, 1.662891, -0.007251,
38.458713, 1.670947, 1.652417, -0.018530,
38.469137, 1.669336, 1.656445, -0.012891,
38.479508, 1.669336, 1.674976, 0.005640,
38.481469, 1.666919, 1.670947, 0.004028,
38.491925, 1.669336, 1.668530, -0.000806,
38.502268, 1.668530, 1.650806, -0.017725,
38.512720, 1.666919, 1.670142, 0.003223,
38.522825, 1.665308, 1.654028, -0.011279,
38.533287, 1.669336, 1.662085, -0.007251,
38.543716, 1.669336, 1.670947, 0.001611,
38.553818, 1.672559, 1.661279, -0.011279,
38.564264, 1.668530, 1.674170, 0.005640,
38.574378, 1.666113, 1.669336, 0.003223,
38.584599, 1.670142, 1.654834, -0.015308,
38.595035, 1.670142, 1.670142, 0.000000,
38.605122, 1.670142, 1.666919, -0.003223,
38.615483, 1.669336, 1.670142, 0.000806,
38.625516, 1.668530, 1.668530, 0.000000,
38.635827, 1.661279, 1.644360, -0.016919,
38.646266, 1.666113, 1.674170, 0.008057,
38.656482, 1.670947, 1.654834, -0.016113,
38.666831, 1.666113, 1.654028, -0.012085,
38.677163, 1.664502, 1.662085, -0.002417,
38.687560, 1.666919, 1.643555, -0.023364,
38.698044, 1.666919, 1.668530, 0.001611,
38.708269, 1.668530, 1.666113, -0.002417,
38.718593, 1.666919, 1.678198, 0.011279,
38.728714, 1.666113, 1.670142, 0.004028,
38.739037, 1.668530, 1.637109, -0.031421,
38.749375, 1.670142, 1.669336, -0.000806,
38.759822, 1.666919, 1.670142, 0.003223,
38.768715, 1.666113, 1.661279, -0.004834,
38.779047, 1.666113, 1.689478, 0.023364,
38.789273, 1.670947, 1.660474, -0.010474,
38.799726, 1.666113, 1.660474, -0.005640,
38.810158, 1.666919, 1.666113, -0.000806,
38.820485, 1.670947, 1.658057, -0.012891,
38.830914, 1.666113, 1.633081, -0.033032,
38.841272, 1.666919, 1.648389, -0.018530,
38.851603, 1.670142, 1.649194, -0.020947,
38.862068, 1.664502, 1.674976, 0.010474,
38.872254, 1.666919, 1.654834, -0.012085,
38.882714, 1.666919, 1.666113, -0.000806,
38.893150, 1.669336, 1.661279, -0.008057,
38.903482, 1.672559, 1.658862, -0.013696,
38.913820, 1.662085, 1.660474, -0.001611,
38.924153, 1.666113, 1.668530, 0.002417,
38.934380, 1.668530, 1.654834, -0.013696,
38.944827, 1.664502, 1.670947, 0.006445,
38.954934, 1.665308, 1.668530, 0.003223,
38.965040, 1.666919, 1.660474, -0.006445,
38.975375, 1.664502, 1.665308, 0.000806,
38.985594, 1.669336, 1.661279, -0.008057,
38.996047, 1.669336, 1.661279, -0.008057,
39.006489, 1.670142, 1.658057, -0.012085,
39.016824, 1.673364, 1.664502, -0.008862,
39.027164, 1.668530, 1.660474, -0.008057,
39.037597, 1.666919, 1.669336, 0.002417,
39.047716, 1.662891, 1.669336, 0.006445,
39.057964, 1.670947, 1.666919, -0.004028,
39.068309, 1.669336, 1.657251, -0.012085,
39.078603, 1.666113, 1.662085, -0.004028,
39.089040, 1.664502, 1.650000, -0.014502,
39.099374, 1.670142, 1.664502, -0.005640,
39.109827, 1.668530, 1.652417, -0.016113,
39.120155, 1.668530, 1.662085, -0.006445,
39.130489, 1.669336, 1.654834, -0.014502,
39.140936, 1.664502, 1.670947, 0.006445,
39.151035, 1.666113, 1.662891, -0.003223,
39.161380, 1.668530, 1.665308, -0.003223,
39.171727, 1.664502, 1.653223, -0.011279,
39.182151, 1.668530, 1.665308, -0.003223,
39.192576, 1.668530, 1.664502, -0.004028,
39.202934, 1.665308, 1.645972, -0.019336,
39.213375, 1.670142, 1.644360, -0.025781,
39.223716, 1.670947, 1.636304, -0.034644,
39.234159, 1.664502, 1.648389, -0.016113,
39.244597, 1.660474, 1.666919, 0.006445,
39.254753, 1.665308, 1.670947, 0.005640,
39.264937, 1.668530, 1.660474, -0.008057,
39.275266, 1.669336, 1.662085, -0.007251,
39.285726, 1.669336, 1.660474, -0.008862,
39.296158, 1.662085, 1.672559, 0.010474,
39.306353, 1.666919, 1.664502, -0.002417,
39.316601, 1.665308, 1.641943, -0.023364,
39.326934, 1.665308, 1.658057, -0.007251,
39.337535, 1.662891, 1.645972, -0.016919,
39.347818, 1.669336, 1.670142, 0.000806,
39.358036, 1.672559, 1.670142, -0.002417,
39.368430, 1.668530, 1.665308, -0.003223,
39.378726, 1.668530, 1.658057, -0.010474,
39.389155, 1.668530, 1.665308, -0.003223,
39.399606, 1.661279, 1.676587, 0.015308,
39.409827, 1.660474, 1.658057, -0.002417,
39.420157, 1.664502, 1.660474, -0.004028,
39.430490, 1.670947, 1.637109, -0.033838,
39.440945, 1.670142, 1.668530, -0.001611,
39.451291, 1.662891, 1.661279, -0.001611,
39.461729, 1.665308, 1.669336, 0.004028,
39.471839, 1.669336, 1.654834, -0.014502,
39.482274, 1.669336, 1.662085, -0.007251,
39.492716, 1.670947, 1.665308, -0.005640,
39.503053, 1.661279, 1.654028, -0.007251,
39.513484, 1.666113, 1.665308, -0.000806,
39.523573, 1.669336, 1.653223, -0.016113,
39.533934, 1.669336, 1.654834, -0.014502,
39.544374, 1.662891, 1.664502, 0.001611,
39.554483, 1.669336, 1.665308, -0.004028,
39.564834, 1.662085, 1.662085, 0.000000,
39.574951, 1.670142, 1.661279, -0.008862,
39.585384, 1.669336, 1.664502, -0.004834,
39.595820, 1.666919, 1.690283, 0.023364,
39.606038, 1.668530, 1.662085, -0.006445,
39.616273, 1.666919, 1.660474, -0.006445,
39.626603, 1.666919, 1.670142, 0.003223,
39.636909, 1.664502, 1.661279, -0.003223,
39.647270, 1.670947, 1.661279, -0.009668,
39.657703, 1.670142, 1.645972, -0.024170,
39.668087, 1.670142, 1.660474, -0.009668,
39.678366, 1.670142, 1.669336, -0.000806,
39.688728, 1.668530, 1.664502, -0.004028,
39.699152, 1.665308, 1.664502, -0.000806,
39.709600, 1.669336, 1.650806, -0.018530,
39.719935, 1.670142, 1.654028, -0.016113,
39.730274, 1.662891, 1.660474, -0.002417,
39.740717, 1.666113, 1.666113, 0.000000,
39.750747, 1.670142, 1.665308, -0.004834,
39.761164, 1.661279, 1.654028, -0.007251,
39.771559, 1.668530, 1.661279, -0.007251,
39.781943, 1.662891, 1.669336, 0.006445,
39.792154, 1.666919, 1.677393, 0.010474,
39.802280, 1.668530, 1.652417, -0.016113,
39.812725, 1.662085, 1.661279, -0.000806,
39.823044, 1.670142, 1.644360, -0.025781,
39.833495, 1.665308, 1.653223, -0.012085,
39.843942, 1.666919, 1.654834, -0.012085,
39.854275, 1.666919, 1.660474, -0.006445,
39.864595, 1.662891, 1.666113, 0.003223,
39.874733, 1.668530, 1.666919, -0.001611,
39.885163, 1.668530, 1.669336, 0.000806,
39.895372, 1.666919, 1.665308, -0.001611,
39.905815, 1.668530, 1.666919, -0.001611,
39.916159, 1.668530, 1.668530, 0.000000,
39.926163, 1.668530, 1.662085, -0.006445,
39.936673, 1.669336, 1.650806, -0.018530,
39.946957, 1.669336, 1.677393, 0.008057,
39.957161, 1.670142, 1.658057, -0.012085,
39.967491, 1.662891, 1.662085, -0.000806,
39.977845, 1.666113, 1.669336, 0.003223,
39.988050, 1.668530, 1.633081, -0.035449,
39.998401, 1.668530, 1.676587, 0.008057,
40.008600, 1.666113, 1.654028, -0.012085,
40.018943, 1.668530, 1.656445, -0.012085,
40.029274, 1.666919, 1.645166, -0.021753,
40.039818, 1.666113, 1.633887, -0.032227,
40.050167, 1.666113, 1.662085, -0.004028,
40.060595, 1.662891, 1.668530, 0.005640,
40.070727, 1.669336, 1.666919, -0.002417,
40.081139, 1.668530, 1.662891, -0.005640,
40.091376, 1.662085, 1.652417, -0.009668,
40.101730, 1.666113, 1.670142, 0.004028,
40.111934, 1.666919, 1.668530, 0.001611,
40.122046, 1.658862, 1.658862, 0.000000,
40.132155, 1.668530, 1.665308, -0.003223,
40.142599, 1.666919, 1.683838, 0.016919,
40.152726, 1.669336, 1.658862, -0.010474,
40.163154, 1.665308, 1.668530, 0.003223,
40.173285, 1.666113, 1.639526, -0.026587,
40.183738, 1.669336, 1.654834, -0.014502,
40.194164, 1.666919, 1.658862, -0.008057,
40.204499, 1.665308, 1.670142, 0.004834,
40.214619, 1.669336, 1.679810, 0.010474,
40.224733, 1.669336, 1.664502, -0.004834,
40.235159, 1.665308, 1.662085, -0.003223,
40.245612, 1.665308, 1.660474, -0.004834,
40.256034, 1.666113, 1.654028, -0.012085,
40.266278, 1.668530, 1.660474, -0.008057,
40.276607, 1.665308, 1.666113, 0.000806,
40.286825, 1.670142, 1.647583, -0.022559,
40.297279, 1.669336, 1.665308, -0.004028,
40.307721, 1.662085, 1.670142, 0.008057,
40.317824, 1.666113, 1.657251, -0.008862,
40.328158, 1.666113, 1.660474, -0.005640,
40.338689, 1.673364, 1.654834, -0.018530,
40.349038, 1.669336, 1.677393, 0.008057,
40.359158, 1.665308, 1.664502, -0.000806,
40.369485, 1.670142, 1.657251, -0.012891,
40.379760, 1.669336, 1.664502, -0.004834,
40.390166, 1.670947, 1.673364, 0.002417,
40.400381, 1.662891, 1.661279, -0.001611,
40.410829, 1.665308, 1.658057, -0.007251,
40.421166, 1.670142, 1.650806, -0.019336,
40.431573, 1.665308, 1.674976, 0.009668,
40.441728, 1.664502, 1.676587, 0.012085,
40.451845, 1.669336, 1.660474, -0.008862,
40.462273, 1.666113, 1.676587, 0.010474,
40.472488, 1.662085, 1.661279, -0.000806,
40.482917, 1.666919, 1.664502, -0.002417,
40.493353, 1.666113, 1.666113, 0.000000,
40.503379, 1.672559, 1.660474, -0.012085,
40.513832, 1.666919, 1.691089, 0.024170,
40.523943, 1.666919, 1.666113, -0.000806,
40.534382, 1.665308, 1.654834, -0.010474,
40.544827, 1.662891, 1.660474, -0.002417,
40.555162, 1.661279, 1.633081, -0.028198,
40.565506, 1.670142, 1.639526, -0.030615,
40.575829, 1.666919, 1.677393, 0.010474,
40.586043, 1.666919, 1.662085, -0.004834,
40.596494, 1.666919, 1.670142, 0.003223,
40.606718, 1.666919, 1.662085, -0.004834,
40.617045, 1.662891, 1.679810, 0.016919,
40.627097, 1.664502, 1.661279, -0.003223,
40.637568, 1.660474, 1.662085, 0.001611,
40.647609, 1.670142, 1.661279, -0.008862,
40.658052, 1.658862, 1.649194, -0.009668,
40.668452, 1.672559, 1.644360, -0.028198,
40.678730, 1.668530, 1.670947, 0.002417,
40.688878, 1.666919, 1.657251, -0.009668,
40.699286, 1.662085, 1.672559, 0.010474,
40.709495, 1.669336, 1.677393, 0.008057,
40.719612, 1.666919, 1.652417, -0.014502,
40.729943, 1.670142, 1.664502, -0.005640,
40.740387, 1.669336, 1.666919, -0.002417,
40.750725, 1.666113, 1.658862, -0.007251,
40.761163, 1.669336, 1.668530, -0.000806,
40.771556, 1.670142, 1.662085, -0.008057,
40.781941, 1.668530, 1.662085, -0.006445,
40.792370, 1.670142, 1.656445, -0.013696,
40.802734, 1.669336, 1.658862, -0.010474,
40.813158, 1.665308, 1.662085, -0.003223,
40.823498, 1.666113, 1.650000, -0.016113,
40.833943, 1.668530, 1.656445, -0.012085,
40.844381, 1.662891, 1.658057, -0.004834,
40.854727, 1.666113, 1.672559, 0.006445,
40.864939, 1.670142, 1.654834, -0.015308,
40.875278, 1.666919, 1.661279, -0.005640,
40.885740, 1.668530, 1.653223, -0.015308,
40.896157, 1.664502, 1.674170, 0.009668,
40.906372, 1.670142, 1.668530, -0.001611,
40.916607, 1.665308, 1.658862, -0.006445,
40.926953, 1.662085, 1.657251, -0.004834,
40.937457, 1.670142, 1.670947, 0.000806,
40.947505, 1.668530, 1.657251, -0.011279,
40.957942, 1.669336, 1.670947, 0.001611,
40.968097, 1.664502, 1.650806, -0.013696,
40.978385, 1.669336, 1.670142, 0.000806,
40.988497, 1.665308, 1.666919, 0.001611,
40.998721, 1.670947, 1.649194, -0.021753,
41.009163, 1.670142, 1.664502, -0.005640,
41.019500, 1.668530, 1.650806, -0.017725,
41.029831, 1.670947, 1.670947, 0.000000,
41.040054, 1.666113, 1.658862, -0.007251,
41.050385, 1.669336, 1.660474, -0.008862,
41.060800, 1.673364, 1.662085, -0.011279,
41.071158, 1.666919, 1.676587, 0.009668,
41.081322, 1.669336, 1.674170, 0.004834,
41.091389, 1.665308, 1.665308, 0.000000,
41.101494, 1.669336, 1.662085, -0.007251,
41.111830, 1.666113, 1.669336, 0.003223,
41.121952, 1.668530, 1.654834, -0.013696,
41.132383, 1.666919, 1.669336, 0.002417,
41.142615, 1.666919, 1.636304, -0.030615,
41.152942, 1.662085, 1.645166, -0.016919,
41.163378, 1.669336, 1.670142, 0.000806,
41.173497, 1.673364, 1.654834, -0.018530,
41.183947, 1.666113, 1.662085, -0.004028,
41.194382, 1.670142, 1.664502, -0.005640,
41.204731, 1.661279, 1.672559, 0.011279,
41.214948, 1.664502, 1.668530, 0.004028,
41.225062, 1.670142, 1.660474, -0.009668,
41.235500, 1.670142, 1.662891, -0.007251,
41.245833, 1.670142, 1.670947, 0.000806,
41.256033, 1.669336, 1.662085, -0.007251,
41.266281, 1.669336, 1.673364, 0.004028,
41.276385, 1.662085, 1.662085, 0.000000,
41.286529, 1.673364, 1.649194, -0.024170,
41.296950, 1.668530, 1.664502, -0.004028,
41.307384, 1.668530, 1.662085, -0.006445,
41.317742, 1.669336, 1.662085, -0.007251,
41.328054, 1.666919, 1.679004, 0.012085,
41.338439, 1.670142, 1.635498, -0.034644,
41.348730, 1.666919, 1.664502, -0.002417,
41.359176, 1.665308, 1.665308, 0.000000,
41.369320, 1.668530, 1.662891, -0.005640,
41.379609, 1.666919, 1.648389, -0.018530,
41.390009, 1.666919, 1.662891, -0.004028,
41.400389, 1.670142, 1.645972, -0.024170,
41.410834, 1.669336, 1.669336, 0.000000,
41.420984, 1.664502, 1.656445, -0.008057,
41.431302, 1.670142, 1.670142, 0.000000,
41.441500, 1.666919, 1.665308, -0.001611,
41.451826, 1.669336, 1.662085, -0.007251,
41.462285, 1.669336, 1.676587, 0.007251,
41.472400, 1.670947, 1.650806, -0.020142,
41.482855, 1.668530, 1.654834, -0.013696,
41.493282, 1.672559, 1.672559, 0.000000,
41.503382, 1.670142, 1.653223, -0.016919,
41.513833, 1.673364, 1.674170, 0.000806,
41.523949, 1.665308, 1.670142, 0.004834,
41.534168, 1.669336, 1.658862, -0.010474,
41.544619, 1.669336, 1.658862, -0.010474,
41.554950, 1.670142, 1.657251, -0.012891,
41.565281, 1.666919, 1.665308, -0.001611,
41.575612, 1.669336, 1.666113, -0.003223,
41.586055, 1.666919, 1.670142, 0.003223,
41.596182, 1.670142, 1.668530, -0.001611,
41.606597, 1.670947, 1.658862, -0.012085,
41.616945, 1.665308, 1.678198, 0.012891,
41.627046, 1.665308, 1.654834, -0.010474,
41.637496, 1.672559, 1.661279, -0.011279,
41.647835, 1.658862, 1.678198, 0.019336,
41.658048, 1.666919, 1.656445, -0.010474,
41.668434, 1.666919, 1.674170, 0.007251,
41.678496, 1.668530, 1.672559, 0.004028,
41.688722, 1.666919, 1.668530, 0.001611,
41.698941, 1.670142, 1.662085, -0.008057,
41.709395, 1.668530, 1.658862, -0.009668,
41.719736, 1.666113, 1.654834, -0.011279,
41.730064, 1.662085, 1.678198, 0.016113,
41.740285, 1.666919, 1.657251, -0.009668,
41.750622, 1.670142, 1.654834, -0.015308,
41.761050, 1.670142, 1.662085, -0.008057,
41.771320, 1.670947, 1.664502, -0.006445,
41.781735, 1.668530, 1.665308, -0.003223,
41.792175, 1.669336, 1.662085, -0.007251,
41.802510, 1.664502, 1.660474, -0.004028,
41.812960, 1.664502, 1.666919, 0.002417,
41.823054, 1.670142, 1.669336, -0.000806,
41.833390, 1.662891, 1.662085, -0.000806,
41.843838, 1.669336, 1.670142, 0.000806,
41.853957, 1.670142, 1.666919, -0.003223,
41.864376, 1.670947, 1.662891, -0.008057,
41.874729, 1.670142, 1.669336, -0.000806,
41.885160, 1.669336, 1.654834, -0.014502,
41.895607, 1.666919, 1.670142, 0.003223,
41.905819, 1.669336, 1.660474, -0.008862,
41.916165, 1.662891, 1.662891, 0.000000,
41.926162, 1.665308, 1.673364, 0.008057,
41.936283, 1.670142, 1.657251, -0.012891,
41.946722, 1.666113, 1.654834, -0.011279,
41.957165, 1.664502, 1.662085, -0.002417,
41.967497, 1.669336, 1.661279, -0.008057,
41.977839, 1.666113, 1.654028, -0.012085,
41.988276, 1.668530, 1.657251, -0.011279,
41.998729, 1.665308, 1.665308, 0.000000,
42.008954, 1.670142, 1.654834, -0.015308,
42.019284, 1.666919, 1.641138, -0.025781,
42.029615, 1.666113, 1.660474, -0.005640,
42.040172, 1.666919, 1.662891, -0.004028,
42.050505, 1.668530, 1.670947, 0.002417,
42.060725, 1.662891, 1.662085, -0.000806,
42.071069, 1.668530, 1.658862, -0.009668,
42.081499, 1.669336, 1.670142, 0.000806,
42.091614, 1.670142, 1.679004, 0.008862,
42.101840, 1.669336, 1.658862, -0.010474,
42.112282, 1.668530, 1.673364, 0.004834,
42.122395, 1.669336, 1.662085, -0.007251,
42.132834, 1.664502, 1.665308, 0.000806,
42.143050, 1.662891, 1.656445, -0.006445,
42.153283, 1.669336, 1.645972, -0.023364,
42.163618, 1.669336, 1.670142, 0.000806,
42.173737, 1.668530, 1.641138, -0.027393,
42.184170, 1.664502, 1.640332, -0.024170,
42.194629, 1.670142, 1.662085, -0.008057,
42.204970, 1.669336, 1.672559, 0.003223,
42.215064, 1.668530, 1.664502, -0.004028,
42.225375, 1.672559, 1.652417, -0.020142,
42.235746, 1.668530, 1.670142, 0.001611,
42.245957, 1.665308, 1.674976, 0.009668,
42.256140, 1.670142, 1.654834, -0.015308,
42.266388, 1.670142, 1.662085, -0.008057,
42.276735, 1.672559, 1.670142, -0.002417,
42.287180, 1.670142, 1.654834, -0.015308,
42.297611, 1.670142, 1.670142, 0.000000,
42.307833, 1.666113, 1.664502, -0.001611,
42.318165, 1.662891, 1.679810, 0.016919,
42.328286, 1.670142, 1.662891, -0.007251,
42.338823, 1.670947, 1.662085, -0.008862,
42.349176, 1.670142, 1.674170, 0.004028,
42.359386, 1.668530, 1.657251, -0.011279,
42.369799, 1.666113, 1.660474, -0.005640,
42.380051, 1.666113, 1.670142, 0.004028,
42.390175, 1.662085, 1.657251, -0.004834,
42.400646, 1.666113, 1.670142, 0.004028,
42.410840, 1.664502, 1.668530, 0.004028,
42.420952, 1.664502, 1.660474, -0.004028,
42.431325, 1.670142, 1.654834, -0.015308,
42.441743, 1.664502, 1.666919, 0.002417,
42.451844, 1.668530, 1.662891, -0.005640,
42.462284, 1.669336, 1.677393, 0.008057,
42.472420, 1.670142, 1.665308, -0.004834,
42.482830, 1.666113, 1.662891, -0.003223,
42.493290, 1.670142, 1.662891, -0.007251,
42.503616, 1.669336, 1.658057, -0.011279,
42.514057, 1.664502, 1.668530, 0.004028,
42.524166, 1.670142, 1.654834, -0.015308,
42.534649, 1.670142, 1.653223, -0.016919,
42.545050, 1.670142, 1.662085, -0.008057,
42.555292, 1.670142, 1.648389, -0.021753,
42.565614, 1.669336, 1.662891, -0.006445,
42.575916, 1.668530, 1.674976, 0.006445,
42.586062, 1.661279, 1.673364, 0.012085,
42.596284, 1.662085, 1.660474, -0.001611,
42.606735, 1.666919, 1.654834, -0.012085,
42.617064, 1.670142, 1.662891, -0.007251,
42.627384, 1.664502, 1.662085, -0.002417,
42.637927, 1.670142, 1.669336, -0.000806,
42.648167, 1.665308, 1.677393, 0.012085,
42.658360, 1.666113, 1.662085, -0.004028,
42.668744, 1.666113, 1.661279, -0.004834,
42.679071, 1.669336, 1.668530, -0.000806,
42.689500, 1.666919, 1.658862, -0.008057,
42.699955, 1.668530, 1.673364, 0.004834,
42.710175, 1.668530, 1.665308, -0.003223,
42.720502, 1.669336, 1.658057, -0.011279,
42.730931, 1.670142, 1.674976, 0.004834,
42.741053, 1.670142, 1.668530, -0.001611,
42.751377, 1.669336, 1.652417, -0.016919,
42.761833, 1.670142, 1.658057, -0.012085,
42.772242, 1.666919, 1.658057, -0.008862,
42.782613, 1.670142, 1.670947, 0.000806,
42.792813, 1.666113, 1.662891, -0.003223,
42.803170, 1.673364, 1.653223, -0.020142,
42.813628, 1.666919, 1.670947, 0.004028,
42.823727, 1.666919, 1.664502, -0.002417,
42.834169, 1.666919, 1.656445, -0.010474,
42.844621, 1.669336, 1.664502, -0.004834,
42.854951, 1.668530, 1.668530, 0.000000,
42.865052, 1.670142, 1.658862, -0.011279,
42.875415, 1.666113, 1.670947, 0.004834,
42.885621, 1.670142, 1.650000, -0.020142,
42.896053, 1.658862, 1.666113, 0.007251,
42.906287, 1.668530, 1.658862, -0.009668,
42.916624, 1.670142, 1.654834, -0.015308,
42.926967, 1.665308, 1.664502, -0.000806,
42.937499, 1.669336, 1.650000, -0.019336,
42.947836, 1.669336, 1.674976, 0.005640,
42.958050, 1.658862, 1.658862, 0.000000,
42.968096, 1.669336, 1.656445, -0.012891,
42.978394, 1.665308, 1.666919, 0.001611,
42.988613, 1.666919, 1.665308, -0.001611,
42.999066, 1.668530, 1.662085, -0.006445,
43.009505, 1.660474, 1.654834, -0.005640,
43.019842, 1.670947, 1.647583, -0.023364,
43.030178, 1.662085, 1.662085, 0.000000,
43.040285, 1.666919, 1.666919, 0.000000,
43.050287, 1.668530, 1.645972, -0.022559,
43.060731, 1.669336, 1.654028, -0.015308,
43.071106, 1.668530, 1.661279, -0.007251,
43.081504, 1.668530, 1.666113, -0.002417,
43.091850, 1.666919, 1.664502, -0.002417,
43.102281, 1.669336, 1.662085, -0.007251,
43.112741, 1.666919, 1.670142, 0.003223,
43.122870, 1.666919, 1.670947, 0.004028,
43.133065, 1.669336, 1.658862, -0.010474,
43.143499, 1.664502, 1.647583, -0.016919,
43.153846, 1.668530, 1.652417, -0.016113,
43.164288, 1.668530, 1.664502, -0.004028,
43.174633, 1.670947, 1.664502, -0.006445,
43.185065, 1.670142, 1.670142, 0.000000,
43.195296, 1.658057, 1.668530, 0.010474,
43.205391, 1.664502, 1.641138, -0.023364,
43.215741, 1.670142, 1.670142, 0.000000,
43.225840, 1.666113, 1.658057, -0.008057,
43.236294, 1.662891, 1.678198, 0.015308,
43.246405, 1.672559, 1.670947, -0.001611,
43.256832, 1.670947, 1.662891, -0.008057,
43.267169, 1.670142, 1.665308, -0.004834,
43.277512, 1.665308, 1.666919, 0.001611,
43.287734, 1.670142, 1.656445, -0.013696,
43.298162, 1.666113, 1.677393, 0.011279,
43.308380, 1.670142, 1.649194, -0.020947,
43.318764, 1.669336, 1.662085, -0.007251,
43.329055, 1.662085, 1.677393, 0.015308,
43.339330, 1.666919, 1.662085, -0.004834,
43.349626, 1.668530, 1.668530, 0.000000,
43.359792, 1.670947, 1.645166, -0.025781,
43.370086, 1.669336, 1.658057, -0.011279,
43.380391, 1.666919, 1.660474, -0.006445,
43.390731, 1.666919, 1.678198, 0.011279,
43.400961, 1.668530, 1.662085, -0.006445,
43.411386, 1.670142, 1.669336, -0.000806,
43.421733, 1.670142, 1.662891, -0.007251,
43.432171, 1.664502, 1.662085, -0.002417,
43.442503, 1.666919, 1.652417, -0.014502,
43.452838, 1.666919, 1.666919, 0.000000,
43.462968, 1.665308, 1.669336, 0.004028,
43.473069, 1.666113, 1.664502, -0.001611,
43.483392, 1.662891, 1.670947, 0.008057,
43.493613, 1.668530, 1.656445, -0.012085,
43.503963, 1.662085, 1.662085, 0.000000,
43.514083, 1.668530, 1.672559, 0.004028,
43.524175, 1.665308, 1.665308, 0.000000,
43.534288, 1.669336, 1.658862, -0.010474,
43.544634, 1.672559, 1.660474, -0.012085,
43.553894, 1.666113, 1.661279, -0.004834,
43.564289, 1.666113, 1.662085, -0.004028,
43.574624, 1.668530, 1.660474, -0.008057,
43.585054, 1.668530, 1.687060, 0.018530,
43.595285, 1.670947, 1.643555, -0.027393,
43.605688, 1.669336, 1.658057, -0.011279,
43.615957, 1.666113, 1.665308, -0.000806,
43.626285, 1.665308, 1.654834, -0.010474,
43.636815, 1.670947, 1.656445, -0.014502,
43.647192, 1.666113, 1.658862, -0.007251,
43.657614, 1.666919, 1.677393, 0.010474,
43.667767, 1.666113, 1.654834, -0.011279,
43.678059, 1.672559, 1.665308, -0.007251,
43.688389, 1.662891, 1.662891, 0.000000,
43.698511, 1.666919, 1.661279, -0.005640,
43.708955, 1.674170, 1.670142, -0.004028,
43.719283, 1.669336, 1.650000, -0.019336,
43.729530, 1.668530, 1.666919, -0.001611,
43.740054, 1.666919, 1.662085, -0.004834,
43.750391, 1.666919, 1.665308, -0.001611,
43.760760, 1.666919, 1.664502, -0.002417,
43.771096, 1.665308, 1.674976, 0.009668,
43.781298, 1.668530, 1.670142, 0.001611,
43.791396, 1.665308, 1.664502, -0.000806,
43.801847, 1.666113, 1.666113, 0.000000,
43.812066, 1.668530, 1.672559, 0.004028,
43.822179, 1.669336, 1.683838, 0.014502,
43.832397, 1.668530, 1.664502, -0.004028,
43.842873, 1.670947, 1.673364, 0.002417,
43.852959, 1.665308, 1.661279, -0.004028,
43.863394, 1.666919, 1.669336, 0.002417,
43.873502, 1.669336, 1.683838, 0.014502,
43.883703, 1.662891, 1.656445, -0.006445,
43.894060, 1.668530, 1.670142, 0.001611,
43.904165, 1.668530, 1.666919, -0.001611,
43.914510, 1.665308, 1.668530, 0.003223,
43.924624, 1.666919, 1.656445, -0.010474,
43.935070, 1.670142, 1.648389, -0.021753,
43.945396, 1.669336, 1.670947, 0.001611,
43.955514, 1.673364, 1.653223, -0.020142,
43.965843, 1.670142, 1.660474, -0.009668,
43.976180, 1.670947, 1.665308, -0.005640,
43.986631, 1.665308, 1.660474, -0.004834,
43.997066, 1.670142, 1.674170, 0.004028,
44.007283, 1.670142, 1.666113, -0.004028,
44.017627, 1.669336, 1.654028, -0.015308,
44.027956, 1.666113, 1.664502, -0.001611,
44.038524, 1.662085, 1.662085, 0.000000,
44.048615, 1.665308, 1.661279, -0.004028,
44.059025, 1.670947, 1.658057, -0.012891,
44.069345, 1.669336, 1.658057, -0.011279,
44.079617, 1.666113, 1.670142, 0.004028,
44.089737, 1.670142, 1.664502, -0.005640,
44.100172, 1.662085, 1.683838, 0.021753,
44.110391, 1.661279, 1.666919, 0.005640,
44.120511, 1.666919, 1.662085, -0.004834,
44.130930, 1.668530, 1.677393, 0.008862,
44.141092, 1.668530, 1.691089, 0.022559,
44.151180, 1.668530, 1.650806, -0.017725,
44.161624, 1.666113, 1.679810, 0.013696,
44.171810, 1.670142, 1.661279, -0.008862,
44.182185, 1.670142, 1.670142, 0.000000,
44.192250, 1.666113, 1.654028, -0.012085,
44.202641, 1.662085, 1.658057, -0.004028,
44.213060, 1.669336, 1.673364, 0.004028,
44.223066, 1.668530, 1.672559, 0.004028,
44.233171, 1.669336, 1.670142, 0.000806,
44.243397, 1.668530, 1.662891, -0.005640,
44.253747, 1.668530, 1.632275, -0.036255,
44.264175, 1.670142, 1.666919, -0.003223,
44.274512, 1.666113, 1.656445, -0.009668,
44.284957, 1.669336, 1.662085, -0.007251,
44.295392, 1.661279, 1.670142, 0.008862,
44.305509, 1.670947, 1.652417, -0.018530,
44.315847, 1.668530, 1.636304, -0.032227,
44.326188, 1.665308, 1.672559, 0.007251,
44.336397, 1.661279, 1.666113, 0.004834,
44.346507, 1.669336, 1.644360, -0.024976,
44.356957, 1.670142, 1.666113, -0.004028,
44.367310, 1.665308, 1.662891, -0.002417,
44.377639, 1.666113, 1.657251, -0.008862,
44.388070, 1.665308, 1.691895, 0.026587,
44.398284, 1.669336, 1.654834, -0.014502,
44.408749, 1.666113, 1.654834, -0.011279,
44.419065, 1.668530, 1.660474, -0.008057,
44.429306, 1.668530, 1.662891, -0.005640,
44.439833, 1.668530, 1.656445, -0.012085,
44.450184, 1.666113, 1.658862, -0.007251,
44.460626, 1.666919, 1.666113, -0.000806,
44.470972, 1.666113, 1.654834, -0.011279,
44.481357, 1.666113, 1.662085, -0.004028,
44.491614, 1.665308, 1.677393, 0.012085,
44.501834, 1.666113, 1.647583, -0.018530,
44.512299, 1.660474, 1.666113, 0.005640,
44.522392, 1.669336, 1.650000, -0.019336,
44.532837, 1.665308, 1.677393, 0.012085,
44.543066, 1.668530, 1.658057, -0.010474,
44.553397, 1.661279, 1.650806, -0.010474,
44.563888, 1.664502, 1.673364, 0.008862,
44.574054, 1.669336, 1.653223, -0.016113,
44.584503, 1.666919, 1.650806, -0.016113,
44.594930, 1.660474, 1.654834, -0.005640,
44.605177, 1.664502, 1.662085, -0.002417,
44.615512, 1.670142, 1.669336, -0.000806,
44.625746, 1.665308, 1.672559, 0.007251,
44.635959, 1.670142, 1.672559, 0.002417,
44.646066, 1.670947, 1.644360, -0.026587,
44.656510, 1.670142, 1.676587, 0.006445,
44.666619, 1.662085, 1.654834, -0.007251,
44.676962, 1.668530, 1.654834, -0.013696,
44.687325, 1.664502, 1.668530, 0.004028,
44.697547, 1.669336, 1.666919, -0.002417,
44.707960, 1.669336, 1.654834, -0.014502,
44.718295, 1.666919, 1.654834, -0.012085,
44.728625, 1.666113, 1.673364, 0.007251,
44.738953, 1.666113, 1.629053, -0.037060,
44.749295, 1.670142, 1.670947, 0.000806,
44.759530, 1.668530, 1.662085, -0.006445,
44.769897, 1.665308, 1.656445, -0.008862,
44.780180, 1.665308, 1.660474, -0.004834,
44.790515, 1.668530, 1.654834, -0.013696,
44.800967, 1.668530, 1.649194, -0.019336,
44.811400, 1.666113, 1.661279, -0.004834,
44.821747, 1.666919, 1.661279, -0.005640,
44.832176, 1.666113, 1.661279, -0.004834,
44.842635, 1.672559, 1.668530, -0.004028,
44.852960, 1.668530, 1.654834, -0.013696,
44.863401, 1.670142, 1.674170, 0.004028,
44.873515, 1.666113, 1.666919, 0.000806,
44.883756, 1.670142, 1.649194, -0.020947,
44.894193, 1.666919, 1.666113, -0.000806,
44.904516, 1.672559, 1.670947, -0.001611,
44.914961, 1.666919, 1.678198, 0.011279,
44.925068, 1.668530, 1.643555, -0.024976,
44.935504, 1.669336, 1.643555, -0.025781,
44.945847, 1.668530, 1.666113, -0.002417,
44.956293, 1.666919, 1.635498, -0.031421,
44.966627, 1.669336, 1.660474, -0.008862,
44.976961, 1.661279, 1.662085, 0.000806,
44.987140, 1.665308, 1.660474, -0.004834,
44.997520, 1.670142, 1.674170, 0.004028,
45.007737, 1.666919, 1.670142, 0.003223,
45.017850, 1.668530, 1.657251, -0.011279,
45.028277, 1.669336, 1.660474, -0.008862,
45.038736, 1.669336, 1.650000, -0.019336,
45.049062, 1.665308, 1.665308, 0.000000,
45.059180, 1.670142, 1.661279, -0.008862,
45.069518, 1.669336, 1.666919, -0.002417,
45.079850, 1.666919, 1.676587, 0.009668,
45.090075, 1.665308, 1.657251, -0.008057,
45.100506, 1.668530, 1.662085, -0.006445,
45.110962, 1.668530, 1.661279, -0.007251,
45.121300, 1.666919, 1.662085, -0.004834,
45.131749, 1.666113, 1.666113, 0.000000,
45.141973, 1.662085, 1.650000, -0.012085,
45.152296, 1.669336, 1.660474, -0.008862,
45.162748, 1.666919, 1.670142, 0.003223,
45.172925, 1.661279, 1.662891, 0.001611,
45.183068, 1.670142, 1.658057, -0.012085,
45.193522, 1.660474, 1.652417, -0.008057,
45.203847, 1.668530, 1.662891, -0.005640,
45.214310, 1.669336, 1.666919, -0.002417,
45.224622, 1.669336, 1.665308, -0.004028,
45.235067, 1.669336, 1.658862, -0.010474,
45.245513, 1.664502, 1.661279, -0.003223,
45.255937, 1.668530, 1.656445, -0.012085,
45.266295, 1.670142, 1.685449, 0.015308,
45.276400, 1.670142, 1.670142, 0.000000,
45.286632, 1.666919, 1.653223, -0.013696,
45.297069, 1.668530, 1.673364, 0.004834,
45.307292, 1.670142, 1.641943, -0.028198,
45.317638, 1.670142, 1.657251, -0.012891,
45.327971, 1.668530, 1.670142, 0.001611,
45.338328, 1.662085, 1.664502, 0.002417,
45.348395, 1.666113, 1.658862, -0.007251,
45.358832, 1.668530, 1.649194, -0.019336,
45.369204, 1.668530, 1.666919, -0.001611,
45.379517, 1.668530, 1.661279, -0.007251,
45.389849, 1.658862, 1.662891, 0.004028,
45.400067, 1.665308, 1.679810, 0.014502,
45.410297, 1.670142, 1.670142, 0.000000,
45.420398, 1.662085, 1.653223, -0.008862,
45.430824, 1.666919, 1.664502, -0.002417,
45.441298, 1.664502, 1.662891, -0.001611,
45.451634, 1.670142, 1.662085, -0.008057,
45.462072, 1.665308, 1.670142, 0.004834,
45.472186, 1.666113, 1.664502, -0.001611,
45.482626, 1.668530, 1.669336, 0.000806,
45.492755, 1.669336, 1.658862, -0.010474,
45.503189, 1.668530, 1.656445, -0.012085,
45.513629, 1.664502, 1.670947, 0.006445,
45.523751, 1.669336, 1.669336, 0.000000,
45.533967, 1.662085, 1.648389, -0.013696,
45.544402, 1.668530, 1.649194, -0.019336,
45.552624, 1.668530, 1.662085, -0.006445,
45.562978, 1.668530, 1.662085, -0.006445,
45.573306, 1.670142, 1.661279, -0.008862,
45.583750, 1.665308, 1.673364, 0.008057,
45.594306, 1.669336, 1.665308, -0.004028,
45.604633, 1.670947, 1.656445, -0.014502,
45.615072, 1.670142, 1.654834, -0.015308,
45.625404, 1.668530, 1.673364, 0.004834,
45.635597, 1.669336, 1.647583, -0.021753,
45.645974, 1.668530, 1.665308, -0.003223,
45.656382, 1.668530, 1.649194, -0.019336,
45.666749, 1.670142, 1.654834, -0.015308,
45.677094, 1.666113, 1.650000, -0.016113,
45.687518, 1.662085, 1.662085, 0.000000,
45.697627, 1.669336, 1.670142, 0.000806,
45.707846, 1.665308, 1.662085, -0.003223,
45.718197, 1.666113, 1.662085, -0.004028,
45.728513, 1.666919, 1.674170, 0.007251,
45.738739, 1.669336, 1.670142, 0.000806,
45.748849, 1.673364, 1.637915, -0.035449,
45.759295, 1.658862, 1.687866, 0.029004,
45.769431, 1.669336, 1.641138, -0.028198,
45.779741, 1.664502, 1.666113, 0.001611,
45.789963, 1.666113, 1.657251, -0.008862,
45.800402, 1.670947, 1.653223, -0.017725,
45.810856, 1.660474, 1.677393, 0.016919,
45.820967, 1.665308, 1.658862, -0.006445,
45.831379, 1.668530, 1.669336, 0.000806,
45.841528, 1.666919, 1.670142, 0.003223,
45.851623, 1.662891, 1.670142, 0.007251,
45.861852, 1.670947, 1.645972, -0.024976,
45.872218, 1.669336, 1.656445, -0.012891,
45.882626, 1.669336, 1.674170, 0.004834,
45.892740, 1.669336, 1.664502, -0.004834,
45.903182, 1.670142, 1.662891, -0.007251,
45.913636, 1.670142, 1.662891, -0.007251,
45.923963, 1.669336, 1.665308, -0.004028,
45.934391, 1.670142, 1.650000, -0.020142,
45.944835, 1.669336, 1.670142, 0.000806,
45.954976, 1.670142, 1.637109, -0.033032,
45.965305, 1.662085, 1.666919, 0.004834,
45.975405, 1.666919, 1.653223, -0.013696,
45.985853, 1.670142, 1.662085, -0.008057,
45.996070, 1.669336, 1.672559, 0.003223,
46.006300, 1.666919, 1.662085, -0.004834,
46.016623, 1.669336, 1.674170, 0.004834,
46.026748, 1.666919, 1.679004, 0.012085,
46.037059, 1.670947, 1.650000, -0.020947,
46.047325, 1.670142, 1.670142, 0.000000,
46.057481, 1.662891, 1.674976, 0.012085,
46.067522, 1.669336, 1.662891, -0.006445,
46.077846, 1.668530, 1.678198, 0.009668,
46.088066, 1.668530, 1.672559, 0.004028,
46.098202, 1.668530, 1.666113, -0.002417,
46.108624, 1.666919, 1.650000, -0.016919,
46.118972, 1.668530, 1.654834, -0.013696,
46.129306, 1.661279, 1.676587, 0.015308,
46.139628, 1.661279, 1.654834, -0.006445,
46.149970, 1.662085, 1.664502, 0.002417,
46.160079, 1.670142, 1.666113, -0.004028,
46.170457, 1.665308, 1.658862, -0.006445,
46.180834, 1.664502, 1.672559, 0.008057,
46.190973, 1.670142, 1.670142, 0.000000,
46.201094, 1.670142, 1.665308, -0.004834,
46.211521, 1.666113, 1.670142, 0.004028,
46.221637, 1.666113, 1.660474, -0.005640,
46.232042, 1.670142, 1.662085, -0.008057,
46.242407, 1.669336, 1.662085, -0.007251,
46.252754, 1.668530, 1.645972, -0.022559,
46.263182, 1.669336, 1.673364, 0.004028,
46.273397, 1.668530, 1.662891, -0.005640,
46.283836, 1.665308, 1.654834, -0.010474,
46.294313, 1.666113, 1.650000, -0.016113,
46.304634, 1.669336, 1.637915, -0.031421,
46.314969, 1.670142, 1.656445, -0.013696,
46.325303, 1.666919, 1.656445, -0.010474,
46.335748, 1.669336, 1.666113, -0.003223,
46.346220, 1.662891, 1.677393, 0.014502,
46.356378, 1.662891, 1.652417, -0.010474,
46.366630, 1.670142, 1.653223, -0.016919,
46.376972, 1.669336, 1.674170, 0.004834,
46.387183, 1.670142, 1.670947, 0.000806,
46.397398, 1.665308, 1.669336, 0.004028,
46.407637, 1.668530, 1.674976, 0.006445,
46.417742, 1.669336, 1.666113, -0.003223,
46.428071, 1.666113, 1.654028, -0.012085,
46.438510, 1.668530, 1.674170, 0.005640,
46.448636, 1.669336, 1.640332, -0.029004,
46.459045, 1.662085, 1.660474, -0.001611,
46.469401, 1.662085, 1.672559, 0.010474,
46.479481, 1.668530, 1.658862, -0.009668,
46.489858, 1.664502, 1.640332, -0.024170,
46.500302, 1.666919, 1.650000, -0.016919,
46.510750, 1.664502, 1.652417, -0.012085,
46.521062, 1.669336, 1.657251, -0.012085,
46.531403, 1.670142, 1.674170, 0.004028,
46.541630, 1.662085, 1.650806, -0.011279,
46.551967, 1.668530, 1.664502, -0.004028,
46.562349, 1.665308, 1.654834, -0.010474,
46.572656, 1.666113, 1.666919, 0.000806,
46.582861, 1.661279, 1.653223, -0.008057,
46.593188, 1.668530, 1.666113, -0.002417,
46.603520, 1.668530, 1.654834, -0.013696,
46.613971, 1.665308, 1.666919, 0.001611,
46.624078, 1.670142, 1.669336, -0.000806,
46.634516, 1.669336, 1.654028, -0.015308,
46.644855, 1.666919, 1.666919, 0.000000,
46.654972, 1.668530, 1.670142, 0.001611,
46.665104, 1.666919, 1.678198, 0.011279,
46.675302, 1.668530, 1.652417, -0.016113,
46.685744, 1.669336, 1.662085, -0.007251,
46.696189, 1.670142, 1.670142, 0.000000,
46.706375, 1.666919, 1.662085, -0.004834,
46.716638, 1.665308, 1.653223, -0.012085,
46.726979, 1.668530, 1.656445, -0.012085,
46.737525, 1.673364, 1.643555, -0.029810,
46.747853, 1.666919, 1.674976, 0.008057,
46.758073, 1.664502, 1.668530, 0.004028,
46.768237, 1.666113, 1.658862, -0.007251,
46.778523, 1.665308, 1.644360, -0.020947,
46.788896, 1.665308, 1.665308, 0.000000,
46.799073, 1.662891, 1.670142, 0.007251,
46.809302, 1.664502, 1.665308, 0.000806,
46.819404, 1.662891, 1.658057, -0.004834,
46.829705, 1.665308, 1.665308, 0.000000,
46.839971, 1.666113, 1.672559, 0.006445,
46.850086, 1.664502, 1.657251, -0.007251,
46.860507, 1.670947, 1.662085, -0.008862,
46.870887, 1.672559, 1.654028, -0.018530,
46.881302, 1.670142, 1.662085, -0.008057,
46.891640, 1.664502, 1.660474, -0.004028,
46.902078, 1.669336, 1.670142, 0.000806,
46.912306, 1.666113, 1.665308, -0.000806,
46.922669, 1.666919, 1.658057, -0.008862,
46.933069, 1.669336, 1.662085, -0.007251,
46.943401, 1.668530, 1.670947, 0.002417,
46.953518, 1.668530, 1.652417, -0.016113,
46.963854, 1.662085, 1.679810, 0.017725,
46.974006, 1.666919, 1.666919, 0.000000,
46.984191, 1.666919, 1.665308, -0.001611,
46.994622, 1.666113, 1.670142, 0.004028,
47.004756, 1.670142, 1.632275, -0.037866,
47.015195, 1.669336, 1.637109, -0.032227,
47.025522, 1.666919, 1.658862, -0.008057,
47.035977, 1.664502, 1.660474, -0.004028,
47.046303, 1.662891, 1.666113, 0.003223,
47.056514, 1.674976, 1.662085, -0.012891,
47.066858, 1.668530, 1.662085, -0.006445,
47.077188, 1.669336, 1.658057, -0.011279,
47.087515, 1.665308, 1.666113, 0.000806,
47.097737, 1.670142, 1.681421, 0.011279,
47.107959, 1.670142, 1.670947, 0.000806,
47.118069, 1.670142, 1.654028, -0.016113,
47.128409, 1.669336, 1.678198, 0.008862,
47.138738, 1.670947, 1.664502, -0.006445,
47.149077, 1.664502, 1.668530, 0.004028,
47.159243, 1.661279, 1.670142, 0.008862,
47.169340, 1.666919, 1.665308, -0.001611,
47.179640, 1.664502, 1.673364, 0.008862,
47.189858, 1.670947, 1.654834, -0.016113,
47.200309, 1.664502, 1.662085, -0.002417,
47.210755, 1.668530, 1.664502, -0.004028,
47.221081, 1.668530, 1.664502, -0.004028,
47.231486, 1.666113, 1.672559, 0.006445,
47.241637, 1.666919, 1.661279, -0.005640,
47.251994, 1.666919, 1.653223, -0.013696,
47.262414, 1.670142, 1.674170, 0.004028,
47.272522, 1.670947, 1.658057, -0.012891,
47.282964, 1.666919, 1.662891, -0.004028,
47.293312, 1.669336, 1.661279, -0.008057,
47.303647, 1.665308, 1.654028, -0.011279,
47.314083, 1.669336, 1.670142, 0.000806,
47.324190, 1.666113, 1.673364, 0.007251,
47.334415, 1.668530, 1.668530, 0.000000,
47.344641, 1.672559, 1.674170, 0.001611,
47.354756, 1.666919, 1.657251, -0.009668,
47.365191, 1.668530, 1.668530, 0.000000,
47.375304, 1.664502, 1.662891, -0.001611,
47.385754, 1.668530, 1.656445, -0.012085,
47.396184, 1.666113, 1.670947, 0.004834,
47.406378, 1.666919, 1.652417, -0.014502,
47.416630, 1.670142, 1.662085, -0.008057,
47.426971, 1.668530, 1.662085, -0.006445,
47.437520, 1.669336, 1.666113, -0.003223,
47.447898, 1.664502, 1.662891, -0.001611,
47.458305, 1.666113, 1.654834, -0.011279,
47.468691, 1.669336, 1.658057, -0.011279,
47.478974, 1.666113, 1.658862, -0.007251,
47.489307, 1.666919, 1.647583, -0.019336,
47.499751, 1.668530, 1.670947, 0.002417,
47.509977, 1.658862, 1.662891, 0.004028,
47.520071, 1.668530, 1.657251, -0.011279,
47.530305, 1.664502, 1.664502, 0.000000,
47.540524, 1.670142, 1.669336, -0.000806,
47.550859, 1.670142, 1.657251, -0.012891,
47.558977, 1.668530, 1.661279, -0.007251,
47.569371, 1.666113, 1.650000, -0.016113,
47.579664, 1.661279, 1.658057, -0.003223,
47.590075, 1.666919, 1.664502, -0.002417,
47.600414, 1.673364, 1.654834, -0.018530,
47.610861, 1.668530, 1.661279, -0.007251,
47.621193, 1.662085, 1.662085, 0.000000,
47.631304, 1.670142, 1.660474, -0.009668,
47.641754, 1.669336, 1.649194, -0.020142,
47.652084, 1.664502, 1.658057, -0.006445,
47.662527, 1.666113, 1.661279, -0.004834,
47.672874, 1.669336, 1.654834, -0.014502,
47.683304, 1.666113, 1.664502, -0.001611,
47.693641, 1.665308, 1.662085, -0.003223,
47.704023, 1.668530, 1.658862, -0.009668,
47.714419, 1.669336, 1.666113, -0.003223,
47.724759, 1.664502, 1.648389, -0.016113,
47.735187, 1.666919, 1.674170, 0.007251,
47.745307, 1.669336, 1.673364, 0.004028,
47.755407, 1.670142, 1.662085, -0.008057,
47.765758, 1.670947, 1.664502, -0.006445,
47.776090, 1.672559, 1.673364, 0.000806,
47.786309, 1.668530, 1.654834, -0.013696,
47.796751, 1.666113, 1.670142, 0.004028,
47.806976, 1.668530, 1.681421, 0.012891,
47.817083, 1.664502, 1.660474, -0.004028,
47.827414, 1.670142, 1.664502, -0.005640,
47.837839, 1.665308, 1.681421, 0.016113,
47.847976, 1.670142, 1.669336, -0.000806,
47.858412, 1.670142, 1.658862, -0.011279,
47.868784, 1.668530, 1.654834, -0.013696,
47.879075, 1.670142, 1.674170, 0.004028,
47.889200, 1.666919, 1.660474, -0.006445,
47.899643, 1.666113, 1.650000, -0.016113,
47.910080, 1.670947, 1.672559, 0.001611,
47.920151, 1.670142, 1.650000, -0.020142,
47.930416, 1.670142, 1.662085, -0.008057,
47.940854, 1.660474, 1.661279, 0.000806,
47.950976, 1.669336, 1.668530, -0.000806,
47.961399, 1.666113, 1.650806, -0.015308,
47.971850, 1.666113, 1.665308, -0.000806,
47.982308, 1.666113, 1.670142, 0.004028,
47.992421, 1.670142, 1.666113, -0.004028,
48.002853, 1.664502, 1.658862, -0.005640,
48.013308, 1.666113, 1.677393, 0.011279,
48.023419, 1.668530, 1.662085, -0.006445,
48.033855, 1.665308, 1.669336, 0.004028,
48.044090, 1.668530, 1.647583, -0.020947,
48.054417, 1.670142, 1.668530, -0.001611,
48.064759, 1.661279, 1.658862, -0.002417,
48.075082, 1.668530, 1.670947, 0.002417,
48.085310, 1.668530, 1.665308, -0.003223,
48.095765, 1.669336, 1.670142, 0.000806,
48.105958, 1.666919, 1.650806, -0.016113,
48.116310, 1.666919, 1.674170, 0.007251,
48.126411, 1.672559, 1.662085, -0.010474,
48.136942, 1.662085, 1.653223, -0.008862,
48.147188, 1.666113, 1.665308, -0.000806,
48.157557, 1.672559, 1.670947, -0.001611,
48.167925, 1.668530, 1.633887, -0.034644,
48.178191, 1.668530, 1.666113, -0.002417,
48.188526, 1.669336, 1.679810, 0.010474,
48.198756, 1.666113, 1.672559, 0.006445,
48.208970, 1.664502, 1.662085, -0.002417,
48.219213, 1.670142, 1.658862, -0.011279,
48.229531, 1.669336, 1.668530, -0.000806,
48.240042, 1.662891, 1.644360, -0.018530,
48.250311, 1.666919, 1.660474, -0.006445,
48.260756, 1.661279, 1.662085, 0.000806,
48.270883, 1.666113, 1.660474, -0.005640,
48.281312, 1.665308, 1.676587, 0.011279,
48.291412, 1.670142, 1.673364, 0.003223,
48.301636, 1.665308, 1.652417, -0.012891,
48.312086, 1.670142, 1.674170, 0.004028,
48.322198, 1.666113, 1.661279, -0.004834,
48.332639, 1.669336, 1.668530, -0.000806,
48.343081, 1.668530, 1.679810, 0.011279,
48.353191, 1.668530, 1.662891, -0.005640,
48.363538, 1.666919, 1.662085, -0.004834,
48.373875, 1.666919, 1.658862, -0.008057,
48.384317, 1.666113, 1.662891, -0.003223,
48.394642, 1.669336, 1.666113, -0.003223,
48.405072, 1.666113, 1.668530, 0.002417,
48.415192, 1.670142, 1.662891, -0.007251,
48.425536, 1.670947, 1.657251, -0.013696,
48.435973, 1.668530, 1.640332, -0.028198,
48.446314, 1.666113, 1.677393, 0.011279,
48.456522, 1.669336, 1.665308, -0.004028,
48.466861, 1.670142, 1.670947, 0.000806,
48.476979, 1.668530, 1.664502, -0.004028,
48.487323, 1.666919, 1.657251, -0.009668,
48.497758, 1.666113, 1.660474, -0.005640,
48.508189, 1.662891, 1.637109, -0.025781,
48.518524, 1.664502, 1.649194, -0.015308,
48.528866, 1.668530, 1.664502, -0.004028,
48.539397, 1.660474, 1.665308, 0.004834,
48.549539, 1.669336, 1.670142, 0.000806,
48.559758, 1.669336, 1.666113, -0.003223,
48.570118, 1.668530, 1.662085, -0.006445,
48.580421, 1.664502, 1.666113, 0.001611,
48.590531, 1.665308, 1.674170, 0.008862,
48.600752, 1.666919, 1.652417, -0.014502,
48.611201, 1.669336, 1.662085, -0.007251,
48.621524, 1.670142, 1.669336, -0.000806,
48.631974, 1.666113, 1.664502, -0.001611,
48.642418, 1.670947, 1.672559, 0.001611,
48.652534, 1.668530, 1.658057, -0.010474,
48.662981, 1.670142, 1.661279, -0.008862,
48.673314, 1.669336, 1.668530, -0.000806,
48.683756, 1.668530, 1.673364, 0.004834,
48.693894, 1.666113, 1.653223, -0.012891,
48.704309, 1.662085, 1.662891, 0.000806,
48.714531, 1.670142, 1.681421, 0.011279,
48.724642, 1.670947, 1.662085, -0.008862,
48.734979, 1.669336, 1.649194, -0.020142,
48.745373, 1.666919, 1.660474, -0.006445,
48.755729, 1.668530, 1.635498, -0.033032,
48.766085, 1.669336, 1.668530, -0.000806,
48.776416, 1.674170, 1.658862, -0.015308,
48.786859, 1.670947, 1.654834, -0.016113,
48.797311, 1.669336, 1.668530, -0.000806,
48.807756, 1.669336, 1.670947, 0.001611,
48.817868, 1.670947, 1.662085, -0.008862,
48.828194, 1.666919, 1.662085, -0.004834,
48.838754, 1.669336, 1.674170, 0.004834,
48.848861, 1.670142, 1.677393, 0.007251,
48.859066, 1.666113, 1.666113, 0.000000,
48.869133, 1.666113, 1.654834, -0.011279,
48.879424, 1.664502, 1.661279, -0.003223,
48.889883, 1.658862, 1.668530, 0.009668,
48.900091, 1.669336, 1.647583, -0.021753,
48.910528, 1.670142, 1.674976, 0.004834,
48.920535, 1.668530, 1.661279, -0.007251,
48.930963, 1.669336, 1.641138, -0.028198,
48.941400, 1.670142, 1.640332, -0.029810,
48.951763, 1.670142, 1.654834, -0.015308,
48.962197, 1.668530, 1.645166, -0.023364,
48.972527, 1.670142, 1.662891, -0.007251,
48.982962, 1.666919, 1.670142, 0.003223,
48.992976, 1.664502, 1.650806, -0.013696,
49.003418, 1.670142, 1.662085, -0.008057,
49.013869, 1.668530, 1.677393, 0.008862,
49.023990, 1.670142, 1.658862, -0.011279,
49.034414, 1.674976, 1.672559, -0.002417,
49.044873, 1.670142, 1.669336, -0.000806,
49.055217, 1.666113, 1.662085, -0.004028,
49.065529, 1.666919, 1.660474, -0.006445,
49.075869, 1.669336, 1.683838, 0.014502,
49.086101, 1.668530, 1.665308, -0.003223,
49.096536, 1.664502, 1.673364, 0.008862,
49.106761, 1.669336, 1.676587, 0.007251,
49.116859, 1.666919, 1.658862, -0.008057,
49.127194, 1.665308, 1.669336, 0.004028,
49.137400, 1.662085, 1.687060, 0.024976,
49.147531, 1.666113, 1.672559, 0.006445,
49.157749, 1.664502, 1.665308, 0.000806,
49.167907, 1.665308, 1.660474, -0.004834,
49.178202, 1.662085, 1.665308, 0.003223,
49.188417, 1.670142, 1.637915, -0.032227,
49.198865, 1.670142, 1.648389, -0.021753,
49.209312, 1.670142, 1.661279, -0.008862,
49.219634, 1.668530, 1.664502, -0.004028,
49.229979, 1.666113, 1.645166, -0.020947,
49.240419, 1.672559, 1.669336, -0.003223,
49.250764, 1.670142, 1.660474, -0.009668,
49.261199, 1.665308, 1.662085, -0.003223,
49.271613, 1.669336, 1.654028, -0.015308,
49.282054, 1.669336, 1.677393, 0.008057,
49.292084, 1.668530, 1.674170, 0.005640,
49.302249, 1.670142, 1.662891, -0.007251,
49.312647, 1.670142, 1.673364, 0.003223,
49.322763, 1.665308, 1.657251, -0.008057,
49.333194, 1.670142, 1.666919, -0.003223,
49.343642, 1.669336, 1.670947, 0.001611,
49.353757, 1.670142, 1.648389, -0.021753,
49.364188, 1.669336, 1.665308, -0.004028,
49.373465, 1.666919, 1.649194, -0.017725,
49.383837, 1.670947, 1.661279, -0.009668,
49.394094, 1.665308, 1.644360, -0.020947,
49.404526, 1.665308, 1.670947, 0.005640,
49.414778, 1.673364, 1.670947, -0.002417,
49.425082, 1.665308, 1.650000, -0.015308,
49.435520, 1.668530, 1.656445, -0.012085,
49.445948, 1.666919, 1.676587, 0.009668,
49.456072, 1.668530, 1.636304, -0.032227,
49.466314, 1.661279, 1.661279, 0.000000,
49.476420, 1.670947, 1.666113, -0.004834,
49.486854, 1.668530, 1.640332, -0.028198,
49.497312, 1.668530, 1.673364, 0.004834,
49.507513, 1.666919, 1.665308, -0.001611,
49.517767, 1.669336, 1.662891, -0.006445,
49.528083, 1.668530, 1.662891, -0.005640,
49.538516, 1.673364, 1.666919, -0.006445,
49.548853, 1.668530, 1.662085, -0.006445,
49.559303, 1.666113, 1.677393, 0.011279,
49.566914, 1.665308, 1.661279, -0.004028,
49.577208, 1.664502, 1.665308, 0.000806,
49.587406, 1.669336, 1.658057, -0.011279,
49.597881, 1.669336, 1.661279, -0.008057,
49.608313, 1.665308, 1.676587, 0.011279,
49.618427, 1.669336, 1.664502, -0.004834,
49.628759, 1.669336, 1.666113, -0.003223,
49.639198, 1.662085, 1.658057, -0.004028,
49.649525, 1.670142, 1.662891, -0.007251,
49.659871, 1.660474, 1.670142, 0.009668,
49.670023, 1.668530, 1.656445, -0.012085,
49.680330, 1.669336, 1.658862, -0.010474,
49.690656, 1.665308, 1.677393, 0.012085,
49.700875, 1.670142, 1.670142, 0.000000,
49.711086, 1.670142, 1.656445, -0.013696,
49.721317, 1.670142, 1.683838, 0.013696,
49.731536, 1.670142, 1.654834, -0.015308,
49.741994, 1.666113, 1.666919, 0.000806,
49.752083, 1.669336, 1.665308, -0.004028,
49.762516, 1.669336, 1.639526, -0.029810,
49.772869, 1.670142, 1.658862, -0.011279,
49.783315, 1.668530, 1.661279, -0.007251,
49.793640, 1.666113, 1.665308, -0.000806,
49.804077, 1.670142, 1.662891, -0.007251,
49.814533, 1.670142, 1.656445, -0.013696,
49.824870, 1.666113, 1.668530, 0.002417,
49.835083, 1.668530, 1.674170, 0.005640,
49.845207, 1.666919, 1.666113, -0.000806,
49.855537, 1.669336, 1.665308, -0.004028,
49.865871, 1.662085, 1.666919, 0.004834,
49.875987, 1.666919, 1.662085, -0.004834,
49.886424, 1.666919, 1.656445, -0.010474,
49.896870, 1.668530, 1.666113, -0.002417,
49.907314, 1.665308, 1.660474, -0.004834,
49.917643, 1.669336, 1.658862, -0.010474,
49.927987, 1.668530, 1.657251, -0.011279,
49.938530, 1.661279, 1.633887, -0.027393,
49.948861, 1.670142, 1.678198, 0.008057,
49.959091, 1.666919, 1.670947, 0.004028,
49.969222, 1.670142, 1.662891, -0.007251,
49.979531, 1.666113, 1.637915, -0.028198,
49.989974, 1.669336, 1.677393, 0.008057,
50.000082, 1.665308, 1.665308, 0.000000,
50.010318, 1.665308, 1.662085, -0.003223,
50.020654, 1.668530, 1.647583, -0.020947,
50.031070, 1.665308, 1.662891, -0.002417,
50.041422, 1.669336, 1.670947, 0.001611,
50.051542, 1.672559, 1.660474, -0.012085,
50.061942, 1.662085, 1.669336, 0.007251,
50.072091, 1.668530, 1.658862, -0.009668,
50.082532, 1.670142, 1.662085, -0.008057,
50.092877, 1.669336, 1.676587, 0.007251,
50.103095, 1.669336, 1.647583, -0.021753,
50.113535, 1.662891, 1.661279, -0.001611,
50.123867, 1.669336, 1.654028, -0.015308,
50.134325, 1.670142, 1.662085, -0.008057,
50.144660, 1.668530, 1.657251, -0.011279,
50.154983, 1.670142, 1.662085, -0.008057,
50.165323, 1.670142, 1.650000, -0.020142,
50.175655, 1.666113, 1.657251, -0.008862,
50.186087, 1.669336, 1.672559, 0.003223,
50.196233, 1.666113, 1.647583, -0.018530,
50.206766, 1.666113, 1.660474, -0.005640,
50.217081, 1.666919, 1.656445, -0.010474,
50.227320, 1.668530, 1.658862, -0.009668,
50.237835, 1.669336, 1.637915, -0.031421,
50.248198, 1.662085, 1.670142, 0.008057,
50.258411, 1.668530, 1.665308, -0.003223,
50.268781, 1.669336, 1.660474, -0.008862,
50.279089, 1.668530, 1.670947, 0.002417,
50.289199, 1.664502, 1.674976, 0.010474,
50.299409, 1.674170, 1.668530, -0.005640,
50.309866, 1.670142, 1.665308, -0.004834,
50.320199, 1.662085, 1.654028, -0.008057,
50.330545, 1.666113, 1.661279, -0.004834,
50.341088, 1.668530, 1.645166, -0.023364,
50.351419, 1.668530, 1.657251, -0.011279,
50.361869, 1.669336, 1.674170, 0.004834,
50.372053, 1.669336, 1.643555, -0.025781,
50.382421, 1.670142, 1.662891, -0.007251,
50.392774, 1.666113, 1.658057, -0.008057,
50.403205, 1.666919, 1.649194, -0.017725,
50.413657, 1.670142, 1.687866, 0.017725,
50.423765, 1.666113, 1.652417, -0.013696,
50.434202, 1.662085, 1.662891, 0.000806,
50.444420, 1.670142, 1.664502, -0.005640,
50.454767, 1.668530, 1.683838, 0.015308,
50.464999, 1.669336, 1.645166, -0.024170,
50.475324, 1.666113, 1.648389, -0.017725,
50.485772, 1.665308, 1.658057, -0.007251,
50.496195, 1.670142, 1.669336, -0.000806,
50.506631, 1.666113, 1.658057, -0.008057,
50.516980, 1.668530, 1.654028, -0.014502,
50.527338, 1.670142, 1.654834, -0.015308,
50.537826, 1.668530, 1.670142, 0.001611,
50.547971, 1.668530, 1.681421, 0.012891,
50.558087, 1.669336, 1.666113, -0.003223,
50.568401, 1.670142, 1.658057, -0.012085,
50.578729, 1.665308, 1.645166, -0.020142,
50.589092, 1.666919, 1.665308, -0.001611,
50.599534, 1.670947, 1.670142, -0.000806,
50.609981, 1.666113, 1.641138, -0.024976,
50.620321, 1.668530, 1.658862, -0.009668,
50.630717, 1.668530, 1.679004, 0.010474,
50.640886, 1.665308, 1.669336, 0.004028,
50.650993, 1.669336, 1.658862, -0.010474,
50.661425, 1.670142, 1.673364, 0.003223,
50.671617, 1.672559, 1.662085, -0.010474,
50.682011, 1.662891, 1.674976, 0.012085,
50.692079, 1.669336, 1.683032, 0.013696,
50.702322, 1.670142, 1.643555, -0.026587,
50.712766, 1.669336, 1.639526, -0.029810,
50.723101, 1.669336, 1.664502, -0.004834,
50.733531, 1.665308, 1.654834, -0.010474,
50.743982, 1.668530, 1.665308, -0.003223,
50.754317, 1.669336, 1.674170, 0.004834,
50.764424, 1.668530, 1.672559, 0.004028,
50.774535, 1.666113, 1.650000, -0.016113,
50.784979, 1.670947, 1.657251, -0.013696,
50.795323, 1.670947, 1.668530, -0.002417,
50.805737, 1.666919, 1.664502, -0.002417,
50.816025, 1.669336, 1.662085, -0.007251,
50.826325, 1.668530, 1.658862, -0.009668,
50.836870, 1.670142, 1.668530, -0.001611,
50.847224, 1.666919, 1.693506, 0.026587,
50.857421, 1.670142, 1.676587, 0.006445,
50.867544, 1.670142, 1.640332, -0.029810,
50.877873, 1.666113, 1.661279, -0.004834,
50.888324, 1.670142, 1.653223, -0.016919,
50.898761, 1.662085, 1.665308, 0.003223,
50.908986, 1.666919, 1.662085, -0.004834,
50.919317, 1.662891, 1.658057, -0.004834,
50.929651, 1.670142, 1.668530, -0.001611,
50.940080, 1.666113, 1.662891, -0.003223,
50.950319, 1.666113, 1.658862, -0.007251,
50.960765, 1.669336, 1.654834, -0.014502,
50.971199, 1.670142, 1.674170, 0.004028,
50.981385, 1.666919, 1.664502, -0.002417,
50.991650, 1.670947, 1.637915, -0.033032,
51.002108, 1.669336, 1.666113, -0.003223,
51.012533, 1.670142, 1.676587, 0.006445,
51.022647, 1.669336, 1.679810, 0.010474,
51.032878, 1.668530, 1.632275, -0.036255,
51.043328, 1.669336, 1.650000, -0.019336,
51.053670, 1.668530, 1.650806, -0.017725,
51.064097, 1.668530, 1.672559, 0.004028,
51.074197, 1.666919, 1.658862, -0.008057,
51.084660, 1.669336, 1.647583, -0.021753,
51.094991, 1.666113, 1.666919, 0.000806,
51.105092, 1.668530, 1.662891, -0.005640,
51.115431, 1.662085, 1.668530, 0.006445,
51.125549, 1.664502, 1.677393, 0.012891,
51.135773, 1.666919, 1.657251, -0.009668,
51.146211, 1.669336, 1.645972, -0.023364,
51.156619, 1.666113, 1.658862, -0.007251,
51.166993, 1.670142, 1.669336, -0.000806,
51.177321, 1.670142, 1.653223, -0.016919,
51.187762, 1.662891, 1.669336, 0.006445,
51.197987, 1.669336, 1.670142, 0.000806,
51.208204, 1.669336, 1.658057, -0.011279,
51.218538, 1.669336, 1.657251, -0.012085,
51.228868, 1.662891, 1.670142, 0.007251,
51.239187, 1.670142, 1.650806, -0.019336,
51.249468, 1.666919, 1.658057, -0.008862,
51.259879, 1.670142, 1.661279, -0.008862,
51.270277, 1.662891, 1.666113, 0.003223,
51.280320, 1.661279, 1.681421, 0.020142,
51.290432, 1.666919, 1.650000, -0.016919,
51.300872, 1.670142, 1.666113, -0.004028,
51.311314, 1.662891, 1.666919, 0.004028,
51.321425, 1.670142, 1.685449, 0.015308,
51.331613, 1.670142, 1.661279, -0.008862,
51.342077, 1.662085, 1.650000, -0.012085,
51.352320, 1.666919, 1.656445, -0.010474,
51.362768, 1.669336, 1.679810, 0.010474,
51.372888, 1.666113, 1.664502, -0.001611,
51.383316, 1.666113, 1.658057, -0.008057,
51.393652, 1.668530, 1.650000, -0.018530,
51.404084, 1.670142, 1.662085, -0.008057,
51.414542, 1.666919, 1.678198, 0.011279,
51.424651, 1.662085, 1.674976, 0.012891,
51.434879, 1.666113, 1.654028, -0.012085,
51.445339, 1.662085, 1.681421, 0.019336,
51.455427, 1.668530, 1.662891, -0.005640,
51.465769, 1.665308, 1.670142, 0.004834,
51.475877, 1.666919, 1.665308, -0.001611,
51.486323, 1.670142, 1.665308, -0.004834,
51.496783, 1.670142, 1.662891, -0.007251,
51.507206, 1.662085, 1.662891, 0.000806,
51.517317, 1.668530, 1.662085, -0.006445,
51.527628, 1.668530, 1.668530, 0.000000,
51.537853, 1.668530, 1.668530, 0.000000,
51.547874, 1.661279, 1.664502, 0.003223,
51.558088, 1.666919, 1.664502, -0.002417,
51.568142, 1.666919, 1.658862, -0.008057,
51.578544, 1.669336, 1.665308, -0.004028,
51.588870, 1.666919, 1.662085, -0.004834,
51.599320, 1.669336, 1.672559, 0.003223,
51.609534, 1.665308, 1.662085, -0.003223,
51.619872, 1.664502, 1.665308, 0.000806,
51.629994, 1.665308, 1.670142, 0.004834,
51.640204, 1.662891, 1.661279, -0.001611,
51.650537, 1.668530, 1.657251, -0.011279,
51.660986, 1.666919, 1.662891, -0.004028,
51.671391, 1.672559, 1.643555, -0.029004,
51.681772, 1.668530, 1.662085, -0.006445,
51.692091, 1.666919, 1.668530, 0.001611,
51.702218, 1.668530, 1.662085, -0.006445,
51.712671, 1.668530, 1.683838, 0.015308,
51.722778, 1.669336, 1.662891, -0.006445,
51.733207, 1.666919, 1.668530, 0.001611,
51.743329, 1.670142, 1.654834, -0.015308,
51.753652, 1.668530, 1.652417, -0.016113,
51.764091, 1.668530, 1.665308, -0.003223,
51.774436, 1.668530, 1.662085, -0.006445,
51.784874, 1.666113, 1.668530, 0.002417,
51.794991, 1.668530, 1.662085, -0.006445,
51.805331, 1.662085, 1.664502, 0.002417,
51.815430, 1.668530, 1.669336, 0.000806,
51.825542, 1.670142, 1.658862, -0.011279,
51.835997, 1.665308, 1.662085, -0.003223,
51.846328, 1.660474, 1.672559, 0.012085,
51.856537, 1.669336, 1.656445, -0.012891,
51.866882, 1.662085, 1.654834, -0.007251,
51.877212, 1.670947, 1.669336, -0.001611,
51.887548, 1.662891, 1.670947, 0.008057,
51.897770, 1.670947, 1.673364, 0.002417,
51.907995, 1.668530, 1.670142, 0.001611,
51.918105, 1.664502, 1.664502, 0.000000,
51.928093, 1.666113, 1.649194, -0.016919,
51.938530, 1.669336, 1.657251, -0.012085,
51.948877, 1.670142, 1.664502, -0.005640,
51.959322, 1.666919, 1.674170, 0.007251,
51.969502, 1.668530, 1.656445, -0.012085,
51.979774, 1.664502, 1.670947, 0.006445,
51.989997, 1.670142, 1.666113, -0.004028,
52.000430, 1.669336, 1.670142, 0.000806,
52.010649, 1.673364, 1.670142, -0.003223,
52.020989, 1.669336, 1.676587, 0.007251,
52.031179, 1.665308, 1.629053, -0.036255,
52.041610, 1.662085, 1.664502, 0.002417,
52.051668, 1.662085, 1.658057, -0.004028,
52.062086, 1.668530, 1.668530, 0.000000,
52.072112, 1.672559, 1.662891, -0.009668,
52.082531, 1.665308, 1.678198, 0.012891,
52.092660, 1.669336, 1.664502, -0.004834,
52.103098, 1.664502, 1.662085, -0.002417,
52.113545, 1.666113, 1.678198, 0.012085,
52.123662, 1.664502, 1.664502, 0.000000,
52.133772, 1.666919, 1.670947, 0.004028,
52.143989, 1.668530, 1.679004, 0.010474,
52.154101, 1.668530, 1.662891, -0.005640,
52.164434, 1.668530, 1.662085, -0.006445,
52.174771, 1.665308, 1.666113, 0.000806,
52.184991, 1.666919, 1.649194, -0.017725,
52.195325, 1.662085, 1.666113, 0.004028,
52.205427, 1.662891, 1.664502, 0.001611,
52.215540, 1.669336, 1.664502, -0.004834,
52.225880, 1.666919, 1.650806, -0.016113,
52.236326, 1.669336, 1.654028, -0.015308,
52.246662, 1.668530, 1.669336, 0.000806,
52.256861, 1.668530, 1.660474, -0.008057,
52.267211, 1.664502, 1.673364, 0.008862,
52.277336, 1.664502, 1.664502, 0.000000,
52.287427, 1.670142, 1.665308, -0.004834,
52.297903, 1.661279, 1.658862, -0.002417,
52.308320, 1.666113, 1.660474, -0.005640,
52.318658, 1.666113, 1.650000, -0.016113,
52.328997, 1.668530, 1.672559, 0.004028,
52.339234, 1.668530, 1.656445, -0.012085,
52.349549, 1.668530, 1.656445, -0.012085,
52.359989, 1.666113, 1.674170, 0.008057,
52.370111, 1.666919, 1.641138, -0.025781,
52.380427, 1.660474, 1.681421, 0.020947,
52.390539, 1.664502, 1.662085, -0.002417,
52.400991, 1.662085, 1.637915, -0.024170,
52.411427, 1.669336, 1.677393, 0.008057,
52.421548, 1.669336, 1.639526, -0.029810,
52.431986, 1.669336, 1.670142, 0.000806,
52.442208, 1.666919, 1.666113, -0.000806,
52.452542, 1.670142, 1.654834, -0.015308,
52.462991, 1.664502, 1.662085, -0.002417,
52.473323, 1.668530, 1.660474, -0.008057,
52.483769, 1.662085, 1.648389, -0.013696,
52.494130, 1.669336, 1.665308, -0.004028,
52.504543, 1.668530, 1.664502, -0.004028,
52.514993, 1.669336, 1.665308, -0.004028,
52.525264, 1.665308, 1.658862, -0.006445,
52.535660, 1.669336, 1.647583, -0.021753,
52.546035, 1.666113, 1.674170, 0.008057,
52.556190, 1.661279, 1.662085, 0.000806,
52.566329, 1.670142, 1.685449, 0.015308,
52.576428, 1.669336, 1.679810, 0.010474,
52.586659, 1.668530, 1.662891, -0.005640,
52.597086, 1.669336, 1.668530, -0.000806,
52.607530, 1.673364, 1.670947, -0.002417,
52.617790, 1.670142, 1.658057, -0.012085,
52.628096, 1.669336, 1.662085, -0.007251,
52.638532, 1.666113, 1.665308, -0.000806,
52.648873, 1.666113, 1.662085, -0.004028,
52.659325, 1.666113, 1.674170, 0.008057,
52.669484, 1.669336, 1.677393, 0.008057,
52.679566, 1.666113, 1.661279, -0.004834,
52.690013, 1.665308, 1.658057, -0.007251,
52.700429, 1.666113, 1.677393, 0.011279,
52.710662, 1.669336, 1.631470, -0.037866,
52.720996, 1.668530, 1.660474, -0.008057,
52.731350, 1.666919, 1.661279, -0.005640,
52.741785, 1.666919, 1.666113, -0.000806,
52.752097, 1.662085, 1.679810, 0.017725,
52.762320, 1.662891, 1.670947, 0.008057,
52.772431, 1.668530, 1.676587, 0.008057,
52.782662, 1.666113, 1.657251, -0.008862,
52.793008, 1.670142, 1.654834, -0.015308,
52.803435, 1.665308, 1.647583, -0.017725,
52.813886, 1.665308, 1.670947, 0.005640,
52.823993, 1.668530, 1.640332, -0.028198,
52.834423, 1.673364, 1.657251, -0.016113,
52.844884, 1.666113, 1.650000, -0.016113,
52.855213, 1.669336, 1.664502, -0.004834,
52.865542, 1.670142, 1.662891, -0.007251,
52.875877, 1.669336, 1.633887, -0.035449,
52.886336, 1.666919, 1.662085, -0.004834,
52.896787, 1.664502, 1.666919, 0.002417,
52.906989, 1.670142, 1.669336, -0.000806,
52.917332, 1.669336, 1.662891, -0.006445,
52.927658, 1.669336, 1.674976, 0.005640,
52.937993, 1.668530, 1.670947, 0.002417,
52.948100, 1.665308, 1.649194, -0.016113,
52.958548, 1.670947, 1.665308, -0.005640,
52.968933, 1.665308, 1.658862, -0.006445,
52.979220, 1.666919, 1.673364, 0.006445,
52.989394, 1.666919, 1.670947, 0.004028,
52.999548, 1.666919, 1.654028, -0.012891,
53.009995, 1.666919, 1.661279, -0.005640,
53.020326, 1.664502, 1.645972, -0.018530,
53.030739, 1.669336, 1.664502, -0.004834,
53.041105, 1.670142, 1.677393, 0.007251,
53.051211, 1.670142, 1.656445, -0.013696,
53.061661, 1.662891, 1.676587, 0.013696,
53.071818, 1.668530, 1.662085, -0.006445,
53.082211, 1.668530, 1.664502, -0.004028,
53.092553, 1.670947, 1.677393, 0.006445,
53.102783, 1.670142, 1.665308, -0.004834,
53.113212, 1.672559, 1.670142, -0.002417,
53.123545, 1.666919, 1.677393, 0.010474,
53.133781, 1.669336, 1.658057, -0.011279,
53.144212, 1.668530, 1.670142, 0.001611,
53.154328, 1.668530, 1.662891, -0.005640,
53.164661, 1.665308, 1.662891, -0.002417,
53.175000, 1.666919, 1.668530, 0.001611,
53.185175, 1.669336, 1.658862, -0.010474,
53.195435, 1.670142, 1.669336, -0.000806,
53.205873, 1.666919, 1.633887, -0.033032,
53.216260, 1.664502, 1.654834, -0.009668,
53.226547, 1.670947, 1.673364, 0.002417,
53.236880, 1.670142, 1.647583, -0.022559,
53.247223, 1.668530, 1.691089, 0.022559,
53.257432, 1.670142, 1.666919, -0.003223,
53.267819, 1.669336, 1.647583, -0.021753,
53.278093, 1.665308, 1.670947, 0.005640,
53.288329, 1.668530, 1.666113, -0.002417,
53.298774, 1.670142, 1.669336, -0.000806,
53.309214, 1.666113, 1.664502, -0.001611,
53.319551, 1.670947, 1.666919, -0.004028,
53.329886, 1.664502, 1.672559, 0.008057,
53.340216, 1.666919, 1.658862, -0.008057,
53.350553, 1.668530, 1.645972, -0.022559,
53.360995, 1.665308, 1.662891, -0.002417,
53.371335, 1.670947, 1.658862, -0.012085,
53.381776, 1.664502, 1.664502, 0.000000,
53.391820, 1.665308, 1.662891, -0.002417,
53.402208, 1.669336, 1.649194, -0.020142,
53.412661, 1.669336, 1.670947, 0.001611,
53.422780, 1.670142, 1.662085, -0.008057,
53.433207, 1.670142, 1.674976, 0.004834,
53.443329, 1.670142, 1.682227, 0.012085,
53.453441, 1.670142, 1.648389, -0.021753,
53.463880, 1.666113, 1.674170, 0.008057,
53.473996, 1.665308, 1.643555, -0.021753,
53.484437, 1.669336, 1.654834, -0.014502,
53.494782, 1.669336, 1.673364, 0.004028,
53.504997, 1.669336, 1.662085, -0.007251,
53.515332, 1.666113, 1.669336, 0.003223,
53.525434, 1.672559, 1.640332, -0.032227,
53.535869, 1.666919, 1.654028, -0.012891,
53.546325, 1.669336, 1.670142, 0.000806,
53.556506, 1.668530, 1.658057, -0.010474,
53.566774, 1.666919, 1.668530, 0.001611,
53.576880, 1.670142, 1.657251, -0.012891,
53.587101, 1.672559, 1.650806, -0.021753,
53.597545, 1.662085, 1.676587, 0.014502,
53.607773, 1.662891, 1.656445, -0.006445,
53.618107, 1.666919, 1.652417, -0.014502,
53.628435, 1.670142, 1.674976, 0.004834,
53.638771, 1.672559, 1.658862, -0.013696,
53.649109, 1.670142, 1.668530, -0.001611,
53.659547, 1.669336, 1.661279, -0.008057,
53.669903, 1.666113, 1.658862, -0.007251,
53.680217, 1.670142, 1.670142, 0.000000,
53.690338, 1.669336, 1.654834, -0.014502,
53.700775, 1.662085, 1.649194, -0.012891,
53.711217, 1.668530, 1.666113, -0.002417,
53.721546, 1.666113, 1.658862, -0.007251,
53.731992, 1.668530, 1.662891, -0.005640,
53.742442, 1.662891, 1.690283, 0.027393,
53.752550, 1.670142, 1.657251, -0.012891,
53.762996, 1.670142, 1.674170, 0.004028,
53.773103, 1.670142, 1.666113, -0.004028,
53.783453, 1.666919, 1.674170, 0.007251,
53.793546, 1.666919, 1.660474, -0.006445,
53.803911, 1.669336, 1.654834, -0.014502,
53.814333, 1.669336, 1.677393, 0.008057,
53.824441, 1.670947, 1.657251, -0.013696,
53.834885, 1.670947, 1.660474, -0.010474,
53.845338, 1.668530, 1.672559, 0.004028,
53.855434, 1.664502, 1.674170, 0.009668,
53.865556, 1.670142, 1.668530, -0.001611,
53.875881, 1.670142, 1.666113, -0.004028,
53.886331, 1.668530, 1.670142, 0.001611,
53.896557, 1.668530, 1.670142, 0.001611,
53.906780, 1.669336, 1.660474, -0.008862,
53.917095, 1.670142, 1.645972, -0.024170,
53.927406, 1.666113, 1.668530, 0.002417,
53.937712, 1.666919, 1.662891, -0.004028,
53.947998, 1.669336, 1.636304, -0.033032,
53.958424, 1.666113, 1.664502, -0.001611,
53.968799, 1.670142, 1.666919, -0.003223,
53.979098, 1.673364, 1.674170, 0.000806,
53.989218, 1.669336, 1.661279, -0.008057,
53.999666, 1.666113, 1.657251, -0.008862,
54.010108, 1.670142, 1.679810, 0.009668,
54.020217, 1.670947, 1.635498, -0.035449,
54.030551, 1.668530, 1.666113, -0.002417,
54.040990, 1.670142, 1.656445, -0.013696,
54.051335, 1.664502, 1.670947, 0.006445,
54.061503, 1.664502, 1.657251, -0.007251,
54.071862, 1.669336, 1.654834, -0.014502,
54.082322, 1.662891, 1.662085, -0.000806,
54.092629, 1.665308, 1.685449, 0.020142,
54.102784, 1.670142, 1.661279, -0.008862,
54.113222, 1.666113, 1.677393, 0.011279,
54.123337, 1.672559, 1.668530, -0.004028,
54.133785, 1.666919, 1.636304, -0.030615,
54.144214, 1.668530, 1.662085, -0.006445,
54.154552, 1.666113, 1.668530, 0.002417,
54.164777, 1.664502, 1.668530, 0.004028,
54.174878, 1.668530, 1.682227, 0.013696,
54.184877, 1.664502, 1.670142, 0.005640,
54.195000, 1.668530, 1.662891, -0.005640,
54.205329, 1.668530, 1.647583, -0.020947,
54.215664, 1.662085, 1.664502, 0.002417,
54.225780, 1.665308, 1.664502, -0.000806,
54.236222, 1.662891, 1.666919, 0.004028,
54.246329, 1.670142, 1.662085, -0.008057,
54.256785, 1.665308, 1.679810, 0.014502,
54.266903, 1.666919, 1.683838, 0.016919,
54.276990, 1.669336, 1.670142, 0.000806,
54.287099, 1.668530, 1.660474, -0.008057,
54.297436, 1.669336, 1.668530, -0.000806,
54.307882, 1.665308, 1.662085, -0.003223,
54.318220, 1.665308, 1.664502, -0.000806,
54.328541, 1.664502, 1.650000, -0.014502,
54.339067, 1.670142, 1.650806, -0.019336,
54.349332, 1.666113, 1.668530, 0.002417,
54.359519, 1.668530, 1.662085, -0.006445,
54.369844, 1.670142, 1.650000, -0.020142,
54.380209, 1.670142, 1.662085, -0.008057,
54.390546, 1.670142, 1.661279, -0.008862,
54.401007, 1.670142, 1.662085, -0.008057,
54.411439, 1.670142, 1.668530, -0.001611,
54.421791, 1.670947, 1.678198, 0.007251,
54.431997, 1.669336, 1.665308, -0.004028,
54.442440, 1.672559, 1.652417, -0.020142,
54.452790, 1.668530, 1.644360, -0.024170,
54.463216, 1.669336, 1.666113, -0.003223,
54.473557, 1.665308, 1.666113, 0.000806,
54.483787, 1.668530, 1.664502, -0.004028,
54.494112, 1.670142, 1.654028, -0.016113,
54.504545, 1.666919, 1.660474, -0.006445,
54.515003, 1.668530, 1.665308, -0.003223,
54.525350, 1.670142, 1.670142, 0.000000,
54.535440, 1.668530, 1.660474, -0.008057,
54.545789, 1.666113, 1.679810, 0.013696,
54.554141, 1.666919, 1.664502, -0.002417,
54.564553, 1.666113, 1.668530, 0.002417,
54.574664, 1.668530, 1.654028, -0.014502,
54.585103, 1.669336, 1.666113, -0.003223,
54.595426, 1.670947, 1.668530, -0.002417,
54.605868, 1.665308, 1.668530, 0.003223,
54.616002, 1.668530, 1.670142, 0.001611,
54.626114, 1.666113, 1.664502, -0.001611,
54.636443, 1.669336, 1.656445, -0.012891,
54.646785, 1.666919, 1.673364, 0.006445,
54.657004, 1.670142, 1.665308, -0.004834,
54.667342, 1.669336, 1.658057, -0.011279,
54.677659, 1.662085, 1.658862, -0.003223,
54.688070, 1.668530, 1.639526, -0.029004,
54.698429, 1.662891, 1.666113, 0.003223,
54.708670, 1.670947, 1.661279, -0.009668,
54.719001, 1.666113, 1.660474, -0.005640,
54.729332, 1.666113, 1.677393, 0.011279,
54.739622, 1.668530, 1.657251, -0.011279,
54.749889, 1.660474, 1.665308, 0.004834,
54.760114, 1.662085, 1.674170, 0.012085,
54.770327, 1.670947, 1.662085, -0.008862,
54.780563, 1.670142, 1.664502, -0.005640,
54.790902, 1.662085, 1.657251, -0.004834,
54.801332, 1.666919, 1.662891, -0.004028,
54.811696, 1.670142, 1.668530, -0.001611,
54.822011, 1.664502, 1.665308, 0.000806,
54.832223, 1.670142, 1.679004, 0.008862,
54.842435, 1.670947, 1.668530, -0.002417,
54.852803, 1.669336, 1.658057, -0.011279,
54.863219, 1.664502, 1.633887, -0.030615,
54.873575, 1.670142, 1.658057, -0.012085,
54.884004, 1.666919, 1.662891, -0.004028,
54.894341, 1.668530, 1.658862, -0.009668,
54.904791, 1.666113, 1.665308, -0.000806,
54.915225, 1.670947, 1.637915, -0.033032,
54.925552, 1.666919, 1.650806, -0.016113,
54.936015, 1.669336, 1.645972, -0.023364,
54.946339, 1.670142, 1.668530, -0.001611,
54.956782, 1.666919, 1.658057, -0.008862,
54.967100, 1.662085, 1.664502, 0.002417,
54.977121, 1.670947, 1.674170, 0.003223,
54.987336, 1.662085, 1.664502, 0.002417,
54.997554, 1.666919, 1.670142, 0.003223,
55.007771, 1.668530, 1.633081, -0.035449,
55.018107, 1.662085, 1.654834, -0.007251,
55.028441, 1.668530, 1.664502, -0.004028,
55.038970, 1.662891, 1.673364, 0.010474,
55.049034, 1.666113, 1.670947, 0.004834,
55.059226, 1.669336, 1.652417, -0.016919,
55.069612, 1.665308, 1.658057, -0.007251,
55.079889, 1.666919, 1.662085, -0.004834,
55.090335, 1.670142, 1.682227, 0.012085,
55.100554, 1.670142, 1.665308, -0.004834,
55.111003, 1.666919, 1.666919, 0.000000,
55.121007, 1.670947, 1.654834, -0.016113,
55.131410, 1.670142, 1.654028, -0.016113,
55.141789, 1.666919, 1.661279, -0.005640,
55.152111, 1.668530, 1.673364, 0.004834,
55.162222, 1.662085, 1.679810, 0.017725,
55.172342, 1.668530, 1.661279, -0.007251,
55.182779, 1.662085, 1.666919, 0.004834,
55.192889, 1.666113, 1.664502, -0.001611,
55.203340, 1.662891, 1.654028, -0.008862,
55.213782, 1.670142, 1.676587, 0.006445,
55.223892, 1.668530, 1.668530, 0.000000,
55.234093, 1.668530, 1.654834, -0.013696,
55.244450, 1.665308, 1.645972, -0.019336,
55.254781, 1.669336, 1.673364, 0.004028,
55.264895, 1.665308, 1.674170, 0.008862,
55.275003, 1.666113, 1.670947, 0.004834,
55.285215, 1.670142, 1.662891, -0.007251,
55.295564, 1.668530, 1.666113, -0.002417,
55.306100, 1.668530, 1.661279, -0.007251,
55.316426, 1.661279, 1.668530, 0.007251,
55.326446, 1.668530, 1.657251, -0.011279,
55.337061, 1.669336, 1.654834, -0.014502,
55.347346, 1.666113, 1.677393, 0.011279,
55.357539, 1.670142, 1.666919, -0.003223,
55.367875, 1.666919, 1.654834, -0.012085,
55.378238, 1.662085, 1.665308, 0.003223,
55.388439, 1.669336, 1.660474, -0.008862,
55.398892, 1.668530, 1.665308, -0.003223,
55.409335, 1.665308, 1.664502, -0.000806,
55.419663, 1.666919, 1.665308, -0.001611,
55.430008, 1.665308, 1.678198, 0.012891,
55.440225, 1.668530, 1.662085, -0.006445,
55.450552, 1.668530, 1.657251, -0.011279,
55.461012, 1.666919, 1.644360, -0.022559,
55.471429, 1.665308, 1.665308, 0.000000,
55.481553, 1.669336, 1.668530, -0.000806,
55.491875, 1.669336, 1.660474, -0.008862,
55.502337, 1.669336, 1.662085, -0.007251,
55.512793, 1.670142, 1.661279, -0.008862,
55.523116, 1.669336, 1.661279, -0.008057,
55.533561, 1.664502, 1.662085, -0.002417,
55.544008, 1.664502, 1.662891, -0.001611,
55.554344, 1.666919, 1.658862, -0.008057,
55.564794, 1.669336, 1.677393, 0.008057,
55.574919, 1.665308, 1.679004, 0.013696,
55.585105, 1.665308, 1.643555, -0.021753,
55.595347, 1.669336, 1.674170, 0.004834,
55.605976, 1.664502, 1.645972, -0.018530,
55.616230, 1.668530, 1.665308, -0.003223,
55.626557, 1.672559, 1.666113, -0.006445,
55.637083, 1.662085, 1.650806, -0.011279,
55.647442, 1.669336, 1.691895, 0.022559,
55.657673, 1.666919, 1.632275, -0.034644,
55.668048, 1.670947, 1.664502, -0.006445,
55.678345, 1.666919, 1.670142, 0.003223,
55.688548, 1.668530, 1.656445, -0.012085,
55.699009, 1.665308, 1.664502, -0.000806,
55.709448, 1.669336, 1.662085, -0.007251,
55.719795, 1.668530, 1.656445, -0.012085,
55.730116, 1.668530, 1.677393, 0.008862,
55.740332, 1.664502, 1.685449, 0.020947,
55.750448, 1.670142, 1.662085, -0.008057,
55.760863, 1.670947, 1.662891, -0.008057,
55.765687, 1.670142, 1.657251, -0.012891,
55.767831, 1.666919, 1.658862, -0.008057,
55.778103, 1.666919, 1.661279, -0.005640,
55.788442, 1.669336, 1.633887, -0.035449,
55.798891, 1.669336, 1.665308, -0.004028,
55.809339, 1.670947, 1.661279, -0.009668,
55.819673, 1.664502, 1.668530, 0.004028,
55.829794, 1.666919, 1.640332, -0.026587,
55.840342, 1.668530, 1.652417, -0.016113,
55.850673, 1.669336, 1.657251, -0.012085,
55.861104, 1.670142, 1.654028, -0.016113,
55.871440, 1.670142, 1.660474, -0.009668,
55.881862, 1.670142, 1.664502, -0.005640,
55.892120, 1.662891, 1.669336, 0.006445,
55.902359, 1.668530, 1.657251, -0.011279,
55.912788, 1.666919, 1.666113, -0.000806,
55.923121, 1.662891, 1.658862, -0.004028,
55.933564, 1.670142, 1.662085, -0.008057,
55.944009, 1.666113, 1.672559, 0.006445,
55.954109, 1.669336, 1.670947, 0.001611,
55.964226, 1.669336, 1.664502, -0.004834,
55.974561, 1.670142, 1.654834, -0.015308,
55.985004, 1.662085, 1.662085, 0.000000,
55.995004, 1.661279, 1.666919, 0.005640,
56.005112, 1.666113, 1.658057, -0.008057,
56.015443, 1.668530, 1.670142, 0.001611,
56.025561, 1.662891, 1.677393, 0.014502,
56.035787, 1.664502, 1.666919, 0.002417,
56.046005, 1.666113, 1.658862, -0.007251,
56.056412, 1.670947, 1.666919, -0.004028,
56.066667, 1.668530, 1.656445, -0.012085,
56.077008, 1.669336, 1.662891, -0.006445,
56.087439, 1.668530, 1.685449, 0.016919,
56.097686, 1.666113, 1.676587, 0.010474,
56.107885, 1.669336, 1.662891, -0.006445,
56.118230, 1.668530, 1.657251, -0.011279,
56.128555, 1.666919, 1.661279, -0.005640,
56.139000, 1.670142, 1.661279, -0.008862,
56.149317, 1.668530, 1.672559, 0.004028,
56.159446, 1.662085, 1.674976, 0.012891,
56.169601, 1.666919, 1.665308, -0.001611,
56.179899, 1.668530, 1.664502, -0.004028,
56.190341, 1.668530, 1.653223, -0.015308,
56.200757, 1.669336, 1.662085, -0.007251,
56.211184, 1.661279, 1.658057, -0.003223,
56.221454, 1.669336, 1.650000, -0.019336,
56.231877, 1.669336, 1.666113, -0.003223,
56.242340, 1.666919, 1.662085, -0.004834,
56.252672, 1.669336, 1.654834, -0.014502,
56.263019, 1.668530, 1.678198, 0.009668,
56.273117, 1.666113, 1.662085, -0.004028,
56.283560, 1.665308, 1.660474, -0.004834,
56.293920, 1.662891, 1.657251, -0.005640,
56.304338, 1.666919, 1.668530, 0.001611,
56.314553, 1.670142, 1.683032, 0.012891,
56.324680, 1.670142, 1.669336, -0.000806,
56.335118, 1.670142, 1.658862, -0.011279,
56.345558, 1.668530, 1.662085, -0.006445,
56.355988, 1.666919, 1.637109, -0.029809,
56.366341, 1.666919, 1.666919, 0.000000,
56.376439, 1.666919, 1.662085, -0.004834,
56.386893, 1.668530, 1.661279, -0.007251,
56.397343, 1.666919, 1.668530, 0.001611,
56.407562, 1.669336, 1.670947, 0.001611,
56.417679, 1.669336, 1.652417, -0.016919,
56.428005, 1.666919, 1.665308, -0.001611,
56.438457, 1.670947, 1.662085, -0.008862,
56.448794, 1.666919, 1.658862, -0.008057,
56.459228, 1.664502, 1.632275, -0.032227,
56.469619, 1.669336, 1.661279, -0.008057,
56.479891, 1.670947, 1.637915, -0.033032,
56.490254, 1.666919, 1.679810, 0.012891,
56.500453, 1.672559, 1.644360, -0.028198,
56.510893, 1.673364, 1.662085, -0.011279,
56.521221, 1.668530, 1.633081, -0.035449,
56.531650, 1.662085, 1.668530, 0.006445,
56.541788, 1.670947, 1.654834, -0.016113,
56.552108, 1.670142, 1.677393, 0.007251,
56.562339, 1.669336, 1.654028, -0.015308,
56.572677, 1.670142, 1.661279, -0.008862,
56.583113, 1.670142, 1.672559, 0.002417,
56.593231, 1.668530, 1.654834, -0.013696,
56.603669, 1.669336, 1.658057, -0.011279,
56.614115, 1.670947, 1.669336, -0.001611,
56.624372, 1.670142, 1.662085, -0.008057,
56.634799, 1.670947, 1.654028, -0.016919,
56.645231, 1.670947, 1.679004, 0.008057,
56.655251, 1.670947, 1.627441, -0.043506,
56.665691, 1.668530, 1.644360, -0.024170,
56.676014, 1.665308, 1.668530, 0.003223,
56.686234, 1.668530, 1.657251, -0.011279,
56.696669, 1.666919, 1.677393, 0.010474,
56.706861, 1.665308, 1.656445, -0.008862,
56.717118, 1.666113, 1.664502, -0.001611,
56.727447, 1.672559, 1.654834, -0.017725,
56.737880, 1.666919, 1.662891, -0.004028,
56.748146, 1.662891, 1.657251, -0.005640,
56.758560, 1.666113, 1.664502, -0.001611,
56.768967, 1.666919, 1.665308, -0.001611,
56.779224, 1.668530, 1.674170, 0.005640,
56.789348, 1.668530, 1.656445, -0.012085,
56.799793, 1.665308, 1.662891, -0.002417,
56.810226, 1.662085, 1.660474, -0.001611,
56.820564, 1.664502, 1.661279, -0.003223,
56.830986, 1.668530, 1.668530, 0.000000,
56.841116, 1.670947, 1.661279, -0.009668,
56.851449, 1.666919, 1.658862, -0.008057,
56.861897, 1.669336, 1.674170, 0.004834,
56.872053, 1.665308, 1.677393, 0.012085,
56.882229, 1.662891, 1.670142, 0.007251,
56.892340, 1.670142, 1.665308, -0.004834,
56.902792, 1.670142, 1.654834, -0.015308,
56.913241, 1.669336, 1.683838, 0.014502,
56.923349, 1.669336, 1.658057, -0.011279,
56.933797, 1.668530, 1.678198, 0.009668,
56.944017, 1.658862, 1.662085, 0.003223,
56.954107, 1.666919, 1.657251, -0.009668,
56.964446, 1.670947, 1.658057, -0.012891,
56.974786, 1.668530, 1.660474, -0.008057,
56.985228, 1.670142, 1.633081, -0.037060,
56.995562, 1.668530, 1.662085, -0.006445,
57.006103, 1.668530, 1.661279, -0.007251,
57.016436, 1.668530, 1.661279, -0.007251,
57.026790, 1.658057, 1.662085, 0.004028,
57.037087, 1.664502, 1.645972, -0.018530,
57.047343, 1.670142, 1.677393, 0.007251,
57.057527, 1.669336, 1.661279, -0.008057,
57.067833, 1.669336, 1.662085, -0.007251,
57.078120, 1.668530, 1.670142, 0.001611,
57.088348, 1.666919, 1.658862, -0.008057,
57.098787, 1.670142, 1.677393, 0.007251,
57.109014, 1.670142, 1.658862, -0.011279,
57.119351, 1.666919, 1.664502, -0.002417,
57.129674, 1.666113, 1.683838, 0.017725,
57.139889, 1.665308, 1.658862, -0.006445,
57.150281, 1.670142, 1.654834, -0.015308,
57.160678, 1.670142, 1.650000, -0.020142,
57.171035, 1.666919, 1.666919, 0.000000,
57.181190, 1.668530, 1.666919, -0.001611,
57.191454, 1.672559, 1.665308, -0.007251,
57.201893, 1.666919, 1.658057, -0.008862,
57.212364, 1.669336, 1.670947, 0.001611,
57.222458, 1.670142, 1.658862, -0.011279,
57.232892, 1.672559, 1.672559, 0.000000,
57.243038, 1.668530, 1.673364, 0.004834,
57.253116, 1.668530, 1.654834, -0.013696,
57.263561, 1.666919, 1.677393, 0.010474,
57.273678, 1.662891, 1.654028, -0.008862,
57.284124, 1.668530, 1.654028, -0.014502,
57.294450, 1.672559, 1.654834, -0.017725,
57.304897, 1.668530, 1.657251, -0.011279,
57.315349, 1.669336, 1.664502, -0.004834,
57.325688, 1.669336, 1.666113, -0.003223,
57.336125, 1.668530, 1.664502, -0.004028,
57.346449, 1.670142, 1.666113, -0.004028,
57.356884, 1.666919, 1.666919, 0.000000,
57.366900, 1.670142, 1.645166, -0.024976,
57.377238, 1.670142, 1.661279, -0.008862,
57.387680, 1.666919, 1.665308, -0.001611,
57.398111, 1.666113, 1.669336, 0.003223,
57.408352, 1.670142, 1.668530, -0.001611,
57.418684, 1.666919, 1.647583, -0.019336,
57.429006, 1.662891, 1.670142, 0.007251,
57.439215, 1.670142, 1.662891, -0.007251,
57.449474, 1.670142, 1.670142, 0.000000,
57.459682, 1.670142, 1.681421, 0.011279,
57.469888, 1.664502, 1.657251, -0.007251,
57.480227, 1.668530, 1.674976, 0.006445,
57.490346, 1.670142, 1.682227, 0.012085,
57.500563, 1.669336, 1.661279, -0.008057,
57.511009, 1.666919, 1.662085, -0.004834,
57.521233, 1.668530, 1.662891, -0.005640,
57.531645, 1.665308, 1.661279, -0.004028,
57.542034, 1.668530, 1.665308, -0.003223,
57.552349, 1.670142, 1.683838, 0.013696,
57.562580, 1.666919, 1.669336, 0.002417,
57.572712, 1.670947, 1.670142, -0.000806,
57.583111, 1.668530, 1.674170, 0.005640,
57.593125, 1.669336, 1.668530, -0.000806,
57.599125, 1.668530, 1.670142, 0.001611,
57.609350, 1.668530, 1.648389, -0.020142,
57.619680, 1.670142, 1.662085, -0.008057,
57.630018, 1.668530, 1.670947, 0.002417,
57.640232, 1.670142, 1.654834, -0.015308,
57.650566, 1.668530, 1.643555, -0.024976,
57.661016, 1.670142, 1.670142, 0.000000,
57.671225, 1.669336, 1.662085, -0.007251,
57.681597, 1.668530, 1.664502, -0.004028,
57.691895, 1.661279, 1.662085, 0.000806,
57.702119, 1.668530, 1.665308, -0.003223,
57.712559, 1.665308, 1.670142, 0.004834,
57.722688, 1.670142, 1.670142, 0.000000,
57.732897, 1.673364, 1.670142, -0.003223,
57.743348, 1.668530, 1.670142, 0.001611,
57.753455, 1.662085, 1.644360, -0.017725,
57.763899, 1.670142, 1.668530, -0.001611,
57.774244, 1.670142, 1.661279, -0.008862,
57.784685, 1.666919, 1.669336, 0.002417,
57.794791, 1.664502, 1.666919, 0.002417,
57.805047, 1.669336, 1.660474, -0.008862,
57.815340, 1.665308, 1.668530, 0.003223,
57.825445, 1.665308, 1.665308, 0.000000,
57.835555, 1.662085, 1.658862, -0.003223,
57.845907, 1.669336, 1.662891, -0.006445,
57.856343, 1.665308, 1.662085, -0.003223,
57.866713, 1.670947, 1.666113, -0.004834,
57.877109, 1.666113, 1.661279, -0.004834,
57.887461, 1.673364, 1.664502, -0.008862,
57.897911, 1.670142, 1.670142, 0.000000,
57.908122, 1.670142, 1.650000, -0.020142,
57.918454, 1.670142, 1.652417, -0.017725,
57.928798, 1.668530, 1.668530, 0.000000,
57.939075, 1.665308, 1.654028, -0.011279,
57.949345, 1.665308, 1.674976, 0.009668,
57.959454, 1.664502, 1.660474, -0.004028,
57.969863, 1.664502, 1.670947, 0.006445,
57.980020, 1.670142, 1.643555, -0.026587,
57.990348, 1.668530, 1.670142, 0.001611,
58.000569, 1.670142, 1.657251, -0.012891,
58.011020, 1.666113, 1.637915, -0.028198,
58.021357, 1.668530, 1.665308, -0.003223,
58.031800, 1.666113, 1.657251, -0.008862,
58.042239, 1.662085, 1.662085, 0.000000,
58.052346, 1.669336, 1.660474, -0.008862,
58.062795, 1.666919, 1.665308, -0.001611,
58.073135, 1.670142, 1.666919, -0.003223,
58.083561, 1.669336, 1.647583, -0.021753,
58.093902, 1.669336, 1.670142, 0.000806,
58.104124, 1.669336, 1.645972, -0.023364,
58.114565, 1.670947, 1.660474, -0.010474,
58.124892, 1.666919, 1.664502, -0.002417,
58.135348, 1.662891, 1.661279, -0.001611,
58.145685, 1.666919, 1.676587, 0.009668,
58.155879, 1.666919, 1.652417, -0.014502,
58.166241, 1.670142, 1.658057, -0.012085,
58.176570, 1.666919, 1.661279, -0.005640,
58.187007, 1.670142, 1.654028, -0.016113,
58.197384, 1.669336, 1.674170, 0.004834,
58.207564, 1.670142, 1.662085, -0.008057,
58.217912, 1.668530, 1.662085, -0.006445,
58.228235, 1.666113, 1.662085, -0.004028,
58.238798, 1.670947, 1.664502, -0.006445,
58.249118, 1.668530, 1.665308, -0.003223,
58.259460, 1.669336, 1.673364, 0.004028,
58.269618, 1.664502, 1.657251, -0.007251,
58.279906, 1.668530, 1.672559, 0.004028,
58.290114, 1.666919, 1.670947, 0.004028,
58.300343, 1.666113, 1.664502, -0.001611,
58.310796, 1.669336, 1.662891, -0.006445,
58.321125, 1.666919, 1.666113, -0.000806,
58.331564, 1.666919, 1.660474, -0.006445,
58.342039, 1.670142, 1.662085, -0.008057,
58.352356, 1.670142, 1.654834, -0.015308,
58.362800, 1.666919, 1.668530, 0.001611,
58.372937, 1.666919, 1.681421, 0.014502,
58.383120, 1.668530, 1.656445, -0.012085,
58.393474, 1.664502, 1.662085, -0.002417,
58.403912, 1.669336, 1.666919, -0.002417,
58.414352, 1.669336, 1.674976, 0.005640,
58.424459, 1.670142, 1.678198, 0.008057,
58.434690, 1.672559, 1.662085, -0.010474,
58.445125, 1.670947, 1.674170, 0.003223,
58.455241, 1.669336, 1.666113, -0.003223,
58.465689, 1.669336, 1.676587, 0.007251,
58.475813, 1.670947, 1.657251, -0.013696,
58.486249, 1.670142, 1.670947, 0.000806,
58.496441, 1.669336, 1.674976, 0.005640,
58.506659, 1.662891, 1.637915, -0.024976,
58.517018, 1.670947, 1.670142, -0.000806,
58.527346, 1.666919, 1.670142, 0.003223,
58.537649, 1.669336, 1.661279, -0.008057,
58.547907, 1.668530, 1.662085, -0.006445,
58.558351, 1.664502, 1.660474, -0.004028,
58.568740, 1.669336, 1.670142, 0.000806,
58.578794, 1.662085, 1.676587, 0.014502,
58.589012, 1.670142, 1.658862, -0.011279,
58.599450, 1.669336, 1.658057, -0.011279,
58.609911, 1.668530, 1.660474, -0.008057,
58.620237, 1.666113, 1.652417, -0.013696,
58.630571, 1.670142, 1.665308, -0.004834,
58.641024, 1.665308, 1.658862, -0.006445,
58.651348, 1.669336, 1.662085, -0.007251,
58.661811, 1.670142, 1.640332, -0.029810,
58.672131, 1.669336, 1.666919, -0.002417,
58.682565, 1.669336, 1.661279, -0.008057,
58.692913, 1.666919, 1.666919, 0.000000,
58.703107, 1.669336, 1.635498, -0.033838,
58.713458, 1.670947, 1.641138, -0.029809,
58.723800, 1.669336, 1.635498, -0.033838,
58.734236, 1.666113, 1.650806, -0.015308,
58.744687, 1.669336, 1.654028, -0.015308,
58.755025, 1.669336, 1.668530, -0.000806,
58.765352, 1.666919, 1.669336, 0.002417,
58.775460, 1.668530, 1.654834, -0.013696,
58.785915, 1.661279, 1.662085, 0.000806,
58.796129, 1.665308, 1.662085, -0.003223,
58.806577, 1.670947, 1.673364, 0.002417,
58.816694, 1.664502, 1.656445, -0.008057,
58.827018, 1.666113, 1.662085, -0.004028,
58.837466, 1.665308, 1.662085, -0.003223,
58.847796, 1.661279, 1.669336, 0.008057,
58.858015, 1.668530, 1.662085, -0.006445,
58.868399, 1.666919, 1.661279, -0.005640,
58.878690, 1.666919, 1.668530, 0.001611,
58.888908, 1.666113, 1.666919, 0.000806,
58.899121, 1.670142, 1.666919, -0.003223,
58.909578, 1.668530, 1.660474, -0.008057,
58.919931, 1.669336, 1.650000, -0.019336,
58.930245, 1.665308, 1.676587, 0.011279,
58.940561, 1.666113, 1.662085, -0.004028,
58.950911, 1.664502, 1.660474, -0.004028,
58.961351, 1.668530, 1.661279, -0.007251,
58.971688, 1.662891, 1.673364, 0.010474,
58.981904, 1.664502, 1.682227, 0.017725,
58.992023, 1.662891, 1.661279, -0.001611,
59.002459, 1.669336, 1.662085, -0.007251,
59.012900, 1.660474, 1.666919, 0.006445,
59.023022, 1.669336, 1.658862, -0.010474,
59.033419, 1.666113, 1.662085, -0.004028,
59.043796, 1.669336, 1.664502, -0.004834,
59.054125, 1.666919, 1.666919, 0.000000,
59.064241, 1.665308, 1.683032, 0.017725,
59.074359, 1.670947, 1.650806, -0.020142,
59.084803, 1.670142, 1.647583, -0.022559,
59.095133, 1.670142, 1.654028, -0.016113,
59.105460, 1.665308, 1.658057, -0.007251,
59.115816, 1.664502, 1.658862, -0.005640,
59.126129, 1.669336, 1.653223, -0.016113,
59.136573, 1.670947, 1.656445, -0.014502,
59.147020, 1.666919, 1.670142, 0.003223,
59.157238, 1.668530, 1.653223, -0.015308,
59.167570, 1.662085, 1.662085, 0.000000,
59.177706, 1.666113, 1.662891, -0.003223,
59.188128, 1.665308, 1.637109, -0.028198,
59.198572, 1.662891, 1.662085, -0.000806,
59.209016, 1.670142, 1.666113, -0.004028,
59.219359, 1.666919, 1.662891, -0.004028,
59.229689, 1.669336, 1.670142, 0.000806,
59.239894, 1.661279, 1.669336, 0.008057,
59.250022, 1.664502, 1.657251, -0.007251,
59.260450, 1.668530, 1.664502, -0.004028,
59.270810, 1.668530, 1.654834, -0.013696,
59.281205, 1.666113, 1.670142, 0.004028,
59.291246, 1.666919, 1.666919, 0.000000,
59.301455, 1.666919, 1.654028, -0.012891,
59.311928, 1.666113, 1.678198, 0.012085,
59.322019, 1.662891, 1.670947, 0.008057,
59.332238, 1.668530, 1.664502, -0.004028,
59.342693, 1.666113, 1.650000, -0.016113,
59.353024, 1.670947, 1.658057, -0.012891,
59.363462, 1.664502, 1.666113, 0.001611,
59.373576, 1.670947, 1.662891, -0.008057,
59.384028, 1.666919, 1.641943, -0.024976,
59.394361, 1.669336, 1.673364, 0.004028,
59.404574, 1.669336, 1.674170, 0.004834,
59.414806, 1.668530, 1.668530, 0.000000,
59.424905, 1.664502, 1.660474, -0.004028,
59.435351, 1.661279, 1.665308, 0.004028,
59.445573, 1.669336, 1.668530, -0.000806,
59.455993, 1.666113, 1.660474, -0.005640,
59.466243, 1.669336, 1.678198, 0.008862,
59.476354, 1.669336, 1.657251, -0.012085,
59.486803, 1.668530, 1.658057, -0.010474,
59.497249, 1.666919, 1.673364, 0.006445,
59.507455, 1.666113, 1.665308, -0.000806,
59.517801, 1.669336, 1.670142, 0.000806,
59.527903, 1.670142, 1.652417, -0.017725,
59.538451, 1.666919, 1.665308, -0.001611,
59.548808, 1.670947, 1.650000, -0.020947,
59.559242, 1.661279, 1.650000, -0.011279,
59.569652, 1.664502, 1.654028, -0.010474,
59.580022, 1.666919, 1.670142, 0.003223,
59.590120, 1.670142, 1.662085, -0.008057,
59.600455, 1.670947, 1.652417, -0.018530,
59.610909, 1.664502, 1.650000, -0.014502,
59.621238, 1.666113, 1.662891, -0.003223,
59.631668, 1.668530, 1.658862, -0.009668,
59.642128, 1.670142, 1.662891, -0.007251,
59.652357, 1.665308, 1.665308, 0.000000,
59.662459, 1.664502, 1.679810, 0.015308,
59.672575, 1.670142, 1.637109, -0.033032,
59.683018, 1.662085, 1.662085, 0.000000,
59.693025, 1.666919, 1.653223, -0.013696,
59.703478, 1.666919, 1.650000, -0.016919,
59.713907, 1.670142, 1.670947, 0.000806,
59.724029, 1.666919, 1.650806, -0.016113,
59.734462, 1.662085, 1.669336, 0.007251,
59.744691, 1.665308, 1.666113, 0.000806,
59.754796, 1.662085, 1.654834, -0.007251,
59.765242, 1.669336, 1.649194, -0.020142,
59.775692, 1.662085, 1.666113, 0.004028,
59.785895, 1.662891, 1.677393, 0.014502,
59.796145, 1.669336, 1.664502, -0.004834,
59.806575, 1.666919, 1.658862, -0.008057,
59.816915, 1.668530, 1.653223, -0.015308,
59.827242, 1.661279, 1.662085, 0.000806,
59.837573, 1.668530, 1.660474, -0.008057,
59.847912, 1.668530, 1.661279, -0.007251,
59.858358, 1.658862, 1.673364, 0.014502,
59.868530, 1.669336, 1.662085, -0.007251,
59.878808, 1.669336, 1.662085, -0.007251,
59.889240, 1.668530, 1.665308, -0.003223,
59.899699, 1.669336, 1.666919, -0.002417,
59.910125, 1.666919, 1.662891, -0.004028,
59.920454, 1.670142, 1.652417, -0.017725,
59.930884, 1.670142, 1.672559, 0.002417,
59.941125, 1.670142, 1.660474, -0.009668,
59.951462, 1.670142, 1.673364, 0.003223,
59.961683, 1.665308, 1.670947, 0.005640,
59.971889, 1.669336, 1.670947, 0.001611,
59.982083, 1.670142, 1.681421, 0.011279,
59.992127, 1.669336, 1.673364, 0.004028,
60.002356, 1.666113, 1.662085, -0.004028,
60.012802, 1.660474, 1.662891, 0.002417,
60.022916, 1.668530, 1.654834, -0.013696,
60.033359, 1.666919, 1.668530, 0.001611,
60.043571, 1.665308, 1.662891, -0.002417,
60.053911, 1.662891, 1.657251, -0.005640,
60.064354, 1.660474, 1.662085, 0.001611,
60.074470, 1.666919, 1.652417, -0.014502,
60.084908, 1.670142, 1.658862, -0.011279,
60.095193, 1.669336, 1.670142, 0.000806,
60.105463, 1.662085, 1.658862, -0.003223,
60.115809, 1.668530, 1.664502, -0.004028,
60.126128, 1.670142, 1.661279, -0.008862,
60.136479, 1.660474, 1.662085, 0.001611,
60.146578, 1.666113, 1.670947, 0.004834,
60.156800, 1.664502, 1.637915, -0.026587,
60.167137, 1.669336, 1.658862, -0.010474,
60.177461, 1.670142, 1.662891, -0.007251,
60.187896, 1.669336, 1.657251, -0.012085,
60.198362, 1.665308, 1.666919, 0.001611,
60.208575, 1.666919, 1.656445, -0.010474,
60.218911, 1.670142, 1.650806, -0.019336,
60.229239, 1.665308, 1.685449, 0.020142,
60.239461, 1.668530, 1.668530, 0.000000,
60.249573, 1.668530, 1.677393, 0.008862,
60.259796, 1.668530, 1.677393, 0.008862,
60.269932, 1.673364, 1.658862, -0.014502,
60.280235, 1.666919, 1.666919, 0.000000,
60.290362, 1.665308, 1.654834, -0.010474,
60.300812, 1.665308, 1.654834, -0.010474,
60.311244, 1.665308, 1.677393, 0.012085,
60.321355, 1.669336, 1.670142, 0.000806,
60.331576, 1.664502, 1.666919, 0.002417,
60.341822, 1.670142, 1.664502, -0.005640,
60.352130, 1.666113, 1.658057, -0.008057,
60.362456, 1.673364, 1.670947, -0.002417,
60.372810, 1.670142, 1.670947, 0.000806,
60.383016, 1.666113, 1.674976, 0.008862,
60.393092, 1.666919, 1.670142, 0.003223,
60.403241, 1.668530, 1.658862, -0.009668,
60.413690, 1.669336, 1.658057, -0.011279,
60.424049, 1.668530, 1.660474, -0.008057,
60.434455, 1.668530, 1.652417, -0.016113,
60.444910, 1.670947, 1.674170, 0.003223,
60.455029, 1.668530, 1.666919, -0.001611,
60.465359, 1.666919, 1.670947, 0.004028,
60.475470, 1.662891, 1.658057, -0.004834,
60.485910, 1.664502, 1.656445, -0.008057,
60.496349, 1.668530, 1.673364, 0.004834,
60.506576, 1.668530, 1.668530, 0.000000,
60.516707, 1.666919, 1.658057, -0.008862,
60.527028, 1.662891, 1.653223, -0.009668,
60.537456, 1.668530, 1.677393, 0.008862,
60.547592, 1.666919, 1.653223, -0.013696,
60.558024, 1.666919, 1.670142, 0.003223,
60.568159, 1.668530, 1.661279, -0.007251,
60.578469, 1.662085, 1.668530, 0.006445,
60.588697, 1.668530, 1.654834, -0.013696,
60.599130, 1.670142, 1.658862, -0.011279,
60.609594, 1.662085, 1.662085, 0.000000,
60.619714, 1.662085, 1.657251, -0.004834,
60.630031, 1.666113, 1.677393, 0.011279,
60.640247, 1.666919, 1.672559, 0.005640,
60.650360, 1.666113, 1.652417, -0.013696,
60.660809, 1.668530, 1.668530, 0.000000,
60.670981, 1.668530, 1.650000, -0.018530,
60.681361, 1.666919, 1.668530, 0.001611,
60.691452, 1.666113, 1.657251, -0.008862,
60.701920, 1.670142, 1.661279, -0.008862,
60.712355, 1.670142, 1.670947, 0.000806,
60.722468, 1.666113, 1.658862, -0.007251,
60.732908, 1.668530, 1.669336, 0.000806,
60.743130, 1.672559, 1.654028, -0.018530,
60.753473, 1.669336, 1.654834, -0.014502,
60.763919, 1.665308, 1.637109, -0.028198,
60.774263, 1.669336, 1.674170, 0.004834,
60.784464, 1.668530, 1.670142, 0.001611,
60.794592, 1.670142, 1.639526, -0.030615,
60.805030, 1.669336, 1.657251, -0.012085,
60.815360, 1.669336, 1.666919, -0.002417,
60.825694, 1.666113, 1.666919, 0.000806,
60.835925, 1.665308, 1.657251, -0.008057,
60.846363, 1.670142, 1.666919, -0.003223,
60.848676, 1.664502, 1.691895, 0.027393,
60.853147, 1.664502, 1.676587, 0.012085,
60.863360, 1.666113, 1.670142, 0.004028,
60.873456, 1.665308, 1.662891, -0.002417,
60.883920, 1.666113, 1.677393, 0.011279,
60.894032, 1.661279, 1.662085, 0.000806,
60.904198, 1.666919, 1.657251, -0.009668,
60.914573, 1.665308, 1.653223, -0.012085,
60.924910, 1.665308, 1.666113, 0.000806,
60.935132, 1.666919, 1.666919, 0.000000,
60.945276, 1.668530, 1.666919, -0.001611,
60.955579, 1.670947, 1.677393, 0.006445,
60.965693, 1.670947, 1.666919, -0.004028,
60.976032, 1.665308, 1.669336, 0.004028,
60.986242, 1.668530, 1.677393, 0.008862,
60.996457, 1.664502, 1.669336, 0.004834,
61.006684, 1.666919, 1.656445, -0.010474,
61.017028, 1.669336, 1.672559, 0.003223,
61.027122, 1.670947, 1.664502, -0.006445,
61.037576, 1.664502, 1.664502, 0.000000,
61.047576, 1.669336, 1.664502, -0.004834,
61.058024, 1.660474, 1.670947, 0.010474,
61.068178, 1.666113, 1.660474, -0.005640,
61.078527, 1.672559, 1.640332, -0.032227,
61.088917, 1.666919, 1.653223, -0.013696,
61.099358, 1.668530, 1.670142, 0.001611,
61.109591, 1.666113, 1.670142, 0.004028,
61.119697, 1.670142, 1.658862, -0.011279,
61.130036, 1.666113, 1.691895, 0.025781,
61.140253, 1.665308, 1.660474, -0.004834,
61.150592, 1.669336, 1.662891, -0.006445,
61.161034, 1.669336, 1.660474, -0.008862,
61.171432, 1.664502, 1.660474, -0.004028,
61.181809, 1.669336, 1.666919, -0.002417,
61.192123, 1.668530, 1.673364, 0.004834,
61.202243, 1.664502, 1.660474, -0.004028,
61.212685, 1.668530, 1.670142, 0.001611,
61.222369, 1.670142, 1.664502, -0.005640,
61.232800, 1.669336, 1.669336, 0.000000,
61.242921, 1.665308, 1.664502, -0.000806,
61.253247, 1.669336, 1.677393, 0.008057,
61.263467, 1.668530, 1.670947, 0.002417,
61.273656, 1.666919, 1.653223, -0.013696,
61.284043, 1.662085, 1.661279, -0.000806,
61.294365, 1.670947, 1.654834, -0.016113,
61.304819, 1.668530, 1.676587, 0.008057,
61.315030, 1.668530, 1.660474, -0.008057,
61.325364, 1.665308, 1.677393, 0.012085,
61.335578, 1.666919, 1.665308, -0.001611,
61.346022, 1.666113, 1.677393, 0.011279,
61.356227, 1.666113, 1.650806, -0.015308,
61.366470, 1.670947, 1.662085, -0.008862,
61.376808, 1.669336, 1.661279, -0.008057,
61.387255, 1.662085, 1.647583, -0.014502,
61.397699, 1.670142, 1.682227, 0.012085,
61.407917, 1.664502, 1.657251, -0.007251,
61.418260, 1.669336, 1.657251, -0.012085,
61.428577, 1.664502, 1.668530, 0.004028,
61.438811, 1.669336, 1.664502, -0.004834,
61.449137, 1.670142, 1.676587, 0.006445,
61.459362, 1.665308, 1.658862, -0.006445,
61.469720, 1.670142, 1.654028, -0.016113,
61.480031, 1.664502, 1.678198, 0.013696,
61.490138, 1.666919, 1.674170, 0.007251,
61.499701, 1.670142, 1.687866, 0.017725,
61.509923, 1.666919, 1.665308, -0.001611,
61.520249, 1.669336, 1.654834, -0.014502,
61.530664, 1.670142, 1.670142, 0.000000,
61.540820, 1.670142, 1.657251, -0.012891,
61.551121, 1.670142, 1.670142, 0.000000,
61.561245, 1.672559, 1.661279, -0.011279,
61.571623, 1.670142, 1.670947, 0.000806,
61.581809, 1.666919, 1.683032, 0.016113,
61.591906, 1.662085, 1.657251, -0.004834,
61.602380, 1.669336, 1.654028, -0.015308,
61.612357, 1.666919, 1.650806, -0.016113,
61.622602, 1.668530, 1.670947, 0.002417,
61.632798, 1.668530, 1.661279, -0.007251,
61.643147, 1.669336, 1.670142, 0.000806,
61.653252, 1.668530, 1.658862, -0.009668,
61.663717, 1.665308, 1.670947, 0.005640,
61.673911, 1.666919, 1.662891, -0.004028,
61.684362, 1.668530, 1.647583, -0.020947,
61.694702, 1.670947, 1.669336, -0.001611,
61.705059, 1.669336, 1.670142, 0.000806,
61.715133, 1.669336, 1.662891, -0.006445,
61.725367, 1.670142, 1.650000, -0.020142,
61.735805, 1.670142, 1.656445, -0.013696,
61.746255, 1.670142, 1.665308, -0.004834,
61.756674, 1.668530, 1.662891, -0.005640,
61.766945, 1.668530, 1.649194, -0.019336,
61.777250, 1.668530, 1.662085, -0.006445,
61.787695, 1.669336, 1.649194, -0.020142,
61.798129, 1.670142, 1.670142, 0.000000,
61.808240, 1.669336, 1.665308, -0.004028,
61.818580, 1.666113, 1.654834, -0.011279,
61.828927, 1.669336, 1.662085, -0.007251,
61.839466, 1.665308, 1.662085, -0.003223,
61.849814, 1.661279, 1.649194, -0.012085,
61.860249, 1.670947, 1.656445, -0.014502,
61.870214, 1.662085, 1.649194, -0.012891,
61.880466, 1.665308, 1.683032, 0.017725,
61.890593, 1.668530, 1.658862, -0.009668,
61.901031, 1.666919, 1.660474, -0.006445,
61.911474, 1.669336, 1.650000, -0.019336,
61.921821, 1.666919, 1.658862, -0.008057,
61.932253, 1.664502, 1.654028, -0.010474,
61.942706, 1.670142, 1.674170, 0.004028,
61.952821, 1.670142, 1.665308, -0.004834,
61.963246, 1.670142, 1.674976, 0.004834,
61.973452, 1.664502, 1.658862, -0.005640,
61.983805, 1.666919, 1.662891, -0.004028,
61.994137, 1.666919, 1.666919, 0.000000,
62.004365, 1.670142, 1.658862, -0.011279,
62.014811, 1.669336, 1.672559, 0.003223,
62.024919, 1.664502, 1.670947, 0.006445,
62.035137, 1.669336, 1.654028, -0.015308,
62.045581, 1.670142, 1.665308, -0.004834,
62.055991, 1.670142, 1.657251, -0.012891,
62.066250, 1.666113, 1.647583, -0.018530,
62.076593, 1.670142, 1.661279, -0.008862,
62.087040, 1.662085, 1.645972, -0.016113,
62.097468, 1.669336, 1.658862, -0.010474,
62.107921, 1.668530, 1.666113, -0.002417,
62.118265, 1.669336, 1.666113, -0.003223,
62.128607, 1.668530, 1.639526, -0.029004,
62.139126, 1.669336, 1.658057, -0.011279,
62.149462, 1.666113, 1.664502, -0.001611,
62.159925, 1.670947, 1.654834, -0.016113,
62.170303, 1.662085, 1.666113, 0.004028,
62.180367, 1.670142, 1.670947, 0.000806,
62.190467, 1.668530, 1.662085, -0.006445,
62.200909, 1.668530, 1.668530, 0.000000,
62.211097, 1.664502, 1.662085, -0.002417,
62.221371, 1.660474, 1.652417, -0.008057,
62.231812, 1.670142, 1.664502, -0.005640,
62.242245, 1.666113, 1.656445, -0.009668,
62.252581, 1.668530, 1.674170, 0.005640,
62.262814, 1.665308, 1.662085, -0.003223,
62.273213, 1.665308, 1.661279, -0.004028,
62.283596, 1.670142, 1.639526, -0.030615,
62.293922, 1.666919, 1.666113, -0.000806,
62.304366, 1.670142, 1.662891, -0.007251,
62.314807, 1.669336, 1.661279, -0.008057,
62.325157, 1.666113, 1.676587, 0.010474,
62.335376, 1.670142, 1.664502, -0.005640,
62.345821, 1.670142, 1.677393, 0.007251,
62.356011, 1.670142, 1.662085, -0.008057,
62.366253, 1.669336, 1.658862, -0.010474,
62.376593, 1.670947, 1.660474, -0.010474,
62.387029, 1.662891, 1.653223, -0.009668,
62.397478, 1.670142, 1.670142, 0.000000,
62.407707, 1.669336, 1.660474, -0.008862,
62.418053, 1.669336, 1.664502, -0.004834,
62.428370, 1.669336, 1.669336, 0.000000,
62.438576, 1.670142, 1.660474, -0.009668,
62.448921, 1.668530, 1.677393, 0.008862,
62.459123, 1.668530, 1.682227, 0.013696,
62.469283, 1.666919, 1.656445, -0.010474,
62.479597, 1.672559, 1.679810, 0.007251,
62.489819, 1.669336, 1.662891, -0.006445,
62.500254, 1.670142, 1.662085, -0.008057,
62.510706, 1.670142, 1.661279, -0.008862,
62.521048, 1.670142, 1.654028, -0.016113,
62.531451, 1.662085, 1.673364, 0.011279,
62.541595, 1.668530, 1.670142, 0.001611,
62.551707, 1.669336, 1.660474, -0.008862,
62.562130, 1.669336, 1.674976, 0.005640,
62.572193, 1.664502, 1.664502, 0.000000,
62.582358, 1.670142, 1.679810, 0.009668,
62.592475, 1.669336, 1.666113, -0.003223,
62.602947, 1.674170, 1.664502, -0.009668,
62.613368, 1.673364, 1.668530, -0.004834,
62.623701, 1.672559, 1.661279, -0.011279,
62.634124, 1.670142, 1.682227, 0.012085,
62.644260, 1.665308, 1.670142, 0.004834,
62.654411, 1.673364, 1.666113, -0.007251,
62.664821, 1.670142, 1.672559, 0.002417,
62.674998, 1.665308, 1.661279, -0.004028,
62.685367, 1.665308, 1.656445, -0.008862,
62.695786, 1.670142, 1.678198, 0.008057,
62.706018, 1.668530, 1.661279, -0.007251,
62.716290, 1.662085, 1.673364, 0.011279,
62.726367, 1.661279, 1.650806, -0.010474,
62.736806, 1.669336, 1.660474, -0.008862,
62.747143, 1.670142, 1.662085, -0.008057,
62.757473, 1.666113, 1.664502, -0.001611,
62.767867, 1.669336, 1.660474, -0.008862,
62.778157, 1.664502, 1.662891, -0.001611,
62.788591, 1.673364, 1.658057, -0.015308,
62.799032, 1.668530, 1.673364, 0.004834,
62.809260, 1.668530, 1.679004, 0.010474,
62.819371, 1.670142, 1.682227, 0.012085,
62.829396, 1.668530, 1.661279, -0.007251,
62.839929, 1.661279, 1.660474, -0.000806,
62.850259, 1.666113, 1.658057, -0.008057,
62.860689, 1.664502, 1.668530, 0.004028,
62.870830, 1.664502, 1.662085, -0.002417,
62.881228, 1.670142, 1.674170, 0.004028,
62.891255, 1.669336, 1.662891, -0.006445,
62.901695, 1.661279, 1.662085, 0.000806,
62.911917, 1.669336, 1.674170, 0.004834,
62.922035, 1.658057, 1.673364, 0.015308,
62.932250, 1.670947, 1.670142, -0.000806,
62.942706, 1.658862, 1.645972, -0.012891,
62.953038, 1.666919, 1.670142, 0.003223,
62.963254, 1.670142, 1.664502, -0.005640,
62.973598, 1.670142, 1.665308, -0.004834,
62.984040, 1.666919, 1.673364, 0.006445,
62.994138, 1.662085, 1.666113, 0.004028,
63.004255, 1.669336, 1.666919, -0.002417,
63.014704, 1.670142, 1.654834, -0.015308,
63.025043, 1.665308, 1.658862, -0.006445,
63.035467, 1.664502, 1.670142, 0.005640,
63.045604, 1.666919, 1.654834, -0.012085,
63.056017, 1.658057, 1.631470, -0.026587,
63.066262, 1.665308, 1.654834, -0.010474,
63.076601, 1.668530, 1.673364, 0.004834,
63.086816, 1.666919, 1.648389, -0.018530,
63.097279, 1.670142, 1.681421, 0.011279,
63.107470, 1.660474, 1.666919, 0.006445,
63.117596, 1.670142, 1.650806, -0.019336,
63.127917, 1.666919, 1.669336, 0.002417,
63.138131, 1.666113, 1.662085, -0.004028,
63.148408, 1.670947, 1.661279, -0.009668,
63.158824, 1.662891, 1.664502, 0.001611,
63.168996, 1.673364, 1.661279, -0.012085,
63.179255, 1.665308, 1.674170, 0.008862,
63.189374, 1.669336, 1.662085, -0.007251,
63.199819, 1.669336, 1.661279, -0.008057,
63.210264, 1.668530, 1.668530, 0.000000,
63.220373, 1.669336, 1.653223, -0.016113,
63.230791, 1.668530, 1.669336, 0.000806,
63.241038, 1.666919, 1.662891, -0.004028,
63.251377, 1.662085, 1.662085, 0.000000,
63.261473, 1.668530, 1.658057, -0.010474,
63.271858, 1.666113, 1.650806, -0.015308,
63.282254, 1.666113, 1.668530, 0.002417,
63.292374, 1.669336, 1.685449, 0.016113,
63.302604, 1.664502, 1.668530, 0.004028,
63.312817, 1.664502, 1.670947, 0.006445,
63.322922, 1.665308, 1.656445, -0.008862,
63.333380, 1.664502, 1.661279, -0.003223,
63.343875, 1.669336, 1.662085, -0.007251,
63.354173, 1.668530, 1.648389, -0.020142,
63.364598, 1.669336, 1.679004, 0.009668,
63.374717, 1.660474, 1.666919, 0.006445,
63.384920, 1.666113, 1.670142, 0.004028,
63.395043, 1.668530, 1.662085, -0.006445,
63.405376, 1.672559, 1.657251, -0.015308,
63.415706, 1.668530, 1.669336, 0.000806,
63.425822, 1.666919, 1.654834, -0.012085,
63.436255, 1.662085, 1.650000, -0.012085,
63.446707, 1.666113, 1.633887, -0.032227,
63.457109, 1.668530, 1.653223, -0.015308,
63.467370, 1.668530, 1.666113, -0.002417,
63.477708, 1.658862, 1.650806, -0.008057,
63.488138, 1.668530, 1.678198, 0.009668,
63.498281, 1.666919, 1.674976, 0.008057,
63.508471, 1.669336, 1.657251, -0.012085,
63.518821, 1.666919, 1.654834, -0.012085,
63.529143, 1.666113, 1.664502, -0.001611,
63.539599, 1.668530, 1.670142, 0.001611,
63.549704, 1.669336, 1.668530, -0.000806,
63.560144, 1.665308, 1.648389, -0.016919,
63.570470, 1.670142, 1.654028, -0.016113,
63.580919, 1.662085, 1.657251, -0.004834,
63.591253, 1.674170, 1.654834, -0.019336,
63.601707, 1.668530, 1.666919, -0.001611,
63.612142, 1.668530, 1.673364, 0.004834,
63.622267, 1.668530, 1.654028, -0.014502,
63.632710, 1.670142, 1.666113, -0.004028,
63.643149, 1.668530, 1.652417, -0.016113,
63.653489, 1.668530, 1.657251, -0.011279,
63.663949, 1.666919, 1.666113, -0.000806,
63.674372, 1.670142, 1.660474, -0.009668,
63.684703, 1.668530, 1.670142, 0.001611,
63.694822, 1.670142, 1.679004, 0.008862,
63.705034, 1.666919, 1.674170, 0.007251,
63.715139, 1.668530, 1.656445, -0.012085,
63.725470, 1.669336, 1.639526, -0.029810,
63.735909, 1.668530, 1.660474, -0.008057,
63.746252, 1.666113, 1.654834, -0.011279,
63.756678, 1.668530, 1.677393, 0.008862,
63.766712, 1.669336, 1.670142, 0.000806,
63.776819, 1.666919, 1.666113, -0.000806,
63.787261, 1.668530, 1.665308, -0.003223,
63.797708, 1.670142, 1.658862, -0.011279,
63.808139, 1.670142, 1.669336, -0.000806,
63.818480, 1.668530, 1.674170, 0.005640,
63.828597, 1.666919, 1.670947, 0.004028,
63.838894, 1.666919, 1.654834, -0.012085,
63.849136, 1.664502, 1.656445, -0.008057,
63.859476, 1.666919, 1.654834, -0.012085,
63.869880, 1.666113, 1.654834, -0.011279,
63.880141, 1.665308, 1.650806, -0.014502,
63.890440, 1.670947, 1.670142, -0.000806,
63.900822, 1.669336, 1.656445, -0.012891,
63.911254, 1.662085, 1.662085, 0.000000,
63.921369, 1.672559, 1.653223, -0.019336,
63.931824, 1.669336, 1.662085, -0.007251,
63.942268, 1.670142, 1.674976, 0.004834,
63.952370, 1.670947, 1.657251, -0.013696,
63.962827, 1.665308, 1.669336, 0.004028,
63.973032, 1.669336, 1.654028, -0.015308,
63.983477, 1.668530, 1.670142, 0.001611,
63.993600, 1.670947, 1.662085, -0.008862,
64.003931, 1.668530, 1.643555, -0.024976,
64.014374, 1.673364, 1.662891, -0.010474,
64.024706, 1.668530, 1.654834, -0.013696,
64.035143, 1.670142, 1.654834, -0.015308,
64.045479, 1.670142, 1.658862, -0.011279,
64.055910, 1.666113, 1.670947, 0.004834,
64.065930, 1.669336, 1.668530, -0.000806,
64.076260, 1.662891, 1.661279, -0.001611,
64.086717, 1.662085, 1.654834, -0.007251,
64.097154, 1.665308, 1.662085, -0.003223,
64.107600, 1.670142, 1.658057, -0.012085,
64.117931, 1.670142, 1.650806, -0.019336,
64.128265, 1.668530, 1.670142, 0.001611,
64.138596, 1.670142, 1.669336, -0.000806,
64.148927, 1.666919, 1.669336, 0.002417,
64.159162, 1.661279, 1.658862, -0.002417,
64.169498, 1.664502, 1.658057, -0.006445,
64.179827, 1.666919, 1.669336, 0.002417,
64.190042, 1.664502, 1.665308, 0.000806,
64.200256, 1.666113, 1.662891, -0.003223,
64.210705, 1.670142, 1.662085, -0.008057,
64.221041, 1.666919, 1.672559, 0.005640,
64.231231, 1.664502, 1.668530, 0.004028,
64.241381, 1.670142, 1.670142, 0.000000,
64.251436, 1.666919, 1.654834, -0.012085,
64.261827, 1.668530, 1.672559, 0.004028,
64.271948, 1.665308, 1.670142, 0.004834,
64.282120, 1.670142, 1.668530, -0.001611,
64.292379, 1.666919, 1.657251, -0.009668,
64.302825, 1.669336, 1.650000, -0.019336,
64.313266, 1.668530, 1.672559, 0.004028,
64.323377, 1.674170, 1.666919, -0.007251,
64.333827, 1.660474, 1.662085, 0.001611,
64.344081, 1.660474, 1.674170, 0.013696,
64.354140, 1.670947, 1.654028, -0.016919,
64.364596, 1.665308, 1.670947, 0.005640,
64.374715, 1.668530, 1.660474, -0.008057,
64.385147, 1.668530, 1.662085, -0.006445,
64.395369, 1.664502, 1.677393, 0.012891,
64.405477, 1.670142, 1.660474, -0.009668,
64.415825, 1.662891, 1.652417, -0.010474,
64.426150, 1.666113, 1.670142, 0.004028,
64.436376, 1.670142, 1.674976, 0.004834,
64.446475, 1.668530, 1.678198, 0.009668,
64.456684, 1.666919, 1.650806, -0.016113,
64.467026, 1.662085, 1.666919, 0.004834,
64.477140, 1.670142, 1.658862, -0.011279,
64.487499, 1.666919, 1.657251, -0.009668,
64.497928, 1.668530, 1.666919, -0.001611,
64.508377, 1.666113, 1.676587, 0.010474,
64.518483, 1.674976, 1.666919, -0.008057,
64.528834, 1.666113, 1.665308, -0.000806,
64.539382, 1.669336, 1.662085, -0.007251,
64.549710, 1.666919, 1.662085, -0.004834,
64.560134, 1.666113, 1.662891, -0.003223,
64.570412, 1.673364, 1.649194, -0.024170,
64.580791, 1.670142, 1.668530, -0.001611,
64.591057, 1.666919, 1.635498, -0.031421,
64.601471, 1.666113, 1.672559, 0.006445,
64.611705, 1.666919, 1.665308, -0.001611,
64.622055, 1.668530, 1.657251, -0.011279,
64.632476, 1.666113, 1.657251, -0.008862,
64.642922, 1.670947, 1.660474, -0.010474,
64.653255, 1.668530, 1.662085, -0.006445,
64.663722, 1.669336, 1.662085, -0.007251,
64.674132, 1.666919, 1.657251, -0.009668,
64.684601, 1.668530, 1.670142, 0.001611,
64.694713, 1.668530, 1.662085, -0.006445,
64.705149, 1.662085, 1.676587, 0.014502,
64.715267, 1.669336, 1.666113, -0.003223,
64.725608, 1.660474, 1.660474, 0.000000,
64.735711, 1.668530, 1.658862, -0.009668,
64.746151, 1.666919, 1.666919, 0.000000,
64.756376, 1.670142, 1.673364, 0.003223,
64.766482, 1.666113, 1.658862, -0.007251,
64.776832, 1.666113, 1.669336, 0.003223,
64.787038, 1.670142, 1.669336, -0.000806,
64.797399, 1.668530, 1.662085, -0.006445,
64.807823, 1.670947, 1.654028, -0.016919,
64.818143, 1.668530, 1.662891, -0.005640,
64.828375, 1.668530, 1.662085, -0.006445,
64.838829, 1.668530, 1.669336, 0.000806,
64.848928, 1.669336, 1.669336, 0.000000,
64.859044, 1.666113, 1.653223, -0.012891,
64.869425, 1.666113, 1.656445, -0.009668,
64.879736, 1.670142, 1.676587, 0.006445,
64.889936, 1.666919, 1.636304, -0.030615,
64.900372, 1.670142, 1.672559, 0.002417,
64.910614, 1.670142, 1.650806, -0.019336,
64.920936, 1.664502, 1.653223, -0.011279,
64.931372, 1.670142, 1.650806, -0.019336,
64.941821, 1.670142, 1.641943, -0.028198,
64.952150, 1.666919, 1.661279, -0.005640,
64.962487, 1.668530, 1.674976, 0.006445,
64.972677, 1.669336, 1.670947, 0.001611,
64.982930, 1.672559, 1.664502, -0.008057,
64.993267, 1.669336, 1.662085, -0.007251,
65.003705, 1.665308, 1.662085, -0.003223,
65.014144, 1.670142, 1.674976, 0.004834,
65.024257, 1.670142, 1.668530, -0.001611,
65.034711, 1.670142, 1.656445, -0.013696,
65.045144, 1.662891, 1.666919, 0.004028,
65.055259, 1.662085, 1.662085, 0.000000,
65.065381, 1.668530, 1.676587, 0.008057,
65.075499, 1.664502, 1.666919, 0.002417,
65.085711, 1.666919, 1.654834, -0.012085,
65.096144, 1.669336, 1.662891, -0.006445,
65.106602, 1.668530, 1.670947, 0.002417,
65.116712, 1.668530, 1.657251, -0.011279,
65.127052, 1.666113, 1.662085, -0.004028,
65.137470, 1.662085, 1.656445, -0.005640,
65.147830, 1.669336, 1.654028, -0.015308,
65.158253, 1.666919, 1.669336, 0.002417,
65.168411, 1.670947, 1.662085, -0.008862,
65.178711, 1.665308, 1.673364, 0.008057,
65.188937, 1.666919, 1.662085, -0.004834,
65.199377, 1.665308, 1.661279, -0.004028,
65.209830, 1.670947, 1.660474, -0.010474,
65.220144, 1.670142, 1.658057, -0.012085,
65.230388, 1.666113, 1.665308, -0.000806,
65.240827, 1.668530, 1.670142, 0.001611,
65.250931, 1.666919, 1.666113, -0.000806,
65.261370, 1.666113, 1.662085, -0.004028,
65.271717, 1.670142, 1.662085, -0.008057,
65.282123, 1.669336, 1.683032, 0.013696,
65.292147, 1.669336, 1.666919, -0.002417,
65.302495, 1.669336, 1.665308, -0.004028,
65.312935, 1.669336, 1.673364, 0.004028,
65.323051, 1.670947, 1.664502, -0.006445,
65.333477, 1.665308, 1.637109, -0.028198,
65.343931, 1.666113, 1.664502, -0.001611,
65.354258, 1.668530, 1.657251, -0.011279,
65.364678, 1.669336, 1.670142, 0.000806,
65.374820, 1.665308, 1.679810, 0.014502,
65.385044, 1.668530, 1.662085, -0.006445,
65.395380, 1.666113, 1.687060, 0.020947,
65.405494, 1.666113, 1.661279, -0.004834,
65.415840, 1.670142, 1.665308, -0.004834,
65.426155, 1.668530, 1.665308, -0.003223,
65.436487, 1.668530, 1.662085, -0.006445,
65.446831, 1.670142, 1.665308, -0.004834,
65.457258, 1.670947, 1.674170, 0.003223,
65.467374, 1.668530, 1.664502, -0.004028,
65.477711, 1.665308, 1.677393, 0.012085,
65.487927, 1.661279, 1.641138, -0.020142,
65.498376, 1.670142, 1.670142, 0.000000,
65.508601, 1.668530, 1.665308, -0.003223,
65.512373, 1.670142, 1.670947, 0.000806,
65.522611, 1.670142, 1.658057, -0.012085,
65.532983, 1.666919, 1.670142, 0.003223,
65.543157, 1.669336, 1.677393, 0.008057,
65.553258, 1.662891, 1.672559, 0.009668,
65.563479, 1.666919, 1.676587, 0.009668,
65.573671, 1.668530, 1.682227, 0.013696,
65.583826, 1.666113, 1.657251, -0.008862,
65.594142, 1.666113, 1.645972, -0.020142,
65.604921, 1.664502, 1.683838, 0.019336,
65.615148, 1.666113, 1.670142, 0.004028,
65.625160, 1.670947, 1.661279, -0.009668,
65.635379, 1.670142, 1.653223, -0.016919,
65.645713, 1.670142, 1.670142, 0.000000,
65.655803, 1.670142, 1.643555, -0.026587,
65.666178, 1.668530, 1.662891, -0.005640,
65.676600, 1.666919, 1.662085, -0.004834,
65.686947, 1.672559, 1.641943, -0.030615,
65.697386, 1.670142, 1.674976, 0.004834,
65.707600, 1.664502, 1.666919, 0.002417,
65.717712, 1.669336, 1.662891, -0.006445,
65.728055, 1.666919, 1.666113, -0.000806,
65.738611, 1.666919, 1.660474, -0.006445,
65.748936, 1.668530, 1.665308, -0.003223,
65.759380, 1.672559, 1.662085, -0.010474,
65.769736, 1.670142, 1.674976, 0.004834,
65.779834, 1.666113, 1.677393, 0.011279,
65.790051, 1.669336, 1.662085, -0.007251,
65.800482, 1.668530, 1.658862, -0.009668,
65.810935, 1.666919, 1.657251, -0.009668,
65.821261, 1.670142, 1.666113, -0.004028,
65.831694, 1.672559, 1.664502, -0.008057,
65.842048, 1.668530, 1.669336, 0.000806,
65.852160, 1.666113, 1.661279, -0.004834,
65.862641, 1.669336, 1.650000, -0.019336,
65.872946, 1.666113, 1.670142, 0.004028,
65.883155, 1.662085, 1.654028, -0.008057,
65.893389, 1.670142, 1.660474, -0.009668,
65.903832, 1.668530, 1.662085, -0.006445,
65.914265, 1.668530, 1.670947, 0.002417,
65.924379, 1.670142, 1.662085, -0.008057,
65.934815, 1.670142, 1.662085, -0.008057,
65.945161, 1.665308, 1.662085, -0.003223,
65.955518, 1.676587, 1.678198, 0.001611,
65.965609, 1.674170, 1.661279, -0.012891,
65.975934, 1.666919, 1.674976, 0.008057,
65.986147, 1.669336, 1.676587, 0.007251,
65.996378, 1.668530, 1.670142, 0.001611,
66.006609, 1.668530, 1.654834, -0.013696,
66.016934, 1.670947, 1.661279, -0.009668,
66.027267, 1.664502, 1.665308, 0.000806,
66.037487, 1.668530, 1.640332, -0.028198,
66.047831, 1.662891, 1.673364, 0.010474,
66.058039, 1.670142, 1.654834, -0.015308,
66.068415, 1.673364, 1.672559, -0.000806,
66.078716, 1.668530, 1.662085, -0.006445,
66.089147, 1.666919, 1.662891, -0.004028,
66.099485, 1.669336, 1.665308, -0.004028,
66.109931, 1.669336, 1.662085, -0.007251,
66.120268, 1.670142, 1.660474, -0.009668,
66.130686, 1.669336, 1.647583, -0.021753,
66.141157, 1.670947, 1.670142, -0.000806,
66.151488, 1.664502, 1.662891, -0.001611,
66.161934, 1.670142, 1.656445, -0.013696,
66.172303, 1.668530, 1.662085, -0.006445,
66.182717, 1.662085, 1.658057, -0.004028,
66.193060, 1.662891, 1.658862, -0.004028,
66.203485, 1.668530, 1.666113, -0.002417,
66.213935, 1.673364, 1.678198, 0.004834,
66.224049, 1.669336, 1.682227, 0.012891,
66.234267, 1.669336, 1.670947, 0.001611,
66.244494, 1.665308, 1.670947, 0.005640,
66.254607, 1.669336, 1.683032, 0.013696,
66.264834, 1.665308, 1.670142, 0.004834,
66.274932, 1.666919, 1.662085, -0.004834,
66.285381, 1.669336, 1.654834, -0.014502,
66.295793, 1.668530, 1.676587, 0.008057,
66.306029, 1.668530, 1.662085, -0.006445,
66.316267, 1.666113, 1.678198, 0.012085,
66.326389, 1.670142, 1.665308, -0.004834,
66.336989, 1.665308, 1.649194, -0.016113,
66.347266, 1.673364, 1.660474, -0.012891,
66.357719, 1.670142, 1.662085, -0.008057,
66.368095, 1.669336, 1.645166, -0.024170,
66.378385, 1.670142, 1.654834, -0.015308,
66.388823, 1.666919, 1.666113, -0.000806,
66.399267, 1.669336, 1.662891, -0.006445,
66.409714, 1.665308, 1.660474, -0.004834,
66.420059, 1.668530, 1.670142, 0.001611,
66.430154, 1.666919, 1.679004, 0.012085,
66.440381, 1.670142, 1.661279, -0.008862,
66.450712, 1.670142, 1.662085, -0.008057,
66.461147, 1.669336, 1.664502, -0.004834,
66.471484, 1.670947, 1.658862, -0.012085,
66.481911, 1.670142, 1.662085, -0.008057,
66.492150, 1.666113, 1.666113, 0.000000,
66.502265, 1.670142, 1.657251, -0.012891,
66.512718, 1.662891, 1.645166, -0.017725,
66.523048, 1.668530, 1.661279, -0.007251,
66.533473, 1.670142, 1.653223, -0.016919,
66.543830, 1.670142, 1.662085, -0.008057,
66.554159, 1.668530, 1.670142, 0.001611,
66.564270, 1.669336, 1.662891, -0.006445,
66.574618, 1.666919, 1.660474, -0.006445,
66.585059, 1.665308, 1.658862, -0.006445,
66.595382, 1.668530, 1.664502, -0.004028,
66.605805, 1.673364, 1.654834, -0.018530,
66.616141, 1.668530, 1.658862, -0.009668,
66.626385, 1.668530, 1.654834, -0.013696,
66.636856, 1.670142, 1.677393, 0.007251,
66.646942, 1.666113, 1.669336, 0.003223,
66.657124, 1.670142, 1.641138, -0.029004,
66.667382, 1.668530, 1.664502, -0.004028,
66.677725, 1.670142, 1.657251, -0.012891,
66.688155, 1.666113, 1.666919, 0.000806,
66.698264, 1.670142, 1.670142, 0.000000,
66.708483, 1.665308, 1.654834, -0.010474,
66.718826, 1.668530, 1.662085, -0.006445,
66.729149, 1.670142, 1.669336, -0.000806,
66.739612, 1.662085, 1.661279, -0.000806,
66.749938, 1.664502, 1.676587, 0.012085,
66.760155, 1.669336, 1.665308, -0.004028,
66.770567, 1.670142, 1.647583, -0.022559,
66.780943, 1.669336, 1.670947, 0.001611,
66.791056, 1.666113, 1.665308, -0.000806,
66.801488, 1.668530, 1.664502, -0.004028,
66.811942, 1.665308, 1.674976, 0.009668,
66.822051, 1.666113, 1.670142, 0.004028,
66.832281, 1.672559, 1.657251, -0.015308,
66.842721, 1.669336, 1.662085, -0.007251,
66.853052, 1.670947, 1.670142, -0.000806,
66.863386, 1.668530, 1.668530, 0.000000,
66.873493, 1.670142, 1.662085, -0.008057,
66.883925, 1.669336, 1.658862, -0.010474,
66.894290, 1.666919, 1.661279, -0.005640,
66.904714, 1.664502, 1.662085, -0.002417,
66.915153, 1.666919, 1.670142, 0.003223,
66.925267, 1.669336, 1.662085, -0.007251,
66.935705, 1.662085, 1.654834, -0.007251,
66.946052, 1.668530, 1.679810, 0.011279,
66.956256, 1.665308, 1.664502, -0.000806,
66.966615, 1.666113, 1.666113, 0.000000,
66.976741, 1.666919, 1.658862, -0.008057,
66.987152, 1.668530, 1.664502, -0.004028,
66.997481, 1.668530, 1.677393, 0.008862,
67.007715, 1.668530, 1.650000, -0.018530,
67.018053, 1.669336, 1.658057, -0.011279,
67.028383, 1.666113, 1.654834, -0.011279,
67.038832, 1.666113, 1.669336, 0.003223,
67.048937, 1.668530, 1.672559, 0.004028,
67.059147, 1.670947, 1.654834, -0.016113,
67.069431, 1.666113, 1.668530, 0.002417,
67.079490, 1.670142, 1.666919, -0.003223,
67.089829, 1.669336, 1.637915, -0.031421,
67.100270, 1.669336, 1.665308, -0.004028,
67.110723, 1.672559, 1.679810, 0.007251,
67.120837, 1.669336, 1.672559, 0.003223,
67.131028, 1.666919, 1.652417, -0.014502,
67.141393, 1.666113, 1.658862, -0.007251,
67.151715, 1.670142, 1.652417, -0.017725,
67.162155, 1.666113, 1.670947, 0.004834,
67.172190, 1.669336, 1.662891, -0.006445,
67.182614, 1.668530, 1.649194, -0.019336,
67.192940, 1.669336, 1.652417, -0.016919,
67.203380, 1.670142, 1.654834, -0.015308,
67.213833, 1.666919, 1.673364, 0.006445,
67.223948, 1.666113, 1.658862, -0.007251,
67.234386, 1.669336, 1.666113, -0.003223,
67.244847, 1.666113, 1.658862, -0.007251,
67.255176, 1.668530, 1.666113, -0.002417,
67.265492, 1.670142, 1.647583, -0.022559,
67.275917, 1.664502, 1.674170, 0.009668,
67.286060, 1.668530, 1.650806, -0.017725,
67.296482, 1.673364, 1.676587, 0.003223,
67.306704, 1.669336, 1.670947, 0.001611,
67.316729, 1.666113, 1.664502, -0.001611,
67.327060, 1.666919, 1.654028, -0.012891,
67.337677, 1.664502, 1.662085, -0.002417,
67.347950, 1.666113, 1.668530, 0.002417,
67.358146, 1.666919, 1.669336, 0.002417,
67.368274, 1.666113, 1.666919, 0.000806,
67.378386, 1.670142, 1.668530, -0.001611,
67.388721, 1.665308, 1.666113, 0.000806,
67.398953, 1.668530, 1.676587, 0.008057,
67.409156, 1.662891, 1.661279, -0.001611,
67.419392, 1.665308, 1.661279, -0.004028,
67.429718, 1.670142, 1.665308, -0.004834,
67.440205, 1.664502, 1.658862, -0.005640,
67.450487, 1.670142, 1.661279, -0.008862,
67.460935, 1.666113, 1.661279, -0.004834,
67.471291, 1.666113, 1.658862, -0.007251,
67.481699, 1.668530, 1.666919, -0.001611,
67.492055, 1.664502, 1.649194, -0.015308,
67.502505, 1.670142, 1.662085, -0.008057,
67.512938, 1.666113, 1.670947, 0.004834,
67.523059, 1.666113, 1.666113, 0.000000,
67.533187, 1.664502, 1.666113, 0.001611,
67.543387, 1.666113, 1.662085, -0.004028,
67.553717, 1.670142, 1.652417, -0.017725,
67.564154, 1.669336, 1.674976, 0.005640,
67.574281, 1.666919, 1.670947, 0.004028,
67.584500, 1.665308, 1.660474, -0.004834,
67.594834, 1.666919, 1.666113, -0.000806,
67.605278, 1.666919, 1.662085, -0.004834,
67.615621, 1.664502, 1.662085, -0.002417,
67.625950, 1.666113, 1.656445, -0.009668,
67.636388, 1.661279, 1.662085, 0.000806,
67.644157, 1.668530, 1.666919, -0.001611,
67.654500, 1.670142, 1.657251, -0.012891,
67.664922, 1.670142, 1.672559, 0.002417,
67.675051, 1.662085, 1.650000, -0.012085,
67.685478, 1.668530, 1.662085, -0.006445,
67.695909, 1.666919, 1.677393, 0.010474,
67.706141, 1.658862, 1.639526, -0.019336,
67.716488, 1.668530, 1.674170, 0.005640,
67.726618, 1.670947, 1.662891, -0.008057,
67.737129, 1.662891, 1.662891, 0.000000,
67.747159, 1.665308, 1.664502, -0.000806,
67.757579, 1.661279, 1.669336, 0.008057,
67.767690, 1.665308, 1.672559, 0.007251,
67.777731, 1.668530, 1.654028, -0.014502,
67.788163, 1.670947, 1.673364, 0.002417,
67.798390, 1.668530, 1.661279, -0.007251,
67.808844, 1.669336, 1.656445, -0.012891,
67.819163, 1.662085, 1.641943, -0.020142,
67.829501, 1.665308, 1.666113, 0.000806,
67.839723, 1.666113, 1.662891, -0.003223,
67.850058, 1.664502, 1.653223, -0.011279,
67.860429, 1.665308, 1.654834, -0.010474,
67.870798, 1.669336, 1.660474, -0.008862,
67.881142, 1.670142, 1.664502, -0.005640,
67.891394, 1.662891, 1.654834, -0.008057,
67.901836, 1.668530, 1.664502, -0.004028,
67.912268, 1.670947, 1.668530, -0.002417,
67.922621, 1.668530, 1.673364, 0.004834,
67.932832, 1.664502, 1.654834, -0.009668,
67.943169, 1.673364, 1.656445, -0.016919,
67.953498, 1.668530, 1.660474, -0.008057,
67.963946, 1.666113, 1.670142, 0.004028,
67.974092, 1.666113, 1.662085, -0.004028,
67.984498, 1.660474, 1.654834, -0.005640,
67.994841, 1.670142, 1.662085, -0.008057,
68.005274, 1.660474, 1.662085, 0.001611,
68.015395, 1.666919, 1.670947, 0.004028,
68.025538, 1.666919, 1.670142, 0.003223,
68.035729, 1.662891, 1.654834, -0.008057,
68.046162, 1.669336, 1.670947, 0.001611,
68.056266, 1.668530, 1.657251, -0.011279,
68.066621, 1.669336, 1.656445, -0.012891,
68.076947, 1.668530, 1.662085, -0.006445,
68.087393, 1.662891, 1.649194, -0.013696,
68.097835, 1.670142, 1.654834, -0.015308,
68.108267, 1.665308, 1.666113, 0.000806,
68.118389, 1.670142, 1.657251, -0.012891,
68.128725, 1.664502, 1.670142, 0.005640,
68.139048, 1.666113, 1.654834, -0.011279,
68.149394, 1.661279, 1.678198, 0.016919,
68.159611, 1.666919, 1.662085, -0.004834,
68.169968, 1.668530, 1.677393, 0.008862,
68.180049, 1.662085, 1.670142, 0.008057,
68.190160, 1.670142, 1.683838, 0.013696,
68.200290, 1.669336, 1.678198, 0.008862,
68.210491, 1.664502, 1.670142, 0.005640,
68.220618, 1.670142, 1.650806, -0.019336,
68.231034, 1.670142, 1.672559, 0.002417,
68.241164, 1.665308, 1.666919, 0.001611,
68.251279, 1.665308, 1.669336, 0.004028,
68.261494, 1.670142, 1.654834, -0.015308,
68.271911, 1.670142, 1.662085, -0.008057,
68.282280, 1.666113, 1.661279, -0.004834,
68.292617, 1.668530, 1.662085, -0.006445,
68.303059, 1.670142, 1.666919, -0.003223,
68.313491, 1.666919, 1.677393, 0.010474,
68.323614, 1.668530, 1.658057, -0.010474,
68.334059, 1.666919, 1.652417, -0.014502,
68.344505, 1.668530, 1.644360, -0.024170,
68.354846, 1.668530, 1.658057, -0.010474,
68.365276, 1.668530, 1.670142, 0.001611,
68.375392, 1.665308, 1.649194, -0.016113,
68.385845, 1.670142, 1.661279, -0.008862,
68.396274, 1.665308, 1.673364, 0.008057,
68.406486, 1.668530, 1.666919, -0.001611,
68.416838, 1.668530, 1.682227, 0.013696,
68.426945, 1.668530, 1.658862, -0.009668,
68.437461, 1.668530, 1.656445, -0.012085,
68.447829, 1.664502, 1.666919, 0.002417,
68.458053, 1.670142, 1.633081, -0.037060,
68.468421, 1.669336, 1.665308, -0.004028,
68.478728, 1.664502, 1.666113, 0.001611,
68.488943, 1.666113, 1.656445, -0.009668,
68.499387, 1.665308, 1.666919, 0.001611,
68.509617, 1.668530, 1.661279, -0.007251,
68.519944, 1.670142, 1.662085, -0.008057,
68.530270, 1.668530, 1.670142, 0.001611,
68.540495, 1.669336, 1.669336, 0.000000,
68.550632, 1.670142, 1.662085, -0.008057,
68.561063, 1.665308, 1.662891, -0.002417,
68.571397, 1.669336, 1.662085, -0.007251,
68.581842, 1.668530, 1.657251, -0.011279,
68.592159, 1.668530, 1.654834, -0.013696,
68.602572, 1.668530, 1.669336, 0.000806,
68.612731, 1.665308, 1.670142, 0.004834,
68.622846, 1.670947, 1.640332, -0.030615,
68.633271, 1.669336, 1.664502, -0.004834,
68.643713, 1.670142, 1.662085, -0.008057,
68.653962, 1.669336, 1.661279, -0.008057,
68.664397, 1.669336, 1.664502, -0.004834,
68.674727, 1.665308, 1.665308, 0.000000,
68.684946, 1.664502, 1.643555, -0.020947,
68.695280, 1.668530, 1.665308, -0.003223,
68.705811, 1.666113, 1.657251, -0.008862,
68.716160, 1.668530, 1.673364, 0.004834,
68.726176, 1.668530, 1.654834, -0.013696,
68.736695, 1.666919, 1.676587, 0.009668,
68.746778, 1.662085, 1.670142, 0.008057,
68.756914, 1.670947, 1.664502, -0.006445,
68.767169, 1.666919, 1.664502, -0.002417,
68.777502, 1.658057, 1.662085, 0.004028,
68.787628, 1.669336, 1.658862, -0.010474,
68.798058, 1.669336, 1.673364, 0.004028,
68.808276, 1.666919, 1.658057, -0.008862,
68.818621, 1.668530, 1.652417, -0.016113,
68.828949, 1.666113, 1.670142, 0.004028,
68.839281, 1.666113, 1.670142, 0.004028,
68.849392, 1.662891, 1.669336, 0.006445,
68.859621, 1.666919, 1.636304, -0.030615,
68.869968, 1.665308, 1.654834, -0.010474,
68.880278, 1.665308, 1.678198, 0.012891,
68.890395, 1.668530, 1.633081, -0.035449,
68.900847, 1.670142, 1.665308, -0.004834,
68.911276, 1.664502, 1.661279, -0.003223,
68.921621, 1.670142, 1.650000, -0.020142,
68.932058, 1.665308, 1.656445, -0.008862,
68.942523, 1.662891, 1.662085, -0.000806,
68.952842, 1.666919, 1.657251, -0.009668,
68.963279, 1.666919, 1.664502, -0.002417,
68.973626, 1.662085, 1.670947, 0.008862,
68.983835, 1.665308, 1.654834, -0.010474,
68.994158, 1.668530, 1.654028, -0.014502,
69.004623, 1.664502, 1.670947, 0.006445,
69.014841, 1.668530, 1.668530, 0.000000,
69.024933, 1.666113, 1.664502, -0.001611,
69.035327, 1.670142, 1.657251, -0.012891,
69.045737, 1.666919, 1.648389, -0.018530,
69.056148, 1.668530, 1.656445, -0.012085,
69.066388, 1.670947, 1.647583, -0.023364,
69.076751, 1.661279, 1.662891, 0.001611,
69.086945, 1.673364, 1.666113, -0.007251,
69.097390, 1.669336, 1.668530, -0.000806,
69.107847, 1.665308, 1.660474, -0.004834,
69.118163, 1.670142, 1.666113, -0.004028,
69.128397, 1.670142, 1.658057, -0.012085,
69.138961, 1.670142, 1.632275, -0.037866,
69.149274, 1.669336, 1.647583, -0.021753,
69.159723, 1.666919, 1.657251, -0.009668,
69.170107, 1.669336, 1.660474, -0.008862,
69.180394, 1.668530, 1.664502, -0.004028,
69.190730, 1.662891, 1.662085, -0.000806,
69.201162, 1.670142, 1.658862, -0.011279,
69.211619, 1.669336, 1.666919, -0.002417,
69.221951, 1.662891, 1.666113, 0.003223,
69.232149, 1.669336, 1.660474, -0.008862,
69.242499, 1.665308, 1.654834, -0.010474,
69.252845, 1.669336, 1.657251, -0.012085,
69.263278, 1.668530, 1.658057, -0.010474,
69.273658, 1.669336, 1.662085, -0.007251,
69.284062, 1.665308, 1.656445, -0.008862,
69.294392, 1.668530, 1.677393, 0.008862,
69.304623, 1.668530, 1.658057, -0.010474,
69.315065, 1.670142, 1.670142, 0.000000,
69.325064, 1.658862, 1.650806, -0.008057,
69.335427, 1.669336, 1.658862, -0.010474,
69.345851, 1.668530, 1.662891, -0.005640,
69.356263, 1.666919, 1.666113, -0.000806,
69.366625, 1.670142, 1.670142, 0.000000,
69.376739, 1.668530, 1.643555, -0.024976,
69.387169, 1.666113, 1.662891, -0.003223,
69.397633, 1.666919, 1.673364, 0.006445,
69.407842, 1.669336, 1.674976, 0.005640,
69.417947, 1.665308, 1.662085, -0.003223,
69.428275, 1.668530, 1.674976, 0.006445,
69.438581, 1.668530, 1.654028, -0.014502,
69.448845, 1.670142, 1.670142, 0.000000,
69.459061, 1.665308, 1.641943, -0.023364,
69.469462, 1.669336, 1.658057, -0.011279,
69.479726, 1.666919, 1.670142, 0.003223,
69.489843, 1.666919, 1.665308, -0.001611,
69.500277, 1.669336, 1.678198, 0.008862,
69.510503, 1.670142, 1.662085, -0.008057,
69.520850, 1.666919, 1.656445, -0.010474,
69.531260, 1.668530, 1.670142, 0.001611,
69.541474, 1.664502, 1.657251, -0.007251,
69.551738, 1.669336, 1.674976, 0.005640,
69.561950, 1.662891, 1.670142, 0.007251,
69.572068, 1.665308, 1.656445, -0.008862,
69.582493, 1.673364, 1.662891, -0.010474,
69.592845, 1.661279, 1.656445, -0.004834,
69.603271, 1.666919, 1.664502, -0.002417,
69.613736, 1.669336, 1.670947, 0.001611,
69.623844, 1.662085, 1.661279, -0.000806,
69.634270, 1.670142, 1.658057, -0.012085,
69.644245, 1.672559, 1.661279, -0.011279,
69.654511, 1.668530, 1.662085, -0.006445,
69.664877, 1.669336, 1.676587, 0.007251,
69.675031, 1.668530, 1.662085, -0.006445,
69.685398, 1.670142, 1.662085, -0.008057,
69.695805, 1.662891, 1.666113, 0.003223,
69.706048, 1.666919, 1.674170, 0.007251,
69.716070, 1.666113, 1.674976, 0.008862,
69.726173, 1.668530, 1.674976, 0.006445,
69.736390, 1.665308, 1.654834, -0.010474,
69.746736, 1.662891, 1.673364, 0.010474,
69.756921, 1.666919, 1.687060, 0.020142,
69.766955, 1.666113, 1.666919, 0.000806,
69.777067, 1.669336, 1.670142, 0.000806,
69.787280, 1.670142, 1.657251, -0.012891,
69.797798, 1.666919, 1.650000, -0.016919,
69.808280, 1.670142, 1.658862, -0.011279,
69.818630, 1.668530, 1.654028, -0.014502,
69.828943, 1.666919, 1.658862, -0.008057,
69.839396, 1.669336, 1.658057, -0.011279,
69.849729, 1.670142, 1.662891, -0.007251,
69.860191, 1.669336, 1.653223, -0.016113,
69.870551, 1.669336, 1.658057, -0.011279,
69.880932, 1.666919, 1.673364, 0.006445,
69.891063, 1.666113, 1.632275, -0.033838,
69.901496, 1.666919, 1.669336, 0.002417,
69.911729, 1.668530, 1.662891, -0.005640,
69.922069, 1.668530, 1.661279, -0.007251,
69.932501, 1.670142, 1.674170, 0.004028,
69.942737, 1.668530, 1.674170, 0.005640,
69.952854, 1.670142, 1.658057, -0.012085,
69.963285, 1.666113, 1.679810, 0.013696,
69.973438, 1.670947, 1.657251, -0.013696,
69.983851, 1.664502, 1.676587, 0.012085,
69.993972, 1.665308, 1.665308, 0.000000,
70.004175, 1.670142, 1.650000, -0.020142,
70.014630, 1.665308, 1.674170, 0.008862,
70.024731, 1.670142, 1.662891, -0.007251,
70.035164, 1.670142, 1.650806, -0.019336,
70.045501, 1.665308, 1.677393, 0.012085,
70.055708, 1.670142, 1.669336, -0.000806,
70.066063, 1.670142, 1.670142, 0.000000,
70.076170, 1.666919, 1.666919, 0.000000,
70.086289, 1.666113, 1.666113, 0.000000,
70.096391, 1.670142, 1.670142, 0.000000,
70.106486, 1.669336, 1.665308, -0.004028,
70.116733, 1.665308, 1.666113, 0.000806,
70.126847, 1.666113, 1.669336, 0.003223,
70.137134, 1.669336, 1.650806, -0.018530,
70.147399, 1.668530, 1.674976, 0.006445,
70.157610, 1.669336, 1.662891, -0.006445,
70.167908, 1.669336, 1.664502, -0.004834,
70.178179, 1.668530, 1.658862, -0.009668,
70.188635, 1.666919, 1.670142, 0.003223,
70.198844, 1.669336, 1.679004, 0.009668,
70.209062, 1.669336, 1.654028, -0.015308,
70.219400, 1.664502, 1.648389, -0.016113,
70.229739, 1.662085, 1.664502, 0.002417,
70.240071, 1.670142, 1.662891, -0.007251,
70.250400, 1.670947, 1.641943, -0.029004,
70.260845, 1.668530, 1.670142, 0.001611,
70.270982, 1.673364, 1.647583, -0.025781,
70.281392, 1.668530, 1.665308, -0.003223,
70.291664, 1.670142, 1.662085, -0.008057,
70.302057, 1.666113, 1.635498, -0.030615,
70.312510, 1.670142, 1.647583, -0.022559,
70.322921, 1.666919, 1.632275, -0.034644,
70.333245, 1.670947, 1.672559, 0.001611,
70.343633, 1.670142, 1.662085, -0.008057,
70.353971, 1.665308, 1.657251, -0.008057,
70.364413, 1.670142, 1.679004, 0.008862,
70.374603, 1.664502, 1.668530, 0.004028,
70.384876, 1.666919, 1.662085, -0.004834,
70.395197, 1.666919, 1.656445, -0.010474,
70.405737, 1.669336, 1.643555, -0.025781,
70.416179, 1.668530, 1.669336, 0.000806,
70.426401, 1.670142, 1.658057, -0.012085,
70.436955, 1.668530, 1.674976, 0.006445,
70.447080, 1.666919, 1.670142, 0.003223,
70.457315, 1.662891, 1.661279, -0.001611,
70.467679, 1.670142, 1.682227, 0.012085,
70.477861, 1.666113, 1.677393, 0.011279,
70.488104, 1.664502, 1.657251, -0.007251,
70.498640, 1.670142, 1.662085, -0.008057,
70.509112, 1.668530, 1.654834, -0.013696,
70.519516, 1.672559, 1.636304, -0.036255,
70.529875, 1.668530, 1.668530, 0.000000,
70.540192, 1.669336, 1.665308, -0.004028,
70.550603, 1.664502, 1.662891, -0.001611,
70.561073, 1.665308, 1.668530, 0.003223,
70.571238, 1.670142, 1.661279, -0.008862,
70.581859, 1.669336, 1.662085, -0.007251,
70.592210, 1.666919, 1.666919, 0.000000,
70.602443, 1.669336, 1.660474, -0.008862,
70.612872, 1.670142, 1.666113, -0.004028,
70.623298, 1.668530, 1.654834, -0.013696,
70.633753, 1.670142, 1.662085, -0.008057,
70.644206, 1.669336, 1.657251, -0.012085,
70.654650, 1.669336, 1.653223, -0.016113,
70.665113, 1.665308, 1.661279, -0.004028,
70.675578, 1.666919, 1.656445, -0.010474,
70.686064, 1.668530, 1.658862, -0.009668,
70.696541, 1.670142, 1.673364, 0.003223,
70.706739, 1.666919, 1.670947, 0.004028,
70.716865, 1.670142, 1.665308, -0.004834,
70.727198, 1.664502, 1.652417, -0.012085,
70.737790, 1.670142, 1.648389, -0.021753,
70.748087, 1.666919, 1.674170, 0.007251,
70.758390, 1.665308, 1.654834, -0.010474,
70.768828, 1.664502, 1.641943, -0.022559,
70.779220, 1.664502, 1.657251, -0.007251,
70.789037, 1.672559, 1.662085, -0.010474,
70.799523, 1.664502, 1.666113, 0.001611,
70.809740, 1.669336, 1.666113, -0.003223,
70.820078, 1.669336, 1.666113, -0.003223,
70.830484, 1.668530, 1.670947, 0.002417,
70.840752, 1.670947, 1.661279, -0.009668,
70.851227, 1.668530, 1.658057, -0.010474,
70.861664, 1.666919, 1.669336, 0.002417,
70.871862, 1.662085, 1.673364, 0.011279,
70.882140, 1.661279, 1.662891, 0.001611,
70.892215, 1.666919, 1.664502, -0.002417,
70.902647, 1.670142, 1.647583, -0.022559,
70.913186, 1.669336, 1.670142, 0.000806,
70.923409, 1.658862, 1.668530, 0.009668,
70.933667, 1.670142, 1.662085, -0.008057,
70.944075, 1.666113, 1.665308, -0.000806,
70.954425, 1.670142, 1.658862, -0.011279,
70.964889, 1.668530, 1.665308, -0.003223,
70.975344, 1.666113, 1.644360, -0.021753,
70.985746, 1.668530, 1.641943, -0.026587,
70.996205, 1.669336, 1.661279, -0.008057,
71.006635, 1.660474, 1.636304, -0.024170,
71.017044, 1.666113, 1.633081, -0.033032,
71.027376, 1.670947, 1.658862, -0.012085,
71.037962, 1.669336, 1.648389, -0.020947,
71.048402, 1.669336, 1.645972, -0.023364,
71.058870, 1.665308, 1.673364, 0.008057,
71.069074, 1.662891, 1.662891, 0.000000,
71.079199, 1.670947, 1.669336, -0.001611,
71.089644, 1.665308, 1.652417, -0.012891,
71.100083, 1.666919, 1.666919, 0.000000,
71.110243, 1.669336, 1.662085, -0.007251,
71.120636, 1.670142, 1.658862, -0.011279,
71.131120, 1.668530, 1.673364, 0.004834,
71.141315, 1.669336, 1.664502, -0.004834,
71.151650, 1.665308, 1.658057, -0.007251,
71.162090, 1.666113, 1.665308, -0.000806,
71.172482, 1.674170, 1.662085, -0.012085,
71.182971, 1.668530, 1.662085, -0.006445,
71.193345, 1.669336, 1.662085, -0.007251,
71.203813, 1.666113, 1.658057, -0.008057,
71.214304, 1.668530, 1.670142, 0.001611,
71.224471, 1.669336, 1.658862, -0.010474,
71.234971, 1.668530, 1.641943, -0.026587,
71.245414, 1.658862, 1.670947, 0.012085,
71.255533, 1.670142, 1.668530, -0.001611,
71.265869, 1.662085, 1.666113, 0.004028,
71.276054, 1.670142, 1.664502, -0.005640,
71.286596, 1.666919, 1.664502, -0.002417,
71.296964, 1.665308, 1.668530, 0.003223,
71.307301, 1.665308, 1.662085, -0.003223,
71.317675, 1.669336, 1.662891, -0.006445,
71.328073, 1.672559, 1.660474, -0.012085,
71.338728, 1.666919, 1.654834, -0.012085,
71.349183, 1.666113, 1.670142, 0.004028,
71.359439, 1.668530, 1.653223, -0.015308,
71.369936, 1.669336, 1.676587, 0.007251,
71.380153, 1.666919, 1.673364, 0.006445,
71.390313, 1.658862, 1.658057, -0.000806,
71.400874, 1.670142, 1.661279, -0.008862,
71.411347, 1.668530, 1.657251, -0.011279,
71.421658, 1.665308, 1.657251, -0.008057,
71.432088, 1.668530, 1.672559, 0.004028,
71.442291, 1.668530, 1.656445, -0.012085,
71.452675, 1.668530, 1.673364, 0.004834,
71.462857, 1.672559, 1.673364, 0.000806,
71.473074, 1.670947, 1.657251, -0.013696,
71.483573, 1.665308, 1.654834, -0.010474,
71.493897, 1.670142, 1.654028, -0.016113,
71.504404, 1.673364, 1.654834, -0.018530,
71.514873, 1.670947, 1.662085, -0.008862,
71.525244, 1.666113, 1.660474, -0.005640,
71.535766, 1.670142, 1.632275, -0.037866,
71.546243, 1.662085, 1.679810, 0.017725,
71.556507, 1.668530, 1.666919, -0.001611,
71.566923, 1.669336, 1.666919, -0.002417,
71.577439, 1.666113, 1.674976, 0.008862,
71.587769, 1.669336, 1.653223, -0.016113,
71.598228, 1.668530, 1.677393, 0.008862,
71.608524, 1.665308, 1.662085, -0.003223,
71.618873, 1.668530, 1.660474, -0.008057,
71.629212, 1.670947, 1.661279, -0.009668,
71.639784, 1.665308, 1.658862, -0.006445,
71.648299, 1.662085, 1.670142, 0.008057,
71.658521, 1.668530, 1.656445, -0.012085,
71.668961, 1.664502, 1.656445, -0.008057,
71.679408, 1.665308, 1.660474, -0.004834,
71.689885, 1.670142, 1.662085, -0.008057,
71.700449, 1.664502, 1.666113, 0.001611,
71.710742, 1.670142, 1.658057, -0.012085,
71.721123, 1.664502, 1.658862, -0.005640,
71.731633, 1.670947, 1.662085, -0.008862,
71.742077, 1.670142, 1.635498, -0.034644,
71.752475, 1.658057, 1.660474, 0.002417,
71.762687, 1.670142, 1.660474, -0.009668,
71.773104, 1.664502, 1.660474, -0.004028,
71.783536, 1.666919, 1.657251, -0.009668,
71.793924, 1.665308, 1.670142, 0.004834,
71.804155, 1.666113, 1.656445, -0.009668,
71.814612, 1.665308, 1.669336, 0.004028,
71.824826, 1.669336, 1.666113, -0.003223,
71.835309, 1.662085, 1.681421, 0.019336,
71.845614, 1.668530, 1.656445, -0.012085,
71.856141, 1.666919, 1.656445, -0.010474,
71.866493, 1.673364, 1.664502, -0.008862,
71.876868, 1.669336, 1.668530, -0.000806,
71.887343, 1.662085, 1.666113, 0.004028,
71.897644, 1.669336, 1.670947, 0.001611,
71.907862, 1.662085, 1.658862, -0.003223,
71.918228, 1.669336, 1.653223, -0.016113,
71.928534, 1.670142, 1.654028, -0.016113,
71.939174, 1.665308, 1.661279, -0.004028,
71.949521, 1.670142, 1.674976, 0.004834,
71.959790, 1.665308, 1.670947, 0.005640,
71.970032, 1.668530, 1.665308, -0.003223,
71.980348, 1.666919, 1.665308, -0.001611,
71.990661, 1.668530, 1.657251, -0.011279,
72.001074, 1.664502, 1.670142, 0.005640,
72.011302, 1.666113, 1.670947, 0.004834,
72.021434, 1.669336, 1.631470, -0.037866,
72.031904, 1.669336, 1.691895, 0.022559,
72.042105, 1.666113, 1.674976, 0.008862,
72.052258, 1.662891, 1.654834, -0.008057,
72.062757, 1.669336, 1.665308, -0.004028,
72.073193, 1.662891, 1.635498, -0.027393,
72.083646, 1.666919, 1.666919, 0.000000,
72.093819, 1.670142, 1.662891, -0.007251,
72.104247, 1.666113, 1.650000, -0.016113,
72.114713, 1.670142, 1.662891, -0.007251,
72.125121, 1.665308, 1.649194, -0.016113,
72.135541, 1.666919, 1.658862, -0.008057,
72.145525, 1.666919, 1.654834, -0.012085,
72.156071, 1.662891, 1.666113, 0.003223,
72.166224, 1.662085, 1.670947, 0.008862,
72.176503, 1.665308, 1.652417, -0.012891,
72.186962, 1.666919, 1.650000, -0.016919,
72.197488, 1.666919, 1.683032, 0.016113,
72.207763, 1.665308, 1.647583, -0.017725,
72.218123, 1.666113, 1.664502, -0.001611,
72.228422, 1.665308, 1.658057, -0.007251,
72.238986, 1.668530, 1.677393, 0.008862,
72.249137, 1.666919, 1.670142, 0.003223,
72.259250, 1.670142, 1.662085, -0.008057,
72.269726, 1.666919, 1.683838, 0.016919,
72.279978, 1.665308, 1.669336, 0.004028,
72.290259, 1.660474, 1.664502, 0.004028,
72.300529, 1.670142, 1.645972, -0.024170,
72.310995, 1.668530, 1.662085, -0.006445,
72.321306, 1.666113, 1.677393, 0.011279,
72.331516, 1.666113, 1.665308, -0.000806,
72.341969, 1.666919, 1.662891, -0.004028,
72.352302, 1.665308, 1.666919, 0.001611,
72.362505, 1.670142, 1.657251, -0.012891,
72.372857, 1.668530, 1.668530, 0.000000,
72.383062, 1.669336, 1.666113, -0.003223,
72.393410, 1.665308, 1.660474, -0.004834,
72.403855, 1.668530, 1.658057, -0.010474,
72.414286, 1.664502, 1.662891, -0.001611,
72.424650, 1.668530, 1.657251, -0.011279,
72.435070, 1.669336, 1.662891, -0.006445,
72.445415, 1.670947, 1.650806, -0.020142,
72.455837, 1.666919, 1.672559, 0.005640,
72.465966, 1.665308, 1.658862, -0.006445,
72.476298, 1.668530, 1.657251, -0.011279,
72.486745, 1.662891, 1.657251, -0.005640,
72.497165, 1.668530, 1.670947, 0.002417,
72.507377, 1.662891, 1.658862, -0.004028,
72.517639, 1.669336, 1.665308, -0.004028,
72.527956, 1.660474, 1.668530, 0.008057,
72.538176, 1.668530, 1.658057, -0.010474,
72.548527, 1.669336, 1.668530, -0.000806,
72.558951, 1.665308, 1.662085, -0.003223,
72.569210, 1.669336, 1.666113, -0.003223,
72.579509, 1.665308, 1.676587, 0.011279,
72.589643, 1.669336, 1.658057, -0.011279,
72.600076, 1.670142, 1.662085, -0.008057,
72.610512, 1.658862, 1.647583, -0.011279,
72.620861, 1.670142, 1.657251, -0.012891,
72.631274, 1.669336, 1.636304, -0.033032,
72.641640, 1.668530, 1.662085, -0.006445,
72.651961, 1.672559, 1.665308, -0.007251,
72.662303, 1.668530, 1.660474, -0.008057,
72.672636, 1.668530, 1.650000, -0.018530,
72.683078, 1.666113, 1.652417, -0.013696,
72.693413, 1.668530, 1.656445, -0.012085,
72.703861, 1.669336, 1.664502, -0.004834,
72.714293, 1.666113, 1.670142, 0.004028,
72.724349, 1.668530, 1.658862, -0.009668,
72.734742, 1.668530, 1.657251, -0.011279,
72.745203, 1.662891, 1.657251, -0.005640,
72.755520, 1.669336, 1.670947, 0.001611,
72.765647, 1.670142, 1.670947, 0.000806,
72.775745, 1.669336, 1.668530, -0.000806,
72.786192, 1.669336, 1.665308, -0.004028,
72.796637, 1.670142, 1.682227, 0.012085,
72.806851, 1.664502, 1.664502, 0.000000,
72.816957, 1.669336, 1.664502, -0.004834,
72.827289, 1.670142, 1.673364, 0.003223,
72.837492, 1.668530, 1.666919, -0.001611,
72.847739, 1.669336, 1.660474, -0.008862,
72.858176, 1.668530, 1.666919, -0.001611,
72.868541, 1.666113, 1.674976, 0.008862,
72.878630, 1.662085, 1.657251, -0.004834,
72.888959, 1.666113, 1.674170, 0.008057,
72.899179, 1.669336, 1.681421, 0.012085,
72.909402, 1.666113, 1.673364, 0.007251,
72.919294, 1.666919, 1.662891, -0.004028,
72.929655, 1.666919, 1.669336, 0.002417,
72.939959, 1.670142, 1.639526, -0.030615,
72.950295, 1.668530, 1.661279, -0.007251,
72.960729, 1.669336, 1.657251, -0.012085,
72.971081, 1.668530, 1.654028, -0.014502,
72.981484, 1.669336, 1.666919, -0.002417,
72.991741, 1.670142, 1.658862, -0.011279,
73.002183, 1.668530, 1.639526, -0.029004,
73.012642, 1.661279, 1.666113, 0.004834,
73.022746, 1.670142, 1.678198, 0.008057,
73.032957, 1.666919, 1.654834, -0.012085,
73.043413, 1.668530, 1.670142, 0.001611,
73.053514, 1.666919, 1.653223, -0.013696,
73.063958, 1.669336, 1.679810, 0.010474,
73.074081, 1.662891, 1.666919, 0.004028,
73.084290, 1.662085, 1.666919, 0.004834,
73.094405, 1.670947, 1.669336, -0.001611,
73.104775, 1.669336, 1.635498, -0.033838,
73.115183, 1.670142, 1.677393, 0.007251,
73.125294, 1.665308, 1.674976, 0.009668,
73.135481, 1.669336, 1.656445, -0.012891,
73.145863, 1.660474, 1.662085, 0.001611,
73.156048, 1.670142, 1.664502, -0.005640,
73.166306, 1.668530, 1.679810, 0.011279,
73.176411, 1.674170, 1.665308, -0.008862,
73.186857, 1.668530, 1.647583, -0.020947,
73.197290, 1.669336, 1.670142, 0.000806,
73.207505, 1.666919, 1.649194, -0.017725,
73.217862, 1.666919, 1.670947, 0.004028,
73.227966, 1.669336, 1.654028, -0.015308,
73.238407, 1.670142, 1.657251, -0.012891,
73.248739, 1.670142, 1.660474, -0.009668,
73.259169, 1.668530, 1.658057, -0.010474,
73.269480, 1.665308, 1.653223, -0.012085,
73.279743, 1.670947, 1.673364, 0.002417,
73.289856, 1.669336, 1.666113, -0.003223,
73.300296, 1.666113, 1.650806, -0.015308,
73.310742, 1.670142, 1.676587, 0.006445,
73.320868, 1.666919, 1.658057, -0.008862,
73.331268, 1.670142, 1.668530, -0.001611,
73.341777, 1.662891, 1.658862, -0.004028,
73.352089, 1.670142, 1.649194, -0.020947,
73.362505, 1.666919, 1.666113, -0.000806,
73.372864, 1.670947, 1.685449, 0.014502,
73.383076, 1.670142, 1.656445, -0.013696,
73.393413, 1.669336, 1.650806, -0.018530,
73.403860, 1.668530, 1.650000, -0.018530,
73.414297, 1.669336, 1.672559, 0.003223,
73.424409, 1.666919, 1.658862, -0.008057,
73.434752, 1.670142, 1.677393, 0.007251,
73.444960, 1.669336, 1.658057, -0.011279,
73.455297, 1.662085, 1.662085, 0.000000,
73.465431, 1.669336, 1.677393, 0.008057,
73.475509, 1.668530, 1.660474, -0.008057,
73.485867, 1.666919, 1.654834, -0.012085,
73.496282, 1.669336, 1.662085, -0.007251,
73.506725, 1.670142, 1.679004, 0.008862,
73.516849, 1.672559, 1.660474, -0.012085,
73.527191, 1.666113, 1.654028, -0.012085,
73.537725, 1.668530, 1.662891, -0.005640,
73.548087, 1.668530, 1.678198, 0.009668,
73.558288, 1.669336, 1.658862, -0.010474,
73.568665, 1.669336, 1.657251, -0.012085,
73.578977, 1.669336, 1.674976, 0.005640,
73.589188, 1.666919, 1.664502, -0.002417,
73.599632, 1.670142, 1.664502, -0.005640,
73.610106, 1.670142, 1.666113, -0.004028,
73.620408, 1.669336, 1.665308, -0.004028,
73.630738, 1.670142, 1.674170, 0.004028,
73.640959, 1.666113, 1.657251, -0.008862,
73.651294, 1.670142, 1.670142, 0.000000,
73.661429, 1.666113, 1.666113, 0.000000,
73.671533, 1.668530, 1.657251, -0.011279,
73.681936, 1.670947, 1.670142, -0.000806,
73.692176, 1.664502, 1.673364, 0.008862,
73.702300, 1.662891, 1.658057, -0.004834,
73.712740, 1.666919, 1.645972, -0.020947,
73.723081, 1.662891, 1.658862, -0.004028,
73.733510, 1.668530, 1.662891, -0.005640,
73.743855, 1.666919, 1.662085, -0.004834,
73.754181, 1.669336, 1.640332, -0.029004,
73.764513, 1.665308, 1.670142, 0.004834,
73.774638, 1.662085, 1.639526, -0.022559,
73.785083, 1.670142, 1.654028, -0.016113,
73.795438, 1.672559, 1.658057, -0.014502,
73.805829, 1.669336, 1.674976, 0.005640,
73.815950, 1.670142, 1.681421, 0.011279,
73.825959, 1.670142, 1.660474, -0.009668,
73.836303, 1.669336, 1.657251, -0.012085,
73.846662, 1.669336, 1.665308, -0.004028,
73.857068, 1.664502, 1.661279, -0.003223,
73.867409, 1.670142, 1.662891, -0.007251,
73.877748, 1.666113, 1.682227, 0.016113,
73.887961, 1.669336, 1.648389, -0.020947,
73.898407, 1.677393, 1.662891, -0.014502,
73.908857, 1.670142, 1.662085, -0.008057,
73.919181, 1.668530, 1.662085, -0.006445,
73.929523, 1.668530, 1.664502, -0.004028,
73.939955, 1.662085, 1.664502, 0.002417,
73.950079, 1.669336, 1.677393, 0.008057,
73.960268, 1.669336, 1.658862, -0.010474,
73.970571, 1.666919, 1.666113, -0.000806,
73.980950, 1.668530, 1.673364, 0.004834,
73.990994, 1.669336, 1.669336, 0.000000,
74.001186, 1.669336, 1.656445, -0.012891,
74.011643, 1.670142, 1.666919, -0.003223,
74.021969, 1.665308, 1.662085, -0.003223,
74.032299, 1.670947, 1.676587, 0.005640,
74.042523, 1.662085, 1.658057, -0.004028,
74.052866, 1.670142, 1.664502, -0.005640,
74.063300, 1.670947, 1.662891, -0.008057,
74.073647, 1.664502, 1.676587, 0.012085,
74.083865, 1.666919, 1.662085, -0.004834,
74.094180, 1.668530, 1.665308, -0.003223,
74.104638, 1.670142, 1.654834, -0.015308,
74.115085, 1.670142, 1.683838, 0.013696,
74.125177, 1.670947, 1.662085, -0.008862,
74.135518, 1.670142, 1.636304, -0.033838,
74.145860, 1.669336, 1.656445, -0.012891,
74.156265, 1.670142, 1.658862, -0.011279,
74.166550, 1.668530, 1.677393, 0.008862,
74.176642, 1.666919, 1.660474, -0.006445,
74.187084, 1.670142, 1.666113, -0.004028,
74.197505, 1.668530, 1.662085, -0.006445,
74.207965, 1.670947, 1.661279, -0.009668,
74.218299, 1.668530, 1.662891, -0.005640,
74.228641, 1.666919, 1.665308, -0.001611,
74.239071, 1.666919, 1.654834, -0.012085,
74.249420, 1.669336, 1.664502, -0.004834,
74.259858, 1.662891, 1.662085, -0.000806,
74.270210, 1.665308, 1.662085, -0.003223,
74.280516, 1.672559, 1.670142, -0.002417,
74.290866, 1.669336, 1.648389, -0.020947,
74.301303, 1.662085, 1.662085, 0.000000,
74.311528, 1.665308, 1.665308, 0.000000,
74.321642, 1.669336, 1.661279, -0.008057,
74.332082, 1.666919, 1.686255, 0.019336,
74.342404, 1.668530, 1.668530, 0.000000,
74.352415, 1.670947, 1.658057, -0.012891,
74.362861, 1.668530, 1.670947, 0.002417,
74.372989, 1.670947, 1.662085, -0.008862,
74.383428, 1.670142, 1.656445, -0.013696,
74.393746, 1.668530, 1.640332, -0.028198,
74.404195, 1.670142, 1.662085, -0.008057,
74.414652, 1.664502, 1.665308, 0.000806,
74.424764, 1.670142, 1.662085, -0.008057,
74.435191, 1.670947, 1.653223, -0.017725,
74.445645, 1.666113, 1.668530, 0.002417,
74.455828, 1.662085, 1.666919, 0.004834,
74.465861, 1.666919, 1.666919, 0.000000,
74.475973, 1.666919, 1.662085, -0.004834,
74.486421, 1.666919, 1.662085, -0.004834,
74.496869, 1.670142, 1.668530, -0.001611,
74.507304, 1.670947, 1.661279, -0.009668,
74.517664, 1.669336, 1.652417, -0.016919,
74.527967, 1.674976, 1.643555, -0.031421,
74.538460, 1.670142, 1.666919, -0.003223,
74.548783, 1.669336, 1.670142, 0.000806,
74.558970, 1.669336, 1.658862, -0.010474,
74.569313, 1.668530, 1.661279, -0.007251,
74.579651, 1.662085, 1.662085, 0.000000,
74.589849, 1.665308, 1.666113, 0.000806,
74.600069, 1.665308, 1.654834, -0.010474,
74.610515, 1.670142, 1.662085, -0.008057,
74.620825, 1.666113, 1.660474, -0.005640,
74.631174, 1.668530, 1.672559, 0.004028,
74.641296, 1.670947, 1.664502, -0.006445,
74.651650, 1.668530, 1.662085, -0.006445,
74.662079, 1.669336, 1.662085, -0.007251,
74.672416, 1.672559, 1.662085, -0.010474,
74.682859, 1.672559, 1.674976, 0.002417,
74.692972, 1.666113, 1.668530, 0.002417,
74.703185, 1.669336, 1.648389, -0.020947,
74.713643, 1.666113, 1.677393, 0.011279,
74.723753, 1.670947, 1.670142, -0.000806,
74.734183, 1.670142, 1.678198, 0.008057,
74.744309, 1.664502, 1.648389, -0.016113,
74.754642, 1.664502, 1.661279, -0.003223,
74.764969, 1.665308, 1.670947, 0.005640,
74.775110, 1.666919, 1.666919, 0.000000,
74.785287, 1.666113, 1.679004, 0.012891,
74.795423, 1.668530, 1.658862, -0.009668,
74.805835, 1.668530, 1.658057, -0.010474,
74.816195, 1.670142, 1.668530, -0.001611,
74.826413, 1.672559, 1.640332, -0.032227,
74.836853, 1.670142, 1.662085, -0.008057,
74.847188, 1.670947, 1.668530, -0.002417,
74.857520, 1.670142, 1.650000, -0.020142,
74.867905, 1.666919, 1.676587, 0.009668,
74.877981, 1.669336, 1.668530, -0.000806,
74.888417, 1.669336, 1.664502, -0.004834,
74.898868, 1.666919, 1.670947, 0.004028,
74.909081, 1.669336, 1.660474, -0.008862,
74.919426, 1.662085, 1.647583, -0.014502,
74.929751, 1.668530, 1.664502, -0.004028,
74.940216, 1.669336, 1.687060, 0.017725,
74.950318, 1.666919, 1.678198, 0.011279,
74.960525, 1.669336, 1.662085, -0.007251,
74.970921, 1.665308, 1.665308, 0.000000,
74.981064, 1.668530, 1.669336, 0.000806,
74.991083, 1.666919, 1.654028, -0.012891,
75.001533, 1.670142, 1.669336, -0.000806,
75.011963, 1.670142, 1.662085, -0.008057,
75.022300, 1.665308, 1.658862, -0.006445,
75.032684, 1.668530, 1.668530, 0.000000,
75.042867, 1.666919, 1.674170, 0.007251,
75.052965, 1.662891, 1.649194, -0.013696,
75.063411, 1.662891, 1.674976, 0.012085,
75.073530, 1.668530, 1.662891, -0.005640,
75.083954, 1.662891, 1.658057, -0.004834,
75.094187, 1.665308, 1.658862, -0.006445,
75.103908, 1.666919, 1.652417, -0.014502,
75.114309, 1.669336, 1.674170, 0.004834,
75.124420, 1.670142, 1.683032, 0.012891,
75.134646, 1.669336, 1.654834, -0.014502,
75.144970, 1.670142, 1.662085, -0.008057,
75.155300, 1.662085, 1.657251, -0.004834,
75.165648, 1.666919, 1.676587, 0.009668,
75.175762, 1.665308, 1.662891, -0.002417,
75.186183, 1.666113, 1.661279, -0.004834,
75.196649, 1.672559, 1.665308, -0.007251,
75.207090, 1.666919, 1.668530, 0.001611,
75.217182, 1.670142, 1.666919, -0.003223,
75.227413, 1.669336, 1.661279, -0.008057,
75.237873, 1.670142, 1.660474, -0.009668,
75.248191, 1.662891, 1.681421, 0.018530,
75.258418, 1.669336, 1.668530, -0.000806,
75.268779, 1.669336, 1.668530, -0.000806,
75.279087, 1.662085, 1.678198, 0.016113,
75.289185, 1.669336, 1.674976, 0.005640,
75.299326, 1.666919, 1.673364, 0.006445,
75.309524, 1.665308, 1.669336, 0.004028,
75.319657, 1.669336, 1.633887, -0.035449,
75.329974, 1.668530, 1.664502, -0.004028,
75.340494, 1.666919, 1.660474, -0.006445,
75.350767, 1.670947, 1.672559, 0.001611,
75.360972, 1.668530, 1.669336, 0.000806,
75.371122, 1.666919, 1.657251, -0.009668,
75.381498, 1.670947, 1.660474, -0.010474,
75.391758, 1.670142, 1.650806, -0.019336,
75.402183, 1.660474, 1.652417, -0.008057,
75.412644, 1.669336, 1.668530, -0.000806,
75.422968, 1.669336, 1.654028, -0.015308,
75.433420, 1.670142, 1.666113, -0.004028,
75.443876, 1.670142, 1.654834, -0.015308,
75.454187, 1.670142, 1.662085, -0.008057,
75.464516, 1.669336, 1.666113, -0.003223,
75.474876, 1.665308, 1.654834, -0.010474,
75.485298, 1.668530, 1.645166, -0.023364,
75.495669, 1.664502, 1.662085, -0.002417,
75.506171, 1.662085, 1.679810, 0.017725,
75.515652, 1.668530, 1.662085, -0.006445,
75.525970, 1.668530, 1.654834, -0.013696,
75.536410, 1.670947, 1.666919, -0.004028,
75.546752, 1.669336, 1.677393, 0.008057,
75.556981, 1.661279, 1.657251, -0.004028,
75.567308, 1.662891, 1.670142, 0.007251,
75.577420, 1.666113, 1.674976, 0.008862,
75.587649, 1.668530, 1.666113, -0.002417,
75.598460, 1.665308, 1.662891, -0.002417,
75.608875, 1.665308, 1.660474, -0.004834,
75.619196, 1.665308, 1.670947, 0.005640,
75.629379, 1.669336, 1.662085, -0.007251,
75.639871, 1.662891, 1.658862, -0.004028,
75.650192, 1.669336, 1.678198, 0.008862,
75.660421, 1.665308, 1.670142, 0.004834,
75.670572, 1.668530, 1.654834, -0.013696,
75.680960, 1.669336, 1.669336, 0.000000,
75.690981, 1.666113, 1.662085, -0.004028,
75.701420, 1.664502, 1.660474, -0.004028,
75.711872, 1.665308, 1.658862, -0.006445,
75.722196, 1.668530, 1.677393, 0.008862,
75.732303, 1.666113, 1.670142, 0.004028,
75.742519, 1.666113, 1.654834, -0.011279,
75.752877, 1.668530, 1.677393, 0.008862,
75.763096, 1.670142, 1.661279, -0.008862,
75.773423, 1.668530, 1.649194, -0.019336,
75.783873, 1.661279, 1.683838, 0.022559,
75.793975, 1.665308, 1.662891, -0.002417,
75.804379, 1.670142, 1.641138, -0.029004,
75.814754, 1.670142, 1.677393, 0.007251,
75.824893, 1.669336, 1.658862, -0.010474,
75.835303, 1.666113, 1.668530, 0.002417,
75.845511, 1.665308, 1.662085, -0.003223,
75.855955, 1.666919, 1.636304, -0.030615,
75.866291, 1.666919, 1.672559, 0.005640,
75.876444, 1.662891, 1.676587, 0.013696,
75.886646, 1.670142, 1.656445, -0.013696,
75.897045, 1.664502, 1.647583, -0.016919,
75.907420, 1.664502, 1.662891, -0.001611,
75.917758, 1.668530, 1.664502, -0.004028,
75.928082, 1.658057, 1.658862, 0.000806,
75.938414, 1.672559, 1.654834, -0.017725,
75.948763, 1.669336, 1.673364, 0.004028,
75.958987, 1.665308, 1.660474, -0.004834,
75.969334, 1.666113, 1.661279, -0.004834,
75.979658, 1.670947, 1.666919, -0.004028,
75.990098, 1.669336, 1.661279, -0.008057,
76.000518, 1.662085, 1.674170, 0.012085,
76.010755, 1.666919, 1.654834, -0.012085,
76.021104, 1.666919, 1.648389, -0.018530,
76.031499, 1.670142, 1.662085, -0.008057,
76.041871, 1.670142, 1.650806, -0.019336,
76.052183, 1.669336, 1.677393, 0.008057,
76.062310, 1.668530, 1.661279, -0.007251,
76.072655, 1.669336, 1.662085, -0.007251,
76.083093, 1.658862, 1.678198, 0.019336,
76.093195, 1.669336, 1.666919, -0.002417,
76.103652, 1.666919, 1.686255, 0.019336,
76.113905, 1.664502, 1.677393, 0.012891,
76.123982, 1.665308, 1.691895, 0.026587,
76.134198, 1.668530, 1.666113, -0.002417,
76.144652, 1.666113, 1.668530, 0.002417,
76.154758, 1.668530, 1.639526, -0.029004,
76.165194, 1.669336, 1.676587, 0.007251,
76.175310, 1.670142, 1.654834, -0.015308,
76.185748, 1.669336, 1.654028, -0.015308,
76.196097, 1.666113, 1.666919, 0.000806,
76.206296, 1.666113, 1.676587, 0.010474,
76.216427, 1.664502, 1.658057, -0.006445,
76.226754, 1.664502, 1.650806, -0.013696,
76.237274, 1.669336, 1.673364, 0.004028,
76.247406, 1.665308, 1.669336, 0.004028,
76.257610, 1.665308, 1.645166, -0.020142,
76.267915, 1.668530, 1.679810, 0.011279,
76.277966, 1.668530, 1.670142, 0.001611,
76.288187, 1.666113, 1.647583, -0.018530,
76.298514, 1.662085, 1.670142, 0.008057,
76.308726, 1.669336, 1.652417, -0.016919,
76.319082, 1.668530, 1.674170, 0.005640,
76.329097, 1.666113, 1.643555, -0.022559,
76.339696, 1.666919, 1.669336, 0.002417,
76.349771, 1.669336, 1.665308, -0.004028,
76.360192, 1.672559, 1.657251, -0.015308,
76.370576, 1.666113, 1.658862, -0.007251,
76.380972, 1.666919, 1.672559, 0.005640,
76.390199, 1.670142, 1.676587, 0.006445,
76.400420, 1.662891, 1.665308, 0.002417,
76.410656, 1.666919, 1.650806, -0.016113,
76.420977, 1.670947, 1.668530, -0.002417,
76.431424, 1.670142, 1.666919, -0.003223,
76.441764, 1.668530, 1.640332, -0.028198,
76.452089, 1.666919, 1.670142, 0.003223,
76.462296, 1.665308, 1.670947, 0.005640,
76.472425, 1.668530, 1.654834, -0.013696,
76.482869, 1.668530, 1.665308, -0.003223,
76.493200, 1.670142, 1.664502, -0.005640,
76.503620, 1.668530, 1.682227, 0.013696,
76.513767, 1.665308, 1.669336, 0.004028,
76.523874, 1.670142, 1.654834, -0.015308,
76.534319, 1.668530, 1.658862, -0.009668,
76.544790, 1.666113, 1.674170, 0.008057,
76.554877, 1.668530, 1.656445, -0.012085,
76.565318, 1.670142, 1.662085, -0.008057,
76.575655, 1.666113, 1.654834, -0.011279,
76.586093, 1.668530, 1.660474, -0.008057,
76.596425, 1.670947, 1.674976, 0.004028,
76.606650, 1.670142, 1.652417, -0.017725,
76.616971, 1.662891, 1.670947, 0.008057,
76.626981, 1.666113, 1.649194, -0.016919,
76.637488, 1.668530, 1.662891, -0.005640,
76.647763, 1.666919, 1.679810, 0.012891,
76.657976, 1.665308, 1.678198, 0.012891,
76.668128, 1.664502, 1.674976, 0.010474,
76.678209, 1.666113, 1.654834, -0.011279,
76.688648, 1.669336, 1.657251, -0.012085,
76.699092, 1.662085, 1.662085, 0.000000,
76.709211, 1.668530, 1.674170, 0.005640,
76.719309, 1.670142, 1.656445, -0.013696,
76.729659, 1.662085, 1.668530, 0.006445,
76.739869, 1.670947, 1.653223, -0.017725,
76.750192, 1.661279, 1.670142, 0.008862,
76.760308, 1.669336, 1.660474, -0.008862,
76.770656, 1.664502, 1.654834, -0.009668,
76.781070, 1.668530, 1.668530, 0.000000,
76.791091, 1.662085, 1.664502, 0.002417,
76.801276, 1.669336, 1.662891, -0.006445,
76.811746, 1.668530, 1.649194, -0.019336,
76.822102, 1.662085, 1.644360, -0.017725,
76.832522, 1.673364, 1.670142, -0.003223,
76.842979, 1.670947, 1.648389, -0.022559,
76.853307, 1.665308, 1.658862, -0.006445,
76.863650, 1.666113, 1.674170, 0.008057,
76.873775, 1.668530, 1.664502, -0.004028,
76.884196, 1.665308, 1.654834, -0.010474,
76.894529, 1.670142, 1.668530, -0.001611,
76.904988, 1.668530, 1.656445, -0.012085,
76.915311, 1.668530, 1.666919, -0.001611,
76.925657, 1.662891, 1.673364, 0.010474,
76.935868, 1.669336, 1.666919, -0.002417,
76.946311, 1.670142, 1.664502, -0.005640,
76.956729, 1.665308, 1.631470, -0.033838,
76.966872, 1.670142, 1.670142, 0.000000,
76.976979, 1.666919, 1.649194, -0.017725,
76.987429, 1.669336, 1.661279, -0.008057,
76.997883, 1.664502, 1.670947, 0.006445,
77.008087, 1.662085, 1.662085, 0.000000,
77.018089, 1.666919, 1.674170, 0.007251,
77.028200, 1.666919, 1.674170, 0.007251,
77.038418, 1.669336, 1.654028, -0.015308,
77.048754, 1.670142, 1.670947, 0.000806,
77.058970, 1.669336, 1.676587, 0.007251,
77.069053, 1.669336, 1.647583, -0.021753,
77.079303, 1.662891, 1.662085, -0.000806,
77.089650, 1.664502, 1.654834, -0.009668,
77.100091, 1.668530, 1.678198, 0.009668,
77.110305, 1.662085, 1.673364, 0.011279,
77.120432, 1.662891, 1.654834, -0.008057,
77.130844, 1.666919, 1.672559, 0.005640,
77.141085, 1.666919, 1.660474, -0.006445,
77.151309, 1.670142, 1.683838, 0.013696,
77.161533, 1.664502, 1.670947, 0.006445,
77.171660, 1.666919, 1.654834, -0.012085,
77.182094, 1.662891, 1.674976, 0.012085,
77.192194, 1.666919, 1.662085, -0.004834,
77.202638, 1.670142, 1.654028, -0.016113,
77.213096, 1.669336, 1.670947, 0.001611,
77.223203, 1.669336, 1.662085, -0.007251,
77.233529, 1.668530, 1.666919, -0.001611,
77.243881, 1.666919, 1.665308, -0.001611,
77.254196, 1.669336, 1.658862, -0.010474,
77.264537, 1.668530, 1.681421, 0.012891,
77.274659, 1.669336, 1.653223, -0.016113,
77.285094, 1.662891, 1.665308, 0.002417,
77.295201, 1.670142, 1.672559, 0.002417,
77.305427, 1.668530, 1.652417, -0.016113,
77.315765, 1.666919, 1.664502, -0.002417,
77.326095, 1.664502, 1.658862, -0.005640,
77.336534, 1.670142, 1.654834, -0.015308,
77.346876, 1.668530, 1.668530, 0.000000,
77.357060, 1.668530, 1.681421, 0.012891,
77.367095, 1.666919, 1.670947, 0.004028,
77.377199, 1.670142, 1.658862, -0.011279,
77.387662, 1.662085, 1.662891, 0.000806,
77.397874, 1.666919, 1.677393, 0.010474,
77.408093, 1.670142, 1.672559, 0.002417,
77.418191, 1.665308, 1.660474, -0.004834,
77.428427, 1.670142, 1.665308, -0.004834,
77.438959, 1.665308, 1.669336, 0.004028,
77.448978, 1.670142, 1.691895, 0.021753,
77.459194, 1.666919, 1.662085, -0.004834,
77.469594, 1.670142, 1.661279, -0.008862,
77.479876, 1.665308, 1.668530, 0.003223,
77.489984, 1.666919, 1.658057, -0.008862,
77.500427, 1.666113, 1.691895, 0.025781,
77.510657, 1.670142, 1.662085, -0.008057,
77.520982, 1.664502, 1.662085, -0.002417,
77.531313, 1.669336, 1.662891, -0.006445,
77.541763, 1.670142, 1.658862, -0.011279,
77.552093, 1.670142, 1.662891, -0.007251,
77.562428, 1.666919, 1.664502, -0.002417,
77.572762, 1.668530, 1.670142, 0.001611,
77.582983, 1.666113, 1.678198, 0.012085,
77.593124, 1.665308, 1.660474, -0.004834,
77.603519, 1.665308, 1.641943, -0.023364,
77.614028, 1.666919, 1.674170, 0.007251,
77.624096, 1.670142, 1.654834, -0.015308,
77.634534, 1.670142, 1.664502, -0.005640,
77.644994, 1.668530, 1.629053, -0.039477,
77.655308, 1.662085, 1.648389, -0.013696,
77.665765, 1.670142, 1.676587, 0.006445,
77.675874, 1.670142, 1.670142, 0.000000,
77.685982, 1.668530, 1.672559, 0.004028,
77.696098, 1.668530, 1.665308, -0.003223,
77.706522, 1.670142, 1.654834, -0.015308,
77.716875, 1.666919, 1.658057, -0.008862,
77.727224, 1.670142, 1.637109, -0.033032,
77.737743, 1.669336, 1.668530, -0.000806,
77.748099, 1.669336, 1.674976, 0.005640,
77.758307, 1.670142, 1.658862, -0.011279,
77.768694, 1.662085, 1.653223, -0.008862,
77.778980, 1.661279, 1.664502, 0.003223,
77.789206, 1.666113, 1.665308, -0.000806,
77.799664, 1.669336, 1.658862, -0.010474,
77.810092, 1.668530, 1.661279, -0.007251,
77.820431, 1.664502, 1.654834, -0.009668,
77.830847, 1.668530, 1.670142, 0.001611,
77.841068, 1.668530, 1.654834, -0.013696,
77.851317, 1.672559, 1.685449, 0.012891,
77.861535, 1.670142, 1.662085, -0.008057,
77.871884, 1.670142, 1.661279, -0.008862,
77.882306, 1.669336, 1.670142, 0.000806,
77.892367, 1.669336, 1.656445, -0.012891,
77.902763, 1.666113, 1.660474, -0.005640,
77.913206, 1.662891, 1.662085, -0.000806,
77.923541, 1.666919, 1.654028, -0.012891,
77.933976, 1.662085, 1.669336, 0.007251,
77.944101, 1.669336, 1.653223, -0.016113,
77.954422, 1.673364, 1.658057, -0.015308,
77.964763, 1.666113, 1.665308, -0.000806,
77.975127, 1.666919, 1.660474, -0.006445,
77.985535, 1.669336, 1.672559, 0.003223,
77.995659, 1.668530, 1.662891, -0.005640,
78.006189, 1.670142, 1.657251, -0.012891,
78.016527, 1.664502, 1.673364, 0.008862,
78.026617, 1.669336, 1.661279, -0.008057,
78.037080, 1.668530, 1.658862, -0.009668,
78.047433, 1.662891, 1.672559, 0.009668,
78.057649, 1.668530, 1.678198, 0.009668,
78.067804, 1.669336, 1.656445, -0.012891,
78.078101, 1.668530, 1.662891, -0.005640,
78.088567, 1.666919, 1.654834, -0.012085,
78.098984, 1.670142, 1.666919, -0.003223,
78.109429, 1.666919, 1.657251, -0.009668,
78.119786, 1.664502, 1.650806, -0.013696,
78.130100, 1.669336, 1.665308, -0.004028,
78.140535, 1.670142, 1.674170, 0.004028,
78.150657, 1.666113, 1.653223, -0.012891,
78.161106, 1.662085, 1.670947, 0.008862,
78.171279, 1.669336, 1.665308, -0.004028,
78.181663, 1.670142, 1.665308, -0.004834,
78.191984, 1.666113, 1.666113, 0.000000,
78.202094, 1.669336, 1.661279, -0.008057,
78.212542, 1.666919, 1.656445, -0.010474,
78.222881, 1.670142, 1.664502, -0.005640,
78.233322, 1.669336, 1.662085, -0.007251,
78.243738, 1.665308, 1.654834, -0.010474,
78.254103, 1.670142, 1.654028, -0.016113,
78.264491, 1.665308, 1.665308, 0.000000,
78.274649, 1.670142, 1.650806, -0.019336,
78.285094, 1.670142, 1.658057, -0.012085,
78.295432, 1.668530, 1.656445, -0.012085,
78.305969, 1.666919, 1.665308, -0.001611,
78.316320, 1.666919, 1.641943, -0.024976,
78.326664, 1.665308, 1.662085, -0.003223,
78.337242, 1.670142, 1.665308, -0.004834,
78.347535, 1.660474, 1.668530, 0.008057,
78.357770, 1.674170, 1.625024, -0.049145,
78.368137, 1.669336, 1.658862, -0.010474,
78.378430, 1.669336, 1.665308, -0.004028,
78.388875, 1.669336, 1.654834, -0.014502,
78.399314, 1.670142, 1.686255, 0.016113,
78.409530, 1.666919, 1.650000, -0.016919,
78.419879, 1.669336, 1.661279, -0.008057,
78.430202, 1.665308, 1.666113, 0.000806,
78.440432, 1.670142, 1.673364, 0.003223,
78.450533, 1.666113, 1.676587, 0.010474,
78.460703, 1.669336, 1.652417, -0.016919,
78.471058, 1.666919, 1.677393, 0.010474,
78.481184, 1.670142, 1.670142, 0.000000,
78.491197, 1.668530, 1.665308, -0.003223,
78.501535, 1.669336, 1.670947, 0.001611,
78.511776, 1.664502, 1.662085, -0.002417,
78.522105, 1.670142, 1.660474, -0.009668,
78.532533, 1.666113, 1.676587, 0.010474,
78.542774, 1.666919, 1.635498, -0.031421,
78.553105, 1.670142, 1.653223, -0.016919,
78.563534, 1.665308, 1.662085, -0.003223,
78.573893, 1.668530, 1.670142, 0.001611,
78.584091, 1.668530, 1.665308, -0.003223,
78.594388, 1.669336, 1.674170, 0.004834,
78.604540, 1.668530, 1.662891, -0.005640,
78.614991, 1.673364, 1.687060, 0.013696,
78.625098, 1.665308, 1.637915, -0.027393,
78.635469, 1.666113, 1.647583, -0.018530,
78.645901, 1.668530, 1.662085, -0.006445,
78.656301, 1.670142, 1.666919, -0.003223,
78.666661, 1.668530, 1.662085, -0.006445,
78.677001, 1.664502, 1.654834, -0.009668,
78.687436, 1.670142, 1.662085, -0.008057,
78.697876, 1.670142, 1.664502, -0.005640,
78.708316, 1.669336, 1.657251, -0.012085,
78.718669, 1.670947, 1.660474, -0.010474,
78.728990, 1.666919, 1.662085, -0.004834,
78.739539, 1.666113, 1.653223, -0.012891,
78.749883, 1.666919, 1.670142, 0.003223,
78.760098, 1.662891, 1.652417, -0.010474,
78.770448, 1.673364, 1.654834, -0.018530,
78.780848, 1.669336, 1.664502, -0.004834,
78.791197, 1.670142, 1.674976, 0.004834,
78.801317, 1.665308, 1.661279, -0.004028,
78.811766, 1.665308, 1.662085, -0.003223,
78.822100, 1.669336, 1.660474, -0.008862,
78.832524, 1.673364, 1.682227, 0.008862,
78.842762, 1.665308, 1.665308, 0.000000,
78.852876, 1.662085, 1.654834, -0.007251,
78.863262, 1.666113, 1.654834, -0.011279,
78.873661, 1.669336, 1.660474, -0.008862,
78.884099, 1.666113, 1.668530, 0.002417,
78.894109, 1.665308, 1.662085, -0.003223,
78.904559, 1.673364, 1.662085, -0.011279,
78.914999, 1.668530, 1.666113, -0.002417,
78.925321, 1.670142, 1.670142, 0.000000,
78.935505, 1.668530, 1.662891, -0.005640,
78.945879, 1.666919, 1.658862, -0.008057,
78.956294, 1.666919, 1.654834, -0.012085,
78.966670, 1.669336, 1.669336, 0.000000,
78.976769, 1.662085, 1.664502, 0.002417,
78.987008, 1.670142, 1.653223, -0.016919,
78.997442, 1.674170, 1.674976, 0.000806,
79.007662, 1.670142, 1.674976, 0.004834,
79.017670, 1.669336, 1.665308, -0.004028,
79.028014, 1.666919, 1.658862, -0.008057,
79.038544, 1.666113, 1.666113, 0.000000,
79.048668, 1.665308, 1.662891, -0.002417,
79.059103, 1.668530, 1.664502, -0.004028,
79.069496, 1.670947, 1.672559, 0.001611,
79.079538, 1.669336, 1.668530, -0.000806,
79.089885, 1.665308, 1.683838, 0.018530,
79.100119, 1.666113, 1.670142, 0.004028,
79.110326, 1.669336, 1.670142, 0.000806,
79.120441, 1.668530, 1.633081, -0.035449,
79.130853, 1.666113, 1.674170, 0.008057,
79.140986, 1.668530, 1.668530, 0.000000,
79.150982, 1.674170, 1.662085, -0.012085,
79.161436, 1.669336, 1.654028, -0.015308,
79.171793, 1.669336, 1.647583, -0.021753,
79.182185, 1.666919, 1.669336, 0.002417,
79.192192, 1.666113, 1.670947, 0.004834,
79.202320, 1.670142, 1.668530, -0.001611,
79.212765, 1.662085, 1.666919, 0.004834,
79.222882, 1.668530, 1.670947, 0.002417,
79.233090, 1.662085, 1.664502, 0.002417,
79.243212, 1.670142, 1.662891, -0.007251,
79.253535, 1.668530, 1.679004, 0.010474,
79.263672, 1.669336, 1.664502, -0.004834,
79.273982, 1.666919, 1.658862, -0.008057,
79.284438, 1.661279, 1.674170, 0.012891,
79.294538, 1.668530, 1.661279, -0.007251,
79.304990, 1.665308, 1.654834, -0.010474,
79.315323, 1.670947, 1.658862, -0.012085,
79.325665, 1.662085, 1.662891, 0.000806,
79.335875, 1.662085, 1.657251, -0.004834,
79.346318, 1.669336, 1.658057, -0.011279,
79.356750, 1.670142, 1.654834, -0.015308,
79.367106, 1.668530, 1.687866, 0.019336,
79.377200, 1.664502, 1.654028, -0.010474,
79.387539, 1.662085, 1.662085, 0.000000,
79.397746, 1.664502, 1.662891, -0.001611,
79.408205, 1.668530, 1.657251, -0.011279,
79.418535, 1.669336, 1.670142, 0.000806,
79.428610, 1.664502, 1.653223, -0.011279,
79.439099, 1.666113, 1.660474, -0.005640,
79.449373, 1.669336, 1.669336, 0.000000,
79.459542, 1.669336, 1.654834, -0.014502,
79.469923, 1.666919, 1.654834, -0.012085,
79.480221, 1.670142, 1.662085, -0.008057,
79.490541, 1.666919, 1.662085, -0.004834,
79.501002, 1.672559, 1.666919, -0.005640,
79.511435, 1.664502, 1.673364, 0.008862,
79.521539, 1.669336, 1.661279, -0.008057,
79.531966, 1.668530, 1.645166, -0.023364,
79.542337, 1.662085, 1.660474, -0.001611,
79.552663, 1.668530, 1.658862, -0.009668,
79.563109, 1.669336, 1.674976, 0.005640,
79.573209, 1.668530, 1.670142, 0.001611,
79.583436, 1.670947, 1.670947, 0.000000,
79.593457, 1.662085, 1.661279, -0.000806,
79.603881, 1.670142, 1.664502, -0.005640,
79.614323, 1.662891, 1.666919, 0.004028,
79.624467, 1.669336, 1.686255, 0.016919,
79.634662, 1.670142, 1.660474, -0.009668,
79.645066, 1.666113, 1.658862, -0.007251,
79.655317, 1.661279, 1.664502, 0.003223,
79.665436, 1.668530, 1.666919, -0.001611,
79.675771, 1.669336, 1.661279, -0.008057,
79.686205, 1.666919, 1.645972, -0.020947,
79.696535, 1.668530, 1.658862, -0.009668,
79.706968, 1.670142, 1.662085, -0.008057,
79.717215, 1.666919, 1.668530, 0.001611,
79.727327, 1.668530, 1.658057, -0.010474,
79.737889, 1.662891, 1.664502, 0.001611,
79.747995, 1.662891, 1.669336, 0.006445,
79.758200, 1.670142, 1.654834, -0.015308,
79.768568, 1.666919, 1.666919, 0.000000,
79.778674, 1.662891, 1.670142, 0.007251,
79.788766, 1.661279, 1.649194, -0.012085,
79.799213, 1.666919, 1.678198, 0.011279,
79.809442, 1.666919, 1.656445, -0.010474,
79.819764, 1.668530, 1.662085, -0.006445,
79.830112, 1.665308, 1.654834, -0.010474,
79.840542, 1.668530, 1.654834, -0.013696,
79.850878, 1.668530, 1.662085, -0.006445,
79.861322, 1.670947, 1.665308, -0.005640,
79.871672, 1.666919, 1.657251, -0.009668,
79.882107, 1.669336, 1.670947, 0.001611,
79.892208, 1.668530, 1.668530, 0.000000,
79.902327, 1.669336, 1.657251, -0.012085,
79.912771, 1.670142, 1.668530, -0.001611,
79.923106, 1.665308, 1.670947, 0.005640,
79.933307, 1.668530, 1.690283, 0.021753,
79.943521, 1.670947, 1.658057, -0.012891,
79.953872, 1.670142, 1.656445, -0.013696,
79.964218, 1.670142, 1.670947, 0.000806,
79.974333, 1.664502, 1.668530, 0.004028,
79.984543, 1.670947, 1.665308, -0.005640,
79.994885, 1.669336, 1.669336, 0.000000,
80.005062, 1.669336, 1.662085, -0.007251,
80.015393, 1.666113, 1.666113, 0.000000,
80.025438, 1.670142, 1.662085, -0.008057,
80.035888, 1.668530, 1.670947, 0.002417,
80.046108, 1.665308, 1.662085, -0.003223,
80.056524, 1.666919, 1.637109, -0.029809,
80.066768, 1.668530, 1.674976, 0.006445,
80.076884, 1.664502, 1.654834, -0.009668,
80.087316, 1.668530, 1.658862, -0.009668,
80.097761, 1.664502, 1.673364, 0.008862,
80.107986, 1.670142, 1.674170, 0.004028,
80.118116, 1.670142, 1.654028, -0.016113,
80.128440, 1.668530, 1.666919, -0.001611,
80.138897, 1.661279, 1.654028, -0.007251,
80.149236, 1.670142, 1.669336, -0.000806,
80.159667, 1.664502, 1.664502, 0.000000,
80.169727, 1.666919, 1.670947, 0.004028,
80.179770, 1.670142, 1.674976, 0.004834,
80.189890, 1.662085, 1.633081, -0.029004,
80.200318, 1.670947, 1.668530, -0.002417,
80.210770, 1.673364, 1.658862, -0.014502,
80.221109, 1.666919, 1.662085, -0.004834,
80.231518, 1.670947, 1.670142, -0.000806,
80.241890, 1.669336, 1.689478, 0.020142,
80.252000, 1.666113, 1.653223, -0.012891,
80.262438, 1.668530, 1.661279, -0.007251,
80.272777, 1.669336, 1.654028, -0.015308,
80.283204, 1.661279, 1.673364, 0.012085,
80.293246, 1.666113, 1.666113, 0.000000,
80.303436, 1.668530, 1.665308, -0.003223,
80.313858, 1.665308, 1.670142, 0.004834,
80.323891, 1.669336, 1.670142, 0.000806,
80.334112, 1.662891, 1.664502, 0.001611,
80.344329, 1.662085, 1.662891, 0.000806,
80.354440, 1.668530, 1.650806, -0.017725,
80.364777, 1.668530, 1.661279, -0.007251,
80.375109, 1.666919, 1.654834, -0.012085,
80.385551, 1.668530, 1.662891, -0.005640,
80.395888, 1.666919, 1.687866, 0.020947,
80.406197, 1.668530, 1.664502, -0.004028,
80.416444, 1.669336, 1.661279, -0.008057,
80.426769, 1.669336, 1.657251, -0.012085,
80.437298, 1.662085, 1.662085, 0.000000,
80.447330, 1.669336, 1.666919, -0.002417,
80.457773, 1.673364, 1.662891, -0.010474,
80.468136, 1.666919, 1.674976, 0.008057,
80.478252, 1.666919, 1.661279, -0.005640,
80.488667, 1.668530, 1.662891, -0.005640,
80.499109, 1.665308, 1.682227, 0.016919,
80.509323, 1.662891, 1.679810, 0.016919,
80.519437, 1.665308, 1.662085, -0.003223,
80.529697, 1.670142, 1.660474, -0.009668,
80.540199, 1.670142, 1.660474, -0.009668,
80.550547, 1.665308, 1.670142, 0.004834,
80.560675, 1.674170, 1.657251, -0.016919,
80.571071, 1.670142, 1.657251, -0.012891,
80.581445, 1.668530, 1.670142, 0.001611,
80.591543, 1.668530, 1.662891, -0.005640,
80.601890, 1.668530, 1.664502, -0.004028,
80.612320, 1.670142, 1.670142, 0.000000,
80.622322, 1.668530, 1.654834, -0.013696,
80.632773, 1.670142, 1.664502, -0.005640,
80.643209, 1.672559, 1.668530, -0.004028,
80.653535, 1.670142, 1.657251, -0.012891,
80.664002, 1.666113, 1.661279, -0.004834,
80.674398, 1.670142, 1.650806, -0.019336,
80.684778, 1.665308, 1.666113, 0.000806,
80.694893, 1.670142, 1.676587, 0.006445,
80.705105, 1.664502, 1.654834, -0.009668,
80.715445, 1.662085, 1.662891, 0.000806,
80.725551, 1.670142, 1.662085, -0.008057,
80.735941, 1.670947, 1.676587, 0.005640,
80.746101, 1.660474, 1.649194, -0.011279,
80.756511, 1.665308, 1.657251, -0.008057,
80.766790, 1.668530, 1.662891, -0.005640,
80.777104, 1.666919, 1.656445, -0.010474,
80.787464, 1.670142, 1.647583, -0.022559,
80.797882, 1.666919, 1.668530, 0.001611,
80.808108, 1.665308, 1.670142, 0.004834,
80.818208, 1.666113, 1.662085, -0.004028,
80.828437, 1.669336, 1.666919, -0.002417,
80.838881, 1.669336, 1.664502, -0.004834,
80.849212, 1.670142, 1.670142, 0.000000,
80.859324, 1.668530, 1.666919, -0.001611,
80.869740, 1.662085, 1.674170, 0.012085,
80.879888, 1.668530, 1.670142, 0.001611,
80.890104, 1.665308, 1.654834, -0.010474,
80.900543, 1.666919, 1.668530, 0.001611,
80.910772, 1.668530, 1.650806, -0.017725,
80.921112, 1.662891, 1.650000, -0.012891,
80.931526, 1.666113, 1.670947, 0.004834,
80.941735, 1.666113, 1.662085, -0.004028,
80.952001, 1.665308, 1.669336, 0.004028,
80.962214, 1.668530, 1.654834, -0.013696,
80.972658, 1.664502, 1.654834, -0.009668,
80.983045, 1.669336, 1.661279, -0.008057,
80.993327, 1.669336, 1.644360, -0.024976,
81.003787, 1.670142, 1.647583, -0.022559,
81.014212, 1.665308, 1.666113, 0.000806,
81.024326, 1.666919, 1.673364, 0.006445,
81.034547, 1.662085, 1.666113, 0.004028,
81.044674, 1.665308, 1.664502, -0.000806,
81.054991, 1.670947, 1.650000, -0.020947,
81.065332, 1.668530, 1.676587, 0.008057,
81.075450, 1.665308, 1.662085, -0.003223,
81.085889, 1.666113, 1.658862, -0.007251,
81.096219, 1.668530, 1.661279, -0.007251,
81.106667, 1.665308, 1.661279, -0.004028,
81.116982, 1.669336, 1.679810, 0.010474,
81.127006, 1.669336, 1.654028, -0.015308,
81.137524, 1.669336, 1.681421, 0.012085,
81.147680, 1.668530, 1.670142, 0.001611,
81.157889, 1.666919, 1.657251, -0.009668,
81.168262, 1.668530, 1.674976, 0.006445,
81.178329, 1.669336, 1.662085, -0.007251,
81.188780, 1.662085, 1.665308, 0.003223,
81.199015, 1.669336, 1.674170, 0.004834,
81.209216, 1.673364, 1.668530, -0.004834,
81.219555, 1.670142, 1.662085, -0.008057,
81.229901, 1.672559, 1.665308, -0.007251,
81.240325, 1.670142, 1.657251, -0.012891,
81.250674, 1.665308, 1.660474, -0.004834,
81.261111, 1.664502, 1.665308, 0.000806,
81.271314, 1.666919, 1.654834, -0.012085,
81.281754, 1.665308, 1.674976, 0.009668,
81.291880, 1.669336, 1.676587, 0.007251,
81.302113, 1.666919, 1.679004, 0.012085,
81.312311, 1.666919, 1.658862, -0.008057,
81.322671, 1.669336, 1.662085, -0.007251,
81.333106, 1.662085, 1.653223, -0.008862,
81.343544, 1.666113, 1.669336, 0.003223,
81.353673, 1.670947, 1.662085, -0.008862,
81.364005, 1.669336, 1.657251, -0.012085,
81.374379, 1.666113, 1.685449, 0.019336,
81.384570, 1.668530, 1.661279, -0.007251,
81.394912, 1.665308, 1.670142, 0.004834,
81.405116, 1.670142, 1.649194, -0.020947,
81.415446, 1.669336, 1.670947, 0.001611,
81.425543, 1.670142, 1.662085, -0.008057,
81.435899, 1.668530, 1.662891, -0.005640,
81.446336, 1.666113, 1.656445, -0.009668,
81.456757, 1.670947, 1.670142, -0.000806,
81.467101, 1.666113, 1.664502, -0.001611,
81.477446, 1.666113, 1.662891, -0.003223,
81.487886, 1.666919, 1.656445, -0.010474,
81.498323, 1.665308, 1.677393, 0.012085,
81.508547, 1.666919, 1.662085, -0.004834,
81.518890, 1.666919, 1.664502, -0.002417,
81.529221, 1.670947, 1.635498, -0.035449,
81.539773, 1.664502, 1.650000, -0.014502,
81.550112, 1.662891, 1.670142, 0.007251,
81.560299, 1.669336, 1.665308, -0.004028,
81.570614, 1.666919, 1.669336, 0.002417,
81.580757, 1.670142, 1.670142, 0.000000,
81.590810, 1.668530, 1.668530, 0.000000,
81.601000, 1.670142, 1.679004, 0.008862,
81.611217, 1.670947, 1.666113, -0.004834,
81.621509, 1.669336, 1.660474, -0.008862,
81.631902, 1.662085, 1.678198, 0.016113,
81.642117, 1.669336, 1.670142, 0.000806,
81.652221, 1.670947, 1.670142, -0.000806,
81.662688, 1.669336, 1.662891, -0.006445,
81.673009, 1.666113, 1.647583, -0.018530,
81.681524, 1.669336, 1.662085, -0.007251,
81.691782, 1.661279, 1.677393, 0.016113,
81.702020, 1.670142, 1.686255, 0.016113,
81.712216, 1.669336, 1.666113, -0.003223,
81.722606, 1.670142, 1.654028, -0.016113,
81.732996, 1.668530, 1.669336, 0.000806,
81.743184, 1.666113, 1.674170, 0.008057,
81.753211, 1.669336, 1.654834, -0.014502,
81.763605, 1.669336, 1.666113, -0.003223,
81.773700, 1.666919, 1.678198, 0.011279,
81.783890, 1.668530, 1.674170, 0.005640,
81.794000, 1.669336, 1.662085, -0.007251,
81.804325, 1.668530, 1.664502, -0.004028,
81.814768, 1.666919, 1.637109, -0.029809,
81.825116, 1.664502, 1.653223, -0.011279,
81.835553, 1.662085, 1.673364, 0.011279,
81.845773, 1.669336, 1.670142, 0.000806,
81.855981, 1.669336, 1.654028, -0.015308,
81.866323, 1.662085, 1.674170, 0.012085,
81.876441, 1.672559, 1.637915, -0.034644,
81.886891, 1.669336, 1.650000, -0.019336,
81.897328, 1.669336, 1.678198, 0.008862,
81.907543, 1.664502, 1.687866, 0.023364,
81.917688, 1.670947, 1.669336, -0.001611,
81.927998, 1.662891, 1.662085, -0.000806,
81.938441, 1.670142, 1.657251, -0.012891,
81.948787, 1.668530, 1.637915, -0.030615,
81.959194, 1.668530, 1.657251, -0.011279,
81.969579, 1.670142, 1.643555, -0.026587,
81.979927, 1.668530, 1.660474, -0.008057,
81.990439, 1.670142, 1.682227, 0.012085,
82.000670, 1.666113, 1.677393, 0.011279,
82.010899, 1.669336, 1.674976, 0.005640,
82.020991, 1.670142, 1.666113, -0.004028,
82.031312, 1.664502, 1.674976, 0.010474,
82.041446, 1.670142, 1.674976, 0.004834,
82.051559, 1.666919, 1.662085, -0.004834,
82.062004, 1.670142, 1.670142, 0.000000,
82.072014, 1.669336, 1.656445, -0.012891,
82.082438, 1.666919, 1.674170, 0.007251,
82.092531, 1.662085, 1.654834, -0.007251,
82.102892, 1.666113, 1.654834, -0.011279,
82.113333, 1.665308, 1.665308, 0.000000,
82.123453, 1.664502, 1.662085, -0.002417,
82.133780, 1.668530, 1.662891, -0.005640,
82.144214, 1.670142, 1.654834, -0.015308,
82.154461, 1.665308, 1.653223, -0.012085,
82.164892, 1.666919, 1.672559, 0.005640,
82.174998, 1.670947, 1.661279, -0.009668,
82.185345, 1.670142, 1.666919, -0.003223,
82.195676, 1.669336, 1.678198, 0.008862,
82.205921, 1.668530, 1.679810, 0.011279,
82.216004, 1.668530, 1.658862, -0.009668,
82.226335, 1.670142, 1.662085, -0.008057,
82.236870, 1.668530, 1.661279, -0.007251,
82.247151, 1.668530, 1.670142, 0.001611,
82.257327, 1.668530, 1.660474, -0.008057,
82.267647, 1.666919, 1.669336, 0.002417,
82.277778, 1.666113, 1.666919, 0.000806,
82.287995, 1.665308, 1.681421, 0.016113,
82.298214, 1.669336, 1.666113, -0.003223,
82.308543, 1.668530, 1.662085, -0.006445,
82.318900, 1.664502, 1.669336, 0.004834,
82.329003, 1.669336, 1.662085, -0.007251,
82.339493, 1.669336, 1.670142, 0.000806,
82.349553, 1.662085, 1.672559, 0.010474,
82.359781, 1.668530, 1.662085, -0.006445,
82.370147, 1.662891, 1.672559, 0.009668,
82.380288, 1.670142, 1.662085, -0.008057,
82.390684, 1.670947, 1.656445, -0.014502,
82.401107, 1.666919, 1.662891, -0.004028,
82.411579, 1.665308, 1.672559, 0.007251,
82.421681, 1.670947, 1.654834, -0.016113,
82.432106, 1.668530, 1.679004, 0.010474,
82.442213, 1.668530, 1.658862, -0.009668,
82.452483, 1.664502, 1.673364, 0.008862,
82.462683, 1.670142, 1.656445, -0.013696,
82.473108, 1.669336, 1.664502, -0.004834,
82.483537, 1.666919, 1.674976, 0.008057,
82.493553, 1.668530, 1.677393, 0.008862,
82.503699, 1.662891, 1.664502, 0.001611,
82.513897, 1.668530, 1.674170, 0.005640,
82.524000, 1.668530, 1.665308, -0.003223,
82.534450, 1.670142, 1.650000, -0.020142,
82.544781, 1.670947, 1.662891, -0.008057,
82.555120, 1.669336, 1.668530, -0.000806,
82.565453, 1.666919, 1.672559, 0.005640,
82.575569, 1.666919, 1.653223, -0.013696,
82.586004, 1.668530, 1.658057, -0.010474,
82.596235, 1.668530, 1.676587, 0.008057,
82.606521, 1.672559, 1.656445, -0.016113,
82.616779, 1.669336, 1.674170, 0.004834,
82.626899, 1.672559, 1.660474, -0.012085,
82.637449, 1.669336, 1.658057, -0.011279,
82.647793, 1.669336, 1.662085, -0.007251,
82.658226, 1.669336, 1.648389, -0.020947,
82.668611, 1.666919, 1.654834, -0.012085,
82.678892, 1.662085, 1.668530, 0.006445,
82.688999, 1.666919, 1.666113, -0.000806,
82.699442, 1.670142, 1.662085, -0.008057,
82.709906, 1.669336, 1.674976, 0.005640,
82.720009, 1.668530, 1.670142, 0.001611,
82.730113, 1.665308, 1.670947, 0.005640,
82.740342, 1.670142, 1.677393, 0.007251,
82.750448, 1.666919, 1.691895, 0.024976,
82.760677, 1.672559, 1.665308, -0.007251,
82.771086, 1.668530, 1.641138, -0.027393,
82.781450, 1.670947, 1.666113, -0.004834,
82.791784, 1.666113, 1.657251, -0.008862,
82.802218, 1.670142, 1.674170, 0.004028,
82.812449, 1.672559, 1.653223, -0.019336,
82.822788, 1.668530, 1.658862, -0.009668,
82.833216, 1.666113, 1.666919, 0.000806,
82.843450, 1.670142, 1.657251, -0.012891,
82.853788, 1.666113, 1.669336, 0.003223,
82.864007, 1.670142, 1.666919, -0.003223,
82.874333, 1.669336, 1.670947, 0.001611,
82.884552, 1.670142, 1.672559, 0.002417,
82.894684, 1.665308, 1.674170, 0.008862,
82.904894, 1.668530, 1.649194, -0.019336,
82.915334, 1.666113, 1.683032, 0.016919,
82.925449, 1.669336, 1.662891, -0.006445,
82.935890, 1.670142, 1.670142, 0.000000,
82.945995, 1.658862, 1.666919, 0.008057,
82.956199, 1.665308, 1.643555, -0.021753,
82.966452, 1.664502, 1.662085, -0.002417,
82.976780, 1.669336, 1.664502, -0.004834,
82.987220, 1.670142, 1.650000, -0.020142,
82.997687, 1.668530, 1.666919, -0.001611,
83.008114, 1.668530, 1.666113, -0.002417,
83.018450, 1.666919, 1.672559, 0.005640,
83.028561, 1.668530, 1.654834, -0.013696,
83.039118, 1.670142, 1.666113, -0.004028,
83.049457, 1.670142, 1.665308, -0.004834,
83.059841, 1.670142, 1.645166, -0.024976,
83.070162, 1.666919, 1.656445, -0.010474,
83.080457, 1.665308, 1.662085, -0.003223,
83.090797, 1.658862, 1.666919, 0.008057,
83.101021, 1.669336, 1.662085, -0.007251,
83.111447, 1.670142, 1.661279, -0.008862,
83.121741, 1.670947, 1.665308, -0.005640,
83.132122, 1.665308, 1.673364, 0.008057,
83.142338, 1.670142, 1.666919, -0.003223,
83.152678, 1.666919, 1.664502, -0.002417,
83.163122, 1.665308, 1.652417, -0.012891,
83.173514, 1.669336, 1.656445, -0.012891,
83.183910, 1.668530, 1.672559, 0.004028,
83.194001, 1.668530, 1.657251, -0.011279,
83.204448, 1.670947, 1.670142, -0.000806,
83.214905, 1.669336, 1.660474, -0.008862,
83.225216, 1.669336, 1.664502, -0.004834,
83.235675, 1.662085, 1.665308, 0.003223,
83.245899, 1.669336, 1.670142, 0.000806,
83.256085, 1.668530, 1.657251, -0.011279,
83.266329, 1.670142, 1.665308, -0.004834,
83.276689, 1.670142, 1.683032, 0.012891,
83.286895, 1.666919, 1.669336, 0.002417,
83.297143, 1.672559, 1.641138, -0.031421,
83.307546, 1.670142, 1.670947, 0.000806,
83.317688, 1.670142, 1.685449, 0.015308,
83.327790, 1.668530, 1.658057, -0.010474,
83.338420, 1.670142, 1.679004, 0.008862,
83.348451, 1.668530, 1.658862, -0.009668,
83.358787, 1.668530, 1.669336, 0.000806,
83.368924, 1.669336, 1.676587, 0.007251,
83.379004, 1.668530, 1.658862, -0.009668,
83.389448, 1.669336, 1.660474, -0.008862,
83.399901, 1.661279, 1.672559, 0.011279,
83.410117, 1.669336, 1.669336, 0.000000,
83.420121, 1.666113, 1.654028, -0.012085,
83.430454, 1.670947, 1.661279, -0.009668,
83.440892, 1.669336, 1.654028, -0.015308,
83.451218, 1.668530, 1.657251, -0.011279,
83.461550, 1.670142, 1.678198, 0.008057,
83.471670, 1.669336, 1.674976, 0.005640,
83.481788, 1.668530, 1.676587, 0.008057,
83.491921, 1.668530, 1.669336, 0.000806,
83.502122, 1.662085, 1.677393, 0.015308,
83.512339, 1.668530, 1.654834, -0.013696,
83.522682, 1.665308, 1.654834, -0.010474,
83.533114, 1.662085, 1.666919, 0.004834,
83.543231, 1.670142, 1.662085, -0.008057,
83.553564, 1.665308, 1.670947, 0.005640,
83.563790, 1.662891, 1.662085, -0.000806,
83.574129, 1.665308, 1.668530, 0.003223,
83.584342, 1.665308, 1.669336, 0.004028,
83.594453, 1.668530, 1.666113, -0.002417,
83.604895, 1.668530, 1.660474, -0.008057,
83.615339, 1.670142, 1.673364, 0.003223,
83.625447, 1.670142, 1.670947, 0.000806,
83.635678, 1.670142, 1.662085, -0.008057,
83.646010, 1.668530, 1.662085, -0.006445,
83.656447, 1.673364, 1.650000, -0.023364,
83.666804, 1.670142, 1.672559, 0.002417,
83.676903, 1.672559, 1.662891, -0.009668,
83.687328, 1.669336, 1.662085, -0.007251,
83.697784, 1.664502, 1.678198, 0.013696,
83.708005, 1.670947, 1.665308, -0.005640,
83.718223, 1.669336, 1.664502, -0.004834,
83.728563, 1.662891, 1.662085, -0.000806,
83.739121, 1.668530, 1.665308, -0.003223,
83.749461, 1.670142, 1.679004, 0.008862,
83.759684, 1.664502, 1.666919, 0.002417,
83.769809, 1.666919, 1.670947, 0.004028,
83.779901, 1.666113, 1.664502, -0.001611,
83.790339, 1.669336, 1.666919, -0.002417,
83.800790, 1.662085, 1.672559, 0.010474,
83.811003, 1.666113, 1.662891, -0.003223,
83.821291, 1.672559, 1.658862, -0.013696,
83.831770, 1.668530, 1.665308, -0.003223,
83.842192, 1.670947, 1.665308, -0.005640,
83.852455, 1.669336, 1.691089, 0.021753,
83.862684, 1.664502, 1.658057, -0.006445,
83.873031, 1.670142, 1.677393, 0.007251,
83.883221, 1.661279, 1.697534, 0.036255,
83.893341, 1.670947, 1.660474, -0.010474,
83.903785, 1.664502, 1.658057, -0.006445,
83.914230, 1.666919, 1.661279, -0.005640,
83.924567, 1.662085, 1.661279, -0.000806,
83.935014, 1.666113, 1.672559, 0.006445,
83.945219, 1.670142, 1.662891, -0.007251,
83.955541, 1.670142, 1.661279, -0.008862,
83.965901, 1.665308, 1.677393, 0.012085,
83.976023, 1.662891, 1.647583, -0.015308,
83.986460, 1.666919, 1.666113, -0.000806,
83.996895, 1.665308, 1.644360, -0.020947,
84.007340, 1.664502, 1.673364, 0.008862,
84.017455, 1.666919, 1.678198, 0.011279,
84.027560, 1.666919, 1.670142, 0.003223,
84.037809, 1.666113, 1.669336, 0.003223,
84.047904, 1.665308, 1.648389, -0.016919,
84.058341, 1.668530, 1.641138, -0.027393,
84.068721, 1.666919, 1.665308, -0.001611,
84.079001, 1.668530, 1.662085, -0.006445,
84.089459, 1.669336, 1.650000, -0.019336,
84.099906, 1.668530, 1.673364, 0.004834,
84.110117, 1.664502, 1.679004, 0.014502,
84.120241, 1.662085, 1.662085, 0.000000,
84.130316, 1.662085, 1.658057, -0.004028,
84.140797, 1.668530, 1.652417, -0.016113,
84.151128, 1.669336, 1.650000, -0.019336,
84.161558, 1.660474, 1.662891, 0.002417,
84.171708, 1.668530, 1.670142, 0.001611,
84.181911, 1.670142, 1.670142, 0.000000,
84.192010, 1.666113, 1.661279, -0.004834,
84.202452, 1.666919, 1.640332, -0.026587,
84.212919, 1.662085, 1.654834, -0.007251,
84.223218, 1.666919, 1.653223, -0.013696,
84.233551, 1.666919, 1.661279, -0.005640,
84.243902, 1.665308, 1.658862, -0.006445,
84.254221, 1.666919, 1.645972, -0.020947,
84.264552, 1.666919, 1.661279, -0.005640,
84.274911, 1.670142, 1.636304, -0.033838,
84.285346, 1.670142, 1.643555, -0.026587,
84.295686, 1.665308, 1.662085, -0.003223,
84.306213, 1.670142, 1.665308, -0.004834,
84.316549, 1.666919, 1.669336, 0.002417,
84.326570, 1.666919, 1.658057, -0.008862,
84.337171, 1.669336, 1.660474, -0.008862,
84.347447, 1.670947, 1.656445, -0.014502,
84.357872, 1.666919, 1.669336, 0.002417,
84.367945, 1.666113, 1.665308, -0.000806,
84.378230, 1.669336, 1.664502, -0.004834,
84.388690, 1.662085, 1.677393, 0.015308,
84.398903, 1.666113, 1.669336, 0.003223,
84.409148, 1.672559, 1.654834, -0.017725,
84.419453, 1.666113, 1.662085, -0.004028,
84.429684, 1.668530, 1.666919, -0.001611,
84.440129, 1.665308, 1.654834, -0.010474,
84.450456, 1.670142, 1.666113, -0.004028,
84.460908, 1.666919, 1.658057, -0.008862,
84.471254, 1.668530, 1.650806, -0.017725,
84.481680, 1.666113, 1.674170, 0.008057,
84.491783, 1.666919, 1.662891, -0.004028,
84.502223, 1.662085, 1.669336, 0.007251,
84.512461, 1.669336, 1.657251, -0.012085,
84.522783, 1.669336, 1.658057, -0.011279,
84.533227, 1.669336, 1.668530, -0.000806,
84.543569, 1.666919, 1.670142, 0.003223,
84.553693, 1.670142, 1.658862, -0.011279,
84.564121, 1.670142, 1.674170, 0.004028,
84.574237, 1.666919, 1.677393, 0.010474,
84.584457, 1.665308, 1.666113, 0.000806,
84.594570, 1.666113, 1.662085, -0.004028,
84.605000, 1.670142, 1.654834, -0.015308,
84.615345, 1.668530, 1.661279, -0.007251,
84.625686, 1.666919, 1.662085, -0.004834,
84.636123, 1.670142, 1.670142, 0.000000,
84.646128, 1.666113, 1.687060, 0.020947,
84.656310, 1.668530, 1.661279, -0.007251,
84.666560, 1.670142, 1.668530, -0.001611,
84.676969, 1.664502, 1.668530, 0.004028,
84.687118, 1.666919, 1.661279, -0.005640,
84.697551, 1.668530, 1.656445, -0.012085,
84.708007, 1.670142, 1.666919, -0.003223,
84.718340, 1.662085, 1.683838, 0.021753,
84.728456, 1.665308, 1.661279, -0.004028,
84.738908, 1.666919, 1.654834, -0.012085,
84.749247, 1.668530, 1.668530, 0.000000,
84.759456, 1.670142, 1.660474, -0.009668,
84.769783, 1.669336, 1.683032, 0.013696,
84.779909, 1.670142, 1.654834, -0.015308,
84.790314, 1.666919, 1.652417, -0.014502,
84.800690, 1.666113, 1.672559, 0.006445,
84.810915, 1.666919, 1.657251, -0.009668,
84.821232, 1.670142, 1.668530, -0.001611,
84.831688, 1.670142, 1.665308, -0.004834,
84.842129, 1.665308, 1.670142, 0.004834,
84.852225, 1.668530, 1.665308, -0.003223,
84.862579, 1.670142, 1.654834, -0.015308,
84.872981, 1.669336, 1.650000, -0.019336,
84.883358, 1.668530, 1.666113, -0.002417,
84.893700, 1.665308, 1.654834, -0.010474,
84.904129, 1.664502, 1.665308, 0.000806,
84.914335, 1.670142, 1.658862, -0.011279,
84.924690, 1.670142, 1.662085, -0.008057,
84.935119, 1.670142, 1.664502, -0.005640,
84.945482, 1.670142, 1.662085, -0.008057,
84.955871, 1.666113, 1.661279, -0.004834,
84.966143, 1.669336, 1.670142, 0.000806,
84.976225, 1.669336, 1.658862, -0.010474,
84.986557, 1.668530, 1.673364, 0.004834,
84.996767, 1.669336, 1.662085, -0.007251,
85.007210, 1.670142, 1.650000, -0.020142,
85.017455, 1.665308, 1.666919, 0.001611,
85.027557, 1.666919, 1.635498, -0.031421,
85.038018, 1.668530, 1.647583, -0.020947,
85.048340, 1.666113, 1.664502, -0.001611,
85.058754, 1.669336, 1.670142, 0.000806,
85.068896, 1.665308, 1.674170, 0.008862,
85.079016, 1.670947, 1.668530, -0.002417,
85.089342, 1.670142, 1.656445, -0.013696,
85.099793, 1.666919, 1.668530, 0.001611,
85.110008, 1.668530, 1.654834, -0.013696,
85.120344, 1.666113, 1.664502, -0.001611,
85.130791, 1.662085, 1.650000, -0.012085,
85.141227, 1.662891, 1.661279, -0.001611,
85.151562, 1.668530, 1.674170, 0.005640,
85.161683, 1.670947, 1.666919, -0.004028,
85.172008, 1.668530, 1.664502, -0.004028,
85.182399, 1.670142, 1.665308, -0.004834,
85.192702, 1.666919, 1.658057, -0.008862,
85.203123, 1.664502, 1.678198, 0.013696,
85.213345, 1.668530, 1.654834, -0.013696,
85.223692, 1.670142, 1.654028, -0.016113,
85.234136, 1.664502, 1.672559, 0.008057,
85.244346, 1.669336, 1.662891, -0.006445,
85.254688, 1.665308, 1.670142, 0.004834,
85.264907, 1.666919, 1.670142, 0.003223,
85.275021, 1.670142, 1.656445, -0.013696,
85.285462, 1.670142, 1.662085, -0.008057,
85.295793, 1.668530, 1.670947, 0.002417,
85.306111, 1.668530, 1.669336, 0.000806,
85.316232, 1.669336, 1.689478, 0.020142,
85.326374, 1.666919, 1.662891, -0.004028,
85.336954, 1.669336, 1.658057, -0.011279,
85.347225, 1.668530, 1.670947, 0.002417,
85.357348, 1.668530, 1.674976, 0.006445,
85.367460, 1.670947, 1.670947, 0.000000,
85.377561, 1.665308, 1.662891, -0.002417,
85.388017, 1.666919, 1.650000, -0.016919,
85.398457, 1.670947, 1.658862, -0.012085,
85.408904, 1.666919, 1.658862, -0.008057,
85.419233, 1.666113, 1.668530, 0.002417,
85.429345, 1.668530, 1.658057, -0.010474,
85.439792, 1.670142, 1.662085, -0.008057,
85.450130, 1.668530, 1.679810, 0.011279,
85.460352, 1.670142, 1.666113, -0.004028,
85.470707, 1.670142, 1.662085, -0.008057,
85.481101, 1.666919, 1.665308, -0.001611,
85.491342, 1.672559, 1.673364, 0.000806,
85.501559, 1.664502, 1.654834, -0.009668,
85.512045, 1.662891, 1.658862, -0.004028,
85.522343, 1.662891, 1.662085, -0.000806,
85.532791, 1.670947, 1.674976, 0.004028,
85.543024, 1.668530, 1.656445, -0.012085,
85.553342, 1.666113, 1.652417, -0.013696,
85.563791, 1.668530, 1.670947, 0.002417,
85.573917, 1.666919, 1.650000, -0.016919,
85.584347, 1.666113, 1.677393, 0.011279,
85.594453, 1.666919, 1.674170, 0.007251,
85.605013, 1.664502, 1.662085, -0.002417,
85.615349, 1.664502, 1.666113, 0.001611,
85.625456, 1.664502, 1.653223, -0.011279,
85.635913, 1.670142, 1.683838, 0.013696,
85.646130, 1.665308, 1.650000, -0.015308,
85.656558, 1.661279, 1.668530, 0.007251,
85.666692, 1.665308, 1.670142, 0.004834,
85.676798, 1.661279, 1.660474, -0.000806,
85.687246, 1.662891, 1.650000, -0.012891,
85.697688, 1.670142, 1.676587, 0.006445,
85.707906, 1.669336, 1.658862, -0.010474,
85.718231, 1.668530, 1.668530, 0.000000,
85.728229, 1.670142, 1.652417, -0.017725,
85.738795, 1.669336, 1.652417, -0.016919,
85.749136, 1.664502, 1.668530, 0.004028,
85.759344, 1.666919, 1.660474, -0.006445,
85.769756, 1.665308, 1.665308, 0.000000,
85.779788, 1.665308, 1.658862, -0.006445,
85.790233, 1.668530, 1.658862, -0.009668,
85.800687, 1.666919, 1.662891, -0.004028,
85.811131, 1.662085, 1.665308, 0.003223,
85.821225, 1.664502, 1.644360, -0.020142,
85.831548, 1.666919, 1.668530, 0.001611,
85.841701, 1.662891, 1.670142, 0.007251,
85.851814, 1.666919, 1.668530, 0.001611,
85.862019, 1.664502, 1.662085, -0.002417,
85.872352, 1.664502, 1.657251, -0.007251,
85.882797, 1.665308, 1.654834, -0.010474,
85.893141, 1.666919, 1.670142, 0.003223,
85.903340, 1.662891, 1.658057, -0.004834,
85.913798, 1.668530, 1.661279, -0.007251,
85.924130, 1.668530, 1.650806, -0.017725,
85.934562, 1.669336, 1.666919, -0.002417,
85.945011, 1.674170, 1.658862, -0.015308,
85.955345, 1.669336, 1.658057, -0.011279,
85.965686, 1.670142, 1.670947, 0.000806,
85.975797, 1.669336, 1.665308, -0.004028,
85.986237, 1.669336, 1.672559, 0.003223,
85.996342, 1.670142, 1.665308, -0.004834,
86.006786, 1.668530, 1.654834, -0.013696,
86.017130, 1.670947, 1.640332, -0.030615,
86.027459, 1.669336, 1.666113, -0.003223,
86.037985, 1.670142, 1.660474, -0.009668,
86.048274, 1.666113, 1.670947, 0.004834,
86.058469, 1.665308, 1.678198, 0.012891,
86.068632, 1.668530, 1.670947, 0.002417,
86.078693, 1.668530, 1.674170, 0.005640,
86.088798, 1.669336, 1.654834, -0.014502,
86.099241, 1.662891, 1.670947, 0.008057,
86.109459, 1.670947, 1.665308, -0.005640,
86.119803, 1.669336, 1.661279, -0.008057,
86.130134, 1.670142, 1.664502, -0.005640,
86.140570, 1.666919, 1.662085, -0.004834,
86.150926, 1.672559, 1.673364, 0.000806,
86.161136, 1.662085, 1.662085, 0.000000,
86.171221, 1.670142, 1.654834, -0.015308,
86.181564, 1.670947, 1.665308, -0.005640,
86.191907, 1.668530, 1.673364, 0.004834,
86.202126, 1.668530, 1.673364, 0.004834,
86.212351, 1.669336, 1.666919, -0.002417,
86.222698, 1.662085, 1.677393, 0.015308,
86.232900, 1.668530, 1.670142, 0.001611,
86.243069, 1.658862, 1.654834, -0.004028,
86.253350, 1.668530, 1.662085, -0.006445,
86.263796, 1.661279, 1.672559, 0.011279,
86.273995, 1.668530, 1.654834, -0.013696,
86.284371, 1.670947, 1.668530, -0.002417,
86.294696, 1.666919, 1.654028, -0.012891,
86.305070, 1.670947, 1.656445, -0.014502,
86.315368, 1.669336, 1.657251, -0.012085,
86.325707, 1.670142, 1.664502, -0.005640,
86.336140, 1.668530, 1.639526, -0.029004,
86.346470, 1.676587, 1.664502, -0.012085,
86.356910, 1.668530, 1.661279, -0.007251,
86.367242, 1.668530, 1.670142, 0.001611,
86.377356, 1.670142, 1.665308, -0.004834,
86.387797, 1.666919, 1.679004, 0.012085,
86.398024, 1.668530, 1.665308, -0.003223,
86.408467, 1.662085, 1.658057, -0.004028,
86.418797, 1.666113, 1.666919, 0.000806,
86.428911, 1.670947, 1.662085, -0.008862,
86.439347, 1.664502, 1.670142, 0.005640,
86.449528, 1.670947, 1.673364, 0.002417,
86.459703, 1.665308, 1.665308, 0.000000,
86.469827, 1.669336, 1.666919, -0.002417,
86.480134, 1.670142, 1.678198, 0.008057,
86.490247, 1.662085, 1.645166, -0.016919,
86.500694, 1.668530, 1.666919, -0.001611,
86.511130, 1.665308, 1.658057, -0.007251,
86.521469, 1.670142, 1.654834, -0.015308,
86.531910, 1.668530, 1.662891, -0.005640,
86.542357, 1.669336, 1.677393, 0.008057,
86.552467, 1.669336, 1.672559, 0.003223,
86.562696, 1.668530, 1.658057, -0.010474,
86.573056, 1.668530, 1.662085, -0.006445,
86.583460, 1.668530, 1.669336, 0.000806,
86.593566, 1.668530, 1.664502, -0.004028,
86.604014, 1.666919, 1.666919, 0.000000,
86.614132, 1.666113, 1.682227, 0.016113,
86.624229, 1.668530, 1.657251, -0.011279,
86.634704, 1.664502, 1.670142, 0.005640,
86.644918, 1.668530, 1.658862, -0.009668,
86.655240, 1.668530, 1.657251, -0.011279,
86.665697, 1.665308, 1.670947, 0.005640,
86.675793, 1.666919, 1.664502, -0.002417,
86.686234, 1.666919, 1.678198, 0.011279,
86.696348, 1.666919, 1.679004, 0.012085,
86.706548, 1.666113, 1.670142, 0.004028,
86.716570, 1.668530, 1.670947, 0.002417,
86.726698, 1.669336, 1.658057, -0.011279,
86.737224, 1.669336, 1.664502, -0.004834,
86.747474, 1.666113, 1.670947, 0.004834,
86.757693, 1.670947, 1.678198, 0.007251,
86.767865, 1.669336, 1.668530, -0.000806,
86.778136, 1.670142, 1.657251, -0.012891,
86.788575, 1.666919, 1.658057, -0.008862,
86.799017, 1.666113, 1.658862, -0.007251,
86.809465, 1.670142, 1.669336, -0.000806,
86.819792, 1.670142, 1.660474, -0.009668,
86.830142, 1.669336, 1.662085, -0.007251,
86.840593, 1.669336, 1.649194, -0.020142,
86.850923, 1.670142, 1.658057, -0.012085,
86.861360, 1.670142, 1.662085, -0.008057,
86.871765, 1.665308, 1.654834, -0.010474,
86.882134, 1.669336, 1.693506, 0.024170,
86.892236, 1.670142, 1.664502, -0.005640,
86.902701, 1.668530, 1.683838, 0.015308,
86.912920, 1.669336, 1.679004, 0.009668,
86.923020, 1.670947, 1.670947, 0.000000,
86.933124, 1.662085, 1.666113, 0.004028,
86.943248, 1.668530, 1.658862, -0.009668,
86.953580, 1.668530, 1.660474, -0.008057,
86.964019, 1.666919, 1.662085, -0.004834,
86.974472, 1.668530, 1.654834, -0.013696,
86.984906, 1.668530, 1.657251, -0.011279,
86.995238, 1.666919, 1.654834, -0.012085,
87.005793, 1.668530, 1.654834, -0.013696,
87.016141, 1.668530, 1.660474, -0.008057,
87.026476, 1.666919, 1.660474, -0.006445,
87.037007, 1.666113, 1.668530, 0.002417,
87.047134, 1.662085, 1.660474, -0.001611,
87.057566, 1.670947, 1.650806, -0.020142,
87.067966, 1.669336, 1.678198, 0.008862,
87.078012, 1.666919, 1.682227, 0.015308,
87.088139, 1.666919, 1.664502, -0.002417,
87.098597, 1.670947, 1.662085, -0.008862,
87.109008, 1.670142, 1.666113, -0.004028,
87.119344, 1.666919, 1.650000, -0.016919,
87.129705, 1.666919, 1.666919, 0.000000,
87.139921, 1.665308, 1.653223, -0.012085,
87.150240, 1.669336, 1.670142, 0.000806,
87.160464, 1.665308, 1.666919, 0.001611,
87.170658, 1.669336, 1.669336, 0.000000,
87.180789, 1.666919, 1.662891, -0.004028,
87.191134, 1.665308, 1.650806, -0.014502,
87.201570, 1.670142, 1.693506, 0.023364,
87.211801, 1.661279, 1.662891, 0.001611,
87.221924, 1.669336, 1.664502, -0.004834,
87.232357, 1.662891, 1.670947, 0.008057,
87.242571, 1.666113, 1.665308, -0.000806,
87.252921, 1.664502, 1.654028, -0.010474,
87.263352, 1.668530, 1.662085, -0.006445,
87.273697, 1.670947, 1.661279, -0.009668,
87.284138, 1.662085, 1.669336, 0.007251,
87.294256, 1.661279, 1.654834, -0.006445,
87.304704, 1.668530, 1.662085, -0.006445,
87.315136, 1.668530, 1.653223, -0.015308,
87.325486, 1.668530, 1.658862, -0.009668,
87.335924, 1.666919, 1.668530, 0.001611,
87.346145, 1.664502, 1.658862, -0.005640,
87.356547, 1.665308, 1.658862, -0.006445,
87.366924, 1.668530, 1.670142, 0.001611,
87.377023, 1.665308, 1.661279, -0.004028,
87.387350, 1.670142, 1.670142, 0.000000,
87.397482, 1.668530, 1.665308, -0.003223,
87.407908, 1.666113, 1.662085, -0.004028,
87.418244, 1.662085, 1.690283, 0.028198,
87.428356, 1.665308, 1.647583, -0.017725,
87.438910, 1.662085, 1.672559, 0.010474,
87.449018, 1.673364, 1.664502, -0.008862,
87.459351, 1.669336, 1.662891, -0.006445,
87.469731, 1.666919, 1.661279, -0.005640,
87.480021, 1.666113, 1.670947, 0.004834,
87.490146, 1.661279, 1.658057, -0.003223,
87.500573, 1.666113, 1.674170, 0.008057,
87.510805, 1.670142, 1.656445, -0.013696,
87.521134, 1.664502, 1.665308, 0.000806,
87.531321, 1.668530, 1.673364, 0.004834,
87.541483, 1.669336, 1.633081, -0.036255,
87.551809, 1.668530, 1.660474, -0.008057,
87.562243, 1.666113, 1.670142, 0.004028,
87.572406, 1.668530, 1.665308, -0.003223,
87.582803, 1.666113, 1.676587, 0.010474,
87.592928, 1.662891, 1.635498, -0.027393,
87.603358, 1.668530, 1.669336, 0.000806,
87.613573, 1.662891, 1.658057, -0.004834,
87.623927, 1.666113, 1.678198, 0.012085,
87.634144, 1.668530, 1.678198, 0.009668,
87.644357, 1.668530, 1.662085, -0.006445,
87.654701, 1.670142, 1.665308, -0.004834,
87.665042, 1.670947, 1.664502, -0.006445,
87.675365, 1.658862, 1.670142, 0.011279,
87.685613, 1.668530, 1.674170, 0.005640,
87.695712, 1.666919, 1.661279, -0.005640,
87.706238, 1.666113, 1.657251, -0.008862,
87.716580, 1.670142, 1.670142, 0.000000,
87.726592, 1.673364, 1.657251, -0.016113,
87.737107, 1.668530, 1.670142, 0.001611,
87.747133, 1.668530, 1.661279, -0.007251,
87.757570, 1.666919, 1.658862, -0.008057,
87.767956, 1.662085, 1.654028, -0.008057,
87.778251, 1.672559, 1.679810, 0.007251,
87.788462, 1.672559, 1.662085, -0.010474,
87.798916, 1.670947, 1.660474, -0.010474,
87.809368, 1.664502, 1.662891, -0.001611,
87.819699, 1.666919, 1.666113, -0.000806,
87.830029, 1.666919, 1.658057, -0.008862,
87.840469, 1.666919, 1.662085, -0.004834,
87.850802, 1.670142, 1.662085, -0.008057,
87.861249, 1.662085, 1.665308, 0.003223,
87.871375, 1.670142, 1.658057, -0.012085,
87.881768, 1.668530, 1.664502, -0.004028,
87.892136, 1.670142, 1.662891, -0.007251,
87.902574, 1.662085, 1.633081, -0.029004,
87.913018, 1.668530, 1.662085, -0.006445,
87.923361, 1.669336, 1.658862, -0.010474,
87.933791, 1.666919, 1.662085, -0.004834,
87.944130, 1.665308, 1.677393, 0.012085,
87.954233, 1.669336, 1.687060, 0.017725,
87.964471, 1.666919, 1.658057, -0.008862,
87.974805, 1.669336, 1.657251, -0.012085,
87.985249, 1.669336, 1.668530, -0.000806,
87.995567, 1.665308, 1.654834, -0.010474,
88.006113, 1.668530, 1.664502, -0.004028,
88.016364, 1.669336, 1.668530, -0.000806,
88.026702, 1.669336, 1.672559, 0.003223,
88.037010, 1.662891, 1.661279, -0.001611,
88.047318, 1.670142, 1.658862, -0.011279,
88.057694, 1.669336, 1.662085, -0.007251,
88.068079, 1.662085, 1.670947, 0.008862,
88.078142, 1.669336, 1.664502, -0.004834,
88.088570, 1.666113, 1.662085, -0.004028,
88.099020, 1.668530, 1.664502, -0.004028,
88.109471, 1.668530, 1.668530, 0.000000,
88.119469, 1.662085, 1.690283, 0.028198,
88.129573, 1.664502, 1.632275, -0.032227,
88.140018, 1.660474, 1.668530, 0.008057,
88.150068, 1.665308, 1.666919, 0.001611,
88.160248, 1.673364, 1.669336, -0.004028,
88.170694, 1.666113, 1.666113, 0.000000,
88.180884, 1.668530, 1.641138, -0.027393,
88.191142, 1.666113, 1.654834, -0.011279,
88.201304, 1.670142, 1.672559, 0.002417,
88.211819, 1.670947, 1.654834, -0.016113,
88.222144, 1.670142, 1.662891, -0.007251,
88.232579, 1.668530, 1.662891, -0.005640,
88.243028, 1.673364, 1.670142, -0.003223,
88.253357, 1.670142, 1.662891, -0.007251,
88.263696, 1.666919, 1.666113, -0.000806,
88.274027, 1.664502, 1.657251, -0.007251,
88.284468, 1.664502, 1.662085, -0.002417,
88.294817, 1.668530, 1.664502, -0.004028,
88.305246, 1.666113, 1.666919, 0.000806,
88.315475, 1.670142, 1.660474, -0.009668,
88.325808, 1.670142, 1.670142, 0.000000,
88.335922, 1.668530, 1.640332, -0.028198,
88.346357, 1.669336, 1.654028, -0.015308,
88.356768, 1.666919, 1.658057, -0.008862,
88.367034, 1.666919, 1.676587, 0.009668,
88.377145, 1.664502, 1.662891, -0.001611,
88.387572, 1.669336, 1.662085, -0.007251,
88.398017, 1.666919, 1.660474, -0.006445,
88.408472, 1.668530, 1.656445, -0.012085,
88.418802, 1.662085, 1.668530, 0.006445,
88.428920, 1.669336, 1.668530, -0.000806,
88.439352, 1.668530, 1.637109, -0.031421,
88.449705, 1.666113, 1.662891, -0.003223,
88.460130, 1.666113, 1.662891, -0.003223,
88.470477, 1.669336, 1.662085, -0.007251,
88.480901, 1.665308, 1.657251, -0.008057,
88.491208, 1.670142, 1.665308, -0.004834,
88.501577, 1.670142, 1.670142, 0.000000,
88.511810, 1.670142, 1.660474, -0.009668,
88.522148, 1.662891, 1.648389, -0.014502,
88.532579, 1.669336, 1.662085, -0.007251,
88.543022, 1.669336, 1.653223, -0.016113,
88.553359, 1.668530, 1.666919, -0.001611,
88.563813, 1.665308, 1.669336, 0.004028,
88.573921, 1.670142, 1.661279, -0.008862,
88.584356, 1.666919, 1.650806, -0.016113,
88.594705, 1.673364, 1.648389, -0.024976,
88.605159, 1.669336, 1.665308, -0.004028,
88.615469, 1.670142, 1.668530, -0.001611,
88.625806, 1.662891, 1.666113, 0.003223,
88.636012, 1.666919, 1.665308, -0.001611,
88.646364, 1.670142, 1.679004, 0.008862,
88.656556, 1.665308, 1.654028, -0.011279,
88.666925, 1.662085, 1.673364, 0.011279,
88.677137, 1.668530, 1.660474, -0.008057,
88.687574, 1.664502, 1.668530, 0.004028,
88.697804, 1.664502, 1.658862, -0.005640,
88.708246, 1.670142, 1.647583, -0.022559,
88.718578, 1.670142, 1.661279, -0.008862,
88.728926, 1.666113, 1.656445, -0.009668,
88.739470, 1.670142, 1.650000, -0.020142,
88.749802, 1.670142, 1.677393, 0.007251,
88.760032, 1.668530, 1.661279, -0.007251,
88.770409, 1.670142, 1.662085, -0.008057,
88.780784, 1.666113, 1.643555, -0.022559,
88.791147, 1.670142, 1.665308, -0.004834,
88.801594, 1.666113, 1.665308, -0.000806,
88.812030, 1.665308, 1.662085, -0.003223,
88.822370, 1.670142, 1.662891, -0.007251,
88.832808, 1.665308, 1.670947, 0.005640,
88.843033, 1.666919, 1.657251, -0.009668,
88.853359, 1.662085, 1.654834, -0.007251,
88.863804, 1.665308, 1.629053, -0.036255,
88.874205, 1.662085, 1.653223, -0.008862,
88.884576, 1.670142, 1.674976, 0.004834,
88.894705, 1.669336, 1.654834, -0.014502,
88.905142, 1.670142, 1.664502, -0.005640,
88.915476, 1.666113, 1.662891, -0.003223,
88.925803, 1.668530, 1.662891, -0.005640,
88.936245, 1.668530, 1.674976, 0.006445,
88.946474, 1.669336, 1.656445, -0.012891,
88.956922, 1.668530, 1.670947, 0.002417,
88.967034, 1.668530, 1.643555, -0.024976,
88.977358, 1.669336, 1.668530, -0.000806,
88.987807, 1.666113, 1.656445, -0.009668,
88.998273, 1.666113, 1.658057, -0.008057,
89.008705, 1.666919, 1.662085, -0.004834,
89.019025, 1.664502, 1.668530, 0.004028,
89.029036, 1.665308, 1.664502, -0.000806,
89.039559, 1.666919, 1.665308, -0.001611,
89.049926, 1.673364, 1.672559, -0.000806,
89.060350, 1.668530, 1.650000, -0.018530,
89.070720, 1.668530, 1.673364, 0.004834,
89.080899, 1.668530, 1.657251, -0.011279,
89.091244, 1.665308, 1.658862, -0.006445,
89.101704, 1.670142, 1.662085, -0.008057,
89.112137, 1.665308, 1.633081, -0.032227,
89.122475, 1.666113, 1.658862, -0.007251,
89.132915, 1.668530, 1.670142, 0.001611,
89.143042, 1.664502, 1.668530, 0.004028,
89.153144, 1.668530, 1.661279, -0.007251,
89.163573, 1.666919, 1.657251, -0.009668,
89.173936, 1.668530, 1.661279, -0.007251,
89.184366, 1.662891, 1.640332, -0.022559,
89.194717, 1.670142, 1.665308, -0.004834,
89.205142, 1.666113, 1.658057, -0.008057,
89.215473, 1.666919, 1.654834, -0.012085,
89.225810, 1.665308, 1.662085, -0.003223,
89.236248, 1.662891, 1.661279, -0.001611,
89.246704, 1.668530, 1.640332, -0.028198,
89.257144, 1.670142, 1.658862, -0.011279,
89.267477, 1.662085, 1.665308, 0.003223,
89.277592, 1.666919, 1.654028, -0.012891,
89.288025, 1.665308, 1.658057, -0.007251,
89.298473, 1.669336, 1.648389, -0.020947,
89.308930, 1.669336, 1.672559, 0.003223,
89.319039, 1.670142, 1.689478, 0.019336,
89.329147, 1.669336, 1.657251, -0.012085,
89.339720, 1.670142, 1.665308, -0.004834,
89.350032, 1.668530, 1.677393, 0.008862,
89.360242, 1.662085, 1.662085, 0.000000,
89.370276, 1.666919, 1.662891, -0.004028,
89.380581, 1.669336, 1.662085, -0.007251,
89.390936, 1.664502, 1.657251, -0.007251,
89.401358, 1.666919, 1.662085, -0.004834,
89.411808, 1.668530, 1.656445, -0.012085,
89.422139, 1.669336, 1.674170, 0.004834,
89.432356, 1.666919, 1.670947, 0.004028,
89.442595, 1.669336, 1.654028, -0.015308,
89.452920, 1.668530, 1.665308, -0.003223,
89.463359, 1.665308, 1.658057, -0.007251,
89.473707, 1.666113, 1.656445, -0.009668,
89.484152, 1.666919, 1.673364, 0.006445,
89.494245, 1.670142, 1.670142, 0.000000,
89.504364, 1.669336, 1.660474, -0.008862,
89.514808, 1.662085, 1.658862, -0.003223,
89.525142, 1.666919, 1.658057, -0.008862,
89.535477, 1.669336, 1.670142, 0.000806,
89.545593, 1.662891, 1.650806, -0.012085,
89.556016, 1.668530, 1.668530, 0.000000,
89.566034, 1.668530, 1.653223, -0.015308,
89.576358, 1.668530, 1.665308, -0.003223,
89.586838, 1.666113, 1.665308, -0.000806,
89.597249, 1.669336, 1.660474, -0.008862,
89.607702, 1.670142, 1.649194, -0.020947,
89.618028, 1.670142, 1.677393, 0.007251,
89.628149, 1.666919, 1.658057, -0.008862,
89.638707, 1.665308, 1.662891, -0.002417,
89.649037, 1.664502, 1.662085, -0.002417,
89.659475, 1.666113, 1.670142, 0.004028,
89.669658, 1.668530, 1.656445, -0.012085,
89.679931, 1.668530, 1.666919, -0.001611,
89.690369, 1.670142, 1.665308, -0.004834,
89.700810, 1.664502, 1.670142, 0.005640,
89.711034, 1.673364, 1.662891, -0.010474,
89.721357, 1.668530, 1.670142, 0.001611,
89.731551, 1.670142, 1.668530, -0.001611,
89.741930, 1.668530, 1.661279, -0.007251,
89.752253, 1.668530, 1.689478, 0.020947,
89.762478, 1.669336, 1.662891, -0.006445,
89.772812, 1.668530, 1.654028, -0.014502,
89.783273, 1.664502, 1.652417, -0.012085,
89.793596, 1.665308, 1.656445, -0.008862,
89.804036, 1.670142, 1.661279, -0.008862,
89.814479, 1.670142, 1.670142, 0.000000,
89.824567, 1.670142, 1.661279, -0.008862,
89.835034, 1.662891, 1.674976, 0.012085,
89.845243, 1.670947, 1.679810, 0.008862,
89.855359, 1.669336, 1.656445, -0.012891,
89.865714, 1.665308, 1.670142, 0.004834,
89.875802, 1.668530, 1.640332, -0.028198,
89.886255, 1.662891, 1.668530, 0.005640,
89.896361, 1.666113, 1.662085, -0.004028,
89.906782, 1.670142, 1.669336, -0.000806,
89.917048, 1.668530, 1.661279, -0.007251,
89.927373, 1.666113, 1.660474, -0.005640,
89.937928, 1.670142, 1.676587, 0.006445,
89.948032, 1.662891, 1.670947, 0.008057,
89.958248, 1.668530, 1.649194, -0.019336,
89.968645, 1.674976, 1.666919, -0.008057,
89.978938, 1.669336, 1.673364, 0.004028,
89.989142, 1.666919, 1.661279, -0.005640,
89.999590, 1.670142, 1.661279, -0.008862,
90.010033, 1.670142, 1.670142, 0.000000,
90.020037, 1.669336, 1.679810, 0.010474,
90.030142, 1.669336, 1.654834, -0.014502,
90.040593, 1.670142, 1.660474, -0.009668,
90.050924, 1.666113, 1.631470, -0.034644,
90.061362, 1.662891, 1.658862, -0.004028,
90.071712, 1.669336, 1.666919, -0.002417,
90.082142, 1.668530, 1.683838, 0.015308,
90.092245, 1.668530, 1.662085, -0.006445,
90.102600, 1.670142, 1.644360, -0.025781,
90.113047, 1.670142, 1.666113, -0.004028,
90.123373, 1.669336, 1.656445, -0.012891,
90.133815, 1.666919, 1.664502, -0.002417,
90.144247, 1.665308, 1.662085, -0.003223,
90.154579, 1.670142, 1.669336, -0.000806,
90.164939, 1.665308, 1.664502, -0.000806,
90.175255, 1.668530, 1.658057, -0.010474,
90.185706, 1.672559, 1.665308, -0.007251,
90.196037, 1.669336, 1.656445, -0.012891,
90.206476, 1.669336, 1.654028, -0.015308,
90.216823, 1.668530, 1.676587, 0.008057,
90.226931, 1.666113, 1.670947, 0.004834,
90.237129, 1.665308, 1.674976, 0.009668,
90.247233, 1.662085, 1.664502, 0.002417,
90.257469, 1.668530, 1.656445, -0.012085,
90.267865, 1.669336, 1.666113, -0.003223,
90.278147, 1.670142, 1.674976, 0.004834,
90.288362, 1.662085, 1.662085, 0.000000,
90.298482, 1.666919, 1.652417, -0.014502,
90.308944, 1.670142, 1.654028, -0.016113,
90.319245, 1.662891, 1.662085, -0.000806,
90.329595, 1.661279, 1.664502, 0.003223,
90.339927, 1.664502, 1.668530, 0.004028,
90.350039, 1.668530, 1.673364, 0.004834,
90.360257, 1.669336, 1.666919, -0.002417,
90.370685, 1.666113, 1.666919, 0.000806,
90.380896, 1.664502, 1.664502, 0.000000,
90.390942, 1.670142, 1.650000, -0.020142,
90.401365, 1.666919, 1.673364, 0.006445,
90.411581, 1.668530, 1.672559, 0.004028,
90.421717, 1.670142, 1.653223, -0.016919,
90.432142, 1.666919, 1.669336, 0.002417,
90.442277, 1.664502, 1.650000, -0.014502,
90.452580, 1.669336, 1.674976, 0.005640,
90.462810, 1.662085, 1.654834, -0.007251,
90.473150, 1.669336, 1.654028, -0.015308,
90.483575, 1.665308, 1.683838, 0.018530,
90.493713, 1.670142, 1.658057, -0.012085,
90.504182, 1.670142, 1.650806, -0.019336,
90.514600, 1.664502, 1.656445, -0.008057,
90.524931, 1.670142, 1.658862, -0.011279,
90.535361, 1.668530, 1.678198, 0.009668,
90.545480, 1.670142, 1.662891, -0.007251,
90.555909, 1.666919, 1.658862, -0.008057,
90.566261, 1.670142, 1.670142, 0.000000,
90.576369, 1.670142, 1.654028, -0.016113,
90.586822, 1.668530, 1.664502, -0.004028,
90.597259, 1.668530, 1.666113, -0.002417,
90.607709, 1.668530, 1.669336, 0.000806,
90.617816, 1.670142, 1.691089, 0.020947,
90.627938, 1.666113, 1.662085, -0.004028,
90.638477, 1.662891, 1.674170, 0.011279,
90.648580, 1.669336, 1.673364, 0.004028,
90.658805, 1.665308, 1.657251, -0.008057,
90.669174, 1.668530, 1.669336, 0.000806,
90.679256, 1.669336, 1.674976, 0.005640,
90.689484, 1.670142, 1.657251, -0.012891,
90.699944, 1.668530, 1.670142, 0.001611,
90.710154, 1.668530, 1.662085, -0.006445,
90.720481, 1.670142, 1.668530, -0.001611,
90.730860, 1.666919, 1.664502, -0.002417,
90.741257, 1.668530, 1.669336, 0.000806,
90.751362, 1.664502, 1.670947, 0.006445,
90.761479, 1.664502, 1.654834, -0.009668,
90.771821, 1.669336, 1.666919, -0.002417,
90.782222, 1.670142, 1.662085, -0.008057,
90.792489, 1.670947, 1.657251, -0.013696,
90.802934, 1.664502, 1.664502, 0.000000,
90.813028, 1.669336, 1.658862, -0.010474,
90.823368, 1.670142, 1.662085, -0.008057,
90.833819, 1.670142, 1.664502, -0.005640,
90.844251, 1.666919, 1.662891, -0.004028,
90.854608, 1.670142, 1.677393, 0.007251,
90.864715, 1.670142, 1.653223, -0.016919,
90.875147, 1.668530, 1.662085, -0.006445,
90.885578, 1.670947, 1.662891, -0.008057,
90.895954, 1.664502, 1.666919, 0.002417,
90.906240, 1.669336, 1.660474, -0.008862,
90.916594, 1.673364, 1.687060, 0.013696,
90.926714, 1.666919, 1.654834, -0.012085,
90.937242, 1.666919, 1.669336, 0.002417,
90.947368, 1.670142, 1.662085, -0.008057,
90.957820, 1.668530, 1.668530, 0.000000,
90.967972, 1.665308, 1.670142, 0.004834,
90.978043, 1.669336, 1.661279, -0.008057,
90.988474, 1.668530, 1.656445, -0.012085,
90.998929, 1.666113, 1.662085, -0.004028,
91.009369, 1.670142, 1.662085, -0.008057,
91.019716, 1.670142, 1.641943, -0.028198,
91.030049, 1.662891, 1.654834, -0.008057,
91.040485, 1.670142, 1.661279, -0.008862,
91.050821, 1.662891, 1.678198, 0.015308,
91.061034, 1.669336, 1.656445, -0.012891,
91.071373, 1.666113, 1.670142, 0.004028,
91.081560, 1.666113, 1.653223, -0.012891,
91.091931, 1.669336, 1.652417, -0.016919,
91.102366, 1.670142, 1.654834, -0.015308,
91.112814, 1.669336, 1.662085, -0.007251,
91.123148, 1.662085, 1.661279, -0.000806,
91.133578, 1.670142, 1.662891, -0.007251,
91.144027, 1.666113, 1.657251, -0.008862,
91.154372, 1.669336, 1.650000, -0.019336,
91.164803, 1.668530, 1.673364, 0.004834,
91.174932, 1.668530, 1.672559, 0.004028,
91.185145, 1.668530, 1.665308, -0.003223,
91.195448, 1.662891, 1.674170, 0.011279,
91.205666, 1.668530, 1.661279, -0.007251,
91.215933, 1.666919, 1.658862, -0.008057,
91.226264, 1.669336, 1.672559, 0.003223,
91.236477, 1.669336, 1.676587, 0.007251,
91.246600, 1.669336, 1.668530, -0.000806,
91.257010, 1.670947, 1.658862, -0.012085,
91.267320, 1.662085, 1.658057, -0.004028,
91.277596, 1.670142, 1.640332, -0.029810,
91.288033, 1.666919, 1.678198, 0.011279,
91.298244, 1.665308, 1.660474, -0.004834,
91.308712, 1.670142, 1.654028, -0.016113,
91.319040, 1.666113, 1.648389, -0.017725,
91.329368, 1.662085, 1.636304, -0.025781,
91.339929, 1.669336, 1.664502, -0.004834,
91.350248, 1.662891, 1.666919, 0.004028,
91.360486, 1.669336, 1.660474, -0.008862,
91.370842, 1.664502, 1.660474, -0.004028,
91.381241, 1.669336, 1.654834, -0.014502,
91.391605, 1.670947, 1.654028, -0.016919,
91.402052, 1.666919, 1.683838, 0.016919,
91.412251, 1.664502, 1.658057, -0.006445,
91.422553, 1.666919, 1.654834, -0.012085,
91.432930, 1.661279, 1.662085, 0.000806,
91.443055, 1.666919, 1.665308, -0.001611,
91.453379, 1.670947, 1.661279, -0.009668,
91.463830, 1.665308, 1.657251, -0.008057,
91.474261, 1.670142, 1.664502, -0.005640,
91.484714, 1.668530, 1.666919, -0.001611,
91.495043, 1.666113, 1.664502, -0.001611,
91.505482, 1.664502, 1.661279, -0.003223,
91.515834, 1.666113, 1.657251, -0.008862,
91.526161, 1.662085, 1.662891, 0.000806,
91.536377, 1.670142, 1.674170, 0.004028,
91.546493, 1.661279, 1.677393, 0.016113,
91.556708, 1.668530, 1.654028, -0.014502,
91.567041, 1.666113, 1.676587, 0.010474,
91.577156, 1.666919, 1.658057, -0.008862,
91.587572, 1.662891, 1.664502, 0.001611,
91.597901, 1.665308, 1.658862, -0.006445,
91.608359, 1.670142, 1.652417, -0.017725,
91.618712, 1.670142, 1.674976, 0.004834,
91.628805, 1.665308, 1.661279, -0.004028,
91.639304, 1.662085, 1.645972, -0.016113,
91.649598, 1.672559, 1.666919, -0.005640,
91.660048, 1.669336, 1.662085, -0.007251,
91.670428, 1.666919, 1.677393, 0.010474,
91.680486, 1.664502, 1.668530, 0.004028,
91.690601, 1.668530, 1.640332, -0.028198,
91.701038, 1.668530, 1.674170, 0.005640,
91.711249, 1.670142, 1.674170, 0.004028,
91.719370, 1.666113, 1.669336, 0.003223,
91.729493, 1.665308, 1.661279, -0.004028,
91.739933, 1.668530, 1.644360, -0.024170,
91.750284, 1.662891, 1.658862, -0.004028,
91.760710, 1.665308, 1.636304, -0.029004,
91.771072, 1.670947, 1.661279, -0.009668,
91.781491, 1.670142, 1.665308, -0.004834,
91.791828, 1.666919, 1.662891, -0.004028,
91.802260, 1.662891, 1.668530, 0.005640,
91.812486, 1.670947, 1.654028, -0.016919,
91.822820, 1.670142, 1.650000, -0.020142,
91.833263, 1.666919, 1.662085, -0.004834,
91.843717, 1.662085, 1.664502, 0.002417,
91.853822, 1.668530, 1.664502, -0.004028,
91.864257, 1.670142, 1.662891, -0.007251,
91.874603, 1.668530, 1.669336, 0.000806,
91.884815, 1.669336, 1.674976, 0.005640,
91.894937, 1.666113, 1.660474, -0.005640,
91.905371, 1.669336, 1.666113, -0.003223,
91.915715, 1.670947, 1.661279, -0.009668,
91.926036, 1.670142, 1.657251, -0.012891,
91.936385, 1.668530, 1.666113, -0.002417,
91.946721, 1.664502, 1.654834, -0.009668,
91.957155, 1.664502, 1.658057, -0.006445,
91.967491, 1.668530, 1.674170, 0.005640,
91.977593, 1.661279, 1.664502, 0.003223,
91.987723, 1.668530, 1.662891, -0.005640,
91.998145, 1.670947, 1.669336, -0.001611,
92.008578, 1.662891, 1.665308, 0.002417,
92.018717, 1.669336, 1.666113, -0.003223,
92.029036, 1.662085, 1.660474, -0.001611,
92.039602, 1.668530, 1.656445, -0.012085,
92.049944, 1.669336, 1.665308, -0.004028,
92.060371, 1.669336, 1.645166, -0.024170,
92.070728, 1.668530, 1.664502, -0.004028,
92.081137, 1.668530, 1.674976, 0.006445,
92.091209, 1.666113, 1.666919, 0.000806,
92.101379, 1.664502, 1.666919, 0.002417,
92.111599, 1.668530, 1.649194, -0.019336,
92.121945, 1.670142, 1.654834, -0.015308,
92.132372, 1.670947, 1.660474, -0.010474,
92.142850, 1.670142, 1.658862, -0.011279,
92.153155, 1.669336, 1.670947, 0.001611,
92.163267, 1.669336, 1.666919, -0.002417,
92.173598, 1.668530, 1.652417, -0.016113,
92.184037, 1.664502, 1.670947, 0.006445,
92.194047, 1.662085, 1.662891, 0.000806,
92.204223, 1.662891, 1.662085, -0.000806,
92.214613, 1.664502, 1.660474, -0.004028,
92.224938, 1.669336, 1.650000, -0.019336,
92.235374, 1.666919, 1.636304, -0.030615,
92.245737, 1.670142, 1.672559, 0.002417,
92.255906, 1.669336, 1.660474, -0.008862,
92.266154, 1.670947, 1.658057, -0.012891,
92.276497, 1.668530, 1.666919, -0.001611,
92.286933, 1.666919, 1.670947, 0.004028,
92.297144, 1.666113, 1.652417, -0.013696,
92.307612, 1.665308, 1.664502, -0.000806,
92.317939, 1.669336, 1.672559, 0.003223,
92.328041, 1.666113, 1.650806, -0.015308,
92.338606, 1.662891, 1.676587, 0.013696,
92.348717, 1.666919, 1.662085, -0.004834,
92.359154, 1.670142, 1.658057, -0.012085,
92.369529, 1.670142, 1.674170, 0.004028,
92.379601, 1.665308, 1.670142, 0.004834,
92.389727, 1.669336, 1.674976, 0.005640,
92.399935, 1.669336, 1.658862, -0.010474,
92.410368, 1.670142, 1.668530, -0.001611,
92.420712, 1.668530, 1.644360, -0.024170,
92.431129, 1.669336, 1.662085, -0.007251,
92.441495, 1.669336, 1.662085, -0.007251,
92.451822, 1.661279, 1.668530, 0.007251,
92.462045, 1.668530, 1.678198, 0.009668,
92.472240, 1.665308, 1.668530, 0.003223,
92.482386, 1.666919, 1.660474, -0.006445,
92.492723, 1.670142, 1.647583, -0.022559,
92.503162, 1.666919, 1.669336, 0.002417,
92.513380, 1.670947, 1.670142, -0.000806,
92.523724, 1.670142, 1.650806, -0.019336,
92.534162, 1.673364, 1.664502, -0.008862,
92.544605, 1.666919, 1.686255, 0.019336,
92.554718, 1.670142, 1.652417, -0.017725,
92.565156, 1.669336, 1.669336, 0.000000,
92.575246, 1.668530, 1.666919, -0.001611,
92.585607, 1.666919, 1.670142, 0.003223,
92.595723, 1.664502, 1.648389, -0.016113,
92.606251, 1.666113, 1.661279, -0.004834,
92.616599, 1.661279, 1.673364, 0.012085,
92.626715, 1.670142, 1.666919, -0.003223,
92.637157, 1.668530, 1.673364, 0.004834,
92.647263, 1.665308, 1.660474, -0.004834,
92.657722, 1.668530, 1.653223, -0.015308,
92.668111, 1.669336, 1.664502, -0.004834,
92.678383, 1.668530, 1.670142, 0.001611,
92.688603, 1.670142, 1.664502, -0.005640,
92.699045, 1.666113, 1.648389, -0.017725,
92.709492, 1.669336, 1.656445, -0.012891,
92.719836, 1.668530, 1.644360, -0.024170,
92.730166, 1.658057, 1.657251, -0.000806,
92.740607, 1.664502, 1.658057, -0.006445,
92.750943, 1.670142, 1.664502, -0.005640,
92.761362, 1.669336, 1.645166, -0.024170,
92.771690, 1.668530, 1.666919, -0.001611,
92.782018, 1.669336, 1.681421, 0.012085,
92.792038, 1.669336, 1.666919, -0.002417,
92.802492, 1.666919, 1.676587, 0.009668,
92.812723, 1.669336, 1.669336, 0.000000,
92.822827, 1.664502, 1.654028, -0.010474,
92.833256, 1.669336, 1.662085, -0.007251,
92.843720, 1.669336, 1.648389, -0.020947,
92.854036, 1.665308, 1.666919, 0.001611,
92.864177, 1.666113, 1.664502, -0.001611,
92.874490, 1.668530, 1.662085, -0.006445,
92.884923, 1.670142, 1.664502, -0.005640,
92.895159, 1.662891, 1.670142, 0.007251,
92.905311, 1.666919, 1.664502, -0.002417,
92.915719, 1.658862, 1.670142, 0.011279,
92.925827, 1.668530, 1.641138, -0.027393,
92.936264, 1.670142, 1.673364, 0.003223,
92.946408, 1.672559, 1.691895, 0.019336,
92.956556, 1.669336, 1.662085, -0.007251,
92.966832, 1.670947, 1.670142, -0.000806,
92.977151, 1.668530, 1.666919, -0.001611,
92.987720, 1.665308, 1.672559, 0.007251,
92.997948, 1.669336, 1.674976, 0.005640,
93.008150, 1.665308, 1.662085, -0.003223,
93.018384, 1.670142, 1.678198, 0.008057,
93.028491, 1.669336, 1.662085, -0.007251,
93.038936, 1.669336, 1.666113, -0.003223,
93.049270, 1.666919, 1.666113, -0.000806,
93.059735, 1.670142, 1.650806, -0.019336,
93.070109, 1.664502, 1.670142, 0.005640,
93.080153, 1.669336, 1.668530, -0.000806,
93.090486, 1.670142, 1.657251, -0.012891,
93.100934, 1.668530, 1.674170, 0.005640,
93.111163, 1.670142, 1.664502, -0.005640,
93.121487, 1.666113, 1.677393, 0.011279,
93.131716, 1.664502, 1.654834, -0.009668,
93.142162, 1.662891, 1.672559, 0.009668,
93.152262, 1.669336, 1.670947, 0.001611,
93.162376, 1.666113, 1.657251, -0.008862,
93.172737, 1.669336, 1.660474, -0.008862,
93.183159, 1.664502, 1.673364, 0.008862,
93.193267, 1.662891, 1.664502, 0.001611,
93.203489, 1.669336, 1.674976, 0.005640,
93.213611, 1.665308, 1.654834, -0.010474,
93.223938, 1.666919, 1.658862, -0.008057,
93.234370, 1.669336, 1.666113, -0.003223,
93.244824, 1.669336, 1.664502, -0.004834,
93.255167, 1.666113, 1.658057, -0.008057,
93.265494, 1.666919, 1.660474, -0.006445,
93.275826, 1.668530, 1.649194, -0.019336,
93.286265, 1.670142, 1.662891, -0.007251,
93.296672, 1.666919, 1.676587, 0.009668,
93.306831, 1.666113, 1.657251, -0.008862,
93.317159, 1.670947, 1.679004, 0.008057,
93.327193, 1.668530, 1.662085, -0.006445,
93.337775, 1.668530, 1.662085, -0.006445,
93.348041, 1.665308, 1.673364, 0.008057,
93.358261, 1.668530, 1.676587, 0.008057,
93.368327, 1.664502, 1.666113, 0.001611,
93.378376, 1.669336, 1.670142, 0.000806,
93.388616, 1.670142, 1.666113, -0.004028,
93.399051, 1.666919, 1.664502, -0.002417,
93.409493, 1.670142, 1.647583, -0.022559,
93.419821, 1.670142, 1.673364, 0.003223,
93.429954, 1.665308, 1.662891, -0.002417,
93.440384, 1.669336, 1.654028, -0.015308,
93.450726, 1.668530, 1.662891, -0.005640,
93.461153, 1.668530, 1.670142, 0.001611,
93.471325, 1.669336, 1.661279, -0.008057,
93.481724, 1.669336, 1.665308, -0.004028,
93.492051, 1.665308, 1.662085, -0.003223,
93.502493, 1.670947, 1.681421, 0.010474,
93.512720, 1.666113, 1.666113, 0.000000,
93.522816, 1.669336, 1.665308, -0.004028,
93.533268, 1.668530, 1.661279, -0.007251,
93.543729, 1.662085, 1.669336, 0.007251,
93.553834, 1.661279, 1.677393, 0.016113,
93.564045, 1.670947, 1.656445, -0.014502,
93.574403, 1.670142, 1.660474, -0.009668,
93.584858, 1.664502, 1.670947, 0.006445,
93.594944, 1.666919, 1.661279, -0.005640,
93.605347, 1.665308, 1.658057, -0.007251,
93.615728, 1.674170, 1.664502, -0.009668,
93.626046, 1.662891, 1.678198, 0.015308,
93.636247, 1.670142, 1.662085, -0.008057,
93.646600, 1.666113, 1.665308, -0.000806,
93.657009, 1.673364, 1.664502, -0.008862,
93.667261, 1.669336, 1.658057, -0.011279,
93.677602, 1.668530, 1.666919, -0.001611,
93.688049, 1.668530, 1.668530, 0.000000,
93.698186, 1.669336, 1.658057, -0.011279,
93.708581, 1.669336, 1.662085, -0.007251,
93.718938, 1.670142, 1.657251, -0.012891,
93.727605, 1.666919, 1.664502, -0.002417,
93.738060, 1.666919, 1.670142, 0.003223,
93.748161, 1.670142, 1.668530, -0.001611,
93.758597, 1.662085, 1.653223, -0.008862,
93.768973, 1.668530, 1.666113, -0.002417,
93.779263, 1.668530, 1.654834, -0.013696,
93.789730, 1.664502, 1.676587, 0.012085,
93.799944, 1.670142, 1.676587, 0.006445,
93.810166, 1.669336, 1.656445, -0.012891,
93.820489, 1.672559, 1.670142, -0.002417,
93.830847, 1.668530, 1.654834, -0.013696,
93.841269, 1.665308, 1.664502, -0.000806,
93.851610, 1.670142, 1.677393, 0.007251,
93.861832, 1.670142, 1.665308, -0.004834,
93.872227, 1.669336, 1.668530, -0.000806,
93.882612, 1.668530, 1.654028, -0.014502,
93.892949, 1.669336, 1.668530, -0.000806,
93.903371, 1.669336, 1.670142, 0.000806,
93.913624, 1.668530, 1.661279, -0.007251,
93.923948, 1.666113, 1.662085, -0.004028,
93.934386, 1.669336, 1.672559, 0.003223,
93.944620, 1.669336, 1.673364, 0.004028,
93.954724, 1.669336, 1.662085, -0.007251,
93.965052, 1.670947, 1.670947, 0.000000,
93.975170, 1.670142, 1.672559, 0.002417,
93.985382, 1.669336, 1.674976, 0.005640,
93.995498, 1.668530, 1.636304, -0.032227,
94.006037, 1.665308, 1.656445, -0.008862,
94.016377, 1.669336, 1.662891, -0.006445,
94.026725, 1.672559, 1.653223, -0.019336,
94.037248, 1.662085, 1.666113, 0.004028,
94.047312, 1.668530, 1.649194, -0.019336,
94.057719, 1.670142, 1.662085, -0.008057,
94.068083, 1.668530, 1.650806, -0.017725,
94.078377, 1.662085, 1.662891, 0.000806,
94.088612, 1.669336, 1.670142, 0.000806,
94.098833, 1.669336, 1.666113, -0.003223,
94.109289, 1.670947, 1.653223, -0.017725,
94.119615, 1.670142, 1.654834, -0.015308,
94.129956, 1.666919, 1.660474, -0.006445,
94.140388, 1.670142, 1.648389, -0.021753,
94.150728, 1.668530, 1.658862, -0.009668,
94.161173, 1.672559, 1.661279, -0.011279,
94.171570, 1.668530, 1.683032, 0.014502,
94.181797, 1.669336, 1.653223, -0.016113,
94.192060, 1.670142, 1.666919, -0.003223,
94.202502, 1.669336, 1.668530, -0.000806,
94.212945, 1.670142, 1.662891, -0.007251,
94.223263, 1.670947, 1.673364, 0.002417,
94.233498, 1.670947, 1.662085, -0.008862,
94.243945, 1.669336, 1.670142, 0.000806,
94.254054, 1.670142, 1.678198, 0.008057,
94.264267, 1.666113, 1.664502, -0.001611,
94.274608, 1.670947, 1.645972, -0.024976,
94.285052, 1.666919, 1.669336, 0.002417,
94.295167, 1.662085, 1.658057, -0.004028,
94.305704, 1.670142, 1.685449, 0.015308,
94.315840, 1.668530, 1.657251, -0.011279,
94.326176, 1.665308, 1.662085, -0.003223,
94.336744, 1.666113, 1.677393, 0.011279,
94.346842, 1.670142, 1.662085, -0.008057,
94.357242, 1.670142, 1.640332, -0.029810,
94.367498, 1.670947, 1.664502, -0.006445,
94.377842, 1.669336, 1.672559, 0.003223,
94.388050, 1.665308, 1.666113, 0.000806,
94.398253, 1.670142, 1.660474, -0.009668,
94.408728, 1.668530, 1.662891, -0.005640,
94.419057, 1.664502, 1.673364, 0.008862,
94.429167, 1.668530, 1.674170, 0.005640,
94.439387, 1.666919, 1.665308, -0.001611,
94.449727, 1.664502, 1.649194, -0.015308,
94.460160, 1.668530, 1.657251, -0.011279,
94.470505, 1.669336, 1.664502, -0.004834,
94.480925, 1.670142, 1.658057, -0.012085,
94.491228, 1.669336, 1.662085, -0.007251,
94.501645, 1.664502, 1.665308, 0.000806,
94.511831, 1.668530, 1.669336, 0.000806,
94.521954, 1.668530, 1.665308, -0.003223,
94.532377, 1.662891, 1.654834, -0.008057,
94.542830, 1.668530, 1.654834, -0.013696,
94.553165, 1.670142, 1.662085, -0.008057,
94.563496, 1.666919, 1.691895, 0.024976,
94.573633, 1.670142, 1.648389, -0.021753,
94.584042, 1.669336, 1.648389, -0.020947,
94.594389, 1.665308, 1.665308, 0.000000,
94.604504, 1.668530, 1.668530, 0.000000,
94.614622, 1.668530, 1.668530, 0.000000,
94.624722, 1.666113, 1.666113, 0.000000,
94.634938, 1.665308, 1.668530, 0.003223,
94.645045, 1.668530, 1.668530, 0.000000,
94.655061, 1.666919, 1.660474, -0.006445,
94.665382, 1.668530, 1.674170, 0.005640,
94.675497, 1.670142, 1.650000, -0.020142,
94.685951, 1.662085, 1.665308, 0.003223,
94.696062, 1.670142, 1.670142, 0.000000,
94.706251, 1.666919, 1.650000, -0.016919,
94.716604, 1.666919, 1.677393, 0.010474,
94.726621, 1.666919, 1.649194, -0.017725,
94.737149, 1.670142, 1.670142, 0.000000,
94.747163, 1.668530, 1.662085, -0.006445,
94.757626, 1.666113, 1.658862, -0.007251,
94.767984, 1.661279, 1.658862, -0.002417,
94.778272, 1.670142, 1.666919, -0.003223,
94.788617, 1.673364, 1.673364, 0.000000,
94.798833, 1.669336, 1.674976, 0.005640,
94.809047, 1.666113, 1.650000, -0.016113,
94.819383, 1.669336, 1.669336, 0.000000,
94.829499, 1.670142, 1.669336, -0.000806,
94.839949, 1.668530, 1.670142, 0.001611,
94.850051, 1.668530, 1.662085, -0.006445,
94.860497, 1.670142, 1.664502, -0.005640,
94.870856, 1.665308, 1.683838, 0.018530,
94.881041, 1.662891, 1.666113, 0.003223,
94.891059, 1.664502, 1.656445, -0.008057,
94.901499, 1.662085, 1.674976, 0.012891,
94.911725, 1.670947, 1.650000, -0.020947,
94.922064, 1.664502, 1.683838, 0.019336,
94.932246, 1.670142, 1.662891, -0.007251,
94.942622, 1.666919, 1.672559, 0.005640,
94.952732, 1.665308, 1.670142, 0.004834,
94.962955, 1.668530, 1.674976, 0.006445,
94.973064, 1.664502, 1.658862, -0.005640,
94.983498, 1.666919, 1.666113, -0.000806,
94.993839, 1.668530, 1.673364, 0.004834,
95.004060, 1.666919, 1.662891, -0.004028,
95.014502, 1.666919, 1.664502, -0.002417,
95.024831, 1.668530, 1.650000, -0.018530,
95.035268, 1.670947, 1.666113, -0.004834,
95.045607, 1.672559, 1.654834, -0.017725,
95.056035, 1.666113, 1.670142, 0.004028,
95.066176, 1.668530, 1.643555, -0.024976,
95.076503, 1.668530, 1.662085, -0.006445,
95.086861, 1.662891, 1.662085, -0.000806,
95.097333, 1.670142, 1.654834, -0.015308,
95.107723, 1.668530, 1.654028, -0.014502,
95.118054, 1.670142, 1.666113, -0.004028,
95.128392, 1.666919, 1.666919, 0.000000,
95.138621, 1.668530, 1.677393, 0.008862,
95.148739, 1.672559, 1.660474, -0.012085,
95.159183, 1.662085, 1.662085, 0.000000,
95.169223, 1.662891, 1.662891, 0.000000,
95.179274, 1.666919, 1.635498, -0.031421,
95.189733, 1.669336, 1.652417, -0.016919,
95.200179, 1.668530, 1.662085, -0.006445,
95.210613, 1.668530, 1.656445, -0.012085,
95.220953, 1.666919, 1.679004, 0.012085,
95.231134, 1.666113, 1.666919, 0.000806,
95.241274, 1.666113, 1.656445, -0.009668,
95.251615, 1.666113, 1.668530, 0.002417,
95.261844, 1.668530, 1.661279, -0.007251,
95.272201, 1.661279, 1.666113, 0.004834,
95.282386, 1.670142, 1.657251, -0.012891,
95.292731, 1.669336, 1.665308, -0.004028,
95.303172, 1.669336, 1.658862, -0.010474,
95.313614, 1.669336, 1.662085, -0.007251,
95.323954, 1.666919, 1.664502, -0.002417,
95.334390, 1.668530, 1.664502, -0.004028,
95.344840, 1.666113, 1.657251, -0.008862,
95.355202, 1.670142, 1.629858, -0.040283,
95.365504, 1.670142, 1.670142, 0.000000,
95.375624, 1.668530, 1.661279, -0.007251,
95.386059, 1.668530, 1.682227, 0.013696,
95.396179, 1.658862, 1.650000, -0.008862,
95.406579, 1.669336, 1.662085, -0.007251,
95.416835, 1.668530, 1.674170, 0.005640,
95.426956, 1.664502, 1.673364, 0.008862,
95.437246, 1.665308, 1.660474, -0.004834,
95.447521, 1.664502, 1.654834, -0.009668,
95.457950, 1.665308, 1.662085, -0.003223,
95.468311, 1.666919, 1.676587, 0.009668,
95.478389, 1.668530, 1.650000, -0.018530,
95.488843, 1.666919, 1.683838, 0.016919,
95.499052, 1.666919, 1.664502, -0.002417,
95.509507, 1.668530, 1.641138, -0.027393,
95.519844, 1.665308, 1.666919, 0.001611,
95.529950, 1.669336, 1.670947, 0.001611,
95.540176, 1.662891, 1.670142, 0.007251,
95.550296, 1.666113, 1.664502, -0.001611,
95.560738, 1.670142, 1.652417, -0.017725,
95.571083, 1.665308, 1.665308, 0.000000,
95.581259, 1.670947, 1.672559, 0.001611,
95.591391, 1.668530, 1.658862, -0.009668,
95.602181, 1.668530, 1.668530, 0.000000,
95.612377, 1.670142, 1.650000, -0.020142,
95.622738, 1.665308, 1.652417, -0.012891,
95.633170, 1.669336, 1.664502, -0.004834,
95.643614, 1.665308, 1.656445, -0.008862,
95.653957, 1.670142, 1.676587, 0.006445,
95.664062, 1.669336, 1.641943, -0.027393,
95.674415, 1.673364, 1.662085, -0.011279,
95.684832, 1.670142, 1.666113, -0.004028,
95.695182, 1.668530, 1.672559, 0.004028,
95.705388, 1.668530, 1.654834, -0.013696,
95.715732, 1.662891, 1.654834, -0.008057,
95.726057, 1.670142, 1.657251, -0.012891,
95.736505, 1.669336, 1.669336, 0.000000,
95.746641, 1.665308, 1.668530, 0.003223,
95.756816, 1.664502, 1.676587, 0.012085,
95.766957, 1.665308, 1.670142, 0.004834,
95.777053, 1.666113, 1.662085, -0.004028,
95.787392, 1.668530, 1.672559, 0.004028,
95.797614, 1.669336, 1.650000, -0.019336,
95.808055, 1.670142, 1.654028, -0.016113,
95.818391, 1.670142, 1.674170, 0.004028,
95.828505, 1.669336, 1.662085, -0.007251,
95.838950, 1.662891, 1.670947, 0.008057,
95.849046, 1.666919, 1.662085, -0.004834,
95.859393, 1.668530, 1.677393, 0.008862,
95.869559, 1.665308, 1.674976, 0.009668,
95.879640, 1.666919, 1.668530, 0.001611,
95.889833, 1.660474, 1.657251, -0.003223,
95.900279, 1.672559, 1.660474, -0.012085,
95.910750, 1.670142, 1.672559, 0.002417,
95.920837, 1.669336, 1.670947, 0.001611,
95.931046, 1.668530, 1.661279, -0.007251,
95.941517, 1.666919, 1.662085, -0.004834,
95.951833, 1.665308, 1.660474, -0.004834,
95.962284, 1.668530, 1.657251, -0.011279,
95.972626, 1.670142, 1.674170, 0.004028,
95.982840, 1.670947, 1.658862, -0.012085,
95.993174, 1.662085, 1.653223, -0.008862,
96.003616, 1.666919, 1.677393, 0.010474,
96.013850, 1.665308, 1.643555, -0.021753,
96.024176, 1.670142, 1.658862, -0.011279,
96.034618, 1.668530, 1.666113, -0.002417,
96.045063, 1.666919, 1.670947, 0.004028,
96.055176, 1.662891, 1.647583, -0.015308,
96.065503, 1.664502, 1.662085, -0.002417,
96.075855, 1.665308, 1.654028, -0.011279,
96.086275, 1.672559, 1.666919, -0.005640,
96.096625, 1.662085, 1.633081, -0.029004,
96.107170, 1.666113, 1.668530, 0.002417,
96.117270, 1.669336, 1.660474, -0.008862,
96.127503, 1.668530, 1.658057, -0.010474,
96.137948, 1.666113, 1.668530, 0.002417,
96.148050, 1.666919, 1.661279, -0.005640,
96.158503, 1.669336, 1.658057, -0.011279,
96.168885, 1.666113, 1.682227, 0.016113,
96.178951, 1.669336, 1.662085, -0.007251,
96.189278, 1.669336, 1.662085, -0.007251,
96.199622, 1.664502, 1.658862, -0.005640,
96.210049, 1.670142, 1.650806, -0.019336,
96.220293, 1.666113, 1.682227, 0.016113,
96.230396, 1.669336, 1.657251, -0.012085,
96.240845, 1.668530, 1.633887, -0.034644,
96.251176, 1.670142, 1.664502, -0.005640,
96.261623, 1.666919, 1.658057, -0.008862,
96.272015, 1.674170, 1.641943, -0.032227,
96.282388, 1.668530, 1.670142, 0.001611,
96.292505, 1.666113, 1.647583, -0.018530,
96.302958, 1.666113, 1.662891, -0.003223,
96.313389, 1.670142, 1.653223, -0.016919,
96.323735, 1.670142, 1.673364, 0.003223,
96.333955, 1.668530, 1.665308, -0.003223,
96.344492, 1.673364, 1.661279, -0.012085,
96.354843, 1.668530, 1.662085, -0.006445,
96.365278, 1.666919, 1.674170, 0.007251,
96.375387, 1.669336, 1.666113, -0.003223,
96.385798, 1.669336, 1.662085, -0.007251,
96.396062, 1.664502, 1.654834, -0.009668,
96.406595, 1.670142, 1.666919, -0.003223,
96.416958, 1.666113, 1.665308, -0.000806,
96.427277, 1.662085, 1.656445, -0.005640,
96.437740, 1.666113, 1.662891, -0.003223,
96.448062, 1.662891, 1.654028, -0.008862,
96.458506, 1.666919, 1.658057, -0.008862,
96.468925, 1.670142, 1.670142, 0.000000,
96.478955, 1.670142, 1.669336, -0.000806,
96.489282, 1.666113, 1.679810, 0.013696,
96.499502, 1.666113, 1.665308, -0.000806,
96.509942, 1.665308, 1.658862, -0.006445,
96.520218, 1.666919, 1.670142, 0.003223,
96.530287, 1.664502, 1.658862, -0.005640,
96.540837, 1.669336, 1.668530, -0.000806,
96.551174, 1.668530, 1.664502, -0.004028,
96.561617, 1.670142, 1.654028, -0.016113,
96.571973, 1.662891, 1.644360, -0.018530,
96.582389, 1.668530, 1.654834, -0.013696,
96.592740, 1.664502, 1.654834, -0.009668,
96.603164, 1.670947, 1.677393, 0.006445,
96.613392, 1.668530, 1.654028, -0.014502,
96.623737, 1.669336, 1.666113, -0.003223,
96.634176, 1.665308, 1.649194, -0.016113,
96.644622, 1.666113, 1.662085, -0.004028,
96.654952, 1.664502, 1.658862, -0.005640,
96.665343, 1.665308, 1.673364, 0.008057,
96.675414, 1.669336, 1.665308, -0.004028,
96.685838, 1.669336, 1.670947, 0.001611,
96.695954, 1.666919, 1.664502, -0.002417,
96.706372, 1.666113, 1.670142, 0.004028,
96.716504, 1.666113, 1.666113, 0.000000,
96.726524, 1.674170, 1.650000, -0.024170,
96.737046, 1.664502, 1.674976, 0.010474,
96.747173, 1.666113, 1.664502, -0.001611,
96.757520, 1.666919, 1.658862, -0.008057,
96.767872, 1.670142, 1.662085, -0.008057,
96.778178, 1.669336, 1.658862, -0.010474,
96.788632, 1.666113, 1.662085, -0.004028,
96.799067, 1.666919, 1.650000, -0.016919,
96.809504, 1.664502, 1.664502, 0.000000,
96.819509, 1.665308, 1.666919, 0.001611,
96.829621, 1.666919, 1.662891, -0.004028,
96.840064, 1.666113, 1.656445, -0.009668,
96.850395, 1.670142, 1.658057, -0.012085,
96.860857, 1.662891, 1.673364, 0.010474,
96.870983, 1.670142, 1.665308, -0.004834,
96.881368, 1.668530, 1.662085, -0.006445,
96.891620, 1.669336, 1.661279, -0.008057,
96.902051, 1.664502, 1.656445, -0.008057,
96.912508, 1.670142, 1.661279, -0.008862,
96.922844, 1.668530, 1.670142, 0.001611,
96.933060, 1.670142, 1.690283, 0.020142,
96.943253, 1.669336, 1.657251, -0.012085,
96.953506, 1.669336, 1.681421, 0.012085,
96.963628, 1.668530, 1.678198, 0.009668,
96.973738, 1.669336, 1.661279, -0.008057,
96.984186, 1.666919, 1.656445, -0.010474,
96.994507, 1.662085, 1.654834, -0.007251,
97.004961, 1.668530, 1.654834, -0.013696,
97.015285, 1.670947, 1.665308, -0.005640,
97.025561, 1.666919, 1.633081, -0.033838,
97.035953, 1.670947, 1.678198, 0.007251,
97.046059, 1.669336, 1.670142, 0.000806,
97.056269, 1.665308, 1.677393, 0.012085,
97.066392, 1.666919, 1.662085, -0.004834,
97.076740, 1.668530, 1.666919, -0.001611,
97.087179, 1.662891, 1.666919, 0.004028,
97.097299, 1.669336, 1.664502, -0.004834,
97.107835, 1.666919, 1.656445, -0.010474,
97.118173, 1.666113, 1.679810, 0.013696,
97.128282, 1.664502, 1.664502, 0.000000,
97.138504, 1.669336, 1.665308, -0.004028,
97.148754, 1.668530, 1.665308, -0.003223,
97.159183, 1.664502, 1.658862, -0.005640,
97.169544, 1.669336, 1.677393, 0.008057,
97.179623, 1.668530, 1.670142, 0.001611,
97.189754, 1.670142, 1.662085, -0.008057,
97.200176, 1.669336, 1.637915, -0.031421,
97.210621, 1.665308, 1.662085, -0.003223,
97.220961, 1.673364, 1.670142, -0.003223,
97.231357, 1.668530, 1.661279, -0.007251,
97.241743, 1.666919, 1.654834, -0.012085,
97.252062, 1.668530, 1.664502, -0.004028,
97.262508, 1.666919, 1.677393, 0.010474,
97.272623, 1.670142, 1.669336, -0.000806,
97.283058, 1.668530, 1.664502, -0.004028,
97.293288, 1.665308, 1.670142, 0.004834,
97.303501, 1.669336, 1.677393, 0.008057,
97.313627, 1.665308, 1.662891, -0.002417,
97.323956, 1.662891, 1.664502, 0.001611,
97.334183, 1.668530, 1.664502, -0.004028,
97.344618, 1.666919, 1.657251, -0.009668,
97.354961, 1.670142, 1.693506, 0.023364,
97.365064, 1.670947, 1.665308, -0.005640,
97.375396, 1.662891, 1.656445, -0.006445,
97.385873, 1.668530, 1.670142, 0.001611,
97.395959, 1.669336, 1.662891, -0.006445,
97.406509, 1.666919, 1.670142, 0.003223,
97.416630, 1.669336, 1.670142, 0.000806,
97.426746, 1.662085, 1.640332, -0.021753,
97.437262, 1.669336, 1.689478, 0.020142,
97.447388, 1.665308, 1.658862, -0.006445,
97.457839, 1.668530, 1.654834, -0.013696,
97.468227, 1.665308, 1.658057, -0.007251,
97.478510, 1.670142, 1.660474, -0.009668,
97.488852, 1.668530, 1.677393, 0.008862,
97.499058, 1.668530, 1.666919, -0.001611,
97.509512, 1.668530, 1.661279, -0.007251,
97.519849, 1.666919, 1.673364, 0.006445,
97.529957, 1.666919, 1.664502, -0.002417,
97.540402, 1.670142, 1.662085, -0.008057,
97.550744, 1.670142, 1.666113, -0.004028,
97.561178, 1.670142, 1.662085, -0.008057,
97.571508, 1.668530, 1.637109, -0.031421,
97.581963, 1.661279, 1.658862, -0.002417,
97.592282, 1.669336, 1.662891, -0.006445,
97.602748, 1.670142, 1.672559, 0.002417,
97.612965, 1.662085, 1.661279, -0.000806,
97.623288, 1.666919, 1.658057, -0.008862,
97.633714, 1.669336, 1.658057, -0.011279,
97.644064, 1.662085, 1.654028, -0.008057,
97.654406, 1.670142, 1.658057, -0.012085,
97.664843, 1.670142, 1.637109, -0.033032,
97.675178, 1.666919, 1.662085, -0.004834,
97.685618, 1.670142, 1.650000, -0.020142,
97.695972, 1.668530, 1.678198, 0.009668,
97.706271, 1.669336, 1.670142, 0.000806,
97.716401, 1.670142, 1.658862, -0.011279,
97.726745, 1.669336, 1.657251, -0.012085,
97.737263, 1.664502, 1.677393, 0.012891,
97.747392, 1.668530, 1.653223, -0.015308,
97.757841, 1.668530, 1.668530, 0.000000,
97.767890, 1.666113, 1.656445, -0.009668,
97.778212, 1.670142, 1.662085, -0.008057,
97.788624, 1.662891, 1.676587, 0.013696,
97.798855, 1.661279, 1.673364, 0.012085,
97.809062, 1.670142, 1.644360, -0.025781,
97.819383, 1.665308, 1.673364, 0.008057,
97.829396, 1.669336, 1.632275, -0.037061,
97.839846, 1.668530, 1.656445, -0.012085,
97.850179, 1.670142, 1.662085, -0.008057,
97.860564, 1.669336, 1.654834, -0.014502,
97.870956, 1.669336, 1.677393, 0.008057,
97.881056, 1.674170, 1.650806, -0.023364,
97.891290, 1.670142, 1.662891, -0.007251,
97.901740, 1.668530, 1.662085, -0.006445,
97.912179, 1.664502, 1.654834, -0.009668,
97.922507, 1.665308, 1.677393, 0.012085,
97.932735, 1.666919, 1.669336, 0.002417,
97.942946, 1.668530, 1.661279, -0.007251,
97.953195, 1.666919, 1.645166, -0.021753,
97.963622, 1.666113, 1.672559, 0.006445,
97.973750, 1.666113, 1.661279, -0.004834,
97.984177, 1.668530, 1.670142, 0.001611,
97.994284, 1.672559, 1.649194, -0.023364,
98.004742, 1.668530, 1.664502, -0.004028,
98.015173, 1.670142, 1.654834, -0.015308,
98.025498, 1.668530, 1.662085, -0.006445,
98.035855, 1.669336, 1.697534, 0.028198,
98.046063, 1.670947, 1.669336, -0.001611,
98.056507, 1.670142, 1.661279, -0.008862,
98.066775, 1.665308, 1.670947, 0.005640,
98.076848, 1.666919, 1.670947, 0.004028,
98.087066, 1.668530, 1.677393, 0.008862,
98.097179, 1.670142, 1.645972, -0.024170,
98.107633, 1.668530, 1.662085, -0.006445,
98.117963, 1.668530, 1.662085, -0.006445,
98.128277, 1.662085, 1.654834, -0.007251,
98.138736, 1.670142, 1.669336, -0.000806,
98.149064, 1.668530, 1.650806, -0.017725,
98.159467, 1.668530, 1.648389, -0.020142,
98.169777, 1.668530, 1.664502, -0.004028,
98.180072, 1.664502, 1.689478, 0.024976,
98.190177, 1.669336, 1.662891, -0.006445,
98.200515, 1.666113, 1.666113, 0.000000,
98.210621, 1.670142, 1.666113, -0.004028,
98.220964, 1.668530, 1.672559, 0.004028,
98.231162, 1.669336, 1.662085, -0.007251,
98.241510, 1.668530, 1.633081, -0.035449,
98.251848, 1.664502, 1.666113, 0.001611,
98.262079, 1.662891, 1.665308, 0.002417,
98.272184, 1.669336, 1.657251, -0.012085,
98.282629, 1.673364, 1.648389, -0.024976,
98.292965, 1.670142, 1.670142, 0.000000,
98.303101, 1.670947, 1.678198, 0.007251,
98.313275, 1.668530, 1.662891, -0.005640,
98.323520, 1.668530, 1.670142, 0.001611,
98.333743, 1.666113, 1.665308, -0.000806,
98.344251, 1.668530, 1.654834, -0.013696,
98.354515, 1.666919, 1.657251, -0.009668,
98.364970, 1.668530, 1.660474, -0.008057,
98.375393, 1.666919, 1.661279, -0.005640,
98.385846, 1.668530, 1.672559, 0.004028,
98.395964, 1.661279, 1.665308, 0.004028,
98.406158, 1.669336, 1.660474, -0.008862,
98.416477, 1.669336, 1.658862, -0.010474,
98.426749, 1.669336, 1.662085, -0.007251,
98.437275, 1.672559, 1.676587, 0.004028,
98.447288, 1.670142, 1.637915, -0.032227,
98.457736, 1.670142, 1.658057, -0.012085,
98.468111, 1.668530, 1.662891, -0.005640,
98.478400, 1.670142, 1.649194, -0.020947,
98.488852, 1.666113, 1.668530, 0.002417,
98.499083, 1.665308, 1.670142, 0.004834,
98.509278, 1.669336, 1.669336, 0.000000,
98.519295, 1.662085, 1.674976, 0.012891,
98.529400, 1.670947, 1.625024, -0.045923,
98.539843, 1.668530, 1.668530, 0.000000,
98.549968, 1.669336, 1.633887, -0.035449,
98.560394, 1.669336, 1.664502, -0.004834,
98.570838, 1.668530, 1.681421, 0.012891,
98.581052, 1.664502, 1.658862, -0.005640,
98.591290, 1.664502, 1.654028, -0.010474,
98.601743, 1.669336, 1.658862, -0.010474,
98.612176, 1.666113, 1.650806, -0.015308,
98.622514, 1.666113, 1.662085, -0.004028,
98.632959, 1.666113, 1.657251, -0.008862,
98.643340, 1.662085, 1.656445, -0.005640,
98.653626, 1.670142, 1.670142, 0.000000,
98.663753, 1.670142, 1.664502, -0.005640,
98.674069, 1.668530, 1.658057, -0.010474,
98.684516, 1.669336, 1.670142, 0.000806,
98.694629, 1.670142, 1.650000, -0.020142,
98.705068, 1.669336, 1.666113, -0.003223,
98.715400, 1.670142, 1.665308, -0.004834,
98.725750, 1.672559, 1.661279, -0.011279,
98.736180, 1.670142, 1.654834, -0.015308,
98.746517, 1.674170, 1.633081, -0.041089,
98.756968, 1.669336, 1.654028, -0.015308,
98.767285, 1.658862, 1.669336, 0.010474,
98.777402, 1.670142, 1.654834, -0.015308,
98.787809, 1.666113, 1.691895, 0.025781,
98.797932, 1.668530, 1.658862, -0.009668,
98.808396, 1.668530, 1.654834, -0.013696,
98.818746, 1.669336, 1.677393, 0.008057,
98.828856, 1.666919, 1.685449, 0.018530,
98.839175, 1.665308, 1.658057, -0.007251,
98.849515, 1.669336, 1.657251, -0.012085,
98.859955, 1.666919, 1.662085, -0.004834,
98.870278, 1.670142, 1.674170, 0.004028,
98.880394, 1.670142, 1.654834, -0.015308,
98.890747, 1.668530, 1.656445, -0.012085,
98.901176, 1.668530, 1.660474, -0.008057,
98.911628, 1.673364, 1.662085, -0.011279,
98.921969, 1.670142, 1.666113, -0.004028,
98.932399, 1.666113, 1.679004, 0.012891,
98.942625, 1.669336, 1.661279, -0.008057,
98.952968, 1.665308, 1.666113, 0.000806,
98.963183, 1.665308, 1.670947, 0.005640,
98.973282, 1.668530, 1.662085, -0.006445,
98.983628, 1.662085, 1.664502, 0.002417,
98.993747, 1.670947, 1.654028, -0.016919,
99.004185, 1.669336, 1.670947, 0.001611,
99.014391, 1.670142, 1.658862, -0.011279,
99.024646, 1.664502, 1.665308, 0.000806,
99.034856, 1.664502, 1.666113, 0.001611,
99.045068, 1.668530, 1.658862, -0.009668,
99.055401, 1.669336, 1.670142, 0.000806,
99.065513, 1.668530, 1.657251, -0.011279,
99.075874, 1.660474, 1.656445, -0.004028,
99.086292, 1.670142, 1.668530, -0.001611,
99.096624, 1.668530, 1.658057, -0.010474,
99.107155, 1.664502, 1.672559, 0.008057,
99.117294, 1.669336, 1.666919, -0.002417,
99.127657, 1.669336, 1.654834, -0.014502,
99.138179, 1.661279, 1.679810, 0.018530,
99.148295, 1.670142, 1.654834, -0.015308,
99.158746, 1.668530, 1.666113, -0.002417,
99.169126, 1.665308, 1.674170, 0.008862,
99.179190, 1.668530, 1.654028, -0.014502,
99.189532, 1.662085, 1.664502, 0.002417,
99.199751, 1.664502, 1.678198, 0.013696,
99.209965, 1.662085, 1.658862, -0.003223,
99.220303, 1.669336, 1.662891, -0.006445,
99.230708, 1.670142, 1.656445, -0.013696,
99.241070, 1.668530, 1.654028, -0.014502,
99.251412, 1.670142, 1.660474, -0.009668,
99.261885, 1.668530, 1.673364, 0.004834,
99.272007, 1.669336, 1.668530, -0.000806,
99.282399, 1.666919, 1.661279, -0.005640,
99.292747, 1.669336, 1.658057, -0.011279,
99.303180, 1.664502, 1.657251, -0.007251,
99.313630, 1.669336, 1.674170, 0.004834,
99.323750, 1.669336, 1.664502, -0.004834,
99.334192, 1.666919, 1.665308, -0.001611,
99.344633, 1.662085, 1.654834, -0.007251,
99.354967, 1.670142, 1.672559, 0.002417,
99.365072, 1.666113, 1.670947, 0.004834,
99.375192, 1.666113, 1.662085, -0.004028,
99.385625, 1.665308, 1.650806, -0.014502,
99.395975, 1.670142, 1.654834, -0.015308,
99.406520, 1.670142, 1.665308, -0.004834,
99.416870, 1.670142, 1.660474, -0.009668,
99.427183, 1.668530, 1.664502, -0.004028,
99.437747, 1.666919, 1.679810, 0.012891,
99.447855, 1.666113, 1.662085, -0.004028,
99.458293, 1.669336, 1.674170, 0.004834,
99.468338, 1.668530, 1.662891, -0.005640,
99.478636, 1.669336, 1.666113, -0.003223,
99.489067, 1.669336, 1.657251, -0.012085,
99.499515, 1.662085, 1.673364, 0.011279,
99.509760, 1.666919, 1.657251, -0.009668,
99.520074, 1.666113, 1.683838, 0.017725,
99.530178, 1.666113, 1.669336, 0.003223,
99.540404, 1.670142, 1.683838, 0.013696,
99.550524, 1.665308, 1.664502, -0.000806,
99.560974, 1.662085, 1.641943, -0.020142,
99.571347, 1.668530, 1.669336, 0.000806,
99.581520, 1.670142, 1.662085, -0.008057,
99.591859, 1.666919, 1.670947, 0.004028,
99.602070, 1.662891, 1.654028, -0.008862,
99.612520, 1.668530, 1.665308, -0.003223,
99.622862, 1.669336, 1.665308, -0.004028,
99.633294, 1.670142, 1.674976, 0.004834,
99.643402, 1.664502, 1.676587, 0.012085,
99.653524, 1.664502, 1.662085, -0.002417,
99.663854, 1.668530, 1.640332, -0.028198,
99.674186, 1.670142, 1.664502, -0.005640,
99.684632, 1.666113, 1.666113, 0.000000,
99.694759, 1.669336, 1.658057, -0.011279,
99.705186, 1.666919, 1.665308, -0.001611,
99.715520, 1.668530, 1.662085, -0.006445,
99.725852, 1.668530, 1.658862, -0.009668,
99.736287, 1.670947, 1.668530, -0.002417,
99.746648, 1.661279, 1.670142, 0.008862,
99.756824, 1.670947, 1.678198, 0.007251,
99.766972, 1.662085, 1.643555, -0.018530,
99.777289, 1.665308, 1.650000, -0.015308,
99.787646, 1.669336, 1.666919, -0.002417,
99.798049, 1.668530, 1.654834, -0.013696,
99.808517, 1.668530, 1.657251, -0.011279,
99.818854, 1.670142, 1.664502, -0.005640,
99.829190, 1.666919, 1.658862, -0.008057,
99.839630, 1.662085, 1.657251, -0.004834,
99.849977, 1.660474, 1.669336, 0.008862,
99.860183, 1.670142, 1.657251, -0.012891,
99.870551, 1.665308, 1.669336, 0.004028,
99.880706, 1.670142, 1.670142, 0.000000,
99.890752, 1.673364, 1.670947, -0.002417,
99.901187, 1.666113, 1.662085, -0.004028,
99.911639, 1.670142, 1.668530, -0.001611,
99.921972, 1.670142, 1.656445, -0.013696,
99.932410, 1.668530, 1.647583, -0.020947,
99.942875, 1.669336, 1.662085, -0.007251,
99.953189, 1.668530, 1.673364, 0.004834,
99.963401, 1.662085, 1.662085, 0.000000,
99.973443, 1.666113, 1.657251, -0.008862,
99.983844, 1.666919, 1.650000, -0.016919,
99.994189, 1.666113, 1.664502, -0.001611,
100.004626, 1.666919, 1.664502, -0.002417,
100.015299, 1.668530, 1.674170, 0.005640,
100.025629, 1.670142, 1.640332, -0.029810,
100.036234, 1.669336, 1.668530, -0.000806,
100.046852, 1.666919, 1.657251, -0.009668,
100.057512, 1.668530, 1.654028, -0.014502,
100.068106, 1.666919, 1.664502, -0.002417,
100.078643, 1.662085, 1.670947, 0.008862,
100.089067, 1.668530, 1.670142, 0.001611,
100.099506, 1.660474, 1.665308, 0.004834,
100.109963, 1.666919, 1.669336, 0.002417,
100.120189, 1.666919, 1.645972, -0.020947,
100.130834, 1.666919, 1.650806, -0.016113,
100.141523, 1.670142, 1.664502, -0.005640,
100.152076, 1.665308, 1.664502, -0.000806,
100.162636, 1.668530, 1.665308, -0.003223,
100.173194, 1.662085, 1.670142, 0.008057,
100.183626, 1.666113, 1.654834, -0.011279,
100.194199, 1.665308, 1.666919, 0.001611,
100.204650, 1.662891, 1.670142, 0.007251,
100.215080, 1.665308, 1.668530, 0.003223,
100.225401, 1.665308, 1.654028, -0.011279,
100.236014, 1.670947, 1.665308, -0.005640,
100.246519, 1.668530, 1.657251, -0.011279,
100.257191, 1.668530, 1.668530, 0.000000,
100.267520, 1.670947, 1.677393, 0.006445,
100.277854, 1.670142, 1.648389, -0.021753,
100.288523, 1.670947, 1.674170, 0.003223,
100.298969, 1.670142, 1.645166, -0.024976,
100.309636, 1.668530, 1.652417, -0.016113,
100.320189, 1.665308, 1.674976, 0.009668,
100.330523, 1.665308, 1.650000, -0.015308,
100.341267, 1.669336, 1.662085, -0.007251,
100.351760, 1.662085, 1.670947, 0.008862,
100.362193, 1.666919, 1.653223, -0.013696,
100.372755, 1.666919, 1.670947, 0.004028,
100.383187, 1.665308, 1.666919, 0.001611,
100.393525, 1.668530, 1.654834, -0.013696,
100.404186, 1.669336, 1.670947, 0.001611,
100.414632, 1.672559, 1.653223, -0.019336,
100.425190, 1.669336, 1.665308, -0.004028,
100.435821, 1.669336, 1.662891, -0.006445,
100.446406, 1.670947, 1.657251, -0.013696,
100.457061, 1.664502, 1.674976, 0.010474,
100.467415, 1.668530, 1.661279, -0.007251,
100.477970, 1.666919, 1.674170, 0.007251,
100.488411, 1.674170, 1.660474, -0.013696,
100.499068, 1.666919, 1.662085, -0.004834,
100.509750, 1.668530, 1.677393, 0.008862,
100.520093, 1.670142, 1.662085, -0.008057,
100.530738, 1.666113, 1.673364, 0.007251,
100.541181, 1.662085, 1.662085, 0.000000,
100.551513, 1.668530, 1.662085, -0.006445,
100.562076, 1.668530, 1.674976, 0.006445,
100.572432, 1.668530, 1.662085, -0.006445,
100.583094, 1.668530, 1.660474, -0.008057,
100.593636, 1.670142, 1.665308, -0.004834,
100.604291, 1.666113, 1.678198, 0.012085,
100.614747, 1.664502, 1.660474, -0.004028,
100.625295, 1.662085, 1.665308, 0.003223,
100.635753, 1.666113, 1.653223, -0.012891,
100.646418, 1.673364, 1.672559, -0.000806,
100.657049, 1.664502, 1.658057, -0.006445,
100.667640, 1.670142, 1.664502, -0.005640,
100.678192, 1.668530, 1.657251, -0.011279,
100.688864, 1.670947, 1.683032, 0.012085,
100.699290, 1.666919, 1.658862, -0.008057,
100.709979, 1.670142, 1.650806, -0.019336,
100.720522, 1.665308, 1.662085, -0.003223,
100.731170, 1.666919, 1.654834, -0.012085,
100.741762, 1.669336, 1.664502, -0.004834,
100.752298, 1.666919, 1.658862, -0.008057,
100.762859, 1.669336, 1.670142, 0.000806,
100.773201, 1.668530, 1.670142, 0.001611,
100.783629, 1.669336, 1.677393, 0.008057,
100.793992, 1.670142, 1.664502, -0.005640,
100.804634, 1.664502, 1.670947, 0.006445,
100.814991, 1.669336, 1.670947, 0.001611,
100.825295, 1.668530, 1.657251, -0.011279,
100.835973, 1.669336, 1.658057, -0.011279,
100.846522, 1.670947, 1.658057, -0.012891,
100.857192, 1.670142, 1.652417, -0.017725,
100.867793, 1.668530, 1.665308, -0.003223,
100.878298, 1.669336, 1.657251, -0.012085,
100.888971, 1.670142, 1.670947, 0.000806,
100.899408, 1.669336, 1.665308, -0.004028,
100.910077, 1.670947, 1.677393, 0.006445,
100.920402, 1.672559, 1.670142, -0.002417,
100.931057, 1.666919, 1.658862, -0.008057,
100.941636, 1.664502, 1.662891, -0.001611,
100.952190, 1.665308, 1.679004, 0.013696,
100.962542, 1.666919, 1.662891, -0.004028,
100.973175, 1.665308, 1.669336, 0.004028,
100.983519, 1.669336, 1.658057, -0.011279,
100.994084, 1.669336, 1.670142, 0.000806,
101.004529, 1.670142, 1.670947, 0.000806,
101.014973, 1.670142, 1.654028, -0.016113,
101.025526, 1.668530, 1.657251, -0.011279,
101.036189, 1.668530, 1.672559, 0.004028,
101.046517, 1.666113, 1.658862, -0.007251,
101.057189, 1.670947, 1.658862, -0.012085,
101.067790, 1.666113, 1.664502, -0.001611,
101.078293, 1.668530, 1.649194, -0.019336,
101.088972, 1.668530, 1.670142, 0.001611,
101.099404, 1.669336, 1.666113, -0.003223,
101.110084, 1.670947, 1.665308, -0.005640,
101.120664, 1.666919, 1.672559, 0.005640,
101.131054, 1.669336, 1.666919, -0.002417,
101.141636, 1.668530, 1.660474, -0.008057,
101.152197, 1.662085, 1.662085, 0.000000,
101.162523, 1.669336, 1.635498, -0.033838,
101.173094, 1.666919, 1.661279, -0.005640,
101.183756, 1.668530, 1.662085, -0.006445,
101.194296, 1.669336, 1.662891, -0.006445,
101.204973, 1.666919, 1.666113, -0.000806,
101.215534, 1.666919, 1.658862, -0.008057,
101.226079, 1.662085, 1.661279, -0.000806,
101.236830, 1.666113, 1.665308, -0.000806,
101.247410, 1.666919, 1.668530, 0.001611,
101.257862, 1.665308, 1.678198, 0.012891,
101.268229, 1.665308, 1.637109, -0.028198,
101.278756, 1.668530, 1.661279, -0.007251,
101.289409, 1.668530, 1.670142, 0.001611,
101.299862, 1.668530, 1.672559, 0.004028,
101.310304, 1.669336, 1.650000, -0.019336,
101.320861, 1.670142, 1.664502, -0.005640,
101.331527, 1.669336, 1.660474, -0.008862,
101.342202, 1.662085, 1.670142, 0.008057,
101.352526, 1.670142, 1.662085, -0.008057,
101.363190, 1.670142, 1.664502, -0.005640,
101.373763, 1.666919, 1.672559, 0.005640,
101.384215, 1.666919, 1.664502, -0.002417,
101.394756, 1.668530, 1.664502, -0.004028,
101.405425, 1.668530, 1.674976, 0.006445,
101.415750, 1.666113, 1.674170, 0.008057,
101.426081, 1.662891, 1.653223, -0.009668,
101.436823, 1.669336, 1.682227, 0.012891,
101.447199, 1.670947, 1.665308, -0.005640,
101.457883, 1.662891, 1.672559, 0.009668,
101.468234, 1.668530, 1.654834, -0.013696,
101.478762, 1.670947, 1.662891, -0.008057,
101.489298, 1.672559, 1.673364, 0.000806,
101.499654, 1.664502, 1.665308, 0.000806,
101.510078, 1.669336, 1.666113, -0.003223,
101.520646, 1.668530, 1.679004, 0.010474,
101.531069, 1.662085, 1.662085, 0.000000,
101.541415, 1.668530, 1.660474, -0.008057,
101.551979, 1.665308, 1.661279, -0.004028,
101.562602, 1.669336, 1.662891, -0.006445,
101.573153, 1.670947, 1.685449, 0.014502,
101.583524, 1.669336, 1.664502, -0.004834,
101.594084, 1.669336, 1.669336, 0.000000,
101.604414, 1.670142, 1.640332, -0.029810,
101.615082, 1.668530, 1.657251, -0.011279,
101.625648, 1.662891, 1.669336, 0.006445,
101.636076, 1.670142, 1.654834, -0.015308,
101.646656, 1.668530, 1.669336, 0.000806,
101.657068, 1.668530, 1.660474, -0.008057,
101.667524, 1.668530, 1.677393, 0.008862,
101.677865, 1.669336, 1.657251, -0.012085,
101.688533, 1.665308, 1.678198, 0.012891,
101.698980, 1.668530, 1.664502, -0.004028,
101.709650, 1.668530, 1.648389, -0.020142,
101.720206, 1.669336, 1.670142, 0.000806,
101.730533, 1.670947, 1.657251, -0.013696,
101.741196, 1.670142, 1.658862, -0.011279,
101.751764, 1.664502, 1.662085, -0.002417,
101.762356, 1.669336, 1.658057, -0.011279,
101.772888, 1.664502, 1.670947, 0.006445,
101.783312, 1.668530, 1.666113, -0.002417,
101.793866, 1.669336, 1.666919, -0.002417,
101.804523, 1.665308, 1.672559, 0.007251,
101.814981, 1.668530, 1.660474, -0.008057,
101.825525, 1.670142, 1.662891, -0.007251,
101.836198, 1.670142, 1.674976, 0.004834,
101.846528, 1.666919, 1.654834, -0.012085,
101.857197, 1.665308, 1.662085, -0.003223,
101.867803, 1.668530, 1.653223, -0.015308,
101.878305, 1.670947, 1.658057, -0.012891,
101.888975, 1.669336, 1.664502, -0.004834,
101.899639, 1.665308, 1.664502, -0.000806,
101.910316, 1.665308, 1.666113, 0.000806,
101.920656, 1.666919, 1.636304, -0.030615,
101.931285, 1.669336, 1.664502, -0.004834,
101.941867, 1.670142, 1.673364, 0.003223,
101.952195, 1.662085, 1.670947, 0.008862,
101.962618, 1.664502, 1.670142, 0.005640,
101.973013, 1.664502, 1.661279, -0.003223,
101.983631, 1.670142, 1.687060, 0.016919,
101.993980, 1.670142, 1.658862, -0.011279,
102.004648, 1.670142, 1.662085, -0.008057,
102.015301, 1.670142, 1.668530, -0.001611,
102.025764, 1.664502, 1.661279, -0.003223,
102.036422, 1.674976, 1.670947, -0.004028,
102.046982, 1.670142, 1.668530, -0.001611,
102.057649, 1.662085, 1.670142, 0.008057,
102.068025, 1.668530, 1.662085, -0.006445,
102.078526, 1.665308, 1.665308, 0.000000,
102.088868, 1.669336, 1.662085, -0.007251,
102.099527, 1.670947, 1.662085, -0.008862,
102.110195, 1.670142, 1.664502, -0.005640,
102.120753, 1.670142, 1.673364, 0.003223,
102.131167, 1.666919, 1.681421, 0.014502,
102.141530, 1.669336, 1.674170, 0.004834,
102.151869, 1.668530, 1.666113, -0.002417,
102.162532, 1.670947, 1.666113, -0.004834,
102.173193, 1.662891, 1.662085, -0.000806,
102.183841, 1.668530, 1.662891, -0.005640,
102.194301, 1.666919, 1.668530, 0.001611,
102.204761, 1.669336, 1.670142, 0.000806,
102.215202, 1.666919, 1.670142, 0.003223,
102.225535, 1.669336, 1.677393, 0.008057,
102.235997, 1.666919, 1.660474, -0.006445,
102.246527, 1.672559, 1.665308, -0.007251,
102.257201, 1.670947, 1.669336, -0.001611,
102.267809, 1.665308, 1.652417, -0.012891,
102.278309, 1.668530, 1.658057, -0.010474,
102.288989, 1.664502, 1.657251, -0.007251,
102.299646, 1.666113, 1.681421, 0.015308,
102.310090, 1.670142, 1.665308, -0.004834,
102.320648, 1.669336, 1.683838, 0.014502,
102.331075, 1.669336, 1.650000, -0.019336,
102.341771, 1.668530, 1.657251, -0.011279,
102.352309, 1.669336, 1.677393, 0.008057,
102.362761, 1.670142, 1.654834, -0.015308,
102.373313, 1.668530, 1.654028, -0.014502,
102.383983, 1.670142, 1.662891, -0.007251,
102.394527, 1.664502, 1.673364, 0.008862,
102.404982, 1.668530, 1.677393, 0.008862,
102.415318, 1.670142, 1.654834, -0.015308,
102.425869, 1.666919, 1.654028, -0.012891,
102.436303, 1.662085, 1.665308, 0.003223,
102.446646, 1.662085, 1.666919, 0.004834,
102.457050, 1.662891, 1.666113, 0.003223,
102.467306, 1.670947, 1.676587, 0.005640,
102.477648, 1.666919, 1.662891, -0.004028,
102.488295, 1.666113, 1.677393, 0.011279,
102.498760, 1.666113, 1.652417, -0.013696,
102.509412, 1.666919, 1.633887, -0.033032,
102.519975, 1.670142, 1.670142, 0.000000,
102.530206, 1.668530, 1.674976, 0.006445,
102.540651, 1.670947, 1.661279, -0.009668,
102.551194, 1.666919, 1.666113, -0.000806,
102.561868, 1.664502, 1.635498, -0.029004,
102.572417, 1.677393, 1.650000, -0.027393,
102.583090, 1.668530, 1.661279, -0.007251,
102.593365, 1.670142, 1.658057, -0.012085,
102.604315, 1.662085, 1.664502, 0.002417,
102.614766, 1.670142, 1.662085, -0.008057,
102.625302, 1.670142, 1.657251, -0.012891,
102.635983, 1.669336, 1.641138, -0.028198,
102.646299, 1.669336, 1.654834, -0.014502,
102.656981, 1.669336, 1.658057, -0.011279,
102.667535, 1.670142, 1.654028, -0.016113,
102.678086, 1.666919, 1.665308, -0.001611,
102.688651, 1.670142, 1.674170, 0.004028,
102.699071, 1.666919, 1.666113, -0.000806,
102.709762, 1.669336, 1.665308, -0.004028,
102.720308, 1.670947, 1.660474, -0.010474,
102.730966, 1.662085, 1.641943, -0.020142,
102.741645, 1.669336, 1.666919, -0.002417,
102.752204, 1.664502, 1.666113, 0.001611,
102.762641, 1.673364, 1.670947, -0.002417,
102.773207, 1.662085, 1.664502, 0.002417,
102.783649, 1.666919, 1.670142, 0.003223,
102.793987, 1.660474, 1.645166, -0.015308,
102.804647, 1.666113, 1.662085, -0.004028,
102.815303, 1.670142, 1.673364, 0.003223,
102.825645, 1.668530, 1.660474, -0.008057,
102.836288, 1.670142, 1.665308, -0.004834,
102.846876, 1.673364, 1.654834, -0.018530,
102.857529, 1.666113, 1.662085, -0.004028,
102.868120, 1.665308, 1.658862, -0.006445,
102.878648, 1.668530, 1.654834, -0.013696,
102.889305, 1.668530, 1.694311, 0.025781,
102.899761, 1.669336, 1.672559, 0.003223,
102.910203, 1.662085, 1.658862, -0.003223,
102.920768, 1.668530, 1.666113, -0.002417,
102.931384, 1.669336, 1.658862, -0.010474,
102.941988, 1.669336, 1.666113, -0.003223,
102.952541, 1.669336, 1.661279, -0.008057,
102.963203, 1.666919, 1.658862, -0.008057,
102.973767, 1.668530, 1.662085, -0.006445,
102.984426, 1.669336, 1.654834, -0.014502,
102.994987, 1.669336, 1.682227, 0.012891,
103.005424, 1.670142, 1.673364, 0.003223,
103.015758, 1.662085, 1.654028, -0.008057,
103.026305, 1.662085, 1.654834, -0.007251,
103.036951, 1.670142, 1.672559, 0.002417,
103.047210, 1.669336, 1.668530, -0.000806,
103.057867, 1.668530, 1.656445, -0.012085,
103.068493, 1.668530, 1.661279, -0.007251,
103.078986, 1.670142, 1.662891, -0.007251,
103.089531, 1.666919, 1.670947, 0.004028,
103.099981, 1.666113, 1.670947, 0.004834,
103.110403, 1.668530, 1.672559, 0.004028,
103.120760, 1.662891, 1.658862, -0.004028,
103.131395, 1.662891, 1.664502, 0.001611,
103.141778, 1.665308, 1.664502, -0.000806,
103.151887, 1.666113, 1.666919, 0.000806,
103.162301, 1.666113, 1.669336, 0.003223,
103.172651, 1.670142, 1.662085, -0.008057,
103.183296, 1.670947, 1.645166, -0.025781,
103.193867, 1.670142, 1.665308, -0.004834,
103.204538, 1.670142, 1.679810, 0.009668,
103.214986, 1.666919, 1.666919, 0.000000,
103.225299, 1.669336, 1.665308, -0.004028,
103.235868, 1.666113, 1.662085, -0.004028,
103.246530, 1.672559, 1.662085, -0.010474,
103.257197, 1.668530, 1.662891, -0.005640,
103.267806, 1.666113, 1.654834, -0.011279,
103.278303, 1.666919, 1.654028, -0.012891,
103.288991, 1.669336, 1.669336, 0.000000,
103.299417, 1.666919, 1.654834, -0.012085,
103.310085, 1.673364, 1.674976, 0.001611,
103.320417, 1.670142, 1.670947, 0.000806,
103.330847, 1.670142, 1.686255, 0.016113,
103.341386, 1.670142, 1.641138, -0.029004,
103.351879, 1.666113, 1.662085, -0.004028,
103.362535, 1.670142, 1.654834, -0.015308,
103.373131, 1.668530, 1.677393, 0.008862,
103.383543, 1.670142, 1.677393, 0.007251,
103.393874, 1.668530, 1.641138, -0.027393,
103.404531, 1.665308, 1.674170, 0.008862,
103.414997, 1.666113, 1.673364, 0.007251,
103.425308, 1.669336, 1.666919, -0.002417,
103.435983, 1.666113, 1.662085, -0.004028,
103.446539, 1.666113, 1.668530, 0.002417,
103.456980, 1.670947, 1.662085, -0.008862,
103.467534, 1.668530, 1.669336, 0.000806,
103.477862, 1.668530, 1.662085, -0.006445,
103.488528, 1.669336, 1.682227, 0.012891,
103.498984, 1.669336, 1.661279, -0.008057,
103.509646, 1.668530, 1.665308, -0.003223,
103.520197, 1.673364, 1.653223, -0.020142,
103.530850, 1.668530, 1.661279, -0.007251,
103.541539, 1.662085, 1.674170, 0.012085,
103.551865, 1.668530, 1.658057, -0.010474,
103.562535, 1.670142, 1.666919, -0.003223,
103.573084, 1.670142, 1.666113, -0.004028,
103.583765, 1.670142, 1.670142, 0.000000,
103.594091, 1.662085, 1.662085, 0.000000,
103.604416, 1.664502, 1.661279, -0.003223,
103.615085, 1.664502, 1.639526, -0.024976,
103.625653, 1.670142, 1.654834, -0.015308,
103.636303, 1.666113, 1.658862, -0.007251,
103.646867, 1.665308, 1.662085, -0.003223,
103.657504, 1.660474, 1.670947, 0.010474,
103.667808, 1.666919, 1.666919, 0.000000,
103.678112, 1.669336, 1.657251, -0.012085,
103.688760, 1.668530, 1.679810, 0.011279,
103.699195, 1.665308, 1.666919, 0.001611,
103.709646, 1.662891, 1.687060, 0.024170,
103.719994, 1.665308, 1.674170, 0.008862,
103.730306, 1.666113, 1.670947, 0.004834,
103.740763, 1.668530, 1.674170, 0.005640,
103.751093, 1.665308, 1.662891, -0.002417,
103.761771, 1.669336, 1.657251, -0.012085,
103.772313, 1.666113, 1.683032, 0.016919,
103.782754, 1.665308, 1.658862, -0.006445,
103.793305, 1.668530, 1.658057, -0.010474,
103.803895, 1.668530, 1.674976, 0.006445,
103.814357, 1.664502, 1.645972, -0.018530,
103.824875, 1.666919, 1.666113, -0.000806,
103.835537, 1.662085, 1.668530, 0.006445,
103.845997, 1.670142, 1.658862, -0.011279,
103.856626, 1.668530, 1.672559, 0.004028,
103.866875, 1.662891, 1.679810, 0.016919,
103.877266, 1.666113, 1.664502, -0.001611,
103.887871, 1.666113, 1.679004, 0.012891,
103.898322, 1.666113, 1.666113, 0.000000,
103.908768, 1.662085, 1.653223, -0.008862,
103.919309, 1.668530, 1.674170, 0.005640,
103.929534, 1.665308, 1.662085, -0.003223,
103.940224, 1.665308, 1.670947, 0.005640,
103.950537, 1.669336, 1.662891, -0.006445,
103.961199, 1.669336, 1.650000, -0.019336,
103.971825, 1.666919, 1.644360, -0.022559,
103.982416, 1.670142, 1.661279, -0.008862,
103.992982, 1.670142, 1.666113, -0.004028,
104.003653, 1.670142, 1.653223, -0.016919,
104.014304, 1.670947, 1.658862, -0.012085,
104.024858, 1.669336, 1.658862, -0.010474,
104.035544, 1.672559, 1.652417, -0.020142,
104.046196, 1.669336, 1.669336, 0.000000,
104.056538, 1.668530, 1.668530, 0.000000,
104.066762, 1.668530, 1.662891, -0.005640,
104.077303, 1.666919, 1.654834, -0.012085,
104.087985, 1.666919, 1.641943, -0.024976,
104.098644, 1.666113, 1.668530, 0.002417,
104.109084, 1.670142, 1.660474, -0.009668,
104.119575, 1.669336, 1.670142, 0.000806,
104.129876, 1.670142, 1.666113, -0.004028,
104.140649, 1.668530, 1.686255, 0.017725,
104.150991, 1.665308, 1.652417, -0.012891,
104.161641, 1.670947, 1.658057, -0.012891,
104.172274, 1.668530, 1.677393, 0.008862,
104.182654, 1.669336, 1.656445, -0.012891,
104.193202, 1.670142, 1.653223, -0.016919,
104.203862, 1.668530, 1.676587, 0.008057,
104.214300, 1.662891, 1.664502, 0.001611,
104.224653, 1.669336, 1.670142, 0.000806,
104.235091, 1.668530, 1.665308, -0.003223,
104.245774, 1.672559, 1.654028, -0.018530,
104.256394, 1.668530, 1.641138, -0.027393,
104.266899, 1.664502, 1.657251, -0.007251,
104.277424, 1.662085, 1.654834, -0.007251,
104.288022, 1.669336, 1.664502, -0.004834,
104.298651, 1.670142, 1.654028, -0.016113,
104.309303, 1.666113, 1.650000, -0.016113,
104.319870, 1.664502, 1.658862, -0.005640,
104.330423, 1.668530, 1.670142, 0.001611,
104.340959, 1.669336, 1.673364, 0.004028,
104.351203, 1.672559, 1.683032, 0.010474,
104.361642, 1.664502, 1.654028, -0.010474,
104.372245, 1.658057, 1.662085, 0.004028,
104.382646, 1.668530, 1.650000, -0.018530,
104.393202, 1.662085, 1.658862, -0.003223,
104.403860, 1.666919, 1.679004, 0.012085,
104.414310, 1.665308, 1.662085, -0.003223,
104.424867, 1.666113, 1.670142, 0.004028,
104.435312, 1.668530, 1.657251, -0.011279,
104.445987, 1.666919, 1.656445, -0.010474,
104.456627, 1.662085, 1.658862, -0.003223,
104.467201, 1.669336, 1.658057, -0.011279,
104.477771, 1.666113, 1.661279, -0.004834,
104.488416, 1.673364, 1.670947, -0.002417,
104.499087, 1.666919, 1.660474, -0.006445,
104.509772, 1.669336, 1.657251, -0.012085,
104.520308, 1.668530, 1.666919, -0.001611,
104.530971, 1.668530, 1.669336, 0.000806,
104.541408, 1.666919, 1.679004, 0.012085,
104.551709, 1.669336, 1.658057, -0.011279,
104.562307, 1.666113, 1.641138, -0.024976,
104.572977, 1.662085, 1.661279, -0.000806,
104.583541, 1.668530, 1.665308, -0.003223,
104.594119, 1.670142, 1.673364, 0.003223,
104.604541, 1.670142, 1.662891, -0.007251,
104.615202, 1.668530, 1.669336, 0.000806,
104.625542, 1.668530, 1.662891, -0.005640,
104.636204, 1.662085, 1.677393, 0.015308,
104.646543, 1.665308, 1.661279, -0.004028,
104.657203, 1.666113, 1.676587, 0.010474,
104.667540, 1.666919, 1.665308, -0.001611,
104.678086, 1.664502, 1.666113, 0.001611,
104.688422, 1.672559, 1.673364, 0.000806,
104.698866, 1.666113, 1.669336, 0.003223,
104.709303, 1.669336, 1.645166, -0.024170,
104.719871, 1.670142, 1.641943, -0.028198,
104.730417, 1.670142, 1.662891, -0.007251,
104.741091, 1.660474, 1.644360, -0.016113,
104.751653, 1.666919, 1.662085, -0.004834,
104.762307, 1.666113, 1.658057, -0.008057,
104.772879, 1.670142, 1.664502, -0.005640,
104.783537, 1.669336, 1.650000, -0.019336,
104.794091, 1.670142, 1.654028, -0.016113,
104.804772, 1.666919, 1.640332, -0.026587,
104.815426, 1.665308, 1.654834, -0.010474,
104.825992, 1.666113, 1.658862, -0.007251,
104.836734, 1.668530, 1.654028, -0.014502,
104.847311, 1.668530, 1.661279, -0.007251,
104.857954, 1.665308, 1.662085, -0.003223,
104.868482, 1.665308, 1.658862, -0.006445,
104.878993, 1.664502, 1.664502, 0.000000,
104.889303, 1.666919, 1.664502, -0.002417,
104.899873, 1.670142, 1.661279, -0.008862,
104.910543, 1.666919, 1.658862, -0.008057,
104.921088, 1.666919, 1.687866, 0.020947,
104.931537, 1.669336, 1.654834, -0.014502,
104.942211, 1.664502, 1.662085, -0.002417,
104.952774, 1.670947, 1.662085, -0.008862,
104.963427, 1.668530, 1.662085, -0.006445,
104.973996, 1.662085, 1.665308, 0.003223,
104.984423, 1.670142, 1.654028, -0.016113,
104.994987, 1.666113, 1.683838, 0.017725,
105.005426, 1.666113, 1.658057, -0.008057,
105.015990, 1.666919, 1.668530, 0.001611,
105.026308, 1.669336, 1.637109, -0.032227,
105.037075, 1.668530, 1.672559, 0.004028,
105.047311, 1.669336, 1.654834, -0.014502,
105.057987, 1.666919, 1.681421, 0.014502,
105.068354, 1.666919, 1.664502, -0.002417,
105.078887, 1.669336, 1.670947, 0.001611,
105.089304, 1.669336, 1.664502, -0.004834,
105.099903, 1.666919, 1.658057, -0.008862,
105.110544, 1.665308, 1.658862, -0.006445,
105.121112, 1.669336, 1.674170, 0.004834,
105.131538, 1.662085, 1.660474, -0.001611,
105.142211, 1.666919, 1.662085, -0.004834,
105.152770, 1.665308, 1.670947, 0.005640,
105.163213, 1.665308, 1.658862, -0.006445,
105.173777, 1.668530, 1.662085, -0.006445,
105.184456, 1.664502, 1.664502, 0.000000,
105.194776, 1.669336, 1.635498, -0.033838,
105.205425, 1.668530, 1.665308, -0.003223,
105.215993, 1.665308, 1.661279, -0.004028,
105.226540, 1.673364, 1.668530, -0.004834,
105.237234, 1.669336, 1.668530, -0.000806,
105.247771, 1.666919, 1.660474, -0.006445,
105.258419, 1.672559, 1.661279, -0.011279,
105.269007, 1.669336, 1.679810, 0.010474,
105.279308, 1.669336, 1.639526, -0.029810,
105.289878, 1.670142, 1.664502, -0.005640,
105.300543, 1.666113, 1.662891, -0.003223,
105.311207, 1.673364, 1.657251, -0.016113,
105.321774, 1.668530, 1.676587, 0.008057,
105.332208, 1.666113, 1.648389, -0.017725,
105.342979, 1.670142, 1.662891, -0.007251,
105.353543, 1.666919, 1.665308, -0.001611,
105.364099, 1.669336, 1.664502, -0.004834,
105.374663, 1.668530, 1.662891, -0.005640,
105.385313, 1.672559, 1.658057, -0.014502,
105.395874, 1.670142, 1.662085, -0.008057,
105.406627, 1.664502, 1.662085, -0.002417,
105.417174, 1.662891, 1.650806, -0.012085,
105.427657, 1.669336, 1.648389, -0.020947,
105.438429, 1.668530, 1.678198, 0.009668,
105.448788, 1.669336, 1.662085, -0.007251,
105.459428, 1.670142, 1.654028, -0.016113,
105.470033, 1.670142, 1.674976, 0.004834,
105.480315, 1.662891, 1.662085, -0.000806,
105.490881, 1.670142, 1.668530, -0.001611,
105.501565, 1.670142, 1.670142, 0.000000,
105.512015, 1.670142, 1.658862, -0.011279,
105.522548, 1.669336, 1.665308, -0.004028,
105.533198, 1.666113, 1.640332, -0.025781,
105.543781, 1.665308, 1.660474, -0.004834,
105.554319, 1.664502, 1.674976, 0.010474,
105.564780, 1.662085, 1.657251, -0.004834,
105.575327, 1.670947, 1.662085, -0.008862,
105.585998, 1.668530, 1.664502, -0.004028,
105.596546, 1.669336, 1.666113, -0.003223,
105.607660, 1.670142, 1.677393, 0.007251,
105.617999, 1.669336, 1.676587, 0.007251,
105.628242, 1.670142, 1.644360, -0.025781,
105.638974, 1.668530, 1.665308, -0.003223,
105.649547, 1.665308, 1.662085, -0.003223,
105.660178, 1.666113, 1.662085, -0.004028,
105.670775, 1.668530, 1.660474, -0.008057,
105.681405, 1.670142, 1.666113, -0.004028,
105.691877, 1.662085, 1.658862, -0.003223,
105.702546, 1.668530, 1.654834, -0.013696,
105.713212, 1.668530, 1.666919, -0.001611,
105.723773, 1.666919, 1.669336, 0.002417,
105.734225, 1.669336, 1.656445, -0.012891,
105.744885, 1.669336, 1.662891, -0.006445,
105.755437, 1.670142, 1.670142, 0.000000,
105.763621, 1.669336, 1.679810, 0.010474,
105.774119, 1.666113, 1.658862, -0.007251,
105.784777, 1.670142, 1.666113, -0.004028,
105.795310, 1.666113, 1.660474, -0.005640,
105.805965, 1.665308, 1.645166, -0.020142,
105.816542, 1.666919, 1.654834, -0.012085,
105.827058, 1.668530, 1.658057, -0.010474,
105.837778, 1.665308, 1.670947, 0.005640,
105.848095, 1.670947, 1.662891, -0.008057,
105.858773, 1.670142, 1.670947, 0.000806,
105.869169, 1.665308, 1.650806, -0.014502,
105.879655, 1.666919, 1.670947, 0.004028,
105.890004, 1.666113, 1.691089, 0.024976,
105.900426, 1.672559, 1.662085, -0.010474,
105.911100, 1.666919, 1.658862, -0.008057,
105.921655, 1.665308, 1.673364, 0.008057,
105.932069, 1.669336, 1.654028, -0.015308,
105.942663, 1.665308, 1.661279, -0.004028,
105.953211, 1.662891, 1.654028, -0.008862,
105.963881, 1.665308, 1.654834, -0.010474,
105.974545, 1.662085, 1.670947, 0.008862,
105.984984, 1.670142, 1.656445, -0.013696,
105.995545, 1.666919, 1.654834, -0.012085,
106.006308, 1.666919, 1.668530, 0.001611,
106.016665, 1.670142, 1.649194, -0.020947,
106.027211, 1.666919, 1.656445, -0.010474,
106.037998, 1.669336, 1.677393, 0.008057,
106.048310, 1.668530, 1.661279, -0.007251,
106.058870, 1.669336, 1.654834, -0.014502,
106.069456, 1.669336, 1.666113, -0.003223,
106.079999, 1.670947, 1.662085, -0.008862,
106.090547, 1.666919, 1.633081, -0.033838,
106.101237, 1.668530, 1.658057, -0.010474,
106.111873, 1.666919, 1.664502, -0.002417,
106.122430, 1.670142, 1.670142, 0.000000,
106.132777, 1.670142, 1.658862, -0.011279,
106.143438, 1.666113, 1.657251, -0.008862,
106.153995, 1.665308, 1.668530, 0.003223,
106.164312, 1.668530, 1.666113, -0.002417,
106.174874, 1.670947, 1.672559, 0.001611,
106.185309, 1.670142, 1.662085, -0.008057,
106.195836, 1.669336, 1.658862, -0.010474,
106.206544, 1.669336, 1.677393, 0.008057,
106.216871, 1.666113, 1.670142, 0.004028,
106.227213, 1.662891, 1.666919, 0.004028,
106.237774, 1.670142, 1.682227, 0.012085,
106.248103, 1.666113, 1.662085, -0.004028,
106.258781, 1.670142, 1.669336, -0.000806,
106.269392, 1.666113, 1.666919, 0.000806,
106.279656, 1.666919, 1.665308, -0.001611,
106.290213, 1.666113, 1.654028, -0.012085,
106.300886, 1.666113, 1.665308, -0.000806,
106.311553, 1.669336, 1.660474, -0.008862,
106.322095, 1.664502, 1.666919, 0.002417,
106.332428, 1.669336, 1.662085, -0.007251,
106.343207, 1.666113, 1.666113, 0.000000,
106.353464, 1.666113, 1.662085, -0.004028,
106.364123, 1.670947, 1.661279, -0.009668,
106.374782, 1.666919, 1.648389, -0.018530,
106.385429, 1.666919, 1.679810, 0.012891,
106.395782, 1.670142, 1.660474, -0.009668,
106.406541, 1.670142, 1.662085, -0.008057,
106.417101, 1.673364, 1.643555, -0.029810,
106.427657, 1.668530, 1.658057, -0.010474,
106.438437, 1.670142, 1.666113, -0.004028,
106.448995, 1.668530, 1.666113, -0.002417,
106.459662, 1.662891, 1.652417, -0.010474,
106.470270, 1.669336, 1.677393, 0.008057,
106.480550, 1.665308, 1.669336, 0.004028,
106.490885, 1.666113, 1.664502, -0.001611,
106.501550, 1.670947, 1.662085, -0.008862,
106.512216, 1.670142, 1.650000, -0.020142,
106.522786, 1.668530, 1.666113, -0.002417,
106.533423, 1.670142, 1.662085, -0.008057,
106.544004, 1.668530, 1.665308, -0.003223,
106.554549, 1.668530, 1.661279, -0.007251,
106.565212, 1.664502, 1.662085, -0.002417,
106.575780, 1.670142, 1.666113, -0.004028,
106.586436, 1.670947, 1.670142, -0.000806,
106.596994, 1.668530, 1.666113, -0.002417,
106.607656, 1.662085, 1.666113, 0.004028,
106.617998, 1.669336, 1.685449, 0.016113,
106.628327, 1.672559, 1.668530, -0.004028,
106.639095, 1.666113, 1.665308, -0.000806,
106.649671, 1.666113, 1.678198, 0.012085,
106.660096, 1.668530, 1.662891, -0.005640,
106.670697, 1.668530, 1.676587, 0.008057,
106.681085, 1.669336, 1.654028, -0.015308,
106.691687, 1.665308, 1.672559, 0.007251,
106.702092, 1.662085, 1.670142, 0.008057,
106.712552, 1.668530, 1.662085, -0.006445,
106.723096, 1.669336, 1.670142, 0.000806,
106.733431, 1.670142, 1.670142, 0.000000,
106.743782, 1.668530, 1.662085, -0.006445,
106.754313, 1.666919, 1.658057, -0.008862,
106.764998, 1.666113, 1.650806, -0.015308,
106.775549, 1.666113, 1.670947, 0.004834,
106.785997, 1.666919, 1.660474, -0.006445,
106.796553, 1.669336, 1.662085, -0.007251,
106.807290, 1.666113, 1.664502, -0.001611,
106.817778, 1.665308, 1.666113, 0.000806,
106.828098, 1.668530, 1.643555, -0.024976,
106.838888, 1.666919, 1.670947, 0.004028,
106.849217, 1.670142, 1.647583, -0.022559,
106.859887, 1.666919, 1.657251, -0.009668,
106.870517, 1.672559, 1.658862, -0.013696,
106.881091, 1.666919, 1.666113, -0.000806,
106.891659, 1.670142, 1.676587, 0.006445,
106.902095, 1.668530, 1.639526, -0.029004,
106.912777, 1.670142, 1.654028, -0.016113,
106.923313, 1.666919, 1.666113, -0.000806,
106.933889, 1.665308, 1.639526, -0.025781,
106.944547, 1.670142, 1.661279, -0.008862,
106.955120, 1.664502, 1.670947, 0.006445,
106.965437, 1.668530, 1.654834, -0.013696,
106.975998, 1.669336, 1.664502, -0.004834,
106.986661, 1.668530, 1.650806, -0.017725,
106.997213, 1.669336, 1.662085, -0.007251,
107.007879, 1.669336, 1.677393, 0.008057,
107.018216, 1.670142, 1.654028, -0.016113,
107.028783, 1.666113, 1.665308, -0.000806,
107.039550, 1.669336, 1.657251, -0.012085,
107.050103, 1.664502, 1.661279, -0.003223,
107.060778, 1.666113, 1.641138, -0.024976,
107.071397, 1.666919, 1.654028, -0.012891,
107.082008, 1.662085, 1.662085, 0.000000,
107.092316, 1.669336, 1.662085, -0.007251,
107.102993, 1.670142, 1.650806, -0.019336,
107.113662, 1.670947, 1.665308, -0.005640,
107.124220, 1.666919, 1.662085, -0.004834,
107.134882, 1.666919, 1.654834, -0.012085,
107.145552, 1.668530, 1.658057, -0.010474,
107.156201, 1.666919, 1.670142, 0.003223,
107.166553, 1.669336, 1.670142, 0.000806,
107.176884, 1.668530, 1.672559, 0.004028,
107.187313, 1.670142, 1.662891, -0.007251,
107.197958, 1.666113, 1.676587, 0.010474,
107.208425, 1.669336, 1.658862, -0.010474,
107.219002, 1.666113, 1.658057, -0.008057,
107.229552, 1.668530, 1.658057, -0.010474,
107.240283, 1.665308, 1.681421, 0.016113,
107.250660, 1.662085, 1.673364, 0.011279,
107.261088, 1.670142, 1.654834, -0.015308,
107.271660, 1.670142, 1.670142, 0.000000,
107.282002, 1.669336, 1.662085, -0.007251,
107.292553, 1.669336, 1.665308, -0.004028,
107.303213, 1.668530, 1.662891, -0.005640,
107.313882, 1.669336, 1.662891, -0.006445,
107.324439, 1.670142, 1.674170, 0.004028,
107.334889, 1.669336, 1.654028, -0.015308,
107.345625, 1.670142, 1.654834, -0.015308,
107.356303, 1.666113, 1.666113, 0.000000,
107.366552, 1.673364, 1.669336, -0.004028,
107.377096, 1.668530, 1.658057, -0.010474,
107.387782, 1.665308, 1.677393, 0.012085,
107.398212, 1.668530, 1.662085, -0.006445,
107.408884, 1.669336, 1.668530, -0.000806,
107.419430, 1.668530, 1.664502, -0.004028,
107.430005, 1.665308, 1.654834, -0.010474,
107.440663, 1.669336, 1.662085, -0.007251,
107.451221, 1.664502, 1.647583, -0.016919,
107.461885, 1.669336, 1.658862, -0.010474,
107.472540, 1.669336, 1.673364, 0.004028,
107.482986, 1.666919, 1.636304, -0.030615,
107.493558, 1.668530, 1.691895, 0.023364,
107.503998, 1.664502, 1.658862, -0.005640,
107.514561, 1.670142, 1.658862, -0.011279,
107.525105, 1.673364, 1.683032, 0.009668,
107.535448, 1.670142, 1.647583, -0.022559,
107.546112, 1.669336, 1.658862, -0.010474,
107.556786, 1.666919, 1.669336, 0.002417,
107.567097, 1.666919, 1.661279, -0.005640,
107.577669, 1.662085, 1.645972, -0.016113,
107.588327, 1.668530, 1.678198, 0.009668,
107.598786, 1.670142, 1.669336, -0.000806,
107.609445, 1.664502, 1.666919, 0.002417,
107.619785, 1.669336, 1.661279, -0.008057,
107.630322, 1.658862, 1.660474, 0.001611,
107.640783, 1.668530, 1.670142, 0.001611,
107.651098, 1.670142, 1.662085, -0.008057,
107.661676, 1.662085, 1.656445, -0.005640,
107.672287, 1.658057, 1.656445, -0.001611,
107.682986, 1.662085, 1.660474, -0.001611,
107.693433, 1.662085, 1.653223, -0.008862,
107.704105, 1.668530, 1.673364, 0.004834,
107.714551, 1.666113, 1.653223, -0.012891,
107.725105, 1.668530, 1.658862, -0.009668,
107.735786, 1.668530, 1.649194, -0.019336,
107.746435, 1.666113, 1.664502, -0.001611,
107.757071, 1.670947, 1.674976, 0.004028,
107.765257, 1.668530, 1.660474, -0.008057,
107.775883, 1.665308, 1.648389, -0.016919,
107.786547, 1.664502, 1.653223, -0.011279,
107.797108, 1.662085, 1.668530, 0.006445,
107.807619, 1.661279, 1.665308, 0.004028,
107.817880, 1.666919, 1.665308, -0.001611,
107.828439, 1.668530, 1.650000, -0.018530,
107.839211, 1.670142, 1.640332, -0.029810,
107.849781, 1.670947, 1.666113, -0.004834,
107.860433, 1.670142, 1.662085, -0.008057,
107.871033, 1.669336, 1.668530, -0.000806,
107.881635, 1.670142, 1.658057, -0.012085,
107.892103, 1.672559, 1.673364, 0.000806,
107.902551, 1.668530, 1.666113, -0.002417,
107.913220, 1.666919, 1.643555, -0.023364,
107.923792, 1.669336, 1.661279, -0.008057,
107.934442, 1.669336, 1.662891, -0.006445,
107.945093, 1.662891, 1.661279, -0.001611,
107.955562, 1.666919, 1.673364, 0.006445,
107.965999, 1.669336, 1.682227, 0.012891,
107.976326, 1.668530, 1.662891, -0.005640,
107.987007, 1.666113, 1.676587, 0.010474,
107.997327, 1.666919, 1.660474, -0.006445,
108.007999, 1.668530, 1.657251, -0.011279,
108.018553, 1.669336, 1.665308, -0.004028,
108.029092, 1.664502, 1.662085, -0.002417,
108.039779, 1.668530, 1.662891, -0.005640,
108.050321, 1.670142, 1.662085, -0.008057,
108.060884, 1.669336, 1.654834, -0.014502,
108.071553, 1.673364, 1.668530, -0.004834,
108.082224, 1.662085, 1.668530, 0.006445,
108.092556, 1.669336, 1.661279, -0.008057,
108.103216, 1.669336, 1.644360, -0.024976,
108.113889, 1.668530, 1.662085, -0.006445,
108.124439, 1.664502, 1.658057, -0.006445,
108.135109, 1.668530, 1.661279, -0.007251,
108.145785, 1.669336, 1.647583, -0.021753,
108.156407, 1.670947, 1.662891, -0.008057,
108.166896, 1.666919, 1.658862, -0.008057,
108.177439, 1.669336, 1.641943, -0.027393,
108.188088, 1.666919, 1.695923, 0.029004,
108.198557, 1.660474, 1.672559, 0.012085,
108.209006, 1.670142, 1.654834, -0.015308,
108.219558, 1.668530, 1.661279, -0.007251,
108.230108, 1.668530, 1.662891, -0.005640,
108.240781, 1.670142, 1.676587, 0.006445,
108.251109, 1.669336, 1.662085, -0.007251,
108.261790, 1.662085, 1.660474, -0.001611,
108.272358, 1.664502, 1.665308, 0.000806,
108.282775, 1.665308, 1.670947, 0.005640,
108.293110, 1.669336, 1.674170, 0.004834,
108.303551, 1.666919, 1.670947, 0.004028,
108.313969, 1.670142, 1.641138, -0.029004,
108.324437, 1.669336, 1.669336, 0.000000,
108.334803, 1.666113, 1.653223, -0.012891,
108.345555, 1.665308, 1.658057, -0.007251,
108.356195, 1.666919, 1.683032, 0.016113,
108.366459, 1.669336, 1.654028, -0.015308,
108.377007, 1.666919, 1.662085, -0.004834,
108.387650, 1.666113, 1.670142, 0.004028,
108.398015, 1.662085, 1.662085, 0.000000,
108.408427, 1.666113, 1.669336, 0.003223,
108.418786, 1.664502, 1.654834, -0.009668,
108.429309, 1.665308, 1.662891, -0.002417,
108.439996, 1.666113, 1.640332, -0.025781,
108.450555, 1.670142, 1.661279, -0.008862,
108.461229, 1.666919, 1.654834, -0.012085,
108.471794, 1.670142, 1.658057, -0.012085,
108.482436, 1.666919, 1.666113, -0.000806,
108.493004, 1.670142, 1.665308, -0.004834,
108.503555, 1.664502, 1.647583, -0.016919,
108.514224, 1.666919, 1.653223, -0.013696,
108.524795, 1.670142, 1.666919, -0.003223,
108.535440, 1.666919, 1.654028, -0.012891,
108.546104, 1.664502, 1.656445, -0.008057,
108.556732, 1.669336, 1.662085, -0.007251,
108.567222, 1.669336, 1.665308, -0.004028,
108.577788, 1.664502, 1.658057, -0.006445,
108.588449, 1.668530, 1.676587, 0.008057,
108.598889, 1.668530, 1.658862, -0.009668,
108.609561, 1.666919, 1.650000, -0.016919,
108.620109, 1.670142, 1.656445, -0.013696,
108.630673, 1.666919, 1.666113, -0.000806,
108.641404, 1.669336, 1.660474, -0.008862,
108.651908, 1.664502, 1.654834, -0.009668,
108.662553, 1.665308, 1.652417, -0.012891,
108.673161, 1.666113, 1.676587, 0.010474,
108.683539, 1.662085, 1.636304, -0.025781,
108.694014, 1.662085, 1.662891, 0.000806,
108.704442, 1.666113, 1.670142, 0.004028,
108.714892, 1.665308, 1.682227, 0.016919,
108.725220, 1.668530, 1.645166, -0.023364,
108.735890, 1.669336, 1.656445, -0.012891,
108.746559, 1.664502, 1.662891, -0.001611,
108.757190, 1.668530, 1.660474, -0.008057,
108.767669, 1.672559, 1.654834, -0.017725,
108.778230, 1.670142, 1.661279, -0.008862,
108.788921, 1.666919, 1.656445, -0.010474,
108.799557, 1.661279, 1.662085, 0.000806,
108.810004, 1.666919, 1.662085, -0.004834,
108.820557, 1.662891, 1.668530, 0.005640,
108.830884, 1.670142, 1.660474, -0.009668,
108.841673, 1.668530, 1.662085, -0.006445,
108.852220, 1.666919, 1.643555, -0.023364,
108.862902, 1.669336, 1.656445, -0.012891,
108.873521, 1.664502, 1.668530, 0.004028,
108.883883, 1.668530, 1.697534, 0.029004,
108.894220, 1.666919, 1.658057, -0.008862,
108.904889, 1.661279, 1.669336, 0.008057,
108.915314, 1.670142, 1.664502, -0.005640,
108.925894, 1.668530, 1.660474, -0.008057,
108.936561, 1.670142, 1.679004, 0.008862,
108.947012, 1.670142, 1.662085, -0.008057,
108.957643, 1.668530, 1.662085, -0.006445,
108.968108, 1.670142, 1.658862, -0.011279,
108.978666, 1.669336, 1.677393, 0.008057,
108.989111, 1.666919, 1.666919, 0.000000,
108.999430, 1.669336, 1.668530, -0.000806,
109.010094, 1.668530, 1.674170, 0.005640,
109.020324, 1.669336, 1.662085, -0.007251,
109.030788, 1.668530, 1.650000, -0.018530,
109.041552, 1.668530, 1.665308, -0.003223,
109.052209, 1.669336, 1.654834, -0.014502,
109.062890, 1.668530, 1.650806, -0.017725,
109.073474, 1.670142, 1.666113, -0.004028,
109.083889, 1.661279, 1.665308, 0.004028,
109.094232, 1.669336, 1.654834, -0.014502,
109.104890, 1.662891, 1.674976, 0.012085,
109.115327, 1.669336, 1.662891, -0.006445,
109.125888, 1.664502, 1.665308, 0.000806,
109.136329, 1.670142, 1.672559, 0.002417,
109.146673, 1.670142, 1.658862, -0.011279,
109.157310, 1.668530, 1.699951, 0.031421,
109.167560, 1.668530, 1.658862, -0.009668,
109.178113, 1.668530, 1.658862, -0.009668,
109.188791, 1.668530, 1.666919, -0.001611,
109.199429, 1.670142, 1.641138, -0.029004,
109.210099, 1.670142, 1.654028, -0.016113,
109.220592, 1.669336, 1.658862, -0.010474,
109.231102, 1.662891, 1.664502, 0.001611,
109.241565, 1.669336, 1.668530, -0.000806,
109.252107, 1.666919, 1.670142, 0.003223,
109.262445, 1.670142, 1.662085, -0.008057,
109.273039, 1.670142, 1.673364, 0.003223,
109.283441, 1.666919, 1.673364, 0.006445,
109.293786, 1.670142, 1.645166, -0.024976,
109.304449, 1.666919, 1.665308, -0.001611,
109.315123, 1.668530, 1.664502, -0.004028,
109.325669, 1.668530, 1.658862, -0.009668,
109.336323, 1.665308, 1.670142, 0.004834,
109.346793, 1.668530, 1.658057, -0.010474,
109.357407, 1.669336, 1.665308, -0.004028,
109.367892, 1.674170, 1.665308, -0.008862,
109.378469, 1.666919, 1.654028, -0.012891,
109.389109, 1.669336, 1.681421, 0.012085,
109.399552, 1.668530, 1.653223, -0.015308,
109.410226, 1.668530, 1.654834, -0.013696,
109.420788, 1.661279, 1.673364, 0.012085,
109.431118, 1.670947, 1.650806, -0.020142,
109.441787, 1.668530, 1.666113, -0.002417,
109.452327, 1.670142, 1.664502, -0.005640,
109.462891, 1.670142, 1.658862, -0.011279,
109.473519, 1.673364, 1.662891, -0.010474,
109.484103, 1.666919, 1.662085, -0.004834,
109.494643, 1.668530, 1.654834, -0.013696,
109.505223, 1.665308, 1.666113, 0.000806,
109.515677, 1.664502, 1.665308, 0.000806,
109.526013, 1.668530, 1.670142, 0.001611,
109.536440, 1.666919, 1.666919, 0.000000,
109.546786, 1.668530, 1.650000, -0.018530,
109.557415, 1.670142, 1.650806, -0.019336,
109.567895, 1.669336, 1.647583, -0.021753,
109.578455, 1.670142, 1.660474, -0.009668,
109.589105, 1.665308, 1.669336, 0.004028,
109.599555, 1.668530, 1.656445, -0.012085,
109.610226, 1.669336, 1.661279, -0.008057,
109.620795, 1.668530, 1.662085, -0.006445,
109.631327, 1.673364, 1.662085, -0.011279,
109.642012, 1.662891, 1.673364, 0.010474,
109.652331, 1.665308, 1.662891, -0.002417,
109.662900, 1.666113, 1.654834, -0.011279,
109.673475, 1.666919, 1.670142, 0.003223,
109.683898, 1.669336, 1.665308, -0.004028,
109.694441, 1.670142, 1.640332, -0.029810,
109.705108, 1.670947, 1.665308, -0.005640,
109.715795, 1.665308, 1.661279, -0.004028,
109.726322, 1.666919, 1.660474, -0.006445,
109.736891, 1.670142, 1.662891, -0.007251,
109.747560, 1.669336, 1.649194, -0.020142,
109.758228, 1.661279, 1.674976, 0.013696,
109.768562, 1.670142, 1.654834, -0.015308,
109.779114, 1.666113, 1.645166, -0.020947,
109.789800, 1.666919, 1.661279, -0.005640,
109.800441, 1.670947, 1.653223, -0.017725,
109.811125, 1.666919, 1.662085, -0.004834,
109.821678, 1.668530, 1.661279, -0.007251,
109.832325, 1.668530, 1.662085, -0.006445,
109.843015, 1.669336, 1.654028, -0.015308,
109.853562, 1.670142, 1.654834, -0.015308,
109.864235, 1.669336, 1.662891, -0.006445,
109.874897, 1.670142, 1.662085, -0.008057,
109.885564, 1.669336, 1.654834, -0.014502,
109.896128, 1.670142, 1.656445, -0.013696,
109.906885, 1.669336, 1.658862, -0.010474,
109.917455, 1.666113, 1.668530, 0.002417,
109.927788, 1.669336, 1.656445, -0.012891,
109.938567, 1.666919, 1.678198, 0.011279,
109.948897, 1.668530, 1.670142, 0.001611,
109.959340, 1.668530, 1.650806, -0.017725,
109.969982, 1.660474, 1.661279, 0.000806,
109.980243, 1.669336, 1.662085, -0.007251,
109.990902, 1.662891, 1.672559, 0.009668,
110.001341, 1.668530, 1.660474, -0.008057,
110.012015, 1.668530, 1.658057, -0.010474,
110.022571, 1.664502, 1.670142, 0.005640,
110.033013, 1.662891, 1.677393, 0.014502,
110.043446, 1.669336, 1.666919, -0.002417,
110.054023, 1.670142, 1.662085, -0.008057,
110.064682, 1.666113, 1.665308, -0.000806,
110.075299, 1.669336, 1.681421, 0.012085,
110.085678, 1.669336, 1.679004, 0.009668,
110.096024, 1.670142, 1.657251, -0.012891,
110.106766, 1.672559, 1.668530, -0.004028,
110.117334, 1.664502, 1.668530, 0.004028,
110.127690, 1.662085, 1.658862, -0.003223,
110.138416, 1.670947, 1.670142, -0.000806,
110.148902, 1.669336, 1.658057, -0.011279,
110.159567, 1.669336, 1.660474, -0.008862,
110.170191, 1.668530, 1.674976, 0.006445,
110.180451, 1.670142, 1.674976, 0.004834,
110.190803, 1.670947, 1.670142, -0.000806,
110.201452, 1.670142, 1.674170, 0.004028,
110.211895, 1.670142, 1.656445, -0.013696,
110.222450, 1.676587, 1.665308, -0.011279,
110.233112, 1.668530, 1.648389, -0.020142,
110.243797, 1.669336, 1.665308, -0.004028,
110.254329, 1.669336, 1.668530, -0.000806,
110.264897, 1.662891, 1.650806, -0.012085,
110.275452, 1.666919, 1.662085, -0.004834,
110.286117, 1.670142, 1.670142, 0.000000,
110.296368, 1.670142, 1.647583, -0.022559,
110.307107, 1.665308, 1.669336, 0.004028,
110.317454, 1.668530, 1.641138, -0.027393,
110.328018, 1.666919, 1.676587, 0.009668,
110.338604, 1.668530, 1.670142, 0.001611,
110.348903, 1.668530, 1.665308, -0.003223,
110.359566, 1.668530, 1.678198, 0.009668,
110.369944, 1.668530, 1.654834, -0.013696,
110.380452, 1.662085, 1.661279, -0.000806,
110.391019, 1.669336, 1.678198, 0.008862,
110.401449, 1.668530, 1.664502, -0.004028,
110.412117, 1.668530, 1.652417, -0.016113,
110.422691, 1.665308, 1.672559, 0.007251,
110.433088, 1.672559, 1.668530, -0.004028,
110.443688, 1.669336, 1.660474, -0.008862,
110.454238, 1.669336, 1.666113, -0.003223,
110.464899, 1.665308, 1.654834, -0.010474,
110.475466, 1.669336, 1.662085, -0.007251,
110.486112, 1.668530, 1.668530, 0.000000,
110.496415, 1.673364, 1.648389, -0.024976,
110.507103, 1.668530, 1.670142, 0.001611,
110.517451, 1.670947, 1.669336, -0.001611,
110.528017, 1.665308, 1.658057, -0.007251,
110.538681, 1.666919, 1.662085, -0.004834,
110.549239, 1.669336, 1.660474, -0.008862,
110.559901, 1.668530, 1.658862, -0.009668,
110.570480, 1.673364, 1.654834, -0.018530,
110.581015, 1.665308, 1.674976, 0.009668,
110.591337, 1.665308, 1.686255, 0.020947,
110.601799, 1.666113, 1.673364, 0.007251,
110.612235, 1.670142, 1.665308, -0.004834,
110.622801, 1.668530, 1.668530, 0.000000,
110.633233, 1.666919, 1.670142, 0.003223,
110.643686, 1.668530, 1.657251, -0.011279,
110.654241, 1.668530, 1.662085, -0.006445,
110.664925, 1.670142, 1.665308, -0.004834,
110.675570, 1.665308, 1.670142, 0.004834,
110.686010, 1.664502, 1.666113, 0.001611,
110.696328, 1.662085, 1.654834, -0.007251,
110.707035, 1.670947, 1.674976, 0.004028,
110.717330, 1.672559, 1.665308, -0.007251,
110.727797, 1.662085, 1.668530, 0.006445,
110.738324, 1.668530, 1.666919, -0.001611,
110.748892, 1.669336, 1.657251, -0.012085,
110.759564, 1.669336, 1.664502, -0.004834,
110.770191, 1.669336, 1.664502, -0.004834,
110.780685, 1.668530, 1.640332, -0.028198,
110.791337, 1.670142, 1.662085, -0.008057,
110.801920, 1.666113, 1.654834, -0.011279,
110.812573, 1.670142, 1.656445, -0.013696,
110.823139, 1.670142, 1.676587, 0.006445,
110.833560, 1.668530, 1.664502, -0.004028,
110.844209, 1.665308, 1.661279, -0.004028,
110.854688, 1.669336, 1.657251, -0.012085,
110.865333, 1.669336, 1.669336, 0.000000,
110.875675, 1.670142, 1.657251, -0.012891,
110.886368, 1.670142, 1.654028, -0.016113,
110.896899, 1.662891, 1.660474, -0.002417,
110.907657, 1.669336, 1.668530, -0.000806,
110.918243, 1.668530, 1.662085, -0.006445,
110.928793, 1.668530, 1.653223, -0.015308,
110.939559, 1.666919, 1.670142, 0.003223,
110.949672, 1.666113, 1.660474, -0.005640,
110.960325, 1.668530, 1.657251, -0.011279,
110.970840, 1.672559, 1.647583, -0.024976,
110.981335, 1.662891, 1.635498, -0.027393,
110.991910, 1.669336, 1.678198, 0.008862,
111.002413, 1.674170, 1.629053, -0.045117,
111.013020, 1.670142, 1.666919, -0.003223,
111.023566, 1.668530, 1.685449, 0.016919,
111.034003, 1.668530, 1.664502, -0.004028,
111.044576, 1.670142, 1.662085, -0.008057,
111.055122, 1.666919, 1.672559, 0.005640,
111.065568, 1.666919, 1.666113, -0.000806,
111.076235, 1.666113, 1.674170, 0.008057,
111.086684, 1.664502, 1.670142, 0.005640,
111.097023, 1.668530, 1.657251, -0.011279,
111.107798, 1.662085, 1.658057, -0.004028,
111.118342, 1.666919, 1.676587, 0.009668,
111.128687, 1.666113, 1.664502, -0.001611,
111.139451, 1.670142, 1.670142, 0.000000,
111.149765, 1.670947, 1.624219, -0.046728,
111.160338, 1.664502, 1.656445, -0.008057,
111.170926, 1.668530, 1.670142, 0.001611,
111.181242, 1.666919, 1.662085, -0.004834,
111.191905, 1.666919, 1.669336, 0.002417,
111.202343, 1.669336, 1.656445, -0.012891,
111.213052, 1.670142, 1.660474, -0.009668,
111.223569, 1.670142, 1.668530, -0.001611,
111.234204, 1.668530, 1.669336, 0.000806,
111.244572, 1.666113, 1.653223, -0.012891,
111.255127, 1.670947, 1.670142, -0.000806,
111.265804, 1.670142, 1.662891, -0.007251,
111.276331, 1.669336, 1.679810, 0.010474,
111.286800, 1.670142, 1.662085, -0.008057,
111.297337, 1.665308, 1.664502, -0.000806,
111.308096, 1.665308, 1.662891, -0.002417,
111.318688, 1.665308, 1.662891, -0.002417,
111.329250, 1.668530, 1.661279, -0.007251,
111.340062, 1.666113, 1.673364, 0.007251,
111.350337, 1.670142, 1.666113, -0.004028,
111.360911, 1.670142, 1.662891, -0.007251,
111.371529, 1.670142, 1.670142, 0.000000,
111.381891, 1.662891, 1.660474, -0.002417,
111.392466, 1.670142, 1.666113, -0.004028,
111.403117, 1.672559, 1.662085, -0.010474,
111.413803, 1.669336, 1.657251, -0.012085,
111.424339, 1.666113, 1.666113, 0.000000,
111.434451, 1.665308, 1.657251, -0.008057,
111.445079, 1.672559, 1.670142, -0.002417,
111.455571, 1.666919, 1.669336, 0.002417,
111.466023, 1.669336, 1.666113, -0.003223,
111.476596, 1.662891, 1.665308, 0.002417,
111.487022, 1.662891, 1.664502, 0.001611,
111.497351, 1.666919, 1.658057, -0.008862,
111.508092, 1.670142, 1.658862, -0.011279,
111.518687, 1.669336, 1.658862, -0.010474,
111.529245, 1.665308, 1.665308, 0.000000,
111.539767, 1.666113, 1.664502, -0.001611,
111.550335, 1.666113, 1.662891, -0.003223,
111.560908, 1.668530, 1.658862, -0.009668,
111.571531, 1.670142, 1.666113, -0.004028,
111.582115, 1.658862, 1.690283, 0.031421,
111.592459, 1.673364, 1.670142, -0.003223,
111.603118, 1.670142, 1.652417, -0.017725,
111.613791, 1.666919, 1.660474, -0.006445,
111.624346, 1.665308, 1.670142, 0.004834,
111.634684, 1.666113, 1.654834, -0.011279,
111.645342, 1.670142, 1.670142, 0.000000,
111.655563, 1.664502, 1.666113, 0.001611,
111.665904, 1.664502, 1.664502, 0.000000,
111.676250, 1.665308, 1.664502, -0.000806,
111.686909, 1.666113, 1.662085, -0.004028,
111.697463, 1.661279, 1.657251, -0.004028,
111.708240, 1.666919, 1.662085, -0.004834,
111.718806, 1.669336, 1.661279, -0.008057,
111.729348, 1.669336, 1.654834, -0.014502,
111.740122, 1.665308, 1.674976, 0.009668,
111.750468, 1.662891, 1.685449, 0.022559,
111.760903, 1.669336, 1.654028, -0.015308,
111.771506, 1.662891, 1.661279, -0.001611,
111.781305, 1.666113, 1.656445, -0.009668,
111.792023, 1.672559, 1.662085, -0.010474,
111.802711, 1.664502, 1.656445, -0.008057,
111.813307, 1.661279, 1.660474, -0.000806,
111.823806, 1.666919, 1.657251, -0.009668,
111.834448, 1.670947, 1.665308, -0.005640,
111.845031, 1.670142, 1.661279, -0.008862,
111.855572, 1.665308, 1.664502, -0.000806,
111.866156, 1.669336, 1.640332, -0.029004,
111.876795, 1.668530, 1.657251, -0.011279,
111.887465, 1.670142, 1.649194, -0.020947,
111.898027, 1.670142, 1.670142, 0.000000,
111.907570, 1.666919, 1.662891, -0.004028,
111.918122, 1.664502, 1.660474, -0.004028,
111.928684, 1.666919, 1.662085, -0.004834,
111.939460, 1.668530, 1.656445, -0.012085,
111.950023, 1.666113, 1.658862, -0.007251,
111.960687, 1.669336, 1.662891, -0.006445,
111.971303, 1.662085, 1.664502, 0.002417,
111.981573, 1.664502, 1.683032, 0.018530,
111.991948, 1.670142, 1.660474, -0.009668,
112.002572, 1.665308, 1.666919, 0.001611,
112.013020, 1.670142, 1.658862, -0.011279,
112.023580, 1.664502, 1.670142, 0.005640,
112.034008, 1.669336, 1.658057, -0.011279,
112.044569, 1.670142, 1.668530, -0.001611,
112.055124, 1.669336, 1.677393, 0.008057,
112.065591, 1.666919, 1.643555, -0.023364,
112.076138, 1.666113, 1.666919, 0.000806,
112.086568, 1.668530, 1.664502, -0.004028,
112.097126, 1.668530, 1.641943, -0.026587,
112.107884, 1.669336, 1.658057, -0.011279,
112.118459, 1.666113, 1.662891, -0.003223,
112.129026, 1.670142, 1.662891, -0.007251,
112.139794, 1.665308, 1.662891, -0.002417,
112.150349, 1.668530, 1.656445, -0.012085,
112.161026, 1.668530, 1.654834, -0.013696,
112.171595, 1.670142, 1.647583, -0.022559,
112.182217, 1.668530, 1.670142, 0.001611,
112.192576, 1.668530, 1.670947, 0.002417,
112.203023, 1.666919, 1.665308, -0.001611,
112.213696, 1.668530, 1.658057, -0.010474,
112.224245, 1.664502, 1.653223, -0.011279,
112.234902, 1.670142, 1.650806, -0.019336,
112.245572, 1.666113, 1.648389, -0.017725,
112.256128, 1.669336, 1.677393, 0.008057,
112.266457, 1.669336, 1.666919, -0.002417,
112.277028, 1.662085, 1.656445, -0.005640,
112.287689, 1.668530, 1.670947, 0.002417,
112.298029, 1.669336, 1.662085, -0.007251,
112.308687, 1.672559, 1.666919, -0.005640,
112.319250, 1.668530, 1.665308, -0.003223,
112.329815, 1.666113, 1.654028, -0.012085,
112.340649, 1.665308, 1.669336, 0.004028,
112.350904, 1.668530, 1.662085, -0.006445,
112.361572, 1.666113, 1.633081, -0.033032,
112.372176, 1.668530, 1.668530, 0.000000,
112.382571, 1.665308, 1.661279, -0.004028,
112.393162, 1.662891, 1.661279, -0.001611,
112.403803, 1.666919, 1.653223, -0.013696,
112.414464, 1.666113, 1.673364, 0.007251,
112.424811, 1.662891, 1.666113, 0.003223,
112.435244, 1.664502, 1.662891, -0.001611,
112.445911, 1.668530, 1.658057, -0.010474,
112.456466, 1.666919, 1.677393, 0.010474,
112.466808, 1.670947, 1.647583, -0.023364,
112.477348, 1.669336, 1.666113, -0.003223,
112.488033, 1.669336, 1.664502, -0.004834,
112.498581, 1.665308, 1.639526, -0.025781,
112.509346, 1.662891, 1.670142, 0.007251,
112.519694, 1.668530, 1.657251, -0.011279,
112.530309, 1.668530, 1.658057, -0.010474,
112.541033, 1.668530, 1.677393, 0.008862,
112.551349, 1.662891, 1.660474, -0.002417,
112.562030, 1.666919, 1.669336, 0.002417,
112.572402, 1.670142, 1.662085, -0.008057,
112.583108, 1.665308, 1.640332, -0.024976,
112.593685, 1.668530, 1.654028, -0.014502,
112.604348, 1.666113, 1.679810, 0.013696,
112.614807, 1.668530, 1.681421, 0.012891,
112.625127, 1.666113, 1.665308, -0.000806,
112.635744, 1.668530, 1.660474, -0.008057,
112.646347, 1.669336, 1.657251, -0.012085,
112.657013, 1.670142, 1.674170, 0.004028,
112.667342, 1.668530, 1.676587, 0.008057,
112.677699, 1.666113, 1.662891, -0.003223,
112.688340, 1.669336, 1.661279, -0.008057,
112.698925, 1.669336, 1.650000, -0.019336,
112.709595, 1.666919, 1.662891, -0.004028,
112.720150, 1.662085, 1.664502, 0.002417,
112.730464, 1.670142, 1.658057, -0.012085,
112.741149, 1.668530, 1.654028, -0.014502,
112.751800, 1.664502, 1.669336, 0.004834,
112.762270, 1.670142, 1.660474, -0.009668,
112.772935, 1.664502, 1.662085, -0.002417,
112.783702, 1.666919, 1.629858, -0.037060,
112.794361, 1.670142, 1.650000, -0.020142,
112.805086, 1.664502, 1.674976, 0.010474,
112.815552, 1.662085, 1.668530, 0.006445,
112.825938, 1.670142, 1.662085, -0.008057,
112.836574, 1.670947, 1.660474, -0.010474,
112.847396, 1.666919, 1.652417, -0.014502,
112.858218, 1.668530, 1.664502, -0.004028,
112.868907, 1.666113, 1.658862, -0.007251,
112.879576, 1.666919, 1.668530, 0.001611,
112.890058, 1.662085, 1.670142, 0.008057,
112.900576, 1.668530, 1.652417, -0.016113,
112.911291, 1.666113, 1.650806, -0.015308,
112.921850, 1.673364, 1.679004, 0.005640,
112.932341, 1.669336, 1.654028, -0.015308,
112.943054, 1.662891, 1.662891, 0.000000,
112.953374, 1.669336, 1.668530, -0.000806,
112.964044, 1.660474, 1.654028, -0.006445,
112.974780, 1.668530, 1.666919, -0.001611,
112.985415, 1.668530, 1.662085, -0.006445,
112.996080, 1.662891, 1.658862, -0.004028,
113.006934, 1.666919, 1.670947, 0.004028,
113.017303, 1.669336, 1.673364, 0.004028,
113.027678, 1.670947, 1.654028, -0.016919,
113.038468, 1.669336, 1.664502, -0.004834,
113.049119, 1.668530, 1.657251, -0.011279,
113.059817, 1.665308, 1.668530, 0.003223,
113.070219, 1.666113, 1.662085, -0.004028,
113.080929, 1.670142, 1.662891, -0.007251,
113.091638, 1.666113, 1.679004, 0.012891,
113.102106, 1.666113, 1.666919, 0.000806,
113.112612, 1.668530, 1.662085, -0.006445,
113.123248, 1.670142, 1.658862, -0.011279,
113.133938, 1.668530, 1.654834, -0.013696,
113.144609, 1.669336, 1.665308, -0.004028,
113.155258, 1.668530, 1.670947, 0.002417,
113.165757, 1.668530, 1.674170, 0.005640,
113.176191, 1.668530, 1.658057, -0.010474,
113.186885, 1.665308, 1.662891, -0.002417,
113.197615, 1.672559, 1.664502, -0.008057,
113.208386, 1.670142, 1.670142, 0.000000,
113.218825, 1.666919, 1.666113, -0.000806,
113.229455, 1.666113, 1.661279, -0.004834,
113.240266, 1.662891, 1.673364, 0.010474,
113.250736, 1.670947, 1.662085, -0.008862,
113.261493, 1.665308, 1.665308, 0.000000,
113.271941, 1.670947, 1.645166, -0.025781,
113.282595, 1.670142, 1.656445, -0.013696,
113.293206, 1.670142, 1.665308, -0.004834,
113.303843, 1.672559, 1.662085, -0.010474,
113.314567, 1.666919, 1.670142, 0.003223,
113.324940, 1.664502, 1.657251, -0.007251,
113.335623, 1.666113, 1.657251, -0.008862,
113.346386, 1.666919, 1.666113, -0.000806,
113.357120, 1.665308, 1.674976, 0.009668,
113.367420, 1.668530, 1.657251, -0.011279,
113.378199, 1.669336, 1.662085, -0.007251,
113.388854, 1.666919, 1.668530, 0.001611,
113.399267, 1.669336, 1.677393, 0.008057,
113.409832, 1.669336, 1.670947, 0.001611,
113.420242, 1.669336, 1.656445, -0.012891,
113.430814, 1.666113, 1.645972, -0.020142,
113.441625, 1.666919, 1.666919, 0.000000,
113.452007, 1.668530, 1.665308, -0.003223,
113.462720, 1.670142, 1.664502, -0.005640,
113.473363, 1.666919, 1.674170, 0.007251,
113.483888, 1.666113, 1.653223, -0.012891,
113.494529, 1.668530, 1.654028, -0.014502,
113.505196, 1.669336, 1.670142, 0.000806,
113.515697, 1.670142, 1.661279, -0.008862,
113.526292, 1.666919, 1.669336, 0.002417,
113.536710, 1.662085, 1.633887, -0.028198,
113.547467, 1.665308, 1.656445, -0.008862,
113.558220, 1.669336, 1.677393, 0.008057,
113.568544, 1.669336, 1.666113, -0.003223,
113.579157, 1.662085, 1.648389, -0.013696,
113.589828, 1.668530, 1.657251, -0.011279,
113.600596, 1.669336, 1.647583, -0.021753,
113.611297, 1.664502, 1.668530, 0.004028,
113.621655, 1.669336, 1.666919, -0.002417,
113.632364, 1.669336, 1.664502, -0.004834,
113.643066, 1.662891, 1.658862, -0.004028,
113.653673, 1.666919, 1.664502, -0.002417,
113.664328, 1.666113, 1.662891, -0.003223,
113.674936, 1.668530, 1.672559, 0.004028,
113.685446, 1.666919, 1.668530, 0.001611,
113.695864, 1.666113, 1.654028, -0.012085,
113.706573, 1.666113, 1.645166, -0.020947,
113.717259, 1.665308, 1.665308, 0.000000,
113.727602, 1.664502, 1.653223, -0.011279,
113.738449, 1.668530, 1.658862, -0.009668,
113.749068, 1.666113, 1.654834, -0.011279,
113.759734, 1.668530, 1.679810, 0.011279,
113.770187, 1.666919, 1.669336, 0.002417,
113.780610, 1.664502, 1.654028, -0.010474,
113.791272, 1.670947, 1.672559, 0.001611,
113.794478, 1.669336, 1.673364, 0.004028,
113.805152, 1.665308, 1.657251, -0.008057,
113.815826, 1.664502, 1.661279, -0.003223,
113.826432, 1.669336, 1.662085, -0.007251,
113.837093, 1.670947, 1.658057, -0.012891,
113.847728, 1.666113, 1.662891, -0.003223,
113.858420, 1.670947, 1.664502, -0.006445,
113.869045, 1.670142, 1.662085, -0.008057,
113.879700, 1.665308, 1.665308, 0.000000,
113.890152, 1.662891, 1.666113, 0.003223,
113.900747, 1.669336, 1.673364, 0.004028,
113.911267, 1.664502, 1.661279, -0.003223,
113.921920, 1.665308, 1.669336, 0.004028,
113.932430, 1.670142, 1.662085, -0.008057,
113.943095, 1.670947, 1.662891, -0.008057,
113.953671, 1.664502, 1.666919, 0.002417,
113.964126, 1.666113, 1.653223, -0.012891,
113.974804, 1.666919, 1.657251, -0.009668,
113.985487, 1.668530, 1.658057, -0.010474,
113.996140, 1.668530, 1.658057, -0.010474,
114.006942, 1.666919, 1.645166, -0.021753,
114.017529, 1.662085, 1.660474, -0.001611,
114.028072, 1.666919, 1.668530, 0.001611,
114.038691, 1.670947, 1.670947, 0.000000,
114.049112, 1.669336, 1.661279, -0.008057,
114.059816, 1.666919, 1.683032, 0.016113,
114.070191, 1.665308, 1.662891, -0.002417,
114.080818, 1.668530, 1.643555, -0.024976,
114.091611, 1.660474, 1.662891, 0.002417,
114.102124, 1.669336, 1.670947, 0.001611,
114.112630, 1.665308, 1.662085, -0.003223,
114.123254, 1.668530, 1.644360, -0.024170,
114.134021, 1.669336, 1.672559, 0.003223,
114.144388, 1.668530, 1.658057, -0.010474,
114.154980, 1.665308, 1.661279, -0.004028,
114.165674, 1.668530, 1.666919, -0.001611,
114.176343, 1.668530, 1.665308, -0.003223,
114.187099, 1.672559, 1.662085, -0.010474,
114.197706, 1.668530, 1.666919, -0.001611,
114.208492, 1.669336, 1.670947, 0.001611,
114.218863, 1.662085, 1.670947, 0.008862,
114.229260, 1.662085, 1.662085, 0.000000,
114.239848, 1.668530, 1.656445, -0.012085,
114.250496, 1.668530, 1.650000, -0.018530,
114.261161, 1.665308, 1.670142, 0.004834,
114.271594, 1.665308, 1.661279, -0.004028,
114.282302, 1.668530, 1.662085, -0.006445,
114.292993, 1.670142, 1.670947, 0.000806,
114.303522, 1.668530, 1.657251, -0.011279,
114.314157, 1.662085, 1.664502, 0.002417,
114.324530, 1.666919, 1.673364, 0.006445,
114.334999, 1.668530, 1.662891, -0.005640,
114.345729, 1.661279, 1.662085, 0.000806,
114.356107, 1.669336, 1.669336, 0.000000,
114.366428, 1.670142, 1.677393, 0.007251,
114.376983, 1.666919, 1.660474, -0.006445,
114.387611, 1.669336, 1.661279, -0.008057,
114.398197, 1.666113, 1.666113, 0.000000,
114.408728, 1.665308, 1.666919, 0.001611,
114.419159, 1.669336, 1.664502, -0.004834,
114.429845, 1.669336, 1.678198, 0.008862,
114.440448, 1.672559, 1.677393, 0.004834,
114.450870, 1.666919, 1.662891, -0.004028,
114.461599, 1.666113, 1.664502, -0.001611,
114.472258, 1.668530, 1.652417, -0.016113,
114.482936, 1.670142, 1.668530, -0.001611,
114.493654, 1.662085, 1.660474, -0.001611,
114.504376, 1.666919, 1.658057, -0.008862,
114.515056, 1.664502, 1.674976, 0.010474,
114.525372, 1.666919, 1.666919, 0.000000,
114.535931, 1.668530, 1.658862, -0.009668,
114.546612, 1.668530, 1.657251, -0.011279,
114.557482, 1.666113, 1.662085, -0.004028,
114.568069, 1.664502, 1.662891, -0.001611,
114.578613, 1.662891, 1.662085, -0.000806,
114.589278, 1.669336, 1.670947, 0.001611,
114.599756, 1.666919, 1.654834, -0.012085,
114.610475, 1.669336, 1.670142, 0.000806,
114.620860, 1.672559, 1.662085, -0.010474,
114.631544, 1.666919, 1.650806, -0.016113,
114.642246, 1.666113, 1.662891, -0.003223,
114.652925, 1.670947, 1.657251, -0.013696,
114.663645, 1.662085, 1.662085, 0.000000,
114.674056, 1.668530, 1.673364, 0.004834,
114.684596, 1.668530, 1.676587, 0.008057,
114.695010, 1.665308, 1.658862, -0.006445,
114.705772, 1.670947, 1.672559, 0.001611,
114.716263, 1.666113, 1.678198, 0.012085,
114.726650, 1.670142, 1.670947, 0.000806,
114.737043, 1.666919, 1.645972, -0.020947,
114.747722, 1.670947, 1.657251, -0.013696,
114.758482, 1.670142, 1.666113, -0.004028,
114.769097, 1.673364, 1.664502, -0.008862,
114.779689, 1.661279, 1.650000, -0.011279,
114.790387, 1.669336, 1.662085, -0.007251,
114.801151, 1.670142, 1.677393, 0.007251,
114.811594, 1.664502, 1.668530, 0.004028,
114.822048, 1.666919, 1.687866, 0.020947,
114.832482, 1.674170, 1.656445, -0.017725,
114.843182, 1.668530, 1.666113, -0.002417,
114.853788, 1.670142, 1.664502, -0.005640,
114.864414, 1.670947, 1.665308, -0.005640,
114.875086, 1.674170, 1.661279, -0.012891,
114.885838, 1.670142, 1.660474, -0.009668,
114.896466, 1.666919, 1.664502, -0.002417,
114.907282, 1.662891, 1.674170, 0.011279,
114.917611, 1.668530, 1.670142, 0.001611,
114.927997, 1.662085, 1.664502, 0.002417,
114.938475, 1.670142, 1.661279, -0.008862,
114.949112, 1.672559, 1.657251, -0.015308,
114.959834, 1.669336, 1.660474, -0.008862,
114.970485, 1.662891, 1.666919, 0.004028,
114.980845, 1.668530, 1.657251, -0.011279,
114.991500, 1.669336, 1.664502, -0.004834,
115.002263, 1.666919, 1.656445, -0.010474,
115.013036, 1.662891, 1.677393, 0.014502,
115.023477, 1.662891, 1.665308, 0.002417,
115.034007, 1.665308, 1.677393, 0.012085,
115.044392, 1.670142, 1.658862, -0.011279,
115.055055, 1.665308, 1.665308, 0.000000,
115.065421, 1.670142, 1.662085, -0.008057,
115.076171, 1.665308, 1.668530, 0.003223,
115.086596, 1.670142, 1.656445, -0.013696,
115.097233, 1.668530, 1.650806, -0.017725,
115.108046, 1.664502, 1.665308, 0.000806,
115.118382, 1.670142, 1.648389, -0.021753,
115.129048, 1.669336, 1.660474, -0.008862,
115.139828, 1.670142, 1.665308, -0.004834,
115.150488, 1.670142, 1.660474, -0.009668,
115.161164, 1.668530, 1.658862, -0.009668,
115.171913, 1.669336, 1.654834, -0.014502,
115.182596, 1.670142, 1.654834, -0.015308,
115.193241, 1.668530, 1.657251, -0.011279,
115.203960, 1.664502, 1.670142, 0.005640,
115.214382, 1.669336, 1.662085, -0.007251,
115.225049, 1.662085, 1.664502, 0.002417,
115.235479, 1.668530, 1.648389, -0.020142,
115.246170, 1.670142, 1.657251, -0.012891,
115.256930, 1.668530, 1.665308, -0.003223,
115.267492, 1.668530, 1.668530, 0.000000,
115.277920, 1.669336, 1.654028, -0.015308,
115.288630, 1.666113, 1.674170, 0.008057,
115.299138, 1.662085, 1.678198, 0.016113,
115.309669, 1.665308, 1.664502, -0.000806,
115.320284, 1.668530, 1.666113, -0.002417,
115.330947, 1.668530, 1.652417, -0.016113,
115.341865, 1.666113, 1.656445, -0.009668,
115.352429, 1.669336, 1.664502, -0.004834,
115.363176, 1.665308, 1.670947, 0.005640,
115.373601, 1.668530, 1.665308, -0.003223,
115.384305, 1.666919, 1.632275, -0.034644,
115.395012, 1.666919, 1.637109, -0.029809,
115.405707, 1.666113, 1.665308, -0.000806,
115.416412, 1.673364, 1.661279, -0.012085,
115.427061, 1.666113, 1.660474, -0.005640,
115.437798, 1.668530, 1.654834, -0.013696,
115.448482, 1.670142, 1.661279, -0.008862,
115.459156, 1.666113, 1.658862, -0.007251,
115.469835, 1.670142, 1.643555, -0.026587,
115.480545, 1.668530, 1.654834, -0.013696,
115.491283, 1.664502, 1.670947, 0.006445,
115.501813, 1.668530, 1.652417, -0.016113,
115.512428, 1.669336, 1.658057, -0.011279,
115.523155, 1.666919, 1.682227, 0.015308,
115.533669, 1.669336, 1.664502, -0.004834,
115.544386, 1.660474, 1.658862, -0.001611,
115.555047, 1.670142, 1.637915, -0.032227,
115.565714, 1.662891, 1.652417, -0.010474,
115.576402, 1.670142, 1.656445, -0.013696,
115.587065, 1.666919, 1.665308, -0.001611,
115.597647, 1.666113, 1.657251, -0.008862,
115.608888, 1.662085, 1.672559, 0.010474,
115.619322, 1.668530, 1.641943, -0.026587,
115.629956, 1.662085, 1.656445, -0.005640,
115.640823, 1.665308, 1.666919, 0.001611,
115.651266, 1.662085, 1.636304, -0.025781,
115.661998, 1.670142, 1.652417, -0.017725,
115.672742, 1.658862, 1.652417, -0.006445,
115.683488, 1.666919, 1.654028, -0.012891,
115.694084, 1.668530, 1.656445, -0.012085,
115.704791, 1.670142, 1.660474, -0.009668,
115.715606, 1.664502, 1.658057, -0.006445,
115.726191, 1.670142, 1.683838, 0.013696,
115.736657, 1.670142, 1.662085, -0.008057,
115.747270, 1.666113, 1.654834, -0.011279,
115.757979, 1.662891, 1.654834, -0.008057,
115.768660, 1.666919, 1.658057, -0.008862,
115.779322, 1.668530, 1.662085, -0.006445,
115.789974, 1.666919, 1.677393, 0.010474,
115.800533, 1.665308, 1.662085, -0.003223,
115.811169, 1.662085, 1.640332, -0.021753,
115.821773, 1.662085, 1.643555, -0.018530,
115.832501, 1.662891, 1.658862, -0.004028,
115.843193, 1.662891, 1.664502, 0.001611,
115.853597, 1.666919, 1.640332, -0.026587,
115.864253, 1.662891, 1.653223, -0.009668,
115.874913, 1.669336, 1.677393, 0.008057,
115.885358, 1.670142, 1.674170, 0.004028,
115.895707, 1.670947, 1.678198, 0.007251,
115.906140, 1.662085, 1.669336, 0.007251,
115.916475, 1.670142, 1.670947, 0.000806,
115.926820, 1.664502, 1.670947, 0.006445,
115.937257, 1.664502, 1.653223, -0.011279,
115.947923, 1.670142, 1.662085, -0.008057,
115.958594, 1.668530, 1.637109, -0.031421,
115.969169, 1.666113, 1.645166, -0.020947,
115.979705, 1.670142, 1.665308, -0.004834,
115.990347, 1.664502, 1.662085, -0.002417,
116.000936, 1.668530, 1.661279, -0.007251,
116.011581, 1.669336, 1.662891, -0.006445,
116.022144, 1.665308, 1.670947, 0.005640,
116.032597, 1.661279, 1.678198, 0.016919,
116.043038, 1.668530, 1.668530, 0.000000,
116.053262, 1.668530, 1.656445, -0.012085,
116.063945, 1.670142, 1.656445, -0.013696,
116.074477, 1.666113, 1.670142, 0.004028,
116.084922, 1.669336, 1.662891, -0.006445,
116.095476, 1.666113, 1.658057, -0.008057,
116.106129, 1.666113, 1.670947, 0.004834,
116.116469, 1.669336, 1.660474, -0.008862,
116.127038, 1.669336, 1.666113, -0.003223,
116.137797, 1.669336, 1.662891, -0.006445,
116.148356, 1.662085, 1.656445, -0.005640,
116.158924, 1.662085, 1.654834, -0.007251,
116.169529, 1.672559, 1.683032, 0.010474,
116.179822, 1.662085, 1.662085, 0.000000,
116.190140, 1.670947, 1.673364, 0.002417,
116.200602, 1.665308, 1.672559, 0.007251,
116.211042, 1.665308, 1.665308, 0.000000,
116.221260, 1.666919, 1.674170, 0.007251,
116.231662, 1.666919, 1.656445, -0.010474,
116.242259, 1.670142, 1.666113, -0.004028,
116.252823, 1.670142, 1.647583, -0.022559,
116.263481, 1.668530, 1.658862, -0.009668,
116.274085, 1.668530, 1.679810, 0.011279,
116.284474, 1.669336, 1.647583, -0.021753,
116.295037, 1.664502, 1.662085, -0.002417,
116.305692, 1.666113, 1.666919, 0.000806,
116.316141, 1.666919, 1.664502, -0.002417,
116.326725, 1.669336, 1.676587, 0.007251,
116.337139, 1.666113, 1.658057, -0.008057,
116.347704, 1.670142, 1.654834, -0.015308,
116.358336, 1.668530, 1.650806, -0.017725,
116.368862, 1.670142, 1.664502, -0.005640,
116.379362, 1.666919, 1.661279, -0.005640,
116.390027, 1.672559, 1.668530, -0.004028,
116.400704, 1.662891, 1.653223, -0.009668,
116.411357, 1.670142, 1.656445, -0.013696,
116.421923, 1.666113, 1.670947, 0.004834,
116.432338, 1.665308, 1.658057, -0.007251,
116.442930, 1.669336, 1.662085, -0.007251,
116.453480, 1.673364, 1.678198, 0.004834,
116.463924, 1.662085, 1.657251, -0.004834,
116.474473, 1.668530, 1.666919, -0.001611,
116.485139, 1.669336, 1.662085, -0.007251,
116.495716, 1.665308, 1.670142, 0.004834,
116.506165, 1.666113, 1.665308, -0.000806,
116.516714, 1.666919, 1.650000, -0.016919,
116.527298, 1.665308, 1.658862, -0.006445,
116.538015, 1.670142, 1.658057, -0.012085,
116.548480, 1.666113, 1.677393, 0.011279,
116.558925, 1.669336, 1.669336, 0.000000,
116.569301, 1.665308, 1.658057, -0.007251,
116.579822, 1.669336, 1.668530, -0.000806,
116.590478, 1.673364, 1.670142, -0.003223,
116.601142, 1.665308, 1.661279, -0.004028,
116.611818, 1.669336, 1.662085, -0.007251,
116.622360, 1.669336, 1.673364, 0.004028,
116.632819, 1.668530, 1.662085, -0.006445,
116.643480, 1.670142, 1.666113, -0.004028,
116.654053, 1.672559, 1.669336, -0.003223,
116.664718, 1.668530, 1.662085, -0.006445,
116.675290, 1.670947, 1.650806, -0.020142,
116.685925, 1.665308, 1.674976, 0.009668,
116.696040, 1.670142, 1.674170, 0.004028,
116.706479, 1.668530, 1.670142, 0.001611,
116.716821, 1.672559, 1.665308, -0.007251,
116.727365, 1.668530, 1.666113, -0.002417,
116.738130, 1.668530, 1.654834, -0.013696,
116.748716, 1.669336, 1.677393, 0.008057,
116.759147, 1.662085, 1.662085, 0.000000,
116.769524, 1.669336, 1.658862, -0.010474,
116.780043, 1.666919, 1.660474, -0.006445,
116.790709, 1.668530, 1.673364, 0.004834,
116.801146, 1.668530, 1.670142, 0.001611,
116.811599, 1.666113, 1.660474, -0.005640,
116.822149, 1.668530, 1.668530, 0.000000,
116.832450, 1.666919, 1.679810, 0.012891,
116.842835, 1.666113, 1.677393, 0.011279,
116.853141, 1.668530, 1.669336, 0.000806,
116.863562, 1.670142, 1.660474, -0.009668,
116.874086, 1.670142, 1.670142, 0.000000,
116.884479, 1.670142, 1.661279, -0.008862,
116.895045, 1.662891, 1.672559, 0.009668,
116.905470, 1.664502, 1.677393, 0.012891,
116.916005, 1.666113, 1.656445, -0.009668,
116.926604, 1.666919, 1.677393, 0.010474,
116.937056, 1.664502, 1.658057, -0.006445,
116.947652, 1.666113, 1.664502, -0.001611,
116.958318, 1.670142, 1.665308, -0.004834,
116.968993, 1.673364, 1.662085, -0.011279,
116.979669, 1.662891, 1.673364, 0.010474,
116.990158, 1.670142, 1.670142, 0.000000,
117.000707, 1.670947, 1.668530, -0.002417,
117.011403, 1.668530, 1.654028, -0.014502,
117.022066, 1.664502, 1.670142, 0.005640,
117.032534, 1.668530, 1.654028, -0.014502,
117.043190, 1.668530, 1.633081, -0.035449,
117.053840, 1.666113, 1.666113, 0.000000,
117.064330, 1.666113, 1.648389, -0.017725,
117.074955, 1.666919, 1.652417, -0.014502,
117.085622, 1.670142, 1.633081, -0.037060,
117.096270, 1.669336, 1.672559, 0.003223,
117.106903, 1.668530, 1.660474, -0.008057,
117.117434, 1.669336, 1.653223, -0.016113,
117.128109, 1.669336, 1.665308, -0.004028,
117.138934, 1.669336, 1.665308, -0.004028,
117.149564, 1.665308, 1.670142, 0.004834,
117.160068, 1.669336, 1.665308, -0.004028,
117.170740, 1.669336, 1.669336, 0.000000,
117.181154, 1.662891, 1.649194, -0.013696,
117.191857, 1.666113, 1.666113, 0.000000,
117.202334, 1.662891, 1.679810, 0.016919,
117.212734, 1.668530, 1.650000, -0.018530,
117.223392, 1.666919, 1.670947, 0.004028,
117.233865, 1.670947, 1.661279, -0.009668,
117.244607, 1.670142, 1.662085, -0.008057,
117.255204, 1.668530, 1.668530, 0.000000,
117.265623, 1.666113, 1.657251, -0.008862,
117.276206, 1.666919, 1.662085, -0.004834,
117.286949, 1.665308, 1.635498, -0.029810,
117.297505, 1.665308, 1.652417, -0.012891,
117.308289, 1.670142, 1.682227, 0.012085,
117.318658, 1.665308, 1.658057, -0.007251,
117.329237, 1.661279, 1.681421, 0.020142,
117.339937, 1.666113, 1.678198, 0.012085,
117.350433, 1.669336, 1.662891, -0.006445,
117.361149, 1.669336, 1.654028, -0.015308,
117.371829, 1.662891, 1.664502, 0.001611,
117.382320, 1.668530, 1.670142, 0.001611,
117.392675, 1.669336, 1.633081, -0.036255,
117.403397, 1.668530, 1.657251, -0.011279,
117.414101, 1.670947, 1.658057, -0.012891,
117.424629, 1.664502, 1.662085, -0.002417,
117.435260, 1.666113, 1.661279, -0.004834,
117.446043, 1.666113, 1.674170, 0.008057,
117.456397, 1.669336, 1.662085, -0.007251,
117.467041, 1.666919, 1.656445, -0.010474,
117.477694, 1.661279, 1.657251, -0.004028,
117.488375, 1.670142, 1.656445, -0.013696,
117.499125, 1.658862, 1.665308, 0.006445,
117.509605, 1.668530, 1.665308, -0.003223,
117.520176, 1.666113, 1.656445, -0.009668,
117.530754, 1.670142, 1.650806, -0.019336,
117.541486, 1.670142, 1.660474, -0.009668,
117.552103, 1.673364, 1.652417, -0.020947,
117.562723, 1.662085, 1.664502, 0.002417,
117.573216, 1.664502, 1.665308, 0.000806,
117.583651, 1.668530, 1.661279, -0.007251,
117.594159, 1.668530, 1.658862, -0.009668,
117.604844, 1.665308, 1.670947, 0.005640,
117.615343, 1.664502, 1.666919, 0.002417,
117.625737, 1.666919, 1.666113, -0.000806,
117.636426, 1.669336, 1.670142, 0.000806,
117.646837, 1.662085, 1.661279, -0.000806,
117.657484, 1.670142, 1.678198, 0.008057,
117.667884, 1.666113, 1.670142, 0.004028,
117.678334, 1.670142, 1.661279, -0.008862,
117.688991, 1.669336, 1.677393, 0.008057,
117.699458, 1.665308, 1.664502, -0.000806,
117.710184, 1.669336, 1.660474, -0.008862,
117.720834, 1.672559, 1.631470, -0.041089,
117.731442, 1.664502, 1.666113, 0.001611,
117.741970, 1.661279, 1.662085, 0.000806,
117.752424, 1.670142, 1.656445, -0.013696,
117.763160, 1.664502, 1.640332, -0.024170,
117.773848, 1.668530, 1.662085, -0.006445,
117.784433, 1.668530, 1.665308, -0.003223,
117.795183, 1.665308, 1.662085, -0.003223,
117.805942, 1.668530, 1.662891, -0.005640,
117.816607, 1.673364, 1.674976, 0.001611,
117.827053, 1.666919, 1.664502, -0.002417,
117.837844, 1.662085, 1.657251, -0.004834,
117.848401, 1.668530, 1.648389, -0.020142,
117.859118, 1.670142, 1.643555, -0.026587,
117.869704, 1.668530, 1.679004, 0.010474,
117.880125, 1.662085, 1.668530, 0.006445,
117.890618, 1.670142, 1.662085, -0.008057,
117.901346, 1.670142, 1.664502, -0.005640,
117.912043, 1.669336, 1.670142, 0.000806,
117.922422, 1.670947, 1.665308, -0.005640,
117.933059, 1.670142, 1.670142, 0.000000,
117.943510, 1.670142, 1.662891, -0.007251,
117.954079, 1.670142, 1.670142, 0.000000,
117.964434, 1.666113, 1.653223, -0.012891,
117.975126, 1.668530, 1.677393, 0.008862,
117.985636, 1.662085, 1.666919, 0.004834,
117.995963, 1.668530, 1.670142, 0.001611,
118.006371, 1.672559, 1.666919, -0.005640,
118.016988, 1.670947, 1.672559, 0.001611,
118.027327, 1.669336, 1.664502, -0.004834,
118.038157, 1.662085, 1.658057, -0.004028,
118.048817, 1.666113, 1.666919, 0.000806,
118.059315, 1.670142, 1.668530, -0.001611,
118.069908, 1.666113, 1.665308, -0.000806,
118.080435, 1.670142, 1.653223, -0.016919,
118.091177, 1.668530, 1.670142, 0.001611,
118.101710, 1.662085, 1.666113, 0.004028,
118.112220, 1.664502, 1.664502, 0.000000,
118.122622, 1.666113, 1.668530, 0.002417,
118.133094, 1.668530, 1.631470, -0.037060,
118.143748, 1.669336, 1.662891, -0.006445,
118.154352, 1.669336, 1.661279, -0.008057,
118.164968, 1.662891, 1.681421, 0.018530,
118.175408, 1.662891, 1.658862, -0.004028,
118.186064, 1.665308, 1.668530, 0.003223,
118.196447, 1.670947, 1.662085, -0.008862,
118.207205, 1.668530, 1.662085, -0.006445,
118.217811, 1.666919, 1.662085, -0.004834,
118.228393, 1.665308, 1.658057, -0.007251,
118.239172, 1.670947, 1.662891, -0.008057,
118.249834, 1.662085, 1.662891, 0.000806,
118.260370, 1.670142, 1.637915, -0.032227,
118.271053, 1.670142, 1.656445, -0.013696,
118.281733, 1.664502, 1.660474, -0.004028,
118.292327, 1.666113, 1.662085, -0.004028,
118.303061, 1.673364, 1.633887, -0.039478,
118.313732, 1.666919, 1.652417, -0.014502,
118.324381, 1.670142, 1.670947, 0.000806,
118.334860, 1.670142, 1.653223, -0.016919,
118.345657, 1.666113, 1.657251, -0.008862,
118.356292, 1.668530, 1.666919, -0.001611,
118.366974, 1.668530, 1.658862, -0.009668,
118.377696, 1.669336, 1.662085, -0.007251,
118.388421, 1.669336, 1.658057, -0.011279,
118.399176, 1.672559, 1.658862, -0.013696,
118.409884, 1.668530, 1.670947, 0.002417,
118.420302, 1.669336, 1.669336, 0.000000,
118.430832, 1.668530, 1.654028, -0.014502,
118.441624, 1.665308, 1.670142, 0.004834,
118.452022, 1.669336, 1.666113, -0.003223,
118.462727, 1.669336, 1.668530, -0.000806,
118.473453, 1.670142, 1.666113, -0.004028,
118.484151, 1.669336, 1.660474, -0.008862,
118.494879, 1.665308, 1.658057, -0.007251,
118.505571, 1.665308, 1.670142, 0.004834,
118.516050, 1.666919, 1.661279, -0.005640,
118.526656, 1.669336, 1.682227, 0.012891,
118.537063, 1.668530, 1.658057, -0.010474,
118.547620, 1.669336, 1.666113, -0.003223,
118.558376, 1.664502, 1.662891, -0.001611,
118.569041, 1.670142, 1.661279, -0.008862,
118.579654, 1.670142, 1.633887, -0.036255,
118.590399, 1.668530, 1.665308, -0.003223,
118.601146, 1.670142, 1.666919, -0.003223,
118.611859, 1.670947, 1.668530, -0.002417,
118.622571, 1.674170, 1.669336, -0.004834,
118.633290, 1.668530, 1.639526, -0.029004,
118.644014, 1.670947, 1.654028, -0.016919,
118.654701, 1.666113, 1.664502, -0.001611,
118.665469, 1.670142, 1.665308, -0.004834,
118.676129, 1.668530, 1.658862, -0.009668,
118.686836, 1.668530, 1.662085, -0.006445,
118.697449, 1.666919, 1.662085, -0.004834,
118.708206, 1.662891, 1.662085, -0.000806,
118.718861, 1.670947, 1.662085, -0.008862,
118.729447, 1.668530, 1.654834, -0.013696,
118.740158, 1.670142, 1.670142, 0.000000,
118.750653, 1.670947, 1.650806, -0.020142,
118.761284, 1.669336, 1.650000, -0.019336,
118.771932, 1.668530, 1.662891, -0.005640,
118.782669, 1.662891, 1.652417, -0.010474,
118.793316, 1.666113, 1.662085, -0.004028,
118.804060, 1.668530, 1.662085, -0.006445,
118.814801, 1.666919, 1.660474, -0.006445,
118.825452, 1.669336, 1.661279, -0.008057,
118.836156, 1.666113, 1.662085, -0.004028,
118.846884, 1.662891, 1.654834, -0.008057,
118.857615, 1.668530, 1.672559, 0.004028,
118.868056, 1.668530, 1.666113, -0.002417,
118.878664, 1.670947, 1.662085, -0.008862,
118.889316, 1.668530, 1.666919, -0.001611,
118.900051, 1.665308, 1.654028, -0.011279,
118.910776, 1.668530, 1.662085, -0.006445,
118.921392, 1.670142, 1.670142, 0.000000,
118.931919, 1.666113, 1.660474, -0.005640,
118.942680, 1.668530, 1.664502, -0.004028,
118.953319, 1.666919, 1.674170, 0.007251,
118.963736, 1.665308, 1.658862, -0.006445,
118.974408, 1.669336, 1.666113, -0.003223,
118.985194, 1.670947, 1.668530, -0.002417,
118.995731, 1.666919, 1.662085, -0.004834,
119.006429, 1.666919, 1.662085, -0.004834,
119.017108, 1.668530, 1.657251, -0.011279,
119.027612, 1.668530, 1.662085, -0.006445,
119.038288, 1.662085, 1.677393, 0.015308,
119.048609, 1.670142, 1.662085, -0.008057,
119.059259, 1.662085, 1.669336, 0.007251,
119.069638, 1.665308, 1.666113, 0.000806,
119.080012, 1.666113, 1.654028, -0.012085,
119.090609, 1.664502, 1.674170, 0.009668,
119.101057, 1.669336, 1.654834, -0.014502,
119.111725, 1.666919, 1.656445, -0.010474,
119.122269, 1.666919, 1.666113, -0.000806,
119.132911, 1.666919, 1.662085, -0.004834,
119.143513, 1.668530, 1.662085, -0.006445,
119.154050, 1.662085, 1.664502, 0.002417,
119.164451, 1.668530, 1.645972, -0.022559,
119.174958, 1.670142, 1.679004, 0.008862,
119.185369, 1.669336, 1.670142, 0.000806,
119.195716, 1.664502, 1.673364, 0.008862,
119.206153, 1.662085, 1.668530, 0.006445,
119.216484, 1.666113, 1.647583, -0.018530,
119.227049, 1.669336, 1.652417, -0.016919,
119.237807, 1.669336, 1.654834, -0.014502,
119.248384, 1.666113, 1.662085, -0.004028,
119.259052, 1.662085, 1.677393, 0.015308,
119.269414, 1.666113, 1.665308, -0.000806,
119.279935, 1.665308, 1.672559, 0.007251,
119.290372, 1.670142, 1.670142, 0.000000,
119.300714, 1.666113, 1.662891, -0.003223,
119.311382, 1.670142, 1.658862, -0.011279,
119.321948, 1.666113, 1.660474, -0.005640,
119.332604, 1.668530, 1.674170, 0.005640,
119.343105, 1.666919, 1.664502, -0.002417,
119.353612, 1.670142, 1.657251, -0.012891,
119.364276, 1.666919, 1.658862, -0.008057,
119.374917, 1.662085, 1.677393, 0.015308,
119.385366, 1.670142, 1.670947, 0.000806,
119.395621, 1.668530, 1.676587, 0.008057,
119.406064, 1.670142, 1.662085, -0.008057,
119.416612, 1.668530, 1.660474, -0.008057,
119.427158, 1.670142, 1.677393, 0.007251,
119.437540, 1.670142, 1.664502, -0.005640,
119.448051, 1.662085, 1.670142, 0.008057,
119.458485, 1.669336, 1.668530, -0.000806,
119.469099, 1.669336, 1.665308, -0.004028,
119.479604, 1.668530, 1.658057, -0.010474,
119.490148, 1.660474, 1.682227, 0.021753,
119.500610, 1.669336, 1.674976, 0.005640,
119.511045, 1.670142, 1.654028, -0.016113,
119.521604, 1.668530, 1.665308, -0.003223,
119.532246, 1.662085, 1.662085, 0.000000,
119.542608, 1.670142, 1.670142, 0.000000,
119.552833, 1.673364, 1.662085, -0.011279,
119.563493, 1.670142, 1.664502, -0.005640,
119.574066, 1.670142, 1.665308, -0.004834,
119.584711, 1.670142, 1.674976, 0.004834,
119.595052, 1.670142, 1.676587, 0.006445,
119.605486, 1.666919, 1.673364, 0.006445,
119.615937, 1.669336, 1.666113, -0.003223,
119.626485, 1.669336, 1.677393, 0.008057,
119.636944, 1.661279, 1.662891, 0.001611,
119.647373, 1.670142, 1.648389, -0.021753,
119.658052, 1.662085, 1.662085, 0.000000,
119.668297, 1.665308, 1.654028, -0.011279,
119.678834, 1.661279, 1.641138, -0.020142,
119.689487, 1.668530, 1.670142, 0.001611,
119.699936, 1.665308, 1.670142, 0.004834,
119.710365, 1.666919, 1.662085, -0.004834,
119.720923, 1.670142, 1.658862, -0.011279,
119.731480, 1.666919, 1.670142, 0.003223,
119.741938, 1.668530, 1.662085, -0.006445,
119.752482, 1.670142, 1.666113, -0.004028,
119.763153, 1.670142, 1.645166, -0.024976,
119.773741, 1.670142, 1.668530, -0.001611,
119.784373, 1.668530, 1.668530, 0.000000,
119.794623, 1.668530, 1.679004, 0.010474,
119.805053, 1.664502, 1.666919, 0.002417,
119.815402, 1.666113, 1.662085, -0.004028,
119.824052, 1.670142, 1.665308, -0.004834,
119.834687, 1.666919, 1.650806, -0.016113,
119.845319, 1.670142, 1.669336, -0.000806,
119.855833, 1.664502, 1.656445, -0.008057,
119.866495, 1.662891, 1.669336, 0.006445,
119.876836, 1.662085, 1.654028, -0.008057,
119.887494, 1.666919, 1.672559, 0.005640,
119.897834, 1.670142, 1.654834, -0.015308,
119.908602, 1.666919, 1.666113, -0.000806,
119.914464, 1.665308, 1.650000, -0.015308,
119.916437, 1.662085, 1.654834, -0.007251,
119.927270, 1.666113, 1.670947, 0.004834,
119.937802, 1.666113, 1.665308, -0.000806,
119.948365, 1.670142, 1.673364, 0.003223,
119.958718, 1.668530, 1.677393, 0.008862,
119.969092, 1.669336, 1.666919, -0.002417,
119.979608, 1.669336, 1.668530, -0.000806,
119.990176, 1.666919, 1.654028, -0.012891,
120.000832, 1.669336, 1.669336, 0.000000,
120.011261, 1.664502, 1.643555, -0.020947,
120.021842, 1.664502, 1.665308, 0.000806,
120.032247, 1.669336, 1.665308, -0.004028,
120.042904, 1.658057, 1.654834, -0.003223,
120.053375, 1.666919, 1.660474, -0.006445,
120.064023, 1.669336, 1.654834, -0.014502,
120.074599, 1.668530, 1.658862, -0.009668,
120.085205, 1.664502, 1.644360, -0.020142,
120.095716, 1.670142, 1.666113, -0.004028,
120.106384, 1.668530, 1.669336, 0.000806,
120.116719, 1.670947, 1.654834, -0.016113,
120.127278, 1.669336, 1.658862, -0.010474,
120.138028, 1.665308, 1.673364, 0.008057,
120.148268, 1.668530, 1.660474, -0.008057,
120.158933, 1.668530, 1.670947, 0.002417,
120.169310, 1.669336, 1.664502, -0.004834,
120.179840, 1.662891, 1.658862, -0.004028,
120.190490, 1.670142, 1.662085, -0.008057,
120.201151, 1.672559, 1.677393, 0.004834,
120.211614, 1.662085, 1.654028, -0.008057,
120.222150, 1.668530, 1.662085, -0.006445,
120.232746, 1.669336, 1.666113, -0.003223,
120.243374, 1.669336, 1.670142, 0.000806,
120.253716, 1.666919, 1.654834, -0.012085,
120.264367, 1.670142, 1.654834, -0.015308,
120.274943, 1.668530, 1.670947, 0.002417,
120.285360, 1.662891, 1.670142, 0.007251,
120.295616, 1.666919, 1.658057, -0.008862,
120.306271, 1.666919, 1.670142, 0.003223,
120.316715, 1.668530, 1.654834, -0.013696,
120.327261, 1.670947, 1.660474, -0.010474,
120.338103, 1.666113, 1.648389, -0.017725,
120.348617, 1.664502, 1.664502, 0.000000,
120.358947, 1.666919, 1.673364, 0.006445,
120.369311, 1.665308, 1.681421, 0.016113,
120.379615, 1.666919, 1.662085, -0.004834,
120.390164, 1.666113, 1.669336, 0.003223,
120.400620, 1.668530, 1.653223, -0.015308,
120.411279, 1.665308, 1.669336, 0.004028,
120.421624, 1.670142, 1.662891, -0.007251,
120.432239, 1.664502, 1.668530, 0.004028,
120.442624, 1.668530, 1.664502, -0.004028,
120.453160, 1.665308, 1.662085, -0.003223,
120.463846, 1.670142, 1.640332, -0.029810,
120.474387, 1.669336, 1.666919, -0.002417,
120.485058, 1.668530, 1.649194, -0.019336,
120.495611, 1.670142, 1.633887, -0.036255,
120.506269, 1.665308, 1.679004, 0.013696,
120.516668, 1.672559, 1.666113, -0.006445,
120.527157, 1.670947, 1.654834, -0.016113,
120.537918, 1.669336, 1.665308, -0.004028,
120.548392, 1.666919, 1.662085, -0.004834,
120.559043, 1.666113, 1.658862, -0.007251,
120.569650, 1.669336, 1.670947, 0.001611,
120.579936, 1.668530, 1.658862, -0.009668,
120.590620, 1.664502, 1.669336, 0.004834,
120.601055, 1.670142, 1.658862, -0.011279,
120.611727, 1.666919, 1.674170, 0.007251,
120.622062, 1.668530, 1.662085, -0.006445,
120.632687, 1.669336, 1.660474, -0.008862,
120.643271, 1.662085, 1.668530, 0.006445,
120.653628, 1.668530, 1.661279, -0.007251,
120.664286, 1.669336, 1.658057, -0.011279,
120.674876, 1.669336, 1.661279, -0.008057,
120.685497, 1.662085, 1.668530, 0.006445,
120.695838, 1.669336, 1.661279, -0.008057,
120.706493, 1.668530, 1.677393, 0.008862,
120.716850, 1.658057, 1.664502, 0.006445,
120.727160, 1.664502, 1.673364, 0.008862,
120.737680, 1.668530, 1.674976, 0.006445,
120.748054, 1.665308, 1.657251, -0.008057,
120.758728, 1.669336, 1.668530, -0.000806,
120.769318, 1.668530, 1.674976, 0.006445,
120.779619, 1.662085, 1.658057, -0.004028,
120.790274, 1.665308, 1.670142, 0.004834,
120.800716, 1.669336, 1.658057, -0.011279,
120.811383, 1.670947, 1.668530, -0.002417,
120.821935, 1.666919, 1.658057, -0.008862,
120.832611, 1.666113, 1.670142, 0.004028,
120.843059, 1.665308, 1.657251, -0.008057,
120.853621, 1.665308, 1.662085, -0.003223,
120.864281, 1.668530, 1.658862, -0.009668,
120.874861, 1.665308, 1.645972, -0.019336,
120.885488, 1.662891, 1.683838, 0.020947,
120.895847, 1.664502, 1.668530, 0.004028,
120.906272, 1.665308, 1.683032, 0.017725,
120.916714, 1.666113, 1.657251, -0.008862,
120.927275, 1.665308, 1.658862, -0.006445,
120.938028, 1.670142, 1.660474, -0.009668,
120.948616, 1.666919, 1.661279, -0.005640,
120.959261, 1.670142, 1.677393, 0.007251,
120.969647, 1.670142, 1.664502, -0.005640,
120.980172, 1.668530, 1.658057, -0.010474,
120.990840, 1.662891, 1.672559, 0.009668,
121.001275, 1.669336, 1.658862, -0.010474,
121.011939, 1.668530, 1.660474, -0.008057,
121.022499, 1.670142, 1.670142, 0.000000,
121.032837, 1.662085, 1.664502, 0.002417,
121.043309, 1.670142, 1.678198, 0.008057,
121.053624, 1.666113, 1.681421, 0.015308,
121.064050, 1.666113, 1.653223, -0.012891,
121.074658, 1.664502, 1.669336, 0.004834,
121.085059, 1.666919, 1.657251, -0.009668,
121.095621, 1.668530, 1.650000, -0.018530,
121.106267, 1.670142, 1.669336, -0.000806,
121.116940, 1.665308, 1.669336, 0.004028,
121.127269, 1.669336, 1.662891, -0.006445,
121.138028, 1.662085, 1.662085, 0.000000,
121.148273, 1.669336, 1.672559, 0.003223,
121.158726, 1.670142, 1.662891, -0.007251,
121.169307, 1.666113, 1.666919, 0.000806,
121.179635, 1.666919, 1.658862, -0.008057,
121.190278, 1.666113, 1.664502, -0.001611,
121.200941, 1.666919, 1.653223, -0.013696,
121.211615, 1.670142, 1.664502, -0.005640,
121.222161, 1.670142, 1.658057, -0.012085,
121.232839, 1.670947, 1.654028, -0.016919,
121.243506, 1.662085, 1.666113, 0.004028,
121.253839, 1.666113, 1.662085, -0.004028,
121.264487, 1.670947, 1.660474, -0.010474,
121.275058, 1.668530, 1.662085, -0.006445,
121.285728, 1.666113, 1.664502, -0.001611,
121.296275, 1.669336, 1.661279, -0.008057,
121.307051, 1.672559, 1.674976, 0.002417,
121.317378, 1.673364, 1.654834, -0.018530,
121.327939, 1.670142, 1.681421, 0.011279,
121.338568, 1.669336, 1.670142, 0.000806,
121.348841, 1.670142, 1.656445, -0.013696,
121.359484, 1.670142, 1.654834, -0.015308,
121.370089, 1.669336, 1.662085, -0.007251,
121.380626, 1.669336, 1.637915, -0.031421,
121.391270, 1.670142, 1.670142, 0.000000,
121.401710, 1.670142, 1.682227, 0.012085,
121.412157, 1.662085, 1.654028, -0.008057,
121.422719, 1.670947, 1.662085, -0.008862,
121.433355, 1.666919, 1.664502, -0.002417,
121.443979, 1.669336, 1.677393, 0.008057,
121.454278, 1.668530, 1.665308, -0.003223,
121.464934, 1.668530, 1.658057, -0.010474,
121.475497, 1.672559, 1.665308, -0.007251,
121.486167, 1.673364, 1.670947, -0.002417,
121.496726, 1.670947, 1.665308, -0.005640,
121.507466, 1.666113, 1.668530, 0.002417,
121.517846, 1.662085, 1.664502, 0.002417,
121.528160, 1.669336, 1.670142, 0.000806,
121.538694, 1.666113, 1.662891, -0.003223,
121.549159, 1.669336, 1.662085, -0.007251,
121.559723, 1.662085, 1.682227, 0.020142,
121.570104, 1.668530, 1.660474, -0.008057,
121.580661, 1.669336, 1.643555, -0.025781,
121.591279, 1.669336, 1.668530, -0.000806,
121.601945, 1.669336, 1.662085, -0.007251,
121.612628, 1.670142, 1.657251, -0.012891,
121.623173, 1.669336, 1.664502, -0.004834,
121.633838, 1.668530, 1.664502, -0.004028,
121.644492, 1.670947, 1.633887, -0.037060,
121.655059, 1.668530, 1.666113, -0.002417,
121.665624, 1.668530, 1.668530, 0.000000,
121.675965, 1.669336, 1.662085, -0.007251,
121.686621, 1.666919, 1.645166, -0.021753,
121.697165, 1.668530, 1.662891, -0.005640,
121.707923, 1.670142, 1.662085, -0.008057,
121.718499, 1.670142, 1.677393, 0.007251,
121.728851, 1.669336, 1.660474, -0.008862,
121.739609, 1.669336, 1.668530, -0.000806,
121.750166, 1.662891, 1.653223, -0.009668,
121.760842, 1.662891, 1.662891, 0.000000,
121.771210, 1.662891, 1.670142, 0.007251,
121.781503, 1.670947, 1.654834, -0.016113,
121.792060, 1.662085, 1.669336, 0.007251,
121.802500, 1.670142, 1.660474, -0.009668,
121.813165, 1.672559, 1.637109, -0.035449,
121.823727, 1.670947, 1.649194, -0.021753,
121.834450, 1.670947, 1.647583, -0.023364,
121.845069, 1.670142, 1.654028, -0.016113,
121.855619, 1.662891, 1.670142, 0.007251,
121.866058, 1.670142, 1.662085, -0.008057,
121.876622, 1.668530, 1.691895, 0.023364,
121.887064, 1.670947, 1.656445, -0.014502,
121.897640, 1.670142, 1.657251, -0.012891,
121.908352, 1.669336, 1.669336, 0.000000,
121.918629, 1.664502, 1.670142, 0.005640,
121.928947, 1.662085, 1.645166, -0.016919,
121.939721, 1.662891, 1.670947, 0.008057,
121.950071, 1.668530, 1.665308, -0.003223,
121.960746, 1.668530, 1.664502, -0.004028,
121.971313, 1.669336, 1.672559, 0.003223,
121.981702, 1.666113, 1.657251, -0.008862,
121.992175, 1.666919, 1.666919, 0.000000,
122.002497, 1.665308, 1.664502, -0.000806,
122.013161, 1.673364, 1.664502, -0.008862,
122.023728, 1.668530, 1.670142, 0.001611,
122.034161, 1.668530, 1.662891, -0.005640,
122.044731, 1.669336, 1.665308, -0.004028,
122.055285, 1.658862, 1.670947, 0.012085,
122.065624, 1.673364, 1.668530, -0.004834,
122.076169, 1.670142, 1.654028, -0.016113,
122.086848, 1.666113, 1.654028, -0.012085,
122.097404, 1.669336, 1.677393, 0.008057,
122.107923, 1.668530, 1.678198, 0.009668,
122.118288, 1.670947, 1.652417, -0.018530,
122.128848, 1.669336, 1.653223, -0.016113,
122.139615, 1.666919, 1.664502, -0.002417,
122.150157, 1.661279, 1.662891, 0.001611,
122.160528, 1.669336, 1.658862, -0.010474,
122.171099, 1.669336, 1.665308, -0.004028,
122.181706, 1.670142, 1.678198, 0.008057,
122.192066, 1.670142, 1.670142, 0.000000,
122.202379, 1.666919, 1.672559, 0.005640,
122.212836, 1.670142, 1.658057, -0.012085,
122.223407, 1.673364, 1.681421, 0.008057,
122.233833, 1.665308, 1.665308, 0.000000,
122.244164, 1.670142, 1.670947, 0.000806,
122.254500, 1.666113, 1.658862, -0.007251,
122.265161, 1.664502, 1.652417, -0.012085,
122.275740, 1.668530, 1.662085, -0.006445,
122.286378, 1.669336, 1.662085, -0.007251,
122.296943, 1.669336, 1.672559, 0.003223,
122.307465, 1.664502, 1.669336, 0.004834,
122.317740, 1.666113, 1.669336, 0.003223,
122.328060, 1.668530, 1.662891, -0.005640,
122.338905, 1.670142, 1.665308, -0.004834,
122.349381, 1.664502, 1.666919, 0.002417,
122.359846, 1.670142, 1.679004, 0.008862,
122.370213, 1.668530, 1.664502, -0.004028,
122.380727, 1.670947, 1.665308, -0.005640,
122.391316, 1.664502, 1.673364, 0.008862,
122.401732, 1.664502, 1.664502, 0.000000,
122.412163, 1.670142, 1.654834, -0.015308,
122.422738, 1.669336, 1.674976, 0.005640,
122.433156, 1.666919, 1.654834, -0.012085,
122.443730, 1.669336, 1.678198, 0.008862,
122.454073, 1.662085, 1.662891, 0.000806,
122.464508, 1.670947, 1.661279, -0.009668,
122.475063, 1.666113, 1.664502, -0.001611,
122.485753, 1.666919, 1.664502, -0.002417,
122.496277, 1.669336, 1.661279, -0.008057,
122.507041, 1.666113, 1.668530, 0.002417,
122.517394, 1.668530, 1.666919, -0.001611,
122.527956, 1.665308, 1.660474, -0.004834,
122.538700, 1.670142, 1.650000, -0.020142,
122.549284, 1.668530, 1.672559, 0.004028,
122.559721, 1.670142, 1.670142, 0.000000,
122.569999, 1.666919, 1.662085, -0.004834,
122.580505, 1.670142, 1.662085, -0.008057,
122.591066, 1.665308, 1.662891, -0.002417,
122.601735, 1.666113, 1.639526, -0.026587,
122.612386, 1.668530, 1.649194, -0.019336,
122.622944, 1.666919, 1.645972, -0.020947,
122.633626, 1.664502, 1.649194, -0.015308,
122.644283, 1.669336, 1.666113, -0.003223,
122.654848, 1.668530, 1.658862, -0.009668,
122.665496, 1.666113, 1.676587, 0.010474,
122.675848, 1.668530, 1.678198, 0.009668,
122.686283, 1.670142, 1.656445, -0.013696,
122.696846, 1.669336, 1.648389, -0.020947,
122.707625, 1.670142, 1.677393, 0.007251,
122.717955, 1.668530, 1.662085, -0.006445,
122.728495, 1.670947, 1.660474, -0.010474,
122.739144, 1.668530, 1.673364, 0.004834,
122.749497, 1.670947, 1.665308, -0.005640,
122.760065, 1.670142, 1.654834, -0.015308,
122.770688, 1.670142, 1.664502, -0.005640,
122.781171, 1.664502, 1.662085, -0.002417,
122.791726, 1.666919, 1.668530, 0.001611,
122.802169, 1.670142, 1.657251, -0.012891,
122.812877, 1.670142, 1.653223, -0.016919,
122.823394, 1.669336, 1.670142, 0.000806,
122.833836, 1.666113, 1.665308, -0.000806,
122.844501, 1.670142, 1.657251, -0.012891,
122.855062, 1.666113, 1.665308, -0.000806,
122.865626, 1.666919, 1.670947, 0.004028,
122.875956, 1.666919, 1.666919, 0.000000,
122.886390, 1.662085, 1.665308, 0.003223,
122.896732, 1.666113, 1.654834, -0.011279,
122.907476, 1.670142, 1.669336, -0.000806,
122.918069, 1.665308, 1.662085, -0.003223,
122.928524, 1.670142, 1.649194, -0.020947,
122.939280, 1.670142, 1.682227, 0.012085,
122.949631, 1.670142, 1.654834, -0.015308,
122.960284, 1.666113, 1.660474, -0.005640,
122.970907, 1.670142, 1.665308, -0.004834,
122.981382, 1.670142, 1.650806, -0.019336,
122.991952, 1.670142, 1.666113, -0.004028,
123.002630, 1.666113, 1.664502, -0.001611,
123.013277, 1.662085, 1.653223, -0.008862,
123.023852, 1.669336, 1.673364, 0.004028,
123.034278, 1.668530, 1.664502, -0.004028,
123.044846, 1.668530, 1.656445, -0.012085,
123.055387, 1.673364, 1.682227, 0.008862,
123.065847, 1.666919, 1.641138, -0.025781,
123.076432, 1.670142, 1.658057, -0.012085,
123.087059, 1.670142, 1.664502, -0.005640,
123.097627, 1.670142, 1.666919, -0.003223,
123.108358, 1.668530, 1.676587, 0.008057,
123.118624, 1.662891, 1.686255, 0.023364,
123.128945, 1.669336, 1.654028, -0.015308,
123.139642, 1.669336, 1.662085, -0.007251,
123.150162, 1.662085, 1.661279, -0.000806,
123.160847, 1.665308, 1.656445, -0.008862,
123.171417, 1.666919, 1.662085, -0.004834,
123.182039, 1.668530, 1.670142, 0.001611,
123.192283, 1.665308, 1.645166, -0.020142,
123.202950, 1.670142, 1.687866, 0.017725,
123.213384, 1.669336, 1.669336, 0.000000,
123.223691, 1.666919, 1.668530, 0.001611,
123.234057, 1.666919, 1.666113, -0.000806,
123.244626, 1.669336, 1.665308, -0.004028,
123.255174, 1.670947, 1.669336, -0.001611,
123.265740, 1.662891, 1.649194, -0.013696,
123.276348, 1.666919, 1.662085, -0.004834,
123.286956, 1.665308, 1.668530, 0.003223,
123.297283, 1.666113, 1.647583, -0.018530,
123.308064, 1.669336, 1.666919, -0.002417,
123.318634, 1.672559, 1.676587, 0.004028,
123.328955, 1.670142, 1.670142, 0.000000,
123.339492, 1.672559, 1.670947, -0.001611,
123.350080, 1.670142, 1.656445, -0.013696,
123.360734, 1.664502, 1.656445, -0.008057,
123.371316, 1.661279, 1.664502, 0.003223,
123.381713, 1.666919, 1.679004, 0.012085,
123.392067, 1.670142, 1.668530, -0.001611,
123.402761, 1.668530, 1.672559, 0.004028,
123.413178, 1.662085, 1.654834, -0.007251,
123.423725, 1.670142, 1.664502, -0.005640,
123.434383, 1.668530, 1.657251, -0.011279,
123.445006, 1.666919, 1.661279, -0.005640,
123.455501, 1.665308, 1.668530, 0.003223,
123.465850, 1.662891, 1.656445, -0.006445,
123.476495, 1.670142, 1.668530, -0.001611,
123.487136, 1.672559, 1.660474, -0.012085,
123.497634, 1.669336, 1.662085, -0.007251,
123.508364, 1.669336, 1.672559, 0.003223,
123.518627, 1.669336, 1.666113, -0.003223,
123.529170, 1.673364, 1.656445, -0.016919,
123.539950, 1.670142, 1.670142, 0.000000,
123.550167, 1.664502, 1.658057, -0.006445,
123.560726, 1.666919, 1.658057, -0.008862,
123.571322, 1.666113, 1.662085, -0.004028,
123.581939, 1.662085, 1.656445, -0.005640,
123.592504, 1.669336, 1.666919, -0.002417,
123.603190, 1.666919, 1.658057, -0.008862,
123.613850, 1.669336, 1.644360, -0.024976,
123.624384, 1.670142, 1.633081, -0.037060,
123.635067, 1.665308, 1.662085, -0.003223,
123.645740, 1.670947, 1.658862, -0.012085,
123.656288, 1.666113, 1.670142, 0.004028,
123.666662, 1.670142, 1.679004, 0.008862,
123.676951, 1.670142, 1.672559, 0.002417,
123.687378, 1.668530, 1.665308, -0.003223,
123.697847, 1.669336, 1.656445, -0.012891,
123.708631, 1.668530, 1.670142, 0.001611,
123.718962, 1.670947, 1.654834, -0.016113,
123.729498, 1.668530, 1.654028, -0.014502,
123.740258, 1.666919, 1.669336, 0.002417,
123.750511, 1.668530, 1.650806, -0.017725,
123.761174, 1.666113, 1.657251, -0.008862,
123.771771, 1.668530, 1.674976, 0.006445,
123.782163, 1.666919, 1.664502, -0.002417,
123.792729, 1.669336, 1.681421, 0.012085,
123.803171, 1.666919, 1.647583, -0.019336,
123.813855, 1.669336, 1.666113, -0.003223,
123.824393, 1.666113, 1.681421, 0.015308,
123.834853, 1.662085, 1.674170, 0.012085,
123.845287, 1.669336, 1.666113, -0.003223,
123.855850, 1.668530, 1.666919, -0.001611,
123.866499, 1.666113, 1.647583, -0.018530,
123.877068, 1.666113, 1.666919, 0.000806,
123.887502, 1.664502, 1.668530, 0.004028,
123.897857, 1.670142, 1.658862, -0.011279,
123.908618, 1.664502, 1.679810, 0.015308,
123.918957, 1.666113, 1.658862, -0.007251,
123.929530, 1.670142, 1.670142, 0.000000,
123.940062, 1.665308, 1.665308, 0.000000,
123.950291, 1.669336, 1.664502, -0.004834,
123.960949, 1.661279, 1.654834, -0.006445,
123.971527, 1.668530, 1.657251, -0.011279,
123.982155, 1.668530, 1.666919, -0.001611,
123.992647, 1.670142, 1.670142, 0.000000,
124.003061, 1.670947, 1.654028, -0.016919,
124.013725, 1.666919, 1.668530, 0.001611,
124.024073, 1.666919, 1.679004, 0.012085,
124.034499, 1.665308, 1.641138, -0.024170,
124.045069, 1.666919, 1.662085, -0.004834,
124.055629, 1.661279, 1.662085, 0.000806,
124.066068, 1.662085, 1.660474, -0.001611,
124.076629, 1.662085, 1.669336, 0.007251,
124.087070, 1.670947, 1.681421, 0.010474,
124.097393, 1.670142, 1.656445, -0.013696,
124.108171, 1.672559, 1.670947, -0.001611,
124.118737, 1.668530, 1.683838, 0.015308,
124.129069, 1.670142, 1.654834, -0.015308,
124.139822, 1.672559, 1.673364, 0.000806,
124.150158, 1.669336, 1.654834, -0.014502,
124.160839, 1.668530, 1.658057, -0.010474,
124.171426, 1.666919, 1.669336, 0.002417,
124.181814, 1.662085, 1.657251, -0.004834,
124.192313, 1.666919, 1.673364, 0.006445,
124.202737, 1.670947, 1.654834, -0.016113,
124.213395, 1.669336, 1.666919, -0.002417,
124.223958, 1.665308, 1.669336, 0.004028,
124.234394, 1.666113, 1.674976, 0.008862,
124.244850, 1.668530, 1.654834, -0.013696,
124.255421, 1.670947, 1.668530, -0.002417,
124.266070, 1.666113, 1.662891, -0.003223,
124.276631, 1.668530, 1.657251, -0.011279,
124.287290, 1.664502, 1.656445, -0.008057,
124.297849, 1.668530, 1.657251, -0.011279,
124.308626, 1.674170, 1.664502, -0.009668,
124.319176, 1.666919, 1.665308, -0.001611,
124.329730, 1.670947, 1.669336, -0.001611,
124.340624, 1.666919, 1.647583, -0.019336,
124.351167, 1.666919, 1.662085, -0.004834,
124.361739, 1.662891, 1.656445, -0.006445,
124.372318, 1.665308, 1.664502, -0.000806,
124.382929, 1.669336, 1.668530, -0.000806,
124.393503, 1.665308, 1.670947, 0.005640,
124.403848, 1.660474, 1.637915, -0.022559,
124.414502, 1.670142, 1.658057, -0.012085,
124.425071, 1.670947, 1.666919, -0.004028,
124.435654, 1.666113, 1.648389, -0.017725,
124.446311, 1.662085, 1.654834, -0.007251,
124.456934, 1.669336, 1.670142, 0.000806,
124.467197, 1.664502, 1.664502, 0.000000,
124.477502, 1.669336, 1.661279, -0.008057,
124.488166, 1.666919, 1.661279, -0.005640,
124.498810, 1.666919, 1.662085, -0.004834,
124.509503, 1.666113, 1.662085, -0.004028,
124.520063, 1.666919, 1.664502, -0.002417,
124.530630, 1.670142, 1.654834, -0.015308,
124.541353, 1.670142, 1.674976, 0.004834,
124.551627, 1.666919, 1.654834, -0.012085,
124.562286, 1.660474, 1.661279, 0.000806,
124.572640, 1.668530, 1.657251, -0.011279,
124.583293, 1.666113, 1.666919, 0.000806,
124.593627, 1.668530, 1.641943, -0.026587,
124.604285, 1.669336, 1.658862, -0.010474,
124.614957, 1.665308, 1.665308, 0.000000,
124.625173, 1.668530, 1.641138, -0.027393,
124.635851, 1.658862, 1.662891, 0.004028,
124.646173, 1.665308, 1.661279, -0.004028,
124.656819, 1.666113, 1.666113, 0.000000,
124.667105, 1.662085, 1.665308, 0.003223,
124.677393, 1.668530, 1.674976, 0.006445,
124.687854, 1.669336, 1.669336, 0.000000,
124.698175, 1.662085, 1.665308, 0.003223,
124.708629, 1.662891, 1.666919, 0.004028,
124.718965, 1.670142, 1.653223, -0.016919,
124.729506, 1.666113, 1.662085, -0.004028,
124.740293, 1.668530, 1.670947, 0.002417,
124.750632, 1.666113, 1.662891, -0.003223,
124.761282, 1.665308, 1.664502, -0.000806,
124.771841, 1.666113, 1.654834, -0.011279,
124.782597, 1.666919, 1.674170, 0.007251,
124.792855, 1.669336, 1.658862, -0.010474,
124.803513, 1.670142, 1.658057, -0.012085,
124.814172, 1.668530, 1.654834, -0.013696,
124.824740, 1.668530, 1.665308, -0.003223,
124.835384, 1.664502, 1.664502, 0.000000,
124.845763, 1.670142, 1.669336, -0.000806,
124.856291, 1.666919, 1.674170, 0.007251,
124.866635, 1.665308, 1.669336, 0.004028,
124.876954, 1.669336, 1.664502, -0.004834,
124.887634, 1.665308, 1.660474, -0.004834,
124.898177, 1.662085, 1.681421, 0.019336,
124.907969, 1.668530, 1.670142, 0.001611,
124.918299, 1.666919, 1.653223, -0.013696,
124.928852, 1.669336, 1.649194, -0.020142,
124.939629, 1.669336, 1.670947, 0.001611,
124.949960, 1.670142, 1.686255, 0.016113,
124.960383, 1.670142, 1.666113, -0.004028,
124.970896, 1.669336, 1.661279, -0.008057,
124.981392, 1.666113, 1.640332, -0.025781,
124.991964, 1.665308, 1.666919, 0.001611,
125.002393, 1.670142, 1.652417, -0.017725,
125.013075, 1.665308, 1.662085, -0.003223,
125.023634, 1.665308, 1.670947, 0.005640,
125.034068, 1.666919, 1.673364, 0.006445,
125.044510, 1.666113, 1.666113, 0.000000,
125.054825, 1.662891, 1.657251, -0.005640,
125.065393, 1.664502, 1.657251, -0.007251,
125.075960, 1.666919, 1.687060, 0.020142,
125.086396, 1.669336, 1.676587, 0.007251,
125.096739, 1.670947, 1.662891, -0.008057,
125.107511, 1.670947, 1.662891, -0.008057,
125.118076, 1.662085, 1.674170, 0.012085,
125.128396, 1.669336, 1.654028, -0.015308,
125.139153, 1.664502, 1.673364, 0.008862,
125.149516, 1.668530, 1.654028, -0.014502,
125.160171, 1.666919, 1.664502, -0.002417,
125.170739, 1.666113, 1.647583, -0.018530,
125.181295, 1.670142, 1.649194, -0.020947,
125.191853, 1.668530, 1.673364, 0.004834,
125.202293, 1.668530, 1.677393, 0.008862,
125.212737, 1.670142, 1.665308, -0.004834,
125.223295, 1.666113, 1.679004, 0.012891,
125.233740, 1.662891, 1.640332, -0.022559,
125.244409, 1.673364, 1.662085, -0.011279,
125.254964, 1.661279, 1.658057, -0.003223,
125.265633, 1.669336, 1.662891, -0.006445,
125.276185, 1.668530, 1.678198, 0.009668,
125.286634, 1.670947, 1.677393, 0.006445,
125.296967, 1.666919, 1.658057, -0.008862,
125.307744, 1.668530, 1.673364, 0.004834,
125.318083, 1.666919, 1.670142, 0.003223,
125.328400, 1.666919, 1.656445, -0.010474,
125.339257, 1.666919, 1.670142, 0.003223,
125.349517, 1.670947, 1.650000, -0.020947,
125.360152, 1.669336, 1.670947, 0.001611,
125.370629, 1.666919, 1.670947, 0.004028,
125.380964, 1.668530, 1.641943, -0.026587,
125.391509, 1.665308, 1.661279, -0.004028,
125.402181, 1.670947, 1.656445, -0.014502,
125.412852, 1.665308, 1.645972, -0.019336,
125.423396, 1.666113, 1.666919, 0.000806,
125.433751, 1.668530, 1.660474, -0.008057,
125.444402, 1.662085, 1.670142, 0.008057,
125.454742, 1.664502, 1.666919, 0.002417,
125.465182, 1.666919, 1.647583, -0.019336,
125.475790, 1.669336, 1.660474, -0.008862,
125.486393, 1.669336, 1.666919, -0.002417,
125.496966, 1.666113, 1.670142, 0.004028,
125.507482, 1.669336, 1.662085, -0.007251,
125.517981, 1.665308, 1.657251, -0.008057,
125.528510, 1.665308, 1.660474, -0.004834,
125.539260, 1.668530, 1.669336, 0.000806,
125.549636, 1.669336, 1.662085, -0.007251,
125.560294, 1.662085, 1.652417, -0.009668,
125.570918, 1.666113, 1.658862, -0.007251,
125.581402, 1.668530, 1.654028, -0.014502,
125.591961, 1.662085, 1.669336, 0.007251,
125.602794, 1.662085, 1.666113, 0.004028,
125.613183, 1.664502, 1.673364, 0.008862,
125.623517, 1.668530, 1.660474, -0.008057,
125.634177, 1.670142, 1.660474, -0.009668,
125.644858, 1.668530, 1.637109, -0.031421,
125.655399, 1.669336, 1.662085, -0.007251,
125.666079, 1.670142, 1.666919, -0.003223,
125.676641, 1.670142, 1.670142, 0.000000,
125.687075, 1.668530, 1.660474, -0.008057,
125.697654, 1.668530, 1.683838, 0.015308,
125.708152, 1.670947, 1.679004, 0.008057,
125.718518, 1.668530, 1.660474, -0.008057,
125.729074, 1.670947, 1.669336, -0.001611,
125.739847, 1.665308, 1.679810, 0.014502,
125.750190, 1.669336, 1.664502, -0.004834,
125.760854, 1.668530, 1.650806, -0.017725,
125.771412, 1.673364, 1.664502, -0.008862,
125.782057, 1.662891, 1.666113, 0.003223,
125.792400, 1.670142, 1.682227, 0.012085,
125.802856, 1.664502, 1.665308, 0.000806,
125.813295, 1.670142, 1.662891, -0.007251,
125.823858, 1.661279, 1.668530, 0.007251,
125.834282, 1.666919, 1.650000, -0.016919,
125.844962, 1.670142, 1.633081, -0.037060,
125.848786, 1.670142, 1.674170, 0.004028,
125.859283, 1.666113, 1.665308, -0.000806,
125.869860, 1.670142, 1.664502, -0.005640,
125.880391, 1.666919, 1.662085, -0.004834,
125.890959, 1.669336, 1.669336, 0.000000,
125.901390, 1.661279, 1.652417, -0.008862,
125.912077, 1.670947, 1.662085, -0.008862,
125.922639, 1.670142, 1.662891, -0.007251,
125.933294, 1.672559, 1.660474, -0.012085,
125.943963, 1.669336, 1.679004, 0.009668,
125.954189, 1.666919, 1.653223, -0.013696,
125.964855, 1.670142, 1.662085, -0.008057,
125.975403, 1.670947, 1.658862, -0.012085,
125.986080, 1.670142, 1.650000, -0.020142,
125.996641, 1.668530, 1.653223, -0.015308,
126.007384, 1.668530, 1.662891, -0.005640,
126.017855, 1.669336, 1.661279, -0.008057,
126.028399, 1.669336, 1.656445, -0.012891,
126.033178, 1.668530, 1.668530, 0.000000,
126.034701, 1.666919, 1.662085, -0.004834,
126.045398, 1.662085, 1.662085, 0.000000,
126.055636, 1.670142, 1.662085, -0.008057,
126.066174, 1.670142, 1.676587, 0.006445,
126.076518, 1.669336, 1.662891, -0.006445,
126.087180, 1.665308, 1.654834, -0.010474,
126.097743, 1.665308, 1.664502, -0.000806,
126.108512, 1.666919, 1.679004, 0.012085,
126.118859, 1.670142, 1.673364, 0.003223,
126.129177, 1.670142, 1.662085, -0.008057,
126.139832, 1.668530, 1.665308, -0.003223,
126.150405, 1.672559, 1.660474, -0.012085,
126.161072, 1.670142, 1.677393, 0.007251,
126.171439, 1.670947, 1.677393, 0.006445,
126.181821, 1.670142, 1.661279, -0.008862,
126.192394, 1.669336, 1.658862, -0.010474,
126.203065, 1.666919, 1.658057, -0.008862,
126.213738, 1.664502, 1.654028, -0.010474,
126.224296, 1.669336, 1.674170, 0.004834,
126.234743, 1.670947, 1.666919, -0.004028,
126.245395, 1.669336, 1.664502, -0.004834,
126.255966, 1.666919, 1.670142, 0.003223,
126.266293, 1.668530, 1.664502, -0.004028,
126.276871, 1.670142, 1.643555, -0.026587,
126.287523, 1.669336, 1.664502, -0.004834,
126.298084, 1.668530, 1.674976, 0.006445,
126.308511, 1.666113, 1.674976, 0.008862,
126.318864, 1.668530, 1.664502, -0.004028,
126.329396, 1.666919, 1.666113, -0.000806,
126.340251, 1.661279, 1.669336, 0.008057,
126.350509, 1.670947, 1.679004, 0.008057,
126.360962, 1.670142, 1.662085, -0.008057,
126.371531, 1.669336, 1.669336, 0.000000,
126.381948, 1.665308, 1.657251, -0.008057,
126.392394, 1.669336, 1.665308, -0.004028,
126.402964, 1.672559, 1.648389, -0.024170,
126.413639, 1.668530, 1.670142, 0.001611,
126.423962, 1.669336, 1.677393, 0.008057,
126.434289, 1.668530, 1.672559, 0.004028,
126.444642, 1.670947, 1.658862, -0.012085,
126.455181, 1.665308, 1.666113, 0.000806,
126.465509, 1.668530, 1.658057, -0.010474,
126.476075, 1.669336, 1.677393, 0.008057,
126.486518, 1.668530, 1.670142, 0.001611,
126.496854, 1.661279, 1.662085, 0.000806,
126.507384, 1.669336, 1.670142, 0.000806,
126.517649, 1.668530, 1.652417, -0.016113,
126.528191, 1.665308, 1.661279, -0.004028,
126.538929, 1.662891, 1.678198, 0.015308,
126.549292, 1.666113, 1.674976, 0.008862,
126.559734, 1.668530, 1.662085, -0.006445,
126.570318, 1.670142, 1.668530, -0.001611,
126.580863, 1.662891, 1.652417, -0.010474,
126.591513, 1.664502, 1.662085, -0.002417,
126.602169, 1.670142, 1.683838, 0.013696,
126.612650, 1.669336, 1.652417, -0.016919,
126.623182, 1.668530, 1.674170, 0.005640,
126.633633, 1.668530, 1.664502, -0.004028,
126.644188, 1.670142, 1.641943, -0.028198,
126.654764, 1.669336, 1.660474, -0.008862,
126.665409, 1.669336, 1.658862, -0.010474,
126.676039, 1.669336, 1.672559, 0.003223,
126.686400, 1.670142, 1.658057, -0.012085,
126.696954, 1.662085, 1.664502, 0.002417,
126.707391, 1.668530, 1.672559, 0.004028,
126.717749, 1.670947, 1.683838, 0.012891,
126.728080, 1.662085, 1.674170, 0.012085,
126.738613, 1.664502, 1.662085, -0.002417,
126.749142, 1.668530, 1.662085, -0.006445,
126.759738, 1.670947, 1.670947, 0.000000,
126.770018, 1.669336, 1.662891, -0.006445,
126.780527, 1.673364, 1.650806, -0.022559,
126.791182, 1.673364, 1.662085, -0.011279,
126.801863, 1.672559, 1.661279, -0.011279,
126.812527, 1.668530, 1.669336, 0.000806,
126.822864, 1.669336, 1.661279, -0.008057,
126.833516, 1.672559, 1.649194, -0.023364,
126.844192, 1.665308, 1.658862, -0.006445,
126.854748, 1.661279, 1.666113, 0.004834,
126.865194, 1.669336, 1.691089, 0.021753,
126.875567, 1.666919, 1.683838, 0.016919,
126.885964, 1.669336, 1.672559, 0.003223,
126.896183, 1.669336, 1.662085, -0.007251,
126.906836, 1.666113, 1.676587, 0.010474,
126.917189, 1.662891, 1.673364, 0.010474,
126.927524, 1.666113, 1.647583, -0.018530,
126.938267, 1.666113, 1.665308, -0.000806,
126.948853, 1.669336, 1.654028, -0.015308,
126.959509, 1.668530, 1.668530, 0.000000,
126.969798, 1.668530, 1.666113, -0.002417,
126.980302, 1.666113, 1.661279, -0.004834,
126.990868, 1.666113, 1.673364, 0.007251,
127.001304, 1.666113, 1.677393, 0.011279,
127.011749, 1.670142, 1.658862, -0.011279,
127.022302, 1.669336, 1.678198, 0.008862,
127.032719, 1.670142, 1.666113, -0.004028,
127.043300, 1.668530, 1.666919, -0.001611,
127.053862, 1.668530, 1.664502, -0.004028,
127.064514, 1.666919, 1.649194, -0.017725,
127.075092, 1.673364, 1.677393, 0.004028,
127.085515, 1.670142, 1.662085, -0.008057,
127.096084, 1.664502, 1.662085, -0.002417,
127.106832, 1.662085, 1.661279, -0.000806,
127.117410, 1.672559, 1.666919, -0.005640,
127.127967, 1.666113, 1.670142, 0.004028,
127.138522, 1.662891, 1.669336, 0.006445,
127.148873, 1.664502, 1.674170, 0.009668,
127.159290, 1.669336, 1.662085, -0.007251,
127.169890, 1.668530, 1.654834, -0.013696,
127.180412, 1.669336, 1.649194, -0.020142,
127.191084, 1.670142, 1.683838, 0.013696,
127.201520, 1.668530, 1.670142, 0.001611,
127.211973, 1.670142, 1.654834, -0.015308,
127.222541, 1.668530, 1.660474, -0.008057,
127.233154, 1.670142, 1.666919, -0.003223,
127.243754, 1.662085, 1.669336, 0.007251,
127.254092, 1.670142, 1.674170, 0.004028,
127.264519, 1.666113, 1.660474, -0.005640,
127.275099, 1.670947, 1.657251, -0.013696,
127.285754, 1.668530, 1.665308, -0.003223,
127.296301, 1.666919, 1.668530, 0.001611,
127.306841, 1.666113, 1.666113, 0.000000,
127.317183, 1.668530, 1.653223, -0.015308,
127.327751, 1.666919, 1.665308, -0.001611,
127.338634, 1.670142, 1.673364, 0.003223,
127.348978, 1.670947, 1.654834, -0.016113,
127.359642, 1.669336, 1.666919, -0.002417,
127.370217, 1.666919, 1.670142, 0.003223,
127.380522, 1.664502, 1.654834, -0.009668,
127.391095, 1.670947, 1.681421, 0.010474,
127.401532, 1.670947, 1.658862, -0.012085,
127.412187, 1.669336, 1.666113, -0.003223,
127.422755, 1.670142, 1.662085, -0.008057,
127.433396, 1.666919, 1.656445, -0.010474,
127.443976, 1.668530, 1.654028, -0.014502,
127.454523, 1.666919, 1.670142, 0.003223,
127.464901, 1.668530, 1.664502, -0.004028,
127.475414, 1.669336, 1.677393, 0.008057,
127.485867, 1.666919, 1.660474, -0.006445,
127.496408, 1.669336, 1.668530, -0.000806,
127.507077, 1.670947, 1.666919, -0.004028,
127.517644, 1.665308, 1.652417, -0.012891,
127.528185, 1.669336, 1.658057, -0.011279,
127.538947, 1.666919, 1.650000, -0.016919,
127.549528, 1.662891, 1.669336, 0.006445,
127.559965, 1.670142, 1.654834, -0.015308,
127.570550, 1.670947, 1.656445, -0.014502,
127.581092, 1.666919, 1.662085, -0.004834,
127.591642, 1.669336, 1.669336, 0.000000,
127.601973, 1.668530, 1.656445, -0.012085,
127.612640, 1.669336, 1.665308, -0.004028,
127.623171, 1.670142, 1.670947, 0.000806,
127.633527, 1.669336, 1.657251, -0.012085,
127.644188, 1.670142, 1.670142, 0.000000,
127.654407, 1.673364, 1.666113, -0.007251,
127.664995, 1.668530, 1.658862, -0.009668,
127.675640, 1.670142, 1.660474, -0.009668,
127.686313, 1.666919, 1.662085, -0.004834,
127.696861, 1.669336, 1.656445, -0.012891,
127.707645, 1.666113, 1.666113, 0.000000,
127.717979, 1.668530, 1.654028, -0.014502,
127.728570, 1.666919, 1.654028, -0.012891,
127.739298, 1.660474, 1.669336, 0.008862,
127.749653, 1.668530, 1.662891, -0.005640,
127.760312, 1.669336, 1.656445, -0.012891,
127.770908, 1.668530, 1.668530, 0.000000,
127.781191, 1.666919, 1.662085, -0.004834,
127.791754, 1.666113, 1.660474, -0.005640,
127.802392, 1.665308, 1.654834, -0.010474,
127.812986, 1.662085, 1.662085, 0.000000,
127.823288, 1.661279, 1.683838, 0.022559,
127.833741, 1.666113, 1.654834, -0.011279,
127.844415, 1.670947, 1.666919, -0.004028,
127.854973, 1.669336, 1.657251, -0.012085,
127.864393, 1.666919, 1.641138, -0.025781,
127.874982, 1.665308, 1.666113, 0.000806,
127.885391, 1.666113, 1.636304, -0.029810,
127.895868, 1.666113, 1.665308, -0.000806,
127.906521, 1.668530, 1.668530, 0.000000,
127.916873, 1.668530, 1.666919, -0.001611,
127.927420, 1.666113, 1.673364, 0.007251,
127.937947, 1.665308, 1.635498, -0.029810,
127.948527, 1.666113, 1.658862, -0.007251,
127.959188, 1.669336, 1.666113, -0.003223,
127.969801, 1.662891, 1.654834, -0.008057,
127.980298, 1.666919, 1.658057, -0.008862,
127.990887, 1.665308, 1.677393, 0.012085,
128.001312, 1.665308, 1.656445, -0.008862,
128.011971, 1.669336, 1.658862, -0.010474,
128.022529, 1.669336, 1.662891, -0.006445,
128.033154, 1.666113, 1.664502, -0.001611,
128.043763, 1.670142, 1.674170, 0.004028,
128.054092, 1.670142, 1.670142, 0.000000,
128.064528, 1.666919, 1.654834, -0.012085,
128.075081, 1.669336, 1.666113, -0.003223,
128.085750, 1.661279, 1.662085, 0.000806,
128.096086, 1.665308, 1.677393, 0.012085,
128.106529, 1.664502, 1.662085, -0.002417,
128.117082, 1.662891, 1.668530, 0.005640,
128.127407, 1.666919, 1.660474, -0.006445,
128.138065, 1.666919, 1.668530, 0.001611,
128.148404, 1.665308, 1.681421, 0.016113,
128.158745, 1.666113, 1.637915, -0.028198,
128.169341, 1.668530, 1.661279, -0.007251,
128.179874, 1.666113, 1.657251, -0.008862,
128.190521, 1.664502, 1.650806, -0.013696,
128.201184, 1.665308, 1.657251, -0.008057,
128.211874, 1.666113, 1.676587, 0.010474,
128.222189, 1.662085, 1.643555, -0.018530,
128.232863, 1.669336, 1.662891, -0.006445,
128.243520, 1.662085, 1.650806, -0.011279,
128.254121, 1.670142, 1.662085, -0.008057,
128.264747, 1.666919, 1.664502, -0.002417,
128.275306, 1.670947, 1.674976, 0.004028,
128.285751, 1.668530, 1.650806, -0.017725,
128.296303, 1.668530, 1.647583, -0.020947,
128.307061, 1.668530, 1.670947, 0.002417,
128.317375, 1.668530, 1.660474, -0.008057,
128.327872, 1.670142, 1.662085, -0.008057,
128.338655, 1.662085, 1.662085, 0.000000,
128.348905, 1.668530, 1.664502, -0.004028,
128.359513, 1.664502, 1.668530, 0.004028,
128.369893, 1.662085, 1.662891, 0.000806,
128.380193, 1.669336, 1.660474, -0.008862,
128.390860, 1.666113, 1.654834, -0.011279,
128.401528, 1.669336, 1.664502, -0.004834,
128.412194, 1.662085, 1.654028, -0.008057,
128.422764, 1.666919, 1.670142, 0.003223,
128.433155, 1.669336, 1.664502, -0.004834,
128.443758, 1.668530, 1.665308, -0.003223,
128.454312, 1.658862, 1.661279, 0.002417,
128.464760, 1.669336, 1.650000, -0.019336,
128.475303, 1.668530, 1.662891, -0.005640,
128.485982, 1.664502, 1.662085, -0.002417,
128.496519, 1.670142, 1.654834, -0.015308,
128.507280, 1.666919, 1.673364, 0.006445,
128.517655, 1.666113, 1.657251, -0.008862,
128.528190, 1.665308, 1.658057, -0.007251,
128.538947, 1.666919, 1.664502, -0.002417,
128.549415, 1.668530, 1.665308, -0.003223,
128.560074, 1.662085, 1.658862, -0.003223,
128.570577, 1.668530, 1.657251, -0.011279,
128.581102, 1.670142, 1.653223, -0.016919,
128.591656, 1.665308, 1.664502, -0.000806,
128.602306, 1.662891, 1.664502, 0.001611,
128.612748, 1.664502, 1.662891, -0.001611,
128.623306, 1.665308, 1.677393, 0.012085,
128.633757, 1.674170, 1.677393, 0.003223,
128.644197, 1.666113, 1.673364, 0.007251,
128.654523, 1.670142, 1.666113, -0.004028,
128.665205, 1.666113, 1.653223, -0.012891,
128.675758, 1.668530, 1.673364, 0.004834,
128.686189, 1.669336, 1.668530, -0.000806,
128.696757, 1.669336, 1.678198, 0.008862,
128.707281, 1.666113, 1.673364, 0.007251,
128.717650, 1.668530, 1.654028, -0.014502,
128.728186, 1.666919, 1.654834, -0.012085,
128.738946, 1.669336, 1.669336, 0.000000,
128.749190, 1.660474, 1.664502, 0.004028,
128.759646, 1.666113, 1.654834, -0.011279,
128.770222, 1.668530, 1.666113, -0.002417,
128.780766, 1.668530, 1.647583, -0.020947,
128.791409, 1.668530, 1.662085, -0.006445,
128.802081, 1.666919, 1.664502, -0.002417,
128.812759, 1.666919, 1.658862, -0.008057,
128.823314, 1.665308, 1.674170, 0.008862,
128.833757, 1.670947, 1.653223, -0.017725,
128.844452, 1.666919, 1.662891, -0.004028,
128.854979, 1.668530, 1.662085, -0.006445,
128.865520, 1.662085, 1.666113, 0.004028,
128.875870, 1.664502, 1.660474, -0.004028,
128.886526, 1.669336, 1.643555, -0.025781,
128.897097, 1.662891, 1.656445, -0.006445,
128.907880, 1.664502, 1.670947, 0.006445,
128.918198, 1.668530, 1.662891, -0.005640,
128.928756, 1.669336, 1.666113, -0.003223,
128.939516, 1.673364, 1.683838, 0.010474,
128.949884, 1.666113, 1.658862, -0.007251,
128.960528, 1.666113, 1.665308, -0.000806,
128.971125, 1.668530, 1.673364, 0.004834,
128.981409, 1.669336, 1.674976, 0.005640,
128.991755, 1.668530, 1.672559, 0.004028,
129.002186, 1.670142, 1.670142, 0.000000,
129.012651, 1.665308, 1.668530, 0.003223,
129.022969, 1.670142, 1.664502, -0.005640,
129.033637, 1.670142, 1.665308, -0.004834,
129.044195, 1.666919, 1.645166, -0.021753,
129.054756, 1.669336, 1.662891, -0.006445,
129.065411, 1.670142, 1.691089, 0.020947,
129.075763, 1.669336, 1.660474, -0.008862,
129.086404, 1.669336, 1.664502, -0.004834,
129.096875, 1.668530, 1.654028, -0.014502,
129.107651, 1.661279, 1.678198, 0.016919,
129.117972, 1.670142, 1.664502, -0.005640,
129.128531, 1.665308, 1.648389, -0.016919,
129.139299, 1.665308, 1.670142, 0.004834,
129.149653, 1.662085, 1.673364, 0.011279,
129.160083, 1.666919, 1.666919, 0.000000,
129.170356, 1.669336, 1.662085, -0.007251,
129.180867, 1.666113, 1.647583, -0.018530,
129.191528, 1.668530, 1.677393, 0.008862,
129.201981, 1.670142, 1.670142, 0.000000,
129.212375, 1.670947, 1.654028, -0.016919,
129.222877, 1.665308, 1.670142, 0.004834,
129.233307, 1.665308, 1.666919, 0.001611,
129.243751, 1.669336, 1.665308, -0.004028,
129.254313, 1.668530, 1.657251, -0.011279,
129.264980, 1.668530, 1.653223, -0.015308,
129.275559, 1.668530, 1.668530, 0.000000,
129.285977, 1.669336, 1.662891, -0.006445,
129.296526, 1.670142, 1.654834, -0.015308,
129.307287, 1.668530, 1.670142, 0.001611,
129.317655, 1.666919, 1.650806, -0.016113,
129.328206, 1.673364, 1.672559, -0.000806,
129.339059, 1.665308, 1.685449, 0.020142,
129.349346, 1.672559, 1.656445, -0.016113,
129.359972, 1.662085, 1.677393, 0.015308,
129.370358, 1.668530, 1.662085, -0.006445,
129.380874, 1.670142, 1.668530, -0.001611,
129.391529, 1.666919, 1.666919, 0.000000,
129.401871, 1.665308, 1.672559, 0.007251,
129.412309, 1.666919, 1.665308, -0.001611,
129.422877, 1.666113, 1.685449, 0.019336,
129.433309, 1.669336, 1.664502, -0.004834,
129.443969, 1.662085, 1.657251, -0.004834,
129.454533, 1.666919, 1.658057, -0.008862,
129.465191, 1.670947, 1.641943, -0.029004,
129.475759, 1.664502, 1.658862, -0.005640,
129.486415, 1.673364, 1.682227, 0.008862,
129.496753, 1.669336, 1.666113, -0.003223,
129.507497, 1.669336, 1.676587, 0.007251,
129.517761, 1.670142, 1.665308, -0.004834,
129.528307, 1.668530, 1.647583, -0.020947,
129.539005, 1.668530, 1.673364, 0.004834,
129.549310, 1.668530, 1.669336, 0.000806,
129.559740, 1.666919, 1.677393, 0.010474,
129.570125, 1.668530, 1.674976, 0.006445,
129.580421, 1.670142, 1.647583, -0.022559,
129.591091, 1.670947, 1.670142, -0.000806,
129.601692, 1.670947, 1.662891, -0.008057,
129.612309, 1.666919, 1.664502, -0.002417,
129.622766, 1.673364, 1.673364, 0.000000,
129.633173, 1.666919, 1.670142, 0.003223,
129.643528, 1.662891, 1.679004, 0.016113,
129.653877, 1.665308, 1.662891, -0.002417,
129.664541, 1.670142, 1.660474, -0.009668,
129.675098, 1.666919, 1.682227, 0.015308,
129.685528, 1.668530, 1.660474, -0.008057,
129.696111, 1.670142, 1.654028, -0.016113,
129.706849, 1.666113, 1.668530, 0.002417,
129.717192, 1.668530, 1.640332, -0.028198,
129.727755, 1.665308, 1.657251, -0.008057,
129.738506, 1.666919, 1.662891, -0.004028,
129.748975, 1.662085, 1.670947, 0.008862,
129.759424, 1.668530, 1.669336, 0.000806,
129.769809, 1.668530, 1.665308, -0.003223,
129.780309, 1.668530, 1.649194, -0.019336,
129.790876, 1.668530, 1.657251, -0.011279,
129.801532, 1.662085, 1.662085, 0.000000,
129.811910, 1.661279, 1.658057, -0.003223,
129.822414, 1.674170, 1.674170, 0.000000,
129.832877, 1.662085, 1.654028, -0.008057,
129.843534, 1.669336, 1.661279, -0.008057,
129.854093, 1.669336, 1.662085, -0.007251,
129.864759, 1.662891, 1.678198, 0.015308,
129.875156, 1.670142, 1.677393, 0.007251,
129.885531, 1.670142, 1.670142, 0.000000,
129.895766, 1.668530, 1.664502, -0.004028,
129.906410, 1.672559, 1.672559, 0.000000,
129.916619, 1.669336, 1.677393, 0.008057,
129.926877, 1.662085, 1.654834, -0.007251,
129.937533, 1.670947, 1.676587, 0.005640,
129.947876, 1.668530, 1.683032, 0.014502,
129.958318, 1.670142, 1.666919, -0.003223,
129.968910, 1.669336, 1.669336, 0.000000,
129.979201, 1.673364, 1.662085, -0.011279,
129.989882, 1.668530, 1.678198, 0.009668,
130.000308, 1.662085, 1.665308, 0.003223,
130.010765, 1.668530, 1.677393, 0.008862,
130.021101, 1.669336, 1.664502, -0.004834,
130.031736, 1.662085, 1.643555, -0.018530,
130.042418, 1.674170, 1.662085, -0.012085,
130.052981, 1.666113, 1.674976, 0.008862,
130.063310, 1.669336, 1.658862, -0.010474,
130.073875, 1.666919, 1.669336, 0.002417,
130.084317, 1.662891, 1.660474, -0.002417,
130.094875, 1.668530, 1.661279, -0.007251,
130.105528, 1.670142, 1.669336, -0.000806,
130.116094, 1.668530, 1.661279, -0.007251,
130.126663, 1.666919, 1.654834, -0.012085,
130.137311, 1.670142, 1.657251, -0.012891,
130.147875, 1.670142, 1.666919, -0.003223,
130.158525, 1.662891, 1.656445, -0.006445,
130.168320, 1.668530, 1.665308, -0.003223,
130.178879, 1.666919, 1.657251, -0.009668,
130.189524, 1.670142, 1.670947, 0.000806,
130.199982, 1.666113, 1.674976, 0.008862,
130.210427, 1.664502, 1.650000, -0.014502,
130.220995, 1.669336, 1.665308, -0.004028,
130.231539, 1.665308, 1.670947, 0.005640,
130.241980, 1.670142, 1.664502, -0.005640,
130.252540, 1.665308, 1.669336, 0.004028,
130.262990, 1.670142, 1.648389, -0.021753,
130.273549, 1.673364, 1.656445, -0.016919,
130.284220, 1.668530, 1.635498, -0.033032,
130.294769, 1.669336, 1.658862, -0.010474,
130.305421, 1.670142, 1.668530, -0.001611,
130.316091, 1.668530, 1.632275, -0.036255,
130.326661, 1.664502, 1.665308, 0.000806,
130.337101, 1.672559, 1.645166, -0.027393,
130.343018, 1.670947, 1.654028, -0.016919,
130.344552, 1.670142, 1.656445, -0.013696,
130.346046, 1.668530, 1.668530, 0.000000,
130.347484, 1.670142, 1.643555, -0.026587,
130.348988, 1.662085, 1.656445, -0.005640,
130.350476, 1.668530, 1.664502, -0.004028,
130.373517, 1.666919, 1.660474, -0.006445,
130.384066, 1.668530, 1.666919, -0.001611,
130.394527, 1.665308, 1.640332, -0.024976,
130.405200, 1.665308, 1.664502, -0.000806,
130.415886, 1.668530, 1.658862, -0.009668,
130.426422, 1.673364, 1.687060, 0.013696,
130.436875, 1.668530, 1.656445, -0.012085,
130.447530, 1.669336, 1.654028, -0.015308,
130.458173, 1.669336, 1.668530, -0.000806,
130.468693, 1.665308, 1.664502, -0.000806,
130.479198, 1.666919, 1.661279, -0.005640,
130.489878, 1.666113, 1.673364, 0.007251,
130.500303, 1.668530, 1.654834, -0.013696,
130.510980, 1.669336, 1.661279, -0.008057,
130.521420, 1.670947, 1.666919, -0.004028,
130.532067, 1.669336, 1.658862, -0.010474,
130.542664, 1.669336, 1.658057, -0.011279,
130.553209, 1.666113, 1.665308, -0.000806,
130.563875, 1.666113, 1.668530, 0.002417,
130.574215, 1.669336, 1.637915, -0.031421,
130.584878, 1.669336, 1.654834, -0.014502,
130.595413, 1.666113, 1.662085, -0.004028,
130.606094, 1.666919, 1.668530, 0.001611,
130.616433, 1.668530, 1.654834, -0.013696,
130.626980, 1.669336, 1.666919, -0.002417,
130.637735, 1.670142, 1.664502, -0.005640,
130.648311, 1.669336, 1.658862, -0.010474,
130.658978, 1.670142, 1.664502, -0.005640,
130.669593, 1.664502, 1.640332, -0.024170,
130.680116, 1.666113, 1.654834, -0.011279,
130.690763, 1.669336, 1.662891, -0.006445,
130.701416, 1.670947, 1.636304, -0.034644,
130.712099, 1.662085, 1.661279, -0.000806,
130.722667, 1.670142, 1.660474, -0.009668,
130.733311, 1.666113, 1.666113, 0.000000,
130.743693, 1.670142, 1.660474, -0.009668,
130.754202, 1.668530, 1.654834, -0.013696,
130.764850, 1.670142, 1.674170, 0.004028,
130.775202, 1.668530, 1.674976, 0.006445,
130.785659, 1.662085, 1.662085, 0.000000,
130.795980, 1.666113, 1.670142, 0.004028,
130.806325, 1.668530, 1.668530, 0.000000,
130.816660, 1.669336, 1.670142, 0.000806,
130.826989, 1.669336, 1.666113, -0.003223,
130.837751, 1.670142, 1.665308, -0.004834,
130.848322, 1.666113, 1.654028, -0.012085,
130.858979, 1.662891, 1.665308, 0.002417,
130.869358, 1.665308, 1.674170, 0.008862,
130.879655, 1.670947, 1.662085, -0.008862,
130.890208, 1.666919, 1.668530, 0.001611,
130.900661, 1.666919, 1.683838, 0.016919,
130.911103, 1.670142, 1.641943, -0.028198,
130.921660, 1.666113, 1.652417, -0.013696,
130.932294, 1.666919, 1.658057, -0.008862,
130.942979, 1.666113, 1.672559, 0.006445,
130.953318, 1.668530, 1.665308, -0.003223,
130.963883, 1.670142, 1.649194, -0.020947,
130.974428, 1.670142, 1.662085, -0.008057,
130.985104, 1.669336, 1.664502, -0.004834,
130.995658, 1.670142, 1.674976, 0.004834,
131.006109, 1.666113, 1.669336, 0.003223,
131.016423, 1.670947, 1.654834, -0.016113,
131.026989, 1.670142, 1.654834, -0.015308,
131.037733, 1.670947, 1.666919, -0.004028,
131.048311, 1.668530, 1.658862, -0.009668,
131.058985, 1.669336, 1.666113, -0.003223,
131.069596, 1.668530, 1.640332, -0.028198,
131.080093, 1.668530, 1.640332, -0.028198,
131.090658, 1.669336, 1.666919, -0.002417,
131.101312, 1.668530, 1.649194, -0.019336,
131.112007, 1.669336, 1.662085, -0.007251,
131.122533, 1.670142, 1.648389, -0.021753,
131.133170, 1.670947, 1.657251, -0.013696,
131.143884, 1.666113, 1.677393, 0.011279,
131.154195, 1.664502, 1.658057, -0.006445,
131.164763, 1.666113, 1.648389, -0.017725,
131.175320, 1.666113, 1.683838, 0.017725,
131.185766, 1.669336, 1.658057, -0.011279,
131.196314, 1.664502, 1.658862, -0.005640,
131.207079, 1.665308, 1.679004, 0.013696,
131.217415, 1.666113, 1.654834, -0.011279,
131.227883, 1.670142, 1.658057, -0.012085,
131.238660, 1.658862, 1.665308, 0.006445,
131.248985, 1.670142, 1.652417, -0.017725,
131.259672, 1.670142, 1.678198, 0.008057,
131.270066, 1.670142, 1.679004, 0.008862,
131.280319, 1.666919, 1.662891, -0.004028,
131.290887, 1.669336, 1.674170, 0.004834,
131.301315, 1.662891, 1.650000, -0.012891,
131.311987, 1.668530, 1.656445, -0.012085,
131.322539, 1.662085, 1.670142, 0.008057,
131.332993, 1.668530, 1.660474, -0.008057,
131.343751, 1.670142, 1.650000, -0.020142,
131.354318, 1.669336, 1.674170, 0.004834,
131.364764, 1.670142, 1.670142, 0.000000,
131.375103, 1.668530, 1.668530, 0.000000,
131.385530, 1.669336, 1.645166, -0.024170,
131.396104, 1.670142, 1.668530, -0.001611,
131.406843, 1.669336, 1.669336, 0.000000,
131.417105, 1.668530, 1.670142, 0.001611,
131.427423, 1.670142, 1.669336, -0.000806,
131.438103, 1.666919, 1.670142, 0.003223,
131.448419, 1.670142, 1.668530, -0.001611,
131.459008, 1.668530, 1.670947, 0.002417,
131.469354, 1.662085, 1.662085, 0.000000,
131.479662, 1.670142, 1.662085, -0.008057,
131.490196, 1.670142, 1.674976, 0.004834,
131.500660, 1.666113, 1.678198, 0.012085,
131.506144, 1.668530, 1.662085, -0.006445,
131.516748, 1.670142, 1.658057, -0.012085,
131.527175, 1.670142, 1.654834, -0.015308,
131.537854, 1.666919, 1.665308, -0.001611,
131.548418, 1.673364, 1.658862, -0.014502,
131.558991, 1.664502, 1.662085, -0.002417,
131.569571, 1.666919, 1.674976, 0.008057,
131.579885, 1.669336, 1.672559, 0.003223,
131.590319, 1.662891, 1.681421, 0.018530,
131.600764, 1.668530, 1.666113, -0.002417,
131.611416, 1.669336, 1.654834, -0.014502,
131.621906, 1.665308, 1.676587, 0.011279,
131.632291, 1.668530, 1.666919, -0.001611,
131.642884, 1.666919, 1.657251, -0.009668,
131.653418, 1.670142, 1.660474, -0.009668,
131.664005, 1.674170, 1.649194, -0.024976,
131.674535, 1.669336, 1.670142, 0.000806,
131.684981, 1.670142, 1.665308, -0.004834,
131.695533, 1.670142, 1.654834, -0.015308,
131.706195, 1.665308, 1.672559, 0.007251,
131.716535, 1.664502, 1.661279, -0.003223,
131.727114, 1.668530, 1.669336, 0.000806,
131.737534, 1.666919, 1.670947, 0.004028,
131.747889, 1.665308, 1.653223, -0.012085,
131.758538, 1.668530, 1.681421, 0.012891,
131.768920, 1.668530, 1.674170, 0.005640,
131.779203, 1.662085, 1.662891, 0.000806,
131.789599, 1.669336, 1.674976, 0.005640,
131.800039, 1.666919, 1.662891, -0.004028,
131.810669, 1.669336, 1.658057, -0.011279,
131.821198, 1.670947, 1.683838, 0.012891,
131.831528, 1.670142, 1.654028, -0.016113,
131.842206, 1.660474, 1.654834, -0.005640,
131.852765, 1.668530, 1.654834, -0.013696,
131.863431, 1.666919, 1.641138, -0.025781,
131.874046, 1.662085, 1.668530, 0.006445,
131.884416, 1.669336, 1.658057, -0.011279,
131.894886, 1.668530, 1.658862, -0.009668,
131.905531, 1.670142, 1.664502, -0.005640,
131.916199, 1.664502, 1.666113, 0.001611,
131.926539, 1.670947, 1.666113, -0.004834,
131.937113, 1.669336, 1.676587, 0.007251,
131.947418, 1.668530, 1.662085, -0.006445,
131.958097, 1.670142, 1.665308, -0.004834,
131.968697, 1.662891, 1.669336, 0.006445,
131.978992, 1.664502, 1.665308, 0.000806,
131.989341, 1.662891, 1.669336, 0.006445,
131.999761, 1.665308, 1.645972, -0.019336,
132.010412, 1.666919, 1.674976, 0.008057,
132.020670, 1.668530, 1.654028, -0.014502,
132.031196, 1.666113, 1.670142, 0.004028,
132.041664, 1.669336, 1.666113, -0.003223,
132.052205, 1.664502, 1.674976, 0.010474,
132.062665, 1.669336, 1.662891, -0.006445,
132.073227, 1.669336, 1.633081, -0.036255,
132.083877, 1.666113, 1.644360, -0.021753,
132.094417, 1.670142, 1.662891, -0.007251,
132.104989, 1.668530, 1.662891, -0.005640,
132.115672, 1.668530, 1.657251, -0.011279,
132.126205, 1.674976, 1.670947, -0.004028,
132.136888, 1.666919, 1.669336, 0.002417,
132.147319, 1.662085, 1.640332, -0.021753,
132.157958, 1.666919, 1.677393, 0.010474,
132.168211, 1.669336, 1.662085, -0.007251,
132.178770, 1.662891, 1.658862, -0.004028,
132.189423, 1.670142, 1.670947, 0.000806,
132.199889, 1.662085, 1.658862, -0.003223,
132.210535, 1.666919, 1.670142, 0.003223,
132.220885, 1.668530, 1.662085, -0.006445,
132.231431, 1.660474, 1.679810, 0.019336,
132.241878, 1.669336, 1.658862, -0.010474,
132.252448, 1.669336, 1.660474, -0.008862,
132.263102, 1.661279, 1.666919, 0.005640,
132.273428, 1.665308, 1.647583, -0.017725,
132.284091, 1.665308, 1.666919, 0.001611,
132.294323, 1.666919, 1.673364, 0.006445,
132.304762, 1.668530, 1.660474, -0.008057,
132.315457, 1.662891, 1.654834, -0.008057,
132.325985, 1.662085, 1.658862, -0.003223,
132.336673, 1.669336, 1.653223, -0.016113,
132.347320, 1.666919, 1.654834, -0.012085,
132.357966, 1.668530, 1.666919, -0.001611,
132.368419, 1.670142, 1.669336, -0.000806,
132.378981, 1.666919, 1.662085, -0.004834,
132.389668, 1.672559, 1.666113, -0.006445,
132.400317, 1.668530, 1.679810, 0.011279,
132.410767, 1.670142, 1.649194, -0.020947,
132.421328, 1.666919, 1.649194, -0.017725,
132.431971, 1.669336, 1.658057, -0.011279,
132.442545, 1.669336, 1.666113, -0.003223,
132.453102, 1.669336, 1.677393, 0.008057,
132.463504, 1.666113, 1.661279, -0.004834,
132.474020, 1.670947, 1.658057, -0.012891,
132.484670, 1.662085, 1.670947, 0.008862,
132.494984, 1.665308, 1.662085, -0.003223,
132.505534, 1.670142, 1.669336, -0.000806,
132.516212, 1.668530, 1.654834, -0.013696,
132.526767, 1.666919, 1.661279, -0.005640,
132.537411, 1.666113, 1.658057, -0.008057,
132.547990, 1.662891, 1.658862, -0.004028,
132.558653, 1.669336, 1.668530, -0.000806,
132.569255, 1.660474, 1.664502, 0.004028,
132.579548, 1.669336, 1.664502, -0.004834,
132.590207, 1.664502, 1.668530, 0.004028,
132.600650, 1.673364, 1.664502, -0.008862,
132.611304, 1.668530, 1.665308, -0.003223,
132.621765, 1.670142, 1.664502, -0.005640,
132.632416, 1.668530, 1.641138, -0.027393,
132.643129, 1.670142, 1.658862, -0.011279,
132.653671, 1.662085, 1.662085, 0.000000,
132.664006, 1.669336, 1.647583, -0.021753,
132.674539, 1.668530, 1.670142, 0.001611,
132.684979, 1.669336, 1.661279, -0.008057,
132.695478, 1.666919, 1.668530, 0.001611,
132.705886, 1.668530, 1.669336, 0.000806,
132.716324, 1.669336, 1.654028, -0.015308,
132.726884, 1.666919, 1.633887, -0.033032,
132.737539, 1.670947, 1.658862, -0.012085,
132.748094, 1.666113, 1.666919, 0.000806,
132.758545, 1.666919, 1.676587, 0.009668,
132.768925, 1.665308, 1.654834, -0.010474,
132.779500, 1.664502, 1.661279, -0.003223,
132.790104, 1.670142, 1.670947, 0.000806,
132.800532, 1.662085, 1.654834, -0.007251,
132.811204, 1.661279, 1.668530, 0.007251,
132.821536, 1.666919, 1.662085, -0.004834,
132.832190, 1.668530, 1.639526, -0.029004,
132.842854, 1.668530, 1.666113, -0.002417,
132.853339, 1.668530, 1.665308, -0.003223,
132.863954, 1.669336, 1.660474, -0.008862,
132.874509, 1.662891, 1.668530, 0.005640,
132.884889, 1.666113, 1.677393, 0.011279,
132.895205, 1.674170, 1.650000, -0.024170,
132.905894, 1.661279, 1.666919, 0.005640,
132.916322, 1.668530, 1.643555, -0.024976,
132.926887, 1.662891, 1.662085, -0.000806,
132.937540, 1.673364, 1.656445, -0.016919,
132.948112, 1.665308, 1.674170, 0.008862,
132.958537, 1.669336, 1.654834, -0.014502,
132.969146, 1.666919, 1.670142, 0.003223,
132.979426, 1.665308, 1.648389, -0.016919,
132.990100, 1.665308, 1.677393, 0.012085,
133.000530, 1.666113, 1.660474, -0.005640,
133.011209, 1.662085, 1.654834, -0.007251,
133.021774, 1.666919, 1.668530, 0.001611,
133.032191, 1.669336, 1.660474, -0.008862,
133.042768, 1.668530, 1.687060, 0.018530,
133.053111, 1.666113, 1.683838, 0.017725,
133.063533, 1.666919, 1.653223, -0.013696,
133.074109, 1.664502, 1.669336, 0.004834,
133.084534, 1.668530, 1.652417, -0.016113,
133.095111, 1.665308, 1.654834, -0.010474,
133.105775, 1.666113, 1.662085, -0.004028,
133.116426, 1.669336, 1.666113, -0.003223,
133.126996, 1.666919, 1.657251, -0.009668,
133.137750, 1.666113, 1.662891, -0.003223,
133.148328, 1.670142, 1.654028, -0.016113,
133.158989, 1.670947, 1.668530, -0.002417,
133.169548, 1.666113, 1.677393, 0.011279,
133.179895, 1.666113, 1.660474, -0.005640,
133.190476, 1.666919, 1.666113, -0.000806,
133.201103, 1.670142, 1.670947, 0.000806,
133.211539, 1.666113, 1.650000, -0.016113,
133.222112, 1.665308, 1.666919, 0.001611,
133.232513, 1.669336, 1.660474, -0.008862,
133.243110, 1.665308, 1.665308, 0.000000,
133.253322, 1.670142, 1.668530, -0.001611,
133.263894, 1.662891, 1.653223, -0.009668,
133.274508, 1.670142, 1.662085, -0.008057,
133.285105, 1.670142, 1.664502, -0.005640,
133.295601, 1.670142, 1.658862, -0.011279,
133.306212, 1.668530, 1.637109, -0.031421,
133.316772, 1.662085, 1.668530, 0.006445,
133.327118, 1.662891, 1.670947, 0.008057,
133.337542, 1.672559, 1.656445, -0.016113,
133.348107, 1.670142, 1.670947, 0.000806,
133.358534, 1.665308, 1.654834, -0.010474,
133.369142, 1.668530, 1.668530, 0.000000,
133.379428, 1.670947, 1.670142, -0.000806,
133.389992, 1.669336, 1.662085, -0.007251,
133.400674, 1.673364, 1.662085, -0.011279,
133.411325, 1.669336, 1.654834, -0.014502,
133.421889, 1.669336, 1.658057, -0.011279,
133.432526, 1.669336, 1.660474, -0.008862,
133.443102, 1.662891, 1.665308, 0.002417,
133.453420, 1.670142, 1.664502, -0.005640,
133.463989, 1.668530, 1.666919, -0.001611,
133.474540, 1.669336, 1.661279, -0.008057,
133.485194, 1.668530, 1.657251, -0.011279,
133.495838, 1.669336, 1.658862, -0.010474,
133.506460, 1.666919, 1.670142, 0.003223,
133.516774, 1.670142, 1.666113, -0.004028,
133.527323, 1.670142, 1.662085, -0.008057,
133.538081, 1.666919, 1.676587, 0.009668,
133.548425, 1.668530, 1.662085, -0.006445,
133.558988, 1.669336, 1.662085, -0.007251,
133.569605, 1.666113, 1.665308, -0.000806,
133.580111, 1.662085, 1.648389, -0.013696,
133.590671, 1.666113, 1.665308, -0.000806,
133.601320, 1.666113, 1.656445, -0.009668,
133.611988, 1.670142, 1.664502, -0.005640,
133.622546, 1.668530, 1.677393, 0.008862,
133.632956, 1.670142, 1.666113, -0.004028,
133.643555, 1.669336, 1.660474, -0.008862,
133.654109, 1.662085, 1.669336, 0.007251,
133.664554, 1.670142, 1.676587, 0.006445,
133.674952, 1.670142, 1.670142, 0.000000,
133.685321, 1.670142, 1.661279, -0.008862,
133.695887, 1.662085, 1.657251, -0.004834,
133.706549, 1.669336, 1.664502, -0.004834,
133.717106, 1.670947, 1.664502, -0.006445,
133.727669, 1.670142, 1.665308, -0.004834,
133.738334, 1.670142, 1.673364, 0.003223,
133.748670, 1.665308, 1.664502, -0.000806,
133.759319, 1.662085, 1.662085, 0.000000,
133.769608, 1.662891, 1.652417, -0.010474,
133.780108, 1.664502, 1.656445, -0.008057,
133.790670, 1.669336, 1.664502, -0.004834,
133.801321, 1.666113, 1.654028, -0.012085,
133.811990, 1.670142, 1.654028, -0.016113,
133.822541, 1.666919, 1.660474, -0.006445,
133.833188, 1.672559, 1.654028, -0.018530,
133.843854, 1.668530, 1.666919, -0.001611,
133.854422, 1.670142, 1.669336, -0.000806,
133.864997, 1.670947, 1.650000, -0.020947,
133.875557, 1.670142, 1.658862, -0.011279,
133.886217, 1.670947, 1.656445, -0.014502,
133.896783, 1.666919, 1.658862, -0.008057,
133.907522, 1.670142, 1.657251, -0.012891,
133.918117, 1.669336, 1.661279, -0.008057,
133.928680, 1.670142, 1.677393, 0.007251,
133.939188, 1.669336, 1.664502, -0.004834,
133.949678, 1.672559, 1.661279, -0.011279,
133.960344, 1.670142, 1.654834, -0.015308,
133.970936, 1.672559, 1.668530, -0.004028,
133.981436, 1.662085, 1.664502, 0.002417,
133.991778, 1.666919, 1.662891, -0.004028,
134.002431, 1.673364, 1.653223, -0.020142,
134.013114, 1.668530, 1.650806, -0.017725,
134.023675, 1.665308, 1.665308, 0.000000,
134.034081, 1.662891, 1.665308, 0.002417,
134.044430, 1.666113, 1.637109, -0.029004,
134.055005, 1.666919, 1.658862, -0.008057,
134.065673, 1.666919, 1.664502, -0.002417,
134.076219, 1.670142, 1.658862, -0.011279,
134.086924, 1.672559, 1.666919, -0.005640,
134.097431, 1.665308, 1.658862, -0.006445,
134.108193, 1.670142, 1.658057, -0.012085,
134.118779, 1.669336, 1.654834, -0.014502,
134.129327, 1.669336, 1.668530, -0.000806,
134.140097, 1.665308, 1.633887, -0.031421,
134.150701, 1.664502, 1.656445, -0.008057,
134.161321, 1.662085, 1.650806, -0.011279,
134.171898, 1.670142, 1.678198, 0.008057,
134.182309, 1.664502, 1.672559, 0.008057,
134.192550, 1.666919, 1.654834, -0.012085,
134.203215, 1.673364, 1.657251, -0.016113,
134.213900, 1.670142, 1.670142, 0.000000,
134.224213, 1.670142, 1.677393, 0.007251,
134.234677, 1.672559, 1.662891, -0.009668,
134.245330, 1.670142, 1.660474, -0.009668,
134.255893, 1.669336, 1.677393, 0.008057,
134.266332, 1.670142, 1.662085, -0.008057,
134.276898, 1.670142, 1.662085, -0.008057,
134.287553, 1.666919, 1.668530, 0.001611,
134.297893, 1.665308, 1.658057, -0.007251,
134.308671, 1.668530, 1.677393, 0.008862,
134.319000, 1.664502, 1.658862, -0.005640,
134.329558, 1.670142, 1.662085, -0.008057,
134.340410, 1.670947, 1.678198, 0.007251,
134.350747, 1.670142, 1.654834, -0.015308,
134.361330, 1.669336, 1.654834, -0.014502,
134.371906, 1.666919, 1.670142, 0.003223,
134.382311, 1.666113, 1.653223, -0.012891,
134.392894, 1.670142, 1.673364, 0.003223,
134.403336, 1.668530, 1.654834, -0.013696,
134.414011, 1.666919, 1.666113, -0.000806,
134.424547, 1.662085, 1.674170, 0.012085,
134.434968, 1.670142, 1.662891, -0.007251,
134.445552, 1.662085, 1.665308, 0.003223,
134.455896, 1.670142, 1.674976, 0.004834,
134.466242, 1.664502, 1.672559, 0.008057,
134.476674, 1.672559, 1.670947, -0.001611,
134.487337, 1.664502, 1.662891, -0.001611,
134.497893, 1.670142, 1.669336, -0.000806,
134.508676, 1.669336, 1.648389, -0.020947,
134.519226, 1.669336, 1.665308, -0.004028,
134.529796, 1.673364, 1.661279, -0.012085,
134.540545, 1.664502, 1.670947, 0.006445,
134.550902, 1.669336, 1.657251, -0.012085,
134.561553, 1.670142, 1.654834, -0.015308,
134.572136, 1.666113, 1.666113, 0.000000,
134.582536, 1.668530, 1.664502, -0.004028,
134.593022, 1.668530, 1.662085, -0.006445,
134.603671, 1.668530, 1.662085, -0.006445,
134.614335, 1.664502, 1.674976, 0.010474,
134.624685, 1.670142, 1.664502, -0.005640,
134.635331, 1.674170, 1.652417, -0.021753,
134.646005, 1.669336, 1.665308, -0.004028,
134.656560, 1.666919, 1.677393, 0.010474,
134.667009, 1.670142, 1.674976, 0.004834,
134.677358, 1.662085, 1.641943, -0.020142,
134.687999, 1.662891, 1.664502, 0.001611,
134.698337, 1.668530, 1.666919, -0.001611,
134.709000, 1.662891, 1.670142, 0.007251,
134.719338, 1.662891, 1.670947, 0.008057,
134.729671, 1.668530, 1.650806, -0.017725,
134.740354, 1.670947, 1.645166, -0.025781,
134.750896, 1.670142, 1.674170, 0.004028,
134.761283, 1.670947, 1.669336, -0.001611,
134.771806, 1.666919, 1.677393, 0.010474,
134.782210, 1.666919, 1.665308, -0.001611,
134.792785, 1.668530, 1.691089, 0.022559,
134.803219, 1.665308, 1.662085, -0.003223,
134.813900, 1.670142, 1.660474, -0.009668,
134.824437, 1.670142, 1.657251, -0.012891,
134.835119, 1.666919, 1.662085, -0.004834,
134.845759, 1.669336, 1.673364, 0.004028,
134.856127, 1.669336, 1.669336, 0.000000,
134.866437, 1.669336, 1.670947, 0.001611,
134.876788, 1.669336, 1.662085, -0.007251,
134.887439, 1.669336, 1.662891, -0.006445,
134.897967, 1.676587, 1.664502, -0.012085,
134.908673, 1.668530, 1.670142, 0.001611,
134.919008, 1.670142, 1.666919, -0.003223,
134.929554, 1.668530, 1.661279, -0.007251,
134.940333, 1.668530, 1.666113, -0.002417,
134.950915, 1.664502, 1.658057, -0.006445,
134.961549, 1.662891, 1.656445, -0.006445,
134.972140, 1.664502, 1.665308, 0.000806,
134.982523, 1.674170, 1.633081, -0.041089,
134.993005, 1.669336, 1.654834, -0.014502,
135.003691, 1.670142, 1.654834, -0.015308,
135.014343, 1.669336, 1.657251, -0.012085,
135.024904, 1.662085, 1.654028, -0.008057,
135.035562, 1.666113, 1.658057, -0.008057,
135.046222, 1.668530, 1.654028, -0.014502,
135.056870, 1.669336, 1.672559, 0.003223,
135.067214, 1.664502, 1.654834, -0.009668,
135.077786, 1.665308, 1.658862, -0.006445,
135.088439, 1.670947, 1.683032, 0.012085,
135.098907, 1.669336, 1.640332, -0.029004,
135.109549, 1.670142, 1.660474, -0.009668,
135.120119, 1.666113, 1.664502, -0.001611,
135.130675, 1.666919, 1.666919, 0.000000,
135.141125, 1.662891, 1.670142, 0.007251,
135.151432, 1.669336, 1.662085, -0.007251,
135.162113, 1.668530, 1.660474, -0.008057,
135.172682, 1.672559, 1.668530, -0.004028,
135.183337, 1.669336, 1.666919, -0.002417,
135.193891, 1.662085, 1.674976, 0.012891,
135.204335, 1.670142, 1.670142, 0.000000,
135.214787, 1.668530, 1.666919, -0.001611,
135.225345, 1.666919, 1.653223, -0.013696,
135.235999, 1.673364, 1.657251, -0.016113,
135.246677, 1.668530, 1.654028, -0.014502,
135.257313, 1.668530, 1.669336, 0.000806,
135.267669, 1.670142, 1.665308, -0.004834,
135.278228, 1.662085, 1.666919, 0.004834,
135.288677, 1.670142, 1.670142, 0.000000,
135.299024, 1.668530, 1.670142, 0.001611,
135.309436, 1.669336, 1.666113, -0.003223,
135.320004, 1.668530, 1.654834, -0.013696,
135.330612, 1.661279, 1.662085, 0.000806,
135.341158, 1.666113, 1.662891, -0.003223,
135.351678, 1.668530, 1.665308, -0.003223,
135.362342, 1.670142, 1.662085, -0.008057,
135.372928, 1.668530, 1.669336, 0.000806,
135.383340, 1.664502, 1.662085, -0.002417,
135.393908, 1.666919, 1.662085, -0.004834,
135.404557, 1.662085, 1.650000, -0.012085,
135.415234, 1.668530, 1.654834, -0.013696,
135.425789, 1.668530, 1.660474, -0.008057,
135.436442, 1.670142, 1.678198, 0.008057,
135.446908, 1.670142, 1.654028, -0.016113,
135.457529, 1.664502, 1.674170, 0.009668,
135.467831, 1.670142, 1.670142, 0.000000,
135.478170, 1.669336, 1.660474, -0.008862,
135.488786, 1.672559, 1.676587, 0.004028,
135.499239, 1.670142, 1.661279, -0.008862,
135.509904, 1.666113, 1.653223, -0.012891,
135.520440, 1.672559, 1.658057, -0.014502,
135.531014, 1.668530, 1.656445, -0.012085,
135.541688, 1.668530, 1.664502, -0.004028,
135.552222, 1.670142, 1.647583, -0.022559,
135.562900, 1.668530, 1.662085, -0.006445,
135.573444, 1.669336, 1.665308, -0.004028,
135.584109, 1.666919, 1.674976, 0.008057,
135.594452, 1.670142, 1.654834, -0.015308,
135.605544, 1.670142, 1.668530, -0.001611,
135.616127, 1.666113, 1.674170, 0.008057,
135.626445, 1.670142, 1.665308, -0.004834,
135.637121, 1.670142, 1.662085, -0.008057,
135.647671, 1.670142, 1.657251, -0.012891,
135.658359, 1.668530, 1.668530, 0.000000,
135.668718, 1.666919, 1.640332, -0.026587,
135.679215, 1.670947, 1.658862, -0.012085,
135.689901, 1.669336, 1.677393, 0.008057,
135.700331, 1.665308, 1.654834, -0.010474,
135.711010, 1.669336, 1.645972, -0.023364,
135.721554, 1.665308, 1.662085, -0.003223,
135.732199, 1.670142, 1.650000, -0.020142,
135.742896, 1.673364, 1.656445, -0.016919,
135.753441, 1.670947, 1.664502, -0.006445,
135.764006, 1.668530, 1.639526, -0.029004,
135.774546, 1.666919, 1.658862, -0.008057,
135.785216, 1.665308, 1.670142, 0.004834,
135.795555, 1.662085, 1.647583, -0.014502,
135.806224, 1.666113, 1.670947, 0.004834,
135.816685, 1.669336, 1.665308, -0.004028,
135.827224, 1.670142, 1.656445, -0.013696,
135.837999, 1.670142, 1.672559, 0.002417,
135.848363, 1.668530, 1.662891, -0.005640,
135.859020, 1.669336, 1.656445, -0.012891,
135.869615, 1.668530, 1.660474, -0.008057,
135.880111, 1.666113, 1.637915, -0.028198,
135.890689, 1.670142, 1.657251, -0.012891,
135.901347, 1.664502, 1.665308, 0.000806,
135.911787, 1.670947, 1.656445, -0.014502,
135.922367, 1.670142, 1.669336, -0.000806,
135.932979, 1.666919, 1.670947, 0.004028,
135.943337, 1.666919, 1.657251, -0.009668,
135.953910, 1.670947, 1.662891, -0.008057,
135.964557, 1.666113, 1.654028, -0.012085,
135.975174, 1.666919, 1.670947, 0.004028,
135.985579, 1.670142, 1.687866, 0.017725,
135.995899, 1.665308, 1.654028, -0.011279,
136.006562, 1.668530, 1.678198, 0.009668,
136.017004, 1.669336, 1.650806, -0.018530,
136.027561, 1.666113, 1.657251, -0.008862,
136.038315, 1.666113, 1.672559, 0.006445,
136.048675, 1.666113, 1.677393, 0.011279,
136.059106, 1.668530, 1.670142, 0.001611,
136.069373, 1.665308, 1.656445, -0.008862,
136.079904, 1.672559, 1.662085, -0.010474,
136.090555, 1.669336, 1.670142, 0.000806,
136.101009, 1.669336, 1.664502, -0.004834,
136.111681, 1.662085, 1.664502, 0.002417,
136.122010, 1.670142, 1.637915, -0.032227,
136.132681, 1.662085, 1.656445, -0.005640,
136.143337, 1.668530, 1.660474, -0.008057,
136.153896, 1.670142, 1.658862, -0.011279,
136.164558, 1.669336, 1.661279, -0.008057,
136.175221, 1.668530, 1.665308, -0.003223,
136.185895, 1.664502, 1.662085, -0.002417,
136.196218, 1.674170, 1.658057, -0.016113,
136.206862, 1.666113, 1.670142, 0.004028,
136.217130, 1.666919, 1.662891, -0.004028,
136.227684, 1.662085, 1.665308, 0.003223,
136.238206, 1.666113, 1.666113, 0.000000,
136.248473, 1.670142, 1.648389, -0.021753,
136.259110, 1.669336, 1.662891, -0.006445,
136.269688, 1.662891, 1.673364, 0.010474,
136.280009, 1.670947, 1.666919, -0.004028,
136.290675, 1.673364, 1.677393, 0.004028,
136.301126, 1.668530, 1.665308, -0.003223,
136.311789, 1.666919, 1.645972, -0.020947,
136.322337, 1.661279, 1.677393, 0.016113,
136.332766, 1.665308, 1.650000, -0.015308,
136.343450, 1.668530, 1.662891, -0.005640,
136.354009, 1.673364, 1.662891, -0.010474,
136.364685, 1.669336, 1.649194, -0.020142,
136.375229, 1.666113, 1.662085, -0.004028,
136.385898, 1.669336, 1.670142, 0.000806,
136.396229, 1.670142, 1.674170, 0.004028,
136.406756, 1.665308, 1.670142, 0.004834,
136.417124, 1.669336, 1.658862, -0.010474,
136.427683, 1.670142, 1.658862, -0.011279,
136.438431, 1.662085, 1.670142, 0.008057,
136.448757, 1.668530, 1.672559, 0.004028,
136.459224, 1.662891, 1.673364, 0.010474,
136.469625, 1.668530, 1.654834, -0.013696,
136.480119, 1.666113, 1.654834, -0.011279,
136.490688, 1.669336, 1.676587, 0.007251,
136.501123, 1.665308, 1.660474, -0.004834,
136.511794, 1.665308, 1.662085, -0.003223,
136.522349, 1.666113, 1.682227, 0.016113,
136.532762, 1.669336, 1.664502, -0.004834,
136.543350, 1.668530, 1.657251, -0.011279,
136.553904, 1.668530, 1.657251, -0.011279,
136.564565, 1.662891, 1.662085, -0.000806,
136.575117, 1.666919, 1.683838, 0.016919,
136.585561, 1.669336, 1.662085, -0.007251,
136.596131, 1.668530, 1.658862, -0.009668,
136.606881, 1.666919, 1.673364, 0.006445,
136.617236, 1.666113, 1.657251, -0.008862,
136.627795, 1.669336, 1.656445, -0.012891,
136.638541, 1.665308, 1.670142, 0.004834,
136.648905, 1.662891, 1.657251, -0.005640,
136.659550, 1.669336, 1.664502, -0.004834,
136.670146, 1.664502, 1.662085, -0.002417,
136.680683, 1.669336, 1.685449, 0.016113,
136.691116, 1.666113, 1.664502, -0.001611,
136.701704, 1.668530, 1.660474, -0.008057,
136.712338, 1.666919, 1.660474, -0.006445,
136.722895, 1.673364, 1.677393, 0.004028,
136.733339, 1.668530, 1.665308, -0.003223,
136.744010, 1.668530, 1.669336, 0.000806,
136.754342, 1.669336, 1.678198, 0.008862,
136.764795, 1.668530, 1.657251, -0.011279,
136.775413, 1.668530, 1.654834, -0.013696,
136.786013, 1.662085, 1.673364, 0.011279,
136.796350, 1.666919, 1.637109, -0.029809,
136.807114, 1.668530, 1.633887, -0.034644,
136.817680, 1.658057, 1.662085, 0.004028,
136.828014, 1.669336, 1.664502, -0.004834,
136.838811, 1.666919, 1.665308, -0.001611,
136.849350, 1.668530, 1.658057, -0.010474,
136.859995, 1.670142, 1.652417, -0.017725,
136.870622, 1.666919, 1.662085, -0.004834,
136.881126, 1.664502, 1.652417, -0.012085,
136.891688, 1.665308, 1.670947, 0.005640,
136.902128, 1.662085, 1.662085, 0.000000,
136.912565, 1.668530, 1.668530, 0.000000,
136.922915, 1.666113, 1.661279, -0.004834,
136.933567, 1.670142, 1.677393, 0.007251,
136.944012, 1.664502, 1.670142, 0.005640,
136.954348, 1.670142, 1.672559, 0.002417,
136.964791, 1.666113, 1.637109, -0.029004,
136.975437, 1.666113, 1.657251, -0.008862,
136.986127, 1.669336, 1.653223, -0.016113,
136.996685, 1.670142, 1.666113, -0.004028,
137.007441, 1.666113, 1.676587, 0.010474,
137.017790, 1.668530, 1.654834, -0.013696,
137.028354, 1.662085, 1.662085, 0.000000,
137.038765, 1.670142, 1.685449, 0.015308,
137.049126, 1.669336, 1.674976, 0.005640,
137.059555, 1.669336, 1.665308, -0.004028,
137.070158, 1.662085, 1.662085, 0.000000,
137.080448, 1.670947, 1.664502, -0.006445,
137.091008, 1.664502, 1.666113, 0.001611,
137.101468, 1.668530, 1.664502, -0.004028,
137.112134, 1.662085, 1.674976, 0.012891,
137.122447, 1.670947, 1.673364, 0.002417,
137.132907, 1.665308, 1.654834, -0.010474,
137.143562, 1.666919, 1.656445, -0.010474,
137.154123, 1.668530, 1.657251, -0.011279,
137.164792, 1.670142, 1.658862, -0.011279,
137.175418, 1.662891, 1.679004, 0.016113,
137.185800, 1.668530, 1.665308, -0.003223,
137.196339, 1.666113, 1.673364, 0.007251,
137.206877, 1.669336, 1.685449, 0.016113,
137.217224, 1.664502, 1.637109, -0.027393,
137.219359, 1.666113, 1.654834, -0.011279,
137.229910, 1.669336, 1.664502, -0.004834,
137.240572, 1.668530, 1.666919, -0.001611,
137.251131, 1.670142, 1.662085, -0.008057,
137.261779, 1.672559, 1.657251, -0.015308,
137.272360, 1.668530, 1.670142, 0.001611,
137.282771, 1.665308, 1.640332, -0.024976,
137.293343, 1.661279, 1.676587, 0.015308,
137.303800, 1.666919, 1.660474, -0.006445,
137.314453, 1.670142, 1.658862, -0.011279,
137.325015, 1.670142, 1.676587, 0.006445,
137.335441, 1.669336, 1.669336, 0.000000,
137.345681, 1.662085, 1.661279, -0.000806,
137.356247, 1.670142, 1.658057, -0.012085,
137.366908, 1.670142, 1.666919, -0.003223,
137.377444, 1.670142, 1.670947, 0.000806,
137.387907, 1.669336, 1.672559, 0.003223,
137.398232, 1.664502, 1.662891, -0.001611,
137.409012, 1.668530, 1.666113, -0.002417,
137.419566, 1.666919, 1.645972, -0.020947,
137.430146, 1.670142, 1.676587, 0.006445,
137.440692, 1.666919, 1.677393, 0.010474,
137.451017, 1.670142, 1.669336, -0.000806,
137.461696, 1.670142, 1.648389, -0.021753,
137.472304, 1.670142, 1.674976, 0.004834,
137.482690, 1.673364, 1.662891, -0.010474,
137.493263, 1.665308, 1.661279, -0.004028,
137.503907, 1.662085, 1.669336, 0.007251,
137.514349, 1.670142, 1.670947, 0.000806,
137.524692, 1.672559, 1.674976, 0.002417,
137.535127, 1.666919, 1.678198, 0.011279,
137.545561, 1.670142, 1.662891, -0.007251,
137.556130, 1.668530, 1.677393, 0.008862,
137.566438, 1.670947, 1.658862, -0.012085,
137.577006, 1.666113, 1.666113, 0.000000,
137.587342, 1.662085, 1.662891, 0.000806,
137.597693, 1.670142, 1.662085, -0.008057,
137.608428, 1.662085, 1.674170, 0.012085,
137.618794, 1.670947, 1.657251, -0.013696,
137.629335, 1.668530, 1.660474, -0.008057,
137.640115, 1.670142, 1.670142, 0.000000,
137.650338, 1.666919, 1.656445, -0.010474,
137.661035, 1.670142, 1.654028, -0.016113,
137.671652, 1.670142, 1.677393, 0.007251,
137.681999, 1.666113, 1.660474, -0.005640,
137.692551, 1.669336, 1.666113, -0.003223,
137.703161, 1.670142, 1.645972, -0.024170,
137.713789, 1.669336, 1.664502, -0.004834,
137.724344, 1.666113, 1.665308, -0.000806,
137.735000, 1.666113, 1.672559, 0.006445,
137.745348, 1.664502, 1.679004, 0.014502,
137.755699, 1.669336, 1.682227, 0.012891,
137.766130, 1.670947, 1.665308, -0.005640,
137.776691, 1.669336, 1.669336, 0.000000,
137.787127, 1.670142, 1.661279, -0.008862,
137.797695, 1.669336, 1.687060, 0.017725,
137.808212, 1.672559, 1.677393, 0.004834,
137.818561, 1.670142, 1.674976, 0.004834,
137.828905, 1.661279, 1.678198, 0.016919,
137.839434, 1.669336, 1.674170, 0.004834,
137.849694, 1.665308, 1.658862, -0.006445,
137.860344, 1.669336, 1.647583, -0.021753,
137.870950, 1.666919, 1.668530, 0.001611,
137.881222, 1.670947, 1.662891, -0.008057,
137.891785, 1.668530, 1.650000, -0.018530,
137.902441, 1.674170, 1.643555, -0.030615,
137.910794, 1.669336, 1.657251, -0.012085,
137.921349, 1.660474, 1.673364, 0.012891,
137.931767, 1.668530, 1.650000, -0.018530,
137.942452, 1.672559, 1.666113, -0.006445,
137.953026, 1.673364, 1.670142, -0.003223,
137.963684, 1.665308, 1.665308, 0.000000,
137.973996, 1.666919, 1.665308, -0.001611,
137.984691, 1.672559, 1.654834, -0.017725,
137.995238, 1.670142, 1.658057, -0.012085,
138.005916, 1.664502, 1.674170, 0.009668,
138.016346, 1.669336, 1.656445, -0.012891,
138.026913, 1.670142, 1.673364, 0.003223,
138.037348, 1.669336, 1.658862, -0.010474,
138.047911, 1.666919, 1.668530, 0.001611,
138.058347, 1.670142, 1.666919, -0.003223,
138.068960, 1.666919, 1.664502, -0.002417,
138.079453, 1.665308, 1.662891, -0.002417,
138.090131, 1.670142, 1.666113, -0.004028,
138.100788, 1.666113, 1.664502, -0.001611,
138.111458, 1.669336, 1.658057, -0.011279,
138.122018, 1.668530, 1.668530, 0.000000,
138.132440, 1.670142, 1.658057, -0.012085,
138.143009, 1.668530, 1.662085, -0.006445,
138.153564, 1.668530, 1.678198, 0.009668,
138.163946, 1.670142, 1.654834, -0.015308,
138.174508, 1.662085, 1.666919, 0.004834,
138.184914, 1.669336, 1.658862, -0.010474,
138.195447, 1.670142, 1.662085, -0.008057,
138.206015, 1.668530, 1.677393, 0.008862,
138.216360, 1.668530, 1.662085, -0.006445,
138.226915, 1.670142, 1.662891, -0.007251,
138.237566, 1.668530, 1.672559, 0.004028,
138.247917, 1.670142, 1.668530, -0.001611,
138.258563, 1.670142, 1.674976, 0.004834,
138.268946, 1.666919, 1.633081, -0.033838,
138.279484, 1.668530, 1.650806, -0.017725,
138.290133, 1.665308, 1.670142, 0.004834,
138.300557, 1.668530, 1.673364, 0.004834,
138.311031, 1.662085, 1.661279, -0.000806,
138.321557, 1.670142, 1.666113, -0.004028,
138.332134, 1.669336, 1.678198, 0.008862,
138.342568, 1.669336, 1.670947, 0.001611,
138.352921, 1.669336, 1.666919, -0.002417,
138.363564, 1.665308, 1.666113, 0.000806,
138.373923, 1.662085, 1.665308, 0.003223,
138.384336, 1.665308, 1.668530, 0.003223,
138.394596, 1.670947, 1.670142, -0.000806,
138.405229, 1.670142, 1.654834, -0.015308,
138.415906, 1.668530, 1.681421, 0.012891,
138.426226, 1.670142, 1.658862, -0.011279,
138.436911, 1.666919, 1.658862, -0.008057,
138.447570, 1.668530, 1.658057, -0.010474,
138.458200, 1.670947, 1.660474, -0.010474,
138.468729, 1.665308, 1.643555, -0.021753,
138.479250, 1.666113, 1.664502, -0.001611,
138.489914, 1.666113, 1.654834, -0.011279,
138.500563, 1.668530, 1.686255, 0.017725,
138.511023, 1.670142, 1.658862, -0.011279,
138.521571, 1.664502, 1.662085, -0.002417,
138.532218, 1.670142, 1.648389, -0.021753,
138.542826, 1.668530, 1.658862, -0.009668,
138.553360, 1.666113, 1.668530, 0.002417,
138.563798, 1.660474, 1.670142, 0.009668,
138.574221, 1.666919, 1.647583, -0.019336,
138.584917, 1.662891, 1.664502, 0.001611,
138.595236, 1.662085, 1.658862, -0.003223,
138.605921, 1.666919, 1.677393, 0.010474,
138.616351, 1.668530, 1.664502, -0.004028,
138.626917, 1.668530, 1.660474, -0.008057,
138.637563, 1.668530, 1.673364, 0.004834,
138.647915, 1.665308, 1.670947, 0.005640,
138.658341, 1.670142, 1.665308, -0.004834,
138.668964, 1.670142, 1.648389, -0.021753,
138.679452, 1.669336, 1.645166, -0.024170,
138.690129, 1.670142, 1.670947, 0.000806,
138.700558, 1.666113, 1.673364, 0.007251,
138.711012, 1.665308, 1.657251, -0.008057,
138.721562, 1.668530, 1.668530, 0.000000,
138.731875, 1.670142, 1.661279, -0.008862,
138.742448, 1.662891, 1.643555, -0.019336,
138.753019, 1.666919, 1.670142, 0.003223,
138.763447, 1.669336, 1.678198, 0.008862,
138.773787, 1.668530, 1.670142, 0.001611,
138.784228, 1.670142, 1.674976, 0.004834,
138.794452, 1.670947, 1.662891, -0.008057,
138.805139, 1.668530, 1.654028, -0.014502,
138.815797, 1.666919, 1.658057, -0.008862,
138.826354, 1.664502, 1.673364, 0.008862,
138.836796, 1.670142, 1.660474, -0.009668,
138.847455, 1.670142, 1.665308, -0.004834,
138.858128, 1.670142, 1.666919, -0.003223,
138.868732, 1.666113, 1.656445, -0.009668,
138.879247, 1.668530, 1.645972, -0.022559,
138.889909, 1.669336, 1.674170, 0.004834,
138.900340, 1.669336, 1.654028, -0.015308,
138.911017, 1.670142, 1.661279, -0.008862,
138.921573, 1.674170, 1.678198, 0.004028,
138.931999, 1.668530, 1.670947, 0.002417,
138.942426, 1.670947, 1.652417, -0.018530,
138.952949, 1.670142, 1.669336, -0.000806,
138.963572, 1.665308, 1.674976, 0.009668,
138.973913, 1.670142, 1.677393, 0.007251,
138.984264, 1.670142, 1.650000, -0.020142,
138.994915, 1.670142, 1.662085, -0.008057,
139.005580, 1.666919, 1.661279, -0.005640,
139.016229, 1.670142, 1.656445, -0.013696,
139.026795, 1.670142, 1.658862, -0.011279,
139.037447, 1.665308, 1.669336, 0.004028,
139.047802, 1.670142, 1.677393, 0.007251,
139.058205, 1.669336, 1.670947, 0.001611,
139.068476, 1.672559, 1.662891, -0.009668,
139.079024, 1.670142, 1.668530, -0.001611,
139.089596, 1.669336, 1.664502, -0.004834,
139.100226, 1.662891, 1.662085, -0.000806,
139.110918, 1.668530, 1.668530, 0.000000,
139.121231, 1.669336, 1.677393, 0.008057,
139.131494, 1.670947, 1.637915, -0.033032,
139.142145, 1.664502, 1.650000, -0.014502,
139.152694, 1.664502, 1.654834, -0.009668,
139.163253, 1.666919, 1.658862, -0.008057,
139.173852, 1.670142, 1.665308, -0.004834,
139.184449, 1.669336, 1.670142, 0.000806,
139.194701, 1.668530, 1.660474, -0.008057,
139.205347, 1.666919, 1.689478, 0.022559,
139.215794, 1.668530, 1.677393, 0.008862,
139.226141, 1.668530, 1.657251, -0.011279,
139.236799, 1.669336, 1.665308, -0.004028,
139.247453, 1.662085, 1.660474, -0.001611,
139.258128, 1.665308, 1.673364, 0.008057,
139.268443, 1.666113, 1.662085, -0.004028,
139.278910, 1.669336, 1.656445, -0.012891,
139.289562, 1.670142, 1.677393, 0.007251,
139.300018, 1.670142, 1.661279, -0.008862,
139.310694, 1.668530, 1.660474, -0.008057,
139.321232, 1.670142, 1.670142, 0.000000,
139.331484, 1.668530, 1.662085, -0.006445,
139.342222, 1.668530, 1.660474, -0.008057,
139.352789, 1.666113, 1.666919, 0.000806,
139.363246, 1.662085, 1.666919, 0.004834,
139.373694, 1.669336, 1.666919, -0.002417,
139.384346, 1.668530, 1.648389, -0.020142,
139.394931, 1.668530, 1.658862, -0.009668,
139.405563, 1.665308, 1.669336, 0.004028,
139.416014, 1.669336, 1.649194, -0.020142,
139.426568, 1.668530, 1.665308, -0.003223,
139.437223, 1.668530, 1.664502, -0.004028,
139.447801, 1.662085, 1.670142, 0.008057,
139.458207, 1.664502, 1.670142, 0.005640,
139.468447, 1.666919, 1.673364, 0.006445,
139.478807, 1.666113, 1.660474, -0.005640,
139.489461, 1.668530, 1.670947, 0.002417,
139.499577, 1.669336, 1.669336, 0.000000,
139.510015, 1.668530, 1.673364, 0.004834,
139.520352, 1.666919, 1.666919, 0.000000,
139.530693, 1.665308, 1.654834, -0.010474,
139.541358, 1.662085, 1.666113, 0.004028,
139.551700, 1.662085, 1.670947, 0.008862,
139.562142, 1.669336, 1.654834, -0.014502,
139.572720, 1.666113, 1.662085, -0.004028,
139.583353, 1.664502, 1.660474, -0.004028,
139.593923, 1.670142, 1.649194, -0.020947,
139.604566, 1.672559, 1.682227, 0.009668,
139.615022, 1.666113, 1.670142, 0.004028,
139.625352, 1.669336, 1.662891, -0.006445,
139.636019, 1.662891, 1.662085, -0.000806,
139.646691, 1.672559, 1.636304, -0.036255,
139.657351, 1.664502, 1.676587, 0.012085,
139.667704, 1.670947, 1.633081, -0.037866,
139.678241, 1.666919, 1.674170, 0.007251,
139.688692, 1.670142, 1.665308, -0.004834,
139.699342, 1.666919, 1.647583, -0.019336,
139.710017, 1.662891, 1.662085, -0.000806,
139.720563, 1.669336, 1.665308, -0.004028,
139.731130, 1.662891, 1.678198, 0.015308,
139.741574, 1.669336, 1.674170, 0.004834,
139.751924, 1.666919, 1.664502, -0.002417,
139.762579, 1.670142, 1.662085, -0.008057,
139.773225, 1.673364, 1.662891, -0.010474,
139.783913, 1.673364, 1.647583, -0.025781,
139.794451, 1.670947, 1.658057, -0.012891,
139.805028, 1.673364, 1.669336, -0.004028,
139.815699, 1.666919, 1.666113, -0.000806,
139.826234, 1.670142, 1.656445, -0.013696,
139.836913, 1.666113, 1.654834, -0.011279,
139.847575, 1.668530, 1.658057, -0.010474,
139.858200, 1.670142, 1.677393, 0.007251,
139.868448, 1.666919, 1.670947, 0.004028,
139.878809, 1.668530, 1.649194, -0.019336,
139.889463, 1.665308, 1.674976, 0.009668,
139.899908, 1.668530, 1.670947, 0.002417,
139.910356, 1.668530, 1.669336, 0.000806,
139.920702, 1.666113, 1.661279, -0.004834,
139.931236, 1.665308, 1.640332, -0.024976,
139.941924, 1.666919, 1.683838, 0.016919,
139.952236, 1.666919, 1.633887, -0.033032,
139.962919, 1.670142, 1.665308, -0.004834,
139.973465, 1.668530, 1.666113, -0.002417,
139.984138, 1.669336, 1.673364, 0.004028,
139.994455, 1.670947, 1.654834, -0.016113,
140.005132, 1.669336, 1.660474, -0.008862,
140.015824, 1.668530, 1.654834, -0.013696,
140.026355, 1.669336, 1.652417, -0.016919,
140.037016, 1.672559, 1.670142, -0.002417,
140.047560, 1.662085, 1.668530, 0.006445,
140.057988, 1.670142, 1.676587, 0.006445,
140.068242, 1.666919, 1.665308, -0.001611,
140.078805, 1.666919, 1.653223, -0.013696,
140.089459, 1.670142, 1.678198, 0.008057,
140.099802, 1.666113, 1.658057, -0.008057,
140.110447, 1.673364, 1.665308, -0.008057,
140.121022, 1.668530, 1.670947, 0.002417,
140.131346, 1.665308, 1.666113, 0.000806,
140.141815, 1.662085, 1.658057, -0.004028,
140.152354, 1.666919, 1.660474, -0.006445,
140.163027, 1.666919, 1.654834, -0.012085,
140.173631, 1.669336, 1.662891, -0.006445,
140.184234, 1.668530, 1.672559, 0.004028,
140.194570, 1.670142, 1.657251, -0.012891,
140.205246, 1.670142, 1.665308, -0.004834,
140.215914, 1.665308, 1.683838, 0.018530,
140.226238, 1.666919, 1.654834, -0.012085,
140.236919, 1.662085, 1.662085, 0.000000,
140.247262, 1.666113, 1.662085, -0.004028,
140.257917, 1.664502, 1.687866, 0.023364,
140.268236, 1.670142, 1.664502, -0.005640,
140.278808, 1.670142, 1.650806, -0.019336,
140.289449, 1.669336, 1.673364, 0.004028,
140.299823, 1.666113, 1.666919, 0.000806,
140.310241, 1.669336, 1.662085, -0.007251,
140.320806, 1.665308, 1.668530, 0.003223,
140.331139, 1.668530, 1.666919, -0.001611,
140.341912, 1.665308, 1.666113, 0.000806,
140.352245, 1.666919, 1.665308, -0.001611,
140.362920, 1.669336, 1.662085, -0.007251,
140.373105, 1.670142, 1.661279, -0.008862,
140.383695, 1.665308, 1.654834, -0.010474,
140.394248, 1.670142, 1.652417, -0.017725,
140.404920, 1.666919, 1.668530, 0.001611,
140.415358, 1.662085, 1.650806, -0.011279,
140.425926, 1.666919, 1.666113, -0.000806,
140.436571, 1.666113, 1.677393, 0.011279,
140.447028, 1.666113, 1.658862, -0.007251,
140.457704, 1.664502, 1.662891, -0.001611,
140.468243, 1.669336, 1.658057, -0.011279,
140.478802, 1.666919, 1.650000, -0.016919,
140.489463, 1.665308, 1.670947, 0.005640,
140.499912, 1.662085, 1.658862, -0.003223,
140.510591, 1.668530, 1.658862, -0.009668,
140.521143, 1.658862, 1.674170, 0.015308,
140.531452, 1.670142, 1.654834, -0.015308,
140.542143, 1.668530, 1.654028, -0.014502,
140.552702, 1.669336, 1.662085, -0.007251,
140.563357, 1.669336, 1.658862, -0.010474,
140.573944, 1.668530, 1.679004, 0.010474,
140.584357, 1.666919, 1.649194, -0.017725,
140.594920, 1.662085, 1.661279, -0.000806,
140.605575, 1.670142, 1.673364, 0.003223,
140.616024, 1.661279, 1.662085, 0.000806,
140.626360, 1.664502, 1.658057, -0.006445,
140.637024, 1.670142, 1.670947, 0.000806,
140.647140, 1.665308, 1.658057, -0.007251,
140.657780, 1.662891, 1.666919, 0.004028,
140.668026, 1.669336, 1.676587, 0.007251,
140.678357, 1.669336, 1.668530, -0.000806,
140.689009, 1.666919, 1.670947, 0.004028,
140.699459, 1.662891, 1.661279, -0.001611,
140.710151, 1.662891, 1.669336, 0.006445,
140.720459, 1.666919, 1.682227, 0.015308,
140.730800, 1.662891, 1.682227, 0.019336,
140.741258, 1.670142, 1.656445, -0.013696,
140.751809, 1.670142, 1.673364, 0.003223,
140.762248, 1.662891, 1.665308, 0.002417,
140.772686, 1.668530, 1.672559, 0.004028,
140.783144, 1.664502, 1.670142, 0.005640,
140.793469, 1.668530, 1.662085, -0.006445,
140.804133, 1.670142, 1.670142, 0.000000,
140.814575, 1.668530, 1.658862, -0.009668,
140.825143, 1.668530, 1.636304, -0.032227,
140.835835, 1.670142, 1.668530, -0.001611,
140.846470, 1.668530, 1.656445, -0.012085,
140.857104, 1.670142, 1.669336, -0.000806,
140.867569, 1.673364, 1.664502, -0.008862,
140.878144, 1.668530, 1.666113, -0.002417,
140.888806, 1.668530, 1.650000, -0.018530,
140.899476, 1.670142, 1.666113, -0.004028,
140.910136, 1.668530, 1.662085, -0.006445,
140.920701, 1.669336, 1.665308, -0.004028,
140.931239, 1.662891, 1.662085, -0.000806,
140.941926, 1.669336, 1.691089, 0.021753,
140.952249, 1.668530, 1.658057, -0.010474,
140.962926, 1.666919, 1.654834, -0.012085,
140.973563, 1.670142, 1.679004, 0.008862,
140.984024, 1.668530, 1.664502, -0.004028,
140.994594, 1.670142, 1.674170, 0.004028,
141.005021, 1.670142, 1.670142, 0.000000,
141.015345, 1.670947, 1.670947, 0.000000,
141.025553, 1.670142, 1.662085, -0.008057,
141.036138, 1.665308, 1.645972, -0.019336,
141.046702, 1.666113, 1.656445, -0.009668,
141.057338, 1.666919, 1.652417, -0.014502,
141.067823, 1.662085, 1.635498, -0.026587,
141.078364, 1.670142, 1.657251, -0.012891,
141.089032, 1.668530, 1.677393, 0.008862,
141.099497, 1.664502, 1.656445, -0.008057,
141.110148, 1.662891, 1.660474, -0.002417,
141.120703, 1.668530, 1.657251, -0.011279,
141.131244, 1.666113, 1.657251, -0.008862,
141.141930, 1.669336, 1.658862, -0.010474,
141.152465, 1.669336, 1.662891, -0.006445,
141.163150, 1.668530, 1.650806, -0.017725,
141.173712, 1.666919, 1.658862, -0.008057,
141.184350, 1.669336, 1.656445, -0.012891,
141.194926, 1.670947, 1.660474, -0.010474,
141.205573, 1.670142, 1.664502, -0.005640,
141.216236, 1.668530, 1.662891, -0.005640,
141.226808, 1.668530, 1.632275, -0.036255,
141.237462, 1.670142, 1.670142, 0.000000,
141.247712, 1.668530, 1.658057, -0.010474,
141.258358, 1.666919, 1.654834, -0.012085,
141.268972, 1.672559, 1.662891, -0.009668,
141.279472, 1.670142, 1.665308, -0.004834,
141.290139, 1.668530, 1.653223, -0.015308,
141.300799, 1.670142, 1.637109, -0.033032,
141.311460, 1.669336, 1.658057, -0.011279,
141.322026, 1.668530, 1.662085, -0.006445,
141.332702, 1.666113, 1.654834, -0.011279,
141.343425, 1.666919, 1.669336, 0.002417,
141.353742, 1.666113, 1.658862, -0.007251,
141.364358, 1.670142, 1.661279, -0.008862,
141.374924, 1.670142, 1.665308, -0.004834,
141.385575, 1.668530, 1.666919, -0.001611,
141.396142, 1.670142, 1.653223, -0.016919,
141.406897, 1.666919, 1.669336, 0.002417,
141.417244, 1.673364, 1.662891, -0.010474,
141.427823, 1.666113, 1.662085, -0.004028,
141.438552, 1.670142, 1.644360, -0.025781,
141.449142, 1.666919, 1.679004, 0.012085,
141.459574, 1.666113, 1.666113, 0.000000,
141.469929, 1.669336, 1.669336, 0.000000,
141.480242, 1.670947, 1.662085, -0.008862,
141.490944, 1.670142, 1.654028, -0.016113,
141.501569, 1.665308, 1.658057, -0.007251,
141.512247, 1.662085, 1.654834, -0.007251,
141.522814, 1.669336, 1.673364, 0.004028,
141.533231, 1.670142, 1.660474, -0.009668,
141.543929, 1.670142, 1.654834, -0.015308,
141.554462, 1.664502, 1.665308, 0.000806,
141.564921, 1.668530, 1.650000, -0.018530,
141.575461, 1.670142, 1.636304, -0.033838,
141.586034, 1.662085, 1.666919, 0.004834,
141.596361, 1.669336, 1.670142, 0.000806,
141.606905, 1.669336, 1.665308, -0.004028,
141.617464, 1.668530, 1.666113, -0.002417,
141.628024, 1.670947, 1.654834, -0.016113,
141.638787, 1.669336, 1.662085, -0.007251,
141.649368, 1.666113, 1.654028, -0.012085,
141.660028, 1.668530, 1.656445, -0.012085,
141.670618, 1.666919, 1.666919, 0.000000,
141.680926, 1.666919, 1.662085, -0.004834,
141.691563, 1.670142, 1.670142, 0.000000,
141.701937, 1.668530, 1.661279, -0.007251,
141.712578, 1.669336, 1.660474, -0.008862,
141.723142, 1.668530, 1.637109, -0.031421,
141.733806, 1.668530, 1.657251, -0.011279,
141.744469, 1.665308, 1.660474, -0.004834,
141.755038, 1.664502, 1.670142, 0.005640,
141.765463, 1.669336, 1.649194, -0.020142,
141.776027, 1.662085, 1.670142, 0.008057,
141.786469, 1.670142, 1.658862, -0.011279,
141.797033, 1.668530, 1.656445, -0.012085,
141.807782, 1.661279, 1.674170, 0.012891,
141.818165, 1.670142, 1.662891, -0.007251,
141.828709, 1.669336, 1.662085, -0.007251,
141.839461, 1.670947, 1.683032, 0.012085,
141.849810, 1.668530, 1.669336, 0.000806,
141.860246, 1.670142, 1.672559, 0.002417,
141.870643, 1.669336, 1.678198, 0.008862,
141.880926, 1.666919, 1.662085, -0.004834,
141.891578, 1.664502, 1.662891, -0.001611,
141.902247, 1.670947, 1.666113, -0.004834,
141.912928, 1.670142, 1.654834, -0.015308,
141.923463, 1.664502, 1.643555, -0.020947,
141.934138, 1.665308, 1.665308, 0.000000,
141.944462, 1.666919, 1.631470, -0.035449,
141.955027, 1.670142, 1.662891, -0.007251,
141.965577, 1.666919, 1.672559, 0.005640,
141.975928, 1.669336, 1.631470, -0.037866,
141.986576, 1.670947, 1.670142, -0.000806,
141.997144, 1.668530, 1.653223, -0.015308,
142.007920, 1.666919, 1.669336, 0.002417,
142.018259, 1.666113, 1.658862, -0.007251,
142.028816, 1.670142, 1.662891, -0.007251,
142.039578, 1.670142, 1.668530, -0.001611,
142.050141, 1.670142, 1.666919, -0.003223,
142.060810, 1.670947, 1.661279, -0.009668,
142.071402, 1.669336, 1.664502, -0.004834,
142.082024, 1.668530, 1.670142, 0.001611,
142.092357, 1.669336, 1.666919, -0.002417,
142.103038, 1.670142, 1.672559, 0.002417,
142.113461, 1.668530, 1.658057, -0.010474,
142.124035, 1.668530, 1.682227, 0.013696,
142.134458, 1.670947, 1.656445, -0.014502,
142.145144, 1.669336, 1.647583, -0.021753,
142.155711, 1.665308, 1.691895, 0.026587,
142.166149, 1.666919, 1.643555, -0.023364,
142.176707, 1.666919, 1.653223, -0.013696,
142.187362, 1.668530, 1.670142, 0.001611,
142.197712, 1.666919, 1.673364, 0.006445,
142.208228, 1.665308, 1.674976, 0.009668,
142.218593, 1.670142, 1.647583, -0.022559,
142.229147, 1.664502, 1.654834, -0.009668,
142.239931, 1.670142, 1.647583, -0.022559,
142.250463, 1.668530, 1.670142, 0.001611,
142.260818, 1.666113, 1.664502, -0.001611,
142.271404, 1.670142, 1.674170, 0.004028,
142.281792, 1.669336, 1.660474, -0.008862,
142.292363, 1.670142, 1.633081, -0.037060,
142.303025, 1.669336, 1.652417, -0.016919,
142.313709, 1.669336, 1.656445, -0.012891,
142.324242, 1.669336, 1.662085, -0.007251,
142.334928, 1.669336, 1.662891, -0.006445,
142.345611, 1.670142, 1.673364, 0.003223,
142.355924, 1.669336, 1.670142, 0.000806,
142.366359, 1.670142, 1.666919, -0.003223,
142.376923, 1.666113, 1.669336, 0.003223,
142.387356, 1.662085, 1.674170, 0.012085,
142.397707, 1.666919, 1.683032, 0.016113,
142.408260, 1.664502, 1.673364, 0.008862,
142.418580, 1.673364, 1.662085, -0.011279,
142.429149, 1.670947, 1.641138, -0.029809,
142.439920, 1.662085, 1.654834, -0.007251,
142.450471, 1.669336, 1.658862, -0.010474,
142.461150, 1.668530, 1.666113, -0.002417,
142.471748, 1.661279, 1.679810, 0.018530,
142.482126, 1.662891, 1.682227, 0.019336,
142.492461, 1.669336, 1.662085, -0.007251,
142.503114, 1.666113, 1.662891, -0.003223,
142.513706, 1.666113, 1.662891, -0.003223,
142.524246, 1.668530, 1.668530, 0.000000,
142.534592, 1.662085, 1.664502, 0.002417,
142.545035, 1.668530, 1.657251, -0.011279,
142.555597, 1.670142, 1.670947, 0.000806,
142.565938, 1.666919, 1.669336, 0.002417,
142.576249, 1.662085, 1.662891, 0.000806,
142.586713, 1.669336, 1.665308, -0.004028,
142.597257, 1.666113, 1.662085, -0.004028,
142.608067, 1.668530, 1.644360, -0.024170,
142.618593, 1.666113, 1.676587, 0.010474,
142.628932, 1.669336, 1.643555, -0.025781,
142.639709, 1.668530, 1.662891, -0.005640,
142.650255, 1.661279, 1.662085, 0.000806,
142.660710, 1.670142, 1.650000, -0.020142,
142.671336, 1.666919, 1.670142, 0.003223,
142.681796, 1.665308, 1.670142, 0.004834,
142.692147, 1.670142, 1.666919, -0.003223,
142.702815, 1.668530, 1.662891, -0.005640,
142.713464, 1.670142, 1.664502, -0.005640,
142.723932, 1.665308, 1.674170, 0.008862,
142.734362, 1.670142, 1.654834, -0.015308,
142.744870, 1.662085, 1.662891, 0.000806,
142.755267, 1.670142, 1.669336, -0.000806,
142.765952, 1.665308, 1.658057, -0.007251,
142.776561, 1.670142, 1.654028, -0.016113,
142.787266, 1.666919, 1.666113, -0.000806,
142.797908, 1.669336, 1.666113, -0.003223,
142.808734, 1.669336, 1.664502, -0.004834,
142.819296, 1.672559, 1.666919, -0.005640,
142.829819, 1.668530, 1.664502, -0.004028,
142.840607, 1.668530, 1.678198, 0.009668,
142.850981, 1.666919, 1.654834, -0.012085,
142.861732, 1.670142, 1.657251, -0.012891,
142.872477, 1.668530, 1.670142, 0.001611,
142.882941, 1.670947, 1.670142, -0.000806,
142.893533, 1.666113, 1.656445, -0.009668,
142.904256, 1.668530, 1.670142, 0.001611,
142.914721, 1.666919, 1.665308, -0.001611,
142.925380, 1.666113, 1.657251, -0.008862,
142.936145, 1.670142, 1.665308, -0.004834,
142.946898, 1.666919, 1.654028, -0.012891,
142.957608, 1.668530, 1.666919, -0.001611,
142.968280, 1.668530, 1.658862, -0.009668,
142.978934, 1.666113, 1.645972, -0.020142,
142.989543, 1.664502, 1.672559, 0.008057,
143.000162, 1.668530, 1.665308, -0.003223,
143.010845, 1.668530, 1.666113, -0.002417,
143.021394, 1.666919, 1.674976, 0.008057,
143.031896, 1.658862, 1.658862, 0.000000,
143.042277, 1.665308, 1.656445, -0.008862,
143.052935, 1.669336, 1.660474, -0.008862,
143.063685, 1.666919, 1.656445, -0.010474,
143.074425, 1.670142, 1.668530, -0.001611,
143.085179, 1.664502, 1.664502, 0.000000,
143.095520, 1.666113, 1.666919, 0.000806,
143.106056, 1.662891, 1.664502, 0.001611,
143.116453, 1.668530, 1.674976, 0.006445,
143.126857, 1.668530, 1.654028, -0.014502,
143.137663, 1.666919, 1.672559, 0.005640,
143.148056, 1.662891, 1.678198, 0.015308,
143.158612, 1.662085, 1.633081, -0.029004,
143.169226, 1.662891, 1.662085, -0.000806,
143.179875, 1.666113, 1.670947, 0.004834,
143.190373, 1.662085, 1.679004, 0.016919,
143.200947, 1.666919, 1.666919, 0.000000,
143.211382, 1.666919, 1.660474, -0.006445,
143.222044, 1.668530, 1.674170, 0.005640,
143.232489, 1.670142, 1.658862, -0.011279,
143.243162, 1.670142, 1.657251, -0.012891,
143.253878, 1.669336, 1.672559, 0.003223,
143.264386, 1.666919, 1.662085, -0.004834,
143.275061, 1.674170, 1.674976, 0.000806,
143.285498, 1.665308, 1.666919, 0.001611,
143.295918, 1.670142, 1.656445, -0.013696,
143.306698, 1.665308, 1.641138, -0.024170,
143.317402, 1.670142, 1.637915, -0.032227,
143.328051, 1.669336, 1.654834, -0.014502,
143.334485, 1.666113, 1.641138, -0.024976,
143.340931, 1.668530, 1.668530, 0.000000,
143.351324, 1.670142, 1.658862, -0.011279,
143.361974, 1.668530, 1.652417, -0.016113,
143.372603, 1.666919, 1.666113, -0.000806,
143.383317, 1.668530, 1.664502, -0.004028,
143.394033, 1.661279, 1.677393, 0.016113,
143.404485, 1.668530, 1.669336, 0.000806,
143.414983, 1.670142, 1.662891, -0.007251,
143.425557, 1.664502, 1.674170, 0.009668,
143.436050, 1.670142, 1.661279, -0.008862,
143.446784, 1.666113, 1.662085, -0.004028,
143.457565, 1.662085, 1.682227, 0.020142,
143.468014, 1.668530, 1.645166, -0.023364,
143.478654, 1.665308, 1.656445, -0.008862,
143.489275, 1.666919, 1.665308, -0.001611,
143.500047, 1.662891, 1.660474, -0.002417,
143.510743, 1.670142, 1.660474, -0.009668,
143.521391, 1.662085, 1.679810, 0.017725,
143.531907, 1.657251, 1.652417, -0.004834,
143.542720, 1.664502, 1.662085, -0.002417,
143.553380, 1.670142, 1.668530, -0.001611,
143.564052, 1.669336, 1.660474, -0.008862,
143.574498, 1.668530, 1.668530, 0.000000,
143.584971, 1.662085, 1.654028, -0.008057,
143.595611, 1.664502, 1.649194, -0.015308,
143.606349, 1.669336, 1.697534, 0.028198,
143.616107, 1.664502, 1.665308, 0.000806,
143.626131, 1.669336, 1.654028, -0.015308,
143.636838, 1.669336, 1.664502, -0.004834,
143.647610, 1.669336, 1.657251, -0.012085,
143.658385, 1.666919, 1.670947, 0.004028,
143.668872, 1.669336, 1.660474, -0.008862,
143.679461, 1.661279, 1.661279, 0.000000,
143.689913, 1.670142, 1.662891, -0.007251,
143.700546, 1.668530, 1.658057, -0.010474,
143.711384, 1.666919, 1.658862, -0.008057,
143.721991, 1.664502, 1.668530, 0.004028,
143.732508, 1.672559, 1.664502, -0.008057,
143.743256, 1.668530, 1.647583, -0.020947,
143.753859, 1.670142, 1.672559, 0.002417,
143.764286, 1.662085, 1.649194, -0.012891,
143.774964, 1.660474, 1.657251, -0.003223,
143.785657, 1.666113, 1.664502, -0.001611,
143.796190, 1.669336, 1.661279, -0.008057,
143.807033, 1.670947, 1.673364, 0.002417,
143.817382, 1.666113, 1.670947, 0.004834,
143.827729, 1.666113, 1.658057, -0.008057,
143.838488, 1.669336, 1.670142, 0.000806,
143.848858, 1.665308, 1.664502, -0.000806,
143.859532, 1.662085, 1.662085, 0.000000,
143.869954, 1.670142, 1.662085, -0.008057,
143.880599, 1.661279, 1.673364, 0.012085,
143.891051, 1.669336, 1.674976, 0.005640,
143.901493, 1.668530, 1.666919, -0.001611,
143.912161, 1.668530, 1.653223, -0.015308,
143.922845, 1.666919, 1.668530, 0.001611,
143.933298, 1.666919, 1.662085, -0.004834,
143.942724, 1.668530, 1.658862, -0.009668,
143.953297, 1.670142, 1.670142, 0.000000,
143.963738, 1.670142, 1.656445, -0.013696,
143.974387, 1.666113, 1.654834, -0.011279,
143.985050, 1.670947, 1.652417, -0.018530,
143.995634, 1.666919, 1.657251, -0.009668,
144.006258, 1.668530, 1.656445, -0.012085,
144.016967, 1.668530, 1.658862, -0.009668,
144.027615, 1.666919, 1.668530, 0.001611,
144.038149, 1.670947, 1.662085, -0.008862,
144.048781, 1.669336, 1.666919, -0.002417,
144.059534, 1.668530, 1.632275, -0.036255,
144.070217, 1.669336, 1.670142, 0.000806,
144.080500, 1.668530, 1.662085, -0.006445,
144.091250, 1.664502, 1.660474, -0.004028,
144.102016, 1.670947, 1.656445, -0.014502,
144.112753, 1.669336, 1.654834, -0.014502,
144.123382, 1.668530, 1.670142, 0.001611,
144.133852, 1.666919, 1.666919, 0.000000,
144.144298, 1.665308, 1.672559, 0.007251,
144.154632, 1.666919, 1.670142, 0.003223,
144.165159, 1.670142, 1.668530, -0.001611,
144.175871, 1.669336, 1.653223, -0.016113,
144.186535, 1.666919, 1.653223, -0.013696,
144.197231, 1.669336, 1.665308, -0.004028,
144.208043, 1.666919, 1.661279, -0.005640,
144.218680, 1.672559, 1.664502, -0.008057,
144.229276, 1.670947, 1.648389, -0.022559,
144.240059, 1.669336, 1.666113, -0.003223,
144.250735, 1.669336, 1.654834, -0.014502,
144.261396, 1.665308, 1.670947, 0.005640,
144.271722, 1.669336, 1.670142, 0.000806,
144.282145, 1.665308, 1.674170, 0.008862,
144.292510, 1.662085, 1.657251, -0.004834,
144.303174, 1.673364, 1.650000, -0.023364,
144.313918, 1.670947, 1.657251, -0.013696,
144.324623, 1.668530, 1.670142, 0.001611,
144.335093, 1.666919, 1.662891, -0.004028,
144.345772, 1.665308, 1.674170, 0.008862,
144.356045, 1.669336, 1.662085, -0.007251,
144.366732, 1.666113, 1.673364, 0.007251,
144.376070, 1.666919, 1.645972, -0.020947,
144.386838, 1.666919, 1.669336, 0.002417,
144.397178, 1.668530, 1.665308, -0.003223,
144.407942, 1.670142, 1.658862, -0.011279,
144.418504, 1.673364, 1.678198, 0.004834,
144.428864, 1.669336, 1.658862, -0.010474,
144.439688, 1.665308, 1.666919, 0.001611,
144.450178, 1.668530, 1.677393, 0.008862,
144.460657, 1.668530, 1.650000, -0.018530,
144.471342, 1.666919, 1.674976, 0.008057,
144.481829, 1.666919, 1.653223, -0.013696,
144.492388, 1.665308, 1.654834, -0.010474,
144.503112, 1.666919, 1.661279, -0.005640,
144.513904, 1.666919, 1.662085, -0.004834,
144.524499, 1.666919, 1.669336, 0.002417,
144.534953, 1.666919, 1.662891, -0.004028,
144.545668, 1.668530, 1.658057, -0.010474,
144.556223, 1.662085, 1.685449, 0.023364,
144.566623, 1.669336, 1.661279, -0.008057,
144.577383, 1.666113, 1.665308, -0.000806,
144.588069, 1.665308, 1.670142, 0.004834,
144.598452, 1.668530, 1.657251, -0.011279,
144.609157, 1.669336, 1.633081, -0.036255,
144.619669, 1.668530, 1.654834, -0.013696,
144.630161, 1.670142, 1.662085, -0.008057,
144.640962, 1.665308, 1.658057, -0.007251,
144.651503, 1.666919, 1.666919, 0.000000,
144.662001, 1.662085, 1.649194, -0.012891,
144.672680, 1.665308, 1.665308, 0.000000,
144.683035, 1.666919, 1.657251, -0.009668,
144.693629, 1.666919, 1.657251, -0.009668,
144.704441, 1.665308, 1.656445, -0.008862,
144.715150, 1.672559, 1.661279, -0.011279,
144.725752, 1.669336, 1.654834, -0.014502,
144.736388, 1.668530, 1.666113, -0.002417,
144.747068, 1.666919, 1.660474, -0.006445,
144.757822, 1.669336, 1.677393, 0.008057,
144.768214, 1.666113, 1.664502, -0.001611,
144.778847, 1.666113, 1.664502, -0.001611,
144.789498, 1.668530, 1.674976, 0.006445,
144.799963, 1.662085, 1.658057, -0.004028,
144.810626, 1.666919, 1.658862, -0.008057,
144.821197, 1.669336, 1.670947, 0.001611,
144.831709, 1.664502, 1.662891, -0.001611,
144.842382, 1.665308, 1.664502, -0.000806,
144.852949, 1.668530, 1.654028, -0.014502,
144.863629, 1.666919, 1.657251, -0.009668,
144.874244, 1.662891, 1.689478, 0.026587,
144.884757, 1.666113, 1.640332, -0.025781,
144.895441, 1.666919, 1.666919, 0.000000,
144.905903, 1.670947, 1.673364, 0.002417,
144.916421, 1.673364, 1.647583, -0.025781,
144.926978, 1.664502, 1.654834, -0.009668,
144.937748, 1.665308, 1.665308, 0.000000,
144.948122, 1.662891, 1.678198, 0.015308,
144.958612, 1.665308, 1.669336, 0.004028,
144.968997, 1.666919, 1.661279, -0.005640,
144.979547, 1.668530, 1.672559, 0.004028,
144.990130, 1.664502, 1.677393, 0.012891,
145.000615, 1.665308, 1.666919, 0.001611,
145.011057, 1.670142, 1.658862, -0.011279,
145.021735, 1.666919, 1.665308, -0.001611,
145.032429, 1.662085, 1.661279, -0.000806,
145.043182, 1.670142, 1.654834, -0.015308,
145.053827, 1.670142, 1.673364, 0.003223,
145.064313, 1.669336, 1.668530, -0.000806,
145.074943, 1.664502, 1.658862, -0.005640,
145.085693, 1.662085, 1.660474, -0.001611,
145.096323, 1.669336, 1.666113, -0.003223,
145.107075, 1.665308, 1.669336, 0.004028,
145.117406, 1.670142, 1.665308, -0.004834,
145.127943, 1.669336, 1.654028, -0.015308,
145.138736, 1.665308, 1.660474, -0.004834,
145.149398, 1.665308, 1.650806, -0.014502,
145.160070, 1.669336, 1.670142, 0.000806,
145.170522, 1.669336, 1.662085, -0.007251,
145.181087, 1.669336, 1.665308, -0.004028,
145.191545, 1.666919, 1.658057, -0.008862,
145.202384, 1.662085, 1.670947, 0.008862,
145.212860, 1.665308, 1.654028, -0.011279,
145.223408, 1.670947, 1.666113, -0.004834,
145.234166, 1.666919, 1.662085, -0.004834,
145.244791, 1.669336, 1.654834, -0.014502,
145.255403, 1.666113, 1.670947, 0.004834,
145.265891, 1.670142, 1.662085, -0.008057,
145.276618, 1.669336, 1.660474, -0.008862,
145.287294, 1.665308, 1.664502, -0.000806,
145.297983, 1.665308, 1.633887, -0.031421,
145.308749, 1.670142, 1.670142, 0.000000,
145.319063, 1.668530, 1.672559, 0.004028,
145.329411, 1.662891, 1.662085, -0.000806,
145.340302, 1.669336, 1.661279, -0.008057,
145.350881, 1.673364, 1.658057, -0.015308,
145.361624, 1.666919, 1.647583, -0.019336,
145.372292, 1.668530, 1.666113, -0.002417,
145.382997, 1.666113, 1.658862, -0.007251,
145.393557, 1.662085, 1.662085, 0.000000,
145.404078, 1.666113, 1.658862, -0.007251,
145.414783, 1.668530, 1.657251, -0.011279,
145.425375, 1.662085, 1.662085, 0.000000,
145.435839, 1.666113, 1.666919, 0.000806,
145.446288, 1.670142, 1.660474, -0.009668,
145.457077, 1.670142, 1.665308, -0.004834,
145.467684, 1.670947, 1.666113, -0.004834,
145.478287, 1.669336, 1.650000, -0.019336,
145.488978, 1.670142, 1.658862, -0.011279,
145.499604, 1.670142, 1.654834, -0.015308,
145.510289, 1.662085, 1.666113, 0.004028,
145.520735, 1.668530, 1.670142, 0.001611,
145.531187, 1.666919, 1.660474, -0.006445,
145.541844, 1.666113, 1.662891, -0.003223,
145.552398, 1.670142, 1.662085, -0.008057,
145.563052, 1.669336, 1.650000, -0.019336,
145.573726, 1.669336, 1.669336, 0.000000,
145.584169, 1.664502, 1.649194, -0.015308,
145.594732, 1.670142, 1.654834, -0.015308,
145.605832, 1.670947, 1.666113, -0.004834,
145.616601, 1.669336, 1.664502, -0.004834,
145.627210, 1.668530, 1.661279, -0.007251,
145.638005, 1.662085, 1.658862, -0.003223,
145.648621, 1.668530, 1.662085, -0.006445,
145.659288, 1.670947, 1.665308, -0.005640,
145.670001, 1.669336, 1.670947, 0.001611,
145.680396, 1.670142, 1.654028, -0.016113,
145.691136, 1.668530, 1.670142, 0.001611,
145.701613, 1.668530, 1.669336, 0.000806,
145.712071, 1.670142, 1.656445, -0.013696,
145.722736, 1.660474, 1.664502, 0.004028,
145.733177, 1.668530, 1.662085, -0.006445,
145.743890, 1.668530, 1.669336, 0.000806,
145.754295, 1.662085, 1.637915, -0.024170,
145.764994, 1.666919, 1.664502, -0.002417,
145.775636, 1.669336, 1.639526, -0.029810,
145.786361, 1.670142, 1.670142, 0.000000,
145.796626, 1.673364, 1.654028, -0.019336,
145.807430, 1.666919, 1.670142, 0.003223,
145.817787, 1.665308, 1.678198, 0.012891,
145.828051, 1.666919, 1.645166, -0.021753,
145.838835, 1.670142, 1.670142, 0.000000,
145.849251, 1.666919, 1.653223, -0.013696,
145.859961, 1.670947, 1.669336, -0.001611,
145.870528, 1.669336, 1.674976, 0.005640,
145.880962, 1.670142, 1.681421, 0.011279,
145.891436, 1.666113, 1.660474, -0.005640,
145.902177, 1.666919, 1.658862, -0.008057,
145.912854, 1.672559, 1.670947, -0.001611,
145.923377, 1.670142, 1.664502, -0.005640,
145.934035, 1.664502, 1.673364, 0.008862,
145.944484, 1.670947, 1.654834, -0.016113,
145.955058, 1.665308, 1.665308, 0.000000,
145.965477, 1.666919, 1.658862, -0.008057,
145.976043, 1.665308, 1.658862, -0.006445,
145.986728, 1.670142, 1.672559, 0.002417,
145.997040, 1.666113, 1.653223, -0.012891,
146.007805, 1.670142, 1.673364, 0.003223,
146.018152, 1.669336, 1.662085, -0.007251,
146.028730, 1.670142, 1.662085, -0.008057,
146.039447, 1.669336, 1.670142, 0.000806,
146.049724, 1.670142, 1.658862, -0.011279,
146.060374, 1.670142, 1.648389, -0.021753,
146.070980, 1.670142, 1.665308, -0.004834,
146.081495, 1.670947, 1.662085, -0.008862,
146.092044, 1.669336, 1.654834, -0.014502,
146.102718, 1.670947, 1.662891, -0.008057,
146.113375, 1.666919, 1.664502, -0.002417,
146.123943, 1.670142, 1.666919, -0.003223,
146.134600, 1.668530, 1.640332, -0.028198,
146.145271, 1.666113, 1.658862, -0.007251,
146.155833, 1.670142, 1.669336, -0.000806,
146.166483, 1.673364, 1.673364, 0.000000,
146.176834, 1.664502, 1.666113, 0.001611,
146.187256, 1.670142, 1.679810, 0.009668,
146.197602, 1.669336, 1.662085, -0.007251,
146.208378, 1.670142, 1.664502, -0.005640,
146.218949, 1.668530, 1.656445, -0.012085,
146.229481, 1.669336, 1.661279, -0.008057,
146.240150, 1.668530, 1.670142, 0.001611,
146.250477, 1.670142, 1.677393, 0.007251,
146.260822, 1.662085, 1.670142, 0.008057,
146.271197, 1.668530, 1.665308, -0.003223,
146.281810, 1.661279, 1.657251, -0.004028,
146.292375, 1.665308, 1.662085, -0.003223,
146.303042, 1.668530, 1.679004, 0.010474,
146.313476, 1.666919, 1.656445, -0.010474,
146.324043, 1.670142, 1.658057, -0.012085,
146.334695, 1.673364, 1.662085, -0.011279,
146.345385, 1.668530, 1.658057, -0.010474,
146.355947, 1.668530, 1.670947, 0.002417,
146.366269, 1.670142, 1.664502, -0.005640,
146.376823, 1.669336, 1.664502, -0.004834,
146.387480, 1.670142, 1.665308, -0.004834,
146.397987, 1.670142, 1.650000, -0.020142,
146.408729, 1.662085, 1.654834, -0.007251,
146.419261, 1.669336, 1.662085, -0.007251,
146.429835, 1.669336, 1.690283, 0.020947,
146.440372, 1.670947, 1.672559, 0.001611,
146.450726, 1.668530, 1.665308, -0.003223,
146.461383, 1.665308, 1.677393, 0.012085,
146.471770, 1.662891, 1.670142, 0.007251,
146.482135, 1.664502, 1.661279, -0.003223,
146.492611, 1.670142, 1.660474, -0.009668,
146.503265, 1.668530, 1.666919, -0.001611,
146.513952, 1.666113, 1.662085, -0.004028,
146.524484, 1.670142, 1.664502, -0.005640,
146.535170, 1.670947, 1.673364, 0.002417,
146.545609, 1.668530, 1.677393, 0.008862,
146.555944, 1.666919, 1.669336, 0.002417,
146.566259, 1.666919, 1.683838, 0.016919,
146.576608, 1.670947, 1.650806, -0.020142,
146.587267, 1.670947, 1.674976, 0.004028,
146.597607, 1.670947, 1.672559, 0.001611,
146.608154, 1.670142, 1.661279, -0.008862,
146.618728, 1.662085, 1.662085, 0.000000,
146.629044, 1.670142, 1.662891, -0.007251,
146.639718, 1.670142, 1.665308, -0.004834,
146.650264, 1.662085, 1.662891, 0.000806,
146.660723, 1.669336, 1.654834, -0.014502,
146.671371, 1.668530, 1.674170, 0.005640,
146.681813, 1.670142, 1.666919, -0.003223,
146.692386, 1.668530, 1.674976, 0.006445,
146.702833, 1.668530, 1.670947, 0.002417,
146.713265, 1.670947, 1.664502, -0.006445,
146.723836, 1.662891, 1.673364, 0.010474,
146.734287, 1.666113, 1.658862, -0.007251,
146.744949, 1.670142, 1.654028, -0.016113,
146.755475, 1.670142, 1.669336, -0.000806,
146.766045, 1.669336, 1.662085, -0.007251,
146.776607, 1.673364, 1.670142, -0.003223,
146.787263, 1.670947, 1.661279, -0.009668,
146.797839, 1.669336, 1.660474, -0.008862,
146.808609, 1.669336, 1.657251, -0.012085,
146.819161, 1.665308, 1.664502, -0.000806,
146.829732, 1.664502, 1.633081, -0.031421,
146.840481, 1.668530, 1.673364, 0.004834,
146.850832, 1.665308, 1.666113, 0.000806,
146.861260, 1.670142, 1.649194, -0.020947,
146.871862, 1.666919, 1.668530, 0.001611,
146.882251, 1.665308, 1.653223, -0.012085,
146.892840, 1.668530, 1.653223, -0.015308,
146.903493, 1.669336, 1.664502, -0.004834,
146.914166, 1.669336, 1.662891, -0.006445,
146.924726, 1.669336, 1.654834, -0.014502,
146.935376, 1.670142, 1.658057, -0.012085,
146.946053, 1.669336, 1.677393, 0.008057,
146.956382, 1.670142, 1.664502, -0.005640,
146.966950, 1.666113, 1.662085, -0.004028,
146.977484, 1.666919, 1.672559, 0.005640,
146.987970, 1.666113, 1.670142, 0.004028,
146.998393, 1.669336, 1.674976, 0.005640,
147.008855, 1.669336, 1.669336, 0.000000,
147.019183, 1.670142, 1.660474, -0.009668,
147.029743, 1.670142, 1.660474, -0.009668,
147.040531, 1.662891, 1.666113, 0.003223,
147.051031, 1.670142, 1.658862, -0.011279,
147.061788, 1.662891, 1.654028, -0.008862,
147.072421, 1.670142, 1.658862, -0.011279,
147.083066, 1.670947, 1.662085, -0.008862,
147.093610, 1.669336, 1.664502, -0.004834,
147.104173, 1.664502, 1.668530, 0.004028,
147.114697, 1.669336, 1.672559, 0.003223,
147.125081, 1.669336, 1.658057, -0.011279,
147.135848, 1.670142, 1.648389, -0.021753,
147.146555, 1.666919, 1.666113, -0.000806,
147.157180, 1.669336, 1.664502, -0.004834,
147.167752, 1.670142, 1.678198, 0.008057,
147.178243, 1.668530, 1.653223, -0.015308,
147.188952, 1.666113, 1.647583, -0.018530,
147.199727, 1.665308, 1.670142, 0.004834,
147.210182, 1.668530, 1.673364, 0.004834,
147.220522, 1.668530, 1.672559, 0.004028,
147.230863, 1.668530, 1.666919, -0.001611,
147.241746, 1.670142, 1.654834, -0.015308,
147.252296, 1.666113, 1.664502, -0.001611,
147.262939, 1.666919, 1.666113, -0.000806,
147.273527, 1.669336, 1.658862, -0.010474,
147.284183, 1.668530, 1.657251, -0.011279,
147.294783, 1.665308, 1.640332, -0.024976,
147.305405, 1.666113, 1.670947, 0.004834,
147.315849, 1.666919, 1.660474, -0.006445,
147.326494, 1.670142, 1.650806, -0.019336,
147.337220, 1.666113, 1.656445, -0.009668,
147.347752, 1.670142, 1.660474, -0.009668,
147.358402, 1.664502, 1.641138, -0.023364,
147.369077, 1.662085, 1.653223, -0.008862,
147.379624, 1.668530, 1.674976, 0.006445,
147.390181, 1.666113, 1.673364, 0.007251,
147.400624, 1.666919, 1.658057, -0.008862,
147.411294, 1.666919, 1.649194, -0.017725,
147.421996, 1.666919, 1.662891, -0.004028,
147.432624, 1.666113, 1.658057, -0.008057,
147.443165, 1.670142, 1.664502, -0.005640,
147.453754, 1.668530, 1.674976, 0.006445,
147.464269, 1.666919, 1.658057, -0.008862,
147.474960, 1.670142, 1.635498, -0.034644,
147.485647, 1.668530, 1.665308, -0.003223,
147.496237, 1.668530, 1.660474, -0.008057,
147.506998, 1.665308, 1.654028, -0.011279,
147.517505, 1.664502, 1.662891, -0.001611,
147.528175, 1.664502, 1.632275, -0.032227,
147.538965, 1.668530, 1.666113, -0.002417,
147.549623, 1.665308, 1.654028, -0.011279,
147.560312, 1.668530, 1.662085, -0.006445,
147.570892, 1.666113, 1.669336, 0.003223,
147.581185, 1.666919, 1.661279, -0.005640,
147.591777, 1.668530, 1.647583, -0.020947,
147.602427, 1.662085, 1.662085, 0.000000,
147.612851, 1.668530, 1.633081, -0.035449,
147.623526, 1.669336, 1.678198, 0.008862,
147.633968, 1.670142, 1.640332, -0.029810,
147.644557, 1.668530, 1.661279, -0.007251,
147.655279, 1.670142, 1.679810, 0.009668,
147.665752, 1.668530, 1.672559, 0.004028,
147.676182, 1.665308, 1.668530, 0.003223,
147.686629, 1.668530, 1.662085, -0.006445,
147.697189, 1.670142, 1.658862, -0.011279,
147.707975, 1.666919, 1.682227, 0.015308,
147.718391, 1.664502, 1.657251, -0.007251,
147.728974, 1.668530, 1.666113, -0.002417,
147.739750, 1.664502, 1.654834, -0.009668,
147.750409, 1.672559, 1.662085, -0.010474,
147.761099, 1.669336, 1.645972, -0.023364,
147.771735, 1.662085, 1.674170, 0.012085,
147.782231, 1.670142, 1.657251, -0.012891,
147.792752, 1.660474, 1.666919, 0.006445,
147.803177, 1.666113, 1.665308, -0.000806,
147.813902, 1.658862, 1.660474, 0.001611,
147.824236, 1.668530, 1.674170, 0.005640,
147.834751, 1.670947, 1.662085, -0.008862,
147.845492, 1.670947, 1.665308, -0.005640,
147.856085, 1.668530, 1.677393, 0.008862,
147.866510, 1.668530, 1.662085, -0.006445,
147.877218, 1.664502, 1.658862, -0.005640,
147.887956, 1.670142, 1.669336, -0.000806,
147.898534, 1.666919, 1.660474, -0.006445,
147.909304, 1.666919, 1.629858, -0.037060,
147.919961, 1.669336, 1.668530, -0.000806,
147.930578, 1.669336, 1.660474, -0.008862,
147.941305, 1.666113, 1.670947, 0.004834,
147.951681, 1.666113, 1.670142, 0.004028,
147.962074, 1.666919, 1.687060, 0.020142,
147.972404, 1.666919, 1.666919, 0.000000,
147.982839, 1.670947, 1.661279, -0.009668,
147.993394, 1.660474, 1.670142, 0.009668,
148.003959, 1.670947, 1.681421, 0.010474,
148.014405, 1.668530, 1.672559, 0.004028,
148.024766, 1.670142, 1.668530, -0.001611,
148.035408, 1.670142, 1.654028, -0.016113,
148.046177, 1.665308, 1.649194, -0.016113,
148.056881, 1.664502, 1.658862, -0.005640,
148.067467, 1.665308, 1.673364, 0.008057,
148.077842, 1.666919, 1.654028, -0.012891,
148.088493, 1.670142, 1.674170, 0.004028,
148.098987, 1.670142, 1.654834, -0.015308,
148.109658, 1.669336, 1.670947, 0.001611,
148.120072, 1.668530, 1.666919, -0.001611,
148.130696, 1.664502, 1.650000, -0.014502,
148.141442, 1.669336, 1.647583, -0.021753,
148.152082, 1.664502, 1.666919, 0.002417,
148.162548, 1.668530, 1.656445, -0.012085,
148.173179, 1.669336, 1.666919, -0.002417,
148.183882, 1.665308, 1.665308, 0.000000,
148.194285, 1.668530, 1.649194, -0.019336,
148.204984, 1.670947, 1.685449, 0.014502,
148.215411, 1.670142, 1.666919, -0.003223,
148.226091, 1.666919, 1.653223, -0.013696,
148.236784, 1.670142, 1.674170, 0.004028,
148.247327, 1.665308, 1.662085, -0.003223,
148.258067, 1.666919, 1.658862, -0.008057,
148.268668, 1.668530, 1.670142, 0.001611,
148.278977, 1.670142, 1.664502, -0.005640,
148.289640, 1.666113, 1.662085, -0.004028,
148.300312, 1.666919, 1.656445, -0.010474,
148.311081, 1.668530, 1.645972, -0.022559,
148.321758, 1.668530, 1.666919, -0.001611,
148.332401, 1.669336, 1.657251, -0.012085,
148.343203, 1.666113, 1.658862, -0.007251,
148.353810, 1.668530, 1.670142, 0.001611,
148.363027, 1.668530, 1.668530, 0.000000,
148.373448, 1.668530, 1.641138, -0.027393,
148.384179, 1.666113, 1.666919, 0.000806,
148.394522, 1.674170, 1.645166, -0.029004,
148.405207, 1.668530, 1.670142, 0.001611,
148.415742, 1.668530, 1.654834, -0.013696,
148.426279, 1.670142, 1.656445, -0.013696,
148.436995, 1.662891, 1.687060, 0.024170,
148.447427, 1.665308, 1.654028, -0.011279,
148.458170, 1.666919, 1.648389, -0.018530,
148.468884, 1.669336, 1.654834, -0.014502,
148.479529, 1.666113, 1.662891, -0.003223,
148.490205, 1.666919, 1.650000, -0.016919,
148.500852, 1.666113, 1.660474, -0.005640,
148.511727, 1.664502, 1.656445, -0.008057,
148.522344, 1.666919, 1.665308, -0.001611,
148.532966, 1.669336, 1.654028, -0.015308,
148.543715, 1.668530, 1.665308, -0.003223,
148.554313, 1.665308, 1.673364, 0.008057,
148.564805, 1.662085, 1.658862, -0.003223,
148.575517, 1.669336, 1.664502, -0.004834,
148.586186, 1.664502, 1.670947, 0.006445,
148.596493, 1.666113, 1.658862, -0.007251,
148.607171, 1.669336, 1.661279, -0.008057,
148.617750, 1.670142, 1.660474, -0.009668,
148.628297, 1.666919, 1.650000, -0.016919,
148.639176, 1.670142, 1.665308, -0.004834,
148.649775, 1.669336, 1.653223, -0.016113,
148.660448, 1.670142, 1.657251, -0.012891,
148.671086, 1.666113, 1.666113, 0.000000,
148.681403, 1.669336, 1.660474, -0.008862,
148.692085, 1.669336, 1.662891, -0.006445,
148.702836, 1.669336, 1.672559, 0.003223,
148.713324, 1.662085, 1.665308, 0.003223,
148.723566, 1.665308, 1.670947, 0.005640,
148.734078, 1.666113, 1.665308, -0.000806,
148.744792, 1.665308, 1.656445, -0.008862,
148.755407, 1.668530, 1.654834, -0.013696,
148.766182, 1.666113, 1.683032, 0.016919,
148.776635, 1.666919, 1.662085, -0.004834,
148.787303, 1.665308, 1.662085, -0.003223,
148.797853, 1.670142, 1.662891, -0.007251,
148.808632, 1.662891, 1.657251, -0.005640,
148.819273, 1.669336, 1.668530, -0.000806,
148.829969, 1.668530, 1.665308, -0.003223,
148.840756, 1.670947, 1.662085, -0.008862,
148.851301, 1.666919, 1.662085, -0.004834,
148.861963, 1.666919, 1.654834, -0.012085,
148.872600, 1.668530, 1.665308, -0.003223,
148.883415, 1.670947, 1.683838, 0.012891,
148.893863, 1.668530, 1.654834, -0.013696,
148.904730, 1.669336, 1.678198, 0.008862,
148.915182, 1.668530, 1.669336, 0.000806,
148.925504, 1.668530, 1.658862, -0.009668,
148.936183, 1.670142, 1.674170, 0.004028,
148.946684, 1.666113, 1.670947, 0.004834,
148.957135, 1.666113, 1.664502, -0.001611,
148.967745, 1.669336, 1.662085, -0.007251,
148.978415, 1.670142, 1.676587, 0.006445,
148.988852, 1.669336, 1.677393, 0.008057,
148.999286, 1.668530, 1.666919, -0.001611,
149.010042, 1.668530, 1.676587, 0.008057,
149.020415, 1.674170, 1.662085, -0.012085,
149.031075, 1.670142, 1.662085, -0.008057,
149.041826, 1.665308, 1.670142, 0.004834,
149.052198, 1.670142, 1.662085, -0.008057,
149.062866, 1.666113, 1.674170, 0.008057,
149.073317, 1.668530, 1.670142, 0.001611,
149.083857, 1.666919, 1.656445, -0.010474,
149.094439, 1.669336, 1.650000, -0.019336,
149.105122, 1.666919, 1.670142, 0.003223,
149.115565, 1.670142, 1.631470, -0.038672,
149.126198, 1.666113, 1.656445, -0.009668,
149.136858, 1.666113, 1.670947, 0.004834,
149.147266, 1.666113, 1.653223, -0.012891,
149.157963, 1.669336, 1.664502, -0.004834,
149.168486, 1.673364, 1.670142, -0.003223,
149.178957, 1.670142, 1.669336, -0.000806,
149.189618, 1.668530, 1.668530, 0.000000,
149.200050, 1.666113, 1.668530, 0.002417,
149.210486, 1.668530, 1.670142, 0.001611,
149.220811, 1.669336, 1.660474, -0.008862,
149.231389, 1.665308, 1.654834, -0.010474,
149.242056, 1.670142, 1.661279, -0.008862,
149.252619, 1.670142, 1.666113, -0.004028,
149.263281, 1.660474, 1.670142, 0.009668,
149.273675, 1.668530, 1.672559, 0.004028,
149.284053, 1.670142, 1.664502, -0.005640,
149.294615, 1.669336, 1.653223, -0.016113,
149.305268, 1.674170, 1.670142, -0.004028,
149.315957, 1.668530, 1.670947, 0.002417,
149.326280, 1.669336, 1.652417, -0.016919,
149.336954, 1.669336, 1.658057, -0.011279,
149.347613, 1.670142, 1.647583, -0.022559,
149.358250, 1.668530, 1.654028, -0.014502,
149.368846, 1.670142, 1.649194, -0.020947,
149.379393, 1.664502, 1.669336, 0.004834,
149.389851, 1.670142, 1.670947, 0.000806,
149.400278, 1.672559, 1.649194, -0.023364,
149.410955, 1.669336, 1.664502, -0.004834,
149.421515, 1.670142, 1.669336, -0.000806,
149.432141, 1.666113, 1.666919, 0.000806,
149.442495, 1.665308, 1.661279, -0.004028,
149.453011, 1.665308, 1.673364, 0.008057,
149.463397, 1.668530, 1.652417, -0.016113,
149.470163, 1.666113, 1.677393, 0.011279,
149.480740, 1.666113, 1.664502, -0.001611,
149.491391, 1.664502, 1.669336, 0.004834,
149.501841, 1.660474, 1.665308, 0.004834,
149.512288, 1.664502, 1.662085, -0.002417,
149.522844, 1.670947, 1.670142, -0.000806,
149.533474, 1.669336, 1.657251, -0.012085,
149.544057, 1.666919, 1.645972, -0.020947,
149.554629, 1.670947, 1.662085, -0.008862,
149.565274, 1.662085, 1.674170, 0.012085,
149.575620, 1.670142, 1.650806, -0.019336,
149.586279, 1.670142, 1.665308, -0.004834,
149.596844, 1.662891, 1.656445, -0.006445,
149.607600, 1.662891, 1.653223, -0.009668,
149.618188, 1.662085, 1.660474, -0.001611,
149.628738, 1.668530, 1.662085, -0.006445,
149.639480, 1.666919, 1.673364, 0.006445,
149.649744, 1.668530, 1.679004, 0.010474,
149.660182, 1.668530, 1.669336, 0.000806,
149.670548, 1.673364, 1.664502, -0.008862,
149.681062, 1.670142, 1.662891, -0.007251,
149.691640, 1.665308, 1.647583, -0.017725,
149.702286, 1.669336, 1.665308, -0.004028,
149.712957, 1.673364, 1.662085, -0.011279,
149.723497, 1.669336, 1.662085, -0.007251,
149.734179, 1.662891, 1.664502, 0.001611,
149.744606, 1.662891, 1.641943, -0.020947,
149.755174, 1.669336, 1.666113, -0.003223,
149.765739, 1.668530, 1.668530, 0.000000,
149.776068, 1.666919, 1.661279, -0.005640,
149.786738, 1.670142, 1.670947, 0.000806,
149.797062, 1.665308, 1.664502, -0.000806,
149.807817, 1.670142, 1.656445, -0.013696,
149.818393, 1.669336, 1.650000, -0.019336,
149.828960, 1.665308, 1.658057, -0.007251,
149.839739, 1.662891, 1.683032, 0.020142,
149.850062, 1.661279, 1.666113, 0.004834,
149.860391, 1.666919, 1.658862, -0.008057,
149.870993, 1.668530, 1.661279, -0.007251,
149.881524, 1.670947, 1.678198, 0.007251,
149.891850, 1.666113, 1.657251, -0.008862,
149.902493, 1.668530, 1.662085, -0.006445,
149.913179, 1.668530, 1.658862, -0.009668,
149.923740, 1.664502, 1.668530, 0.004028,
149.934169, 1.666113, 1.650000, -0.016113,
149.944846, 1.669336, 1.658862, -0.010474,
149.955400, 1.666919, 1.654834, -0.012085,
149.966061, 1.669336, 1.664502, -0.004834,
149.976623, 1.669336, 1.669336, 0.000000,
149.986958, 1.668530, 1.654028, -0.014502,
149.997504, 1.666919, 1.662891, -0.004028,
150.008262, 1.670142, 1.652417, -0.017725,
150.018844, 1.660474, 1.664502, 0.004028,
150.029181, 1.670142, 1.670947, 0.000806,
150.039727, 1.668530, 1.662085, -0.006445,
150.050287, 1.668530, 1.640332, -0.028198,
150.060960, 1.670142, 1.660474, -0.009668,
150.071530, 1.669336, 1.633887, -0.035449,
150.082156, 1.668530, 1.644360, -0.024170,
150.092746, 1.666113, 1.648389, -0.017725,
150.103394, 1.668530, 1.649194, -0.019336,
150.114068, 1.668530, 1.678198, 0.009668,
150.124401, 1.668530, 1.664502, -0.004028,
150.135060, 1.666113, 1.664502, -0.001611,
150.145640, 1.664502, 1.683838, 0.019336,
150.155960, 1.664502, 1.633081, -0.031421,
150.166493, 1.670142, 1.664502, -0.005640,
150.177062, 1.670142, 1.666919, -0.003223,
150.187743, 1.658057, 1.660474, 0.002417,
150.198062, 1.662085, 1.660474, -0.001611,
150.208737, 1.669336, 1.670142, 0.000806,
150.219060, 1.669336, 1.672559, 0.003223,
150.229329, 1.668530, 1.648389, -0.020142,
150.240066, 1.666919, 1.665308, -0.001611,
150.250627, 1.666919, 1.673364, 0.006445,
150.261072, 1.670142, 1.653223, -0.016919,
150.271681, 1.670142, 1.674976, 0.004834,
150.282049, 1.666113, 1.660474, -0.005640,
150.292509, 1.666919, 1.660474, -0.006445,
150.303175, 1.665308, 1.677393, 0.012085,
150.313623, 1.662085, 1.660474, -0.001611,
150.324180, 1.664502, 1.673364, 0.008862,
150.334613, 1.666919, 1.661279, -0.005640,
150.345401, 1.662891, 1.662891, 0.000000,
150.355747, 1.670142, 1.662891, -0.007251,
150.366397, 1.670947, 1.660474, -0.010474,
150.376962, 1.670142, 1.660474, -0.009668,
150.387623, 1.670142, 1.670947, 0.000806,
150.397966, 1.666919, 1.662891, -0.004028,
150.408738, 1.668530, 1.645166, -0.023364,
150.419281, 1.660474, 1.666113, 0.005640,
150.429511, 1.670142, 1.660474, -0.009668,
150.440176, 1.669336, 1.676587, 0.007251,
150.450500, 1.666113, 1.645166, -0.020947,
150.461182, 1.670142, 1.650806, -0.019336,
150.471810, 1.665308, 1.658057, -0.007251,
150.482378, 1.669336, 1.670142, 0.000806,
150.492624, 1.666919, 1.654834, -0.012085,
150.503286, 1.668530, 1.657251, -0.011279,
150.513957, 1.666113, 1.674170, 0.008057,
150.524291, 1.669336, 1.665308, -0.004028,
150.534972, 1.665308, 1.664502, -0.000806,
150.545622, 1.666113, 1.662891, -0.003223,
150.556182, 1.666919, 1.656445, -0.010474,
150.566750, 1.662085, 1.666113, 0.004028,
150.577066, 1.670947, 1.654028, -0.016919,
150.587741, 1.668530, 1.670947, 0.002417,
150.598064, 1.668530, 1.670142, 0.001611,
150.608475, 1.670142, 1.662891, -0.007251,
150.618963, 1.670142, 1.654834, -0.015308,
150.629496, 1.669336, 1.670142, 0.000806,
150.639958, 1.668530, 1.666113, -0.002417,
150.650509, 1.662891, 1.669336, 0.006445,
150.660951, 1.669336, 1.637109, -0.032227,
150.671525, 1.669336, 1.662891, -0.006445,
150.682155, 1.666919, 1.665308, -0.001611,
150.692633, 1.666113, 1.662085, -0.004028,
150.703277, 1.669336, 1.662891, -0.006445,
150.713961, 1.666113, 1.660474, -0.005640,
150.724498, 1.662085, 1.676587, 0.014502,
150.734851, 1.666113, 1.674976, 0.008862,
150.745282, 1.664502, 1.658862, -0.005640,
150.755845, 1.666919, 1.666113, -0.000806,
150.766433, 1.668530, 1.666919, -0.001611,
150.776966, 1.668530, 1.647583, -0.020947,
150.787624, 1.664502, 1.670142, 0.005640,
150.797980, 1.668530, 1.666919, -0.001611,
150.808677, 1.662085, 1.658862, -0.003223,
150.819187, 1.668530, 1.665308, -0.003223,
150.829743, 1.669336, 1.650000, -0.019336,
150.840509, 1.666919, 1.682227, 0.015308,
150.850849, 1.670142, 1.648389, -0.021753,
150.861500, 1.664502, 1.662891, -0.001611,
150.872109, 1.666113, 1.664502, -0.001611,
150.882744, 1.668530, 1.676587, 0.008057,
150.893059, 1.666113, 1.641138, -0.024976,
150.903684, 1.665308, 1.674976, 0.009668,
150.914066, 1.669336, 1.662085, -0.007251,
150.924633, 1.662085, 1.654834, -0.007251,
150.935278, 1.669336, 1.666113, -0.003223,
150.945913, 1.662891, 1.660474, -0.002417,
150.956397, 1.668530, 1.669336, 0.000806,
150.966741, 1.665308, 1.657251, -0.008057,
150.977280, 1.665308, 1.661279, -0.004028,
150.987968, 1.668530, 1.665308, -0.003223,
150.998494, 1.668530, 1.669336, 0.000806,
151.008952, 1.670142, 1.654834, -0.015308,
151.019510, 1.668530, 1.658862, -0.009668,
151.030074, 1.666919, 1.657251, -0.009668,
151.040843, 1.670142, 1.665308, -0.004834,
151.051399, 1.670142, 1.662891, -0.007251,
151.061965, 1.670142, 1.677393, 0.007251,
151.072303, 1.670142, 1.657251, -0.012891,
151.082963, 1.670142, 1.662891, -0.007251,
151.093510, 1.668530, 1.654834, -0.013696,
151.104189, 1.668530, 1.670142, 0.001611,
151.114626, 1.666113, 1.662891, -0.003223,
151.125199, 1.670142, 1.656445, -0.013696,
151.135853, 1.670142, 1.666919, -0.003223,
151.146507, 1.665308, 1.661279, -0.004028,
151.157157, 1.670142, 1.660474, -0.009668,
151.167762, 1.664502, 1.661279, -0.003223,
151.178284, 1.670142, 1.662085, -0.008057,
151.188967, 1.665308, 1.661279, -0.004028,
151.199619, 1.666919, 1.662891, -0.004028,
151.210281, 1.669336, 1.665308, -0.004028,
151.220863, 1.670142, 1.670142, 0.000000,
151.231185, 1.669336, 1.653223, -0.016113,
151.241854, 1.669336, 1.666113, -0.003223,
151.252400, 1.669336, 1.668530, -0.000806,
151.263070, 1.666113, 1.666113, 0.000000,
151.273406, 1.670142, 1.670947, 0.000806,
151.283860, 1.668530, 1.666919, -0.001611,
151.294434, 1.670142, 1.648389, -0.021753,
151.304850, 1.666113, 1.672559, 0.006445,
151.315289, 1.668530, 1.664502, -0.004028,
151.325852, 1.670142, 1.658057, -0.012085,
151.336501, 1.668530, 1.637915, -0.030615,
151.347187, 1.668530, 1.645166, -0.023364,
151.357827, 1.670142, 1.670142, 0.000000,
151.368070, 1.670142, 1.670947, 0.000806,
151.378408, 1.666113, 1.656445, -0.009668,
151.389064, 1.660474, 1.662085, 0.001611,
151.399509, 1.666919, 1.640332, -0.026587,
151.410188, 1.666919, 1.654028, -0.012891,
151.420746, 1.669336, 1.662085, -0.007251,
151.431289, 1.669336, 1.670947, 0.001611,
151.441750, 1.669336, 1.670142, 0.000806,
151.452099, 1.668530, 1.660474, -0.008057,
151.462748, 1.669336, 1.668530, -0.000806,
151.473317, 1.668530, 1.677393, 0.008862,
151.483740, 1.666919, 1.673364, 0.006445,
151.494071, 1.666113, 1.652417, -0.013696,
151.504748, 1.662891, 1.662085, -0.000806,
151.515391, 1.670142, 1.670142, 0.000000,
151.525756, 1.670142, 1.679004, 0.008862,
151.536182, 1.662085, 1.674170, 0.012085,
151.546633, 1.669336, 1.662891, -0.006445,
151.557176, 1.666919, 1.670142, 0.003223,
151.567504, 1.664502, 1.654834, -0.009668,
151.578074, 1.670947, 1.666113, -0.004834,
151.588747, 1.660474, 1.678198, 0.017725,
151.599069, 1.669336, 1.654028, -0.015308,
151.609741, 1.670142, 1.662085, -0.008057,
151.620286, 1.669336, 1.679004, 0.009668,
151.630505, 1.669336, 1.664502, -0.004834,
151.641177, 1.668530, 1.672559, 0.004028,
151.651517, 1.666113, 1.668530, 0.002417,
151.661960, 1.670142, 1.657251, -0.012891,
151.672523, 1.668530, 1.660474, -0.008057,
151.683156, 1.668530, 1.640332, -0.028198,
151.693749, 1.665308, 1.656445, -0.008862,
151.704397, 1.669336, 1.670947, 0.001611,
151.714875, 1.668530, 1.660474, -0.008057,
151.725397, 1.668530, 1.662085, -0.006445,
151.736056, 1.666113, 1.662085, -0.004028,
151.746632, 1.670142, 1.631470, -0.038672,
151.757185, 1.670947, 1.643555, -0.027393,
151.767752, 1.666919, 1.665308, -0.001611,
151.778290, 1.670142, 1.676587, 0.006445,
151.788749, 1.666919, 1.674976, 0.008057,
151.799070, 1.670142, 1.666113, -0.004028,
151.809748, 1.666919, 1.674170, 0.007251,
151.820068, 1.662085, 1.666113, 0.004028,
151.830408, 1.669336, 1.673364, 0.004028,
151.840964, 1.668530, 1.658862, -0.009668,
151.851510, 1.669336, 1.657251, -0.012085,
151.862189, 1.669336, 1.661279, -0.008057,
151.872762, 1.662085, 1.650806, -0.011279,
151.883373, 1.669336, 1.660474, -0.008862,
151.893857, 1.670142, 1.640332, -0.029810,
151.904504, 1.668530, 1.670142, 0.001611,
151.914973, 1.668530, 1.662085, -0.006445,
151.925503, 1.668530, 1.668530, 0.000000,
151.935835, 1.660474, 1.669336, 0.008862,
151.946223, 1.662085, 1.665308, 0.003223,
151.956511, 1.665308, 1.665308, 0.000000,
151.966855, 1.665308, 1.683032, 0.017725,
151.977209, 1.668530, 1.662085, -0.006445,
151.987405, 1.669336, 1.677393, 0.008057,
151.997755, 1.670947, 1.664502, -0.006445,
152.008487, 1.666113, 1.629858, -0.036255,
152.019074, 1.661279, 1.670947, 0.009668,
152.029400, 1.666113, 1.691089, 0.024976,
152.039905, 1.668530, 1.654834, -0.013696,
152.050503, 1.664502, 1.664502, 0.000000,
152.060852, 1.670142, 1.647583, -0.022559,
152.071427, 1.666919, 1.670142, 0.003223,
152.081750, 1.669336, 1.650000, -0.019336,
152.092402, 1.668530, 1.658862, -0.009668,
152.102991, 1.670142, 1.676587, 0.006445,
152.113402, 1.670142, 1.658862, -0.011279,
152.123961, 1.669336, 1.662085, -0.007251,
152.134634, 1.668530, 1.666919, -0.001611,
152.145289, 1.666919, 1.664502, -0.002417,
152.155859, 1.670142, 1.666919, -0.003223,
152.166514, 1.666113, 1.665308, -0.000806,
152.177181, 1.668530, 1.658057, -0.010474,
152.187844, 1.670142, 1.669336, -0.000806,
152.198415, 1.668530, 1.657251, -0.011279,
152.209182, 1.669336, 1.656445, -0.012891,
152.219748, 1.669336, 1.658057, -0.011279,
152.230297, 1.665308, 1.666113, 0.000806,
152.240853, 1.670142, 1.665308, -0.004834,
152.251405, 1.668530, 1.664502, -0.004028,
152.262072, 1.670142, 1.674976, 0.004834,
152.272404, 1.670142, 1.660474, -0.009668,
152.283062, 1.666113, 1.654834, -0.011279,
152.293526, 1.668530, 1.668530, 0.000000,
152.303881, 1.662085, 1.670142, 0.008057,
152.314288, 1.669336, 1.666113, -0.003223,
152.324858, 1.670142, 1.643555, -0.026587,
152.335506, 1.670142, 1.662085, -0.008057,
152.346191, 1.666113, 1.668530, 0.002417,
152.356512, 1.670142, 1.666919, -0.003223,
152.367077, 1.668530, 1.670142, 0.001611,
152.377410, 1.670142, 1.661279, -0.008862,
152.387846, 1.662891, 1.673364, 0.010474,
152.398189, 1.668530, 1.665308, -0.003223,
152.408964, 1.668530, 1.654028, -0.014502,
152.419516, 1.670947, 1.665308, -0.005640,
152.430067, 1.669336, 1.662891, -0.006445,
152.440750, 1.669336, 1.656445, -0.012891,
152.451292, 1.668530, 1.656445, -0.012085,
152.461967, 1.666919, 1.670947, 0.004028,
152.472319, 1.666919, 1.670142, 0.003223,
152.482712, 1.662085, 1.662085, 0.000000,
152.492965, 1.662085, 1.690283, 0.028198,
152.503413, 1.666113, 1.643555, -0.022559,
152.514070, 1.665308, 1.666113, 0.000806,
152.522077, 1.664502, 1.670142, 0.005640,
152.532364, 1.668530, 1.654834, -0.013696,
152.542967, 1.669336, 1.662891, -0.006445,
152.553510, 1.673364, 1.650000, -0.023364,
152.564186, 1.662085, 1.650000, -0.012085,
152.574750, 1.670142, 1.662085, -0.008057,
152.585403, 1.665308, 1.670142, 0.004834,
152.595813, 1.669336, 1.645972, -0.023364,
152.606404, 1.670142, 1.633081, -0.037060,
152.617084, 1.670142, 1.662085, -0.008057,
152.627689, 1.662891, 1.635498, -0.027393,
152.638296, 1.668530, 1.640332, -0.028198,
152.648980, 1.670947, 1.650806, -0.020142,
152.659687, 1.668530, 1.660474, -0.008057,
152.670233, 1.666919, 1.664502, -0.002417,
152.680851, 1.666113, 1.666919, 0.000806,
152.691292, 1.670142, 1.629858, -0.040283,
152.701967, 1.668530, 1.679810, 0.011279,
152.712404, 1.670142, 1.683838, 0.013696,
152.722752, 1.666919, 1.654834, -0.012085,
152.733390, 1.666113, 1.648389, -0.017725,
152.744105, 1.666919, 1.664502, -0.002417,
152.754635, 1.662085, 1.668530, 0.006445,
152.765094, 1.670142, 1.658862, -0.011279,
152.775695, 1.666113, 1.662085, -0.004028,
152.786290, 1.666919, 1.666919, 0.000000,
152.796533, 1.673364, 1.654834, -0.018530,
152.807194, 1.668530, 1.674170, 0.005640,
152.817523, 1.669336, 1.662085, -0.007251,
152.828172, 1.661279, 1.665308, 0.004028,
152.838504, 1.669336, 1.669336, 0.000000,
152.848857, 1.673364, 1.676587, 0.003223,
152.859317, 1.669336, 1.635498, -0.033838,
152.869897, 1.669336, 1.674170, 0.004834,
152.880193, 1.668530, 1.652417, -0.016113,
152.890862, 1.666919, 1.647583, -0.019336,
152.901503, 1.658057, 1.636304, -0.021753,
152.912192, 1.662085, 1.666919, 0.004834,
152.922517, 1.669336, 1.662891, -0.006445,
152.933159, 1.665308, 1.662085, -0.003223,
152.943770, 1.670142, 1.658862, -0.011279,
152.954294, 1.666919, 1.693506, 0.026587,
152.964760, 1.666113, 1.666113, 0.000000,
152.975124, 1.664502, 1.658862, -0.005640,
152.985757, 1.664502, 1.647583, -0.016919,
152.996306, 1.670142, 1.662085, -0.008057,
153.006969, 1.666113, 1.662085, -0.004028,
153.017633, 1.664502, 1.668530, 0.004028,
153.028035, 1.668530, 1.669336, 0.000806,
153.038407, 1.669336, 1.654028, -0.015308,
153.048965, 1.662085, 1.666113, 0.004028,
153.059431, 1.666113, 1.666919, 0.000806,
153.069793, 1.669336, 1.677393, 0.008057,
153.080189, 1.670142, 1.650806, -0.019336,
153.090886, 1.666919, 1.665308, -0.001611,
153.101502, 1.668530, 1.652417, -0.016113,
153.112195, 1.669336, 1.660474, -0.008862,
153.122748, 1.665308, 1.676587, 0.011279,
153.133162, 1.665308, 1.660474, -0.004834,
153.143774, 1.669336, 1.665308, -0.004028,
153.154297, 1.669336, 1.672559, 0.003223,
153.164750, 1.666113, 1.654028, -0.012085,
153.175375, 1.665308, 1.658862, -0.006445,
153.185970, 1.662085, 1.665308, 0.003223,
153.196210, 1.665308, 1.633081, -0.032227,
153.206867, 1.670142, 1.657251, -0.012891,
153.217522, 1.672559, 1.653223, -0.019336,
153.228183, 1.668530, 1.672559, 0.004028,
153.238724, 1.668530, 1.666919, -0.001611,
153.249292, 1.662891, 1.670142, 0.007251,
153.259760, 1.668530, 1.654834, -0.013696,
153.270339, 1.665308, 1.683032, 0.017725,
153.280657, 1.670142, 1.665308, -0.004834,
153.291300, 1.666113, 1.653223, -0.012891,
153.301975, 1.666919, 1.670142, 0.003223,
153.312413, 1.673364, 1.661279, -0.012085,
153.322974, 1.668530, 1.683838, 0.015308,
153.333388, 1.669336, 1.666919, -0.002417,
153.344090, 1.669336, 1.662085, -0.007251,
153.354655, 1.668530, 1.665308, -0.003223,
153.365309, 1.666113, 1.677393, 0.011279,
153.375719, 1.666919, 1.664502, -0.002417,
153.386293, 1.665308, 1.664502, -0.000806,
153.396866, 1.664502, 1.677393, 0.012891,
153.407297, 1.670947, 1.657251, -0.013696,
153.417999, 1.668530, 1.662891, -0.005640,
153.428577, 1.669336, 1.656445, -0.012891,
153.439279, 1.670947, 1.660474, -0.010474,
153.449862, 1.670947, 1.662085, -0.008862,
153.460538, 1.668530, 1.654834, -0.013696,
153.471145, 1.669336, 1.669336, 0.000000,
153.481451, 1.660474, 1.665308, 0.004834,
153.491870, 1.668530, 1.669336, 0.000806,
153.502298, 1.666113, 1.664502, -0.001611,
153.512972, 1.668530, 1.657251, -0.011279,
153.523518, 1.670142, 1.656445, -0.013696,
153.534201, 1.669336, 1.652417, -0.016919,
153.544867, 1.669336, 1.658862, -0.010474,
153.555432, 1.669336, 1.672559, 0.003223,
153.565861, 1.666919, 1.657251, -0.009668,
153.576404, 1.669336, 1.658862, -0.010474,
153.587082, 1.664502, 1.679810, 0.015308,
153.597426, 1.666919, 1.664502, -0.002417,
153.608178, 1.669336, 1.653223, -0.016113,
153.618750, 1.669336, 1.670142, 0.000806,
153.629079, 1.669336, 1.666113, -0.003223,
153.639753, 1.670142, 1.679004, 0.008862,
153.650080, 1.670142, 1.660474, -0.009668,
153.660756, 1.670142, 1.650806, -0.019336,
153.671346, 1.669336, 1.677393, 0.008057,
153.681670, 1.665308, 1.669336, 0.004028,
153.692076, 1.668530, 1.647583, -0.020947,
153.702754, 1.664502, 1.679004, 0.014502,
153.713191, 1.670142, 1.658862, -0.011279,
153.723765, 1.664502, 1.669336, 0.004834,
153.734199, 1.669336, 1.652417, -0.016919,
153.744868, 1.670142, 1.653223, -0.016919,
153.755416, 1.666919, 1.643555, -0.023364,
153.766086, 1.670142, 1.677393, 0.007251,
153.776452, 1.670142, 1.666113, -0.004028,
153.787083, 1.668530, 1.664502, -0.004028,
153.797651, 1.670947, 1.679810, 0.008862,
153.808173, 1.666919, 1.658862, -0.008057,
153.818761, 1.670142, 1.676587, 0.006445,
153.829087, 1.668530, 1.654834, -0.013696,
153.839844, 1.669336, 1.690283, 0.020947,
153.850198, 1.669336, 1.660474, -0.008862,
153.860849, 1.668530, 1.654834, -0.013696,
153.871454, 1.666113, 1.687060, 0.020947,
153.881754, 1.666113, 1.658862, -0.007251,
153.892420, 1.673364, 1.657251, -0.016113,
153.903083, 1.669336, 1.678198, 0.008862,
153.913515, 1.670142, 1.662085, -0.008057,
153.923999, 1.662085, 1.662085, 0.000000,
153.934420, 1.670947, 1.662891, -0.008057,
153.945085, 1.668530, 1.662085, -0.006445,
153.955645, 1.670142, 1.662085, -0.008057,
153.966299, 1.670142, 1.662085, -0.008057,
153.976862, 1.670142, 1.660474, -0.009668,
153.987516, 1.660474, 1.656445, -0.004028,
153.994786, 1.668530, 1.668530, 0.000000,
154.005193, 1.666113, 1.668530, 0.002417,
154.015632, 1.665308, 1.636304, -0.029004,
154.026189, 1.668530, 1.665308, -0.003223,
154.036860, 1.669336, 1.662085, -0.007251,
154.047518, 1.665308, 1.654834, -0.010474,
154.058160, 1.669336, 1.672559, 0.003223,
154.068401, 1.669336, 1.662085, -0.007251,
154.078973, 1.670947, 1.668530, -0.002417,
154.089624, 1.665308, 1.673364, 0.008057,
154.100048, 1.668530, 1.669336, 0.000806,
154.110406, 1.670142, 1.656445, -0.013696,
154.120968, 1.670142, 1.668530, -0.001611,
154.131516, 1.670142, 1.669336, -0.000806,
154.142296, 1.664502, 1.662085, -0.002417,
154.152860, 1.669336, 1.673364, 0.004028,
154.163291, 1.668530, 1.658862, -0.009668,
154.173875, 1.662085, 1.673364, 0.011279,
154.184269, 1.669336, 1.665308, -0.004028,
154.194752, 1.665308, 1.669336, 0.004028,
154.205208, 1.669336, 1.666919, -0.002417,
154.215856, 1.669336, 1.677393, 0.008057,
154.226198, 1.670142, 1.657251, -0.012891,
154.236857, 1.668530, 1.662085, -0.006445,
154.247518, 1.669336, 1.654834, -0.014502,
154.258164, 1.662085, 1.631470, -0.030615,
154.268645, 1.664502, 1.653223, -0.011279,
154.279189, 1.670947, 1.666919, -0.004028,
154.289847, 1.669336, 1.643555, -0.025781,
154.300514, 1.669336, 1.666919, -0.002417,
154.311190, 1.670142, 1.654834, -0.015308,
154.321759, 1.669336, 1.664502, -0.004834,
154.332285, 1.668530, 1.645166, -0.023364,
154.343059, 1.664502, 1.666919, 0.002417,
154.353286, 1.670142, 1.669336, -0.000806,
154.363855, 1.669336, 1.669336, 0.000000,
154.374187, 1.670142, 1.664502, -0.005640,
154.384851, 1.666919, 1.658862, -0.008057,
154.395406, 1.665308, 1.662085, -0.003223,
154.406069, 1.669336, 1.639526, -0.029810,
154.416754, 1.666113, 1.664502, -0.001611,
154.427293, 1.666919, 1.637915, -0.029004,
154.437975, 1.670142, 1.677393, 0.007251,
154.448284, 1.670142, 1.683032, 0.012891,
154.458602, 1.665308, 1.660474, -0.004834,
154.469087, 1.666919, 1.670142, 0.003223,
154.479398, 1.668530, 1.654834, -0.013696,
154.490072, 1.668530, 1.654834, -0.013696,
154.500760, 1.666919, 1.666113, -0.000806,
154.511406, 1.668530, 1.660474, -0.008057,
154.521976, 1.666919, 1.666113, -0.000806,
154.532532, 1.665308, 1.662085, -0.003223,
154.543190, 1.662085, 1.670142, 0.008057,
154.553512, 1.670142, 1.662085, -0.008057,
154.564076, 1.669336, 1.678198, 0.008862,
154.574428, 1.662085, 1.662085, 0.000000,
154.584852, 1.668530, 1.645972, -0.022559,
154.587397, 1.669336, 1.660474, -0.008862,
154.595298, 1.662085, 1.660474, -0.001611,
154.605967, 1.670947, 1.649194, -0.021753,
154.616520, 1.669336, 1.657251, -0.012085,
154.627079, 1.669336, 1.647583, -0.021753,
154.637756, 1.669336, 1.661279, -0.008057,
154.648425, 1.668530, 1.647583, -0.020947,
154.659051, 1.669336, 1.656445, -0.012891,
154.669681, 1.662085, 1.658862, -0.003223,
154.680196, 1.666113, 1.677393, 0.011279,
154.690646, 1.670142, 1.658862, -0.011279,
154.701288, 1.666113, 1.653223, -0.012891,
154.711969, 1.669336, 1.658862, -0.010474,
154.722520, 1.669336, 1.658862, -0.010474,
154.733178, 1.670142, 1.674170, 0.004028,
154.743522, 1.664502, 1.682227, 0.017725,
154.753855, 1.664502, 1.676587, 0.012085,
154.764288, 1.666919, 1.661279, -0.005640,
154.774873, 1.670142, 1.652417, -0.017725,
154.785516, 1.664502, 1.672559, 0.008057,
154.795878, 1.668530, 1.656445, -0.012085,
154.806520, 1.672559, 1.653223, -0.019336,
154.817195, 1.670947, 1.679004, 0.008057,
154.827512, 1.669336, 1.661279, -0.008057,
154.838078, 1.669336, 1.656445, -0.012891,
154.848639, 1.670142, 1.677393, 0.007251,
154.859048, 1.666113, 1.662891, -0.003223,
154.869520, 1.670142, 1.664502, -0.005640,
154.880075, 1.669336, 1.654028, -0.015308,
154.890630, 1.670142, 1.662085, -0.008057,
154.901283, 1.668530, 1.654028, -0.014502,
154.911969, 1.662085, 1.654028, -0.008057,
154.922517, 1.669336, 1.658862, -0.010474,
154.933171, 1.666919, 1.665308, -0.001611,
154.943755, 1.666919, 1.660474, -0.006445,
154.954294, 1.670947, 1.656445, -0.014502,
154.964977, 1.668530, 1.656445, -0.012085,
154.975517, 1.669336, 1.656445, -0.012891,
154.986194, 1.670142, 1.668530, -0.001611,
154.996748, 1.668530, 1.649194, -0.019336,
155.007438, 1.670947, 1.660474, -0.010474,
155.017979, 1.668530, 1.652417, -0.016113,
155.028529, 1.669336, 1.662891, -0.006445,
155.039283, 1.669336, 1.662085, -0.007251,
155.049851, 1.668530, 1.676587, 0.008057,
155.060294, 1.669336, 1.644360, -0.024976,
155.070892, 1.666919, 1.674976, 0.008057,
155.081189, 1.670142, 1.661279, -0.008862,
155.091752, 1.669336, 1.670947, 0.001611,
155.102186, 1.665308, 1.668530, 0.003223,
155.112632, 1.669336, 1.662085, -0.007251,
155.123146, 1.669336, 1.673364, 0.004028,
155.133492, 1.666919, 1.636304, -0.030615,
155.144074, 1.664502, 1.665308, 0.000806,
155.154408, 1.670142, 1.672559, 0.002417,
155.164780, 1.670142, 1.658862, -0.011279,
155.175404, 1.664502, 1.665308, 0.000806,
155.185856, 1.670142, 1.668530, -0.001611,
155.196406, 1.670947, 1.666113, -0.004834,
155.207075, 1.666113, 1.677393, 0.011279,
155.217411, 1.670142, 1.662085, -0.008057,
155.227979, 1.666113, 1.661279, -0.004834,
155.238709, 1.670142, 1.669336, -0.000806,
155.249187, 1.666919, 1.676587, 0.009668,
155.259633, 1.669336, 1.662891, -0.006445,
155.270232, 1.662891, 1.670142, 0.007251,
155.280514, 1.669336, 1.662085, -0.007251,
155.291084, 1.666919, 1.658057, -0.008862,
155.301755, 1.670142, 1.670947, 0.000806,
155.312185, 1.668530, 1.645972, -0.022559,
155.322756, 1.674170, 1.662085, -0.012085,
155.333378, 1.672559, 1.670142, -0.002417,
155.344045, 1.668530, 1.669336, 0.000806,
155.354300, 1.666919, 1.657251, -0.009668,
155.364980, 1.668530, 1.662085, -0.006445,
155.375527, 1.666919, 1.673364, 0.006445,
155.385986, 1.665308, 1.674170, 0.008862,
155.396292, 1.662085, 1.662085, 0.000000,
155.406638, 1.666113, 1.653223, -0.012891,
155.417303, 1.662085, 1.674170, 0.012085,
155.427644, 1.668530, 1.640332, -0.028198,
155.438304, 1.666919, 1.656445, -0.010474,
155.448974, 1.670142, 1.648389, -0.021753,
155.459612, 1.670142, 1.654028, -0.016113,
155.470072, 1.672559, 1.674976, 0.002417,
155.480297, 1.670947, 1.662085, -0.008862,
155.490970, 1.669336, 1.657251, -0.012085,
155.501642, 1.662891, 1.691895, 0.029004,
155.512066, 1.669336, 1.664502, -0.004834,
155.522634, 1.664502, 1.677393, 0.012891,
155.532979, 1.658862, 1.669336, 0.010474,
155.543412, 1.668530, 1.641943, -0.026587,
155.553971, 1.673364, 1.662085, -0.011279,
155.564651, 1.665308, 1.662891, -0.002417,
155.575201, 1.669336, 1.662085, -0.007251,
155.585857, 1.670947, 1.673364, 0.002417,
155.596185, 1.670947, 1.662085, -0.008862,
155.607194, 1.662085, 1.649194, -0.012891,
155.617859, 1.666919, 1.670142, 0.003223,
155.628190, 1.670142, 1.647583, -0.022559,
155.638867, 1.669336, 1.669336, 0.000000,
155.649214, 1.669336, 1.662085, -0.007251,
155.659831, 1.668530, 1.666919, -0.001611,
155.670305, 1.669336, 1.668530, -0.000806,
155.680859, 1.668530, 1.664502, -0.004028,
155.691512, 1.669336, 1.661279, -0.008057,
155.702084, 1.665308, 1.678198, 0.012891,
155.712525, 1.670947, 1.664502, -0.006445,
155.722974, 1.666919, 1.678198, 0.011279,
155.733311, 1.673364, 1.654028, -0.019336,
155.743980, 1.669336, 1.662085, -0.007251,
155.754530, 1.670142, 1.666113, -0.004028,
155.765190, 1.665308, 1.656445, -0.008862,
155.775750, 1.670142, 1.656445, -0.013696,
155.786393, 1.668530, 1.662891, -0.005640,
155.796856, 1.669336, 1.657251, -0.012085,
155.807509, 1.666113, 1.670142, 0.004028,
155.817972, 1.670142, 1.666113, -0.004028,
155.828511, 1.669336, 1.669336, 0.000000,
155.838852, 1.669336, 1.666113, -0.003223,
155.849519, 1.670142, 1.669336, -0.000806,
155.860191, 1.665308, 1.670142, 0.004834,
155.870513, 1.668530, 1.668530, 0.000000,
155.880755, 1.666113, 1.669336, 0.003223,
155.891188, 1.670947, 1.668530, -0.002417,
155.901848, 1.665308, 1.670142, 0.004834,
155.912288, 1.666919, 1.664502, -0.002417,
155.922760, 1.669336, 1.662085, -0.007251,
155.933296, 1.665308, 1.660474, -0.004834,
155.943982, 1.669336, 1.662085, -0.007251,
155.954510, 1.669336, 1.665308, -0.004028,
155.965075, 1.669336, 1.676587, 0.007251,
155.975374, 1.666113, 1.662891, -0.003223,
155.985966, 1.664502, 1.670947, 0.006445,
155.996296, 1.670142, 1.633887, -0.036255,
156.006969, 1.670142, 1.670142, 0.000000,
156.017291, 1.665308, 1.665308, 0.000000,
156.027519, 1.668530, 1.658057, -0.010474,
156.038196, 1.666919, 1.660474, -0.006445,
156.048857, 1.674170, 1.668530, -0.005640,
156.059502, 1.665308, 1.633887, -0.031421,
156.069975, 1.669336, 1.647583, -0.021753,
156.080513, 1.668530, 1.654834, -0.013696,
156.091073, 1.668530, 1.644360, -0.024170,
156.101761, 1.669336, 1.647583, -0.021753,
156.112406, 1.665308, 1.662085, -0.003223,
156.122974, 1.662891, 1.662085, -0.000806,
156.133405, 1.661279, 1.662085, 0.000806,
156.143860, 1.666113, 1.666919, 0.000806,
156.154194, 1.669336, 1.669336, 0.000000,
156.164518, 1.670142, 1.668530, -0.001611,
156.175085, 1.666919, 1.656445, -0.010474,
156.185749, 1.666919, 1.678198, 0.011279,
156.196084, 1.666113, 1.641138, -0.024976,
156.206748, 1.661279, 1.665308, 0.004028,
156.217199, 1.668530, 1.654028, -0.014502,
156.227752, 1.670947, 1.658862, -0.012085,
156.238409, 1.666919, 1.666919, 0.000000,
156.248757, 1.668530, 1.672559, 0.004028,
156.259180, 1.666919, 1.662085, -0.004834,
156.269632, 1.670142, 1.683838, 0.013696,
156.279975, 1.670142, 1.666113, -0.004028,
156.290524, 1.664502, 1.666919, 0.002417,
156.300941, 1.668530, 1.665308, -0.003223,
156.311638, 1.668530, 1.654028, -0.014502,
156.322194, 1.668530, 1.657251, -0.011279,
156.332763, 1.666919, 1.664502, -0.002417,
156.343491, 1.670142, 1.648389, -0.021753,
156.353983, 1.664502, 1.662085, -0.002417,
156.364632, 1.669336, 1.660474, -0.008862,
156.375212, 1.668530, 1.661279, -0.007251,
156.385862, 1.670142, 1.670947, 0.000806,
156.396191, 1.669336, 1.641943, -0.027393,
156.406866, 1.670142, 1.665308, -0.004834,
156.417517, 1.668530, 1.657251, -0.011279,
156.428076, 1.666919, 1.640332, -0.026587,
156.438754, 1.670947, 1.658862, -0.012085,
156.449406, 1.669336, 1.668530, -0.000806,
156.460047, 1.669336, 1.666919, -0.002417,
156.470547, 1.668530, 1.662891, -0.005640,
156.481076, 1.669336, 1.660474, -0.008862,
156.491637, 1.666113, 1.665308, -0.000806,
156.502310, 1.668530, 1.674976, 0.006445,
156.512759, 1.666113, 1.656445, -0.009668,
156.523286, 1.670142, 1.635498, -0.034644,
156.533936, 1.664502, 1.653223, -0.011279,
156.544511, 1.666919, 1.666113, -0.000806,
156.554979, 1.668530, 1.674976, 0.006445,
156.565418, 1.670142, 1.669336, -0.000806,
156.575983, 1.668530, 1.654834, -0.013696,
156.586632, 1.669336, 1.669336, 0.000000,
156.596861, 1.666919, 1.658862, -0.008057,
156.607509, 1.670142, 1.670142, 0.000000,
156.617852, 1.666919, 1.666919, 0.000000,
156.628083, 1.666113, 1.639526, -0.026587,
156.638765, 1.670142, 1.676587, 0.006445,
156.649192, 1.665308, 1.660474, -0.004834,
156.659835, 1.662085, 1.662085, 0.000000,
156.670077, 1.670142, 1.669336, -0.000806,
156.680635, 1.669336, 1.653223, -0.016113,
156.691297, 1.662085, 1.670947, 0.008862,
156.701755, 1.665308, 1.643555, -0.021753,
156.712407, 1.674170, 1.662891, -0.011279,
156.722976, 1.668530, 1.648389, -0.020142,
156.733512, 1.672559, 1.657251, -0.015308,
156.744190, 1.660474, 1.662085, 0.001611,
156.754510, 1.666113, 1.668530, 0.002417,
156.764873, 1.666113, 1.670142, 0.004028,
156.775196, 1.668530, 1.654834, -0.013696,
156.785856, 1.669336, 1.666113, -0.003223,
156.796417, 1.666113, 1.672559, 0.006445,
156.806861, 1.668530, 1.660474, -0.008057,
156.817515, 1.666113, 1.662085, -0.004028,
156.828001, 1.670142, 1.662085, -0.008057,
156.838648, 1.670142, 1.677393, 0.007251,
156.848981, 1.669336, 1.661279, -0.008057,
156.859615, 1.664502, 1.658862, -0.005640,
156.870085, 1.666113, 1.677393, 0.011279,
156.880411, 1.670142, 1.665308, -0.004834,
156.890985, 1.662085, 1.662085, 0.000000,
156.901301, 1.658862, 1.665308, 0.006445,
156.911759, 1.668530, 1.666113, -0.002417,
156.922300, 1.665308, 1.662891, -0.002417,
156.932855, 1.670947, 1.658862, -0.012085,
156.943513, 1.666919, 1.673364, 0.006445,
156.953761, 1.670947, 1.664502, -0.006445,
156.964403, 1.668530, 1.670142, 0.001611,
156.974769, 1.670142, 1.650000, -0.020142,
156.985409, 1.668530, 1.678198, 0.009668,
156.995761, 1.665308, 1.657251, -0.008057,
157.005497, 1.662085, 1.670142, 0.008057,
157.015989, 1.666919, 1.666113, -0.000806,
157.026521, 1.668530, 1.666113, -0.002417,
157.037196, 1.662085, 1.645972, -0.016113,
157.047865, 1.666919, 1.666919, 0.000000,
157.058197, 1.666919, 1.656445, -0.010474,
157.068761, 1.668530, 1.670947, 0.002417,
157.079097, 1.672559, 1.660474, -0.012085,
157.089775, 1.668530, 1.657251, -0.011279,
157.100301, 1.669336, 1.652417, -0.016919,
157.110974, 1.668530, 1.665308, -0.003223,
157.121517, 1.666113, 1.683838, 0.017725,
157.131762, 1.670947, 1.656445, -0.014502,
157.142421, 1.670142, 1.673364, 0.003223,
157.152760, 1.670947, 1.669336, -0.001611,
157.163417, 1.661279, 1.650000, -0.011279,
157.173994, 1.669336, 1.666113, -0.003223,
157.184613, 1.666919, 1.670142, 0.003223,
157.194867, 1.668530, 1.654834, -0.013696,
157.205524, 1.666919, 1.666919, 0.000000,
157.215869, 1.669336, 1.662085, -0.007251,
157.226411, 1.673364, 1.662891, -0.010474,
157.237070, 1.670947, 1.669336, -0.001611,
157.247644, 1.662891, 1.633887, -0.029004,
157.258195, 1.669336, 1.661279, -0.008057,
157.268764, 1.668530, 1.672559, 0.004028,
157.279089, 1.668530, 1.665308, -0.003223,
157.289760, 1.668530, 1.668530, 0.000000,
157.300084, 1.670142, 1.662891, -0.007251,
157.310758, 1.668530, 1.676587, 0.008057,
157.321082, 1.673364, 1.654834, -0.018530,
157.331644, 1.666919, 1.658057, -0.008862,
157.342444, 1.665308, 1.654028, -0.011279,
157.352982, 1.666113, 1.670142, 0.004028,
157.363411, 1.668530, 1.652417, -0.016113,
157.373992, 1.668530, 1.650000, -0.018530,
157.384606, 1.662891, 1.662891, 0.000000,
157.394877, 1.666919, 1.666919, 0.000000,
157.405298, 1.668530, 1.665308, -0.003223,
157.416007, 1.665308, 1.670947, 0.005640,
157.426304, 1.668530, 1.661279, -0.007251,
157.436982, 1.665308, 1.670947, 0.005640,
157.447421, 1.665308, 1.662085, -0.003223,
157.457986, 1.664502, 1.657251, -0.007251,
157.468523, 1.666113, 1.665308, -0.000806,
157.479092, 1.666919, 1.673364, 0.006445,
157.489518, 1.669336, 1.677393, 0.008057,
157.499761, 1.669336, 1.674170, 0.004834,
157.510279, 1.670142, 1.674170, 0.004028,
157.520527, 1.672559, 1.670947, -0.001611,
157.531083, 1.670142, 1.660474, -0.009668,
157.541767, 1.670947, 1.664502, -0.006445,
157.552299, 1.669336, 1.666113, -0.003223,
157.562980, 1.670142, 1.668530, -0.001611,
157.573553, 1.668530, 1.658862, -0.009668,
157.584176, 1.666113, 1.668530, 0.002417,
157.594417, 1.673364, 1.662085, -0.011279,
157.605081, 1.669336, 1.664502, -0.004834,
157.615762, 1.670142, 1.664502, -0.005640,
157.626303, 1.669336, 1.653223, -0.016113,
157.636977, 1.666919, 1.650000, -0.016919,
157.647549, 1.670142, 1.666113, -0.004028,
157.658083, 1.670142, 1.654028, -0.016113,
157.668639, 1.669336, 1.674170, 0.004834,
157.679002, 1.670142, 1.666113, -0.004028,
157.689651, 1.666113, 1.654834, -0.011279,
157.700198, 1.668530, 1.662085, -0.006445,
157.710869, 1.666919, 1.654834, -0.012085,
157.721417, 1.666919, 1.662085, -0.004834,
157.731982, 1.669336, 1.664502, -0.004834,
157.742635, 1.666919, 1.674976, 0.008057,
157.752983, 1.670142, 1.672559, 0.002417,
157.763300, 1.668530, 1.662085, -0.006445,
157.773897, 1.668530, 1.649194, -0.019336,
157.784497, 1.666919, 1.670947, 0.004028,
157.794770, 1.666113, 1.670142, 0.004028,
157.805198, 1.668530, 1.662085, -0.006445,
157.815867, 1.668530, 1.658862, -0.009668,
157.826416, 1.674976, 1.669336, -0.005640,
157.837084, 1.665308, 1.683032, 0.017725,
157.847525, 1.670142, 1.665308, -0.004834,
157.857977, 1.668530, 1.660474, -0.008057,
157.868521, 1.670142, 1.669336, -0.000806,
157.879092, 1.661279, 1.668530, 0.007251,
157.889520, 1.665308, 1.673364, 0.008057,
157.899764, 1.669336, 1.670947, 0.001611,
157.910279, 1.668530, 1.657251, -0.011279,
157.920872, 1.669336, 1.666919, -0.002417,
157.931419, 1.666113, 1.662891, -0.003223,
157.942205, 1.670142, 1.691895, 0.021753,
157.952532, 1.670142, 1.668530, -0.001611,
157.963196, 1.669336, 1.666919, -0.002417,
157.973782, 1.668530, 1.662891, -0.005640,
157.984392, 1.668530, 1.664502, -0.004028,
157.994869, 1.669336, 1.677393, 0.008057,
158.004876, 1.668530, 1.664502, -0.004028,
158.015529, 1.673364, 1.665308, -0.008057,
158.025987, 1.670947, 1.662891, -0.008057,
158.036636, 1.664502, 1.672559, 0.008057,
158.046987, 1.666919, 1.658862, -0.008057,
158.057547, 1.669336, 1.660474, -0.008862,
158.068199, 1.666113, 1.670947, 0.004834,
158.078530, 1.666919, 1.662085, -0.004834,
158.089098, 1.670142, 1.661279, -0.008862,
158.099652, 1.668530, 1.670947, 0.002417,
158.110071, 1.670947, 1.657251, -0.013696,
158.120652, 1.664502, 1.639526, -0.024976,
158.131196, 1.664502, 1.666113, 0.001611,
158.141757, 1.668530, 1.668530, 0.000000,
158.151987, 1.670142, 1.666919, -0.003223,
158.162648, 1.670142, 1.666113, -0.004028,
158.173222, 1.666919, 1.679004, 0.012085,
158.183529, 1.670142, 1.658862, -0.011279,
158.194086, 1.670142, 1.678198, 0.008057,
158.204445, 1.672559, 1.672559, 0.000000,
158.214880, 1.669336, 1.653223, -0.016113,
158.225428, 1.665308, 1.662085, -0.003223,
158.236082, 1.664502, 1.676587, 0.012085,
158.246530, 1.666113, 1.665308, -0.000806,
158.257087, 1.670142, 1.649194, -0.020947,
158.267780, 1.669336, 1.664502, -0.004834,
158.278308, 1.666919, 1.662891, -0.004028,
158.288977, 1.662085, 1.666919, 0.004834,
158.299200, 1.670142, 1.669336, -0.000806,
158.309845, 1.666919, 1.652417, -0.014502,
158.320415, 1.673364, 1.673364, 0.000000,
158.330647, 1.666113, 1.633887, -0.032227,
158.341483, 1.665308, 1.658862, -0.006445,
158.351981, 1.666919, 1.636304, -0.030615,
158.362530, 1.670947, 1.662085, -0.008862,
158.373114, 1.666919, 1.674976, 0.008057,
158.383422, 1.670142, 1.664502, -0.005640,
158.393985, 1.669336, 1.670947, 0.001611,
158.404425, 1.668530, 1.685449, 0.016919,
158.414870, 1.670142, 1.677393, 0.007251,
158.425208, 1.664502, 1.661279, -0.003223,
158.435864, 1.666113, 1.670947, 0.004834,
158.446314, 1.670142, 1.637915, -0.032227,
158.456876, 1.666919, 1.670142, 0.003223,
158.467328, 1.666919, 1.673364, 0.006445,
158.477647, 1.669336, 1.664502, -0.004834,
158.488314, 1.666113, 1.658862, -0.007251,
158.498868, 1.666919, 1.660474, -0.006445,
158.509623, 1.665308, 1.658057, -0.007251,
158.520205, 1.669336, 1.672559, 0.003223,
158.530557, 1.669336, 1.678198, 0.008862,
158.541056, 1.668530, 1.658057, -0.010474,
158.551533, 1.670947, 1.664502, -0.006445,
158.562086, 1.666919, 1.670947, 0.004028,
158.572453, 1.670947, 1.678198, 0.007251,
158.582773, 1.669336, 1.662085, -0.007251,
158.593419, 1.670142, 1.662085, -0.008057,
158.604082, 1.666113, 1.650000, -0.016113,
158.614768, 1.666919, 1.662085, -0.004834,
158.625307, 1.669336, 1.664502, -0.004834,
158.635984, 1.668530, 1.670947, 0.002417,
158.646426, 1.670947, 1.661279, -0.009668,
158.656989, 1.669336, 1.629858, -0.039478,
158.667646, 1.669336, 1.662891, -0.006445,
158.678217, 1.669336, 1.662085, -0.007251,
158.688895, 1.662891, 1.656445, -0.006445,
158.699427, 1.669336, 1.662085, -0.007251,
158.710211, 1.670142, 1.674170, 0.004028,
158.720531, 1.670142, 1.662891, -0.007251,
158.731071, 1.666919, 1.666113, -0.000806,
158.741759, 1.669336, 1.653223, -0.016113,
158.752306, 1.670142, 1.666919, -0.003223,
158.762989, 1.670947, 1.656445, -0.014502,
158.773549, 1.662085, 1.665308, 0.003223,
158.783963, 1.666919, 1.654834, -0.012085,
158.794480, 1.669336, 1.658057, -0.011279,
158.805087, 1.670142, 1.668530, -0.001611,
158.815768, 1.664502, 1.660474, -0.004028,
158.826300, 1.665308, 1.661279, -0.004028,
158.836876, 1.669336, 1.670142, 0.000806,
158.847319, 1.668530, 1.670142, 0.001611,
158.857682, 1.669336, 1.662085, -0.007251,
158.868303, 1.668530, 1.650000, -0.018530,
158.878876, 1.665308, 1.657251, -0.008057,
158.889531, 1.670142, 1.653223, -0.016919,
158.900086, 1.662891, 1.664502, 0.001611,
158.910506, 1.668530, 1.668530, 0.000000,
158.920760, 1.664502, 1.668530, 0.004028,
158.931082, 1.665308, 1.677393, 0.012085,
158.941502, 1.662891, 1.658862, -0.004028,
158.951983, 1.670947, 1.681421, 0.010474,
158.962310, 1.665308, 1.670142, 0.004834,
158.972693, 1.666113, 1.664502, -0.001611,
158.983205, 1.670142, 1.647583, -0.022559,
158.993770, 1.668530, 1.665308, -0.003223,
159.004427, 1.666919, 1.665308, -0.001611,
159.013854, 1.666113, 1.676587, 0.010474,
159.024215, 1.668530, 1.653223, -0.015308,
159.034847, 1.668530, 1.670142, 0.001611,
159.045210, 1.669336, 1.681421, 0.012085,
159.055551, 1.670142, 1.669336, -0.000806,
159.066208, 1.668530, 1.672559, 0.004028,
159.076519, 1.670142, 1.654834, -0.015308,
159.087090, 1.664502, 1.670142, 0.005640,
159.097309, 1.668530, 1.661279, -0.007251,
159.107982, 1.664502, 1.650000, -0.014502,
159.118537, 1.670947, 1.681421, 0.010474,
159.128867, 1.668530, 1.658862, -0.009668,
159.139518, 1.668530, 1.654834, -0.013696,
159.150096, 1.666919, 1.660474, -0.006445,
159.160765, 1.669336, 1.670947, 0.001611,
159.171125, 1.668530, 1.664502, -0.004028,
159.181650, 1.665308, 1.665308, 0.000000,
159.191981, 1.665308, 1.658057, -0.007251,
159.202507, 1.670947, 1.658862, -0.012085,
159.212868, 1.669336, 1.653223, -0.016113,
159.223426, 1.662891, 1.662891, 0.000000,
159.233727, 1.668530, 1.650806, -0.017725,
159.244309, 1.669336, 1.674170, 0.004834,
159.254650, 1.668530, 1.677393, 0.008862,
159.265081, 1.665308, 1.670142, 0.004834,
159.275419, 1.662891, 1.662891, 0.000000,
159.285770, 1.665308, 1.683838, 0.018530,
159.296089, 1.664502, 1.657251, -0.007251,
159.306652, 1.669336, 1.658862, -0.010474,
159.317330, 1.670142, 1.662085, -0.008057,
159.327876, 1.660474, 1.670142, 0.009668,
159.338313, 1.666113, 1.672559, 0.006445,
159.348766, 1.664502, 1.677393, 0.012891,
159.359179, 1.664502, 1.662085, -0.002417,
159.369655, 1.668530, 1.672559, 0.004028,
159.379990, 1.666113, 1.668530, 0.002417,
159.390423, 1.666919, 1.664502, -0.002417,
159.401058, 1.666919, 1.662891, -0.004028,
159.411657, 1.669336, 1.653223, -0.016113,
159.422203, 1.664502, 1.661279, -0.003223,
159.432771, 1.670142, 1.670142, 0.000000,
159.443206, 1.664502, 1.656445, -0.008057,
159.453771, 1.665308, 1.661279, -0.004028,
159.464426, 1.666113, 1.691089, 0.024976,
159.474779, 1.668530, 1.658862, -0.009668,
159.485419, 1.670142, 1.665308, -0.004834,
159.495876, 1.669336, 1.665308, -0.004028,
159.506528, 1.666919, 1.664502, -0.002417,
159.517093, 1.670142, 1.665308, -0.004834,
159.527652, 1.670142, 1.649194, -0.020947,
159.538318, 1.666113, 1.665308, -0.000806,
159.548989, 1.669336, 1.662085, -0.007251,
159.559638, 1.664502, 1.652417, -0.012085,
159.570207, 1.669336, 1.656445, -0.012891,
159.580770, 1.662891, 1.666113, 0.003223,
159.591208, 1.668530, 1.649194, -0.019336,
159.601878, 1.668530, 1.673364, 0.004834,
159.612300, 1.669336, 1.668530, -0.000806,
159.622788, 1.666919, 1.652417, -0.014502,
159.633304, 1.668530, 1.658862, -0.009668,
159.644016, 1.662891, 1.657251, -0.005640,
159.654530, 1.666919, 1.658862, -0.008057,
159.665089, 1.668530, 1.657251, -0.011279,
159.675665, 1.670142, 1.666919, -0.003223,
159.686303, 1.664502, 1.670142, 0.005640,
159.696528, 1.670142, 1.666919, -0.003223,
159.707084, 1.669336, 1.658057, -0.011279,
159.717779, 1.668530, 1.666919, -0.001611,
159.728311, 1.665308, 1.661279, -0.004028,
159.738995, 1.668530, 1.657251, -0.011279,
159.749531, 1.670142, 1.662085, -0.008057,
159.760192, 1.666113, 1.677393, 0.011279,
159.770429, 1.666919, 1.666919, 0.000000,
159.780764, 1.665308, 1.672559, 0.007251,
159.791206, 1.670142, 1.652417, -0.017725,
159.801865, 1.672559, 1.658057, -0.014502,
159.812525, 1.662085, 1.658057, -0.004028,
159.823088, 1.669336, 1.657251, -0.012085,
159.833732, 1.662891, 1.662085, -0.000806,
159.844339, 1.662085, 1.666113, 0.004028,
159.854655, 1.665308, 1.678198, 0.012891,
159.865090, 1.669336, 1.662085, -0.007251,
159.875661, 1.670142, 1.672559, 0.002417,
159.886092, 1.670142, 1.674170, 0.004028,
159.896309, 1.666113, 1.656445, -0.009668,
159.906907, 1.666113, 1.666919, 0.000806,
159.917312, 1.666113, 1.665308, -0.000806,
159.927880, 1.666919, 1.654834, -0.012085,
159.938530, 1.669336, 1.670142, 0.000806,
159.948874, 1.669336, 1.670947, 0.001611,
159.959286, 1.668530, 1.654834, -0.013696,
159.969773, 1.668530, 1.683838, 0.015308,
159.980211, 1.668530, 1.668530, 0.000000,
159.990532, 1.670947, 1.670142, -0.000806,
160.000916, 1.666919, 1.654834, -0.012085,
160.011656, 1.668530, 1.654834, -0.013696,
160.016305, 1.668530, 1.666919, -0.001611,
160.026984, 1.668530, 1.662891, -0.005640,
160.037565, 1.669336, 1.673364, 0.004028,
160.047991, 1.664502, 1.658057, -0.006445,
160.058424, 1.666113, 1.658862, -0.007251,
160.068987, 1.668530, 1.666113, -0.002417,
160.079537, 1.669336, 1.662891, -0.006445,
160.090203, 1.666919, 1.648389, -0.018530,
160.100768, 1.662085, 1.668530, 0.006445,
160.111307, 1.669336, 1.683032, 0.013696,
160.121652, 1.666113, 1.657251, -0.008862,
160.132092, 1.669336, 1.666919, -0.002417,
160.142868, 1.665308, 1.656445, -0.008862,
160.153423, 1.670142, 1.665308, -0.004834,
160.163985, 1.669336, 1.654834, -0.014502,
160.174546, 1.666919, 1.654834, -0.012085,
160.185208, 1.670142, 1.668530, -0.001611,
160.195648, 1.662085, 1.669336, 0.007251,
160.205998, 1.670142, 1.678198, 0.008057,
160.216427, 1.664502, 1.669336, 0.004834,
160.226774, 1.669336, 1.662891, -0.006445,
160.237427, 1.669336, 1.664502, -0.004834,
160.248094, 1.664502, 1.654834, -0.009668,
160.258728, 1.668530, 1.650000, -0.018530,
160.269217, 1.668530, 1.668530, 0.000000,
160.279543, 1.668530, 1.658057, -0.010474,
160.290211, 1.669336, 1.650806, -0.018530,
160.300801, 1.666919, 1.656445, -0.010474,
160.311532, 1.665308, 1.639526, -0.025781,
160.322092, 1.665308, 1.666919, 0.001611,
160.332310, 1.666113, 1.662085, -0.004028,
160.342467, 1.669336, 1.656445, -0.012891,
160.352993, 1.669336, 1.673364, 0.004028,
160.363427, 1.666919, 1.665308, -0.001611,
160.374003, 1.668530, 1.649194, -0.019336,
160.384625, 1.672559, 1.670142, -0.002417,
160.395103, 1.670142, 1.669336, -0.000806,
160.405775, 1.669336, 1.670142, 0.000806,
160.416207, 1.658862, 1.674976, 0.016113,
160.426531, 1.670142, 1.649194, -0.020947,
160.437209, 1.668530, 1.662891, -0.005640,
160.447781, 1.668530, 1.665308, -0.003223,
160.458314, 1.668530, 1.662891, -0.005640,
160.468881, 1.665308, 1.677393, 0.012085,
160.479211, 1.668530, 1.657251, -0.011279,
160.489878, 1.666919, 1.670947, 0.004028,
160.500216, 1.666919, 1.666919, 0.000000,
160.510660, 1.666113, 1.658057, -0.008057,
160.521206, 1.670142, 1.669336, -0.000806,
160.531774, 1.670142, 1.660474, -0.009668,
160.542430, 1.664502, 1.664502, 0.000000,
160.552656, 1.668530, 1.669336, 0.000806,
160.563101, 1.665308, 1.637109, -0.028198,
160.573683, 1.669336, 1.666113, -0.003223,
160.584293, 1.670142, 1.674976, 0.004834,
160.594528, 1.662085, 1.674976, 0.012891,
160.604887, 1.666919, 1.662085, -0.004834,
160.615543, 1.666113, 1.654834, -0.011279,
160.626104, 1.669336, 1.654834, -0.014502,
160.636773, 1.672559, 1.666113, -0.006445,
160.647429, 1.670142, 1.652417, -0.017725,
160.657993, 1.670142, 1.657251, -0.012891,
160.668581, 1.672559, 1.665308, -0.007251,
160.679107, 1.670142, 1.661279, -0.008862,
160.689781, 1.670142, 1.670947, 0.000806,
160.700099, 1.670947, 1.658057, -0.012891,
160.710877, 1.662085, 1.674170, 0.012085,
160.721206, 1.666113, 1.660474, -0.005640,
160.731662, 1.672559, 1.664502, -0.008057,
160.742417, 1.669336, 1.658057, -0.011279,
160.752992, 1.666919, 1.687866, 0.020947,
160.763419, 1.662085, 1.657251, -0.004834,
160.773909, 1.670142, 1.666113, -0.004028,
160.784522, 1.670947, 1.660474, -0.010474,
160.794989, 1.661279, 1.668530, 0.007251,
160.805426, 1.669336, 1.637109, -0.032227,
160.816101, 1.666113, 1.665308, -0.000806,
160.826662, 1.668530, 1.664502, -0.004028,
160.837314, 1.670142, 1.666113, -0.004028,
160.847993, 1.669336, 1.662085, -0.007251,
160.858543, 1.670947, 1.665308, -0.005640,
160.869099, 1.669336, 1.666919, -0.002417,
160.879658, 1.670947, 1.658862, -0.012085,
160.890343, 1.670142, 1.656445, -0.013696,
160.900878, 1.661279, 1.677393, 0.016113,
160.911422, 1.666919, 1.658057, -0.008862,
160.921994, 1.668530, 1.677393, 0.008862,
160.932318, 1.662085, 1.666113, 0.004028,
160.942876, 1.668530, 1.654834, -0.013696,
160.953420, 1.662085, 1.662085, 0.000000,
160.963775, 1.665308, 1.661279, -0.004028,
160.974335, 1.668530, 1.668530, 0.000000,
160.984774, 1.669336, 1.673364, 0.004028,
160.995099, 1.666919, 1.672559, 0.005640,
161.005530, 1.668530, 1.668530, 0.000000,
161.015887, 1.664502, 1.660474, -0.004028,
161.026425, 1.668530, 1.633081, -0.035449,
161.037096, 1.670142, 1.674170, 0.004028,
161.047436, 1.670142, 1.683838, 0.013696,
161.057778, 1.668530, 1.654028, -0.014502,
161.068431, 1.670142, 1.670142, 0.000000,
161.078776, 1.669336, 1.665308, -0.004028,
161.089436, 1.665308, 1.690283, 0.024976,
161.099776, 1.668530, 1.658057, -0.010474,
161.110515, 1.668530, 1.654834, -0.013696,
161.121104, 1.662891, 1.670142, 0.007251,
161.131434, 1.665308, 1.670142, 0.004834,
161.141996, 1.665308, 1.662891, -0.002417,
161.152560, 1.670947, 1.674976, 0.004028,
161.163001, 1.668530, 1.654834, -0.013696,
161.173573, 1.669336, 1.662085, -0.007251,
161.184188, 1.668530, 1.679810, 0.011279,
161.194437, 1.670142, 1.670142, 0.000000,
161.204775, 1.670142, 1.674170, 0.004028,
161.215220, 1.670142, 1.670947, 0.000806,
161.225530, 1.666113, 1.661279, -0.004834,
161.236102, 1.668530, 1.678198, 0.009668,
161.246528, 1.670142, 1.662891, -0.007251,
161.256999, 1.668530, 1.654834, -0.013696,
161.267547, 1.669336, 1.664502, -0.004834,
161.278102, 1.664502, 1.665308, 0.000806,
161.288532, 1.669336, 1.664502, -0.004834,
161.299006, 1.670142, 1.674170, 0.004028,
161.309510, 1.668530, 1.654028, -0.014502,
161.320000, 1.668530, 1.673364, 0.004834,
161.330317, 1.665308, 1.662085, -0.003223,
161.341173, 1.666113, 1.679004, 0.012891,
161.351437, 1.668530, 1.640332, -0.028198,
161.362128, 1.669336, 1.665308, -0.004028,
161.372687, 1.669336, 1.662891, -0.006445,
161.383220, 1.668530, 1.662085, -0.006445,
161.393779, 1.670142, 1.662891, -0.007251,
161.404430, 1.669336, 1.666919, -0.002417,
161.415115, 1.666919, 1.661279, -0.005640,
161.425664, 1.665308, 1.654834, -0.010474,
161.436314, 1.669336, 1.654834, -0.014502,
161.446999, 1.670947, 1.645166, -0.025781,
161.457539, 1.669336, 1.657251, -0.012085,
161.468213, 1.670142, 1.662085, -0.008057,
161.478779, 1.666919, 1.670142, 0.003223,
161.489213, 1.670142, 1.637109, -0.033032,
161.499780, 1.666919, 1.665308, -0.001611,
161.510506, 1.662891, 1.668530, 0.005640,
161.520776, 1.670142, 1.669336, -0.000806,
161.531322, 1.669336, 1.658862, -0.010474,
161.542011, 1.670142, 1.658057, -0.012085,
161.552546, 1.665308, 1.662891, -0.002417,
161.563211, 1.670947, 1.661279, -0.009668,
161.573769, 1.666919, 1.658862, -0.008057,
161.584401, 1.669336, 1.653223, -0.016113,
161.594432, 1.666919, 1.650806, -0.016113,
161.605102, 1.670947, 1.657251, -0.013696,
161.615773, 1.665308, 1.657251, -0.008057,
161.626326, 1.670947, 1.652417, -0.018530,
161.637003, 1.668530, 1.661279, -0.007251,
161.647670, 1.665308, 1.662891, -0.002417,
161.658220, 1.662085, 1.669336, 0.007251,
161.668535, 1.668530, 1.670142, 0.001611,
161.678897, 1.665308, 1.665308, 0.000000,
161.689317, 1.666113, 1.665308, -0.000806,
161.699889, 1.669336, 1.666113, -0.003223,
161.710656, 1.662891, 1.668530, 0.005640,
161.721005, 1.662891, 1.670947, 0.008057,
161.731315, 1.662085, 1.662085, 0.000000,
161.741782, 1.661279, 1.654834, -0.006445,
161.752315, 1.669336, 1.681421, 0.012085,
161.762780, 1.670142, 1.676587, 0.006445,
161.773133, 1.664502, 1.666919, 0.002417,
161.783433, 1.662891, 1.672559, 0.009668,
161.793782, 1.666113, 1.678198, 0.012085,
161.804221, 1.668530, 1.666113, -0.002417,
161.814886, 1.664502, 1.666113, 0.001611,
161.825208, 1.670142, 1.658862, -0.011279,
161.835874, 1.662891, 1.677393, 0.014502,
161.846325, 1.674170, 1.666919, -0.007251,
161.856890, 1.669336, 1.666113, -0.003223,
161.867544, 1.668530, 1.668530, 0.000000,
161.877872, 1.665308, 1.670142, 0.004834,
161.888318, 1.669336, 1.670142, 0.000806,
161.898661, 1.668530, 1.665308, -0.003223,
161.909403, 1.668530, 1.666113, -0.002417,
161.919881, 1.668530, 1.674976, 0.006445,
161.930224, 1.669336, 1.650806, -0.018530,
161.940996, 1.668530, 1.660474, -0.008057,
161.951531, 1.669336, 1.678198, 0.008862,
161.961882, 1.670142, 1.658862, -0.011279,
161.972459, 1.670142, 1.648389, -0.021753,
161.982992, 1.669336, 1.653223, -0.016113,
161.993542, 1.669336, 1.654028, -0.015308,
162.004217, 1.670142, 1.662085, -0.008057,
162.014889, 1.670947, 1.685449, 0.014502,
162.025218, 1.670142, 1.683838, 0.013696,
162.034773, 1.670142, 1.669336, -0.000806,
162.045433, 1.662085, 1.658862, -0.003223,
162.055998, 1.662891, 1.665308, 0.002417,
162.066438, 1.668530, 1.662891, -0.005640,
162.077003, 1.666113, 1.677393, 0.011279,
162.087435, 1.666113, 1.662085, -0.004028,
162.097993, 1.670947, 1.669336, -0.001611,
162.108743, 1.666919, 1.666919, 0.000000,
162.119002, 1.670142, 1.672559, 0.002417,
162.129318, 1.664502, 1.674976, 0.010474,
162.139860, 1.668530, 1.657251, -0.011279,
162.150442, 1.670142, 1.679004, 0.008862,
162.160879, 1.670947, 1.658057, -0.012891,
162.171466, 1.668530, 1.662891, -0.005640,
162.182009, 1.664502, 1.665308, 0.000806,
162.192327, 1.670142, 1.657251, -0.012891,
162.203003, 1.666919, 1.673364, 0.006445,
162.213434, 1.662891, 1.668530, 0.005640,
162.223788, 1.665308, 1.632275, -0.033032,
162.234408, 1.674170, 1.668530, -0.005640,
162.245004, 1.669336, 1.661279, -0.008057,
162.255536, 1.670142, 1.668530, -0.001611,
162.266138, 1.670142, 1.672559, 0.002417,
162.276435, 1.666919, 1.658862, -0.008057,
162.287095, 1.665308, 1.664502, -0.000806,
162.297538, 1.670947, 1.679810, 0.008862,
162.307885, 1.669336, 1.658057, -0.011279,
162.318537, 1.669336, 1.670947, 0.001611,
162.328886, 1.668530, 1.661279, -0.007251,
162.339558, 1.666113, 1.660474, -0.005640,
162.350216, 1.662085, 1.660474, -0.001611,
162.360878, 1.670142, 1.683838, 0.013696,
162.371262, 1.669336, 1.662891, -0.006445,
162.381782, 1.668530, 1.662891, -0.005640,
162.392313, 1.670142, 1.654028, -0.016113,
162.402997, 1.665308, 1.641943, -0.023364,
162.413669, 1.662085, 1.673364, 0.011279,
162.423998, 1.669336, 1.670142, 0.000806,
162.434417, 1.670142, 1.661279, -0.008862,
162.445002, 1.668530, 1.672559, 0.004028,
162.455327, 1.670947, 1.674976, 0.004028,
162.465790, 1.668530, 1.652417, -0.016113,
162.476317, 1.670142, 1.654834, -0.015308,
162.486997, 1.664502, 1.637109, -0.027393,
162.497548, 1.670947, 1.660474, -0.010474,
162.508230, 1.670142, 1.657251, -0.012891,
162.518887, 1.666113, 1.666113, 0.000000,
162.529125, 1.666113, 1.674170, 0.008057,
162.539537, 1.670142, 1.662085, -0.008057,
162.550098, 1.668530, 1.660474, -0.008057,
162.560662, 1.662891, 1.652417, -0.010474,
162.571246, 1.670142, 1.666113, -0.004028,
162.581789, 1.670142, 1.676587, 0.006445,
162.592222, 1.664502, 1.673364, 0.008862,
162.602685, 1.666919, 1.679004, 0.012085,
162.613108, 1.669336, 1.672559, 0.003223,
162.623433, 1.670142, 1.654834, -0.015308,
162.634076, 1.668530, 1.660474, -0.008057,
162.644664, 1.662085, 1.666113, 0.004028,
162.655009, 1.665308, 1.660474, -0.004834,
162.665679, 1.662085, 1.662891, 0.000806,
162.676005, 1.669336, 1.650806, -0.018530,
162.686693, 1.665308, 1.665308, 0.000000,
162.697000, 1.670142, 1.666113, -0.004028,
162.707664, 1.669336, 1.661279, -0.008057,
162.718321, 1.665308, 1.670947, 0.005640,
162.728663, 1.668530, 1.662891, -0.005640,
162.739324, 1.666919, 1.681421, 0.014502,
162.749671, 1.669336, 1.673364, 0.004028,
162.760080, 1.666113, 1.676587, 0.010474,
162.770321, 1.668530, 1.662085, -0.006445,
162.780887, 1.665308, 1.658862, -0.006445,
162.791538, 1.665308, 1.665308, 0.000000,
162.801773, 1.666919, 1.690283, 0.023364,
162.812314, 1.668530, 1.661279, -0.007251,
162.822794, 1.670142, 1.668530, -0.001611,
162.833314, 1.666113, 1.660474, -0.005640,
162.844002, 1.668530, 1.669336, 0.000806,
162.854329, 1.670142, 1.664502, -0.005640,
162.865004, 1.664502, 1.662085, -0.002417,
162.875545, 1.670142, 1.661279, -0.008862,
162.886220, 1.670142, 1.665308, -0.004834,
162.896787, 1.666919, 1.648389, -0.018530,
162.907437, 1.661279, 1.658862, -0.002417,
162.918005, 1.665308, 1.670947, 0.005640,
162.928327, 1.662085, 1.668530, 0.006445,
162.938785, 1.666113, 1.656445, -0.009668,
162.949437, 1.658862, 1.662085, 0.003223,
162.959854, 1.668530, 1.668530, 0.000000,
162.970105, 1.666919, 1.670142, 0.003223,
162.980442, 1.670947, 1.662085, -0.008862,
162.991099, 1.666113, 1.653223, -0.012891,
163.001671, 1.670142, 1.669336, -0.000806,
163.012447, 1.666919, 1.662085, -0.004834,
163.023005, 1.669336, 1.668530, -0.000806,
163.033541, 1.660474, 1.673364, 0.012891,
163.043927, 1.669336, 1.661279, -0.008057,
163.054462, 1.669336, 1.668530, -0.000806,
163.065103, 1.664502, 1.664502, 0.000000,
163.075361, 1.673364, 1.658862, -0.014502,
163.085996, 1.670947, 1.690283, 0.019336,
163.096328, 1.664502, 1.657251, -0.007251,
163.107013, 1.668530, 1.658862, -0.009668,
163.117701, 1.669336, 1.674170, 0.004834,
163.128000, 1.668530, 1.640332, -0.028198,
163.138706, 1.669336, 1.658862, -0.010474,
163.149318, 1.666113, 1.647583, -0.018530,
163.160002, 1.669336, 1.658057, -0.011279,
163.170540, 1.669336, 1.664502, -0.004834,
163.181014, 1.670142, 1.633081, -0.037060,
163.191671, 1.670142, 1.678198, 0.008057,
163.202001, 1.664502, 1.666919, 0.002417,
163.212444, 1.668530, 1.691089, 0.022559,
163.222780, 1.666919, 1.665308, -0.001611,
163.233324, 1.665308, 1.656445, -0.008862,
163.244008, 1.668530, 1.647583, -0.020947,
163.254541, 1.670947, 1.668530, -0.002417,
163.265135, 1.670142, 1.669336, -0.000806,
163.275675, 1.670142, 1.650000, -0.020142,
163.286323, 1.666919, 1.670142, 0.003223,
163.296676, 1.666113, 1.676587, 0.010474,
163.307100, 1.670142, 1.647583, -0.022559,
163.317791, 1.668530, 1.668530, 0.000000,
163.328109, 1.665308, 1.664502, -0.000806,
163.338679, 1.670142, 1.657251, -0.012891,
163.349324, 1.666919, 1.672559, 0.005640,
163.359785, 1.666113, 1.654028, -0.012085,
163.370322, 1.666113, 1.660474, -0.005640,
163.380905, 1.669336, 1.668530, -0.000806,
163.391539, 1.669336, 1.673364, 0.004028,
163.401786, 1.669336, 1.661279, -0.008057,
163.412539, 1.665308, 1.668530, 0.003223,
163.422888, 1.670142, 1.662891, -0.007251,
163.433439, 1.668530, 1.674976, 0.006445,
163.443891, 1.662891, 1.654834, -0.008057,
163.454443, 1.670142, 1.658057, -0.012085,
163.465105, 1.664502, 1.665308, 0.000806,
163.475451, 1.662891, 1.670142, 0.007251,
163.485889, 1.666919, 1.664502, -0.002417,
163.496445, 1.670142, 1.673364, 0.003223,
163.506787, 1.666919, 1.662891, -0.004028,
163.517436, 1.669336, 1.673364, 0.004028,
163.527671, 1.670142, 1.658057, -0.012085,
163.538323, 1.665308, 1.670142, 0.004834,
163.548680, 1.670142, 1.636304, -0.033838,
163.559314, 1.666919, 1.656445, -0.010474,
163.569885, 1.668530, 1.660474, -0.008057,
163.580463, 1.665308, 1.657251, -0.008057,
163.591119, 1.668530, 1.689478, 0.020947,
163.601437, 1.660474, 1.670142, 0.009668,
163.611889, 1.670142, 1.674170, 0.004028,
163.622233, 1.670142, 1.658862, -0.011279,
163.632791, 1.664502, 1.662085, -0.002417,
163.643469, 1.665308, 1.662891, -0.002417,
163.654018, 1.670142, 1.668530, -0.001611,
163.664672, 1.670142, 1.658862, -0.011279,
163.675233, 1.666113, 1.662085, -0.004028,
163.685890, 1.670947, 1.662085, -0.008862,
163.696449, 1.666919, 1.658862, -0.008057,
163.707122, 1.669336, 1.662085, -0.007251,
163.717791, 1.668530, 1.677393, 0.008862,
163.728115, 1.666113, 1.668530, 0.002417,
163.738545, 1.669336, 1.662085, -0.007251,
163.749111, 1.670142, 1.652417, -0.017725,
163.759785, 1.669336, 1.669336, 0.000000,
163.770105, 1.670142, 1.689478, 0.019336,
163.780435, 1.670142, 1.656445, -0.013696,
163.791106, 1.670142, 1.658862, -0.011279,
163.801542, 1.666919, 1.664502, -0.002417,
163.812316, 1.668530, 1.664502, -0.004028,
163.822892, 1.665308, 1.647583, -0.017725,
163.833446, 1.670142, 1.660474, -0.009668,
163.844104, 1.668530, 1.665308, -0.003223,
163.854542, 1.666919, 1.669336, 0.002417,
163.864892, 1.666919, 1.658057, -0.008862,
163.875452, 1.670142, 1.669336, -0.000806,
163.886107, 1.668530, 1.673364, 0.004834,
163.896450, 1.668530, 1.662085, -0.006445,
163.907124, 1.665308, 1.669336, 0.004028,
163.917552, 1.670142, 1.657251, -0.012891,
163.928109, 1.670142, 1.665308, -0.004834,
163.938792, 1.666919, 1.633081, -0.033838,
163.949448, 1.662891, 1.656445, -0.006445,
163.960092, 1.666919, 1.662085, -0.004834,
163.970571, 1.666919, 1.676587, 0.009668,
163.980898, 1.669336, 1.657251, -0.012085,
163.991547, 1.670142, 1.662085, -0.008057,
164.002111, 1.670142, 1.658862, -0.011279,
164.012784, 1.665308, 1.661279, -0.004028,
164.023330, 1.670142, 1.661279, -0.008862,
164.033985, 1.665308, 1.668530, 0.003223,
164.036732, 1.670142, 1.641138, -0.029004,
164.047328, 1.664502, 1.662085, -0.002417,
164.057891, 1.668530, 1.648389, -0.020142,
164.068449, 1.662085, 1.665308, 0.003223,
164.078790, 1.670142, 1.662085, -0.008057,
164.089442, 1.664502, 1.665308, 0.000806,
164.099795, 1.662085, 1.670947, 0.008862,
164.110299, 1.662085, 1.662891, 0.000806,
164.120538, 1.666113, 1.662085, -0.004028,
164.131008, 1.666113, 1.664502, -0.001611,
164.141785, 1.662085, 1.665308, 0.003223,
164.152114, 1.666113, 1.674976, 0.008862,
164.162531, 1.668530, 1.636304, -0.032227,
164.173107, 1.662085, 1.662085, 0.000000,
164.183335, 1.670142, 1.664502, -0.005640,
164.193889, 1.668530, 1.662085, -0.006445,
164.204545, 1.668530, 1.662085, -0.006445,
164.215120, 1.669336, 1.662085, -0.007251,
164.225672, 1.668530, 1.656445, -0.012085,
164.236331, 1.664502, 1.672559, 0.008057,
164.246791, 1.669336, 1.654834, -0.014502,
164.257326, 1.666113, 1.658862, -0.007251,
164.268007, 1.665308, 1.673364, 0.008057,
164.278326, 1.665308, 1.654028, -0.011279,
164.289007, 1.666113, 1.674976, 0.008862,
164.299343, 1.669336, 1.664502, -0.004834,
164.310081, 1.670947, 1.668530, -0.002417,
164.320549, 1.666113, 1.661279, -0.004834,
164.331102, 1.669336, 1.664502, -0.004834,
164.341887, 1.662085, 1.660474, -0.001611,
164.352442, 1.669336, 1.658057, -0.011279,
164.363132, 1.669336, 1.631470, -0.037866,
164.373700, 1.666919, 1.660474, -0.006445,
164.384302, 1.662891, 1.665308, 0.002417,
164.394558, 1.670142, 1.662085, -0.008057,
164.405223, 1.670142, 1.656445, -0.013696,
164.415892, 1.662085, 1.650000, -0.012085,
164.426454, 1.666919, 1.654834, -0.012085,
164.437105, 1.670142, 1.666113, -0.004028,
164.447673, 1.670142, 1.664502, -0.005640,
164.458226, 1.669336, 1.654834, -0.014502,
164.468795, 1.666113, 1.676587, 0.010474,
164.479110, 1.668530, 1.666113, -0.002417,
164.489791, 1.665308, 1.669336, 0.004028,
164.500114, 1.666919, 1.669336, 0.002417,
164.510661, 1.666113, 1.662891, -0.003223,
164.521229, 1.662085, 1.665308, 0.003223,
164.531546, 1.662085, 1.654028, -0.008057,
164.542213, 1.669336, 1.662085, -0.007251,
164.552792, 1.661279, 1.636304, -0.024976,
164.563439, 1.666919, 1.662085, -0.004834,
164.574025, 1.669336, 1.662891, -0.006445,
164.584642, 1.666919, 1.677393, 0.010474,
164.594896, 1.669336, 1.670142, 0.000806,
164.605325, 1.670947, 1.666113, -0.004834,
164.615912, 1.665308, 1.661279, -0.004028,
164.626461, 1.662891, 1.661279, -0.001611,
164.637106, 1.668530, 1.662085, -0.006445,
164.647675, 1.666919, 1.662085, -0.004834,
164.658231, 1.666113, 1.672559, 0.006445,
164.668675, 1.666919, 1.674976, 0.008057,
164.679018, 1.669336, 1.670947, 0.001611,
164.689450, 1.666919, 1.677393, 0.010474,
164.699793, 1.665308, 1.664502, -0.000806,
164.710522, 1.669336, 1.662085, -0.007251,
164.721008, 1.662085, 1.662085, 0.000000,
164.731001, 1.669336, 1.664502, -0.004834,
164.741674, 1.665308, 1.666919, 0.001611,
164.752016, 1.666113, 1.666113, 0.000000,
164.762428, 1.669336, 1.662085, -0.007251,
164.772996, 1.662085, 1.652417, -0.009668,
164.783445, 1.670142, 1.650806, -0.019336,
164.794016, 1.666113, 1.662085, -0.004028,
164.804674, 1.670142, 1.664502, -0.005640,
164.815338, 1.664502, 1.657251, -0.007251,
164.825896, 1.669336, 1.665308, -0.004028,
164.836547, 1.666919, 1.660474, -0.006445,
164.847120, 1.670142, 1.652417, -0.017725,
164.857674, 1.668530, 1.662085, -0.006445,
164.868240, 1.666919, 1.691895, 0.024976,
164.878558, 1.670142, 1.665308, -0.004834,
164.889242, 1.670142, 1.644360, -0.025781,
164.899797, 1.666919, 1.660474, -0.006445,
164.910527, 1.668530, 1.668530, 0.000000,
164.920791, 1.664502, 1.664502, 0.000000,
164.931010, 1.669336, 1.650000, -0.019336,
164.941785, 1.666113, 1.662891, -0.003223,
164.952362, 1.668530, 1.660474, -0.008057,
164.963010, 1.669336, 1.653223, -0.016113,
164.973573, 1.666113, 1.669336, 0.003223,
164.983983, 1.661279, 1.668530, 0.007251,
164.994229, 1.669336, 1.637915, -0.031421,
165.004897, 1.666919, 1.666113, -0.000806,
165.015553, 1.670142, 1.662891, -0.007251,
165.026107, 1.666919, 1.645166, -0.021753,
165.036788, 1.669336, 1.669336, 0.000000,
165.047254, 1.670142, 1.652417, -0.017725,
165.057793, 1.662085, 1.666113, 0.004028,
165.068226, 1.666919, 1.669336, 0.002417,
165.078552, 1.669336, 1.679810, 0.010474,
165.089011, 1.668530, 1.647583, -0.020947,
165.099544, 1.670142, 1.660474, -0.009668,
165.110225, 1.668530, 1.660474, -0.008057,
165.120794, 1.668530, 1.658862, -0.009668,
165.131335, 1.662085, 1.666919, 0.004834,
165.141797, 1.665308, 1.658862, -0.006445,
165.152357, 1.668530, 1.683032, 0.014502,
165.162801, 1.666919, 1.652417, -0.014502,
165.173359, 1.669336, 1.666113, -0.003223,
165.183983, 1.670142, 1.660474, -0.009668,
165.194448, 1.669336, 1.661279, -0.008057,
165.205114, 1.665308, 1.669336, 0.004028,
165.215569, 1.664502, 1.669336, 0.004834,
165.225899, 1.669336, 1.658057, -0.011279,
165.236539, 1.669336, 1.678198, 0.008862,
165.246896, 1.673364, 1.672559, -0.000806,
165.257442, 1.668530, 1.662085, -0.006445,
165.268016, 1.666113, 1.677393, 0.011279,
165.278330, 1.668530, 1.657251, -0.011279,
165.289011, 1.669336, 1.662891, -0.006445,
165.299547, 1.665308, 1.662085, -0.003223,
165.310227, 1.669336, 1.654834, -0.014502,
165.320796, 1.668530, 1.657251, -0.011279,
165.331333, 1.664502, 1.661279, -0.003223,
165.342157, 1.668530, 1.641943, -0.026587,
165.352669, 1.670947, 1.681421, 0.010474,
165.363107, 1.670947, 1.652417, -0.018530,
165.373596, 1.668530, 1.654834, -0.013696,
165.384202, 1.669336, 1.666113, -0.003223,
165.394688, 1.670142, 1.645166, -0.024976,
165.405332, 1.672559, 1.673364, 0.000806,
165.415798, 1.664502, 1.647583, -0.016919,
165.426333, 1.669336, 1.648389, -0.020947,
165.437017, 1.668530, 1.662085, -0.006445,
165.447682, 1.670142, 1.649194, -0.020947,
165.458224, 1.666919, 1.661279, -0.005640,
165.468795, 1.668530, 1.679004, 0.010474,
165.479139, 1.666919, 1.661279, -0.005640,
165.489789, 1.666113, 1.664502, -0.001611,
165.500331, 1.661279, 1.666113, 0.004834,
165.510891, 1.666919, 1.670142, 0.003223,
165.521235, 1.665308, 1.650806, -0.014502,
165.531800, 1.660474, 1.662085, 0.001611,
165.542258, 1.670142, 1.636304, -0.033838,
165.552546, 1.666919, 1.679004, 0.012085,
165.562897, 1.662085, 1.657251, -0.004834,
165.573483, 1.669336, 1.653223, -0.016113,
165.584092, 1.670142, 1.670947, 0.000806,
165.594346, 1.669336, 1.674170, 0.004834,
165.605192, 1.670142, 1.664502, -0.005640,
165.615794, 1.669336, 1.654028, -0.015308,
165.626336, 1.669336, 1.654028, -0.015308,
165.637020, 1.666919, 1.670142, 0.003223,
165.647451, 1.662085, 1.654834, -0.007251,
165.658016, 1.669336, 1.648389, -0.020947,
165.668555, 1.669336, 1.666113, -0.003223,
165.679109, 1.668530, 1.662085, -0.006445,
165.689681, 1.668530, 1.665308, -0.003223,
165.700229, 1.669336, 1.660474, -0.008862,
165.711013, 1.666113, 1.666919, 0.000806,
165.721333, 1.670142, 1.661279, -0.008862,
165.731906, 1.668530, 1.658862, -0.009668,
165.742677, 1.670142, 1.639526, -0.030615,
165.753234, 1.669336, 1.662891, -0.006445,
165.763904, 1.666919, 1.665308, -0.001611,
165.774467, 1.669336, 1.660474, -0.008862,
165.785093, 1.666113, 1.670142, 0.004028,
165.795346, 1.666919, 1.653223, -0.013696,
165.806019, 1.670142, 1.654028, -0.016113,
165.816675, 1.668530, 1.662085, -0.006445,
165.827228, 1.670142, 1.661279, -0.008862,
165.837873, 1.670142, 1.674976, 0.004834,
165.848231, 1.665308, 1.670947, 0.005640,
165.858557, 1.664502, 1.662085, -0.002417,
165.869107, 1.662085, 1.650000, -0.012085,
165.879695, 1.666919, 1.670142, 0.003223,
165.890111, 1.660474, 1.665308, 0.004834,
165.900459, 1.668530, 1.656445, -0.012085,
165.911227, 1.670947, 1.664502, -0.006445,
165.921795, 1.664502, 1.678198, 0.013696,
165.932113, 1.670142, 1.666113, -0.004028,
165.942804, 1.670142, 1.650806, -0.019336,
165.953340, 1.674170, 1.668530, -0.005640,
165.964022, 1.662085, 1.664502, 0.002417,
165.974369, 1.670947, 1.661279, -0.009668,
165.985009, 1.665308, 1.672559, 0.007251,
165.995329, 1.669336, 1.670142, 0.000806,
166.005702, 1.662085, 1.665308, 0.003223,
166.016114, 1.670142, 1.672559, 0.002417,
166.026336, 1.669336, 1.666113, -0.003223,
166.037023, 1.665308, 1.670142, 0.004834,
166.046126, 1.669336, 1.661279, -0.008057,
166.056897, 1.668530, 1.661279, -0.007251,
166.067594, 1.670947, 1.673364, 0.002417,
166.077908, 1.662085, 1.673364, 0.011279,
166.088336, 1.662891, 1.668530, 0.005640,
166.098677, 1.665308, 1.665308, 0.000000,
166.109099, 1.670947, 1.654028, -0.016919,
166.119554, 1.664502, 1.676587, 0.012085,
166.129795, 1.666113, 1.687060, 0.020947,
166.140321, 1.669336, 1.665308, -0.004028,
166.150799, 1.670142, 1.670947, 0.000806,
166.161231, 1.668530, 1.665308, -0.003223,
166.171835, 1.669336, 1.666919, -0.002417,
166.182341, 1.670142, 1.681421, 0.011279,
166.192793, 1.670142, 1.645166, -0.024976,
166.203446, 1.670142, 1.641943, -0.028198,
166.214122, 1.668530, 1.665308, -0.003223,
166.224679, 1.662891, 1.658862, -0.004028,
166.235310, 1.664502, 1.654834, -0.009668,
166.245901, 1.666919, 1.676587, 0.009668,
166.256235, 1.670142, 1.654028, -0.016113,
166.266829, 1.661279, 1.668530, 0.007251,
166.277121, 1.674170, 1.676587, 0.002417,
166.287551, 1.670142, 1.670142, 0.000000,
166.297800, 1.666919, 1.654834, -0.012085,
166.308453, 1.672559, 1.664502, -0.008057,
166.319018, 1.670947, 1.670947, 0.000000,
166.329261, 1.670142, 1.654834, -0.015308,
166.340073, 1.670947, 1.662085, -0.008862,
166.350564, 1.665308, 1.658862, -0.006445,
166.361232, 1.662085, 1.662085, 0.000000,
166.371603, 1.668530, 1.654028, -0.014502,
166.382121, 1.668530, 1.676587, 0.008057,
166.392560, 1.669336, 1.662891, -0.006445,
166.403232, 1.668530, 1.676587, 0.008057,
166.413681, 1.670142, 1.662085, -0.008057,
166.424233, 1.670142, 1.658862, -0.011279,
166.434877, 1.670142, 1.683032, 0.012891,
166.445253, 1.669336, 1.662085, -0.007251,
166.455798, 1.670142, 1.670947, 0.000806,
166.466236, 1.668530, 1.664502, -0.004028,
166.476812, 1.669336, 1.670142, 0.000806,
166.487232, 1.662085, 1.670142, 0.008057,
166.497574, 1.666919, 1.654834, -0.012085,
166.508240, 1.668530, 1.670947, 0.002417,
166.518691, 1.670142, 1.672559, 0.002417,
166.529019, 1.670142, 1.666919, -0.003223,
166.539758, 1.666919, 1.658862, -0.008057,
166.550249, 1.669336, 1.648389, -0.020947,
166.560900, 1.673364, 1.673364, 0.000000,
166.571272, 1.666919, 1.677393, 0.010474,
166.581564, 1.668530, 1.662085, -0.006445,
166.592254, 1.668530, 1.650000, -0.018530,
166.602897, 1.670142, 1.666919, -0.003223,
166.613557, 1.673364, 1.645972, -0.027393,
166.624123, 1.670142, 1.649194, -0.020947,
166.634799, 1.670142, 1.682227, 0.012085,
166.645241, 1.668530, 1.666113, -0.002417,
166.655795, 1.670142, 1.656445, -0.013696,
166.664803, 1.668530, 1.653223, -0.015308,
166.675350, 1.668530, 1.650000, -0.018530,
166.686012, 1.666113, 1.650000, -0.016113,
166.696563, 1.669336, 1.677393, 0.008057,
166.707023, 1.670142, 1.658057, -0.012085,
166.717687, 1.670142, 1.664502, -0.005640,
166.728242, 1.669336, 1.633081, -0.036255,
166.738907, 1.669336, 1.661279, -0.008057,
166.749454, 1.672559, 1.662085, -0.010474,
166.760108, 1.665308, 1.683838, 0.018530,
166.770460, 1.670947, 1.676587, 0.005640,
166.780798, 1.664502, 1.664502, 0.000000,
166.791243, 1.669336, 1.666919, -0.002417,
166.801802, 1.670142, 1.670947, 0.000806,
166.812328, 1.669336, 1.682227, 0.012891,
166.822557, 1.670142, 1.660474, -0.009668,
166.833125, 1.664502, 1.677393, 0.012891,
166.843548, 1.666113, 1.662085, -0.004028,
166.854058, 1.666919, 1.687060, 0.020142,
166.864454, 1.666919, 1.662085, -0.004834,
166.875029, 1.668530, 1.658057, -0.010474,
166.885680, 1.666113, 1.670142, 0.004028,
166.896027, 1.668530, 1.666113, -0.002417,
166.906679, 1.670142, 1.650806, -0.019336,
166.917350, 1.666919, 1.658862, -0.008057,
166.927903, 1.668530, 1.664502, -0.004028,
166.938555, 1.668530, 1.672559, 0.004028,
166.948914, 1.666919, 1.672559, 0.005640,
166.959313, 1.668530, 1.650000, -0.018530,
166.969802, 1.670142, 1.670947, 0.000806,
166.980123, 1.666919, 1.666919, 0.000000,
166.990447, 1.666113, 1.665308, -0.000806,
167.001014, 1.669336, 1.670142, 0.000806,
167.011450, 1.670142, 1.665308, -0.004834,
167.022026, 1.664502, 1.664502, 0.000000,
167.032236, 1.668530, 1.679004, 0.010474,
167.042692, 1.669336, 1.660474, -0.008862,
167.053235, 1.670142, 1.657251, -0.012891,
167.063898, 1.668530, 1.662891, -0.005640,
167.074463, 1.666113, 1.666919, 0.000806,
167.084876, 1.670142, 1.668530, -0.001611,
167.095343, 1.668530, 1.665308, -0.003223,
167.106017, 1.669336, 1.677393, 0.008057,
167.116364, 1.668530, 1.661279, -0.007251,
167.126904, 1.669336, 1.668530, -0.000806,
167.137547, 1.669336, 1.674976, 0.005640,
167.147904, 1.668530, 1.670142, 0.001611,
167.158241, 1.669336, 1.662085, -0.007251,
167.168811, 1.670947, 1.673364, 0.002417,
167.179121, 1.665308, 1.654834, -0.010474,
167.189808, 1.666919, 1.657251, -0.009668,
167.200338, 1.666919, 1.666113, -0.000806,
167.211019, 1.670142, 1.654834, -0.015308,
167.221546, 1.668530, 1.665308, -0.003223,
167.232025, 1.662085, 1.662891, 0.000806,
167.242449, 1.664502, 1.654834, -0.009668,
167.253020, 1.668530, 1.627441, -0.041089,
167.263684, 1.662891, 1.654834, -0.008057,
167.274252, 1.670142, 1.666919, -0.003223,
167.284874, 1.666919, 1.670142, 0.003223,
167.295238, 1.664502, 1.658862, -0.005640,
167.305951, 1.666919, 1.668530, 0.001611,
167.316335, 1.669336, 1.664502, -0.004834,
167.326899, 1.669336, 1.647583, -0.021753,
167.337549, 1.662891, 1.674976, 0.012085,
167.348024, 1.666919, 1.666919, 0.000000,
167.358348, 1.668530, 1.662891, -0.005640,
167.368910, 1.668530, 1.670947, 0.002417,
167.379248, 1.670142, 1.652417, -0.017725,
167.389902, 1.670947, 1.657251, -0.013696,
167.400456, 1.668530, 1.665308, -0.003223,
167.411232, 1.666113, 1.665308, -0.000806,
167.421806, 1.664502, 1.662085, -0.002417,
167.432340, 1.668530, 1.662085, -0.006445,
167.443129, 1.669336, 1.674976, 0.005640,
167.453456, 1.673364, 1.660474, -0.012891,
167.464126, 1.661279, 1.669336, 0.008057,
167.474471, 1.666919, 1.653223, -0.013696,
167.485101, 1.666113, 1.672559, 0.006445,
167.495345, 1.662085, 1.654834, -0.007251,
167.505902, 1.668530, 1.649194, -0.019336,
167.516555, 1.666113, 1.640332, -0.025781,
167.527128, 1.666113, 1.666113, 0.000000,
167.537457, 1.670142, 1.640332, -0.029810,
167.548045, 1.668530, 1.670142, 0.001611,
167.558344, 1.670947, 1.657251, -0.013696,
167.568905, 1.660474, 1.661279, 0.000806,
167.579239, 1.669336, 1.668530, -0.000806,
167.589911, 1.670142, 1.654834, -0.015308,
167.600459, 1.668530, 1.674976, 0.006445,
167.611021, 1.670142, 1.653223, -0.016919,
167.621555, 1.664502, 1.654834, -0.009668,
167.632024, 1.670142, 1.664502, -0.005640,
167.642689, 1.665308, 1.633887, -0.031421,
167.653244, 1.666113, 1.641943, -0.024170,
167.663897, 1.666919, 1.665308, -0.001611,
167.674523, 1.670142, 1.660474, -0.009668,
167.685088, 1.666919, 1.677393, 0.010474,
167.695371, 1.670142, 1.658057, -0.012085,
167.706033, 1.668530, 1.670947, 0.002417,
167.716462, 1.665308, 1.674170, 0.008862,
167.726805, 1.670142, 1.664502, -0.005640,
167.737457, 1.666113, 1.674170, 0.008057,
167.747810, 1.668530, 1.673364, 0.004834,
167.758120, 1.666113, 1.658057, -0.008057,
167.768691, 1.665308, 1.683838, 0.018530,
167.779028, 1.665308, 1.679810, 0.014502,
167.789452, 1.670142, 1.657251, -0.012891,
167.800024, 1.662085, 1.650000, -0.012085,
167.810792, 1.669336, 1.635498, -0.033838,
167.821334, 1.666919, 1.662891, -0.004028,
167.831806, 1.669336, 1.673364, 0.004028,
167.842340, 1.666919, 1.656445, -0.010474,
167.852911, 1.658862, 1.662085, 0.003223,
167.863361, 1.666919, 1.668530, 0.001611,
167.873702, 1.672559, 1.647583, -0.024976,
167.884312, 1.672559, 1.674170, 0.001611,
167.894559, 1.666113, 1.654834, -0.011279,
167.905241, 1.666113, 1.654028, -0.012085,
167.915907, 1.668530, 1.662085, -0.006445,
167.926464, 1.670142, 1.664502, -0.005640,
167.937113, 1.669336, 1.666113, -0.003223,
167.947687, 1.670947, 1.662085, -0.008862,
167.958243, 1.668530, 1.656445, -0.012085,
167.968928, 1.669336, 1.674976, 0.005640,
167.979243, 1.670142, 1.664502, -0.005640,
167.989910, 1.666919, 1.678198, 0.011279,
168.000240, 1.668530, 1.662891, -0.005640,
168.011014, 1.669336, 1.656445, -0.012891,
168.021563, 1.668530, 1.662085, -0.006445,
168.032126, 1.665308, 1.664502, -0.000806,
168.042891, 1.666113, 1.666919, 0.000806,
168.053022, 1.665308, 1.673364, 0.008057,
168.061343, 1.666113, 1.656445, -0.009668,
168.071941, 1.668530, 1.658862, -0.009668,
168.082500, 1.662891, 1.666919, 0.004028,
168.092912, 1.670142, 1.658862, -0.011279,
168.103566, 1.670947, 1.666919, -0.004028,
168.114237, 1.670142, 1.665308, -0.004834,
168.124806, 1.670142, 1.647583, -0.022559,
168.135453, 1.668530, 1.666113, -0.002417,
168.146027, 1.670142, 1.669336, -0.000806,
168.156564, 1.662085, 1.669336, 0.007251,
168.166915, 1.670142, 1.668530, -0.001611,
168.177472, 1.668530, 1.643555, -0.024976,
168.188129, 1.658862, 1.670142, 0.011279,
168.198465, 1.670142, 1.670947, 0.000806,
168.209008, 1.666113, 1.661279, -0.004834,
168.219563, 1.670947, 1.676587, 0.005640,
168.229831, 1.666919, 1.681421, 0.014502,
168.240329, 1.664502, 1.641138, -0.023364,
168.250809, 1.669336, 1.669336, 0.000000,
168.261123, 1.665308, 1.662085, -0.003223,
168.271622, 1.669336, 1.662085, -0.007251,
168.282132, 1.669336, 1.662085, -0.007251,
168.292703, 1.665308, 1.660474, -0.004834,
168.303350, 1.666919, 1.662085, -0.004834,
168.314021, 1.668530, 1.662085, -0.006445,
168.324458, 1.669336, 1.657251, -0.012085,
168.335097, 1.670947, 1.668530, -0.002417,
168.345716, 1.666113, 1.652417, -0.013696,
168.356248, 1.666113, 1.670947, 0.004834,
168.366687, 1.668530, 1.668530, 0.000000,
168.377025, 1.665308, 1.653223, -0.012085,
168.387693, 1.670142, 1.683032, 0.012891,
168.398022, 1.669336, 1.669336, 0.000000,
168.408342, 1.666113, 1.668530, 0.002417,
168.418693, 1.662891, 1.670142, 0.007251,
168.429045, 1.670142, 1.661279, -0.008862,
168.439783, 1.668530, 1.664502, -0.004028,
168.450343, 1.669336, 1.670142, 0.000806,
168.460691, 1.669336, 1.661279, -0.008057,
168.471284, 1.669336, 1.668530, -0.000806,
168.481812, 1.668530, 1.669336, 0.000806,
168.492233, 1.668530, 1.649194, -0.019336,
168.502901, 1.666113, 1.670142, 0.004028,
168.513347, 1.662085, 1.658862, -0.003223,
168.523911, 1.668530, 1.656445, -0.012085,
168.534541, 1.661279, 1.660474, -0.000806,
168.545129, 1.669336, 1.660474, -0.008862,
168.555772, 1.666919, 1.654834, -0.012085,
168.566346, 1.664502, 1.658862, -0.005640,
168.577027, 1.662891, 1.665308, 0.002417,
168.587450, 1.662085, 1.668530, 0.006445,
168.597820, 1.668530, 1.691089, 0.022559,
168.608267, 1.668530, 1.654834, -0.013696,
168.618918, 1.666919, 1.679004, 0.012085,
168.629342, 1.666113, 1.668530, 0.002417,
168.639903, 1.660474, 1.660474, 0.000000,
168.650131, 1.666113, 1.661279, -0.004834,
168.660803, 1.665308, 1.683032, 0.017725,
168.671173, 1.668530, 1.658862, -0.009668,
168.681688, 1.665308, 1.640332, -0.024976,
168.692349, 1.669336, 1.656445, -0.012891,
168.703024, 1.665308, 1.662085, -0.003223,
168.713694, 1.665308, 1.657251, -0.008057,
168.724281, 1.670142, 1.666113, -0.004028,
168.734889, 1.670142, 1.694311, 0.024170,
168.745352, 1.666113, 1.662891, -0.003223,
168.756014, 1.669336, 1.677393, 0.008057,
168.766347, 1.670142, 1.670142, 0.000000,
168.776692, 1.662085, 1.672559, 0.010474,
168.787125, 1.668530, 1.682227, 0.013696,
168.797465, 1.662891, 1.662085, -0.000806,
168.808237, 1.666919, 1.656445, -0.010474,
168.818939, 1.670142, 1.677393, 0.007251,
168.829243, 1.660474, 1.645972, -0.014502,
168.840055, 1.665308, 1.654834, -0.010474,
168.850563, 1.668530, 1.670947, 0.002417,
168.860994, 1.670142, 1.665308, -0.004834,
168.871495, 1.666919, 1.673364, 0.006445,
168.881810, 1.668530, 1.666919, -0.001611,
168.892470, 1.669336, 1.665308, -0.004028,
168.903118, 1.666919, 1.656445, -0.010474,
168.913808, 1.665308, 1.657251, -0.008057,
168.924370, 1.670947, 1.657251, -0.013696,
168.935024, 1.662085, 1.681421, 0.019336,
168.945461, 1.664502, 1.662085, -0.002417,
168.956029, 1.670947, 1.673364, 0.002417,
168.966346, 1.669336, 1.668530, -0.000806,
168.977016, 1.670142, 1.654028, -0.016113,
168.987678, 1.664502, 1.669336, 0.004834,
168.998040, 1.670142, 1.666919, -0.003223,
169.008770, 1.666919, 1.654834, -0.012085,
169.019344, 1.666919, 1.650806, -0.016113,
169.029919, 1.669336, 1.662085, -0.007251,
169.040675, 1.669336, 1.661279, -0.008057,
169.051248, 1.669336, 1.670142, 0.000806,
169.061696, 1.668530, 1.660474, -0.008057,
169.072282, 1.662085, 1.664502, 0.002417,
169.082608, 1.670142, 1.670142, 0.000000,
169.092923, 1.668530, 1.648389, -0.020142,
169.103567, 1.665308, 1.665308, 0.000000,
169.113907, 1.672559, 1.653223, -0.019336,
169.124464, 1.670142, 1.657251, -0.012891,
169.135106, 1.669336, 1.666919, -0.002417,
169.145692, 1.665308, 1.661279, -0.004028,
169.156242, 1.668530, 1.668530, 0.000000,
169.166562, 1.669336, 1.682227, 0.012891,
169.176267, 1.669336, 1.641138, -0.028198,
169.186913, 1.669336, 1.658862, -0.010474,
169.197468, 1.664502, 1.662085, -0.002417,
169.208125, 1.666113, 1.664502, -0.001611,
169.218692, 1.668530, 1.672559, 0.004028,
169.229032, 1.664502, 1.654834, -0.009668,
169.239768, 1.666919, 1.648389, -0.018530,
169.250356, 1.665308, 1.658862, -0.006445,
169.261021, 1.670142, 1.673364, 0.003223,
169.271386, 1.665308, 1.668530, 0.003223,
169.281703, 1.670142, 1.669336, -0.000806,
169.292248, 1.669336, 1.648389, -0.020947,
169.302904, 1.662085, 1.673364, 0.011279,
169.313353, 1.669336, 1.669336, 0.000000,
169.323570, 1.668530, 1.679004, 0.010474,
169.334009, 1.664502, 1.668530, 0.004028,
169.344465, 1.665308, 1.656445, -0.008862,
169.355037, 1.670947, 1.648389, -0.022559,
169.365695, 1.670142, 1.662891, -0.007251,
169.376341, 1.666919, 1.672559, 0.005640,
169.386818, 1.662085, 1.658057, -0.004028,
169.397348, 1.669336, 1.664502, -0.004834,
169.408083, 1.666113, 1.666919, 0.000806,
169.418460, 1.669336, 1.677393, 0.008057,
169.428814, 1.670142, 1.669336, -0.000806,
169.439508, 1.670142, 1.662085, -0.008057,
169.449808, 1.670142, 1.664502, -0.005640,
169.460467, 1.666919, 1.656445, -0.010474,
169.471057, 1.666113, 1.669336, 0.003223,
169.481347, 1.670142, 1.652417, -0.017725,
169.492028, 1.666113, 1.662085, -0.004028,
169.502679, 1.674170, 1.670142, -0.004028,
169.513348, 1.670142, 1.662085, -0.008057,
169.523942, 1.670142, 1.666113, -0.004028,
169.534538, 1.670142, 1.670142, 0.000000,
169.544936, 1.668530, 1.661279, -0.007251,
169.555465, 1.668530, 1.670142, 0.001611,
169.565918, 1.666113, 1.662891, -0.003223,
169.576577, 1.662085, 1.657251, -0.004834,
169.587249, 1.662891, 1.679004, 0.016113,
169.597575, 1.666113, 1.672559, 0.006445,
169.608120, 1.662085, 1.661279, -0.000806,
169.618692, 1.664502, 1.666113, 0.001611,
169.629028, 1.670142, 1.665308, -0.004834,
169.639712, 1.669336, 1.658862, -0.010474,
169.650244, 1.670142, 1.666113, -0.004028,
169.660916, 1.668530, 1.668530, 0.000000,
169.671215, 1.666919, 1.661279, -0.005640,
169.681814, 1.668530, 1.652417, -0.016113,
169.692497, 1.668530, 1.658862, -0.009668,
169.703127, 1.669336, 1.661279, -0.008057,
169.713809, 1.661279, 1.647583, -0.013696,
169.724396, 1.669336, 1.653223, -0.016113,
169.735035, 1.669336, 1.668530, -0.000806,
169.745692, 1.670142, 1.670142, 0.000000,
169.755932, 1.665308, 1.676587, 0.011279,
169.766349, 1.664502, 1.654834, -0.009668,
169.776921, 1.666113, 1.662085, -0.004028,
169.787561, 1.665308, 1.683838, 0.018530,
169.797827, 1.666113, 1.639526, -0.026587,
169.808470, 1.669336, 1.658862, -0.010474,
169.819033, 1.666919, 1.664502, -0.002417,
169.829574, 1.672559, 1.645972, -0.026587,
169.840243, 1.670142, 1.658057, -0.012085,
169.850810, 1.673364, 1.677393, 0.004028,
169.861245, 1.669336, 1.662085, -0.007251,
169.871847, 1.669336, 1.669336, 0.000000,
169.882135, 1.665308, 1.657251, -0.008057,
169.892693, 1.669336, 1.662085, -0.007251,
169.903346, 1.666919, 1.657251, -0.009668,
169.914037, 1.669336, 1.670947, 0.001611,
169.924352, 1.666113, 1.650000, -0.016113,
169.935037, 1.668530, 1.662891, -0.005640,
169.945694, 1.672559, 1.657251, -0.015308,
169.956255, 1.670142, 1.662085, -0.008057,
169.966814, 1.666919, 1.668530, 0.001611,
169.977128, 1.662891, 1.647583, -0.015308,
169.987810, 1.666919, 1.664502, -0.002417,
169.998357, 1.668530, 1.662891, -0.005640,
170.009117, 1.668530, 1.657251, -0.011279,
170.019702, 1.668530, 1.661279, -0.007251,
170.030251, 1.662085, 1.664502, 0.002417,
170.040800, 1.670142, 1.668530, -0.001611,
170.051360, 1.668530, 1.653223, -0.015308,
170.062031, 1.664502, 1.662085, -0.002417,
170.067934, 1.669336, 1.670947, 0.001611,
170.078478, 1.669336, 1.643555, -0.025781,
170.089131, 1.662085, 1.660474, -0.001611,
170.099705, 1.661279, 1.666919, 0.005640,
170.110243, 1.666919, 1.654834, -0.012085,
170.120814, 1.670947, 1.664502, -0.006445,
170.131381, 1.668530, 1.662085, -0.006445,
170.142133, 1.669336, 1.658862, -0.010474,
170.152702, 1.666919, 1.660474, -0.006445,
170.163352, 1.666919, 1.654834, -0.012085,
170.173944, 1.670947, 1.647583, -0.023364,
170.184552, 1.668530, 1.670947, 0.002417,
170.194812, 1.668530, 1.683838, 0.015308,
170.205253, 1.669336, 1.657251, -0.012085,
170.215922, 1.666113, 1.658862, -0.007251,
170.226473, 1.670142, 1.656445, -0.013696,
170.237136, 1.670142, 1.658862, -0.011279,
170.247817, 1.668530, 1.676587, 0.008057,
170.258141, 1.668530, 1.654834, -0.013696,
170.268705, 1.665308, 1.685449, 0.020142,
170.279040, 1.664502, 1.656445, -0.008057,
170.289596, 1.662891, 1.652417, -0.010474,
170.300143, 1.668530, 1.668530, 0.000000,
170.310547, 1.670142, 1.666113, -0.004028,
170.321042, 1.669336, 1.670142, 0.000806,
170.331361, 1.670947, 1.664502, -0.006445,
170.342160, 1.670142, 1.685449, 0.015308,
170.352476, 1.660474, 1.668530, 0.008057,
170.362926, 1.672559, 1.656445, -0.016113,
170.373488, 1.669336, 1.641138, -0.028198,
170.384123, 1.666113, 1.670947, 0.004834,
170.394362, 1.666113, 1.677393, 0.011279,
170.404814, 1.665308, 1.664502, -0.000806,
170.415471, 1.666113, 1.649194, -0.016919,
170.426040, 1.666919, 1.670142, 0.003223,
170.436465, 1.670142, 1.670947, 0.000806,
170.446845, 1.670142, 1.662891, -0.007251,
170.457380, 1.669336, 1.661279, -0.008057,
170.468036, 1.664502, 1.664502, 0.000000,
170.478356, 1.670142, 1.653223, -0.016919,
170.489042, 1.670142, 1.666113, -0.004028,
170.499571, 1.673364, 1.661279, -0.012085,
170.510332, 1.665308, 1.665308, 0.000000,
170.520575, 1.668530, 1.683838, 0.015308,
170.530915, 1.668530, 1.654834, -0.013696,
170.541692, 1.669336, 1.657251, -0.012085,
170.552256, 1.662085, 1.670142, 0.008057,
170.562693, 1.669336, 1.635498, -0.033838,
170.573285, 1.670947, 1.629858, -0.041089,
170.583900, 1.662891, 1.670142, 0.007251,
170.594250, 1.668530, 1.666919, -0.001611,
170.604912, 1.670142, 1.662891, -0.007251,
170.615592, 1.670142, 1.662085, -0.008057,
170.626135, 1.666919, 1.661279, -0.005640,
170.636714, 1.669336, 1.676587, 0.007251,
170.647147, 1.670947, 1.658862, -0.012085,
170.657703, 1.668530, 1.669336, 0.000806,
170.668045, 1.669336, 1.641138, -0.028198,
170.678581, 1.668530, 1.662085, -0.006445,
170.689259, 1.666113, 1.668530, 0.002417,
170.699580, 1.674976, 1.668530, -0.006445,
170.710331, 1.662085, 1.653223, -0.008862,
170.720825, 1.668530, 1.677393, 0.008862,
170.731136, 1.672559, 1.654834, -0.017725,
170.741824, 1.670947, 1.662085, -0.008862,
170.752355, 1.662891, 1.683838, 0.020947,
170.762830, 1.670142, 1.657251, -0.012891,
170.773384, 1.672559, 1.665308, -0.007251,
170.784017, 1.666113, 1.665308, -0.000806,
170.794580, 1.670142, 1.653223, -0.016919,
170.805256, 1.670947, 1.658862, -0.012085,
170.815921, 1.665308, 1.666919, 0.001611,
170.826258, 1.664502, 1.673364, 0.008862,
170.836703, 1.668530, 1.669336, 0.000806,
170.847134, 1.668530, 1.666113, -0.002417,
170.857705, 1.670947, 1.662085, -0.008862,
170.868253, 1.666919, 1.690283, 0.023364,
170.878576, 1.662085, 1.665308, 0.003223,
170.889038, 1.664502, 1.668530, 0.004028,
170.899357, 1.666113, 1.668530, 0.002417,
170.909891, 1.665308, 1.656445, -0.008862,
170.920464, 1.670142, 1.661279, -0.008862,
170.931040, 1.670142, 1.665308, -0.004834,
170.941695, 1.668530, 1.656445, -0.012085,
170.952248, 1.670142, 1.677393, 0.007251,
170.962696, 1.664502, 1.653223, -0.011279,
170.973265, 1.666919, 1.662085, -0.004834,
170.983901, 1.666919, 1.673364, 0.006445,
170.994252, 1.669336, 1.665308, -0.004028,
171.004917, 1.668530, 1.650806, -0.017725,
171.015592, 1.670142, 1.666113, -0.004028,
171.026143, 1.669336, 1.650000, -0.019336,
171.036815, 1.669336, 1.664502, -0.004834,
171.047386, 1.668530, 1.661279, -0.007251,
171.057930, 1.668530, 1.662085, -0.006445,
171.068484, 1.664502, 1.662085, -0.002417,
171.079042, 1.666919, 1.668530, 0.001611,
171.089375, 1.664502, 1.662085, -0.002417,
171.099924, 1.670142, 1.662085, -0.008057,
171.110674, 1.670142, 1.670142, 0.000000,
171.120927, 1.665308, 1.662085, -0.003223,
171.131474, 1.665308, 1.658862, -0.006445,
171.142151, 1.669336, 1.665308, -0.004028,
171.152705, 1.669336, 1.666113, -0.003223,
171.163352, 1.666113, 1.661279, -0.004834,
171.173939, 1.668530, 1.657251, -0.011279,
171.184556, 1.664502, 1.685449, 0.020947,
171.194926, 1.670142, 1.673364, 0.003223,
171.205362, 1.670142, 1.662891, -0.007251,
171.216042, 1.669336, 1.665308, -0.004028,
171.226570, 1.666919, 1.665308, -0.001611,
171.237141, 1.669336, 1.668530, -0.000806,
171.247725, 1.669336, 1.666919, -0.002417,
171.258263, 1.668530, 1.657251, -0.011279,
171.268931, 1.670142, 1.673364, 0.003223,
171.279260, 1.674976, 1.662085, -0.012891,
171.289926, 1.669336, 1.662085, -0.007251,
171.300480, 1.670142, 1.665308, -0.004834,
171.311258, 1.665308, 1.665308, 0.000000,
171.321579, 1.666113, 1.662085, -0.004028,
171.332156, 1.666919, 1.660474, -0.006445,
171.342892, 1.669336, 1.653223, -0.016113,
171.353482, 1.668530, 1.662085, -0.006445,
171.364143, 1.668530, 1.672559, 0.004028,
171.374493, 1.670142, 1.673364, 0.003223,
171.384905, 1.664502, 1.666919, 0.002417,
171.395166, 1.670142, 1.672559, 0.002417,
171.405591, 1.668530, 1.656445, -0.012085,
171.416258, 1.666919, 1.670142, 0.003223,
171.426592, 1.666919, 1.650806, -0.016113,
171.437260, 1.670142, 1.687866, 0.017725,
171.447704, 1.669336, 1.657251, -0.012085,
171.458261, 1.670142, 1.658057, -0.012085,
171.468822, 1.665308, 1.670142, 0.004834,
171.479145, 1.668530, 1.654834, -0.013696,
171.489827, 1.670947, 1.654834, -0.016113,
171.500365, 1.670142, 1.653223, -0.016919,
171.511136, 1.668530, 1.664502, -0.004028,
171.521718, 1.666113, 1.645166, -0.020947,
171.532260, 1.666113, 1.654834, -0.011279,
171.543030, 1.668530, 1.649194, -0.019336,
171.553596, 1.665308, 1.669336, 0.004028,
171.564035, 1.666919, 1.668530, 0.001611,
171.574445, 1.664502, 1.662891, -0.001611,
171.585043, 1.669336, 1.670947, 0.001611,
171.595363, 1.668530, 1.661279, -0.007251,
171.606041, 1.670142, 1.650806, -0.019336,
171.616707, 1.666919, 1.673364, 0.006445,
171.627046, 1.670142, 1.669336, -0.000806,
171.637729, 1.670142, 1.673364, 0.003223,
171.648150, 1.668530, 1.653223, -0.015308,
171.658797, 1.661279, 1.645972, -0.015308,
171.669362, 1.670142, 1.679810, 0.009668,
171.679715, 1.668530, 1.662085, -0.006445,
171.690369, 1.670142, 1.662085, -0.008057,
171.700930, 1.668530, 1.653223, -0.015308,
171.711711, 1.670142, 1.662085, -0.008057,
171.722266, 1.669336, 1.654834, -0.014502,
171.732822, 1.670142, 1.662085, -0.008057,
171.743575, 1.670142, 1.662085, -0.008057,
171.754042, 1.668530, 1.670947, 0.002417,
171.764465, 1.668530, 1.666919, -0.001611,
171.775062, 1.666113, 1.648389, -0.017725,
171.785707, 1.665308, 1.658862, -0.006445,
171.796261, 1.666113, 1.679810, 0.013696,
171.806711, 1.670947, 1.665308, -0.005640,
171.817367, 1.666919, 1.681421, 0.014502,
171.827710, 1.668530, 1.629858, -0.038672,
171.838367, 1.665308, 1.654834, -0.010474,
171.849044, 1.665308, 1.670947, 0.005640,
171.859451, 1.660474, 1.669336, 0.008862,
171.869711, 1.664502, 1.668530, 0.004028,
171.880039, 1.666113, 1.657251, -0.008862,
171.890705, 1.670142, 1.654834, -0.015308,
171.901280, 1.666919, 1.673364, 0.006445,
171.911816, 1.666919, 1.670142, 0.003223,
171.922146, 1.669336, 1.669336, 0.000000,
171.932364, 1.672559, 1.658862, -0.013696,
171.943143, 1.666113, 1.645166, -0.020947,
171.953708, 1.662891, 1.664502, 0.001611,
171.964144, 1.668530, 1.658057, -0.010474,
171.974719, 1.661279, 1.658057, -0.003223,
171.985339, 1.670142, 1.670947, 0.000806,
171.995591, 1.662085, 1.658862, -0.003223,
172.006262, 1.670142, 1.658057, -0.012085,
172.016930, 1.669336, 1.665308, -0.004028,
172.027482, 1.668530, 1.661279, -0.007251,
172.038143, 1.665308, 1.653223, -0.012085,
172.048715, 1.669336, 1.670142, 0.000806,
172.059115, 1.668530, 1.662085, -0.006445,
172.069599, 1.669336, 1.673364, 0.004028,
172.079929, 1.670142, 1.662085, -0.008057,
172.090620, 1.670142, 1.664502, -0.005640,
172.101149, 1.669336, 1.666919, -0.002417,
172.111919, 1.670142, 1.662085, -0.008057,
172.122478, 1.670142, 1.662891, -0.007251,
172.133036, 1.668530, 1.670947, 0.002417,
172.143481, 1.668530, 1.662891, -0.005640,
172.154037, 1.669336, 1.670947, 0.001611,
172.164447, 1.662891, 1.664502, 0.001611,
172.174727, 1.670142, 1.664502, -0.005640,
172.185334, 1.669336, 1.645972, -0.023364,
172.195821, 1.662891, 1.666919, 0.004028,
172.206259, 1.668530, 1.662085, -0.006445,
172.216930, 1.670142, 1.666919, -0.003223,
172.227504, 1.668530, 1.645166, -0.023364,
172.238136, 1.665308, 1.662891, -0.002417,
172.248708, 1.668530, 1.662085, -0.006445,
172.259341, 1.666919, 1.654834, -0.012085,
172.269823, 1.670142, 1.674170, 0.004028,
172.280158, 1.662085, 1.658862, -0.003223,
172.290818, 1.669336, 1.665308, -0.004028,
172.301363, 1.664502, 1.662891, -0.001611,
172.312144, 1.670142, 1.654834, -0.015308,
172.322708, 1.666919, 1.662085, -0.004834,
172.333267, 1.662891, 1.650806, -0.012085,
172.344035, 1.662085, 1.662891, 0.000806,
172.354375, 1.666919, 1.654834, -0.012085,
172.365048, 1.666113, 1.662085, -0.004028,
172.375591, 1.666113, 1.654028, -0.012085,
172.386264, 1.662891, 1.662891, 0.000000,
172.396592, 1.670142, 1.670947, 0.000806,
172.406950, 1.670142, 1.657251, -0.012891,
172.417600, 1.668530, 1.670142, 0.001611,
172.427930, 1.666113, 1.661279, -0.004834,
172.438578, 1.664502, 1.670142, 0.005640,
172.448935, 1.666919, 1.662085, -0.004834,
172.459551, 1.666113, 1.654834, -0.011279,
172.470044, 1.666113, 1.660474, -0.005640,
172.480595, 1.666919, 1.654834, -0.012085,
172.491277, 1.661279, 1.664502, 0.003223,
172.501366, 1.673364, 1.678198, 0.004834,
172.511927, 1.669336, 1.654834, -0.014502,
172.522484, 1.670142, 1.672559, 0.002417,
172.532819, 1.666113, 1.664502, -0.001611,
172.543573, 1.666113, 1.669336, 0.003223,
172.553931, 1.670142, 1.660474, -0.009668,
172.564580, 1.669336, 1.654028, -0.015308,
172.575165, 1.670142, 1.641943, -0.028198,
172.585819, 1.662085, 1.682227, 0.020142,
172.596148, 1.666919, 1.639526, -0.027393,
172.606829, 1.668530, 1.657251, -0.011279,
172.617477, 1.670142, 1.674170, 0.004028,
172.627830, 1.666919, 1.649194, -0.017725,
172.638484, 1.670947, 1.670142, -0.000806,
172.649043, 1.668530, 1.666919, -0.001611,
172.659690, 1.669336, 1.653223, -0.016113,
172.670272, 1.670142, 1.654834, -0.015308,
172.680829, 1.669336, 1.665308, -0.004028,
172.691488, 1.670142, 1.662085, -0.008057,
172.702043, 1.665308, 1.643555, -0.021753,
172.712713, 1.666919, 1.660474, -0.006445,
172.723262, 1.666113, 1.661279, -0.004834,
172.733902, 1.664502, 1.668530, 0.004028,
172.744263, 1.666113, 1.666919, 0.000806,
172.754689, 1.668530, 1.666919, -0.001611,
172.765359, 1.670142, 1.654028, -0.016113,
172.776055, 1.666919, 1.666919, 0.000000,
172.786513, 1.664502, 1.668530, 0.004028,
172.796864, 1.672559, 1.661279, -0.011279,
172.807607, 1.660474, 1.652417, -0.008057,
172.818294, 1.668530, 1.665308, -0.003223,
172.828947, 1.670142, 1.670142, 0.000000,
172.839387, 1.669336, 1.654028, -0.015308,
172.850063, 1.668530, 1.666919, -0.001611,
172.860717, 1.666919, 1.660474, -0.006445,
172.871366, 1.669336, 1.648389, -0.020947,
172.882046, 1.669336, 1.664502, -0.004834,
172.892748, 1.666113, 1.678198, 0.012085,
172.903242, 1.666919, 1.664502, -0.002417,
172.913968, 1.665308, 1.673364, 0.008057,
172.924383, 1.662891, 1.641943, -0.020947,
172.935062, 1.668530, 1.673364, 0.004834,
172.945561, 1.666919, 1.657251, -0.009668,
172.956205, 1.666113, 1.654834, -0.011279,
172.966854, 1.670142, 1.668530, -0.001611,
172.977535, 1.670142, 1.661279, -0.008862,
172.988184, 1.662085, 1.662891, 0.000806,
172.998528, 1.669336, 1.658862, -0.010474,
173.009249, 1.669336, 1.647583, -0.021753,
173.020007, 1.662085, 1.699145, 0.037060,
173.030301, 1.666113, 1.658862, -0.007251,
173.041102, 1.668530, 1.657251, -0.011279,
173.051677, 1.666919, 1.662085, -0.004834,
173.062388, 1.666919, 1.666919, 0.000000,
173.072838, 1.662891, 1.645972, -0.016919,
173.083465, 1.669336, 1.662085, -0.007251,
173.094084, 1.666113, 1.661279, -0.004834,
173.104794, 1.670142, 1.657251, -0.012891,
173.115514, 1.669336, 1.670142, 0.000806,
173.125853, 1.669336, 1.660474, -0.008862,
173.136505, 1.673364, 1.672559, -0.000806,
173.147281, 1.669336, 1.664502, -0.004834,
173.157847, 1.670142, 1.662085, -0.008057,
173.168522, 1.661279, 1.640332, -0.020947,
173.179099, 1.670142, 1.660474, -0.009668,
173.189749, 1.668530, 1.654028, -0.014502,
173.200374, 1.670142, 1.670142, 0.000000,
173.210964, 1.666919, 1.658862, -0.008057,
173.221524, 1.661279, 1.670947, 0.009668,
173.231909, 1.666113, 1.670142, 0.004028,
173.242452, 1.669336, 1.662085, -0.007251,
173.253075, 1.662891, 1.661279, -0.001611,
173.263716, 1.670142, 1.636304, -0.033838,
173.274378, 1.664502, 1.654834, -0.009668,
173.285129, 1.664502, 1.664502, 0.000000,
173.295485, 1.664502, 1.665308, 0.000806,
173.305943, 1.669336, 1.666919, -0.002417,
173.316628, 1.668530, 1.670947, 0.002417,
173.327057, 1.668530, 1.647583, -0.020947,
173.337736, 1.669336, 1.653223, -0.016113,
173.348576, 1.668530, 1.670947, 0.002417,
173.359055, 1.670947, 1.657251, -0.013696,
173.369730, 1.672559, 1.666113, -0.006445,
173.380374, 1.668530, 1.658057, -0.010474,
173.391078, 1.668530, 1.658057, -0.010474,
173.401733, 1.668530, 1.681421, 0.012891,
173.412379, 1.666919, 1.666113, -0.000806,
173.423049, 1.666919, 1.666113, -0.000806,
173.433761, 1.665308, 1.693506, 0.028198,
173.444167, 1.668530, 1.662085, -0.006445,
173.454775, 1.669336, 1.674170, 0.004834,
173.465235, 1.668530, 1.658057, -0.010474,
173.475920, 1.664502, 1.665308, 0.000806,
173.486383, 1.666919, 1.652417, -0.014502,
173.497029, 1.665308, 1.662085, -0.003223,
173.507747, 1.670947, 1.662085, -0.008862,
173.518231, 1.670142, 1.674170, 0.004028,
173.528632, 1.668530, 1.650000, -0.018530,
173.539111, 1.669336, 1.666113, -0.003223,
173.549724, 1.668530, 1.674170, 0.005640,
173.560186, 1.665308, 1.654834, -0.010474,
173.570833, 1.669336, 1.689478, 0.020142,
173.581245, 1.666919, 1.633081, -0.033838,
173.591952, 1.666919, 1.660474, -0.006445,
173.602519, 1.670142, 1.670142, 0.000000,
173.613045, 1.666113, 1.639526, -0.026587,
173.623724, 1.670142, 1.658862, -0.011279,
173.634354, 1.662085, 1.660474, -0.001611,
173.645045, 1.668530, 1.652417, -0.016113,
173.655702, 1.669336, 1.670142, 0.000806,
173.666190, 1.668530, 1.668530, 0.000000,
173.676609, 1.669336, 1.668530, -0.000806,
173.687324, 1.670142, 1.673364, 0.003223,
173.697717, 1.665308, 1.640332, -0.024976,
173.708421, 1.665308, 1.650806, -0.014502,
173.719020, 1.664502, 1.662085, -0.002417,
173.729633, 1.665308, 1.672559, 0.007251,
173.740220, 1.668530, 1.644360, -0.024170,
173.750870, 1.666919, 1.677393, 0.010474,
173.761289, 1.665308, 1.665308, 0.000000,
173.771677, 1.668530, 1.654028, -0.014502,
173.782239, 1.666919, 1.672559, 0.005640,
173.792637, 1.668530, 1.658862, -0.009668,
173.803381, 1.666919, 1.653223, -0.013696,
173.814075, 1.669336, 1.666113, -0.003223,
173.824647, 1.668530, 1.643555, -0.024976,
173.835285, 1.670142, 1.674170, 0.004028,
173.845734, 1.672559, 1.664502, -0.008057,
173.856355, 1.670142, 1.665308, -0.004834,
173.867050, 1.669336, 1.668530, -0.000806,
173.877713, 1.669336, 1.662891, -0.006445,
173.888388, 1.670142, 1.660474, -0.009668,
173.899017, 1.668530, 1.658057, -0.010474,
173.909736, 1.669336, 1.672559, 0.003223,
173.920099, 1.669336, 1.678198, 0.008862,
173.930508, 1.670142, 1.654834, -0.015308,
173.941282, 1.668530, 1.657251, -0.011279,
173.951851, 1.668530, 1.683838, 0.015308,
173.962323, 1.670947, 1.670947, 0.000000,
173.972753, 1.666919, 1.654834, -0.012085,
173.983286, 1.670142, 1.666113, -0.004028,
173.993993, 1.665308, 1.664502, -0.000806,
174.004729, 1.666113, 1.664502, -0.001611,
174.015393, 1.670947, 1.662891, -0.008057,
174.026055, 1.666113, 1.658862, -0.007251,
174.036789, 1.669336, 1.665308, -0.004028,
174.047520, 1.666113, 1.664502, -0.001611,
174.058164, 1.668530, 1.640332, -0.028198,
174.068889, 1.666919, 1.662891, -0.004028,
174.079528, 1.670142, 1.676587, 0.006445,
174.089989, 1.669336, 1.670947, 0.001611,
174.097728, 1.665308, 1.665308, 0.000000,
174.108181, 1.670142, 1.670142, 0.000000,
174.118614, 1.662891, 1.666919, 0.004028,
174.128961, 1.668530, 1.665308, -0.003223,
174.139696, 1.665308, 1.652417, -0.012891,
174.150285, 1.668530, 1.669336, 0.000806,
174.160738, 1.670142, 1.662891, -0.007251,
174.171369, 1.669336, 1.672559, 0.003223,
174.181844, 1.668530, 1.658057, -0.010474,
174.192502, 1.662891, 1.643555, -0.019336,
174.203172, 1.666919, 1.654028, -0.012891,
174.213839, 1.669336, 1.668530, -0.000806,
174.224398, 1.670947, 1.654834, -0.016113,
174.235072, 1.668530, 1.674170, 0.005640,
174.245514, 1.668530, 1.658862, -0.009668,
174.256058, 1.669336, 1.654028, -0.015308,
174.266752, 1.666919, 1.669336, 0.002417,
174.277153, 1.666919, 1.668530, 0.001611,
174.287609, 1.670142, 1.666113, -0.004028,
174.298196, 1.665308, 1.662085, -0.003223,
174.308956, 1.669336, 1.654834, -0.014502,
174.319499, 1.668530, 1.669336, 0.000806,
174.329865, 1.665308, 1.666113, 0.000806,
174.340456, 1.673364, 1.670947, -0.002417,
174.351068, 1.660474, 1.662085, 0.001611,
174.361488, 1.666113, 1.648389, -0.017725,
174.372163, 1.668530, 1.665308, -0.003223,
174.382751, 1.666919, 1.658057, -0.008862,
174.393481, 1.665308, 1.662891, -0.002417,
174.404172, 1.670142, 1.660474, -0.009668,
174.414885, 1.670142, 1.657251, -0.012891,
174.425441, 1.669336, 1.669336, 0.000000,
174.435858, 1.666113, 1.668530, 0.002417,
174.446289, 1.666919, 1.654028, -0.012891,
174.456956, 1.669336, 1.658862, -0.010474,
174.467609, 1.668530, 1.656445, -0.012085,
174.478186, 1.661279, 1.660474, -0.000806,
174.488836, 1.666113, 1.654028, -0.012085,
174.499465, 1.668530, 1.672559, 0.004028,
174.509942, 1.668530, 1.657251, -0.011279,
174.520630, 1.670142, 1.665308, -0.004834,
174.531220, 1.670142, 1.674170, 0.004028,
174.541719, 1.670142, 1.637109, -0.033032,
174.552341, 1.669336, 1.668530, -0.000806,
174.563057, 1.670947, 1.662085, -0.008862,
174.573663, 1.666919, 1.657251, -0.009668,
174.584279, 1.668530, 1.668530, 0.000000,
174.594646, 1.670947, 1.679810, 0.008862,
174.605060, 1.668530, 1.647583, -0.020947,
174.615738, 1.662891, 1.661279, -0.001611,
174.626397, 1.670947, 1.653223, -0.017725,
174.637075, 1.670142, 1.676587, 0.006445,
174.647527, 1.669336, 1.657251, -0.012085,
174.658197, 1.669336, 1.653223, -0.016113,
174.668800, 1.668530, 1.674976, 0.006445,
174.679211, 1.666113, 1.654028, -0.012085,
174.689865, 1.670947, 1.662085, -0.008862,
174.700403, 1.673364, 1.645972, -0.027393,
174.711150, 1.668530, 1.660474, -0.008057,
174.721857, 1.668530, 1.664502, -0.004028,
174.732410, 1.673364, 1.661279, -0.012085,
174.743186, 1.666919, 1.656445, -0.010474,
174.753744, 1.665308, 1.673364, 0.008057,
174.764236, 1.665308, 1.654834, -0.010474,
174.774908, 1.666919, 1.660474, -0.006445,
174.785623, 1.670142, 1.673364, 0.003223,
174.795969, 1.668530, 1.666919, -0.001611,
174.806678, 1.674170, 1.662085, -0.012085,
174.817451, 1.669336, 1.683032, 0.013696,
174.827857, 1.666113, 1.648389, -0.017725,
174.838498, 1.666113, 1.652417, -0.013696,
174.849266, 1.666113, 1.662891, -0.003223,
174.859920, 1.666919, 1.657251, -0.009668,
174.870542, 1.662085, 1.687060, 0.024976,
174.881020, 1.668530, 1.654834, -0.013696,
174.891664, 1.670142, 1.658862, -0.011279,
174.902293, 1.664502, 1.662085, -0.002417,
174.913065, 1.672559, 1.654834, -0.017725,
174.923621, 1.670142, 1.654028, -0.016113,
174.934259, 1.665308, 1.660474, -0.004834,
174.945020, 1.669336, 1.657251, -0.012085,
174.955518, 1.668530, 1.637109, -0.031421,
174.966179, 1.668530, 1.666113, -0.002417,
174.976868, 1.664502, 1.665308, 0.000806,
174.987355, 1.669336, 1.662891, -0.006445,
174.997965, 1.670142, 1.673364, 0.003223,
175.008457, 1.670947, 1.666113, -0.004834,
175.019087, 1.666113, 1.670142, 0.004028,
175.029424, 1.669336, 1.674170, 0.004834,
175.039942, 1.670142, 1.672559, 0.002417,
175.050282, 1.669336, 1.689478, 0.020142,
175.060723, 1.662085, 1.670142, 0.008057,
175.071270, 1.668530, 1.657251, -0.011279,
175.081844, 1.669336, 1.656445, -0.012891,
175.092643, 1.669336, 1.666919, -0.002417,
175.103292, 1.668530, 1.666919, -0.001611,
175.113993, 1.670142, 1.665308, -0.004834,
175.124572, 1.669336, 1.654028, -0.015308,
175.135285, 1.672559, 1.668530, -0.004028,
175.145964, 1.670142, 1.660474, -0.009668,
175.156517, 1.670142, 1.657251, -0.012891,
175.167188, 1.669336, 1.660474, -0.008862,
175.177837, 1.666919, 1.656445, -0.010474,
175.188495, 1.666113, 1.662085, -0.004028,
175.199134, 1.670142, 1.662085, -0.008057,
175.209842, 1.672559, 1.658862, -0.013696,
175.220456, 1.665308, 1.666113, 0.000806,
175.230798, 1.664502, 1.658057, -0.006445,
175.241524, 1.665308, 1.673364, 0.008057,
175.251954, 1.664502, 1.670947, 0.006445,
175.262392, 1.664502, 1.637915, -0.026587,
175.273000, 1.666113, 1.677393, 0.011279,
175.283352, 1.670142, 1.669336, -0.000806,
175.293936, 1.666113, 1.668530, 0.002417,
175.304393, 1.669336, 1.650806, -0.018530,
175.315075, 1.668530, 1.670142, 0.001611,
175.325468, 1.668530, 1.658862, -0.009668,
175.336169, 1.666919, 1.670142, 0.003223,
175.346722, 1.669336, 1.640332, -0.029004,
175.357302, 1.661279, 1.654834, -0.006445,
175.367860, 1.668530, 1.670947, 0.002417,
175.378311, 1.668530, 1.652417, -0.016113,
175.388952, 1.660474, 1.656445, -0.004028,
175.399495, 1.664502, 1.665308, 0.000806,
175.410053, 1.669336, 1.662085, -0.007251,
175.420633, 1.665308, 1.664502, -0.000806,
175.431167, 1.666919, 1.662085, -0.004834,
175.442013, 1.665308, 1.661279, -0.004028,
175.452686, 1.666113, 1.660474, -0.005640,
175.463331, 1.668530, 1.650806, -0.017725,
175.473936, 1.670142, 1.665308, -0.004834,
175.484625, 1.666113, 1.670947, 0.004834,
175.494996, 1.668530, 1.678198, 0.009668,
175.505476, 1.668530, 1.647583, -0.020947,
175.516248, 1.666113, 1.668530, 0.002417,
175.526634, 1.666113, 1.661279, -0.004834,
175.537399, 1.668530, 1.666113, -0.002417,
175.548079, 1.670142, 1.676587, 0.006445,
175.558393, 1.669336, 1.658862, -0.010474,
175.568965, 1.670142, 1.672559, 0.002417,
175.579400, 1.673364, 1.664502, -0.008862,
175.590119, 1.670142, 1.656445, -0.013696,
175.600806, 1.666113, 1.679004, 0.012891,
175.611728, 1.666919, 1.661279, -0.005640,
175.622316, 1.662085, 1.654834, -0.007251,
175.632869, 1.666919, 1.670142, 0.003223,
175.643423, 1.669336, 1.658057, -0.011279,
175.653969, 1.662085, 1.658862, -0.003223,
175.664631, 1.664502, 1.656445, -0.008057,
175.675312, 1.668530, 1.668530, 0.000000,
175.685741, 1.666919, 1.666919, 0.000000,
175.696070, 1.666919, 1.660474, -0.006445,
175.706750, 1.660474, 1.658862, -0.001611,
175.717391, 1.669336, 1.662891, -0.006445,
175.728074, 1.670142, 1.654834, -0.015308,
175.738776, 1.666919, 1.662085, -0.004834,
175.749398, 1.670142, 1.674170, 0.004028,
175.759837, 1.670947, 1.658862, -0.012085,
175.770494, 1.670142, 1.658057, -0.012085,
175.781055, 1.668530, 1.670142, 0.001611,
175.791509, 1.662085, 1.636304, -0.025781,
175.802145, 1.666919, 1.657251, -0.009668,
175.812855, 1.668530, 1.665308, -0.003223,
175.823435, 1.666113, 1.644360, -0.021753,
175.834122, 1.666919, 1.685449, 0.018530,
175.844573, 1.670142, 1.660474, -0.009668,
175.855214, 1.670142, 1.650806, -0.019336,
175.865908, 1.669336, 1.668530, -0.000806,
175.876486, 1.666113, 1.660474, -0.005640,
175.887145, 1.665308, 1.670142, 0.004834,
175.897417, 1.665308, 1.661279, -0.004028,
175.908052, 1.668530, 1.647583, -0.020947,
175.918595, 1.669336, 1.662891, -0.006445,
175.929051, 1.660474, 1.666113, 0.005640,
175.939392, 1.665308, 1.661279, -0.004028,
175.949938, 1.670142, 1.679004, 0.008862,
175.960349, 1.668530, 1.668530, 0.000000,
175.970579, 1.669336, 1.679004, 0.009668,
175.980938, 1.665308, 1.660474, -0.004834,
175.991576, 1.666113, 1.662085, -0.004028,
176.002054, 1.670142, 1.662085, -0.008057,
176.012715, 1.668530, 1.654834, -0.013696,
176.023276, 1.666919, 1.665308, -0.001611,
176.033899, 1.665308, 1.676587, 0.011279,
176.044271, 1.669336, 1.673364, 0.004028,
176.054604, 1.666113, 1.668530, 0.002417,
176.065060, 1.668530, 1.665308, -0.003223,
176.075613, 1.666919, 1.662891, -0.004028,
176.086271, 1.669336, 1.643555, -0.025781,
176.096837, 1.666919, 1.657251, -0.009668,
176.107495, 1.670142, 1.648389, -0.021753,
176.118155, 1.670142, 1.681421, 0.011279,
176.128497, 1.664502, 1.685449, 0.020947,
176.138937, 1.670142, 1.666113, -0.004028,
176.149592, 1.668530, 1.662085, -0.006445,
176.160148, 1.665308, 1.666919, 0.001611,
176.170484, 1.666113, 1.665308, -0.000806,
176.181056, 1.665308, 1.654834, -0.010474,
176.191593, 1.666113, 1.658862, -0.007251,
176.202149, 1.670142, 1.665308, -0.004834,
176.212836, 1.670142, 1.664502, -0.005640,
176.223373, 1.668530, 1.670947, 0.002417,
176.233795, 1.668530, 1.670947, 0.002417,
176.244151, 1.665308, 1.665308, 0.000000,
176.254375, 1.666113, 1.660474, -0.005640,
176.265054, 1.665308, 1.679004, 0.013696,
176.275401, 1.668530, 1.683032, 0.014502,
176.285834, 1.669336, 1.670142, 0.000806,
176.296151, 1.666919, 1.666113, -0.000806,
176.306841, 1.664502, 1.648389, -0.016113,
176.317493, 1.666113, 1.664502, -0.001611,
176.328063, 1.668530, 1.662085, -0.006445,
176.338713, 1.666113, 1.662085, -0.004028,
176.349374, 1.669336, 1.637915, -0.031421,
176.360087, 1.669336, 1.661279, -0.008057,
176.370641, 1.670142, 1.672559, 0.002417,
176.380935, 1.666113, 1.665308, -0.000806,
176.391596, 1.669336, 1.650000, -0.019336,
176.402148, 1.668530, 1.677393, 0.008862,
176.412592, 1.666113, 1.662085, -0.004028,
176.423163, 1.670142, 1.662085, -0.008057,
176.433803, 1.666919, 1.668530, 0.001611,
176.444155, 1.669336, 1.662891, -0.006445,
176.454600, 1.670142, 1.662891, -0.007251,
176.465268, 1.673364, 1.661279, -0.012085,
176.475839, 1.662085, 1.654834, -0.007251,
176.486489, 1.670142, 1.644360, -0.025781,
176.497054, 1.669336, 1.670142, 0.000806,
176.507489, 1.668530, 1.650000, -0.018530,
176.518157, 1.665308, 1.665308, 0.000000,
176.528391, 1.666919, 1.658057, -0.008862,
176.539053, 1.666919, 1.657251, -0.009668,
176.549600, 1.672559, 1.691895, 0.019336,
176.560048, 1.665308, 1.660474, -0.004834,
176.570637, 1.666113, 1.661279, -0.004834,
176.581160, 1.666113, 1.648389, -0.017725,
176.591839, 1.666919, 1.658862, -0.008057,
176.602375, 1.666113, 1.650806, -0.015308,
176.613054, 1.666113, 1.658862, -0.007251,
176.623605, 1.665308, 1.656445, -0.008862,
176.634247, 1.664502, 1.670947, 0.006445,
176.644640, 1.662891, 1.681421, 0.018530,
176.655052, 1.665308, 1.670947, 0.005640,
176.665389, 1.673364, 1.672559, -0.000806,
176.675939, 1.669336, 1.662085, -0.007251,
176.686605, 1.666919, 1.654834, -0.012085,
176.697160, 1.672559, 1.672559, 0.000000,
176.707492, 1.664502, 1.666113, 0.001611,
176.717940, 1.670142, 1.660474, -0.009668,
176.728496, 1.670947, 1.633887, -0.037060,
176.739152, 1.670142, 1.657251, -0.012891,
176.749749, 1.668530, 1.677393, 0.008862,
176.760130, 1.666919, 1.685449, 0.018530,
176.770151, 1.666919, 1.662085, -0.004834,
176.780712, 1.666113, 1.664502, -0.001611,
176.791352, 1.670947, 1.637915, -0.033032,
176.801840, 1.666113, 1.662085, -0.004028,
176.812595, 1.670142, 1.666919, -0.003223,
176.823169, 1.666919, 1.654834, -0.012085,
176.833804, 1.662085, 1.664502, 0.002417,
176.844277, 1.668530, 1.650806, -0.017725,
176.854845, 1.662085, 1.670142, 0.008057,
176.865275, 1.670142, 1.657251, -0.012891,
176.875841, 1.668530, 1.653223, -0.015308,
176.886493, 1.670142, 1.658862, -0.011279,
176.897058, 1.666919, 1.664502, -0.002417,
176.907719, 1.665308, 1.643555, -0.021753,
176.918385, 1.669336, 1.664502, -0.004834,
176.928967, 1.670142, 1.666919, -0.003223,
176.939708, 1.666113, 1.666919, 0.000806,
176.950139, 1.668530, 1.662891, -0.005640,
176.960835, 1.668530, 1.658862, -0.009668,
176.971581, 1.665308, 1.657251, -0.008057,
176.982134, 1.662085, 1.649194, -0.012891,
176.992381, 1.660474, 1.670947, 0.010474,
177.002754, 1.666919, 1.654028, -0.012891,
177.013549, 1.670947, 1.668530, -0.002417,
177.024187, 1.668530, 1.662085, -0.006445,
177.034862, 1.662085, 1.664502, 0.002417,
177.045286, 1.669336, 1.657251, -0.012085,
177.055971, 1.662085, 1.665308, 0.003223,
177.066416, 1.665308, 1.662085, -0.003223,
177.077077, 1.668530, 1.673364, 0.004834,
177.087499, 1.668530, 1.650000, -0.018530,
177.098175, 1.664502, 1.654834, -0.009668,
177.108927, 1.664502, 1.668530, 0.004028,
177.119291, 1.666919, 1.660474, -0.006445,
177.129950, 1.666919, 1.662085, -0.004834,
177.140750, 1.670142, 1.660474, -0.009668,
177.151330, 1.669336, 1.677393, 0.008057,
177.161750, 1.665308, 1.668530, 0.003223,
177.172085, 1.669336, 1.662085, -0.007251,
177.182738, 1.668530, 1.668530, 0.000000,
177.193228, 1.665308, 1.657251, -0.008057,
177.203947, 1.666113, 1.661279, -0.004834,
177.214621, 1.668530, 1.664502, -0.004028,
177.225236, 1.668530, 1.673364, 0.004834,
177.235667, 1.664502, 1.665308, 0.000806,
177.246071, 1.665308, 1.658862, -0.006445,
177.256635, 1.666919, 1.654834, -0.012085,
177.267303, 1.668530, 1.677393, 0.008862,
177.277740, 1.674170, 1.668530, -0.005640,
177.288421, 1.670947, 1.666919, -0.004028,
177.298968, 1.665308, 1.670142, 0.004834,
177.309487, 1.662891, 1.654834, -0.008057,
177.320101, 1.670142, 1.673364, 0.003223,
177.330425, 1.670142, 1.664502, -0.005640,
177.341279, 1.668530, 1.665308, -0.003223,
177.351889, 1.665308, 1.669336, 0.004028,
177.362314, 1.669336, 1.662085, -0.007251,
177.372906, 1.665308, 1.644360, -0.020947,
177.383521, 1.669336, 1.670947, 0.001611,
177.393850, 1.664502, 1.664502, 0.000000,
177.404320, 1.662085, 1.660474, -0.001611,
177.414980, 1.670142, 1.665308, -0.004834,
177.425545, 1.668530, 1.657251, -0.011279,
177.436298, 1.668530, 1.668530, 0.000000,
177.446757, 1.666113, 1.668530, 0.002417,
177.457108, 1.664502, 1.658862, -0.005640,
177.467843, 1.666919, 1.668530, 0.001611,
177.478300, 1.670142, 1.666113, -0.004028,
177.488969, 1.662891, 1.664502, 0.001611,
177.499309, 1.662891, 1.669336, 0.006445,
177.509855, 1.668530, 1.678198, 0.009668,
177.520189, 1.665308, 1.672559, 0.007251,
177.530564, 1.670142, 1.682227, 0.012085,
177.541163, 1.665308, 1.639526, -0.025781,
177.551734, 1.670142, 1.668530, -0.001611,
177.562386, 1.668530, 1.665308, -0.003223,
177.573040, 1.665308, 1.657251, -0.008057,
177.583523, 1.665308, 1.672559, 0.007251,
177.593866, 1.666113, 1.665308, -0.000806,
177.604659, 1.670142, 1.665308, -0.004834,
177.615391, 1.670142, 1.654028, -0.016113,
177.626007, 1.668530, 1.662891, -0.005640,
177.636754, 1.665308, 1.664502, -0.000806,
177.647391, 1.669336, 1.660474, -0.008862,
177.657973, 1.669336, 1.662891, -0.006445,
177.668743, 1.670142, 1.677393, 0.007251,
177.679175, 1.670142, 1.662891, -0.007251,
177.689860, 1.666919, 1.676587, 0.009668,
177.700242, 1.666113, 1.670947, 0.004834,
177.710737, 1.666919, 1.662891, -0.004028,
177.721319, 1.670947, 1.681421, 0.010474,
177.731752, 1.670142, 1.662085, -0.008057,
177.742503, 1.666113, 1.664502, -0.001611,
177.753113, 1.666113, 1.666113, 0.000000,
177.763535, 1.664502, 1.669336, 0.004834,
177.773928, 1.665308, 1.654028, -0.011279,
177.784642, 1.662891, 1.670142, 0.007251,
177.795016, 1.669336, 1.654834, -0.014502,
177.805745, 1.666113, 1.669336, 0.003223,
177.816186, 1.662085, 1.670142, 0.008057,
177.826616, 1.666919, 1.662891, -0.004028,
177.837295, 1.669336, 1.673364, 0.004028,
177.847761, 1.660474, 1.654834, -0.005640,
177.858356, 1.670142, 1.656445, -0.013696,
177.869060, 1.665308, 1.657251, -0.008057,
177.879683, 1.668530, 1.664502, -0.004028,
177.890304, 1.669336, 1.660474, -0.008862,
177.900860, 1.669336, 1.685449, 0.016113,
177.911416, 1.670947, 1.665308, -0.005640,
177.922119, 1.668530, 1.657251, -0.011279,
177.932661, 1.666113, 1.670142, 0.004028,
177.943283, 1.668530, 1.674170, 0.005640,
177.953651, 1.666919, 1.662891, -0.004028,
177.964302, 1.669336, 1.654834, -0.014502,
177.974931, 1.670142, 1.666113, -0.004028,
177.985642, 1.664502, 1.676587, 0.012085,
177.996010, 1.662085, 1.665308, 0.003223,
178.006417, 1.670142, 1.656445, -0.013696,
178.017122, 1.670142, 1.678198, 0.008057,
178.027418, 1.668530, 1.668530, 0.000000,
178.037857, 1.669336, 1.657251, -0.012085,
178.048540, 1.662891, 1.658057, -0.004834,
178.059188, 1.668530, 1.661279, -0.007251,
178.069851, 1.670142, 1.654834, -0.015308,
178.080539, 1.669336, 1.662891, -0.006445,
178.091290, 1.668530, 1.674976, 0.006445,
178.101675, 1.668530, 1.693506, 0.024976,
178.112310, 1.670142, 1.657251, -0.012891,
178.122919, 1.670947, 1.662085, -0.008862,
178.133721, 1.666113, 1.672559, 0.006445,
178.144179, 1.670142, 1.662891, -0.007251,
178.154747, 1.666919, 1.660474, -0.006445,
178.165405, 1.672559, 1.676587, 0.004028,
178.175853, 1.666113, 1.664502, -0.001611,
178.186509, 1.670142, 1.668530, -0.001611,
178.197089, 1.670947, 1.650806, -0.020142,
178.207765, 1.665308, 1.672559, 0.007251,
178.218286, 1.665308, 1.668530, 0.003223,
178.228704, 1.669336, 1.654834, -0.014502,
178.239442, 1.664502, 1.666113, 0.001611,
178.249824, 1.668530, 1.678198, 0.009668,
178.260287, 1.664502, 1.649194, -0.015308,
178.270969, 1.670947, 1.658862, -0.012085,
178.281505, 1.666113, 1.657251, -0.008862,
178.292178, 1.668530, 1.658862, -0.009668,
178.302749, 1.666113, 1.660474, -0.005640,
178.313564, 1.668530, 1.670947, 0.002417,
178.323923, 1.662085, 1.654028, -0.008057,
178.334648, 1.668530, 1.678198, 0.009668,
178.345188, 1.664502, 1.650000, -0.014502,
178.355742, 1.669336, 1.661279, -0.008057,
178.366513, 1.666919, 1.678198, 0.011279,
178.376967, 1.665308, 1.658057, -0.007251,
178.387660, 1.668530, 1.635498, -0.033032,
178.398219, 1.662085, 1.654028, -0.008057,
178.408963, 1.664502, 1.660474, -0.004028,
178.419533, 1.665308, 1.643555, -0.021753,
178.430117, 1.669336, 1.668530, -0.000806,
178.440857, 1.666113, 1.641138, -0.024976,
178.451526, 1.666113, 1.662891, -0.003223,
178.462203, 1.668530, 1.666113, -0.002417,
178.472812, 1.670142, 1.656445, -0.013696,
178.483450, 1.666919, 1.670142, 0.003223,
178.493851, 1.662891, 1.662085, -0.000806,
178.504527, 1.670142, 1.661279, -0.008862,
178.515180, 1.666919, 1.678198, 0.011279,
178.525568, 1.668530, 1.674170, 0.005640,
178.535965, 1.668530, 1.664502, -0.004028,
178.546651, 1.668530, 1.640332, -0.028198,
178.557293, 1.662085, 1.644360, -0.017725,
178.568003, 1.668530, 1.677393, 0.008862,
178.578411, 1.674170, 1.658057, -0.016113,
178.589131, 1.665308, 1.662891, -0.002417,
178.599655, 1.670142, 1.669336, -0.000806,
178.610469, 1.670142, 1.678198, 0.008057,
178.620879, 1.666113, 1.666113, 0.000000,
178.631202, 1.668530, 1.654834, -0.013696,
178.641974, 1.666113, 1.666113, 0.000000,
178.652317, 1.665308, 1.677393, 0.012085,
178.662691, 1.670947, 1.652417, -0.018530,
178.673478, 1.670142, 1.658862, -0.011279,
178.684196, 1.670142, 1.672559, 0.002417,
178.694528, 1.666919, 1.665308, -0.001611,
178.705201, 1.669336, 1.649194, -0.020142,
178.715882, 1.668530, 1.662085, -0.006445,
178.726491, 1.666113, 1.636304, -0.029810,
178.737190, 1.666919, 1.666919, 0.000000,
178.747656, 1.670947, 1.665308, -0.005640,
178.758287, 1.669336, 1.662085, -0.007251,
178.769002, 1.664502, 1.664502, 0.000000,
178.779317, 1.666113, 1.660474, -0.005640,
178.789987, 1.669336, 1.654028, -0.015308,
178.800539, 1.668530, 1.668530, 0.000000,
178.811114, 1.666113, 1.689478, 0.023364,
178.821429, 1.668530, 1.662085, -0.006445,
178.832004, 1.666919, 1.672559, 0.005640,
178.842572, 1.668530, 1.660474, -0.008057,
178.853194, 1.670947, 1.633081, -0.037866,
178.863875, 1.673364, 1.668530, -0.004834,
178.874527, 1.666919, 1.658057, -0.008862,
178.885159, 1.670142, 1.670142, 0.000000,
178.895463, 1.662891, 1.666919, 0.004028,
178.905965, 1.662085, 1.666919, 0.004834,
178.916507, 1.670947, 1.652417, -0.018530,
178.927083, 1.665308, 1.658057, -0.007251,
178.937749, 1.666113, 1.665308, -0.000806,
178.948410, 1.666113, 1.654834, -0.011279,
178.959207, 1.666919, 1.629858, -0.037060,
178.969821, 1.670947, 1.666113, -0.004834,
178.980501, 1.670142, 1.652417, -0.017725,
178.991193, 1.668530, 1.672559, 0.004028,
179.001598, 1.662891, 1.669336, 0.006445,
179.012190, 1.661279, 1.662085, 0.000806,
179.022633, 1.668530, 1.661279, -0.007251,
179.033194, 1.666113, 1.669336, 0.003223,
179.043693, 1.664502, 1.670142, 0.005640,
179.053984, 1.666113, 1.640332, -0.025781,
179.064615, 1.668530, 1.666113, -0.002417,
179.075180, 1.673364, 1.666919, -0.006445,
179.085840, 1.668530, 1.664502, -0.004028,
179.096392, 1.665308, 1.662085, -0.003223,
179.107108, 1.662085, 1.654028, -0.008057,
179.117733, 1.668530, 1.666113, -0.002417,
179.128282, 1.662891, 1.662085, -0.000806,
179.138910, 1.662085, 1.658862, -0.003223,
179.149500, 1.666113, 1.678198, 0.012085,
179.159945, 1.669336, 1.670142, 0.000806,
179.170291, 1.666919, 1.654028, -0.012891,
179.180846, 1.670947, 1.665308, -0.005640,
179.191494, 1.666113, 1.658862, -0.007251,
179.202101, 1.662891, 1.670142, 0.007251,
179.212608, 1.665308, 1.678198, 0.012891,
179.222976, 1.670947, 1.661279, -0.009668,
179.233502, 1.661279, 1.670142, 0.008862,
179.243955, 1.670142, 1.662085, -0.008057,
179.254545, 1.668530, 1.656445, -0.012085,
179.265171, 1.666113, 1.666919, 0.000806,
179.275620, 1.670142, 1.653223, -0.016919,
179.286281, 1.669336, 1.668530, -0.000806,
179.296855, 1.670142, 1.661279, -0.008862,
179.307570, 1.665308, 1.660474, -0.004834,
179.318172, 1.670142, 1.674170, 0.004028,
179.328504, 1.668530, 1.662085, -0.006445,
179.339161, 1.670947, 1.653223, -0.017725,
179.349729, 1.666919, 1.674170, 0.007251,
179.360138, 1.670142, 1.643555, -0.026587,
179.370678, 1.670142, 1.665308, -0.004834,
179.381170, 1.668530, 1.654834, -0.013696,
179.391847, 1.662085, 1.636304, -0.025781,
179.402387, 1.670142, 1.666919, -0.003223,
179.413168, 1.670142, 1.661279, -0.008862,
179.423727, 1.670142, 1.668530, -0.001611,
179.434356, 1.669336, 1.665308, -0.004028,
179.445068, 1.662891, 1.676587, 0.013696,
179.455395, 1.668530, 1.657251, -0.011279,
179.466066, 1.666919, 1.683032, 0.016113,
179.476390, 1.670142, 1.664502, -0.005640,
179.487074, 1.670142, 1.658057, -0.012085,
179.497615, 1.668530, 1.662891, -0.005640,
179.508283, 1.665308, 1.677393, 0.012085,
179.518732, 1.666919, 1.650806, -0.016113,
179.529283, 1.669336, 1.658862, -0.010474,
179.539947, 1.668530, 1.625024, -0.043506,
179.550501, 1.668530, 1.677393, 0.008862,
179.560908, 1.670947, 1.658862, -0.012085,
179.571492, 1.668530, 1.658862, -0.009668,
179.581947, 1.666919, 1.666919, 0.000000,
179.592279, 1.665308, 1.636304, -0.029004,
179.602752, 1.668530, 1.668530, 0.000000,
179.613283, 1.669336, 1.664502, -0.004834,
179.623854, 1.668530, 1.654834, -0.013696,
179.634499, 1.665308, 1.657251, -0.008057,
179.645143, 1.668530, 1.658862, -0.009668,
179.655616, 1.670947, 1.650000, -0.020947,
179.666292, 1.664502, 1.674170, 0.009668,
179.676634, 1.670947, 1.674170, 0.003223,
179.687089, 1.670947, 1.658862, -0.012085,
179.697611, 1.666113, 1.673364, 0.007251,
179.708057, 1.662891, 1.662085, -0.000806,
179.718621, 1.668530, 1.666113, -0.002417,
179.729169, 1.662085, 1.649194, -0.012891,
179.739951, 1.664502, 1.664502, 0.000000,
179.750170, 1.668530, 1.669336, 0.000806,
179.760595, 1.669336, 1.664502, -0.004834,
179.771288, 1.669336, 1.633887, -0.035449,
179.781856, 1.662085, 1.666113, 0.004028,
179.792297, 1.666919, 1.641943, -0.024976,
179.802847, 1.670142, 1.662891, -0.007251,
179.813612, 1.672559, 1.664502, -0.008057,
179.824199, 1.666113, 1.668530, 0.002417,
179.834590, 1.666919, 1.665308, -0.001611,
179.845286, 1.670142, 1.676587, 0.006445,
179.855652, 1.666919, 1.654834, -0.012085,
179.866284, 1.666113, 1.670142, 0.004028,
179.876732, 1.666919, 1.662891, -0.004028,
179.887427, 1.670947, 1.662085, -0.008862,
179.897956, 1.670142, 1.666919, -0.003223,
179.908692, 1.670142, 1.676587, 0.006445,
179.918952, 1.670142, 1.686255, 0.016113,
179.929287, 1.662891, 1.652417, -0.010474,
179.940083, 1.670142, 1.666113, -0.004028,
179.950622, 1.662085, 1.676587, 0.014502,
179.961063, 1.670142, 1.666919, -0.003223,
179.971576, 1.669336, 1.662085, -0.007251,
179.982104, 1.670142, 1.669336, -0.000806,
179.992739, 1.666113, 1.662891, -0.003223,
180.003295, 1.668530, 1.636304, -0.032227,
180.014067, 1.668530, 1.678198, 0.009668,
180.024358, 1.670142, 1.670142, 0.000000,
180.034708, 1.666919, 1.661279, -0.005640,
180.045289, 1.670142, 1.665308, -0.004834,
180.055848, 1.662085, 1.658862, -0.003223,
180.066398, 1.670947, 1.676587, 0.005640,
180.076755, 1.666919, 1.652417, -0.014502,
180.087388, 1.670142, 1.660474, -0.009668,
180.097949, 1.670142, 1.665308, -0.004834,
180.108503, 1.668530, 1.664502, -0.004028,
180.119065, 1.670142, 1.670142, 0.000000,
180.129288, 1.665308, 1.662085, -0.003223,
180.139406, 1.668530, 1.662891, -0.005640,
180.149952, 1.670142, 1.664502, -0.005640,
180.160558, 1.670947, 1.673364, 0.002417,
180.170883, 1.668530, 1.662085, -0.006445,
180.181392, 1.666919, 1.650000, -0.016919,
180.192071, 1.664502, 1.664502, 0.000000,
180.202394, 1.665308, 1.665308, 0.000000,
180.212852, 1.669336, 1.665308, -0.004028,
180.223417, 1.665308, 1.654834, -0.010474,
180.234045, 1.670142, 1.665308, -0.004834,
180.244626, 1.670142, 1.661279, -0.008862,
180.255175, 1.669336, 1.652417, -0.016919,
180.265854, 1.666919, 1.660474, -0.006445,
180.276390, 1.666919, 1.670142, 0.003223,
180.286851, 1.670947, 1.662085, -0.008862,
180.297391, 1.662085, 1.654834, -0.007251,
180.308070, 1.670142, 1.670142, 0.000000,
180.318391, 1.669336, 1.661279, -0.008057,
180.328957, 1.670142, 1.660474, -0.009668,
180.339767, 1.668530, 1.654834, -0.013696,
180.350295, 1.670142, 1.668530, -0.001611,
180.360947, 1.666113, 1.647583, -0.018530,
180.371537, 1.668530, 1.649194, -0.019336,
180.382077, 1.669336, 1.673364, 0.004028,
180.392504, 1.668530, 1.658862, -0.009668,
180.403073, 1.669336, 1.662891, -0.006445,
180.413736, 1.670142, 1.666113, -0.004028,
180.424288, 1.664502, 1.662085, -0.002417,
180.434927, 1.670142, 1.662085, -0.008057,
180.445507, 1.664502, 1.661279, -0.003223,
180.456071, 1.670142, 1.664502, -0.005640,
180.466625, 1.662891, 1.662085, -0.000806,
180.477170, 1.664502, 1.662085, -0.002417,
180.487854, 1.666919, 1.654834, -0.012085,
180.498394, 1.669336, 1.662891, -0.006445,
180.509146, 1.666113, 1.654834, -0.011279,
180.519737, 1.669336, 1.676587, 0.007251,
180.530076, 1.664502, 1.669336, 0.004834,
180.540495, 1.666113, 1.647583, -0.018530,
180.551093, 1.669336, 1.673364, 0.004028,
180.561505, 1.662085, 1.645166, -0.016919,
180.572099, 1.670142, 1.664502, -0.005640,
180.582611, 1.669336, 1.666919, -0.002417,
180.593175, 1.661279, 1.662085, 0.000806,
180.603508, 1.669336, 1.669336, 0.000000,
180.613962, 1.668530, 1.662085, -0.006445,
180.624506, 1.672559, 1.662085, -0.010474,
180.635144, 1.669336, 1.654028, -0.015308,
180.645732, 1.668530, 1.674170, 0.005640,
180.656076, 1.662891, 1.666113, 0.003223,
180.666392, 1.668530, 1.660474, -0.008057,
180.676960, 1.666113, 1.674170, 0.008057,
180.687388, 1.661279, 1.662085, 0.000806,
180.697738, 1.668530, 1.664502, -0.004028,
180.708388, 1.672559, 1.654028, -0.018530,
180.718957, 1.670947, 1.654834, -0.016113,
180.729512, 1.670142, 1.669336, -0.000806,
180.740252, 1.668530, 1.653223, -0.015308,
180.750775, 1.666919, 1.674170, 0.007251,
180.761171, 1.670142, 1.661279, -0.008862,
180.771772, 1.666919, 1.658057, -0.008862,
180.782293, 1.669336, 1.679004, 0.009668,
180.792611, 1.670142, 1.654028, -0.016113,
180.803071, 1.664502, 1.669336, 0.004834,
180.813520, 1.666919, 1.657251, -0.009668,
180.824082, 1.668530, 1.665308, -0.003223,
180.834706, 1.666919, 1.664502, -0.002417,
180.845295, 1.668530, 1.650000, -0.018530,
180.855859, 1.670142, 1.670142, 0.000000,
180.866168, 1.668530, 1.682227, 0.013696,
180.876504, 1.666919, 1.650000, -0.016919,
180.887165, 1.670947, 1.666113, -0.004834,
180.897774, 1.662085, 1.658057, -0.004028,
180.908393, 1.670142, 1.656445, -0.013696,
180.918959, 1.669336, 1.637915, -0.031421,
180.929512, 1.660474, 1.674170, 0.013696,
180.940043, 1.668530, 1.653223, -0.015308,
180.950614, 1.668530, 1.670142, 0.001611,
180.961064, 1.664502, 1.664502, 0.000000,
180.971323, 1.668530, 1.653223, -0.015308,
180.981859, 1.668530, 1.669336, 0.000806,
180.992291, 1.670142, 1.662085, -0.008057,
181.002852, 1.669336, 1.665308, -0.004028,
181.013614, 1.669336, 1.662085, -0.007251,
181.024167, 1.664502, 1.661279, -0.003223,
181.034714, 1.669336, 1.656445, -0.012891,
181.045291, 1.670142, 1.658862, -0.011279,
181.055861, 1.666919, 1.668530, 0.001611,
181.066280, 1.670142, 1.665308, -0.004834,
181.076857, 1.666113, 1.656445, -0.009668,
181.087515, 1.668530, 1.657251, -0.011279,
181.098076, 1.664502, 1.662085, -0.002417,
181.108757, 1.669336, 1.650806, -0.018530,
181.119293, 1.669336, 1.666919, -0.002417,
181.129861, 1.662891, 1.670142, 0.007251,
181.140404, 1.664502, 1.662891, -0.001611,
181.150958, 1.666113, 1.665308, -0.000806,
181.161510, 1.670142, 1.664502, -0.005640,
181.172095, 1.668530, 1.662085, -0.006445,
181.182621, 1.658862, 1.672559, 0.013696,
181.192957, 1.662891, 1.665308, 0.002417,
181.203300, 1.664502, 1.658862, -0.005640,
181.214074, 1.668530, 1.677393, 0.008862,
181.224399, 1.668530, 1.662085, -0.006445,
181.235073, 1.668530, 1.662891, -0.005640,
181.245620, 1.670947, 1.640332, -0.030615,
181.256179, 1.666113, 1.662085, -0.004028,
181.266863, 1.662085, 1.668530, 0.006445,
181.277294, 1.665308, 1.656445, -0.008862,
181.287954, 1.668530, 1.650000, -0.018530,
181.298507, 1.662891, 1.662891, 0.000000,
181.308927, 1.668530, 1.693506, 0.024976,
181.319295, 1.666113, 1.677393, 0.011279,
181.329622, 1.670947, 1.666919, -0.004028,
181.340410, 1.674170, 1.656445, -0.017725,
181.350964, 1.670142, 1.645166, -0.024976,
181.361610, 1.669336, 1.652417, -0.016919,
181.372164, 1.670142, 1.660474, -0.009668,
181.382621, 1.662891, 1.652417, -0.010474,
181.393181, 1.666113, 1.656445, -0.009668,
181.403756, 1.669336, 1.662085, -0.007251,
181.414514, 1.672559, 1.664502, -0.008057,
181.425081, 1.672559, 1.656445, -0.016113,
181.435734, 1.670142, 1.677393, 0.007251,
181.446185, 1.670947, 1.664502, -0.006445,
181.456745, 1.666919, 1.654834, -0.012085,
181.467416, 1.666113, 1.670947, 0.004834,
181.477743, 1.672559, 1.661279, -0.011279,
181.488390, 1.666919, 1.654834, -0.012085,
181.498963, 1.670142, 1.676587, 0.006445,
181.509478, 1.666113, 1.660474, -0.005640,
181.520075, 1.669336, 1.658862, -0.010474,
181.530621, 1.668530, 1.660474, -0.008057,
181.541291, 1.668530, 1.657251, -0.011279,
181.551865, 1.666919, 1.679004, 0.012085,
181.562293, 1.662891, 1.666113, 0.003223,
181.572653, 1.669336, 1.657251, -0.012085,
181.583184, 1.668530, 1.668530, 0.000000,
181.593509, 1.668530, 1.662085, -0.006445,
181.604082, 1.670142, 1.677393, 0.007251,
181.614519, 1.664502, 1.668530, 0.004028,
181.624864, 1.662891, 1.654834, -0.008057,
181.635509, 1.666919, 1.672559, 0.005640,
181.645959, 1.670142, 1.665308, -0.004834,
181.656511, 1.668530, 1.662085, -0.006445,
181.667090, 1.666919, 1.666113, -0.000806,
181.677620, 1.669336, 1.662085, -0.007251,
181.688176, 1.669336, 1.658057, -0.011279,
181.698745, 1.670142, 1.665308, -0.004834,
181.709485, 1.668530, 1.662085, -0.006445,
181.720076, 1.668530, 1.674170, 0.005640,
181.730429, 1.666919, 1.664502, -0.002417,
181.741143, 1.670142, 1.658057, -0.012085,
181.751632, 1.669336, 1.665308, -0.004028,
181.762298, 1.670142, 1.664502, -0.005640,
181.772876, 1.670947, 1.665308, -0.005640,
181.783405, 1.669336, 1.670142, 0.000806,
181.793749, 1.668530, 1.633081, -0.035449,
181.804294, 1.670947, 1.654834, -0.016113,
181.814969, 1.665308, 1.678198, 0.012891,
181.825301, 1.662085, 1.645972, -0.016113,
181.835939, 1.668530, 1.674170, 0.005640,
181.846301, 1.662891, 1.658057, -0.004834,
181.856863, 1.672559, 1.656445, -0.016113,
181.867509, 1.670947, 1.687060, 0.016113,
181.877868, 1.668530, 1.662891, -0.005640,
181.888512, 1.670142, 1.662085, -0.008057,
181.899083, 1.670947, 1.665308, -0.005640,
181.909846, 1.669336, 1.683838, 0.014502,
181.920180, 1.665308, 1.654834, -0.010474,
181.930740, 1.670142, 1.679810, 0.009668,
181.941288, 1.669336, 1.670142, 0.000806,
181.951628, 1.662891, 1.658862, -0.004028,
181.962267, 1.666919, 1.661279, -0.005640,
181.972799, 1.665308, 1.668530, 0.003223,
181.983080, 1.668530, 1.670142, 0.001611,
181.993412, 1.670947, 1.658057, -0.012891,
182.003963, 1.668530, 1.661279, -0.007251,
182.014628, 1.674976, 1.662085, -0.012891,
182.025183, 1.670142, 1.662085, -0.008057,
182.035832, 1.662085, 1.677393, 0.015308,
182.046290, 1.670142, 1.664502, -0.005640,
182.056861, 1.666919, 1.660474, -0.006445,
182.067520, 1.670947, 1.669336, -0.001611,
182.078081, 1.668530, 1.664502, -0.004028,
182.088753, 1.670142, 1.658057, -0.012085,
182.099293, 1.666919, 1.666919, 0.000000,
182.109719, 1.662085, 1.666919, 0.004834,
182.120083, 1.669336, 1.672559, 0.003223,
182.130395, 1.668530, 1.672559, 0.004028,
182.140867, 1.668530, 1.665308, -0.003223,
182.151408, 1.673364, 1.673364, 0.000000,
182.161864, 1.668530, 1.662891, -0.005640,
182.172427, 1.669336, 1.654028, -0.015308,
182.182973, 1.666919, 1.669336, 0.002417,
182.192860, 1.670142, 1.666919, -0.003223,
182.203401, 1.662891, 1.633887, -0.029004,
182.214185, 1.670142, 1.662891, -0.007251,
182.224747, 1.670142, 1.666113, -0.004028,
182.235371, 1.670142, 1.661279, -0.008862,
182.245961, 1.670142, 1.683838, 0.013696,
182.256313, 1.666113, 1.658057, -0.008057,
182.266860, 1.669336, 1.677393, 0.008057,
182.277191, 1.668530, 1.657251, -0.011279,
182.287862, 1.670142, 1.653223, -0.016919,
182.298400, 1.666919, 1.666919, 0.000000,
182.308826, 1.672559, 1.657251, -0.015308,
182.319422, 1.670142, 1.666113, -0.004028,
182.329965, 1.669336, 1.643555, -0.025781,
182.340824, 1.668530, 1.672559, 0.004028,
182.351182, 1.662891, 1.666919, 0.004028,
182.361621, 1.673364, 1.668530, -0.004834,
182.372096, 1.670142, 1.662085, -0.008057,
182.382630, 1.670142, 1.668530, -0.001611,
182.393299, 1.668530, 1.658057, -0.010474,
182.403868, 1.665308, 1.662085, -0.003223,
182.414628, 1.670947, 1.660474, -0.010474,
182.425179, 1.673364, 1.654028, -0.019336,
182.435800, 1.670142, 1.650000, -0.020142,
182.446391, 1.669336, 1.673364, 0.004028,
182.456747, 1.662085, 1.650806, -0.011279,
182.467409, 1.673364, 1.670142, -0.003223,
182.477966, 1.668530, 1.677393, 0.008862,
182.488398, 1.670142, 1.660474, -0.009668,
182.498964, 1.670142, 1.670142, 0.000000,
182.509374, 1.670947, 1.656445, -0.014502,
182.519964, 1.670142, 1.662085, -0.008057,
182.530516, 1.672559, 1.673364, 0.000806,
182.541068, 1.670947, 1.660474, -0.010474,
182.551630, 1.662085, 1.657251, -0.004834,
182.562299, 1.668530, 1.683838, 0.015308,
182.572658, 1.669336, 1.656445, -0.012891,
182.583209, 1.670947, 1.664502, -0.006445,
182.593749, 1.669336, 1.654834, -0.014502,
182.604298, 1.670142, 1.658862, -0.011279,
182.614971, 1.670142, 1.670142, 0.000000,
182.625182, 1.665308, 1.662085, -0.003223,
182.635832, 1.662085, 1.664502, 0.002417,
182.646199, 1.666919, 1.687060, 0.020142,
182.656527, 1.666113, 1.657251, -0.008862,
182.667185, 1.669336, 1.662085, -0.007251,
182.677748, 1.666919, 1.674170, 0.007251,
182.688180, 1.666113, 1.662085, -0.004028,
182.698747, 1.669336, 1.666113, -0.003223,
182.709489, 1.670142, 1.687060, 0.016919,
182.719867, 1.669336, 1.661279, -0.008057,
182.730399, 1.670142, 1.669336, -0.000806,
182.741084, 1.669336, 1.662891, -0.006445,
182.751631, 1.668530, 1.662085, -0.006445,
182.762299, 1.668530, 1.644360, -0.024170,
182.772877, 1.670142, 1.656445, -0.013696,
182.783398, 1.668530, 1.670142, 0.001611,
182.793747, 1.666113, 1.666113, 0.000000,
182.804087, 1.669336, 1.662891, -0.006445,
182.814746, 1.668530, 1.672559, 0.004028,
182.825086, 1.669336, 1.661279, -0.008057,
182.835741, 1.668530, 1.664502, -0.004028,
182.846419, 1.665308, 1.665308, 0.000000,
182.856740, 1.670947, 1.657251, -0.013696,
182.867308, 1.670142, 1.670142, 0.000000,
182.877633, 1.664502, 1.654834, -0.009668,
182.888303, 1.668530, 1.652417, -0.016113,
182.898866, 1.670142, 1.672559, 0.002417,
182.909398, 1.670142, 1.666919, -0.003223,
182.919966, 1.668530, 1.657251, -0.011279,
182.930516, 1.673364, 1.666919, -0.006445,
182.941238, 1.666919, 1.654834, -0.012085,
182.951756, 1.669336, 1.665308, -0.004028,
182.962397, 1.670142, 1.665308, -0.004834,
182.973003, 1.669336, 1.654834, -0.014502,
182.983521, 1.670142, 1.650000, -0.020142,
182.994085, 1.660474, 1.670947, 0.010474,
183.004401, 1.670947, 1.658862, -0.012085,
183.015082, 1.670142, 1.658057, -0.012085,
183.025631, 1.662891, 1.660474, -0.002417,
183.036295, 1.666919, 1.669336, 0.002417,
183.046752, 1.668530, 1.669336, 0.000806,
183.057089, 1.670142, 1.670947, 0.000806,
183.067409, 1.668530, 1.666113, -0.002417,
183.077968, 1.669336, 1.657251, -0.012085,
183.088635, 1.669336, 1.662085, -0.007251,
183.099189, 1.668530, 1.662891, -0.005640,
183.109944, 1.668530, 1.664502, -0.004028,
183.120517, 1.670142, 1.658862, -0.011279,
183.131085, 1.670142, 1.657251, -0.012891,
183.141740, 1.669336, 1.668530, -0.000806,
183.152301, 1.665308, 1.676587, 0.011279,
183.162751, 1.674170, 1.657251, -0.016919,
183.173362, 1.666919, 1.658057, -0.008862,
183.183943, 1.668530, 1.662085, -0.006445,
183.194401, 1.666919, 1.654834, -0.012085,
183.205044, 1.670142, 1.664502, -0.005640,
183.215635, 1.664502, 1.679004, 0.014502,
183.225976, 1.668530, 1.665308, -0.003223,
183.236619, 1.670142, 1.662085, -0.008057,
183.247193, 1.668530, 1.670142, 0.001611,
183.257517, 1.670142, 1.662085, -0.008057,
183.268092, 1.668530, 1.677393, 0.008862,
183.278407, 1.673364, 1.665308, -0.008057,
183.289086, 1.670142, 1.656445, -0.013696,
183.299625, 1.668530, 1.662085, -0.006445,
183.310375, 1.666919, 1.665308, -0.001611,
183.320871, 1.668530, 1.654834, -0.013696,
183.331410, 1.670947, 1.664502, -0.006445,
183.342221, 1.662891, 1.665308, 0.002417,
183.352522, 1.670142, 1.665308, -0.004834,
183.363185, 1.670142, 1.657251, -0.012891,
183.373770, 1.670142, 1.665308, -0.004834,
183.384383, 1.670142, 1.662085, -0.008057,
183.394871, 1.669336, 1.660474, -0.008862,
183.405521, 1.666113, 1.678198, 0.012085,
183.415986, 1.670142, 1.670142, 0.000000,
183.426300, 1.662891, 1.670947, 0.008057,
183.436751, 1.670142, 1.654028, -0.016113,
183.447410, 1.665308, 1.657251, -0.008057,
183.457973, 1.661279, 1.654028, -0.007251,
183.468533, 1.670142, 1.650000, -0.020142,
183.479095, 1.666113, 1.662891, -0.003223,
183.489759, 1.669336, 1.653223, -0.016113,
183.500327, 1.665308, 1.660474, -0.004834,
183.511078, 1.670142, 1.668530, -0.001611,
183.521634, 1.662085, 1.656445, -0.005640,
183.532195, 1.670142, 1.648389, -0.021753,
183.542873, 1.668530, 1.666919, -0.001611,
183.553411, 1.664502, 1.662085, -0.002417,
183.564089, 1.662085, 1.656445, -0.005640,
183.574646, 1.674170, 1.681421, 0.007251,
183.585080, 1.668530, 1.678198, 0.009668,
183.595410, 1.670947, 1.657251, -0.013696,
183.606095, 1.666113, 1.650806, -0.015308,
183.616758, 1.668530, 1.661279, -0.007251,
183.627308, 1.666113, 1.656445, -0.009668,
183.637972, 1.668530, 1.661279, -0.007251,
183.648526, 1.666113, 1.670947, 0.004834,
183.658949, 1.664502, 1.662085, -0.002417,
183.669426, 1.658862, 1.662085, 0.003223,
183.679759, 1.670142, 1.662085, -0.008057,
183.690402, 1.666919, 1.657251, -0.009668,
183.700973, 1.669336, 1.657251, -0.012085,
183.711723, 1.666113, 1.664502, -0.001611,
183.722300, 1.660474, 1.665308, 0.004834,
183.732656, 1.673364, 1.674976, 0.001611,
183.743178, 1.670142, 1.633081, -0.037060,
183.753765, 1.668530, 1.670142, 0.001611,
183.764194, 1.666919, 1.666113, -0.000806,
183.774768, 1.670142, 1.658057, -0.012085,
183.785393, 1.670142, 1.665308, -0.004834,
183.795872, 1.668530, 1.662085, -0.006445,
183.806516, 1.665308, 1.654834, -0.010474,
183.817118, 1.668530, 1.653223, -0.015308,
183.827667, 1.665308, 1.654834, -0.010474,
183.838302, 1.670142, 1.657251, -0.012891,
183.848985, 1.670947, 1.677393, 0.006445,
183.859389, 1.670947, 1.677393, 0.006445,
183.869638, 1.666113, 1.658862, -0.007251,
183.880199, 1.669336, 1.662085, -0.007251,
183.890865, 1.669336, 1.658862, -0.010474,
183.901412, 1.673364, 1.645972, -0.027393,
183.912189, 1.665308, 1.660474, -0.004834,
183.922755, 1.670947, 1.637915, -0.033032,
183.933301, 1.665308, 1.660474, -0.004834,
183.943972, 1.664502, 1.660474, -0.004028,
183.954522, 1.665308, 1.654834, -0.010474,
183.965194, 1.670142, 1.670142, 0.000000,
183.975519, 1.662085, 1.658862, -0.003223,
183.986189, 1.670142, 1.645166, -0.024976,
183.996756, 1.666919, 1.660474, -0.006445,
184.007419, 1.670142, 1.668530, -0.001611,
184.018085, 1.670142, 1.639526, -0.030615,
184.028648, 1.662085, 1.673364, 0.011279,
184.039088, 1.666113, 1.668530, 0.002417,
184.049416, 1.666113, 1.670142, 0.004028,
184.059859, 1.665308, 1.678198, 0.012891,
184.070191, 1.669336, 1.670142, 0.000806,
184.080523, 1.666919, 1.660474, -0.006445,
184.091103, 1.662891, 1.662891, 0.000000,
184.101412, 1.666919, 1.664502, -0.002417,
184.112194, 1.665308, 1.664502, -0.000806,
184.122764, 1.666919, 1.654834, -0.012085,
184.133310, 1.660474, 1.666113, 0.005640,
184.143760, 1.669336, 1.677393, 0.008057,
184.153082, 1.670142, 1.665308, -0.004834,
184.163754, 1.668530, 1.662085, -0.006445,
184.174330, 1.668530, 1.674170, 0.005640,
184.184715, 1.668530, 1.670142, 0.001611,
184.194972, 1.662085, 1.666919, 0.004834,
184.205410, 1.672559, 1.658862, -0.013696,
184.216082, 1.666919, 1.673364, 0.006445,
184.226406, 1.669336, 1.657251, -0.012085,
184.237087, 1.669336, 1.670142, 0.000806,
184.247487, 1.668530, 1.661279, -0.007251,
184.257972, 1.670142, 1.662891, -0.007251,
184.268521, 1.669336, 1.670142, 0.000806,
184.278873, 1.662891, 1.670142, 0.007251,
184.289302, 1.662085, 1.650000, -0.012085,
184.299873, 1.668530, 1.670142, 0.001611,
184.310382, 1.670947, 1.664502, -0.006445,
184.320981, 1.668530, 1.658057, -0.010474,
184.331521, 1.669336, 1.677393, 0.008057,
184.341994, 1.668530, 1.657251, -0.011279,
184.352535, 1.669336, 1.660474, -0.008862,
184.363192, 1.673364, 1.666919, -0.006445,
184.373761, 1.669336, 1.661279, -0.008057,
184.384378, 1.668530, 1.658057, -0.010474,
184.394886, 1.668530, 1.661279, -0.007251,
184.405516, 1.665308, 1.670142, 0.004834,
184.415982, 1.662085, 1.677393, 0.015308,
184.426309, 1.664502, 1.658057, -0.006445,
184.436956, 1.662891, 1.656445, -0.006445,
184.447522, 1.664502, 1.664502, 0.000000,
184.457753, 1.658862, 1.670142, 0.011279,
184.468121, 1.668530, 1.691895, 0.023364,
184.478408, 1.669336, 1.658057, -0.011279,
184.489085, 1.668530, 1.668530, 0.000000,
184.499372, 1.669336, 1.670142, 0.000806,
184.509864, 1.664502, 1.656445, -0.008057,
184.520412, 1.673364, 1.666113, -0.007251,
184.530980, 1.666113, 1.677393, 0.011279,
184.541513, 1.664502, 1.658862, -0.005640,
184.552085, 1.669336, 1.650000, -0.019336,
184.562758, 1.666113, 1.670142, 0.004028,
184.573095, 1.670142, 1.656445, -0.013696,
184.583714, 1.669336, 1.670947, 0.001611,
184.593981, 1.668530, 1.643555, -0.024976,
184.604520, 1.664502, 1.662085, -0.002417,
184.615207, 1.668530, 1.664502, -0.004028,
184.625752, 1.668530, 1.662891, -0.005640,
184.636392, 1.670142, 1.662085, -0.008057,
184.646977, 1.670142, 1.662891, -0.007251,
184.657529, 1.669336, 1.664502, -0.004834,
184.668086, 1.668530, 1.670142, 0.001611,
184.678416, 1.668530, 1.662891, -0.005640,
184.689087, 1.670142, 1.662891, -0.007251,
184.699637, 1.670142, 1.664502, -0.005640,
184.710383, 1.670947, 1.687866, 0.016919,
184.720761, 1.670142, 1.649194, -0.020947,
184.731307, 1.670947, 1.661279, -0.009668,
184.741971, 1.670947, 1.662085, -0.008862,
184.752523, 1.670142, 1.658862, -0.011279,
184.763190, 1.666113, 1.660474, -0.005640,
184.773766, 1.670142, 1.641943, -0.028198,
184.784371, 1.670142, 1.665308, -0.004834,
184.794875, 1.669336, 1.654834, -0.014502,
184.805524, 1.662891, 1.670947, 0.008057,
184.815971, 1.668530, 1.683838, 0.015308,
184.826310, 1.665308, 1.660474, -0.004834,
184.836961, 1.668530, 1.658057, -0.010474,
184.847627, 1.666113, 1.678198, 0.012085,
184.857980, 1.666113, 1.654028, -0.012085,
184.868531, 1.670947, 1.672559, 0.001611,
184.878868, 1.664502, 1.670142, 0.005640,
184.889305, 1.669336, 1.650000, -0.019336,
184.899875, 1.662891, 1.670142, 0.007251,
184.910378, 1.670142, 1.662085, -0.008057,
184.920918, 1.668530, 1.658862, -0.009668,
184.931414, 1.672559, 1.674976, 0.002417,
184.941979, 1.668530, 1.668530, 0.000000,
184.952191, 1.664502, 1.666113, 0.001611,
184.962598, 1.668530, 1.640332, -0.028198,
184.973105, 1.669336, 1.654834, -0.014502,
184.983721, 1.670142, 1.673364, 0.003223,
184.993985, 1.666113, 1.662085, -0.004028,
185.004530, 1.666113, 1.650806, -0.015308,
185.015195, 1.670142, 1.670947, 0.000806,
185.025523, 1.670142, 1.662085, -0.008057,
185.036175, 1.669336, 1.657251, -0.012085,
185.046763, 1.664502, 1.665308, 0.000806,
185.057095, 1.669336, 1.662891, -0.006445,
185.067748, 1.661279, 1.683838, 0.022559,
185.078188, 1.665308, 1.658862, -0.006445,
185.088872, 1.666113, 1.662085, -0.004028,
185.099411, 1.669336, 1.664502, -0.004834,
185.110154, 1.666113, 1.662085, -0.004028,
185.120645, 1.670142, 1.677393, 0.007251,
185.130982, 1.666113, 1.674976, 0.008862,
185.141466, 1.666919, 1.674170, 0.007251,
185.151756, 1.669336, 1.660474, -0.008862,
185.162409, 1.670142, 1.665308, -0.004834,
185.173011, 1.666919, 1.648389, -0.018530,
185.183528, 1.670142, 1.670142, 0.000000,
185.193876, 1.669336, 1.674976, 0.005640,
185.204249, 1.668530, 1.650000, -0.018530,
185.214973, 1.670142, 1.672559, 0.002417,
185.225311, 1.668530, 1.661279, -0.007251,
185.235971, 1.669336, 1.662085, -0.007251,
185.246533, 1.666919, 1.658862, -0.008057,
185.257092, 1.664502, 1.670142, 0.005640,
185.267409, 1.665308, 1.670142, 0.004834,
185.277751, 1.661279, 1.657251, -0.004028,
185.288412, 1.670142, 1.676587, 0.006445,
185.298756, 1.666113, 1.641138, -0.024976,
185.309507, 1.666113, 1.648389, -0.017725,
185.320093, 1.668530, 1.658057, -0.010474,
185.330643, 1.666919, 1.673364, 0.006445,
185.341272, 1.666919, 1.635498, -0.031421,
185.351763, 1.662891, 1.670142, 0.007251,
185.362194, 1.666919, 1.654028, -0.012891,
185.372795, 1.666113, 1.647583, -0.018530,
185.383312, 1.666113, 1.669336, 0.003223,
185.393635, 1.666113, 1.665308, -0.000806,
185.404173, 1.668530, 1.662891, -0.005640,
185.414882, 1.670947, 1.678198, 0.007251,
185.425196, 1.666919, 1.654834, -0.012085,
185.435877, 1.666919, 1.660474, -0.006445,
185.446532, 1.662085, 1.656445, -0.005640,
185.457099, 1.668530, 1.668530, 0.000000,
185.467425, 1.670142, 1.683032, 0.012891,
185.477759, 1.668530, 1.654028, -0.014502,
185.488420, 1.673364, 1.658862, -0.014502,
185.498985, 1.669336, 1.666919, -0.002417,
185.509726, 1.665308, 1.670142, 0.004834,
185.520097, 1.670142, 1.673364, 0.003223,
185.530407, 1.670947, 1.658862, -0.012085,
185.541110, 1.670142, 1.666113, -0.004028,
185.551641, 1.666113, 1.662085, -0.004028,
185.562311, 1.670947, 1.670142, -0.000806,
185.572886, 1.668530, 1.666919, -0.001611,
185.583419, 1.672559, 1.664502, -0.008057,
185.593981, 1.662085, 1.647583, -0.014502,
185.604529, 1.664502, 1.664502, 0.000000,
185.615205, 1.668530, 1.669336, 0.000806,
185.625533, 1.666919, 1.674976, 0.008057,
185.635968, 1.668530, 1.660474, -0.008057,
185.646526, 1.668530, 1.664502, -0.004028,
185.657095, 1.669336, 1.666113, -0.003223,
185.667670, 1.666113, 1.650000, -0.016113,
185.678205, 1.669336, 1.662085, -0.007251,
185.688884, 1.669336, 1.658862, -0.010474,
185.699416, 1.670142, 1.658057, -0.012085,
185.710173, 1.669336, 1.669336, 0.000000,
185.720414, 1.674170, 1.677393, 0.003223,
185.730757, 1.670947, 1.677393, 0.006445,
185.741303, 1.669336, 1.662085, -0.007251,
185.751880, 1.669336, 1.661279, -0.008057,
185.762530, 1.664502, 1.665308, 0.000806,
185.772877, 1.668530, 1.654834, -0.013696,
185.783420, 1.670142, 1.674976, 0.004834,
185.793772, 1.669336, 1.669336, 0.000000,
185.804087, 1.662085, 1.669336, 0.007251,
185.814539, 1.670142, 1.673364, 0.003223,
185.824878, 1.669336, 1.662891, -0.006445,
185.835519, 1.670142, 1.670142, 0.000000,
185.845889, 1.666113, 1.650000, -0.016113,
185.856424, 1.670142, 1.658057, -0.012085,
185.867093, 1.669336, 1.669336, 0.000000,
185.877424, 1.670142, 1.670142, 0.000000,
185.887876, 1.666919, 1.662085, -0.004834,
185.898422, 1.669336, 1.666113, -0.003223,
185.909167, 1.670142, 1.658862, -0.011279,
185.919691, 1.669336, 1.670142, 0.000806,
185.930052, 1.670947, 1.662891, -0.008057,
185.938991, 1.669336, 1.658862, -0.010474,
185.949535, 1.666919, 1.673364, 0.006445,
185.959988, 1.669336, 1.664502, -0.004834,
185.970526, 1.670142, 1.664502, -0.005640,
185.981096, 1.665308, 1.666919, 0.001611,
185.991439, 1.670142, 1.656445, -0.013696,
186.001985, 1.668530, 1.660474, -0.008057,
186.012761, 1.665308, 1.668530, 0.003223,
186.023096, 1.669336, 1.650806, -0.018530,
186.033726, 1.670142, 1.678198, 0.008057,
186.044098, 1.668530, 1.654834, -0.013696,
186.054645, 1.670142, 1.649194, -0.020947,
186.065310, 1.664502, 1.665308, 0.000806,
186.075643, 1.666113, 1.666113, 0.000000,
186.085972, 1.665308, 1.673364, 0.008057,
186.096315, 1.669336, 1.658862, -0.010474,
186.106972, 1.666919, 1.662891, -0.004028,
186.117529, 1.662085, 1.654834, -0.007251,
186.128095, 1.668530, 1.658057, -0.010474,
186.138754, 1.665308, 1.647583, -0.017725,
186.149429, 1.666919, 1.662085, -0.004834,
186.159353, 1.662085, 1.657251, -0.004834,
186.169978, 1.670142, 1.662085, -0.008057,
186.180527, 1.665308, 1.665308, 0.000000,
186.190877, 1.668530, 1.654834, -0.013696,
186.201414, 1.662891, 1.672559, 0.009668,
186.211883, 1.664502, 1.645166, -0.019336,
186.222419, 1.676587, 1.658057, -0.018530,
186.232976, 1.669336, 1.674170, 0.004834,
186.243409, 1.669336, 1.660474, -0.008862,
186.254003, 1.662085, 1.666113, 0.004028,
186.264413, 1.670142, 1.640332, -0.029810,
186.275088, 1.666919, 1.662891, -0.004028,
186.285681, 1.662891, 1.654834, -0.008057,
186.296198, 1.670142, 1.661279, -0.008862,
186.306882, 1.670142, 1.653223, -0.016919,
186.317562, 1.662085, 1.666919, 0.004834,
186.327873, 1.669336, 1.658862, -0.010474,
186.338538, 1.670142, 1.662085, -0.008057,
186.349196, 1.670142, 1.678198, 0.008057,
186.359609, 1.668530, 1.677393, 0.008862,
186.369872, 1.664502, 1.656445, -0.008057,
186.380422, 1.674976, 1.662085, -0.012891,
186.391094, 1.666113, 1.662085, -0.004028,
186.401646, 1.670142, 1.674170, 0.004028,
186.412195, 1.662085, 1.657251, -0.004834,
186.422769, 1.664502, 1.647583, -0.016919,
186.433312, 1.669336, 1.656445, -0.012891,
186.443985, 1.668530, 1.664502, -0.004028,
186.454533, 1.670142, 1.662085, -0.008057,
186.465094, 1.670142, 1.666919, -0.003223,
186.475649, 1.670142, 1.664502, -0.005640,
186.486329, 1.669336, 1.664502, -0.004834,
186.496883, 1.668530, 1.665308, -0.003223,
186.507533, 1.666919, 1.669336, 0.002417,
186.517985, 1.661279, 1.662891, 0.001611,
186.528315, 1.668530, 1.672559, 0.004028,
186.538734, 1.670142, 1.654834, -0.015308,
186.549315, 1.670947, 1.664502, -0.006445,
186.559990, 1.668530, 1.650806, -0.017725,
186.570538, 1.668530, 1.662891, -0.005640,
186.581104, 1.669336, 1.668530, -0.000806,
186.591648, 1.670142, 1.657251, -0.012891,
186.602200, 1.668530, 1.658057, -0.010474,
186.612952, 1.668530, 1.661279, -0.007251,
186.623421, 1.669336, 1.654834, -0.014502,
186.634072, 1.670142, 1.674170, 0.004028,
186.644420, 1.670142, 1.661279, -0.008862,
186.654986, 1.662085, 1.662891, 0.000806,
186.665319, 1.670142, 1.670142, 0.000000,
186.675614, 1.670947, 1.666919, -0.004028,
186.686203, 1.665308, 1.665308, 0.000000,
186.696426, 1.666113, 1.662085, -0.004028,
186.707096, 1.668530, 1.658057, -0.010474,
186.717755, 1.670142, 1.677393, 0.007251,
186.728100, 1.670142, 1.674976, 0.004834,
186.738415, 1.674170, 1.661279, -0.012891,
186.748984, 1.670142, 1.673364, 0.003223,
186.759424, 1.665308, 1.664502, -0.000806,
186.769974, 1.666919, 1.661279, -0.005640,
186.780527, 1.662891, 1.666113, 0.003223,
186.790886, 1.662085, 1.668530, 0.006445,
186.801202, 1.669336, 1.670142, 0.000806,
186.811761, 1.670947, 1.652417, -0.018530,
186.822333, 1.670947, 1.658862, -0.012085,
186.832886, 1.670142, 1.673364, 0.003223,
186.843418, 1.665308, 1.658862, -0.006445,
186.853983, 1.666113, 1.674976, 0.008862,
186.864356, 1.670142, 1.677393, 0.007251,
186.874671, 1.669336, 1.664502, -0.004834,
186.885317, 1.670142, 1.662085, -0.008057,
186.895887, 1.670142, 1.656445, -0.013696,
186.906536, 1.670947, 1.666919, -0.004028,
186.917201, 1.669336, 1.658862, -0.010474,
186.927772, 1.672559, 1.676587, 0.004028,
186.938211, 1.664502, 1.658057, -0.006445,
186.948778, 1.668530, 1.658057, -0.010474,
186.959384, 1.669336, 1.656445, -0.012891,
186.969883, 1.664502, 1.648389, -0.016113,
186.980523, 1.670142, 1.662085, -0.008057,
186.991099, 1.669336, 1.656445, -0.012891,
187.001653, 1.666919, 1.672559, 0.005640,
187.012201, 1.662085, 1.665308, 0.003223,
187.022532, 1.668530, 1.658862, -0.009668,
187.032984, 1.669336, 1.689478, 0.020142,
187.043423, 1.666113, 1.674976, 0.008862,
187.053767, 1.668530, 1.658862, -0.009668,
187.064422, 1.670947, 1.669336, -0.001611,
187.075099, 1.672559, 1.657251, -0.015308,
187.085761, 1.666113, 1.670142, 0.004028,
187.096098, 1.668530, 1.662891, -0.005640,
187.106772, 1.670142, 1.662891, -0.007251,
187.117425, 1.666113, 1.670947, 0.004834,
187.127768, 1.669336, 1.647583, -0.021753,
187.138428, 1.669336, 1.670142, 0.000806,
187.148886, 1.665308, 1.641943, -0.023364,
187.159545, 1.662085, 1.662085, 0.000000,
187.169798, 1.664502, 1.640332, -0.024170,
187.180313, 1.670142, 1.670947, 0.000806,
187.190664, 1.669336, 1.661279, -0.008057,
187.201213, 1.668530, 1.677393, 0.008862,
187.211769, 1.665308, 1.662085, -0.003223,
187.222328, 1.666919, 1.660474, -0.006445,
187.232882, 1.661279, 1.670142, 0.008862,
187.243414, 1.668530, 1.670142, 0.001611,
187.253769, 1.664502, 1.657251, -0.007251,
187.264423, 1.669336, 1.666113, -0.003223,
187.275102, 1.672559, 1.664502, -0.008057,
187.285754, 1.662085, 1.658862, -0.003223,
187.296324, 1.669336, 1.662085, -0.007251,
187.306984, 1.666113, 1.664502, -0.001611,
187.317549, 1.668530, 1.662085, -0.006445,
187.328104, 1.665308, 1.658057, -0.007251,
187.338766, 1.669336, 1.658057, -0.011279,
187.349474, 1.669336, 1.670142, 0.000806,
187.359876, 1.665308, 1.664502, -0.000806,
187.370419, 1.672559, 1.666113, -0.006445,
187.380988, 1.670142, 1.666919, -0.003223,
187.391579, 1.661279, 1.674170, 0.012891,
187.401885, 1.665308, 1.658057, -0.007251,
187.412618, 1.668530, 1.669336, 0.000806,
187.422987, 1.664502, 1.657251, -0.007251,
187.433544, 1.662085, 1.668530, 0.006445,
187.443993, 1.660474, 1.670142, 0.009668,
187.454327, 1.669336, 1.658057, -0.011279,
187.464981, 1.666113, 1.670947, 0.004834,
187.475324, 1.670142, 1.660474, -0.009668,
187.485982, 1.670142, 1.670142, 0.000000,
187.496211, 1.662085, 1.664502, 0.002417,
187.506652, 1.666919, 1.668530, 0.001611,
187.517107, 1.662085, 1.650806, -0.011279,
187.527662, 1.668530, 1.662085, -0.006445,
187.538319, 1.666113, 1.656445, -0.009668,
187.548887, 1.669336, 1.689478, 0.020142,
187.559327, 1.670142, 1.664502, -0.005640,
187.569885, 1.669336, 1.673364, 0.004028,
187.580214, 1.669336, 1.664502, -0.004834,
187.590888, 1.670142, 1.668530, -0.001611,
187.601422, 1.665308, 1.690283, 0.024976,
187.611981, 1.666919, 1.662085, -0.004834,
187.622547, 1.662891, 1.661279, -0.001611,
187.633105, 1.666113, 1.666919, 0.000806,
187.643538, 1.668530, 1.654834, -0.013696,
187.654105, 1.669336, 1.662891, -0.006445,
187.664656, 1.665308, 1.660474, -0.004834,
187.675325, 1.665308, 1.657251, -0.008057,
187.685981, 1.668530, 1.654834, -0.013696,
187.696562, 1.665308, 1.652417, -0.012891,
187.707210, 1.666113, 1.656445, -0.009668,
187.717887, 1.668530, 1.666113, -0.002417,
187.728423, 1.668530, 1.662891, -0.005640,
187.739101, 1.662085, 1.654834, -0.007251,
187.749650, 1.670142, 1.658862, -0.011279,
187.760315, 1.660474, 1.662085, 0.001611,
187.770697, 1.666919, 1.654834, -0.012085,
187.781198, 1.669336, 1.674170, 0.004834,
187.791554, 1.670142, 1.677393, 0.007251,
187.801885, 1.670142, 1.657251, -0.012891,
187.812647, 1.666919, 1.662085, -0.004834,
187.823212, 1.669336, 1.654834, -0.014502,
187.833886, 1.665308, 1.694311, 0.029004,
187.844319, 1.664502, 1.668530, 0.004028,
187.854654, 1.669336, 1.654028, -0.015308,
187.865325, 1.669336, 1.670142, 0.000806,
187.875653, 1.670947, 1.670142, -0.000806,
187.886319, 1.669336, 1.664502, -0.004834,
187.896881, 1.668530, 1.683032, 0.014502,
187.907320, 1.670142, 1.660474, -0.009668,
187.917883, 1.670142, 1.666919, -0.003223,
187.928431, 1.666113, 1.672559, 0.006445,
187.938885, 1.670142, 1.654834, -0.015308,
187.949548, 1.669336, 1.662085, -0.007251,
187.960215, 1.666919, 1.661279, -0.005640,
187.970824, 1.669336, 1.654834, -0.014502,
187.981319, 1.673364, 1.672559, -0.000806,
187.991880, 1.668530, 1.664502, -0.004028,
188.002423, 1.670142, 1.650000, -0.020142,
188.013194, 1.669336, 1.662085, -0.007251,
188.023792, 1.662085, 1.662891, 0.000806,
188.034174, 1.665308, 1.656445, -0.008862,
188.044769, 1.670142, 1.665308, -0.004834,
188.055323, 1.664502, 1.649194, -0.015308,
188.065978, 1.666113, 1.668530, 0.002417,
188.076319, 1.668530, 1.654834, -0.013696,
188.087038, 1.662891, 1.656445, -0.006445,
188.097538, 1.668530, 1.674170, 0.005640,
188.107984, 1.666919, 1.669336, 0.002417,
188.118326, 1.666919, 1.658862, -0.008057,
188.128888, 1.668530, 1.657251, -0.011279,
188.139537, 1.665308, 1.662085, -0.003223,
188.150109, 1.670142, 1.641943, -0.028198,
188.160763, 1.665308, 1.657251, -0.008057,
188.171347, 1.669336, 1.657251, -0.012085,
188.181892, 1.669336, 1.673364, 0.004028,
188.192321, 1.658862, 1.653223, -0.005640,
188.202889, 1.666919, 1.658862, -0.008057,
188.213630, 1.666113, 1.669336, 0.003223,
188.223988, 1.668530, 1.668530, 0.000000,
188.234334, 1.668530, 1.656445, -0.012085,
188.244991, 1.668530, 1.669336, 0.000806,
188.255324, 1.665308, 1.650000, -0.015308,
188.265977, 1.666919, 1.654834, -0.012085,
188.276541, 1.665308, 1.653223, -0.012085,
188.287202, 1.669336, 1.662085, -0.007251,
188.297777, 1.669336, 1.666919, -0.002417,
188.308424, 1.673364, 1.653223, -0.020142,
188.319000, 1.666919, 1.670142, 0.003223,
188.329321, 1.666113, 1.664502, -0.001611,
188.340050, 1.670142, 1.654834, -0.015308,
188.350549, 1.666919, 1.668530, 0.001611,
188.360976, 1.660474, 1.658862, -0.001611,
188.371499, 1.669336, 1.666919, -0.002417,
188.381999, 1.668530, 1.677393, 0.008862,
188.392331, 1.668530, 1.645166, -0.023364,
188.402894, 1.669336, 1.674976, 0.005640,
188.413422, 1.669336, 1.678198, 0.008862,
188.423779, 1.670947, 1.641138, -0.029809,
188.434397, 1.670142, 1.660474, -0.009668,
188.444998, 1.666919, 1.669336, 0.002417,
188.455323, 1.670142, 1.662891, -0.007251,
188.465962, 1.664502, 1.674976, 0.010474,
188.476322, 1.662891, 1.660474, -0.002417,
188.487001, 1.666113, 1.668530, 0.002417,
188.497323, 1.668530, 1.670142, 0.001611,
188.507773, 1.669336, 1.645972, -0.023364,
188.518427, 1.669336, 1.661279, -0.008057,
188.528995, 1.668530, 1.656445, -0.012085,
188.539726, 1.664502, 1.649194, -0.015308,
188.550214, 1.668530, 1.670142, 0.001611,
188.560658, 1.666113, 1.670142, 0.004028,
188.571045, 1.668530, 1.662085, -0.006445,
188.581544, 1.670947, 1.644360, -0.026587,
188.592107, 1.670142, 1.674170, 0.004028,
188.602424, 1.669336, 1.678198, 0.008862,
188.612976, 1.664502, 1.676587, 0.012085,
188.623324, 1.664502, 1.657251, -0.007251,
188.633958, 1.669336, 1.673364, 0.004028,
188.644332, 1.666919, 1.666113, -0.000806,
188.654898, 1.665308, 1.660474, -0.004834,
188.665540, 1.666113, 1.658862, -0.007251,
188.676109, 1.670142, 1.665308, -0.004834,
188.686769, 1.666919, 1.662085, -0.004834,
188.697329, 1.670142, 1.687060, 0.016919,
188.707776, 1.668530, 1.666919, -0.001611,
188.718441, 1.669336, 1.666919, -0.002417,
188.728991, 1.665308, 1.658862, -0.006445,
188.739729, 1.662085, 1.660474, -0.001611,
188.750321, 1.665308, 1.662891, -0.002417,
188.760973, 1.666919, 1.662891, -0.004028,
188.771507, 1.670142, 1.661279, -0.008862,
188.782002, 1.668530, 1.674170, 0.005640,
188.792411, 1.673364, 1.662085, -0.011279,
188.802890, 1.669336, 1.652417, -0.016919,
188.813653, 1.670142, 1.693506, 0.023364,
188.823999, 1.670142, 1.689478, 0.019336,
188.834399, 1.674170, 1.657251, -0.016919,
188.845067, 1.670142, 1.657251, -0.012891,
188.855534, 1.665308, 1.649194, -0.016113,
188.866099, 1.669336, 1.668530, -0.000806,
188.876675, 1.669336, 1.662891, -0.006445,
188.887328, 1.670142, 1.640332, -0.029810,
188.897892, 1.668530, 1.672559, 0.004028,
188.908323, 1.669336, 1.654028, -0.015308,
188.918893, 1.669336, 1.674170, 0.004834,
188.929202, 1.670142, 1.664502, -0.005640,
188.939903, 1.668530, 1.674170, 0.005640,
188.950209, 1.668530, 1.665308, -0.003223,
188.960888, 1.673364, 1.662085, -0.011279,
188.971505, 1.670142, 1.662085, -0.008057,
188.981999, 1.670142, 1.674170, 0.004028,
188.992347, 1.664502, 1.662085, -0.002417,
189.002891, 1.666919, 1.647583, -0.019336,
189.013651, 1.668530, 1.664502, -0.004028,
189.024218, 1.668530, 1.662891, -0.005640,
189.034887, 1.662085, 1.654028, -0.008057,
189.045545, 1.669336, 1.662891, -0.006445,
189.056117, 1.661279, 1.662085, 0.000806,
189.066423, 1.665308, 1.674170, 0.008862,
189.076778, 1.669336, 1.650000, -0.019336,
189.087423, 1.670142, 1.665308, -0.004834,
189.098004, 1.666919, 1.670142, 0.003223,
189.108427, 1.670947, 1.666919, -0.004028,
189.118996, 1.669336, 1.662085, -0.007251,
189.129538, 1.670142, 1.660474, -0.009668,
189.140269, 1.668530, 1.657251, -0.011279,
189.150777, 1.666113, 1.677393, 0.011279,
189.161208, 1.666919, 1.677393, 0.010474,
189.171565, 1.660474, 1.649194, -0.011279,
189.182108, 1.662085, 1.676587, 0.014502,
189.192429, 1.668530, 1.654028, -0.014502,
189.203006, 1.670142, 1.674976, 0.004834,
189.213541, 1.666113, 1.643555, -0.022559,
189.224104, 1.669336, 1.670142, 0.000806,
189.234544, 1.664502, 1.670142, 0.005640,
189.244925, 1.668530, 1.662085, -0.006445,
189.255438, 1.670947, 1.649194, -0.021753,
189.266128, 1.665308, 1.658862, -0.006445,
189.276663, 1.666919, 1.660474, -0.006445,
189.287325, 1.669336, 1.648389, -0.020947,
189.297896, 1.669336, 1.670142, 0.000806,
189.308323, 1.670142, 1.666919, -0.003223,
189.318893, 1.669336, 1.660474, -0.008862,
189.329427, 1.669336, 1.673364, 0.004028,
189.340037, 1.665308, 1.666919, 0.001611,
189.350329, 1.670947, 1.668530, -0.002417,
189.360981, 1.668530, 1.657251, -0.011279,
189.371565, 1.670142, 1.654834, -0.015308,
189.382117, 1.668530, 1.687060, 0.018530,
189.392421, 1.670142, 1.625830, -0.044312,
189.402994, 1.669336, 1.666113, -0.003223,
189.413719, 1.669336, 1.648389, -0.020947,
189.424331, 1.666113, 1.670947, 0.004834,
189.434785, 1.669336, 1.662085, -0.007251,
189.445430, 1.668530, 1.658862, -0.009668,
189.455996, 1.666113, 1.669336, 0.003223,
189.466425, 1.669336, 1.645166, -0.024170,
189.477001, 1.666919, 1.672559, 0.005640,
189.487430, 1.662085, 1.650000, -0.012085,
189.497999, 1.668530, 1.683838, 0.015308,
189.508431, 1.672559, 1.641138, -0.031421,
189.518994, 1.670142, 1.653223, -0.016919,
189.529562, 1.666919, 1.664502, -0.002417,
189.540338, 1.669336, 1.679810, 0.010474,
189.550657, 1.668530, 1.664502, -0.004028,
189.561206, 1.665308, 1.670142, 0.004834,
189.571573, 1.670142, 1.670142, 0.000000,
189.581892, 1.665308, 1.658862, -0.006445,
189.592514, 1.670142, 1.660474, -0.009668,
189.603104, 1.670142, 1.660474, -0.009668,
189.613890, 1.662085, 1.670947, 0.008862,
189.624209, 1.670142, 1.662085, -0.008057,
189.634791, 1.669336, 1.665308, -0.004028,
189.645430, 1.666113, 1.652417, -0.013696,
189.656001, 1.664502, 1.660474, -0.004028,
189.666680, 1.666919, 1.654834, -0.012085,
189.677327, 1.668530, 1.665308, -0.003223,
189.687966, 1.666113, 1.650806, -0.015308,
189.698430, 1.670142, 1.678198, 0.008057,
189.708962, 1.664502, 1.670947, 0.006445,
189.719260, 1.666919, 1.650806, -0.016113,
189.729885, 1.664502, 1.670947, 0.006445,
189.740394, 1.670142, 1.673364, 0.003223,
189.750659, 1.672559, 1.635498, -0.037060,
189.761325, 1.666113, 1.645972, -0.020142,
189.771954, 1.666113, 1.637109, -0.029004,
189.782430, 1.665308, 1.668530, 0.003223,
189.792791, 1.669336, 1.662085, -0.007251,
189.803328, 1.670142, 1.662891, -0.007251,
189.813987, 1.669336, 1.652417, -0.016919,
189.824546, 1.670142, 1.677393, 0.007251,
189.835000, 1.668530, 1.669336, 0.000806,
189.845434, 1.666919, 1.664502, -0.002417,
189.856025, 1.668530, 1.665308, -0.003223,
189.866662, 1.662891, 1.666919, 0.004028,
189.876993, 1.666113, 1.662891, -0.003223,
189.887654, 1.670142, 1.662891, -0.007251,
189.898117, 1.666113, 1.674170, 0.008057,
189.908551, 1.668530, 1.674976, 0.006445,
189.918893, 1.668530, 1.668530, 0.000000,
189.929209, 1.664502, 1.673364, 0.008862,
189.939733, 1.668530, 1.672559, 0.004028,
189.950120, 1.670142, 1.666113, -0.004028,
189.960769, 1.665308, 1.660474, -0.004834,
189.971353, 1.670142, 1.664502, -0.005640,
189.981900, 1.670142, 1.674976, 0.004834,
189.992319, 1.670142, 1.666919, -0.003223,
190.002901, 1.670142, 1.662085, -0.008057,
190.013663, 1.670142, 1.674170, 0.004028,
190.024005, 1.669336, 1.662085, -0.007251,
190.034633, 1.669336, 1.640332, -0.029004,
190.045222, 1.669336, 1.661279, -0.008057,
190.055800, 1.665308, 1.654834, -0.010474,
190.066437, 1.673364, 1.676587, 0.003223,
190.076783, 1.665308, 1.654834, -0.010474,
190.087433, 1.666113, 1.650000, -0.016113,
190.097993, 1.665308, 1.665308, 0.000000,
190.108336, 1.669336, 1.677393, 0.008057,
190.118683, 1.666113, 1.660474, -0.005640,
190.129216, 1.666113, 1.650000, -0.016113,
190.139931, 1.668530, 1.654028, -0.014502,
190.150430, 1.669336, 1.669336, 0.000000,
190.160777, 1.666919, 1.658862, -0.008057,
190.171363, 1.670947, 1.650806, -0.020142,
190.181898, 1.670142, 1.669336, -0.000806,
190.192549, 1.672559, 1.657251, -0.015308,
190.203110, 1.670142, 1.661279, -0.008862,
190.213778, 1.666919, 1.674170, 0.007251,
190.224116, 1.668530, 1.654028, -0.014502,
190.234793, 1.670142, 1.656445, -0.013696,
190.245428, 1.666919, 1.683838, 0.016919,
190.255778, 1.670142, 1.654028, -0.016113,
190.266430, 1.670947, 1.670142, -0.000806,
190.276997, 1.669336, 1.662085, -0.007251,
190.287668, 1.670142, 1.658057, -0.012085,
190.298220, 1.669336, 1.653223, -0.016113,
190.308977, 1.668530, 1.668530, 0.000000,
190.319212, 1.665308, 1.666919, 0.001611,
190.329551, 1.666919, 1.661279, -0.005640,
190.340277, 1.670142, 1.648389, -0.021753,
190.350773, 1.670142, 1.677393, 0.007251,
190.361218, 1.666919, 1.654834, -0.012085,
190.371804, 1.666113, 1.662085, -0.004028,
190.382347, 1.666919, 1.664502, -0.002417,
190.392896, 1.669336, 1.654834, -0.014502,
190.403426, 1.669336, 1.649194, -0.020142,
190.414187, 1.669336, 1.679004, 0.009668,
190.424554, 1.669336, 1.662891, -0.006445,
190.435219, 1.670142, 1.662891, -0.007251,
190.445908, 1.662085, 1.666919, 0.004834,
190.456216, 1.669336, 1.657251, -0.012085,
190.466815, 1.666919, 1.668530, 0.001611,
190.477112, 1.670947, 1.657251, -0.013696,
190.487785, 1.673364, 1.656445, -0.016919,
190.498330, 1.665308, 1.674170, 0.008862,
190.508900, 1.670142, 1.658057, -0.012085,
190.519436, 1.668530, 1.647583, -0.020947,
190.530004, 1.666919, 1.678198, 0.011279,
190.540553, 1.670947, 1.674170, 0.003223,
190.550898, 1.670142, 1.666919, -0.003223,
190.561545, 1.673364, 1.662085, -0.011279,
190.572158, 1.670947, 1.662085, -0.008862,
190.582675, 1.666113, 1.674976, 0.008862,
190.592996, 1.666113, 1.662085, -0.004028,
190.603522, 1.673364, 1.658862, -0.014502,
190.614221, 1.662891, 1.670947, 0.008057,
190.624553, 1.674170, 1.665308, -0.008862,
190.635223, 1.668530, 1.683838, 0.015308,
190.645682, 1.666919, 1.654834, -0.012085,
190.656217, 1.666919, 1.657251, -0.009668,
190.666902, 1.668530, 1.647583, -0.020947,
190.677440, 1.666919, 1.664502, -0.002417,
190.688110, 1.666113, 1.645166, -0.020947,
190.698670, 1.662085, 1.668530, 0.006445,
190.709228, 1.666919, 1.658057, -0.008862,
190.719784, 1.670142, 1.679810, 0.009668,
190.730115, 1.664502, 1.673364, 0.008862,
190.740562, 1.660474, 1.653223, -0.007251,
190.751123, 1.670142, 1.673364, 0.003223,
190.761547, 1.670142, 1.658862, -0.011279,
190.772177, 1.670947, 1.650000, -0.020947,
190.782674, 1.670142, 1.670947, 0.000806,
190.793009, 1.669336, 1.650000, -0.019336,
190.803564, 1.666919, 1.664502, -0.002417,
190.814337, 1.668530, 1.672559, 0.004028,
190.824664, 1.672559, 1.665308, -0.007251,
190.835225, 1.670142, 1.658862, -0.011279,
190.845902, 1.670142, 1.665308, -0.004834,
190.856433, 1.670142, 1.687060, 0.016919,
190.866783, 1.669336, 1.670947, 0.001611,
190.877141, 1.666113, 1.654834, -0.011279,
190.887784, 1.664502, 1.654834, -0.009668,
190.898342, 1.669336, 1.676587, 0.007251,
190.908891, 1.668530, 1.658862, -0.009668,
190.919444, 1.670947, 1.658862, -0.012085,
190.930015, 1.666919, 1.674976, 0.008057,
190.940556, 1.666919, 1.665308, -0.001611,
190.951117, 1.670947, 1.650806, -0.020142,
190.961774, 1.666919, 1.666919, 0.000000,
190.972098, 1.669336, 1.664502, -0.004834,
190.982554, 1.662085, 1.691895, 0.029810,
190.992908, 1.670142, 1.640332, -0.029810,
191.003431, 1.666113, 1.661279, -0.004834,
191.014124, 1.669336, 1.679810, 0.010474,
191.024440, 1.670142, 1.677393, 0.007251,
191.034890, 1.669336, 1.662085, -0.007251,
191.045550, 1.668530, 1.664502, -0.004028,
191.056031, 1.669336, 1.657251, -0.012085,
191.066661, 1.666919, 1.666113, -0.000806,
191.077217, 1.669336, 1.654834, -0.014502,
191.087896, 1.670142, 1.656445, -0.013696,
191.098444, 1.674976, 1.666113, -0.008862,
191.109200, 1.666919, 1.641138, -0.025781,
191.119795, 1.662085, 1.662085, 0.000000,
191.130119, 1.670142, 1.674976, 0.004834,
191.140563, 1.668530, 1.666113, -0.002417,
191.151122, 1.670142, 1.665308, -0.004834,
191.161781, 1.669336, 1.661279, -0.008057,
191.172407, 1.674170, 1.670142, -0.004028,
191.182900, 1.670142, 1.662085, -0.008057,
191.193554, 1.669336, 1.674170, 0.004834,
191.203901, 1.670142, 1.658057, -0.012085,
191.214662, 1.668530, 1.662085, -0.006445,
191.225215, 1.670947, 1.664502, -0.006445,
191.235891, 1.670142, 1.654834, -0.015308,
191.246553, 1.669336, 1.677393, 0.008057,
191.256896, 1.669336, 1.668530, -0.000806,
191.267441, 1.668530, 1.669336, 0.000806,
191.277786, 1.669336, 1.647583, -0.021753,
191.288433, 1.662085, 1.636304, -0.025781,
191.299024, 1.669336, 1.685449, 0.016113,
191.309562, 1.668530, 1.657251, -0.011279,
191.320113, 1.669336, 1.654834, -0.014502,
191.330661, 1.670142, 1.673364, 0.003223,
191.341159, 1.665308, 1.657251, -0.008057,
191.351667, 1.662085, 1.656445, -0.005640,
191.362331, 1.666919, 1.654834, -0.012085,
191.372912, 1.669336, 1.670142, 0.000806,
191.383220, 1.669336, 1.678198, 0.008862,
191.393557, 1.666113, 1.650000, -0.016113,
191.404114, 1.665308, 1.662085, -0.003223,
191.414788, 1.662891, 1.666919, 0.004028,
191.425116, 1.662085, 1.662085, 0.000000,
191.435544, 1.669336, 1.662891, -0.006445,
191.446128, 1.666113, 1.677393, 0.011279,
191.456436, 1.670947, 1.668530, -0.002417,
191.467049, 1.668530, 1.666113, -0.002417,
191.477553, 1.666919, 1.657251, -0.009668,
191.488228, 1.660474, 1.661279, 0.000806,
191.498603, 1.665308, 1.664502, -0.000806,
191.509343, 1.673364, 1.657251, -0.016113,
191.519900, 1.666919, 1.653223, -0.013696,
191.530438, 1.670142, 1.665308, -0.004834,
191.541118, 1.666113, 1.662085, -0.004028,
191.551664, 1.666919, 1.662085, -0.004834,
191.562253, 1.662085, 1.662085, 0.000000,
191.572660, 1.668530, 1.669336, 0.000806,
191.582996, 1.662085, 1.637109, -0.024976,
191.593559, 1.666919, 1.654028, -0.012891,
191.604117, 1.668530, 1.662085, -0.006445,
191.614781, 1.658862, 1.652417, -0.006445,
191.625342, 1.670947, 1.658057, -0.012891,
191.635993, 1.666919, 1.650000, -0.016919,
191.646554, 1.669336, 1.670142, 0.000806,
191.656899, 1.670142, 1.636304, -0.033838,
191.667435, 1.666919, 1.649194, -0.017725,
191.678006, 1.665308, 1.662891, -0.002417,
191.688669, 1.670142, 1.664502, -0.005640,
191.699223, 1.665308, 1.670142, 0.004834,
191.709796, 1.670142, 1.662085, -0.008057,
191.720334, 1.668530, 1.665308, -0.003223,
191.730907, 1.668530, 1.670142, 0.001611,
191.741339, 1.664502, 1.666113, 0.001611,
191.751684, 1.670142, 1.657251, -0.012891,
191.762335, 1.666113, 1.670142, 0.004028,
191.772693, 1.668530, 1.668530, 0.000000,
191.783012, 1.662891, 1.666919, 0.004028,
191.793339, 1.665308, 1.666919, 0.001611,
191.803672, 1.669336, 1.666113, -0.003223,
191.814433, 1.670142, 1.664502, -0.005640,
191.825021, 1.665308, 1.629858, -0.035449,
191.835672, 1.666919, 1.658862, -0.008057,
191.846343, 1.662891, 1.665308, 0.002417,
191.856580, 1.670142, 1.662085, -0.008057,
191.867338, 1.666919, 1.654834, -0.012085,
191.877910, 1.670142, 1.637109, -0.033032,
191.888567, 1.668530, 1.662891, -0.005640,
191.899117, 1.670142, 1.686255, 0.016113,
191.909631, 1.666113, 1.666113, 0.000000,
191.919907, 1.670142, 1.660474, -0.009668,
191.930441, 1.673364, 1.676587, 0.003223,
191.940909, 1.666113, 1.657251, -0.008862,
191.951431, 1.666919, 1.662085, -0.004834,
191.962123, 1.662891, 1.653223, -0.009668,
191.972693, 1.666113, 1.666919, 0.000806,
191.982999, 1.662891, 1.654834, -0.008057,
191.993554, 1.669336, 1.662085, -0.007251,
192.004118, 1.665308, 1.658862, -0.006445,
192.014793, 1.670947, 1.670142, -0.000806,
192.025333, 1.662085, 1.664502, 0.002417,
192.035774, 1.670142, 1.648389, -0.021753,
192.046340, 1.669336, 1.670947, 0.001611,
192.056671, 1.668530, 1.666919, -0.001611,
192.067298, 1.665308, 1.665308, 0.000000,
192.077562, 1.669336, 1.652417, -0.016919,
192.088216, 1.668530, 1.658862, -0.009668,
192.098790, 1.666113, 1.658862, -0.007251,
192.109558, 1.664502, 1.649194, -0.015308,
192.120117, 1.672559, 1.669336, -0.003223,
192.130683, 1.669336, 1.677393, 0.008057,
192.141231, 1.664502, 1.656445, -0.008057,
192.151801, 1.666919, 1.661279, -0.005640,
192.162436, 1.670142, 1.665308, -0.004834,
192.172997, 1.670947, 1.661279, -0.009668,
192.183478, 1.669336, 1.683838, 0.014502,
192.193799, 1.669336, 1.666919, -0.002417,
192.204340, 1.666113, 1.662891, -0.003223,
192.215009, 1.668530, 1.670947, 0.002417,
192.225334, 1.666919, 1.673364, 0.006445,
192.235773, 1.662891, 1.664502, 0.001611,
192.246131, 1.670142, 1.679810, 0.009668,
192.256444, 1.672559, 1.668530, -0.004028,
192.267119, 1.666113, 1.666919, 0.000806,
192.277434, 1.666919, 1.660474, -0.006445,
192.288112, 1.669336, 1.674170, 0.004834,
192.298443, 1.668530, 1.668530, 0.000000,
192.308906, 1.665308, 1.670142, 0.004834,
192.319229, 1.669336, 1.654834, -0.014502,
192.329788, 1.670142, 1.672559, 0.002417,
192.340387, 1.668530, 1.677393, 0.008862,
192.350686, 1.668530, 1.662891, -0.005640,
192.361335, 1.664502, 1.637109, -0.027393,
192.371951, 1.668530, 1.654028, -0.014502,
192.382447, 1.669336, 1.662085, -0.007251,
192.393003, 1.662085, 1.658862, -0.003223,
192.403467, 1.670142, 1.666113, -0.004028,
192.414239, 1.666113, 1.672559, 0.006445,
192.424550, 1.668530, 1.672559, 0.004028,
192.434903, 1.668530, 1.662085, -0.006445,
192.445463, 1.665308, 1.673364, 0.008057,
192.455786, 1.668530, 1.665308, -0.003223,
192.466465, 1.666919, 1.673364, 0.006445,
192.476900, 1.664502, 1.636304, -0.028198,
192.487558, 1.670142, 1.652417, -0.017725,
192.498128, 1.670947, 1.666113, -0.004834,
192.508911, 1.666919, 1.666919, 0.000000,
192.519231, 1.662085, 1.658862, -0.003223,
192.529788, 1.668530, 1.687866, 0.019336,
192.540337, 1.662085, 1.658057, -0.004028,
192.550910, 1.670142, 1.654834, -0.015308,
192.561562, 1.668530, 1.662085, -0.006445,
192.572173, 1.668530, 1.664502, -0.004028,
192.582668, 1.670142, 1.662891, -0.007251,
192.593225, 1.670142, 1.665308, -0.004834,
192.603786, 1.662085, 1.654028, -0.008057,
192.614563, 1.665308, 1.668530, 0.003223,
192.624896, 1.672559, 1.656445, -0.016113,
192.635550, 1.668530, 1.658862, -0.009668,
192.646131, 1.666919, 1.670142, 0.003223,
192.656441, 1.670142, 1.662085, -0.008057,
192.667006, 1.662891, 1.665308, 0.002417,
192.677348, 1.666113, 1.658057, -0.008057,
192.688012, 1.668530, 1.647583, -0.020947,
192.698571, 1.666113, 1.674976, 0.008862,
192.709127, 1.666919, 1.657251, -0.009668,
192.719694, 1.669336, 1.660474, -0.008862,
192.730229, 1.665308, 1.657251, -0.008057,
192.741010, 1.662085, 1.662085, 0.000000,
192.751234, 1.670142, 1.656445, -0.013696,
192.761910, 1.669336, 1.668530, -0.000806,
192.772469, 1.666919, 1.660474, -0.006445,
192.783015, 1.662085, 1.660474, -0.001611,
192.793557, 1.665308, 1.661279, -0.004028,
192.804123, 1.670142, 1.641138, -0.029004,
192.814790, 1.666113, 1.637109, -0.029004,
192.825350, 1.668530, 1.658057, -0.010474,
192.835999, 1.669336, 1.668530, -0.000806,
192.846560, 1.668530, 1.669336, 0.000806,
192.856905, 1.670142, 1.662891, -0.007251,
192.867439, 1.668530, 1.664502, -0.004028,
192.878009, 1.669336, 1.658862, -0.010474,
192.888703, 1.666919, 1.648389, -0.018530,
192.899222, 1.670142, 1.662085, -0.008057,
192.909902, 1.668530, 1.662891, -0.005640,
192.920447, 1.670142, 1.668530, -0.001611,
192.931002, 1.670142, 1.679004, 0.008862,
192.941451, 1.668530, 1.656445, -0.012085,
192.952021, 1.669336, 1.665308, -0.004028,
192.962665, 1.670142, 1.669336, -0.000806,
192.973146, 1.666113, 1.654028, -0.012085,
192.983766, 1.669336, 1.650806, -0.018530,
192.994347, 1.664502, 1.665308, 0.000806,
193.004772, 1.670947, 1.633887, -0.037060,
193.015454, 1.669336, 1.678198, 0.008862,
193.025789, 1.666919, 1.670947, 0.004028,
193.036216, 1.666113, 1.668530, 0.002417,
193.046565, 1.669336, 1.683032, 0.013696,
193.056909, 1.664502, 1.665308, 0.000806,
193.067259, 1.665308, 1.658862, -0.006445,
193.077795, 1.666919, 1.666919, 0.000000,
193.088233, 1.669336, 1.666113, -0.003223,
193.098793, 1.664502, 1.639526, -0.024976,
193.109564, 1.668530, 1.679004, 0.010474,
193.119911, 1.669336, 1.657251, -0.012085,
193.130446, 1.673364, 1.673364, 0.000000,
193.140903, 1.665308, 1.674170, 0.008862,
193.151227, 1.669336, 1.624219, -0.045117,
193.161900, 1.670142, 1.669336, -0.000806,
193.172468, 1.666919, 1.654834, -0.012085,
193.183011, 1.664502, 1.678198, 0.013696,
193.193347, 1.669336, 1.658057, -0.011279,
193.203905, 1.669336, 1.654834, -0.014502,
193.214667, 1.670142, 1.662085, -0.008057,
193.225121, 1.670947, 1.666113, -0.004834,
193.235684, 1.668530, 1.650000, -0.018530,
193.246343, 1.668530, 1.674976, 0.006445,
193.256673, 1.668530, 1.666919, -0.001611,
193.267352, 1.669336, 1.657251, -0.012085,
193.278004, 1.670142, 1.658862, -0.011279,
193.288643, 1.666919, 1.670142, 0.003223,
193.295565, 1.665308, 1.670947, 0.005640,
193.306029, 1.662891, 1.641138, -0.021753,
193.316690, 1.668530, 1.683032, 0.014502,
193.327022, 1.665308, 1.654028, -0.011279,
193.337675, 1.669336, 1.660474, -0.008862,
193.348338, 1.669336, 1.666919, -0.002417,
193.359001, 1.670142, 1.664502, -0.005640,
193.369568, 1.668530, 1.668530, 0.000000,
193.379904, 1.662085, 1.670142, 0.008057,
193.390350, 1.662085, 1.669336, 0.007251,
193.400690, 1.670142, 1.666919, -0.003223,
193.411440, 1.668530, 1.662085, -0.006445,
193.422022, 1.670142, 1.662085, -0.008057,
193.432563, 1.662891, 1.660474, -0.002417,
193.443233, 1.664502, 1.670142, 0.005640,
193.453568, 1.668530, 1.657251, -0.011279,
193.464248, 1.664502, 1.672559, 0.008057,
193.474650, 1.662891, 1.625024, -0.037866,
193.485240, 1.670142, 1.650000, -0.020142,
193.495801, 1.666919, 1.665308, -0.001611,
193.506467, 1.669336, 1.662085, -0.007251,
193.517126, 1.666919, 1.654834, -0.012085,
193.527723, 1.662085, 1.661279, -0.000806,
193.538339, 1.670142, 1.668530, -0.001611,
193.548911, 1.669336, 1.681421, 0.012085,
193.559345, 1.665308, 1.653223, -0.012085,
193.569906, 1.670142, 1.662891, -0.007251,
193.580461, 1.668530, 1.673364, 0.004834,
193.590962, 1.666113, 1.666113, 0.000000,
193.601238, 1.668530, 1.672559, 0.004028,
193.611794, 1.666113, 1.673364, 0.007251,
193.622135, 1.669336, 1.658862, -0.010474,
193.632688, 1.670142, 1.685449, 0.015308,
193.643128, 1.662085, 1.664502, 0.002417,
193.653455, 1.670142, 1.650000, -0.020142,
193.664125, 1.666919, 1.674976, 0.008057,
193.674468, 1.670142, 1.636304, -0.033838,
193.685120, 1.668530, 1.660474, -0.008057,
193.695682, 1.662891, 1.662085, -0.000806,
193.706350, 1.669336, 1.662891, -0.006445,
193.717023, 1.670947, 1.665308, -0.005640,
193.727575, 1.668530, 1.672559, 0.004028,
193.738031, 1.665308, 1.649194, -0.016113,
193.748685, 1.670142, 1.673364, 0.003223,
193.759137, 1.665308, 1.657251, -0.008057,
193.769690, 1.669336, 1.654834, -0.014502,
193.780337, 1.670142, 1.664502, -0.005640,
193.790912, 1.668530, 1.662085, -0.006445,
193.801454, 1.670142, 1.652417, -0.017725,
193.812235, 1.666919, 1.673364, 0.006445,
193.822565, 1.666919, 1.664502, -0.002417,
193.833128, 1.668530, 1.660474, -0.008057,
193.843800, 1.668530, 1.676587, 0.008057,
193.854132, 1.662085, 1.633081, -0.029004,
193.864705, 1.668530, 1.665308, -0.003223,
193.875265, 1.670947, 1.658862, -0.012085,
193.885906, 1.665308, 1.662085, -0.003223,
193.896458, 1.670142, 1.662085, -0.008057,
193.907135, 1.668530, 1.668530, 0.000000,
193.917465, 1.672559, 1.669336, -0.003223,
193.928013, 1.670142, 1.654028, -0.016113,
193.938654, 1.660474, 1.657251, -0.003223,
193.949237, 1.662085, 1.666113, 0.004028,
193.959658, 1.668530, 1.666113, -0.002417,
193.970235, 1.662085, 1.662085, 0.000000,
193.980564, 1.668530, 1.656445, -0.012085,
193.991239, 1.669336, 1.652417, -0.016919,
194.001803, 1.669336, 1.662085, -0.007251,
194.012561, 1.666919, 1.666919, 0.000000,
194.022912, 1.664502, 1.662085, -0.002417,
194.033459, 1.670142, 1.668530, -0.001611,
194.044129, 1.664502, 1.673364, 0.008862,
194.054458, 1.670142, 1.660474, -0.009668,
194.065120, 1.664502, 1.666113, 0.001611,
194.075455, 1.668530, 1.660474, -0.008057,
194.086135, 1.662085, 1.662085, 0.000000,
194.096452, 1.669336, 1.670947, 0.001611,
194.106916, 1.670142, 1.660474, -0.009668,
194.117594, 1.670142, 1.662085, -0.008057,
194.128132, 1.668530, 1.670142, 0.001611,
194.138559, 1.662891, 1.657251, -0.005640,
194.149130, 1.664502, 1.668530, 0.004028,
194.159568, 1.666113, 1.670142, 0.004028,
194.169911, 1.670142, 1.658057, -0.012085,
194.178229, 1.664502, 1.672559, 0.008057,
194.188669, 1.666113, 1.654028, -0.012085,
194.199243, 1.670142, 1.670142, 0.000000,
194.209798, 1.670142, 1.657251, -0.012891,
194.220350, 1.666919, 1.666113, -0.000806,
194.230913, 1.662891, 1.644360, -0.018530,
194.241651, 1.665308, 1.666113, 0.000806,
194.251928, 1.669336, 1.658862, -0.010474,
194.262571, 1.666113, 1.672559, 0.006445,
194.272924, 1.670947, 1.665308, -0.005640,
194.283436, 1.670947, 1.657251, -0.013696,
194.294014, 1.670142, 1.669336, -0.000806,
194.304560, 1.665308, 1.676587, 0.011279,
194.315134, 1.666919, 1.670947, 0.004028,
194.325448, 1.670142, 1.654834, -0.015308,
194.336122, 1.668530, 1.645972, -0.022559,
194.346910, 1.670142, 1.670947, 0.000806,
194.357225, 1.662085, 1.657251, -0.004834,
194.367791, 1.664502, 1.654834, -0.009668,
194.378380, 1.669336, 1.668530, -0.000806,
194.389015, 1.664502, 1.661279, -0.003223,
194.399568, 1.668530, 1.658862, -0.009668,
194.410348, 1.666113, 1.662085, -0.004028,
194.420911, 1.669336, 1.660474, -0.008862,
194.431446, 1.669336, 1.676587, 0.007251,
194.441970, 1.665308, 1.649194, -0.016113,
194.452564, 1.669336, 1.666113, -0.003223,
194.463229, 1.669336, 1.670947, 0.001611,
194.473579, 1.666113, 1.666113, 0.000000,
194.483991, 1.668530, 1.673364, 0.004834,
194.494230, 1.669336, 1.670142, 0.000806,
194.504557, 1.670142, 1.658057, -0.012085,
194.515350, 1.662891, 1.665308, 0.002417,
194.525685, 1.673364, 1.673364, 0.000000,
194.536134, 1.670142, 1.668530, -0.001611,
194.546801, 1.666113, 1.674976, 0.008862,
194.557130, 1.670142, 1.666919, -0.003223,
194.567689, 1.668530, 1.668530, 0.000000,
194.578029, 1.670142, 1.666919, -0.003223,
194.588676, 1.670947, 1.677393, 0.006445,
194.599018, 1.662891, 1.657251, -0.005640,
194.609799, 1.665308, 1.662085, -0.003223,
194.620345, 1.662085, 1.665308, 0.003223,
194.630689, 1.669336, 1.666919, -0.002417,
194.641482, 1.670947, 1.660474, -0.010474,
194.652021, 1.665308, 1.662085, -0.003223,
194.662676, 1.670947, 1.673364, 0.002417,
194.673117, 1.670142, 1.662085, -0.008057,
194.683762, 1.662085, 1.658862, -0.003223,
194.694354, 1.669336, 1.654834, -0.014502,
194.705018, 1.670142, 1.670142, 0.000000,
194.715416, 1.662085, 1.662891, 0.000806,
194.725690, 1.670142, 1.670142, 0.000000,
194.736011, 1.662891, 1.658057, -0.004834,
194.746573, 1.670142, 1.670142, 0.000000,
194.756922, 1.666113, 1.669336, 0.003223,
194.767236, 1.668530, 1.654834, -0.013696,
194.777913, 1.668530, 1.658862, -0.009668,
194.788562, 1.674976, 1.656445, -0.018530,
194.799125, 1.670142, 1.644360, -0.025781,
194.809910, 1.668530, 1.658862, -0.009668,
194.820450, 1.666919, 1.647583, -0.019336,
194.831010, 1.668530, 1.677393, 0.008862,
194.841463, 1.662085, 1.654834, -0.007251,
194.852013, 1.669336, 1.662085, -0.007251,
194.862685, 1.670142, 1.666919, -0.003223,
194.873335, 1.670142, 1.648389, -0.021753,
194.884017, 1.668530, 1.658057, -0.010474,
194.894564, 1.662891, 1.658862, -0.004028,
194.905238, 1.669336, 1.662085, -0.007251,
194.915910, 1.660474, 1.668530, 0.008057,
194.926230, 1.670142, 1.658862, -0.011279,
194.936913, 1.670142, 1.654834, -0.015308,
194.947451, 1.668530, 1.662085, -0.006445,
194.958013, 1.666113, 1.650000, -0.016113,
194.968600, 1.670142, 1.662085, -0.008057,
194.979133, 1.662085, 1.662085, 0.000000,
194.989451, 1.672559, 1.661279, -0.011279,
195.000018, 1.662891, 1.656445, -0.006445,
195.010785, 1.669336, 1.656445, -0.012891,
195.021350, 1.666919, 1.683838, 0.016919,
195.031685, 1.668530, 1.654028, -0.014502,
195.042443, 1.672559, 1.653223, -0.019336,
195.053016, 1.669336, 1.668530, -0.000806,
195.063650, 1.664502, 1.668530, 0.004028,
195.073981, 1.673364, 1.662085, -0.011279,
195.084574, 1.665308, 1.661279, -0.004028,
195.095129, 1.666919, 1.664502, -0.002417,
195.105815, 1.665308, 1.641943, -0.023364,
195.116456, 1.670142, 1.661279, -0.008862,
195.127023, 1.662891, 1.666113, 0.003223,
195.137442, 1.670947, 1.676587, 0.005640,
195.147801, 1.672559, 1.662085, -0.010474,
195.158358, 1.662085, 1.660474, -0.001611,
195.168982, 1.669336, 1.661279, -0.008057,
195.179567, 1.662085, 1.665308, 0.003223,
195.189959, 1.660474, 1.654834, -0.005640,
195.200451, 1.665308, 1.657251, -0.008057,
195.211230, 1.668530, 1.666919, -0.001611,
195.221801, 1.670142, 1.662085, -0.008057,
195.232356, 1.668530, 1.666113, -0.002417,
195.243032, 1.672559, 1.661279, -0.011279,
195.253568, 1.673364, 1.666919, -0.006445,
195.264234, 1.664502, 1.673364, 0.008862,
195.274675, 1.672559, 1.666919, -0.005640,
195.285311, 1.664502, 1.665308, 0.000806,
195.295601, 1.662085, 1.660474, -0.001611,
195.306242, 1.670142, 1.677393, 0.007251,
195.316690, 1.670142, 1.652417, -0.017725,
195.327232, 1.666919, 1.662085, -0.004834,
195.337916, 1.670142, 1.679810, 0.009668,
195.348349, 1.670142, 1.677393, 0.007251,
195.358755, 1.670142, 1.665308, -0.004834,
195.369353, 1.662085, 1.670947, 0.008862,
195.379450, 1.668530, 1.633887, -0.034644,
195.390140, 1.668530, 1.660474, -0.008057,
195.400686, 1.664502, 1.662891, -0.001611,
195.411444, 1.664502, 1.668530, 0.004028,
195.421796, 1.670142, 1.660474, -0.009668,
195.432345, 1.661279, 1.662085, 0.000806,
195.442794, 1.666113, 1.664502, -0.001611,
195.453349, 1.668530, 1.654028, -0.014502,
195.464016, 1.673364, 1.676587, 0.003223,
195.474370, 1.670947, 1.662085, -0.008862,
195.485017, 1.669336, 1.662085, -0.007251,
195.495571, 1.665308, 1.666113, 0.000806,
195.506028, 1.670142, 1.670142, 0.000000,
195.516442, 1.674170, 1.666919, -0.007251,
195.527025, 1.664502, 1.668530, 0.004028,
195.537459, 1.670142, 1.657251, -0.012891,
195.548140, 1.668530, 1.645972, -0.022559,
195.558793, 1.669336, 1.664502, -0.004834,
195.568913, 1.668530, 1.672559, 0.004028,
195.579236, 1.670142, 1.640332, -0.029810,
195.589921, 1.666113, 1.654834, -0.011279,
195.600455, 1.670142, 1.670142, 0.000000,
195.611348, 1.662085, 1.665308, 0.003223,
195.621688, 1.666113, 1.658057, -0.008057,
195.632242, 1.666113, 1.676587, 0.010474,
195.642800, 1.668530, 1.662891, -0.005640,
195.653352, 1.666113, 1.654028, -0.012085,
195.664022, 1.668530, 1.683838, 0.015308,
195.674449, 1.668530, 1.662085, -0.006445,
195.685129, 1.669336, 1.665308, -0.004028,
195.695686, 1.670142, 1.674976, 0.004834,
195.706124, 1.670142, 1.654028, -0.016113,
195.716688, 1.670142, 1.658862, -0.011279,
195.727243, 1.668530, 1.653223, -0.015308,
195.737915, 1.669336, 1.654834, -0.014502,
195.748566, 1.668530, 1.662085, -0.006445,
195.759204, 1.670142, 1.661279, -0.008862,
195.769681, 1.669336, 1.654834, -0.014502,
195.780240, 1.666919, 1.653223, -0.013696,
195.790916, 1.670142, 1.654028, -0.016113,
195.801448, 1.670142, 1.661279, -0.008862,
195.812235, 1.666919, 1.679004, 0.012085,
195.822572, 1.668530, 1.670142, 0.001611,
195.832914, 1.669336, 1.654834, -0.014502,
195.843571, 1.668530, 1.670142, 0.001611,
195.853917, 1.664502, 1.677393, 0.012891,
195.864350, 1.668530, 1.670142, 0.001611,
195.874792, 1.666919, 1.666919, 0.000000,
195.885125, 1.666113, 1.658862, -0.007251,
195.895692, 1.669336, 1.677393, 0.008057,
195.906129, 1.668530, 1.658057, -0.010474,
195.916687, 1.666113, 1.658862, -0.007251,
195.927250, 1.669336, 1.674170, 0.004834,
195.937688, 1.670142, 1.664502, -0.005640,
195.948353, 1.668530, 1.660474, -0.008057,
195.958984, 1.670142, 1.679004, 0.008862,
195.969245, 1.662891, 1.650806, -0.012085,
195.979796, 1.670142, 1.662085, -0.008057,
195.990455, 1.668530, 1.668530, 0.000000,
196.000696, 1.666113, 1.657251, -0.008862,
196.011431, 1.670947, 1.674170, 0.003223,
196.021805, 1.666919, 1.674170, 0.007251,
196.032136, 1.668530, 1.674976, 0.006445,
196.042572, 1.670142, 1.676587, 0.006445,
196.052912, 1.662891, 1.662085, -0.000806,
196.063463, 1.670947, 1.637109, -0.033838,
196.074036, 1.669336, 1.660474, -0.008862,
196.084689, 1.666113, 1.660474, -0.005640,
196.095247, 1.666919, 1.679810, 0.012891,
196.105700, 1.666113, 1.662085, -0.004028,
196.116352, 1.668530, 1.658862, -0.009668,
196.126926, 1.666113, 1.662891, -0.003223,
196.137568, 1.666113, 1.637109, -0.029004,
196.148148, 1.669336, 1.661279, -0.008057,
196.158776, 1.665308, 1.679004, 0.013696,
196.169132, 1.668530, 1.668530, 0.000000,
196.177009, 1.670947, 1.662085, -0.008862,
196.187568, 1.664502, 1.650806, -0.013696,
196.198141, 1.670142, 1.669336, -0.000806,
196.208917, 1.670142, 1.664502, -0.005640,
196.219458, 1.669336, 1.649194, -0.020142,
196.230026, 1.668530, 1.658057, -0.010474,
196.240811, 1.669336, 1.665308, -0.004028,
196.251354, 1.668530, 1.658862, -0.009668,
196.262022, 1.658057, 1.664502, 0.006445,
196.272402, 1.666919, 1.658057, -0.008862,
196.282920, 1.669336, 1.657251, -0.012085,
196.293575, 1.669336, 1.670947, 0.001611,
196.303923, 1.668530, 1.662085, -0.006445,
196.314689, 1.668530, 1.662891, -0.005640,
196.325246, 1.666919, 1.653223, -0.013696,
196.335920, 1.668530, 1.658057, -0.010474,
196.346600, 1.664502, 1.666113, 0.001611,
196.356916, 1.662085, 1.658862, -0.003223,
196.367563, 1.668530, 1.668530, 0.000000,
196.377921, 1.668530, 1.666919, -0.001611,
196.388567, 1.670142, 1.665308, -0.004834,
196.399135, 1.664502, 1.653223, -0.011279,
196.409919, 1.664502, 1.662085, -0.002417,
196.420459, 1.672559, 1.662085, -0.010474,
196.431022, 1.668530, 1.669336, 0.000806,
196.441567, 1.662085, 1.662891, 0.000806,
196.451925, 1.665308, 1.658057, -0.007251,
196.462567, 1.668530, 1.673364, 0.004834,
196.472934, 1.662085, 1.664502, 0.002417,
196.483246, 1.669336, 1.652417, -0.016919,
196.493922, 1.670142, 1.673364, 0.003223,
196.504238, 1.669336, 1.678198, 0.008862,
196.514752, 1.665308, 1.662891, -0.002417,
196.525242, 1.666113, 1.654834, -0.011279,
196.535919, 1.670142, 1.660474, -0.009668,
196.546574, 1.669336, 1.666113, -0.003223,
196.557137, 1.658862, 1.665308, 0.006445,
196.567470, 1.670142, 1.662085, -0.008057,
196.578029, 1.670142, 1.664502, -0.005640,
196.588677, 1.669336, 1.654834, -0.014502,
196.599252, 1.670947, 1.674976, 0.004028,
196.609809, 1.670142, 1.650000, -0.020142,
196.620354, 1.665308, 1.661279, -0.004028,
196.630859, 1.672559, 1.666113, -0.006445,
196.641568, 1.664502, 1.662085, -0.002417,
196.652135, 1.668530, 1.666919, -0.001611,
196.662779, 1.669336, 1.666919, -0.002417,
196.673376, 1.665308, 1.662085, -0.003223,
196.683998, 1.662085, 1.654834, -0.007251,
196.694467, 1.668530, 1.676587, 0.008057,
196.704934, 1.666113, 1.662891, -0.003223,
196.715574, 1.665308, 1.665308, 0.000000,
196.725799, 1.669336, 1.661279, -0.008057,
196.736457, 1.669336, 1.662085, -0.007251,
196.747137, 1.668530, 1.670142, 0.001611,
196.757457, 1.670142, 1.672559, 0.002417,
196.767810, 1.666919, 1.661279, -0.005640,
196.778368, 1.669336, 1.662085, -0.007251,
196.789027, 1.666919, 1.647583, -0.019336,
196.799594, 1.665308, 1.664502, -0.000806,
196.810355, 1.669336, 1.662891, -0.006445,
196.820919, 1.670947, 1.660474, -0.010474,
196.831462, 1.670142, 1.662085, -0.008057,
196.842247, 1.664502, 1.657251, -0.007251,
196.852805, 1.666113, 1.654028, -0.012085,
196.863452, 1.670947, 1.664502, -0.006445,
196.874125, 1.665308, 1.633081, -0.032227,
196.884808, 1.668530, 1.650806, -0.017725,
196.895355, 1.666919, 1.683032, 0.016113,
196.905822, 1.662891, 1.662085, -0.000806,
196.916454, 1.673364, 1.654028, -0.019336,
196.927108, 1.669336, 1.666113, -0.003223,
196.937760, 1.666113, 1.666919, 0.000806,
196.948144, 1.666113, 1.666113, 0.000000,
196.958351, 1.670142, 1.658862, -0.011279,
196.968929, 1.662891, 1.647583, -0.015308,
196.979462, 1.670947, 1.682227, 0.011279,
196.989916, 1.670142, 1.665308, -0.004834,
197.000484, 1.670947, 1.668530, -0.002417,
197.011236, 1.669336, 1.664502, -0.004834,
197.021813, 1.670142, 1.662085, -0.008057,
197.032355, 1.670142, 1.661279, -0.008862,
197.043027, 1.666919, 1.654028, -0.012891,
197.053574, 1.668530, 1.656445, -0.012085,
197.064246, 1.670142, 1.662085, -0.008057,
197.074919, 1.668530, 1.682227, 0.013696,
197.085350, 1.666113, 1.658862, -0.007251,
197.095927, 1.668530, 1.666113, -0.002417,
197.106575, 1.668530, 1.662085, -0.006445,
197.117246, 1.670142, 1.652417, -0.017725,
197.127812, 1.669336, 1.673364, 0.004028,
197.138246, 1.662085, 1.656445, -0.005640,
197.148816, 1.668530, 1.670142, 0.001611,
197.159219, 1.668530, 1.654834, -0.013696,
197.169746, 1.670947, 1.660474, -0.010474,
197.180366, 1.666919, 1.662085, -0.004834,
197.191031, 1.665308, 1.650000, -0.015308,
197.201572, 1.669336, 1.665308, -0.004028,
197.212297, 1.669336, 1.670142, 0.000806,
197.222596, 1.666113, 1.654834, -0.011279,
197.233143, 1.669336, 1.654028, -0.015308,
197.243825, 1.666919, 1.668530, 0.001611,
197.254146, 1.670142, 1.662085, -0.008057,
197.264802, 1.669336, 1.666113, -0.003223,
197.275358, 1.669336, 1.662891, -0.006445,
197.285997, 1.666919, 1.658862, -0.008057,
197.296472, 1.666919, 1.637915, -0.029004,
197.307150, 1.668530, 1.658862, -0.009668,
197.317807, 1.670142, 1.661279, -0.008862,
197.328377, 1.670142, 1.640332, -0.029810,
197.339030, 1.662085, 1.633081, -0.029004,
197.349579, 1.669336, 1.654028, -0.015308,
197.360250, 1.668530, 1.668530, 0.000000,
197.370519, 1.662891, 1.662085, -0.000806,
197.381031, 1.664502, 1.666919, 0.002417,
197.391360, 1.664502, 1.654028, -0.010474,
197.399358, 1.670142, 1.650000, -0.020142,
197.403921, 1.660474, 1.664502, 0.004028,
197.414462, 1.669336, 1.653223, -0.016113,
197.425030, 1.669336, 1.668530, -0.000806,
197.435694, 1.668530, 1.661279, -0.007251,
197.446365, 1.670142, 1.673364, 0.003223,
197.456700, 1.669336, 1.669336, 0.000000,
197.467078, 1.670142, 1.666113, -0.004028,
197.477689, 1.666919, 1.670142, 0.003223,
197.488141, 1.669336, 1.665308, -0.004028,
197.498702, 1.669336, 1.661279, -0.008057,
197.509438, 1.670947, 1.664502, -0.006445,
197.520033, 1.669336, 1.666919, -0.002417,
197.530580, 1.666919, 1.641138, -0.025781,
197.541346, 1.670142, 1.677393, 0.007251,
197.551622, 1.666919, 1.654028, -0.012891,
197.562245, 1.668530, 1.670142, 0.001611,
197.572655, 1.665308, 1.654834, -0.010474,
197.583142, 1.668530, 1.664502, -0.004028,
197.593690, 1.664502, 1.670947, 0.006445,
197.604029, 1.669336, 1.658862, -0.010474,
197.614705, 1.669336, 1.670142, 0.000806,
197.625031, 1.669336, 1.650000, -0.019336,
197.635704, 1.664502, 1.658057, -0.006445,
197.646358, 1.670947, 1.672559, 0.001611,
197.656707, 1.673364, 1.690283, 0.016919,
197.667151, 1.666919, 1.657251, -0.009668,
197.677706, 1.668530, 1.676587, 0.008057,
197.688144, 1.668530, 1.665308, -0.003223,
197.698695, 1.666919, 1.654834, -0.012085,
197.709436, 1.672559, 1.666919, -0.005640,
197.719923, 1.664502, 1.670142, 0.005640,
197.730252, 1.669336, 1.673364, 0.004028,
197.740820, 1.665308, 1.674170, 0.008862,
197.751142, 1.670142, 1.657251, -0.012891,
197.761813, 1.666919, 1.666113, -0.000806,
197.772424, 1.668530, 1.662085, -0.006445,
197.782933, 1.670142, 1.661279, -0.008862,
197.793577, 1.670142, 1.662085, -0.008057,
197.804145, 1.670142, 1.647583, -0.022559,
197.814816, 1.669336, 1.662085, -0.007251,
197.825361, 1.668530, 1.656445, -0.012085,
197.836015, 1.670142, 1.661279, -0.008862,
197.846596, 1.668530, 1.660474, -0.008057,
197.857141, 1.665308, 1.650806, -0.014502,
197.867708, 1.668530, 1.666113, -0.002417,
197.878363, 1.669336, 1.672559, 0.003223,
197.888807, 1.666919, 1.658057, -0.008862,
197.899359, 1.668530, 1.658057, -0.010474,
197.910137, 1.669336, 1.674976, 0.005640,
197.920483, 1.666919, 1.662085, -0.004834,
197.931033, 1.662085, 1.658057, -0.004028,
197.941716, 1.666919, 1.631470, -0.035449,
197.952252, 1.666113, 1.650806, -0.015308,
197.962924, 1.669336, 1.662085, -0.007251,
197.973547, 1.672559, 1.677393, 0.004834,
197.983928, 1.670142, 1.654028, -0.016113,
197.994471, 1.670142, 1.662085, -0.008057,
198.005158, 1.666919, 1.644360, -0.022559,
198.015522, 1.670947, 1.668530, -0.002417,
198.026357, 1.664502, 1.668530, 0.004028,
198.036706, 1.665308, 1.683032, 0.017725,
198.047143, 1.669336, 1.654834, -0.014502,
198.057705, 1.666919, 1.640332, -0.026587,
198.068358, 1.670142, 1.660474, -0.009668,
198.078934, 1.670142, 1.677393, 0.007251,
198.089365, 1.670142, 1.665308, -0.004834,
198.099934, 1.666113, 1.669336, 0.003223,
198.110466, 1.669336, 1.666113, -0.003223,
198.121030, 1.666113, 1.670142, 0.004028,
198.131357, 1.668530, 1.666113, -0.002417,
198.142019, 1.666113, 1.650000, -0.016113,
198.152571, 1.669336, 1.666919, -0.002417,
198.163147, 1.662085, 1.666919, 0.004834,
198.173550, 1.672559, 1.664502, -0.008057,
198.182339, 1.669336, 1.661279, -0.008057,
198.192927, 1.670142, 1.669336, -0.000806,
198.203469, 1.669336, 1.658057, -0.011279,
198.214252, 1.669336, 1.668530, -0.000806,
198.224812, 1.672559, 1.676587, 0.004028,
198.235252, 1.665308, 1.635498, -0.029810,
198.245950, 1.669336, 1.662085, -0.007251,
198.256472, 1.673364, 1.661279, -0.012085,
198.267146, 1.669336, 1.664502, -0.004834,
198.277704, 1.665308, 1.662085, -0.003223,
198.288366, 1.669336, 1.654834, -0.014502,
198.298933, 1.670947, 1.656445, -0.014502,
198.309690, 1.670947, 1.657251, -0.013696,
198.320351, 1.668530, 1.666113, -0.002417,
198.330815, 1.670142, 1.664502, -0.005640,
198.341642, 1.664502, 1.658057, -0.006445,
198.352144, 1.665308, 1.650806, -0.014502,
198.362808, 1.670142, 1.664502, -0.005640,
198.373411, 1.666919, 1.669336, 0.002417,
198.383777, 1.669336, 1.664502, -0.004834,
198.394252, 1.670142, 1.665308, -0.004834,
198.404940, 1.670142, 1.669336, -0.000806,
198.415597, 1.670142, 1.661279, -0.008862,
198.426146, 1.669336, 1.670947, 0.001611,
198.436592, 1.670142, 1.662085, -0.008057,
198.447248, 1.669336, 1.666919, -0.002417,
198.457805, 1.670142, 1.670142, 0.000000,
198.468140, 1.669336, 1.658057, -0.011279,
198.478698, 1.669336, 1.685449, 0.016113,
198.489142, 1.666919, 1.670947, 0.004028,
198.499476, 1.669336, 1.654028, -0.015308,
198.510254, 1.665308, 1.674170, 0.008862,
198.520578, 1.670947, 1.660474, -0.010474,
198.531147, 1.668530, 1.670142, 0.001611,
198.541592, 1.668530, 1.656445, -0.012085,
198.552148, 1.668530, 1.652417, -0.016113,
198.562815, 1.666919, 1.670142, 0.003223,
198.573185, 1.668530, 1.665308, -0.003223,
198.583791, 1.669336, 1.660474, -0.008862,
198.594252, 1.670142, 1.669336, -0.000806,
198.604939, 1.666919, 1.666113, -0.000806,
198.615573, 1.669336, 1.650806, -0.018530,
198.626150, 1.669336, 1.666919, -0.002417,
198.636815, 1.670947, 1.657251, -0.013696,
198.647476, 1.662085, 1.665308, 0.003223,
198.657807, 1.668530, 1.670142, 0.001611,
198.668167, 1.665308, 1.666113, 0.000806,
198.678470, 1.668530, 1.670142, 0.001611,
198.688934, 1.669336, 1.649194, -0.020142,
198.699470, 1.670142, 1.676587, 0.006445,
198.710038, 1.669336, 1.670142, 0.000806,
198.720364, 1.670947, 1.661279, -0.009668,
198.730925, 1.670142, 1.687060, 0.016919,
198.741365, 1.666919, 1.662085, -0.004834,
198.751896, 1.666919, 1.654834, -0.012085,
198.762484, 1.670947, 1.661279, -0.009668,
198.773133, 1.668530, 1.658057, -0.010474,
198.783667, 1.669336, 1.648389, -0.020947,
198.794148, 1.665308, 1.677393, 0.012085,
198.804465, 1.669336, 1.662891, -0.006445,
198.815152, 1.670947, 1.668530, -0.002417,
198.825691, 1.672559, 1.677393, 0.004834,
198.836164, 1.666113, 1.670947, 0.004834,
198.846597, 1.662891, 1.683032, 0.020142,
198.856926, 1.668530, 1.676587, 0.008057,
198.867249, 1.669336, 1.670947, 0.001611,
198.877592, 1.665308, 1.664502, -0.000806,
198.888253, 1.665308, 1.670142, 0.004834,
198.898594, 1.666919, 1.668530, 0.001611,
198.909152, 1.668530, 1.656445, -0.012085,
198.919710, 1.666113, 1.654834, -0.011279,
198.930249, 1.670142, 1.683838, 0.013696,
198.940829, 1.670142, 1.652417, -0.017725,
198.951371, 1.669336, 1.666919, -0.002417,
198.962029, 1.666113, 1.672559, 0.006445,
198.972426, 1.670947, 1.640332, -0.030615,
198.982938, 1.662085, 1.658057, -0.004028,
198.993253, 1.669336, 1.673364, 0.004028,
199.003580, 1.666113, 1.679810, 0.013696,
199.014153, 1.668530, 1.661279, -0.007251,
199.024700, 1.662891, 1.678198, 0.015308,
199.035147, 1.668530, 1.641138, -0.027393,
199.045706, 1.670142, 1.650000, -0.020142,
199.056251, 1.670142, 1.632275, -0.037866,
199.066933, 1.666919, 1.656445, -0.010474,
199.077515, 1.670947, 1.665308, -0.005640,
199.088151, 1.668530, 1.652417, -0.016113,
199.098707, 1.669336, 1.660474, -0.008862,
199.109446, 1.670142, 1.673364, 0.003223,
199.119819, 1.666919, 1.662085, -0.004834,
199.130364, 1.669336, 1.654028, -0.015308,
199.141146, 1.665308, 1.658862, -0.006445,
199.151703, 1.665308, 1.654834, -0.010474,
199.162394, 1.665308, 1.669336, 0.004028,
199.172732, 1.666113, 1.665308, -0.000806,
199.183266, 1.666919, 1.654834, -0.012085,
199.193821, 1.669336, 1.673364, 0.004028,
199.204152, 1.665308, 1.647583, -0.017725,
199.214815, 1.666113, 1.668530, 0.002417,
199.225151, 1.668530, 1.662085, -0.006445,
199.235807, 1.669336, 1.641138, -0.028198,
199.246473, 1.670142, 1.679810, 0.009668,
199.256820, 1.668530, 1.656445, -0.012085,
199.267469, 1.669336, 1.658862, -0.010474,
199.278034, 1.666919, 1.666919, 0.000000,
199.288368, 1.664502, 1.656445, -0.008057,
199.298931, 1.670142, 1.652417, -0.017725,
199.309686, 1.666919, 1.679004, 0.012085,
199.320044, 1.669336, 1.677393, 0.008057,
199.330364, 1.670142, 1.665308, -0.004834,
199.341116, 1.662085, 1.662891, 0.000806,
199.351365, 1.668530, 1.656445, -0.012085,
199.362034, 1.668530, 1.662891, -0.005640,
199.372661, 1.668530, 1.664502, -0.004028,
199.383153, 1.669336, 1.654028, -0.015308,
199.393701, 1.669336, 1.670142, 0.000806,
199.404056, 1.668530, 1.669336, 0.000806,
199.414468, 1.668530, 1.665308, -0.003223,
199.425063, 1.666113, 1.673364, 0.007251,
199.435473, 1.672559, 1.665308, -0.007251,
199.446165, 1.668530, 1.664502, -0.004028,
199.456707, 1.666113, 1.662085, -0.004028,
199.467370, 1.666113, 1.660474, -0.005640,
199.477940, 1.668530, 1.661279, -0.007251,
199.488597, 1.662085, 1.662085, 0.000000,
199.498932, 1.669336, 1.661279, -0.008057,
199.509688, 1.668530, 1.666113, -0.002417,
199.520253, 1.662891, 1.662085, -0.000806,
199.530818, 1.668530, 1.652417, -0.016113,
199.541580, 1.661279, 1.666919, 0.005640,
199.551934, 1.670142, 1.647583, -0.022559,
199.562593, 1.666919, 1.670142, 0.003223,
199.572948, 1.664502, 1.668530, 0.004028,
199.583249, 1.669336, 1.653223, -0.016113,
199.593823, 1.672559, 1.662085, -0.010474,
199.604376, 1.664502, 1.670142, 0.005640,
199.614825, 1.670142, 1.664502, -0.005640,
199.625372, 1.670947, 1.683032, 0.012085,
199.635813, 1.665308, 1.658862, -0.006445,
199.646470, 1.670947, 1.666113, -0.004834,
199.657040, 1.670142, 1.661279, -0.008862,
199.667600, 1.668530, 1.662891, -0.005640,
199.678161, 1.668530, 1.643555, -0.024976,
199.688844, 1.668530, 1.654834, -0.013696,
199.699374, 1.670947, 1.670947, 0.000000,
199.709922, 1.670947, 1.654834, -0.016113,
199.720474, 1.668530, 1.660474, -0.008057,
199.730931, 1.670142, 1.665308, -0.004834,
199.741578, 1.670947, 1.661279, -0.009668,
199.752180, 1.666919, 1.664502, -0.002417,
199.762824, 1.666919, 1.679810, 0.012891,
199.773165, 1.670142, 1.664502, -0.005640,
199.783796, 1.670142, 1.658862, -0.011279,
199.794346, 1.666113, 1.691895, 0.025781,
199.804674, 1.662085, 1.662891, 0.000806,
199.815045, 1.665308, 1.664502, -0.000806,
199.825599, 1.665308, 1.665308, 0.000000,
199.835937, 1.665308, 1.658057, -0.007251,
199.846606, 1.665308, 1.670947, 0.005640,
199.856939, 1.668530, 1.674170, 0.005640,
199.867251, 1.668530, 1.647583, -0.020947,
199.877823, 1.669336, 1.669336, 0.000000,
199.888263, 1.665308, 1.657251, -0.008057,
199.898824, 1.668530, 1.658862, -0.009668,
199.909601, 1.664502, 1.647583, -0.016919,
199.920154, 1.669336, 1.645166, -0.024170,
199.930704, 1.669336, 1.670142, 0.000806,
199.941254, 1.666113, 1.685449, 0.019336,
199.951616, 1.670142, 1.650806, -0.019336,
199.962254, 1.668530, 1.673364, 0.004834,
199.972643, 1.665308, 1.661279, -0.004028,
199.983145, 1.665308, 1.662085, -0.003223,
199.993703, 1.670142, 1.673364, 0.003223,
200.004041, 1.668530, 1.633887, -0.034644,
200.014736, 1.669336, 1.665308, -0.004028,
200.025251, 1.670142, 1.676587, 0.006445,
200.035712, 1.666919, 1.637915, -0.029004,
200.046369, 1.670142, 1.664502, -0.005640,
200.056943, 1.673364, 1.658057, -0.015308,
200.067595, 1.662085, 1.662085, 0.000000,
200.077942, 1.668530, 1.664502, -0.004028,
200.088580, 1.670947, 1.664502, -0.006445,
200.099155, 1.666113, 1.647583, -0.018530,
200.109931, 1.670142, 1.665308, -0.004834,
200.120482, 1.665308, 1.662891, -0.002417,
200.131041, 1.668530, 1.668530, 0.000000,
200.141489, 1.668530, 1.670142, 0.001611,
200.151825, 1.670947, 1.660474, -0.010474,
200.162469, 1.669336, 1.670142, 0.000806,
200.172901, 1.670142, 1.672559, 0.002417,
200.183160, 1.662085, 1.677393, 0.015308,
200.193478, 1.669336, 1.669336, 0.000000,
200.203711, 1.670142, 1.650806, -0.019336,
200.214479, 1.669336, 1.645166, -0.024170,
200.225056, 1.669336, 1.674170, 0.004834,
200.235472, 1.668530, 1.666113, -0.002417,
200.246160, 1.669336, 1.669336, 0.000000,
200.256478, 1.668530, 1.645972, -0.022559,
200.267149, 1.666919, 1.662891, -0.004028,
200.277730, 1.669336, 1.670142, 0.000806,
200.288155, 1.665308, 1.653223, -0.012085,
200.298702, 1.666919, 1.662085, -0.004834,
200.309448, 1.674170, 1.670142, -0.004028,
200.320039, 1.670947, 1.650000, -0.020947,
200.330604, 1.670142, 1.665308, -0.004834,
200.341407, 1.669336, 1.674976, 0.005640,
200.351707, 1.670142, 1.658862, -0.011279,
200.362369, 1.669336, 1.647583, -0.021753,
200.372950, 1.670947, 1.683838, 0.012891,
200.383255, 1.662085, 1.664502, 0.002417,
200.393604, 1.665308, 1.669336, 0.004028,
200.403935, 1.668530, 1.662085, -0.006445,
200.414708, 1.668530, 1.636304, -0.032227,
200.425250, 1.669336, 1.652417, -0.016919,
200.435938, 1.668530, 1.677393, 0.008862,
200.444436, 1.669336, 1.679004, 0.009668,
200.452088, 1.666919, 1.661279, -0.005640,
200.462701, 1.661279, 1.682227, 0.020947,
200.473156, 1.664502, 1.687060, 0.022559,
200.483471, 1.670142, 1.662891, -0.007251,
200.494056, 1.670142, 1.670947, 0.000806,
200.504370, 1.666113, 1.640332, -0.025781,
200.515049, 1.665308, 1.662085, -0.003223,
200.525600, 1.668530, 1.658057, -0.010474,
200.536246, 1.666113, 1.670947, 0.004834,
200.546702, 1.665308, 1.670142, 0.004834,
200.556956, 1.670142, 1.662085, -0.008057,
200.567580, 1.669336, 1.653223, -0.016113,
200.578156, 1.661279, 1.674976, 0.013696,
200.588601, 1.668530, 1.658057, -0.010474,
200.599160, 1.670947, 1.654028, -0.016919,
200.609925, 1.666113, 1.672559, 0.006445,
200.620261, 1.666919, 1.677393, 0.010474,
200.630603, 1.666919, 1.677393, 0.010474,
200.641051, 1.666113, 1.661279, -0.004834,
200.651600, 1.670947, 1.665308, -0.005640,
200.662254, 1.666919, 1.662891, -0.004028,
200.672907, 1.668530, 1.668530, 0.000000,
200.683160, 1.665308, 1.654834, -0.010474,
200.693705, 1.670142, 1.664502, -0.005640,
200.704267, 1.669336, 1.674976, 0.005640,
200.714823, 1.668530, 1.666113, -0.002417,
200.725374, 1.668530, 1.662891, -0.005640,
200.736053, 1.666919, 1.645166, -0.021753,
200.746705, 1.670142, 1.674976, 0.004834,
200.757041, 1.668530, 1.660474, -0.008057,
200.767611, 1.668530, 1.662891, -0.005640,
200.778249, 1.666113, 1.670947, 0.004834,
200.788700, 1.658862, 1.668530, 0.009668,
200.799052, 1.665308, 1.668530, 0.003223,
200.809600, 1.666113, 1.665308, -0.000806,
200.820158, 1.666113, 1.662085, -0.004028,
200.830707, 1.670142, 1.669336, -0.000806,
200.841478, 1.670142, 1.665308, -0.004834,
200.852038, 1.666113, 1.666919, 0.000806,
200.862475, 1.668530, 1.664502, -0.004028,
200.873126, 1.662891, 1.661279, -0.001611,
200.883682, 1.666919, 1.654834, -0.012085,
200.894164, 1.666919, 1.670947, 0.004028,
200.904472, 1.670142, 1.654028, -0.016113,
200.915158, 1.662891, 1.662085, -0.000806,
200.925706, 1.670947, 1.656445, -0.014502,
200.936368, 1.665308, 1.666919, 0.001611,
200.946831, 1.666113, 1.674976, 0.008862,
200.957161, 1.668530, 1.670947, 0.002417,
200.967482, 1.662085, 1.647583, -0.014502,
200.978035, 1.662085, 1.677393, 0.015308,
200.988444, 1.670947, 1.658862, -0.012085,
200.998954, 1.668530, 1.652417, -0.016113,
201.009680, 1.658862, 1.666113, 0.007251,
201.020043, 1.670142, 1.664502, -0.005640,
201.030604, 1.666919, 1.670947, 0.004028,
201.041150, 1.670142, 1.668530, -0.001611,
201.051704, 1.670142, 1.657251, -0.012891,
201.062255, 1.666919, 1.661279, -0.005640,
201.072881, 1.668530, 1.666919, -0.001611,
201.083376, 1.668530, 1.647583, -0.020947,
201.093947, 1.669336, 1.674976, 0.005640,
201.104264, 1.666919, 1.657251, -0.009668,
201.115041, 1.666919, 1.654834, -0.012085,
201.125604, 1.668530, 1.669336, 0.000806,
201.136032, 1.668530, 1.670142, 0.001611,
201.146377, 1.666919, 1.647583, -0.019336,
201.156940, 1.670947, 1.666113, -0.004834,
201.167474, 1.672559, 1.677393, 0.004834,
201.177825, 1.668530, 1.668530, 0.000000,
201.188249, 1.668530, 1.665308, -0.003223,
201.198820, 1.669336, 1.654834, -0.014502,
201.209606, 1.669336, 1.669336, 0.000000,
201.219945, 1.662085, 1.647583, -0.014502,
201.230475, 1.669336, 1.686255, 0.016919,
201.241042, 1.666919, 1.665308, -0.001611,
201.251603, 1.664502, 1.647583, -0.016919,
201.262280, 1.668530, 1.639526, -0.029004,
201.272910, 1.662891, 1.631470, -0.031421,
201.283472, 1.670142, 1.662891, -0.007251,
201.294040, 1.668530, 1.673364, 0.004834,
201.304381, 1.670142, 1.662891, -0.007251,
201.315046, 1.668530, 1.662891, -0.005640,
201.325627, 1.666919, 1.662085, -0.004834,
201.336254, 1.669336, 1.674976, 0.005640,
201.346711, 1.670142, 1.665308, -0.004834,
201.357287, 1.670142, 1.656445, -0.013696,
201.367941, 1.666113, 1.647583, -0.018530,
201.378475, 1.672559, 1.670947, -0.001611,
201.389158, 1.668530, 1.652417, -0.016113,
201.399715, 1.668530, 1.660474, -0.008057,
201.410470, 1.668530, 1.670142, 0.001611,
201.420823, 1.669336, 1.654834, -0.014502,
201.431371, 1.672559, 1.656445, -0.016113,
201.442035, 1.670142, 1.672559, 0.002417,
201.452378, 1.668530, 1.657251, -0.011279,
201.463050, 1.668530, 1.683838, 0.015308,
201.473391, 1.662891, 1.658057, -0.004834,
201.484022, 1.669336, 1.640332, -0.029004,
201.494494, 1.664502, 1.658862, -0.005640,
201.505166, 1.670142, 1.657251, -0.012891,
201.515834, 1.665308, 1.665308, 0.000000,
201.526160, 1.664502, 1.662891, -0.001611,
201.536825, 1.666113, 1.664502, -0.001611,
201.547478, 1.668530, 1.664502, -0.004028,
201.558040, 1.668530, 1.662085, -0.006445,
201.568601, 1.669336, 1.674170, 0.004834,
201.578947, 1.668530, 1.664502, -0.004028,
201.589605, 1.669336, 1.636304, -0.033032,
201.600158, 1.668530, 1.658862, -0.009668,
201.610938, 1.669336, 1.677393, 0.008057,
201.621266, 1.664502, 1.632275, -0.032227,
201.631823, 1.668530, 1.658862, -0.009668,
201.642598, 1.670142, 1.649194, -0.020947,
201.653179, 1.669336, 1.658057, -0.011279,
201.663828, 1.668530, 1.668530, 0.000000,
201.674228, 1.669336, 1.653223, -0.016113,
201.684926, 1.668530, 1.654834, -0.013696,
201.695480, 1.664502, 1.654834, -0.009668,
201.706162, 1.668530, 1.653223, -0.015308,
201.716837, 1.665308, 1.674976, 0.009668,
201.727159, 1.662891, 1.677393, 0.014502,
201.737559, 1.670947, 1.650806, -0.020142,
201.748158, 1.662891, 1.656445, -0.006445,
201.758795, 1.665308, 1.664502, -0.000806,
201.769379, 1.661279, 1.653223, -0.008057,
201.779948, 1.669336, 1.676587, 0.007251,
201.790374, 1.670142, 1.657251, -0.012891,
201.800940, 1.662085, 1.662891, 0.000806,
201.811458, 1.669336, 1.654834, -0.014502,
201.822043, 1.662085, 1.666113, 0.004028,
201.832378, 1.672559, 1.664502, -0.008057,
201.843046, 1.662085, 1.673364, 0.011279,
201.853378, 1.670142, 1.662085, -0.008057,
201.864042, 1.668530, 1.670947, 0.002417,
201.874412, 1.674976, 1.673364, -0.001611,
201.885042, 1.670947, 1.661279, -0.009668,
201.895598, 1.662085, 1.666919, 0.004834,
201.906059, 1.666113, 1.666113, 0.000000,
201.916493, 1.673364, 1.669336, -0.004028,
201.927049, 1.666919, 1.668530, 0.001611,
201.937481, 1.670142, 1.647583, -0.022559,
201.948160, 1.668530, 1.669336, 0.000806,
201.958480, 1.668530, 1.664502, -0.004028,
201.969051, 1.662085, 1.662085, 0.000000,
201.979378, 1.666113, 1.665308, -0.000806,
201.990044, 1.664502, 1.665308, 0.000806,
202.000377, 1.670142, 1.658057, -0.012085,
202.011164, 1.666113, 1.662891, -0.003223,
202.021709, 1.658057, 1.662085, 0.004028,
202.032049, 1.669336, 1.664502, -0.004834,
202.042706, 1.669336, 1.674976, 0.005640,
202.053037, 1.669336, 1.674170, 0.004834,
202.063379, 1.665308, 1.658862, -0.006445,
202.074012, 1.666919, 1.654834, -0.012085,
202.084609, 1.669336, 1.664502, -0.004834,
202.095170, 1.670142, 1.658862, -0.011279,
202.105834, 1.670142, 1.665308, -0.004834,
202.116477, 1.669336, 1.664502, -0.004834,
202.127044, 1.666919, 1.662085, -0.004834,
202.137604, 1.666919, 1.670947, 0.004028,
202.147942, 1.662085, 1.664502, 0.002417,
202.158274, 1.668530, 1.660474, -0.008057,
202.168942, 1.670142, 1.677393, 0.007251,
202.179283, 1.665308, 1.653223, -0.012085,
202.189941, 1.670142, 1.670142, 0.000000,
202.200164, 1.670142, 1.657251, -0.012891,
202.210946, 1.668530, 1.668530, 0.000000,
202.221268, 1.670947, 1.662085, -0.008862,
202.231829, 1.669336, 1.672559, 0.003223,
202.242414, 1.670947, 1.672559, 0.001611,
202.252707, 1.669336, 1.665308, -0.004028,
202.263386, 1.670142, 1.665308, -0.004834,
202.273984, 1.670142, 1.665308, -0.004834,
202.284610, 1.668530, 1.662085, -0.006445,
202.295166, 1.670142, 1.670142, 0.000000,
202.305474, 1.669336, 1.662085, -0.007251,
202.316165, 1.666919, 1.664502, -0.002417,
202.326716, 1.665308, 1.683838, 0.018530,
202.337164, 1.670947, 1.666919, -0.004028,
202.347839, 1.669336, 1.676587, 0.007251,
202.358171, 1.670142, 1.662085, -0.008057,
202.368714, 1.670142, 1.654028, -0.016113,
202.379349, 1.670142, 1.666113, -0.004028,
202.389951, 1.666113, 1.674170, 0.008057,
202.400262, 1.666919, 1.666113, -0.000806,
202.411034, 1.666919, 1.656445, -0.010474,
202.421609, 1.662891, 1.665308, 0.002417,
202.431943, 1.670142, 1.661279, -0.008862,
202.442613, 1.668530, 1.670142, 0.001611,
202.452949, 1.669336, 1.674170, 0.004834,
202.463383, 1.670142, 1.673364, 0.003223,
202.473767, 1.666113, 1.662085, -0.004028,
202.479847, 1.666113, 1.686255, 0.020142,
202.482737, 1.666113, 1.645166, -0.020947,
202.493386, 1.668530, 1.668530, 0.000000,
202.503649, 1.669336, 1.658057, -0.011279,
202.514379, 1.665308, 1.662891, -0.002417,
202.524947, 1.670142, 1.664502, -0.005640,
202.535609, 1.668530, 1.662085, -0.006445,
202.546163, 1.669336, 1.668530, -0.000806,
202.556710, 1.670142, 1.668530, -0.001611,
202.567277, 1.666919, 1.656445, -0.010474,
202.577913, 1.668530, 1.665308, -0.003223,
202.588483, 1.670142, 1.654834, -0.015308,
202.599049, 1.669336, 1.665308, -0.004028,
202.609826, 1.670142, 1.670947, 0.000806,
202.620160, 1.670142, 1.639526, -0.030615,
202.630713, 1.670142, 1.662891, -0.007251,
202.641383, 1.666919, 1.666113, -0.000806,
202.651950, 1.670142, 1.666919, -0.003223,
202.662613, 1.669336, 1.670947, 0.001611,
202.672967, 1.670142, 1.662891, -0.007251,
202.683485, 1.670142, 1.662085, -0.008057,
202.694059, 1.666113, 1.666919, 0.000806,
202.704392, 1.668530, 1.658862, -0.009668,
202.715061, 1.670947, 1.660474, -0.010474,
202.725609, 1.668530, 1.664502, -0.004028,
202.736254, 1.666919, 1.652417, -0.014502,
202.746829, 1.666113, 1.660474, -0.005640,
202.757405, 1.662085, 1.660474, -0.001611,
202.768170, 1.669336, 1.662085, -0.007251,
202.778806, 1.669336, 1.633887, -0.035449,
202.789495, 1.670142, 1.668530, -0.001611,
202.800127, 1.662085, 1.658057, -0.004028,
202.810969, 1.670142, 1.672559, 0.002417,
202.821362, 1.666113, 1.669336, 0.003223,
202.831732, 1.665308, 1.660474, -0.004834,
202.842522, 1.670142, 1.670947, 0.000806,
202.852950, 1.666113, 1.639526, -0.026587,
202.863637, 1.670142, 1.637915, -0.032227,
202.874291, 1.672559, 1.670142, -0.002417,
202.884984, 1.668530, 1.661279, -0.007251,
202.895515, 1.668530, 1.658057, -0.010474,
202.906178, 1.670947, 1.666113, -0.004834,
202.916950, 1.666113, 1.652417, -0.013696,
202.927573, 1.666919, 1.668530, 0.001611,
202.938046, 1.662085, 1.678198, 0.016113,
202.948404, 1.668530, 1.658862, -0.009668,
202.959058, 1.664502, 1.670142, 0.005640,
202.969474, 1.668530, 1.639526, -0.029004,
202.980112, 1.665308, 1.665308, 0.000000,
202.990540, 1.668530, 1.682227, 0.013696,
203.000860, 1.666919, 1.652417, -0.014502,
203.011637, 1.666919, 1.670142, 0.003223,
203.022071, 1.662891, 1.668530, 0.005640,
203.032471, 1.669336, 1.662085, -0.007251,
203.043180, 1.669336, 1.683838, 0.014502,
203.053502, 1.670142, 1.660474, -0.009668,
203.064181, 1.670142, 1.652417, -0.017725,
203.074805, 1.664502, 1.665308, 0.000806,
203.085291, 1.665308, 1.670142, 0.004834,
203.095659, 1.668530, 1.666113, -0.002417,
203.106378, 1.666919, 1.673364, 0.006445,
203.116859, 1.660474, 1.670947, 0.010474,
203.127292, 1.666919, 1.677393, 0.010474,
203.137751, 1.665308, 1.672559, 0.007251,
203.148208, 1.666919, 1.660474, -0.006445,
203.158793, 1.670142, 1.658862, -0.011279,
203.169489, 1.662085, 1.673364, 0.011279,
203.179966, 1.664502, 1.672559, 0.008057,
203.190389, 1.666919, 1.665308, -0.001611,
203.201067, 1.666113, 1.662085, -0.004028,
203.211847, 1.668530, 1.666113, -0.002417,
203.222492, 1.670142, 1.654834, -0.015308,
203.233169, 1.666919, 1.654028, -0.012891,
203.243793, 1.669336, 1.668530, -0.000806,
203.254497, 1.670142, 1.657251, -0.012891,
203.265182, 1.668530, 1.656445, -0.012085,
203.275923, 1.666113, 1.664502, -0.001611,
203.286648, 1.670142, 1.683838, 0.013696,
203.297068, 1.670947, 1.676587, 0.005640,
203.307572, 1.666919, 1.640332, -0.026587,
203.318279, 1.669336, 1.662085, -0.007251,
203.328956, 1.669336, 1.677393, 0.008057,
203.339439, 1.666919, 1.654834, -0.012085,
203.350122, 1.670142, 1.660474, -0.009668,
203.360837, 1.666113, 1.674170, 0.008057,
203.371332, 1.666113, 1.653223, -0.012891,
203.381958, 1.662085, 1.669336, 0.007251,
203.392400, 1.669336, 1.670142, 0.000806,
203.402779, 1.662085, 1.652417, -0.009668,
203.413603, 1.668530, 1.662085, -0.006445,
203.424292, 1.666919, 1.662085, -0.004834,
203.435001, 1.665308, 1.674170, 0.008862,
203.445485, 1.670142, 1.668530, -0.001611,
203.456080, 1.668530, 1.666919, -0.001611,
203.466802, 1.673364, 1.650000, -0.023364,
203.477468, 1.669336, 1.662891, -0.006445,
203.488205, 1.665308, 1.661279, -0.004028,
203.498837, 1.669336, 1.652417, -0.016919,
203.509630, 1.661279, 1.670142, 0.008862,
203.520017, 1.670142, 1.654834, -0.015308,
203.530543, 1.658862, 1.665308, 0.006445,
203.541077, 1.665308, 1.662891, -0.002417,
203.551737, 1.668530, 1.678198, 0.009668,
203.562285, 1.668530, 1.662891, -0.005640,
203.572957, 1.662891, 1.658862, -0.004028,
203.583523, 1.665308, 1.661279, -0.004028,
203.594134, 1.668530, 1.679004, 0.010474,
203.604408, 1.668530, 1.654028, -0.014502,
203.615173, 1.665308, 1.654834, -0.010474,
203.625861, 1.668530, 1.664502, -0.004028,
203.636632, 1.669336, 1.650806, -0.018530,
203.647398, 1.669336, 1.658057, -0.011279,
203.657963, 1.666113, 1.658862, -0.007251,
203.668647, 1.668530, 1.652417, -0.016113,
203.679298, 1.662891, 1.662891, 0.000000,
203.689846, 1.670142, 1.650000, -0.020142,
203.700418, 1.662891, 1.654834, -0.008057,
203.710974, 1.669336, 1.668530, -0.000806,
203.721531, 1.666919, 1.654834, -0.012085,
203.731963, 1.664502, 1.666113, 0.001611,
203.742496, 1.668530, 1.662891, -0.005640,
203.753137, 1.666113, 1.658862, -0.007251,
203.763840, 1.674170, 1.670142, -0.004028,
203.774505, 1.669336, 1.662085, -0.007251,
203.785196, 1.666919, 1.652417, -0.014502,
203.795850, 1.666919, 1.656445, -0.010474,
203.806620, 1.662891, 1.664502, 0.001611,
203.817144, 1.670142, 1.650000, -0.020142,
203.827751, 1.666113, 1.669336, 0.003223,
203.838212, 1.669336, 1.654834, -0.014502,
203.848869, 1.660474, 1.654028, -0.006445,
203.859534, 1.668530, 1.679810, 0.011279,
203.869955, 1.668530, 1.658057, -0.010474,
203.880521, 1.662085, 1.660474, -0.001611,
203.891255, 1.669336, 1.652417, -0.016919,
203.901846, 1.665308, 1.677393, 0.012085,
203.912424, 1.670142, 1.660474, -0.009668,
203.922982, 1.669336, 1.662085, -0.007251,
203.933535, 1.670142, 1.652417, -0.017725,
203.944228, 1.670947, 1.666113, -0.004834,
203.954854, 1.670142, 1.662085, -0.008057,
203.965552, 1.662891, 1.670142, 0.007251,
203.975980, 1.665308, 1.668530, 0.003223,
203.986430, 1.668530, 1.657251, -0.011279,
203.997064, 1.664502, 1.654834, -0.009668,
204.007739, 1.668530, 1.661279, -0.007251,
204.018513, 1.666919, 1.648389, -0.018530,
204.029138, 1.668530, 1.683838, 0.015308,
204.039715, 1.662891, 1.673364, 0.010474,
204.050074, 1.669336, 1.650806, -0.018530,
204.060857, 1.665308, 1.654028, -0.011279,
204.071597, 1.666113, 1.645166, -0.020947,
204.082191, 1.668530, 1.650000, -0.018530,
204.092854, 1.666113, 1.668530, 0.002417,
204.103181, 1.666113, 1.668530, 0.002417,
204.113762, 1.662891, 1.670142, 0.007251,
204.124192, 1.668530, 1.650806, -0.017725,
204.134865, 1.669336, 1.662085, -0.007251,
204.145523, 1.668530, 1.658862, -0.009668,
204.156085, 1.668530, 1.662891, -0.005640,
204.166858, 1.668530, 1.636304, -0.032227,
204.177435, 1.666113, 1.665308, -0.000806,
204.188113, 1.669336, 1.662085, -0.007251,
204.198644, 1.668530, 1.662085, -0.006445,
204.209414, 1.664502, 1.670142, 0.005640,
204.219849, 1.666113, 1.649194, -0.016919,
204.230490, 1.668530, 1.662085, -0.006445,
204.241193, 1.666113, 1.665308, -0.000806,
204.251811, 1.666113, 1.662085, -0.004028,
204.262511, 1.670142, 1.658057, -0.012085,
204.273148, 1.666919, 1.683838, 0.016919,
204.283530, 1.670947, 1.654834, -0.016113,
204.294071, 1.666919, 1.666113, -0.000806,
204.304644, 1.666113, 1.656445, -0.009668,
204.315527, 1.666919, 1.654834, -0.012085,
204.326094, 1.669336, 1.644360, -0.024976,
204.336738, 1.670142, 1.654834, -0.015308,
204.347623, 1.662085, 1.677393, 0.015308,
204.358056, 1.668530, 1.656445, -0.012085,
204.368649, 1.662891, 1.654028, -0.008862,
204.379301, 1.665308, 1.658862, -0.006445,
204.389991, 1.668530, 1.662085, -0.006445,
204.400558, 1.664502, 1.677393, 0.012891,
204.411094, 1.669336, 1.658057, -0.011279,
204.421734, 1.664502, 1.658057, -0.006445,
204.432311, 1.665308, 1.657251, -0.008057,
204.443150, 1.664502, 1.661279, -0.003223,
204.453737, 1.672559, 1.656445, -0.016113,
204.464399, 1.669336, 1.658862, -0.010474,
204.475085, 1.666919, 1.660474, -0.006445,
204.485802, 1.669336, 1.654834, -0.014502,
204.496432, 1.662085, 1.678198, 0.016113,
204.506933, 1.665308, 1.654834, -0.010474,
204.517663, 1.665308, 1.662891, -0.002417,
204.528181, 1.670142, 1.691895, 0.021753,
204.538672, 1.669336, 1.670142, 0.000806,
204.549128, 1.664502, 1.650806, -0.013696,
204.559748, 1.665308, 1.670142, 0.004834,
204.570084, 1.668530, 1.665308, -0.003223,
204.580624, 1.660474, 1.658862, -0.001611,
204.591293, 1.669336, 1.661279, -0.008057,
204.601927, 1.669336, 1.660474, -0.008862,
204.612740, 1.664502, 1.664502, 0.000000,
204.623072, 1.665308, 1.654834, -0.010474,
204.633791, 1.669336, 1.676587, 0.007251,
204.644293, 1.669336, 1.654028, -0.015308,
204.654854, 1.670142, 1.648389, -0.021753,
204.665633, 1.662891, 1.666919, 0.004028,
204.676079, 1.669336, 1.681421, 0.012085,
204.686539, 1.666919, 1.654834, -0.012085,
204.697175, 1.670142, 1.645972, -0.024170,
204.707787, 1.670947, 1.668530, -0.002417,
204.718546, 1.674170, 1.654834, -0.019336,
204.729184, 1.672559, 1.673364, 0.000806,
204.739713, 1.666113, 1.657251, -0.008862,
204.750294, 1.666919, 1.654834, -0.012085,
204.760991, 1.665308, 1.673364, 0.008057,
204.771398, 1.662085, 1.658862, -0.003223,
204.781965, 1.673364, 1.641138, -0.032227,
204.792677, 1.658862, 1.669336, 0.010474,
204.803068, 1.668530, 1.662891, -0.005640,
204.813956, 1.668530, 1.658057, -0.010474,
204.824621, 1.665308, 1.658862, -0.006445,
204.835401, 1.666919, 1.654834, -0.012085,
204.846149, 1.666113, 1.666919, 0.000806,
204.856500, 1.666113, 1.660474, -0.005640,
204.867299, 1.665308, 1.657251, -0.008057,
204.877973, 1.658862, 1.665308, 0.006445,
204.888423, 1.670142, 1.661279, -0.008862,
204.899044, 1.662085, 1.664502, 0.002417,
204.909491, 1.670947, 1.662891, -0.008057,
204.920088, 1.664502, 1.670142, 0.005640,
204.930429, 1.669336, 1.683032, 0.013696,
204.940959, 1.670142, 1.660474, -0.009668,
204.951555, 1.665308, 1.666919, 0.001611,
204.962090, 1.664502, 1.660474, -0.004028,
204.972710, 1.669336, 1.661279, -0.008057,
204.983341, 1.666919, 1.654834, -0.012085,
204.993982, 1.666919, 1.674170, 0.007251,
205.004307, 1.666919, 1.658862, -0.008057,
205.015107, 1.666919, 1.654834, -0.012085,
205.025756, 1.670142, 1.662891, -0.007251,
205.036476, 1.670142, 1.670142, 0.000000,
205.046978, 1.670142, 1.666113, -0.004028,
205.057544, 1.666919, 1.658862, -0.008057,
205.068335, 1.666113, 1.669336, 0.003223,
205.078814, 1.668530, 1.664502, -0.004028,
205.089507, 1.665308, 1.662085, -0.003223,
205.100086, 1.664502, 1.650806, -0.013696,
205.110791, 1.666919, 1.683838, 0.016919,
205.121313, 1.668530, 1.653223, -0.015308,
205.131954, 1.666113, 1.662891, -0.003223,
205.142648, 1.669336, 1.674976, 0.005640,
205.153022, 1.669336, 1.661279, -0.008057,
205.163640, 1.668530, 1.656445, -0.012085,
205.174251, 1.666919, 1.666113, -0.000806,
205.184963, 1.670142, 1.654028, -0.016113,
205.195628, 1.666113, 1.662085, -0.004028,
205.206323, 1.666919, 1.672559, 0.005640,
205.216847, 1.669336, 1.654028, -0.015308,
205.227430, 1.666919, 1.662085, -0.004834,
205.238088, 1.668530, 1.662891, -0.005640,
205.248808, 1.666919, 1.650000, -0.016919,
205.259600, 1.668530, 1.674976, 0.006445,
205.269995, 1.668530, 1.670142, 0.001611,
205.280330, 1.670142, 1.662085, -0.008057,
205.290982, 1.664502, 1.647583, -0.016919,
205.301596, 1.664502, 1.664502, 0.000000,
205.312115, 1.669336, 1.665308, -0.004028,
205.322666, 1.669336, 1.664502, -0.004834,
205.333195, 1.670142, 1.648389, -0.021753,
205.343964, 1.669336, 1.661279, -0.008057,
205.354523, 1.669336, 1.641943, -0.027393,
205.365245, 1.668530, 1.656445, -0.012085,
205.375898, 1.664502, 1.670947, 0.006445,
205.386308, 1.668530, 1.654028, -0.014502,
205.396975, 1.666919, 1.668530, 0.001611,
205.407410, 1.670142, 1.650000, -0.020142,
205.418092, 1.662085, 1.674976, 0.012891,
205.428527, 1.668530, 1.673364, 0.004834,
205.438972, 1.666919, 1.662085, -0.004834,
205.449521, 1.666113, 1.665308, -0.000806,
205.460290, 1.669336, 1.664502, -0.004834,
205.470935, 1.669336, 1.673364, 0.004028,
205.481302, 1.666919, 1.662085, -0.004834,
205.491990, 1.664502, 1.674170, 0.009668,
205.502364, 1.666919, 1.670142, 0.003223,
205.512874, 1.666113, 1.683838, 0.017725,
205.523289, 1.662891, 1.656445, -0.006445,
205.534002, 1.668530, 1.647583, -0.020947,
205.544632, 1.670142, 1.664502, -0.005640,
205.555208, 1.670142, 1.635498, -0.034644,
205.565961, 1.664502, 1.648389, -0.016113,
205.576536, 1.666919, 1.657251, -0.009668,
205.587216, 1.662085, 1.662085, 0.000000,
205.597555, 1.664502, 1.662085, -0.002417,
205.608739, 1.662891, 1.640332, -0.022559,
205.619333, 1.666919, 1.653223, -0.013696,
205.629900, 1.666919, 1.657251, -0.009668,
205.640647, 1.670142, 1.666919, -0.003223,
205.651255, 1.666113, 1.665308, -0.000806,
205.661970, 1.668530, 1.666113, -0.002417,
205.672612, 1.666113, 1.654834, -0.011279,
205.683224, 1.668530, 1.653223, -0.015308,
205.693833, 1.666113, 1.669336, 0.003223,
205.704212, 1.666919, 1.666919, 0.000000,
205.714783, 1.670142, 1.664502, -0.005640,
205.725465, 1.668530, 1.660474, -0.008057,
205.736084, 1.662085, 1.685449, 0.023364,
205.746526, 1.665308, 1.658862, -0.006445,
205.757188, 1.670142, 1.670142, 0.000000,
205.767535, 1.666113, 1.665308, -0.000806,
205.778214, 1.669336, 1.662085, -0.007251,
205.788973, 1.669336, 1.677393, 0.008057,
205.799301, 1.666919, 1.632275, -0.034644,
205.810076, 1.668530, 1.674170, 0.005640,
205.820497, 1.672559, 1.676587, 0.004028,
205.830878, 1.664502, 1.654834, -0.009668,
205.841749, 1.662085, 1.670142, 0.008057,
205.852191, 1.670142, 1.666919, -0.003223,
205.862807, 1.662891, 1.668530, 0.005640,
205.873289, 1.672559, 1.654834, -0.017725,
205.883971, 1.661279, 1.654834, -0.006445,
205.894531, 1.668530, 1.681421, 0.012891,
205.904962, 1.666113, 1.662085, -0.004028,
205.915813, 1.670142, 1.665308, -0.004834,
205.926415, 1.673364, 1.662891, -0.010474,
205.937078, 1.672559, 1.661279, -0.011279,
205.947786, 1.666919, 1.654028, -0.012891,
205.958375, 1.669336, 1.674170, 0.004834,
205.968757, 1.666113, 1.656445, -0.009668,
205.979455, 1.665308, 1.666113, 0.000806,
205.989928, 1.664502, 1.660474, -0.004028,
206.000515, 1.670947, 1.662085, -0.008862,
206.011066, 1.669336, 1.672559, 0.003223,
206.021415, 1.668530, 1.662085, -0.006445,
206.032009, 1.670142, 1.654028, -0.016113,
206.042826, 1.666919, 1.666919, 0.000000,
206.053212, 1.666919, 1.662085, -0.004834,
206.063984, 1.666113, 1.657251, -0.008862,
206.074631, 1.670142, 1.666919, -0.003223,
206.085312, 1.668530, 1.677393, 0.008862,
206.095755, 1.668530, 1.641138, -0.027393,
206.106402, 1.668530, 1.662085, -0.006445,
206.117078, 1.664502, 1.658862, -0.005640,
206.127618, 1.668530, 1.658057, -0.010474,
206.138279, 1.670142, 1.657251, -0.012891,
206.148850, 1.666113, 1.658057, -0.008057,
206.159469, 1.665308, 1.679810, 0.014502,
206.169732, 1.665308, 1.669336, 0.004028,
206.180063, 1.668530, 1.654834, -0.013696,
206.190630, 1.666113, 1.666919, 0.000806,
206.200958, 1.660474, 1.658057, -0.002417,
206.211627, 1.668530, 1.660474, -0.008057,
206.222181, 1.665308, 1.640332, -0.024976,
206.232729, 1.668530, 1.643555, -0.024976,
206.243411, 1.666113, 1.640332, -0.025781,
206.253963, 1.668530, 1.658057, -0.010474,
206.264619, 1.669336, 1.662085, -0.007251,
206.275177, 1.668530, 1.676587, 0.008057,
206.285621, 1.669336, 1.654834, -0.014502,
206.296177, 1.664502, 1.640332, -0.024170,
206.306758, 1.666113, 1.670142, 0.004028,
206.317280, 1.669336, 1.665308, -0.004028,
206.327841, 1.670142, 1.661279, -0.008862,
206.338499, 1.668530, 1.660474, -0.008057,
206.349181, 1.664502, 1.658862, -0.005640,
206.359841, 1.665308, 1.658862, -0.006445,
206.370394, 1.670142, 1.676587, 0.006445,
206.380723, 1.670142, 1.650806, -0.019336,
206.391400, 1.669336, 1.661279, -0.008057,
206.401978, 1.664502, 1.670142, 0.005640,
206.412485, 1.666113, 1.670142, 0.004028,
206.422853, 1.668530, 1.654834, -0.013696,
206.433388, 1.673364, 1.656445, -0.016919,
206.444064, 1.665308, 1.683838, 0.018530,
206.454403, 1.670142, 1.668530, -0.001611,
206.465026, 1.670142, 1.660474, -0.009668,
206.475544, 1.668530, 1.679810, 0.011279,
206.485966, 1.668530, 1.664502, -0.004028,
206.496501, 1.666919, 1.678198, 0.011279,
206.506844, 1.669336, 1.666113, -0.003223,
206.517625, 1.670142, 1.664502, -0.005640,
206.528182, 1.670142, 1.670142, 0.000000,
206.538494, 1.665308, 1.665308, 0.000000,
206.548848, 1.668530, 1.656445, -0.012085,
206.559470, 1.662085, 1.670947, 0.008862,
206.569754, 1.665308, 1.670947, 0.005640,
206.580072, 1.666113, 1.641943, -0.024170,
206.590731, 1.670947, 1.654834, -0.016113,
206.601281, 1.665308, 1.679810, 0.014502,
206.611729, 1.662891, 1.648389, -0.014502,
206.622284, 1.668530, 1.670142, 0.001611,
206.632621, 1.669336, 1.650806, -0.018530,
206.643282, 1.670142, 1.683032, 0.012891,
206.653625, 1.669336, 1.654834, -0.014502,
206.664288, 1.670142, 1.658057, -0.012085,
206.674928, 1.670142, 1.670947, 0.000806,
206.685283, 1.664502, 1.658862, -0.005640,
206.695854, 1.668530, 1.662891, -0.005640,
206.706405, 1.670947, 1.666113, -0.004834,
206.717177, 1.664502, 1.666113, 0.001611,
206.727505, 1.670142, 1.653223, -0.016919,
206.738173, 1.670142, 1.670142, 0.000000,
206.748509, 1.666919, 1.662891, -0.004028,
206.759183, 1.670142, 1.666919, -0.003223,
206.769741, 1.670947, 1.649194, -0.021753,
206.780291, 1.670947, 1.654028, -0.016919,
206.790966, 1.669336, 1.679004, 0.009668,
206.801291, 1.670142, 1.654028, -0.016113,
206.812066, 1.661279, 1.662085, 0.000806,
206.822401, 1.670142, 1.664502, -0.005640,
206.832979, 1.665308, 1.649194, -0.016113,
206.843627, 1.668530, 1.673364, 0.004834,
206.853967, 1.666113, 1.677393, 0.011279,
206.864389, 1.670142, 1.662891, -0.007251,
206.874964, 1.668530, 1.672559, 0.004028,
206.885389, 1.669336, 1.645166, -0.024170,
206.895982, 1.662891, 1.658057, -0.004834,
206.906511, 1.670142, 1.676587, 0.006445,
206.917061, 1.662085, 1.666919, 0.004834,
206.927402, 1.670142, 1.654834, -0.015308,
206.937962, 1.665308, 1.662085, -0.003223,
206.948504, 1.670142, 1.666113, -0.004028,
206.959182, 1.669336, 1.687866, 0.018530,
206.969508, 1.662085, 1.665308, 0.003223,
206.979852, 1.666113, 1.664502, -0.001611,
206.990506, 1.673364, 1.662085, -0.011279,
207.001071, 1.664502, 1.669336, 0.004834,
207.011627, 1.670142, 1.658862, -0.011279,
207.022182, 1.666919, 1.664502, -0.002417,
207.032739, 1.670142, 1.648389, -0.021753,
207.043500, 1.668530, 1.670142, 0.001611,
207.053855, 1.670142, 1.662085, -0.008057,
207.064504, 1.665308, 1.664502, -0.000806,
207.075077, 1.670142, 1.665308, -0.004834,
207.085738, 1.670142, 1.654834, -0.015308,
207.096311, 1.662085, 1.656445, -0.005640,
207.106359, 1.662891, 1.654028, -0.008862,
207.117070, 1.670142, 1.668530, -0.001611,
207.127622, 1.670142, 1.654834, -0.015308,
207.138277, 1.666113, 1.657251, -0.008862,
207.148843, 1.670142, 1.666113, -0.004028,
207.159514, 1.662085, 1.670142, 0.008057,
207.169855, 1.672559, 1.654834, -0.017725,
207.180402, 1.669336, 1.665308, -0.004028,
207.191084, 1.665308, 1.669336, 0.004028,
207.201411, 1.669336, 1.657251, -0.012085,
207.212202, 1.668530, 1.652417, -0.016113,
207.222770, 1.662891, 1.662085, -0.000806,
207.233410, 1.665308, 1.669336, 0.004028,
207.243804, 1.665308, 1.662085, -0.003223,
207.254410, 1.674976, 1.653223, -0.021753,
207.265093, 1.660474, 1.650000, -0.010474,
207.275764, 1.668530, 1.678198, 0.009668,
207.286233, 1.662085, 1.654834, -0.007251,
207.296810, 1.666919, 1.662085, -0.004834,
207.307523, 1.666919, 1.668530, 0.001611,
207.318025, 1.670142, 1.657251, -0.012891,
207.328527, 1.670947, 1.662085, -0.008862,
207.339195, 1.668530, 1.662085, -0.006445,
207.349830, 1.662085, 1.650000, -0.012085,
207.360630, 1.669336, 1.683838, 0.014502,
207.371031, 1.665308, 1.662891, -0.002417,
207.381657, 1.669336, 1.662085, -0.007251,
207.392352, 1.668530, 1.670142, 0.001611,
207.402664, 1.668530, 1.658862, -0.009668,
207.413405, 1.666113, 1.662085, -0.004028,
207.424047, 1.670142, 1.683838, 0.013696,
207.434503, 1.662085, 1.633887, -0.028198,
207.445199, 1.666919, 1.670142, 0.003223,
207.455562, 1.662891, 1.658862, -0.004028,
207.466266, 1.664502, 1.656445, -0.008057,
207.476969, 1.666113, 1.670142, 0.004028,
207.487463, 1.666919, 1.662891, -0.004028,
207.498032, 1.673364, 1.658057, -0.015308,
207.508735, 1.665308, 1.662085, -0.003223,
207.519360, 1.665308, 1.662891, -0.002417,
207.529943, 1.670142, 1.674976, 0.004834,
207.540414, 1.670142, 1.658862, -0.011279,
207.551023, 1.668530, 1.660474, -0.008057,
207.561635, 1.666919, 1.682227, 0.015308,
207.572035, 1.668530, 1.665308, -0.003223,
207.582645, 1.668530, 1.653223, -0.015308,
207.593298, 1.664502, 1.650806, -0.013696,
207.595814, 1.670142, 1.658862, -0.011279,
207.606471, 1.668530, 1.676587, 0.008057,
207.617057, 1.666919, 1.665308, -0.001611,
207.627703, 1.666113, 1.664502, -0.001611,
207.638441, 1.670947, 1.665308, -0.005640,
207.649076, 1.668530, 1.666113, -0.002417,
207.659765, 1.669336, 1.666113, -0.003223,
207.670431, 1.669336, 1.666113, -0.003223,
207.680981, 1.670142, 1.652417, -0.017725,
207.691657, 1.668530, 1.673364, 0.004834,
207.701991, 1.670142, 1.666919, -0.003223,
207.712748, 1.665308, 1.669336, 0.004028,
207.723099, 1.669336, 1.676587, 0.007251,
207.733460, 1.669336, 1.666919, -0.002417,
207.744097, 1.669336, 1.669336, 0.000000,
207.754469, 1.669336, 1.662085, -0.007251,
207.765157, 1.670142, 1.658862, -0.011279,
207.775865, 1.665308, 1.672559, 0.007251,
207.786316, 1.664502, 1.647583, -0.016919,
207.796810, 1.670142, 1.658057, -0.012085,
207.807435, 1.661279, 1.661279, 0.000000,
207.817968, 1.668530, 1.674170, 0.005640,
207.828312, 1.670142, 1.664502, -0.005640,
207.838983, 1.669336, 1.665308, -0.004028,
207.849652, 1.665308, 1.662891, -0.002417,
207.860297, 1.665308, 1.668530, 0.003223,
207.870717, 1.662085, 1.661279, -0.000806,
207.881401, 1.669336, 1.658057, -0.011279,
207.892086, 1.668530, 1.670947, 0.002417,
207.902463, 1.664502, 1.660474, -0.004028,
207.913232, 1.670142, 1.652417, -0.017725,
207.923880, 1.668530, 1.670142, 0.001611,
207.934344, 1.666919, 1.652417, -0.014502,
207.945024, 1.670947, 1.672559, 0.001611,
207.955314, 1.668530, 1.654834, -0.013696,
207.965976, 1.668530, 1.658057, -0.010474,
207.976657, 1.666113, 1.670947, 0.004834,
207.987084, 1.666919, 1.652417, -0.014502,
207.997755, 1.669336, 1.654834, -0.014502,
208.008404, 1.662085, 1.661279, -0.000806,
208.019039, 1.670947, 1.662085, -0.008862,
208.029627, 1.666113, 1.656445, -0.009668,
208.040418, 1.668530, 1.666113, -0.002417,
208.051009, 1.669336, 1.669336, 0.000000,
208.061446, 1.669336, 1.633081, -0.036255,
208.072034, 1.672559, 1.660474, -0.012085,
208.082642, 1.658057, 1.654834, -0.003223,
208.093296, 1.666113, 1.668530, 0.002417,
208.103738, 1.668530, 1.653223, -0.015308,
208.114504, 1.666113, 1.666113, 0.000000,
208.124910, 1.669336, 1.674976, 0.005640,
208.135389, 1.669336, 1.660474, -0.008862,
208.146050, 1.668530, 1.672559, 0.004028,
208.156436, 1.664502, 1.665308, 0.000806,
208.166994, 1.668530, 1.656445, -0.012085,
208.177652, 1.666919, 1.679810, 0.012891,
208.188197, 1.670142, 1.654028, -0.016113,
208.198851, 1.669336, 1.657251, -0.012085,
208.209654, 1.666113, 1.691895, 0.025781,
208.220160, 1.670947, 1.656445, -0.014502,
208.228688, 1.666919, 1.670142, 0.003223,
208.239221, 1.666919, 1.673364, 0.006445,
208.249643, 1.665308, 1.653223, -0.012085,
208.260304, 1.665308, 1.666919, 0.001611,
208.270778, 1.670947, 1.662891, -0.008057,
208.281512, 1.670142, 1.661279, -0.008862,
208.292193, 1.668530, 1.637915, -0.030615,
208.302869, 1.666919, 1.665308, -0.001611,
208.313711, 1.668530, 1.662085, -0.006445,
208.324342, 1.660474, 1.668530, 0.008057,
208.334881, 1.666919, 1.666919, 0.000000,
208.345423, 1.665308, 1.647583, -0.017725,
208.356039, 1.669336, 1.670142, 0.000806,
208.366516, 1.670947, 1.665308, -0.005640,
208.377261, 1.673364, 1.662891, -0.010474,
208.388041, 1.669336, 1.665308, -0.004028,
208.398633, 1.670142, 1.645166, -0.024976,
208.409424, 1.666919, 1.654834, -0.012085,
208.420187, 1.658862, 1.677393, 0.018530,
208.430614, 1.664502, 1.658057, -0.006445,
208.441334, 1.664502, 1.674170, 0.009668,
208.451865, 1.662085, 1.683838, 0.021753,
208.462361, 1.668530, 1.662891, -0.005640,
