time, Vca, Voa, VoVca, Vcn, Von, VoVcn, Tbv, Vbv,
0.000000, 1.647583, 1.596020, -0.051563,   1.650000, 1.636304, -0.013696,   1.633081, 0.028198,
0.052997, 1.652417, 1.587964, -0.064453,   1.652417, 1.645972, -0.006445,   1.637915, 0.028198,
0.105998, 1.664502, 1.574268, -0.090234,   1.662085, 1.658057, -0.004028,   1.643555, 0.043506,
0.158997, 1.662891, 1.558960, -0.103931,   1.662085, 1.662085, 0.000000,   1.639526, 0.041895,
0.211225, 1.665308, 1.581519, -0.083789,   1.658862, 1.645972, -0.012891,   1.640332, 0.043506,
0.263997, 1.662085, 1.585547, -0.076538,   1.658057, 1.645972, -0.012085,   1.641943, 0.040283,
0.316998, 1.654834, 1.590381, -0.064453,   1.660474, 1.661279, 0.000806,   1.640332, 0.037866,
0.369221, 1.657251, 1.596826, -0.060425,   1.656445, 1.662085, 0.005640,   1.641138, 0.044312,
0.421222, 1.644360, 1.586352, -0.058008,   1.647583, 1.631470, -0.016113,   1.635498, 0.030615,
0.473222, 1.648389, 1.596020, -0.052368,   1.649194, 1.662085, 0.012891,   1.633081, 0.029810,
0.524997, 1.647583, 1.596826, -0.050757,   1.652417, 1.657251, 0.004834,   1.637109, 0.031421,
0.577227, 1.647583, 1.586352, -0.061231,   1.652417, 1.637109, -0.015308,   1.637109, 0.028198,
0.629998, 1.652417, 1.606494, -0.045923,   1.653223, 1.652417, -0.000806,   1.637915, 0.027393,
0.681735, 1.650806, 1.575073, -0.075732,   1.654028, 1.637109, -0.016919,   1.640332, 0.029810,
0.705848, 1.650000, 1.591992, -0.058008,   1.650806, 1.637915, -0.012891,   1.639526, 0.028198,
0.729958, 1.662085, 1.596020, -0.066064,   1.662085, 1.652417, -0.009668,   1.647583, 0.039478,
0.754067, 1.664502, 1.589575, -0.074927,   1.662085, 1.629858, -0.032227,   1.643555, 0.039478,
0.778297, 1.658862, 1.577490, -0.081372,   1.657251, 1.674170, 0.016919,   1.641943, 0.042700,
0.802407, 1.665308, 1.582324, -0.082983,   1.662891, 1.668530, 0.005640,   1.641138, 0.043506,
0.826401, 1.662891, 1.596020, -0.066870,   1.662085, 1.658862, -0.003223,   1.645166, 0.042700,
0.850508, 1.657251, 1.578296, -0.078955,   1.662085, 1.662891, 0.000806,   1.647583, 0.045923,
0.874425, 1.658862, 1.593603, -0.065259,   1.653223, 1.670142, 0.016919,   1.645166, 0.043506,
0.898511, 1.656445, 1.566211, -0.090234,   1.661279, 1.654834, -0.006445,   1.644360, 0.043506,
0.922723, 1.654834, 1.581519, -0.073315,   1.656445, 1.656445, 0.000000,   1.640332, 0.045923,
0.946608, 1.654834, 1.587964, -0.066870,   1.661279, 1.645166, -0.016113,   1.644360, 0.042700,
0.970717, 1.661279, 1.574268, -0.087012,   1.660474, 1.654834, -0.005640,   1.640332, 0.043506,
0.995169, 1.654834, 1.579907, -0.074927,   1.662085, 1.652417, -0.009668,   1.645166, 0.041895,
1.019291, 1.658057, 1.600049, -0.058008,   1.654834, 1.657251, 0.002417,   1.644360, 0.038672,
1.043082, 1.643555, 1.581519, -0.062036,   1.645972, 1.650000, 0.004028,   1.633887, 0.028198,
1.066846, 1.644360, 1.587964, -0.056396,   1.647583, 1.637915, -0.009668,   1.635498, 0.031421,
1.091188, 1.644360, 1.552515, -0.091846,   1.648389, 1.641138, -0.007251,   1.639526, 0.028198,
1.115365, 1.654028, 1.570239, -0.083789,   1.648389, 1.637109, -0.011279,   1.636304, 0.030615,
1.139517, 1.647583, 1.587964, -0.059619,   1.649194, 1.650000, 0.000806,   1.637109, 0.029810,
1.163392, 1.648389, 1.603271, -0.045117,   1.647583, 1.652417, 0.004834,   1.641138, 0.028198,
1.187632, 1.650000, 1.586352, -0.063648,   1.647583, 1.640332, -0.007251,   1.639526, 0.029810,
1.211917, 1.650000, 1.590381, -0.059619,   1.647583, 1.640332, -0.007251,   1.637109, 0.027393,
1.236073, 1.650806, 1.581519, -0.069287,   1.652417, 1.641138, -0.011279,   1.635498, 0.028198,
1.260174, 1.647583, 1.596020, -0.051563,   1.652417, 1.650806, -0.001611,   1.633887, 0.028198,
1.284554, 1.650000, 1.579907, -0.070093,   1.650000, 1.645972, -0.004028,   1.635498, 0.030615,
1.308654, 1.652417, 1.564600, -0.087817,   1.652417, 1.677393, 0.024976,   1.636304, 0.029810,
1.332519, 1.652417, 1.574268, -0.078149,   1.650000, 1.645972, -0.004028,   1.637109, 0.029810,
1.356611, 1.645166, 1.582324, -0.062842,   1.653223, 1.657251, 0.004028,   1.640332, 0.045923,
1.380908, 1.662085, 1.591992, -0.070093,   1.661279, 1.650806, -0.010474,   1.641138, 0.038672,
1.405073, 1.662085, 1.591187, -0.070898,   1.658057, 1.631470, -0.026587,   1.643555, 0.042700,
1.429176, 1.658057, 1.587158, -0.070898,   1.661279, 1.670947, 0.009668,   1.645972, 0.041895,
1.453074, 1.662085, 1.598437, -0.063648,   1.658057, 1.654834, -0.003223,   1.640332, 0.042700,
1.477300, 1.658057, 1.610522, -0.047534,   1.657251, 1.652417, -0.004834,   1.647583, 0.038672,
1.501514, 1.658057, 1.591187, -0.066870,   1.660474, 1.662085, 0.001611,   1.644360, 0.044312,
1.525511, 1.661279, 1.603271, -0.058008,   1.658057, 1.640332, -0.017725,   1.641943, 0.042700,
1.549607, 1.656445, 1.587964, -0.068481,   1.657251, 1.650806, -0.006445,   1.645166, 0.041895,
1.573627, 1.654834, 1.557349, -0.097485,   1.658862, 1.661279, 0.002417,   1.647583, 0.040283,
1.597741, 1.654028, 1.591187, -0.062842,   1.652417, 1.639526, -0.012891,   1.645166, 0.041895,
1.621946, 1.654834, 1.595215, -0.059619,   1.653223, 1.649194, -0.004028,   1.641943, 0.044312,
1.646071, 1.658862, 1.587964, -0.070898,   1.657251, 1.662891, 0.005640,   1.643555, 0.040283,
1.669954, 1.658862, 1.554932, -0.103931,   1.653223, 1.631470, -0.021753,   1.643555, 0.042700,
1.694297, 1.645166, 1.591992, -0.053174,   1.643555, 1.640332, -0.003223,   1.637915, 0.028198,
1.718406, 1.647583, 1.567017, -0.080566,   1.647583, 1.647583, 0.000000,   1.635498, 0.028198,
1.742183, 1.654028, 1.579907, -0.074121,   1.650000, 1.660474, 0.010474,   1.639526, 0.028198,
1.766078, 1.647583, 1.577490, -0.070093,   1.649194, 1.662085, 0.012891,   1.639526, 0.028198,
1.790181, 1.650000, 1.546069, -0.103931,   1.650806, 1.664502, 0.013696,   1.641138, 0.029810,
1.814182, 1.647583, 1.590381, -0.057202,   1.649194, 1.639526, -0.009668,   1.637915, 0.026587,
1.838296, 1.649194, 1.554126, -0.095068,   1.650000, 1.654028, 0.004028,   1.633887, 0.027393,
1.862183, 1.648389, 1.571851, -0.076538,   1.650806, 1.628247, -0.022559,   1.637109, 0.031421,
1.886510, 1.647583, 1.558154, -0.089429,   1.649194, 1.637915, -0.011279,   1.641138, 0.028198,
1.910691, 1.650806, 1.614551, -0.036255,   1.649194, 1.639526, -0.009668,   1.636304, 0.028198,
1.934735, 1.650806, 1.583130, -0.067676,   1.645166, 1.653223, 0.008057,   1.631470, 0.029810,
1.958626, 1.653223, 1.583935, -0.069287,   1.648389, 1.654834, 0.006445,   1.640332, 0.028198,
1.982744, 1.648389, 1.593603, -0.054785,   1.650000, 1.649194, -0.000806,   1.641138, 0.029810,
2.006848, 1.662085, 1.610522, -0.051563,   1.662085, 1.658057, -0.004028,   1.644360, 0.041895,
2.030949, 1.660474, 1.595215, -0.065259,   1.658862, 1.645166, -0.013696,   1.648389, 0.040283,
2.055104, 1.662085, 1.574268, -0.087817,   1.662085, 1.662891, 0.000806,   1.645972, 0.043506,
2.079080, 1.662085, 1.594409, -0.067676,   1.662085, 1.624219, -0.037866,   1.644360, 0.043506,
2.103184, 1.662085, 1.591187, -0.070898,   1.662085, 1.629053, -0.033032,   1.640332, 0.043506,
2.127298, 1.664502, 1.557349, -0.107153,   1.662085, 1.649194, -0.012891,   1.640332, 0.043506,
2.151409, 1.662085, 1.583935, -0.078149,   1.658057, 1.641943, -0.016113,   1.647583, 0.043506,
2.175525, 1.658862, 1.587964, -0.070898,   1.654834, 1.657251, 0.002417,   1.637109, 0.043506,
2.199516, 1.662085, 1.582324, -0.079761,   1.650806, 1.648389, -0.002417,   1.643555, 0.046729,
2.223621, 1.662891, 1.591992, -0.070898,   1.656445, 1.662085, 0.005640,   1.645166, 0.038672,
2.247515, 1.658862, 1.598437, -0.060425,   1.657251, 1.664502, 0.007251,   1.644360, 0.045923,
2.271386, 1.654834, 1.583130, -0.071704,   1.654834, 1.650000, -0.004834,   1.639526, 0.037866,
2.295625, 1.661279, 1.557349, -0.103931,   1.656445, 1.652417, -0.004028,   1.640332, 0.039478,
2.319665, 1.647583, 1.581519, -0.066064,   1.647583, 1.658057, 0.010474,   1.637915, 0.038672,
2.343522, 1.645166, 1.586352, -0.058814,   1.640332, 1.648389, 0.008057,   1.636304, 0.028198,
2.367297, 1.652417, 1.591187, -0.061230,   1.652417, 1.627441, -0.024976,   1.633081, 0.033838,
2.391625, 1.648389, 1.596020, -0.052368,   1.645972, 1.643555, -0.002417,   1.636304, 0.030615,
2.415855, 1.647583, 1.579907, -0.067676,   1.648389, 1.654834, 0.006445,   1.637915, 0.028198,
2.439736, 1.647583, 1.579907, -0.067676,   1.648389, 1.654834, 0.006445,   1.633887, 0.031421,
2.463619, 1.649194, 1.600855, -0.048340,   1.648389, 1.637109, -0.011279,   1.633081, 0.027393,
2.487953, 1.649194, 1.571045, -0.078149,   1.649194, 1.649194, 0.000000,   1.639526, 0.028198,
2.511891, 1.650806, 1.594409, -0.056396,   1.649194, 1.645972, -0.003223,   1.637109, 0.031421,
2.535966, 1.647583, 1.591187, -0.056396,   1.652417, 1.631470, -0.020947,   1.640332, 0.029810,
2.560086, 1.650000, 1.590381, -0.059619,   1.647583, 1.639526, -0.008057,   1.639526, 0.031421,
2.584416, 1.648389, 1.603271, -0.045117,   1.648389, 1.645166, -0.003223,   1.636304, 0.033838,
2.608554, 1.653223, 1.581519, -0.071704,   1.654834, 1.648389, -0.006445,   1.635498, 0.028198,
2.632629, 1.650806, 1.586352, -0.064453,   1.649194, 1.650806, 0.001611,   1.640332, 0.028198,
2.656524, 1.662085, 1.591992, -0.070093,   1.662085, 1.662085, 0.000000,   1.645972, 0.044312,
2.680628, 1.660474, 1.579102, -0.081372,   1.662891, 1.650000, -0.012891,   1.645972, 0.042700,
2.704754, 1.662085, 1.583130, -0.078955,   1.661279, 1.643555, -0.017725,   1.645166, 0.040283,
2.728959, 1.662085, 1.587964, -0.074121,   1.662085, 1.633887, -0.028198,   1.641943, 0.043506,
2.753081, 1.657251, 1.586352, -0.070899,   1.657251, 1.650806, -0.006445,   1.640332, 0.044312,
2.777311, 1.661279, 1.554932, -0.106348,   1.658057, 1.647583, -0.010474,   1.641138, 0.042700,
2.801518, 1.658862, 1.560571, -0.098291,   1.654028, 1.652417, -0.001611,   1.641138, 0.037866,
2.825743, 1.654834, 1.600049, -0.054785,   1.662085, 1.658862, -0.003223,   1.640332, 0.045923,
2.849848, 1.660474, 1.595215, -0.065259,   1.657251, 1.678198, 0.020947,   1.647583, 0.041895,
2.873750, 1.660474, 1.546069, -0.114404,   1.654834, 1.668530, 0.013696,   1.641138, 0.043506,
2.897850, 1.658057, 1.567822, -0.090234,   1.654028, 1.648389, -0.005640,   1.645166, 0.044312,
2.922079, 1.658862, 1.569434, -0.089429,   1.660474, 1.654834, -0.005640,   1.645166, 0.043506,
2.946173, 1.657251, 1.600049, -0.057202,   1.654834, 1.637109, -0.017725,   1.641138, 0.043506,
2.970281, 1.641138, 1.600049, -0.041089,   1.644360, 1.664502, 0.020142,   1.633887, 0.032227,
2.994318, 1.648389, 1.556543, -0.091846,   1.650000, 1.670142, 0.020142,   1.636304, 0.029810,
3.018187, 1.647583, 1.585547, -0.062036,   1.648389, 1.640332, -0.008057,   1.643555, 0.032227,
3.042206, 1.645972, 1.587158, -0.058813,   1.650000, 1.648389, -0.001611,   1.635498, 0.030615,
3.066307, 1.648389, 1.549292, -0.099097,   1.648389, 1.658862, 0.010474,   1.640332, 0.028198,
3.090405, 1.652417, 1.591992, -0.060425,   1.652417, 1.664502, 0.012085,   1.639526, 0.032227,
3.114405, 1.649194, 1.571045, -0.078149,   1.647583, 1.641138, -0.006445,   1.637915, 0.028198,
3.138515, 1.647583, 1.587964, -0.059619,   1.649194, 1.639526, -0.009668,   1.637915, 0.029810,
3.162617, 1.647583, 1.587964, -0.059619,   1.649194, 1.641138, -0.008057,   1.635498, 0.030615,
3.186990, 1.650806, 1.582324, -0.068481,   1.647583, 1.625830, -0.021753,   1.643555, 0.031421,
3.211150, 1.650000, 1.567822, -0.082178,   1.652417, 1.633081, -0.019336,   1.639526, 0.031421,
3.235329, 1.653223, 1.567017, -0.086206,   1.650000, 1.640332, -0.009668,   1.637109, 0.030615,
3.259406, 1.650806, 1.571851, -0.078955,   1.650806, 1.652417, 0.001611,   1.636304, 0.030615,
3.283529, 1.666113, 1.581519, -0.084595,   1.662085, 1.658862, -0.003223,   1.647583, 0.043506,
3.307620, 1.665308, 1.575879, -0.089429,   1.661279, 1.662085, 0.000806,   1.644360, 0.046729,
3.331525, 1.662085, 1.594409, -0.067676,   1.662085, 1.678198, 0.016113,   1.647583, 0.039478,
3.355403, 1.658862, 1.587158, -0.071704,   1.662085, 1.650000, -0.012085,   1.643555, 0.044312,
3.379747, 1.658862, 1.583130, -0.075732,   1.657251, 1.637109, -0.020142,   1.641943, 0.040283,
3.403851, 1.658862, 1.590381, -0.068481,   1.657251, 1.633081, -0.024170,   1.645166, 0.045923,
3.427966, 1.657251, 1.610522, -0.046729,   1.656445, 1.654834, -0.001611,   1.644360, 0.044312,
3.452084, 1.658862, 1.579907, -0.078955,   1.658862, 1.673364, 0.014502,   1.643555, 0.043506,
3.475965, 1.661279, 1.594409, -0.066870,   1.654028, 1.647583, -0.006445,   1.645166, 0.043506,
3.500306, 1.654834, 1.577490, -0.077344,   1.657251, 1.657251, 0.000000,   1.640332, 0.045923,
3.524305, 1.654028, 1.589575, -0.064453,   1.654028, 1.647583, -0.006445,   1.648389, 0.041895,
3.548406, 1.658862, 1.616162, -0.042700,   1.654834, 1.658862, 0.004028,   1.647583, 0.043506,
3.572318, 1.654028, 1.575879, -0.078149,   1.658862, 1.666113, 0.007251,   1.645166, 0.040283,
3.596389, 1.657251, 1.570239, -0.087012,   1.657251, 1.654028, -0.003223,   1.641943, 0.039478,
3.620507, 1.645166, 1.586352, -0.058814,   1.648389, 1.645166, -0.003223,   1.633887, 0.028198,
3.644518, 1.648389, 1.571851, -0.076538,   1.648389, 1.616968, -0.031421,   1.633887, 0.026587,
3.668568, 1.648389, 1.567822, -0.080566,   1.647583, 1.625024, -0.022559,   1.635498, 0.029810,
3.692768, 1.645972, 1.587964, -0.058008,   1.649194, 1.636304, -0.012891,   1.633887, 0.033838,
3.716959, 1.656445, 1.582324, -0.074121,   1.653223, 1.637915, -0.015308,   1.640332, 0.030615,
3.741078, 1.648389, 1.615356, -0.033032,   1.650000, 1.632275, -0.017725,   1.639526, 0.026587,
3.765197, 1.650000, 1.578296, -0.071704,   1.650000, 1.640332, -0.009668,   1.637109, 0.028198,
3.789524, 1.652417, 1.582324, -0.070093,   1.647583, 1.654834, 0.007251,   1.635498, 0.028198,
3.813522, 1.652417, 1.558960, -0.093457,   1.645166, 1.647583, 0.002417,   1.639526, 0.028198,
3.837412, 1.652417, 1.567017, -0.085400,   1.650000, 1.649194, -0.000806,   1.640332, 0.028198,
3.861524, 1.652417, 1.594409, -0.058008,   1.652417, 1.643555, -0.008862,   1.640332, 0.031421,
3.885858, 1.649194, 1.583935, -0.065259,   1.654028, 1.640332, -0.013696,   1.636304, 0.033838,
3.910030, 1.652417, 1.579907, -0.072510,   1.650806, 1.647583, -0.003223,   1.636304, 0.031421,
3.934080, 1.664502, 1.579907, -0.084595,   1.665308, 1.649194, -0.016113,   1.645972, 0.040283,
3.958219, 1.658862, 1.567822, -0.091040,   1.658862, 1.681421, 0.022559,   1.644360, 0.042700,
3.982302, 1.658862, 1.591187, -0.067676,   1.658057, 1.650000, -0.008057,   1.641138, 0.044312,
4.006406, 1.658862, 1.577490, -0.081372,   1.662085, 1.662085, 0.000000,   1.645972, 0.041895,
4.030344, 1.661279, 1.586352, -0.074927,   1.661279, 1.640332, -0.020947,   1.640332, 0.042700,
4.054409, 1.661279, 1.553320, -0.107959,   1.658057, 1.650000, -0.008057,   1.647583, 0.044312,
4.078639, 1.658862, 1.569434, -0.089429,   1.658057, 1.649194, -0.008862,   1.643555, 0.037866,
4.102960, 1.654834, 1.581519, -0.073315,   1.654834, 1.658057, 0.003223,   1.645972, 0.045923,
4.126857, 1.662085, 1.587158, -0.074927,   1.661279, 1.654834, -0.006445,   1.643555, 0.044312,
4.151002, 1.661279, 1.603271, -0.058008,   1.658862, 1.664502, 0.005640,   1.640332, 0.039478,
4.174859, 1.658862, 1.583130, -0.075732,   1.658862, 1.670947, 0.012085,   1.645166, 0.043506,
4.198855, 1.660474, 1.587964, -0.072510,   1.654834, 1.661279, 0.006445,   1.647583, 0.039478,
4.222874, 1.654834, 1.600855, -0.053979,   1.658862, 1.658862, 0.000000,   1.645972, 0.042700,
4.246742, 1.660474, 1.596020, -0.064453,   1.654028, 1.643555, -0.010474,   1.643555, 0.042700,
4.270860, 1.641943, 1.587158, -0.054785,   1.648389, 1.641138, -0.007251,   1.633887, 0.030615,
4.295286, 1.649194, 1.590381, -0.058814,   1.648389, 1.629053, -0.019336,   1.637109, 0.031421,
4.319318, 1.647583, 1.616968, -0.030615,   1.645972, 1.619385, -0.026587,   1.640332, 0.030615,
4.343413, 1.654834, 1.591187, -0.063647,   1.654028, 1.650806, -0.003223,   1.636304, 0.036255,
4.367420, 1.648389, 1.567822, -0.080566,   1.644360, 1.654028, 0.009668,   1.640332, 0.031421,
4.391641, 1.650000, 1.603271, -0.046728,   1.650000, 1.645166, -0.004834,   1.632275, 0.029810,
4.415865, 1.650000, 1.558960, -0.091040,   1.650000, 1.633081, -0.016919,   1.640332, 0.032227,
4.439953, 1.650000, 1.596020, -0.053980,   1.647583, 1.647583, 0.000000,   1.633887, 0.029810,
4.463859, 1.649194, 1.590381, -0.058814,   1.647583, 1.656445, 0.008862,   1.640332, 0.027393,
4.487970, 1.652417, 1.583935, -0.068481,   1.652417, 1.643555, -0.008862,   1.633081, 0.028198,
4.512160, 1.652417, 1.581519, -0.070898,   1.653223, 1.647583, -0.005640,   1.637109, 0.028198,
4.536307, 1.654028, 1.591992, -0.062036,   1.654028, 1.641943, -0.012085,   1.633081, 0.028198,
4.560421, 1.662085, 1.570239, -0.091846,   1.662891, 1.654834, -0.008057,   1.640332, 0.043506,
4.584756, 1.660474, 1.582324, -0.078149,   1.662891, 1.647583, -0.015308,   1.644360, 0.043506,
4.608890, 1.664502, 1.589575, -0.074927,   1.658057, 1.621802, -0.036255,   1.633887, 0.041895,
4.632962, 1.658862, 1.587964, -0.070898,   1.660474, 1.640332, -0.020142,   1.644360, 0.043506,
4.657096, 1.661279, 1.591187, -0.070093,   1.658862, 1.662085, 0.003223,   1.645166, 0.041895,
4.681204, 1.658057, 1.589575, -0.068481,   1.661279, 1.644360, -0.016919,   1.645166, 0.043506,
4.705317, 1.661279, 1.581519, -0.079761,   1.661279, 1.653223, -0.008057,   1.645166, 0.040283,
4.729428, 1.654028, 1.575073, -0.078955,   1.657251, 1.637109, -0.020142,   1.643555, 0.043506,
4.753533, 1.657251, 1.583935, -0.073316,   1.654834, 1.660474, 0.005640,   1.640332, 0.044312,
4.777531, 1.657251, 1.600049, -0.057202,   1.654834, 1.664502, 0.009668,   1.643555, 0.043506,
4.801530, 1.654834, 1.578296, -0.076538,   1.661279, 1.650806, -0.010474,   1.647583, 0.040283,
4.825745, 1.658862, 1.594409, -0.064453,   1.661279, 1.654028, -0.007251,   1.645166, 0.039478,
4.849857, 1.656445, 1.587158, -0.069287,   1.658862, 1.650000, -0.008862,   1.637109, 0.044312,
4.874000, 1.658057, 1.596020, -0.062036,   1.658057, 1.658057, 0.000000,   1.650806, 0.036255,
4.898082, 1.647583, 1.581519, -0.066064,   1.647583, 1.631470, -0.016113,   1.633081, 0.031421,
4.922310, 1.644360, 1.579102, -0.065259,   1.645166, 1.648389, 0.003223,   1.637109, 0.029810,
4.946172, 1.648389, 1.565405, -0.082983,   1.647583, 1.648389, 0.000806,   1.636304, 0.029810,
4.970062, 1.654028, 1.579102, -0.074927,   1.654028, 1.618579, -0.035449,   1.637915, 0.031421,
4.994312, 1.650000, 1.571851, -0.078149,   1.645972, 1.641138, -0.004834,   1.639526, 0.028198,
5.018534, 1.648389, 1.574268, -0.074121,   1.649194, 1.676587, 0.027393,   1.637109, 0.031421,
5.042310, 1.648389, 1.583130, -0.065259,   1.653223, 1.657251, 0.004028,   1.645972, 0.028198,
5.066236, 1.647583, 1.608911, -0.038672,   1.645166, 1.637109, -0.008057,   1.635498, 0.029810,
5.090523, 1.650806, 1.589575, -0.061230,   1.648389, 1.658057, 0.009668,   1.637109, 0.029810,
5.114425, 1.652417, 1.567822, -0.084595,   1.652417, 1.639526, -0.012891,   1.637915, 0.029810,
5.138529, 1.650000, 1.564600, -0.085400,   1.648389, 1.647583, -0.000806,   1.637109, 0.029810,
5.162643, 1.647583, 1.585547, -0.062036,   1.648389, 1.641138, -0.007251,   1.639526, 0.028198,
5.186995, 1.650806, 1.583935, -0.066870,   1.652417, 1.650806, -0.001611,   1.637109, 0.028198,
5.211109, 1.658862, 1.587964, -0.070898,   1.665308, 1.619385, -0.045923,   1.643555, 0.038672,
5.235197, 1.662085, 1.581519, -0.080566,   1.664502, 1.648389, -0.016113,   1.644360, 0.039478,
5.259320, 1.661279, 1.593603, -0.067676,   1.662085, 1.662085, 0.000000,   1.641943, 0.044312,
5.283413, 1.662891, 1.587964, -0.074927,   1.658057, 1.654834, -0.003223,   1.641943, 0.040283,
5.307531, 1.660474, 1.590381, -0.070093,   1.658862, 1.650806, -0.008057,   1.641943, 0.044312,
5.331675, 1.662085, 1.594409, -0.067676,   1.654028, 1.677393, 0.023364,   1.643555, 0.040283,
5.355538, 1.658057, 1.596020, -0.062036,   1.661279, 1.660474, -0.000806,   1.640332, 0.038672,
5.379857, 1.661279, 1.591187, -0.070093,   1.656445, 1.628247, -0.028198,   1.640332, 0.043506,
5.403960, 1.656445, 1.570239, -0.086206,   1.654834, 1.664502, 0.009668,   1.641943, 0.044312,
5.427857, 1.658862, 1.596020, -0.062842,   1.656445, 1.614551, -0.041895,   1.645166, 0.041895,
5.451967, 1.661279, 1.594409, -0.066870,   1.658862, 1.657251, -0.001611,   1.645166, 0.044312,
5.476184, 1.658862, 1.591187, -0.067676,   1.657251, 1.637109, -0.020142,   1.644360, 0.039478,
5.500413, 1.660474, 1.591992, -0.068481,   1.658862, 1.641138, -0.017725,   1.641943, 0.044312,
5.524643, 1.645972, 1.570239, -0.075732,   1.640332, 1.650000, 0.009668,   1.637109, 0.030615,
5.548531, 1.647583, 1.571851, -0.075732,   1.650000, 1.664502, 0.014502,   1.637109, 0.029810,
5.572424, 1.647583, 1.583935, -0.063648,   1.647583, 1.657251, 0.009668,   1.636304, 0.030615,
5.596526, 1.648389, 1.579907, -0.068481,   1.648389, 1.643555, -0.004834,   1.640332, 0.031421,
5.620736, 1.653223, 1.566211, -0.087012,   1.649194, 1.645972, -0.003223,   1.637109, 0.028198,
5.644746, 1.650806, 1.581519, -0.069287,   1.649194, 1.606494, -0.042700,   1.637109, 0.032227,
5.668756, 1.652417, 1.579102, -0.073315,   1.648389, 1.669336, 0.020947,   1.641943, 0.028198,
5.692749, 1.654028, 1.574268, -0.079761,   1.648389, 1.636304, -0.012085,   1.637915, 0.031421,
5.716988, 1.649194, 1.549292, -0.099902,   1.649194, 1.639526, -0.009668,   1.640332, 0.026587,
5.741100, 1.649194, 1.546069, -0.103125,   1.652417, 1.641138, -0.011279,   1.637915, 0.029810,
5.765217, 1.648389, 1.616968, -0.031421,   1.650806, 1.627441, -0.023364,   1.633887, 0.029810,
5.789552, 1.650806, 1.578296, -0.072510,   1.650000, 1.641943, -0.008057,   1.637915, 0.028198,
5.813754, 1.650000, 1.581519, -0.068481,   1.650000, 1.640332, -0.009668,   1.637109, 0.028198,
5.837863, 1.664502, 1.586352, -0.078149,   1.658057, 1.645166, -0.012891,   1.640332, 0.041895,
5.861987, 1.666113, 1.607300, -0.058813,   1.662891, 1.647583, -0.015308,   1.641943, 0.040283,
5.886311, 1.665308, 1.594409, -0.070899,   1.662085, 1.652417, -0.009668,   1.644360, 0.040283,
5.910448, 1.662085, 1.583130, -0.078955,   1.661279, 1.678198, 0.016919,   1.645972, 0.039478,
5.934316, 1.658862, 1.598437, -0.060425,   1.662085, 1.653223, -0.008862,   1.644360, 0.044312,
5.958438, 1.654834, 1.585547, -0.069287,   1.658057, 1.658862, 0.000806,   1.640332, 0.046729,
5.982535, 1.661279, 1.611328, -0.049951,   1.654834, 1.641138, -0.013696,   1.640332, 0.042700,
6.006638, 1.658057, 1.594409, -0.063648,   1.658862, 1.639526, -0.019336,   1.645972, 0.042700,
6.030751, 1.656445, 1.596826, -0.059619,   1.660474, 1.647583, -0.012891,   1.636304, 0.038672,
6.054878, 1.661279, 1.589575, -0.071704,   1.660474, 1.647583, -0.012891,   1.644360, 0.039478,
6.079100, 1.660474, 1.573462, -0.087012,   1.648389, 1.678198, 0.029810,   1.644360, 0.044312,
6.102972, 1.654028, 1.581519, -0.072510,   1.656445, 1.678198, 0.021753,   1.643555, 0.043506,
6.126968, 1.660474, 1.587158, -0.073315,   1.654834, 1.650000, -0.004834,   1.641943, 0.043506,
6.151100, 1.661279, 1.603271, -0.058008,   1.660474, 1.670142, 0.009668,   1.647583, 0.045923,
6.174963, 1.649194, 1.590381, -0.058814,   1.643555, 1.641943, -0.001611,   1.629858, 0.028198,
6.199195, 1.647583, 1.564600, -0.082983,   1.647583, 1.643555, -0.004028,   1.633081, 0.030615,
6.223419, 1.652417, 1.591992, -0.060425,   1.649194, 1.654028, 0.004834,   1.641138, 0.030615,
6.247309, 1.647583, 1.608105, -0.039478,   1.645166, 1.637109, -0.008057,   1.639526, 0.032227,
6.271415, 1.647583, 1.579907, -0.067676,   1.648389, 1.649194, 0.000806,   1.633887, 0.030615,
6.295524, 1.650000, 1.585547, -0.064453,   1.650000, 1.648389, -0.001611,   1.637109, 0.031421,
6.319645, 1.647583, 1.570239, -0.077344,   1.648389, 1.620190, -0.028198,   1.637109, 0.030615,
6.343754, 1.650806, 1.581519, -0.069287,   1.649194, 1.654834, 0.005640,   1.637109, 0.031421,
6.367531, 1.650000, 1.537207, -0.112793,   1.649194, 1.649194, 0.000000,   1.639526, 0.030615,
6.391641, 1.650000, 1.565405, -0.084595,   1.649194, 1.650806, 0.001611,   1.641138, 0.027393,
6.415644, 1.649194, 1.587158, -0.062036,   1.647583, 1.645166, -0.002417,   1.639526, 0.028198,
6.439754, 1.653223, 1.594409, -0.058814,   1.649194, 1.668530, 0.019336,   1.633887, 0.027393,
6.463646, 1.650000, 1.562988, -0.087012,   1.648389, 1.637109, -0.011279,   1.637915, 0.030615,
6.487969, 1.665308, 1.591992, -0.073316,   1.658862, 1.656445, -0.002417,   1.643555, 0.045923,
6.512190, 1.662085, 1.587158, -0.074927,   1.664502, 1.641943, -0.022559,   1.644360, 0.044312,
6.536317, 1.664502, 1.594409, -0.070093,   1.664502, 1.678198, 0.013696,   1.645972, 0.044312,
6.560213, 1.662085, 1.579102, -0.082983,   1.658862, 1.645972, -0.012891,   1.645972, 0.039478,
6.584531, 1.658862, 1.594409, -0.064453,   1.658057, 1.654834, -0.003223,   1.647583, 0.044312,
6.608692, 1.658862, 1.554932, -0.103931,   1.661279, 1.660474, -0.000806,   1.641138, 0.043506,
6.632754, 1.656445, 1.589575, -0.066870,   1.657251, 1.636304, -0.020947,   1.636304, 0.040283,
6.656868, 1.657251, 1.583130, -0.074121,   1.658057, 1.681421, 0.023364,   1.637915, 0.044312,
6.680974, 1.661279, 1.571045, -0.090234,   1.658057, 1.649194, -0.008862,   1.648389, 0.040283,
6.705109, 1.657251, 1.571851, -0.085400,   1.661279, 1.656445, -0.004834,   1.641943, 0.043506,
6.729216, 1.654834, 1.587158, -0.067676,   1.657251, 1.640332, -0.016919,   1.641138, 0.043506,
6.753318, 1.658862, 1.590381, -0.068481,   1.660474, 1.647583, -0.012891,   1.645972, 0.043506,
6.771106, 1.656445, 1.596020, -0.060425,   1.654834, 1.652417, -0.002417,   1.643555, 0.040283,
6.795420, 1.656445, 1.577490, -0.078955,   1.654028, 1.637915, -0.016113,   1.641138, 0.043506,
6.819542, 1.648389, 1.554126, -0.094263,   1.645972, 1.647583, 0.001611,   1.641138, 0.028198,
6.843327, 1.649194, 1.573462, -0.075732,   1.641138, 1.656445, 0.015308,   1.633887, 0.030615,
6.867204, 1.647583, 1.586352, -0.061231,   1.648389, 1.647583, -0.000806,   1.635498, 0.028198,
6.891536, 1.649194, 1.587964, -0.061231,   1.645972, 1.647583, 0.001611,   1.635498, 0.031421,
6.915552, 1.647583, 1.596826, -0.050757,   1.645166, 1.641138, -0.004028,   1.636304, 0.031421,
6.939643, 1.649194, 1.587964, -0.061231,   1.647583, 1.641943, -0.005640,   1.637915, 0.031421,
6.963754, 1.647583, 1.574268, -0.073316,   1.645972, 1.643555, -0.002417,   1.635498, 0.030615,
6.988094, 1.650806, 1.566211, -0.084595,   1.647583, 1.654834, 0.007251,   1.639526, 0.028198,
7.012037, 1.653223, 1.600049, -0.053174,   1.648389, 1.629858, -0.018530,   1.640332, 0.031421,
7.036119, 1.652417, 1.618579, -0.033838,   1.652417, 1.661279, 0.008862,   1.640332, 0.029810,
7.059973, 1.645166, 1.579102, -0.066064,   1.647583, 1.656445, 0.008862,   1.632275, 0.029810,
7.084100, 1.654028, 1.587964, -0.066064,   1.647583, 1.654028, 0.006445,   1.633081, 0.028198,
7.107974, 1.648389, 1.586352, -0.062036,   1.649194, 1.644360, -0.004834,   1.643555, 0.030615,
7.132207, 1.660474, 1.632275, -0.028198,   1.658862, 1.647583, -0.011279,   1.650000, 0.040283,
7.156322, 1.664502, 1.586352, -0.078149,   1.665308, 1.657251, -0.008057,   1.644360, 0.040283,
7.180650, 1.662085, 1.593603, -0.068481,   1.662085, 1.653223, -0.008862,   1.637109, 0.045923,
7.204752, 1.660474, 1.579102, -0.081372,   1.662085, 1.629053, -0.033032,   1.641138, 0.043506,
7.228871, 1.662085, 1.611328, -0.050757,   1.662085, 1.631470, -0.030615,   1.645166, 0.046729,
7.252973, 1.661279, 1.586352, -0.074927,   1.656445, 1.670142, 0.013696,   1.643555, 0.041895,
7.276962, 1.662891, 1.587964, -0.074927,   1.662891, 1.652417, -0.010474,   1.641138, 0.040283,
7.301215, 1.658057, 1.591992, -0.066064,   1.656445, 1.650806, -0.005640,   1.647583, 0.043506,
7.325426, 1.658057, 1.589575, -0.068481,   1.656445, 1.674170, 0.017725,   1.645972, 0.041895,
7.349315, 1.656445, 1.625024, -0.031421,   1.658862, 1.637109, -0.021753,   1.640332, 0.041895,
7.373434, 1.657251, 1.635498, -0.021753,   1.656445, 1.660474, 0.004028,   1.641138, 0.042700,
7.397536, 1.661279, 1.583130, -0.078149,   1.654834, 1.635498, -0.019336,   1.647583, 0.040283,
7.421754, 1.662085, 1.603271, -0.058813,   1.660474, 1.664502, 0.004028,   1.647583, 0.038672,
7.445636, 1.641138, 1.579907, -0.061231,   1.643555, 1.637915, -0.005640,   1.637109, 0.028198,
7.469651, 1.650806, 1.575879, -0.074927,   1.649194, 1.650806, 0.001611,   1.637915, 0.033838,
7.493668, 1.645166, 1.583935, -0.061231,   1.648389, 1.636304, -0.012085,   1.636304, 0.030615,
7.517880, 1.650000, 1.577490, -0.072510,   1.648389, 1.670142, 0.021753,   1.635498, 0.027393,
7.541639, 1.648389, 1.583935, -0.064453,   1.643555, 1.635498, -0.008057,   1.637915, 0.028198,
7.565777, 1.647583, 1.573462, -0.074121,   1.648389, 1.644360, -0.004028,   1.633081, 0.028198,
7.590103, 1.650000, 1.583935, -0.066064,   1.647583, 1.666113, 0.018530,   1.633887, 0.028198,
7.614109, 1.647583, 1.574268, -0.073316,   1.650806, 1.627441, -0.023364,   1.633081, 0.027393,
7.638202, 1.645166, 1.574268, -0.070899,   1.647583, 1.649194, 0.001611,   1.629858, 0.026587,
7.662101, 1.650806, 1.586352, -0.064453,   1.652417, 1.647583, -0.004834,   1.635498, 0.028198,
7.686420, 1.649194, 1.575879, -0.073316,   1.652417, 1.658057, 0.005640,   1.637915, 0.028198,
7.710385, 1.653223, 1.552515, -0.100708,   1.648389, 1.645972, -0.002417,   1.637915, 0.026587,
7.734542, 1.650000, 1.569434, -0.080566,   1.648389, 1.639526, -0.008862,   1.640332, 0.030615,
7.758699, 1.665308, 1.600049, -0.065259,   1.666113, 1.650000, -0.016113,   1.643555, 0.039478,
7.782986, 1.668530, 1.587158, -0.081372,   1.666113, 1.654028, -0.012085,   1.637915, 0.038672,
7.807102, 1.657251, 1.583130, -0.074121,   1.664502, 1.654834, -0.009668,   1.645972, 0.040283,
7.831209, 1.658862, 1.554126, -0.104736,   1.660474, 1.647583, -0.012891,   1.644360, 0.040283,
7.855324, 1.656445, 1.591992, -0.064453,   1.656445, 1.658862, 0.002417,   1.639526, 0.044312,
7.879323, 1.658057, 1.590381, -0.067676,   1.662085, 1.650000, -0.012085,   1.645166, 0.045923,
7.903541, 1.660474, 1.583130, -0.077344,   1.660474, 1.647583, -0.012891,   1.640332, 0.038672,
7.927640, 1.656445, 1.587964, -0.068481,   1.650806, 1.650000, -0.000806,   1.641943, 0.041895,
7.951765, 1.657251, 1.581519, -0.075732,   1.658057, 1.662085, 0.004028,   1.639526, 0.043506,
7.975650, 1.658862, 1.585547, -0.073315,   1.661279, 1.650000, -0.011279,   1.641138, 0.044312,
7.999990, 1.662085, 1.587964, -0.074121,   1.658862, 1.652417, -0.006445,   1.641138, 0.045923,
8.024226, 1.658862, 1.598437, -0.060425,   1.660474, 1.666113, 0.005640,   1.648389, 0.044312,
8.048108, 1.660474, 1.558960, -0.101514,   1.658057, 1.658862, 0.000806,   1.647583, 0.040283,
8.071990, 1.658057, 1.587158, -0.070898,   1.657251, 1.633081, -0.024170,   1.641138, 0.043506,
8.096329, 1.650806, 1.581519, -0.069287,   1.648389, 1.620996, -0.027393,   1.637109, 0.032227,
8.120542, 1.645166, 1.582324, -0.062842,   1.645972, 1.650000, 0.004028,   1.637109, 0.028198,
8.144329, 1.645166, 1.578296, -0.066870,   1.645166, 1.666919, 0.021753,   1.637109, 0.029810,
8.168209, 1.648389, 1.575879, -0.072510,   1.650000, 1.640332, -0.009668,   1.633081, 0.030615,
8.192426, 1.647583, 1.574268, -0.073316,   1.648389, 1.640332, -0.008057,   1.639526, 0.030615,
8.216673, 1.645166, 1.575073, -0.070093,   1.648389, 1.640332, -0.008057,   1.637109, 0.030615,
8.240766, 1.650000, 1.562988, -0.087012,   1.647583, 1.640332, -0.007251,   1.637915, 0.030615,
8.264876, 1.647583, 1.594409, -0.053174,   1.650806, 1.650806, 0.000000,   1.641943, 0.028198,
8.288879, 1.650000, 1.587964, -0.062036,   1.652417, 1.657251, 0.004834,   1.640332, 0.029810,
8.312871, 1.648389, 1.577490, -0.070898,   1.650806, 1.643555, -0.007251,   1.635498, 0.027393,
8.336997, 1.650806, 1.596020, -0.054785,   1.645972, 1.629858, -0.016113,   1.633081, 0.031421,
8.361106, 1.650806, 1.550098, -0.100708,   1.650806, 1.643555, -0.007251,   1.635498, 0.030615,
8.385541, 1.650806, 1.594409, -0.056396,   1.650000, 1.645972, -0.004028,   1.635498, 0.032227,
8.409729, 1.662891, 1.583935, -0.078955,   1.661279, 1.650806, -0.010474,   1.640332, 0.043506,
8.433874, 1.662085, 1.587158, -0.074927,   1.662085, 1.657251, -0.004834,   1.645166, 0.044312,
8.457987, 1.662085, 1.596020, -0.066064,   1.657251, 1.653223, -0.004028,   1.640332, 0.044312,
8.482329, 1.658057, 1.552515, -0.105542,   1.660474, 1.647583, -0.012891,   1.643555, 0.043506,
8.506442, 1.657251, 1.529150, -0.128101,   1.658057, 1.657251, -0.000806,   1.647583, 0.039478,
8.530548, 1.656445, 1.474365, -0.182080,   1.658057, 1.633081, -0.024976,   1.643555, 0.040283,
8.554646, 1.654834, 1.478394, -0.176440,   1.662085, 1.645166, -0.016919,   1.644360, 0.040283,
8.578880, 1.662085, 1.451001, -0.211084,   1.658057, 1.640332, -0.017725,   1.645166, 0.042700,
8.602996, 1.654834, 1.430054, -0.224780,   1.657251, 1.635498, -0.021753,   1.641138, 0.044312,
8.627215, 1.657251, 1.408301, -0.248950,   1.660474, 1.624219, -0.036255,   1.641138, 0.039478,
8.651331, 1.661279, 1.411523, -0.249756,   1.660474, 1.633081, -0.027393,   1.643555, 0.042700,
8.675451, 1.658057, 1.387354, -0.270703,   1.662085, 1.600855, -0.061230,   1.647583, 0.045923,
8.699651, 1.660474, 1.415552, -0.244922,   1.654834, 1.633081, -0.021753,   1.645166, 0.043506,
8.723876, 1.644360, 1.392993, -0.251367,   1.645972, 1.632275, -0.013696,   1.635498, 0.030615,
8.747987, 1.647583, 1.382519, -0.265064,   1.645972, 1.603271, -0.042700,   1.636304, 0.028198,
8.772105, 1.645972, 1.388965, -0.257007,   1.647583, 1.629053, -0.018530,   1.631470, 0.030615,
8.796428, 1.647583, 1.386548, -0.261035,   1.647583, 1.596020, -0.051563,   1.635498, 0.028198,
8.820645, 1.650806, 1.376880, -0.273926,   1.649194, 1.636304, -0.012891,   1.636304, 0.029810,
8.844647, 1.650000, 1.373657, -0.276343,   1.650806, 1.631470, -0.019336,   1.637915, 0.029810,
8.867210, 1.649194, 1.376074, -0.273120,   1.645972, 1.633081, -0.012891,   1.637915, 0.030615,
8.891546, 1.647583, 1.370435, -0.277148,   1.649194, 1.621802, -0.027393,   1.637109, 0.028198,
8.915758, 1.648389, 1.343042, -0.305347,   1.648389, 1.596020, -0.052368,   1.639526, 0.031421,
8.939874, 1.647583, 1.351904, -0.295679,   1.647583, 1.636304, -0.011279,   1.637915, 0.029810,
8.963996, 1.652417, 1.351904, -0.300513,   1.643555, 1.603271, -0.040283,   1.639526, 0.031421,
8.988325, 1.650806, 1.373657, -0.277148,   1.650806, 1.618579, -0.032227,   1.635498, 0.030615,
9.012483, 1.650806, 1.350293, -0.300513,   1.649194, 1.633887, -0.015308,   1.637109, 0.029810,
9.036538, 1.650806, 1.380908, -0.269897,   1.654028, 1.618579, -0.035449,   1.637915, 0.040283,
9.060650, 1.656445, 1.367212, -0.289233,   1.662085, 1.629858, -0.032227,   1.647583, 0.040283,
9.084987, 1.661279, 1.371240, -0.290039,   1.661279, 1.631470, -0.029810,   1.645166, 0.039478,
9.109157, 1.661279, 1.330957, -0.330322,   1.656445, 1.637109, -0.019336,   1.645166, 0.043506,
9.133227, 1.658057, 1.395410, -0.262646,   1.658862, 1.624219, -0.034644,   1.647583, 0.047534,
9.157330, 1.658862, 1.373657, -0.285205,   1.657251, 1.636304, -0.020947,   1.641943, 0.042700,
9.181649, 1.654834, 1.379297, -0.275537,   1.660474, 1.649194, -0.011279,   1.645166, 0.040283,
9.205762, 1.661279, 1.350293, -0.310986,   1.654834, 1.656445, 0.001611,   1.644360, 0.042700,
9.229651, 1.662085, 1.367212, -0.294873,   1.660474, 1.618579, -0.041895,   1.640332, 0.039478,
9.253771, 1.661279, 1.372046, -0.289233,   1.660474, 1.636304, -0.024170,   1.644360, 0.039478,
9.277995, 1.656445, 1.363989, -0.292456,   1.658057, 1.625024, -0.033032,   1.645166, 0.043506,
9.302231, 1.662085, 1.374463, -0.287622,   1.657251, 1.611328, -0.045923,   1.643555, 0.040283,
9.326431, 1.658862, 1.388965, -0.269897,   1.654834, 1.633081, -0.021753,   1.639526, 0.044312,
9.350553, 1.658862, 1.371240, -0.287622,   1.656445, 1.621802, -0.034644,   1.647583, 0.041895,
9.374644, 1.643555, 1.371240, -0.272314,   1.645166, 1.616968, -0.028198,   1.633081, 0.029810,
9.399106, 1.643555, 1.372046, -0.271509,   1.643555, 1.610522, -0.033032,   1.629053, 0.029810,
9.423332, 1.644360, 1.345459, -0.298901,   1.645166, 1.623413, -0.021753,   1.633081, 0.028198,
9.447434, 1.652417, 1.367212, -0.285205,   1.654028, 1.628247, -0.025781,   1.637109, 0.036255,
9.471546, 1.650806, 1.363184, -0.287622,   1.648389, 1.639526, -0.008862,   1.637109, 0.028198,
9.495875, 1.649194, 1.353516, -0.295679,   1.649194, 1.615356, -0.033838,   1.637109, 0.029810,
9.519883, 1.645972, 1.371240, -0.274731,   1.650806, 1.625024, -0.025781,   1.635498, 0.028198,
9.543874, 1.649194, 1.367212, -0.281982,   1.650000, 1.631470, -0.018530,   1.640332, 0.027393,
9.567886, 1.650000, 1.359961, -0.290039,   1.649194, 1.629858, -0.019336,   1.639526, 0.029810,
9.592246, 1.650806, 1.412329, -0.238477,   1.649194, 1.623413, -0.025781,   1.636304, 0.027393,
9.616427, 1.650000, 1.382519, -0.267480,   1.648389, 1.621802, -0.026587,   1.637109, 0.029810,
9.640552, 1.649194, 1.387354, -0.261841,   1.650806, 1.620996, -0.029809,   1.633887, 0.031421,
9.664649, 1.644360, 1.369629, -0.274731,   1.648389, 1.612134, -0.036255,   1.637109, 0.027393,
9.689001, 1.665308, 1.359961, -0.305347,   1.662085, 1.636304, -0.025781,   1.645166, 0.044312,
9.713168, 1.664502, 1.355127, -0.309375,   1.664502, 1.621802, -0.042700,   1.641138, 0.038672,
9.737329, 1.660474, 1.367212, -0.293262,   1.658862, 1.625024, -0.033838,   1.639526, 0.041895,
9.761439, 1.658862, 1.322900, -0.335962,   1.662891, 1.629858, -0.033032,   1.645972, 0.043506,
9.785765, 1.657251, 1.415552, -0.241699,   1.661279, 1.627441, -0.033838,   1.645166, 0.046729,
9.809942, 1.658057, 1.370435, -0.287622,   1.654834, 1.631470, -0.023364,   1.641138, 0.038672,
9.833998, 1.661279, 1.334985, -0.326294,   1.658057, 1.633887, -0.024170,   1.641138, 0.041895,
9.858110, 1.654834, 1.319678, -0.335156,   1.661279, 1.635498, -0.025781,   1.640332, 0.040283,
9.885999, 1.653223, 1.288257, -0.364966,   1.654834, 1.627441, -0.027393,   1.643555, 0.037866,
9.938998, 1.658057, 1.280200, -0.377856,   1.657251, 1.603271, -0.053980,   1.643555, 0.039478,
9.991998, 1.657251, 1.237500, -0.419751,   1.661279, 1.612939, -0.048340,   1.645166, 0.042700,
10.045066, 1.645972, 1.217358, -0.428613,   1.643555, 1.632275, -0.011279,   1.633887, 0.028198,
10.098223, 1.648389, 1.191577, -0.456812,   1.652417, 1.612134, -0.040283,   1.636304, 0.028198,
10.150997, 1.650000, 1.222998, -0.427002,   1.650000, 1.596020, -0.053980,   1.637109, 0.029810,
10.204222, 1.649194, 1.175464, -0.473731,   1.647583, 1.608105, -0.039478,   1.631470, 0.028198,
10.257221, 1.648389, 1.174658, -0.473730,   1.653223, 1.590381, -0.062842,   1.633887, 0.029810,
10.309999, 1.650000, 1.189966, -0.460034,   1.648389, 1.600049, -0.048340,   1.639526, 0.031421,
10.363224, 1.664502, 1.155322, -0.509180,   1.665308, 1.606494, -0.058814,   1.647583, 0.039478,
10.415998, 1.660474, 1.163379, -0.497095,   1.662085, 1.606494, -0.055591,   1.637109, 0.044312,
10.469221, 1.660474, 1.159351, -0.501123,   1.660474, 1.606494, -0.053980,   1.647583, 0.043506,
10.521998, 1.661279, 1.171435, -0.489844,   1.662085, 1.590381, -0.071704,   1.645972, 0.040283,
10.575223, 1.656445, 1.168213, -0.488232,   1.658862, 1.611328, -0.047534,   1.644360, 0.043506,
10.628222, 1.657251, 1.146460, -0.510791,   1.658862, 1.600049, -0.058813,   1.640332, 0.045923,
10.681001, 1.647583, 1.139209, -0.508374,   1.644360, 1.591992, -0.052368,   1.639526, 0.026587,
10.734230, 1.649194, 1.153711, -0.495483,   1.648389, 1.595215, -0.053174,   1.639526, 0.027393,
10.771435, 1.650806, 1.160962, -0.489844,   1.649194, 1.608911, -0.040283,   1.640332, 0.029810,
10.795889, 1.650806, 1.160156, -0.490649,   1.650000, 1.604883, -0.045117,   1.633081, 0.031421,
10.820319, 1.649194, 1.155322, -0.493872,   1.650000, 1.602466, -0.047534,   1.637109, 0.028198,
10.844545, 1.652417, 1.153711, -0.498706,   1.648389, 1.598437, -0.049951,   1.635498, 0.029810,
10.867000, 1.648389, 1.159351, -0.489038,   1.645972, 1.596020, -0.049951,   1.637109, 0.030615,
10.891440, 1.650000, 1.164185, -0.485815,   1.648389, 1.604883, -0.043506,   1.639526, 0.029810,
10.915849, 1.654028, 1.145654, -0.508374,   1.650806, 1.614551, -0.036255,   1.639526, 0.030615,
10.940215, 1.650000, 1.160156, -0.489844,   1.648389, 1.604883, -0.043506,   1.640332, 0.028198,
10.964659, 1.664502, 1.169019, -0.495483,   1.662891, 1.616968, -0.045923,   1.636304, 0.040283,
10.989121, 1.662891, 1.183520, -0.479370,   1.664502, 1.620190, -0.044312,   1.643555, 0.040283,
11.013548, 1.661279, 1.204468, -0.456812,   1.660474, 1.608105, -0.052368,   1.641943, 0.042700,
11.037889, 1.657251, 1.163379, -0.493872,   1.658862, 1.640332, -0.018530,   1.641943, 0.039478,
11.062337, 1.656445, 1.164185, -0.492261,   1.658862, 1.579907, -0.078955,   1.641943, 0.044312,
11.086785, 1.658862, 1.164185, -0.494678,   1.658862, 1.618579, -0.040283,   1.645972, 0.044312,
11.111162, 1.660474, 1.156934, -0.503540,   1.657251, 1.599243, -0.058008,   1.640332, 0.040283,
11.135440, 1.661279, 1.168213, -0.493066,   1.658862, 1.637915, -0.020947,   1.640332, 0.044312,
11.159892, 1.656445, 1.173047, -0.483398,   1.656445, 1.611328, -0.045117,   1.644360, 0.042700,
11.184335, 1.661279, 1.164185, -0.497095,   1.656445, 1.611328, -0.045117,   1.644360, 0.037866,
11.208696, 1.660474, 1.156128, -0.504346,   1.660474, 1.596020, -0.064453,   1.640332, 0.045923,
11.233006, 1.654834, 1.158545, -0.496289,   1.658057, 1.618579, -0.039478,   1.644360, 0.044312,
11.257339, 1.653223, 1.163379, -0.489844,   1.657251, 1.611328, -0.045923,   1.645972, 0.041895,
11.281891, 1.641138, 1.166602, -0.474536,   1.641138, 1.594409, -0.046729,   1.635498, 0.029810,
11.306224, 1.647583, 1.156128, -0.491455,   1.647583, 1.624219, -0.023364,   1.636304, 0.030615,
11.330551, 1.645166, 1.158545, -0.486621,   1.641943, 1.600855, -0.041089,   1.640332, 0.029810,
11.354891, 1.649194, 1.154517, -0.494678,   1.647583, 1.611328, -0.036255,   1.636304, 0.026587,
11.379552, 1.648389, 1.164185, -0.484204,   1.645972, 1.620190, -0.025781,   1.637109, 0.027393,
11.403891, 1.649194, 1.153711, -0.495483,   1.649194, 1.603271, -0.045923,   1.640332, 0.032227,
11.428352, 1.647583, 1.158545, -0.489038,   1.647583, 1.603271, -0.044312,   1.633887, 0.028198,
11.452671, 1.649194, 1.158545, -0.490649,   1.645972, 1.581519, -0.064453,   1.640332, 0.028198,
11.477196, 1.647583, 1.149683, -0.497900,   1.645166, 1.590381, -0.054785,   1.637915, 0.030615,
11.501556, 1.650000, 1.148071, -0.501929,   1.648389, 1.614551, -0.033838,   1.635498, 0.030615,
11.526006, 1.654028, 1.160156, -0.493872,   1.649194, 1.603271, -0.045923,   1.641138, 0.031421,
11.550344, 1.653223, 1.144043, -0.509180,   1.650806, 1.606494, -0.044312,   1.632275, 0.030615,
11.574776, 1.645972, 1.164990, -0.480981,   1.650806, 1.606494, -0.044312,   1.637915, 0.026587,
11.599217, 1.662085, 1.164185, -0.497900,   1.665308, 1.606494, -0.058814,   1.640332, 0.044312,
11.623693, 1.661279, 1.169019, -0.492261,   1.661279, 1.625830, -0.035449,   1.647583, 0.042700,
11.648005, 1.658862, 1.169019, -0.489844,   1.661279, 1.618579, -0.042700,   1.643555, 0.043506,
11.672445, 1.658057, 1.168213, -0.489844,   1.662085, 1.608911, -0.053174,   1.647583, 0.043506,
11.696887, 1.662085, 1.135181, -0.526904,   1.662085, 1.604883, -0.057202,   1.645166, 0.038672,
11.721341, 1.660474, 1.172241, -0.488232,   1.658862, 1.618579, -0.040283,   1.639526, 0.044312,
11.745651, 1.658862, 1.158545, -0.500317,   1.653223, 1.603271, -0.049951,   1.640332, 0.040283,
11.770085, 1.658862, 1.179492, -0.479370,   1.654834, 1.607300, -0.047534,   1.645972, 0.044312,
11.794447, 1.654834, 1.147266, -0.507568,   1.662085, 1.603271, -0.058813,   1.641138, 0.043506,
11.818807, 1.657251, 1.160156, -0.497095,   1.660474, 1.600049, -0.060425,   1.644360, 0.042700,
11.843001, 1.658862, 1.164990, -0.493872,   1.658862, 1.596020, -0.062842,   1.645166, 0.045923,
11.867435, 1.658862, 1.131152, -0.527710,   1.656445, 1.618579, -0.037866,   1.644360, 0.041895,
11.891892, 1.656445, 1.164990, -0.491455,   1.658862, 1.579907, -0.078955,   1.643555, 0.040283,
11.916237, 1.657251, 1.140015, -0.517236,   1.650806, 1.599243, -0.051562,   1.640332, 0.043506,
11.940559, 1.640332, 1.095703, -0.544629,   1.643555, 1.599243, -0.044312,   1.633081, 0.027393,
11.965011, 1.647583, 1.080395, -0.567188,   1.645166, 1.587964, -0.057202,   1.633081, 0.028198,
11.989453, 1.648389, 1.038501, -0.609888,   1.647583, 1.616968, -0.030615,   1.632275, 0.029810,
12.013798, 1.645972, 1.018359, -0.627612,   1.645972, 1.581519, -0.064453,   1.633887, 0.028198,
12.038121, 1.647583, 1.000635, -0.646948,   1.650000, 1.596020, -0.053980,   1.636304, 0.029810,
12.062558, 1.647583, 1.002246, -0.645337,   1.647583, 1.589575, -0.058008,   1.633887, 0.029810,
12.087025, 1.647583, 1.000635, -0.646948,   1.645972, 1.596020, -0.049951,   1.635498, 0.030615,
12.111360, 1.645972, 0.990161, -0.655811,   1.650000, 1.586352, -0.063648,   1.633081, 0.027393,
12.135660, 1.647583, 0.994995, -0.652588,   1.650000, 1.585547, -0.064453,   1.633081, 0.029810,
12.160135, 1.650000, 0.972436, -0.677563,   1.650000, 1.575073, -0.074927,   1.635498, 0.030615,
12.184566, 1.650806, 0.985327, -0.665478,   1.650000, 1.558960, -0.091040,   1.637109, 0.028198,
12.208928, 1.648389, 0.976465, -0.671924,   1.649194, 1.582324, -0.066870,   1.636304, 0.031421,
12.233341, 1.648389, 0.961963, -0.686426,   1.652417, 1.599243, -0.053174,   1.637109, 0.031421,
12.257679, 1.661279, 0.981299, -0.679981,   1.664502, 1.591187, -0.073315,   1.643555, 0.044312,
12.282242, 1.662891, 1.006274, -0.656616,   1.660474, 1.591187, -0.069287,   1.639526, 0.044312,
12.306561, 1.654028, 0.971631, -0.682397,   1.662085, 1.591187, -0.070898,   1.640332, 0.043506,
12.330894, 1.654834, 0.976465, -0.678369,   1.662085, 1.614551, -0.047534,   1.643555, 0.041895,
12.355246, 1.662085, 0.956323, -0.705762,   1.658057, 1.596826, -0.061230,   1.644360, 0.042700,
12.379870, 1.658057, 0.949072, -0.708984,   1.654834, 1.582324, -0.072510,   1.637109, 0.045923,
12.404221, 1.662085, 0.918457, -0.743628,   1.657251, 1.565405, -0.091846,   1.643555, 0.043506,
12.428673, 1.657251, 0.896704, -0.760547,   1.657251, 1.574268, -0.082983,   1.641943, 0.039478,
12.453000, 1.658057, 0.857227, -0.800830,   1.657251, 1.574268, -0.082983,   1.647583, 0.042700,
12.477574, 1.654834, 0.844336, -0.810498,   1.654834, 1.577490, -0.077344,   1.645972, 0.041895,
12.501894, 1.656445, 0.843530, -0.812915,   1.658057, 1.573462, -0.084595,   1.647583, 0.040283,
12.526343, 1.654834, 0.824194, -0.830640,   1.656445, 1.540430, -0.116016,   1.640332, 0.040283,
12.550663, 1.656445, 0.793579, -0.862866,   1.654834, 1.561377, -0.093457,   1.643555, 0.038672,
12.575124, 1.645166, 0.794385, -0.850781,   1.643555, 1.560571, -0.082983,   1.633081, 0.031421,
12.599449, 1.645972, 0.779077, -0.866895,   1.643555, 1.566211, -0.077344,   1.639526, 0.029810,
12.623901, 1.647583, 0.783105, -0.864478,   1.641138, 1.583130, -0.058008,   1.636304, 0.027393,
12.648216, 1.648389, 0.761353, -0.887036,   1.647583, 1.565405, -0.082178,   1.637109, 0.031421,
12.672682, 1.652417, 0.789551, -0.862866,   1.649194, 1.554932, -0.094263,   1.635498, 0.035449,
12.697129, 1.649194, 0.761353, -0.887842,   1.649194, 1.575073, -0.074121,   1.635498, 0.028198,
12.721446, 1.645972, 0.766187, -0.879785,   1.649194, 1.562988, -0.086206,   1.637109, 0.031421,
12.745891, 1.649194, 0.742017, -0.907178,   1.650000, 1.558154, -0.091846,   1.640332, 0.028198,
12.770325, 1.650806, 0.755713, -0.895093,   1.649194, 1.581519, -0.067676,   1.637109, 0.031421,
12.794676, 1.649194, 0.742017, -0.907178,   1.647583, 1.566211, -0.081372,   1.633887, 0.029810,
12.819125, 1.650000, 0.758130, -0.891870,   1.649194, 1.562988, -0.086206,   1.635498, 0.030615,
12.843343, 1.647583, 0.705762, -0.941821,   1.650000, 1.552515, -0.097485,   1.637915, 0.027393,
12.865897, 1.650000, 0.740405, -0.909595,   1.647583, 1.554932, -0.092651,   1.639526, 0.029810,
12.890354, 1.658862, 0.680786, -0.978076,   1.662085, 1.537207, -0.124878,   1.639526, 0.044312,
12.914697, 1.662085, 0.668701, -0.993384,   1.661279, 1.529150, -0.132129,   1.637915, 0.039478,
12.939026, 1.658862, 0.670312, -0.988550,   1.654834, 1.561377, -0.093457,   1.648389, 0.042700,
12.963444, 1.658862, 0.640503, -1.018359,   1.660474, 1.586352, -0.074121,   1.645972, 0.040283,
12.987903, 1.661279, 0.626807, -1.034473,   1.662085, 1.558960, -0.103125,   1.645972, 0.042700,
13.012422, 1.658862, 0.612305, -1.046558,   1.657251, 1.558154, -0.099097,   1.640332, 0.044312,
13.036668, 1.656445, 0.603442, -1.053003,   1.662085, 1.550903, -0.111182,   1.645166, 0.043506,
13.061124, 1.654834, 0.585718, -1.069116,   1.654834, 1.562988, -0.091846,   1.640332, 0.043506,
13.085571, 1.657251, 0.558325, -1.098926,   1.650806, 1.544458, -0.106348,   1.645166, 0.043506,
13.109933, 1.657251, 0.584106, -1.073145,   1.654834, 1.546875, -0.107959,   1.647583, 0.038672,
13.134228, 1.658862, 0.555103, -1.103760,   1.653223, 1.546875, -0.106348,   1.645166, 0.038672,
13.158673, 1.657251, 0.558325, -1.098926,   1.658862, 1.533179, -0.125684,   1.643555, 0.044312,
13.182124, 1.658057, 0.548657, -1.109399,   1.656445, 1.556543, -0.099902,   1.645972, 0.042700,
13.206446, 1.645972, 0.530127, -1.115845,   1.645166, 1.520288, -0.124878,   1.631470, 0.029810,
13.230774, 1.641138, 0.527710, -1.113428,   1.645972, 1.536401, -0.109570,   1.637109, 0.028198,
13.255131, 1.645166, 0.491455, -1.153711,   1.644360, 1.550903, -0.093457,   1.637109, 0.028198,
13.279669, 1.645972, 0.512402, -1.133569,   1.644360, 1.529956, -0.114404,   1.637915, 0.030615,
13.304008, 1.647583, 0.527710, -1.119873,   1.643555, 1.545264, -0.098291,   1.640332, 0.029810,
13.328365, 1.648389, 0.523682, -1.124707,   1.645972, 1.532373, -0.113599,   1.636304, 0.031421,
13.352676, 1.641943, 0.510791, -1.131152,   1.645972, 1.525122, -0.120850,   1.637109, 0.028198,
13.377325, 1.647583, 0.510791, -1.136792,   1.650806, 1.537207, -0.113599,   1.637109, 0.028198,
13.401785, 1.654834, 0.509180, -1.145654,   1.653223, 1.535596, -0.117627,   1.643555, 0.035449,
13.426238, 1.647583, 0.485815, -1.161768,   1.645972, 1.528345, -0.117627,   1.640332, 0.028198,
13.450565, 1.648389, 0.522070, -1.126318,   1.647583, 1.517871, -0.129712,   1.637109, 0.032227,
13.475006, 1.648389, 0.499512, -1.148877,   1.648389, 1.535596, -0.112793,   1.635498, 0.031421,
13.499450, 1.650000, 0.503540, -1.146460,   1.644360, 1.542041, -0.102319,   1.637915, 0.028198,
13.523919, 1.658057, 0.514819, -1.143237,   1.662085, 1.546069, -0.116016,   1.635498, 0.042700,
13.548231, 1.660474, 0.527710, -1.132764,   1.658057, 1.546875, -0.111182,   1.640332, 0.044312,
13.572678, 1.661279, 0.498706, -1.162573,   1.661279, 1.564600, -0.096680,   1.641943, 0.043506,
13.597129, 1.661279, 0.504346, -1.156934,   1.658057, 1.554126, -0.103931,   1.647583, 0.042700,
13.621455, 1.658057, 0.511597, -1.146460,   1.658057, 1.560571, -0.097485,   1.644360, 0.044312,
13.645757, 1.658057, 0.501123, -1.156934,   1.656445, 1.550098, -0.106348,   1.639526, 0.043506,
13.667020, 1.658862, 0.529321, -1.129541,   1.658057, 1.546875, -0.111182,   1.645972, 0.044312,
13.691459, 1.654834, 0.481787, -1.173047,   1.654028, 1.533179, -0.120850,   1.645166, 0.042700,
13.715889, 1.654028, 0.449561, -1.204468,   1.654834, 1.504175, -0.150659,   1.645166, 0.046729,
13.740234, 1.660474, 0.431836, -1.228638,   1.656445, 1.537207, -0.119238,   1.645166, 0.041895,
13.764778, 1.656445, 0.391553, -1.264893,   1.654834, 1.525122, -0.129712,   1.641138, 0.043506,
13.789240, 1.653223, 0.378662, -1.274561,   1.656445, 1.533984, -0.122461,   1.645972, 0.042700,
13.813594, 1.658057, 0.378662, -1.279395,   1.656445, 1.525928, -0.130518,   1.645166, 0.043506,
13.837904, 1.654834, 0.359326, -1.295508,   1.645972, 1.532373, -0.113599,   1.640332, 0.035449,
13.862353, 1.643555, 0.328711, -1.314844,   1.644360, 1.499341, -0.145020,   1.637109, 0.027393,
13.886789, 1.645972, 0.340796, -1.305176,   1.641138, 1.524316, -0.116821,   1.633081, 0.027393,
13.911162, 1.647583, 0.313403, -1.334180,   1.647583, 1.509009, -0.138574,   1.635498, 0.030615,
13.935447, 1.648389, 0.307764, -1.340625,   1.645166, 1.535596, -0.109570,   1.639526, 0.031421,
13.959896, 1.647583, 0.274731, -1.372852,   1.647583, 1.507397, -0.140186,   1.637915, 0.029810,
13.984372, 1.645166, 0.288428, -1.356738,   1.641138, 1.496118, -0.145020,   1.637915, 0.031421,
14.008716, 1.650806, 0.279565, -1.371240,   1.645166, 1.517065, -0.128101,   1.635498, 0.030615,
14.033025, 1.650000, 0.264258, -1.385742,   1.645972, 1.535596, -0.110376,   1.633887, 0.028198,
14.057347, 1.647583, 0.283594, -1.363989,   1.647583, 1.519482, -0.128101,   1.637915, 0.031421,
14.081914, 1.645166, 0.281177, -1.363989,   1.641943, 1.494507, -0.147436,   1.639526, 0.033838,
14.106238, 1.649194, 0.282788, -1.366406,   1.645972, 1.515454, -0.130518,   1.637915, 0.026587,
14.130573, 1.649194, 0.284399, -1.364795,   1.654028, 1.513037, -0.140991,   1.640332, 0.032227,
14.154906, 1.645972, 0.277148, -1.368823,   1.650806, 1.521899, -0.128906,   1.633887, 0.028198,
14.179484, 1.662085, 0.262646, -1.399439,   1.658862, 1.492090, -0.166772,   1.647583, 0.038672,
14.203898, 1.661279, 0.270703, -1.390576,   1.658862, 1.516260, -0.142602,   1.645972, 0.043506,
14.228244, 1.661279, 0.284399, -1.376880,   1.660474, 1.508203, -0.152270,   1.641138, 0.041895,
14.252565, 1.653223, 0.267480, -1.385742,   1.656445, 1.533179, -0.123267,   1.640332, 0.040283,
14.277140, 1.654834, 0.266675, -1.388159,   1.657251, 1.524316, -0.132935,   1.645166, 0.040283,
14.301446, 1.658057, 0.262646, -1.395410,   1.656445, 1.521094, -0.135352,   1.643555, 0.041895,
14.325902, 1.658862, 0.270703, -1.388159,   1.658057, 1.499341, -0.158716,   1.643555, 0.042700,
14.350234, 1.654834, 0.228809, -1.426025,   1.650806, 1.517871, -0.132935,   1.645972, 0.042700,
14.374702, 1.654834, 0.273926, -1.380908,   1.656445, 1.513037, -0.143408,   1.644360, 0.043506,
14.399247, 1.654834, 0.262646, -1.392187,   1.656445, 1.492895, -0.163550,   1.645166, 0.043506,
14.423672, 1.658862, 0.265869, -1.392993,   1.654834, 1.507397, -0.147436,   1.637109, 0.039478,
14.448022, 1.657251, 0.262646, -1.394605,   1.654834, 1.529150, -0.125684,   1.645166, 0.040283,
14.472456, 1.654834, 0.265869, -1.388965,   1.656445, 1.527539, -0.128906,   1.644360, 0.041895,
14.496901, 1.643555, 0.271509, -1.372046,   1.645972, 1.532373, -0.113599,   1.633081, 0.029810,
14.521318, 1.645166, 0.255396, -1.389771,   1.647583, 1.524316, -0.123267,   1.629858, 0.028198,
14.545667, 1.648389, 0.239282, -1.409106,   1.645166, 1.524316, -0.120850,   1.641138, 0.035449,
14.570101, 1.648389, 0.250562, -1.397827,   1.645166, 1.516260, -0.128906,   1.637109, 0.028198,
14.594457, 1.643555, 0.259424, -1.384131,   1.648389, 1.492895, -0.155493,   1.633081, 0.027393,
14.618759, 1.650000, 0.263452, -1.386548,   1.647583, 1.510620, -0.136963,   1.633081, 0.029810,
14.643122, 1.649194, 0.216724, -1.432471,   1.648389, 1.515454, -0.132935,   1.639526, 0.030615,
14.667469, 1.643555, 0.255396, -1.388159,   1.648389, 1.512231, -0.136157,   1.633081, 0.028198,
14.691905, 1.649194, 0.259424, -1.389771,   1.648389, 1.510620, -0.137769,   1.629858, 0.030615,
14.716357, 1.649194, 0.262646, -1.386548,   1.648389, 1.521899, -0.126489,   1.635498, 0.028198,
14.740673, 1.649194, 0.252173, -1.397022,   1.650806, 1.515454, -0.135352,   1.633887, 0.027393,
14.765137, 1.650000, 0.273926, -1.376074,   1.647583, 1.507397, -0.140186,   1.633887, 0.030615,
14.789575, 1.649194, 0.253784, -1.395410,   1.650000, 1.495312, -0.154688,   1.633887, 0.029810,
14.814007, 1.660474, 0.246533, -1.413940,   1.662085, 1.529956, -0.132129,   1.640332, 0.041895,
14.838359, 1.658862, 0.282788, -1.376074,   1.660474, 1.515454, -0.145020,   1.643555, 0.041895,
14.862786, 1.661279, 0.274731, -1.386548,   1.660474, 1.546069, -0.114404,   1.644360, 0.040283,
14.887250, 1.660474, 0.262646, -1.397827,   1.658057, 1.545264, -0.112793,   1.645972, 0.043506,
14.911607, 1.660474, 0.244922, -1.415552,   1.658862, 1.507397, -0.151465,   1.643555, 0.044312,
14.935903, 1.656445, 0.252173, -1.404272,   1.657251, 1.521094, -0.136157,   1.645972, 0.042700,
14.960363, 1.657251, 0.265869, -1.391382,   1.654834, 1.549292, -0.105542,   1.640332, 0.045923,
14.984804, 1.658057, 0.251367, -1.406689,   1.656445, 1.520288, -0.136157,   1.640332, 0.043506,
15.009163, 1.654834, 0.216724, -1.438110,   1.654834, 1.517065, -0.137769,   1.644360, 0.042700,
15.033539, 1.656445, 0.164355, -1.492090,   1.654834, 1.513843, -0.140991,   1.643555, 0.043506,
15.057903, 1.657251, 0.179663, -1.477588,   1.654834, 1.504175, -0.150659,   1.645972, 0.044312,
15.082358, 1.654834, 0.147437, -1.507397,   1.654834, 1.515454, -0.139380,   1.641943, 0.042700,
15.106674, 1.652417, 0.147437, -1.504980,   1.652417, 1.519482, -0.132935,   1.645166, 0.040283,
15.131018, 1.640332, 0.135352, -1.504980,   1.643555, 1.492090, -0.151465,   1.633081, 0.027393,
15.155361, 1.643555, 0.120850, -1.522705,   1.644360, 1.504980, -0.139380,   1.637915, 0.030615,
15.179908, 1.645972, 0.091846, -1.554126,   1.645166, 1.508203, -0.136963,   1.639526, 0.027393,
15.204237, 1.648389, 0.070898, -1.577490,   1.641138, 1.513843, -0.127295,   1.637915, 0.028198,
15.228598, 1.647583, 0.059619, -1.587964,   1.645166, 1.480005, -0.165161,   1.633081, 0.030615,
15.252901, 1.649194, 0.081372, -1.567822,   1.644360, 1.494507, -0.149853,   1.637915, 0.032227,
15.277441, 1.649194, 0.086206, -1.562988,   1.649194, 1.492895, -0.156299,   1.636304, 0.028198,
15.301792, 1.648389, 0.075732, -1.572656,   1.647583, 1.494507, -0.153076,   1.639526, 0.029810,
15.326240, 1.648389, 0.073315, -1.575073,   1.647583, 1.471143, -0.176440,   1.633081, 0.027393,
15.350577, 1.645972, 0.045923, -1.600049,   1.645166, 1.521899, -0.123267,   1.633081, 0.029810,
15.375018, 1.649194, 0.055591, -1.593603,   1.649194, 1.479199, -0.169995,   1.637109, 0.030615,
15.399565, 1.649194, 0.069287, -1.579907,   1.645166, 1.513037, -0.132129,   1.633081, 0.028198,
15.423931, 1.648389, 0.050757, -1.597632,   1.647583, 1.463086, -0.184497,   1.636304, 0.028198,
15.448240, 1.661279, 0.016919, -1.644360,   1.656445, 1.484839, -0.171606,   1.639526, 0.042700,
15.472676, 1.662085, 0.016919, -1.645166,   1.658862, 1.491284, -0.167578,   1.644360, 0.040283,
15.497137, 1.656445, 0.016919, -1.639526,   1.658862, 1.503369, -0.155493,   1.647583, 0.044312,
15.521576, 1.661279, 0.015308, -1.645972,   1.658862, 1.513037, -0.145825,   1.637915, 0.041895,
15.545907, 1.658057, 0.013696, -1.644360,   1.657251, 1.480005, -0.177246,   1.640332, 0.039478,
15.570358, 1.656445, 0.015308, -1.641138,   1.657251, 1.484839, -0.172412,   1.647583, 0.042700,
15.594681, 1.658862, 0.016919, -1.641943,   1.652417, 1.470337, -0.182080,   1.645166, 0.040283,
15.619029, 1.654834, 0.014502, -1.640332,   1.656445, 1.490479, -0.165967,   1.645166, 0.045923,
15.643351, 1.654028, 0.017725, -1.636304,   1.654834, 1.483227, -0.171606,   1.645166, 0.039478,
15.667790, 1.654834, 0.017725, -1.637109,   1.654834, 1.480005, -0.174829,   1.643555, 0.042700,
15.692266, 1.660474, 0.019336, -1.641138,   1.658862, 1.475977, -0.182886,   1.645166, 0.046729,
15.716674, 1.654028, 0.018530, -1.635498,   1.654028, 1.475171, -0.178857,   1.643555, 0.042700,
15.741024, 1.654834, 0.017725, -1.637109,   1.654834, 1.478394, -0.176440,   1.645166, 0.040283,
15.765451, 1.657251, 0.015308, -1.641943,   1.658057, 1.471948, -0.186108,   1.644360, 0.042700,
15.789913, 1.643555, 0.003223, -1.640332,   1.645166, 1.467920, -0.177246,   1.637109, 0.030615,
15.814347, 1.643555, 0.005640, -1.637915,   1.641138, 1.473559, -0.167578,   1.637109, 0.028198,
15.838687, 1.645166, 0.005640, -1.639526,   1.647583, 1.469531, -0.178052,   1.633081, 0.031421,
15.863140, 1.645972, 0.002417, -1.643555,   1.645166, 1.477588, -0.167578,   1.633887, 0.029810,
15.887607, 1.647583, 0.000806, -1.646777,   1.648389, 1.482422, -0.165967,   1.636304, 0.029810,
15.911915, 1.643555, 0.004834, -1.638721,   1.647583, 1.467114, -0.180469,   1.640332, 0.026587,
15.936238, 1.643555, 0.000806, -1.642749,   1.648389, 1.484839, -0.163550,   1.637915, 0.028198,
15.960689, 1.643555, 0.005640, -1.637915,   1.645166, 1.467920, -0.177246,   1.633887, 0.029810,
15.985140, 1.647583, 0.004834, -1.642749,   1.645166, 1.462280, -0.182886,   1.636304, 0.027393,
16.009511, 1.648389, 0.002417, -1.645972,   1.647583, 1.474365, -0.173218,   1.637915, 0.031421,
16.033902, 1.650000, 0.005640, -1.644360,   1.650806, 1.474365, -0.176440,   1.637109, 0.028198,
16.058317, 1.648389, 0.000806, -1.647583,   1.650000, 1.467920, -0.182080,   1.637915, 0.028198,
16.082898, 1.662085, 0.019336, -1.642749,   1.658057, 1.473559, -0.184497,   1.641138, 0.043506,
16.107242, 1.662085, 0.019336, -1.642749,   1.662085, 1.480005, -0.182080,   1.647583, 0.043506,
16.131587, 1.656445, 0.019336, -1.637109,   1.658862, 1.471143, -0.187720,   1.647583, 0.043506,
16.155908, 1.662085, 0.016919, -1.645166,   1.658862, 1.454224, -0.204639,   1.641943, 0.045923,
16.180467, 1.654834, 0.018530, -1.636304,   1.654834, 1.463086, -0.191748,   1.643555, 0.044312,
16.204791, 1.658862, 0.018530, -1.640332,   1.657251, 1.454224, -0.203027,   1.645972, 0.038672,
16.229254, 1.654834, 0.014502, -1.640332,   1.654834, 1.455029, -0.199805,   1.641943, 0.040283,
16.253578, 1.654834, 0.015308, -1.639526,   1.656445, 1.475977, -0.180469,   1.645972, 0.042700,
16.278241, 1.654028, 0.014502, -1.639526,   1.653223, 1.470337, -0.182886,   1.641943, 0.041895,
16.302580, 1.654028, 0.013696, -1.640332,   1.657251, 1.470337, -0.186914,   1.645166, 0.039478,
16.326909, 1.658862, 0.017725, -1.641138,   1.660474, 1.450195, -0.210278,   1.645166, 0.043506,
16.351333, 1.654834, 0.015308, -1.639526,   1.658862, 1.456641, -0.202222,   1.640332, 0.041895,
16.375788, 1.649194, 0.017725, -1.631470,   1.654028, 1.454224, -0.199805,   1.643555, 0.039478,
16.400249, 1.641943, 0.001611, -1.640332,   1.644360, 1.455029, -0.189331,   1.636304, 0.029810,
16.424678, 1.641943, 0.005640, -1.636304,   1.641943, 1.453418, -0.188525,   1.637109, 0.029810,
16.449035, 1.643555, 0.004834, -1.638721,   1.640332, 1.448584, -0.191748,   1.640332, 0.028198,
16.473471, 1.645166, 0.005640, -1.639526,   1.641138, 1.453418, -0.187720,   1.636304, 0.028198,
16.497919, 1.649194, 0.004834, -1.644360,   1.647583, 1.471948, -0.175635,   1.635498, 0.028198,
16.522356, 1.653223, 0.009668, -1.643555,   1.650000, 1.455029, -0.194971,   1.640332, 0.031421,
16.546667, 1.647583, 0.000806, -1.646777,   1.644360, 1.456641, -0.187720,   1.637915, 0.028198,
16.571133, 1.648389, 0.002417, -1.645972,   1.647583, 1.442944, -0.204639,   1.633887, 0.030615,
16.595589, 1.647583, 0.002417, -1.645166,   1.643555, 1.446167, -0.197388,   1.637109, 0.028198,
16.619820, 1.647583, 0.005640, -1.641943,   1.650000, 1.426025, -0.223975,   1.640332, 0.028198,
16.644029, 1.648389, 0.004834, -1.643555,   1.641138, 1.432471, -0.208667,   1.637915, 0.029810,
16.668496, 1.649194, 0.002417, -1.646777,   1.647583, 1.463892, -0.183691,   1.633081, 0.029810,
16.692794, 1.647583, 0.001611, -1.645972,   1.648389, 1.458252, -0.190137,   1.637915, 0.028198,
16.717140, 1.647583, 0.006445, -1.641138,   1.662085, 1.452612, -0.209473,   1.645972, 0.043506,
16.741467, 1.660474, 0.016919, -1.643555,   1.662085, 1.449390, -0.212695,   1.647583, 0.040283,
16.765917, 1.658057, 0.016919, -1.641138,   1.658862, 1.449390, -0.209473,   1.645972, 0.043506,
16.790374, 1.658862, 0.018530, -1.640332,   1.661279, 1.456641, -0.204639,   1.640332, 0.043506,
16.814796, 1.656445, 0.015308, -1.641138,   1.658862, 1.461475, -0.197388,   1.645166, 0.040283,
16.839145, 1.658057, 0.017725, -1.640332,   1.658862, 1.452612, -0.206250,   1.644360, 0.037866,
16.863576, 1.657251, 0.015308, -1.641943,   1.654834, 1.441333, -0.213501,   1.640332, 0.044312,
16.888028, 1.657251, 0.017725, -1.639526,   1.653223, 1.450195, -0.203027,   1.640332, 0.039478,
16.912440, 1.653223, 0.018530, -1.634692,   1.654834, 1.451001, -0.203833,   1.640332, 0.041895,
16.936797, 1.657251, 0.017725, -1.639526,   1.654028, 1.446167, -0.207861,   1.640332, 0.043506,
16.961261, 1.657251, 0.014502, -1.642749,   1.654834, 1.441333, -0.213501,   1.645166, 0.040283,
16.985696, 1.656445, 0.018530, -1.637915,   1.658862, 1.448584, -0.210278,   1.641943, 0.044312,
17.010057, 1.654834, 0.017725, -1.637109,   1.650806, 1.434888, -0.215918,   1.645972, 0.045923,
17.034365, 1.654834, 0.018530, -1.636304,   1.650806, 1.434082, -0.216724,   1.643555, 0.042700,
17.058789, 1.645166, 0.004834, -1.640332,   1.644360, 1.399439, -0.244922,   1.633887, 0.030615,
17.083254, 1.641943, 0.006445, -1.635498,   1.645972, 1.430054, -0.215918,   1.637109, 0.027393,
17.107584, 1.645166, 0.002417, -1.642749,   1.645972, 1.430859, -0.215112,   1.637915, 0.028198,
17.131922, 1.645166, 0.004834, -1.640332,   1.640332, 1.421997, -0.218335,   1.633887, 0.028198,
17.156251, 1.645166, 0.004834, -1.640332,   1.648389, 1.425220, -0.223169,   1.641138, 0.028198,
17.180691, 1.647583, 0.005640, -1.641943,   1.645166, 1.428442, -0.216724,   1.640332, 0.028198,
17.205034, 1.645166, 0.005640, -1.639526,   1.650000, 1.428442, -0.221558,   1.636304, 0.032227,
17.229365, 1.647583, 0.000806, -1.646777,   1.645166, 1.455029, -0.190137,   1.636304, 0.028198,
17.253687, 1.654028, 0.006445, -1.647583,   1.652417, 1.433276, -0.219141,   1.636304, 0.026587,
17.278251, 1.648389, 0.002417, -1.645972,   1.645166, 1.430859, -0.214307,   1.633081, 0.028198,
17.302596, 1.645972, 0.004834, -1.641138,   1.647583, 1.434082, -0.213501,   1.637915, 0.030615,
17.327035, 1.648389, 0.002417, -1.645972,   1.650000, 1.417969, -0.232031,   1.640332, 0.027393,
17.351360, 1.647583, 0.001611, -1.645972,   1.648389, 1.428442, -0.219946,   1.632275, 0.027393,
17.375799, 1.662085, 0.012891, -1.649194,   1.661279, 1.430859, -0.230420,   1.647583, 0.042700,
17.400246, 1.662085, 0.012891, -1.649194,   1.657251, 1.438110, -0.219141,   1.645166, 0.041895,
17.424585, 1.657251, 0.015308, -1.641943,   1.654028, 1.430054, -0.223975,   1.643555, 0.043506,
17.448912, 1.660474, 0.019336, -1.641138,   1.657251, 1.416357, -0.240894,   1.641138, 0.039478,
17.473371, 1.653223, 0.018530, -1.634692,   1.654834, 1.413940, -0.240893,   1.644360, 0.043506,
17.497808, 1.654834, 0.018530, -1.636304,   1.654834, 1.438110, -0.216724,   1.643555, 0.043506,
17.522179, 1.654028, 0.014502, -1.639526,   1.654834, 1.434082, -0.220752,   1.641943, 0.038672,
17.546458, 1.657251, 0.012891, -1.644360,   1.656445, 1.432471, -0.223975,   1.645166, 0.040283,
17.570934, 1.658862, 0.014502, -1.644360,   1.654834, 1.445361, -0.209473,   1.641943, 0.039478,
17.595346, 1.658862, 0.019336, -1.639526,   1.654028, 1.434082, -0.219946,   1.649194, 0.041895,
17.619585, 1.654028, 0.016919, -1.637109,   1.654028, 1.438916, -0.215112,   1.644360, 0.043506,
17.643801, 1.650806, 0.013696, -1.637109,   1.654834, 1.419580, -0.235254,   1.643555, 0.044312,
17.668146, 1.654834, 0.016919, -1.637915,   1.658862, 1.436499, -0.222363,   1.641138, 0.042700,
17.692483, 1.649194, 0.011279, -1.637915,   1.645972, 1.421191, -0.224780,   1.636304, 0.032227,
17.716929, 1.645166, 0.002417, -1.642749,   1.641138, 1.420386, -0.220752,   1.633081, 0.030615,
17.741253, 1.645166, 0.001611, -1.643555,   1.641138, 1.426025, -0.215112,   1.640332, 0.028198,
17.765683, 1.644360, 0.000806, -1.643555,   1.645166, 1.421191, -0.223975,   1.632275, 0.029810,
17.790145, 1.647583, 0.000806, -1.646777,   1.641943, 1.416357, -0.225586,   1.637109, 0.029810,
17.814477, 1.647583, 0.005640, -1.641943,   1.647583, 1.424414, -0.223169,   1.633081, 0.031421,
17.838800, 1.647583, 0.001611, -1.645972,   1.648389, 1.434082, -0.214307,   1.633887, 0.029810,
17.863250, 1.645972, 0.006445, -1.639526,   1.647583, 1.421997, -0.225586,   1.637109, 0.028198,
17.887691, 1.644360, 0.001611, -1.642749,   1.647583, 1.430859, -0.216724,   1.635498, 0.028198,
17.912047, 1.649194, 0.004834, -1.644360,   1.645166, 1.417163, -0.228003,   1.639526, 0.030615,
17.936467, 1.649194, 0.005640, -1.643555,   1.643555, 1.437305, -0.206250,   1.633081, 0.028198,
17.960916, 1.648389, 0.004834, -1.643555,   1.649194, 1.424414, -0.224780,   1.633081, 0.029810,
17.985364, 1.649194, 0.000806, -1.648389,   1.648389, 1.426025, -0.222363,   1.633887, 0.028198,
18.009773, 1.662085, 0.014502, -1.647583,   1.658862, 1.424414, -0.234448,   1.647583, 0.042700,
18.034140, 1.662085, 0.016919, -1.645166,   1.658057, 1.426025, -0.232031,   1.645972, 0.042700,
18.058583, 1.657251, 0.014502, -1.642749,   1.658862, 1.430054, -0.228809,   1.641943, 0.039478,
18.083031, 1.661279, 0.015308, -1.645972,   1.654834, 1.430859, -0.223975,   1.650000, 0.045923,
18.107375, 1.657251, 0.014502, -1.642749,   1.658862, 1.440527, -0.218335,   1.643555, 0.038672,
18.131686, 1.652417, 0.018530, -1.633887,   1.660474, 1.430054, -0.230420,   1.645166, 0.043506,
18.156040, 1.657251, 0.013696, -1.643555,   1.657251, 1.413940, -0.243311,   1.641138, 0.041895,
18.180587, 1.658862, 0.011279, -1.647583,   1.654834, 1.440527, -0.214307,   1.644360, 0.039478,
18.204920, 1.657251, 0.014502, -1.642749,   1.652417, 1.434082, -0.218335,   1.643555, 0.040283,
18.229256, 1.657251, 0.015308, -1.641943,   1.654834, 1.430859, -0.223975,   1.644360, 0.041895,
18.253691, 1.658862, 0.015308, -1.643555,   1.654834, 1.438110, -0.216724,   1.647583, 0.039478,
18.278265, 1.650806, 0.015308, -1.635498,   1.652417, 1.407495, -0.244922,   1.645972, 0.039478,
18.302587, 1.652417, 0.017725, -1.634692,   1.654834, 1.445361, -0.209473,   1.639526, 0.037866,
18.327026, 1.645972, 0.000806, -1.645166,   1.645166, 1.417969, -0.227197,   1.636304, 0.028198,
18.351363, 1.644360, 0.001611, -1.642749,   1.643555, 1.429248, -0.214307,   1.637915, 0.028198,
18.375809, 1.645972, 0.003223, -1.642749,   1.644360, 1.423608, -0.220752,   1.636304, 0.030615,
18.400259, 1.644360, 0.000806, -1.643555,   1.645972, 1.426025, -0.219946,   1.637915, 0.028198,
18.424694, 1.649194, 0.007251, -1.641943,   1.648389, 1.425220, -0.223169,   1.640332, 0.028198,
18.449035, 1.650000, 0.004834, -1.645166,   1.645972, 1.441333, -0.204639,   1.640332, 0.030615,
18.473471, 1.647583, 0.003223, -1.644360,   1.647583, 1.426025, -0.221558,   1.633887, 0.030615,
18.497919, 1.647583, 0.008862, -1.638721,   1.652417, 1.427637, -0.224780,   1.636304, 0.034644,
18.522366, 1.648389, 0.000806, -1.647583,   1.648389, 1.398633, -0.249756,   1.635498, 0.028198,
18.546689, 1.647583, 0.000806, -1.646777,   1.649194, 1.411523, -0.237671,   1.640332, 0.029810,
18.571160, 1.645972, 0.005640, -1.640332,   1.644360, 1.426025, -0.218335,   1.640332, 0.026587,
18.595584, 1.649194, 0.003223, -1.645972,   1.647583, 1.407495, -0.240088,   1.636304, 0.029810,
18.619804, 1.649194, 0.003223, -1.645972,   1.647583, 1.434082, -0.213501,   1.636304, 0.029810,
18.644049, 1.661279, 0.015308, -1.645972,   1.662891, 1.440527, -0.222363,   1.643555, 0.042700,
18.668469, 1.662085, 0.017725, -1.644360,   1.662085, 1.441333, -0.220752,   1.640332, 0.037866,
18.692807, 1.661279, 0.017725, -1.643555,   1.662085, 1.433276, -0.228809,   1.647583, 0.041895,
18.717269, 1.660474, 0.018530, -1.641943,   1.654834, 1.442139, -0.212695,   1.645166, 0.041895,
18.741591, 1.660474, 0.015308, -1.645166,   1.654834, 1.440527, -0.214307,   1.643555, 0.044312,
18.766058, 1.656445, 0.013696, -1.642749,   1.656445, 1.429248, -0.227197,   1.641138, 0.041895,
18.790589, 1.657251, 0.014502, -1.642749,   1.654834, 1.432471, -0.222363,   1.641138, 0.037866,
18.814931, 1.656445, 0.019336, -1.637109,   1.654028, 1.441333, -0.212695,   1.640332, 0.038672,
18.839256, 1.658057, 0.016919, -1.641138,   1.658057, 1.454224, -0.203833,   1.644360, 0.041895,
18.863692, 1.657251, 0.014502, -1.642749,   1.658862, 1.434888, -0.223975,   1.641943, 0.039478,
18.888156, 1.657251, 0.012891, -1.644360,   1.656445, 1.461475, -0.194971,   1.640332, 0.039478,
18.912526, 1.654834, 0.014502, -1.640332,   1.654028, 1.477588, -0.176440,   1.643555, 0.038672,
18.936805, 1.654028, 0.014502, -1.639526,   1.654834, 1.463086, -0.191748,   1.644360, 0.043506,
18.961270, 1.641943, 0.002417, -1.639526,   1.644360, 1.451001, -0.193359,   1.629858, 0.027393,
18.985696, 1.643555, 0.006445, -1.637109,   1.645166, 1.457446, -0.187720,   1.637915, 0.029810,
19.010091, 1.644360, 0.005640, -1.638721,   1.645166, 1.448584, -0.196582,   1.637109, 0.028198,
19.034476, 1.645166, 0.004834, -1.640332,   1.645166, 1.469531, -0.175635,   1.635498, 0.027393,
19.058920, 1.647583, 0.004834, -1.642749,   1.645166, 1.459863, -0.185303,   1.637109, 0.026587,
19.083380, 1.647583, 0.018530, -1.629053,   1.648389, 1.448584, -0.199805,   1.639526, 0.028198,
19.107716, 1.641138, 0.022559, -1.618579,   1.645166, 1.467920, -0.177246,   1.632275, 0.030615,
19.132040, 1.645166, 0.021753, -1.623413,   1.647583, 1.478394, -0.169189,   1.633081, 0.028198,
19.156368, 1.649194, 0.026587, -1.622607,   1.650000, 1.480005, -0.169995,   1.637915, 0.029810,
19.180925, 1.652417, 0.039478, -1.612939,   1.647583, 1.475977, -0.171606,   1.636304, 0.028198,
19.205261, 1.650806, 0.043506, -1.607300,   1.648389, 1.488867, -0.159521,   1.641138, 0.029810,
19.229585, 1.645972, 0.043506, -1.602466,   1.648389, 1.507397, -0.140991,   1.640332, 0.029810,
19.253925, 1.647583, 0.052368, -1.595215,   1.650000, 1.519482, -0.130518,   1.633887, 0.029810,
19.278474, 1.662891, 0.040283, -1.622607,   1.661279, 1.495312, -0.165967,   1.641138, 0.039478,
19.302816, 1.661279, 0.049951, -1.611328,   1.658057, 1.511426, -0.146631,   1.643555, 0.039478,
19.327253, 1.658057, 0.042700, -1.615356,   1.658862, 1.492895, -0.165967,   1.647583, 0.040283,
19.351600, 1.660474, 0.046729, -1.613745,   1.654028, 1.500147, -0.153882,   1.640332, 0.043506,
19.376185, 1.657251, 0.062842, -1.594409,   1.660474, 1.483227, -0.177246,   1.645166, 0.039478,
19.400600, 1.656445, 0.109570, -1.546875,   1.658862, 1.510620, -0.148242,   1.640332, 0.042700,
19.425044, 1.657251, 0.128906, -1.528345,   1.658057, 1.517871, -0.140186,   1.645166, 0.044312,
19.449366, 1.654028, 0.153882, -1.500147,   1.658862, 1.517065, -0.141797,   1.644360, 0.038672,
19.473811, 1.658862, 0.182886, -1.475976,   1.654028, 1.527539, -0.126489,   1.640332, 0.040283,
19.498260, 1.652417, 0.184497, -1.467920,   1.661279, 1.520288, -0.140991,   1.645166, 0.044312,
19.522591, 1.656445, 0.201416, -1.455029,   1.657251, 1.500147, -0.157104,   1.640332, 0.037866,
19.546923, 1.657251, 0.209473, -1.447778,   1.656445, 1.527539, -0.128906,   1.640332, 0.041895,
19.571374, 1.657251, 0.209473, -1.447778,   1.652417, 1.510620, -0.141797,   1.645972, 0.040283,
19.595789, 1.650000, 0.222363, -1.427637,   1.657251, 1.521899, -0.135352,   1.641943, 0.039478,
19.620165, 1.645972, 0.225586, -1.420386,   1.641138, 1.504980, -0.136157,   1.633081, 0.025781,
19.644372, 1.645166, 0.232837, -1.412329,   1.640332, 1.484033, -0.156299,   1.635498, 0.026587,
19.668699, 1.647583, 0.228809, -1.418774,   1.643555, 1.521899, -0.121655,   1.637915, 0.031421,
19.693256, 1.645166, 0.250562, -1.394605,   1.647583, 1.511426, -0.136157,   1.636304, 0.026587,
19.717595, 1.649194, 0.304541, -1.344653,   1.648389, 1.515454, -0.132935,   1.636304, 0.027393,
19.741928, 1.645166, 0.316626, -1.328540,   1.652417, 1.517065, -0.135352,   1.640332, 0.034644,
19.766372, 1.645166, 0.346436, -1.298730,   1.648389, 1.520288, -0.128101,   1.639526, 0.030615,
19.790824, 1.647583, 0.329517, -1.318066,   1.645972, 1.535596, -0.110376,   1.632275, 0.028198,
19.815210, 1.647583, 0.384302, -1.263281,   1.648389, 1.545264, -0.103125,   1.633887, 0.028198,
19.839589, 1.649194, 0.402832, -1.246362,   1.650806, 1.529150, -0.121655,   1.637915, 0.026587,
19.864042, 1.647583, 0.409277, -1.238306,   1.647583, 1.538013, -0.109570,   1.636304, 0.028198,
19.888603, 1.650000, 0.432642, -1.217358,   1.645972, 1.529150, -0.116821,   1.631470, 0.026587,
19.912937, 1.650000, 0.419751, -1.230249,   1.649194, 1.521899, -0.127295,   1.639526, 0.027393,
19.937270, 1.664502, 0.445532, -1.218970,   1.662891, 1.546875, -0.116016,   1.647583, 0.037866,
19.962143, 1.661279, 0.470508, -1.190772,   1.657251, 1.544458, -0.112793,   1.641943, 0.041895,
19.986600, 1.654834, 0.464868, -1.189966,   1.662085, 1.549292, -0.112793,   1.641943, 0.043506,
20.011031, 1.656445, 0.461646, -1.194800,   1.661279, 1.544458, -0.116821,   1.641943, 0.037866,
20.035374, 1.660474, 0.483398, -1.177075,   1.654834, 1.548486, -0.106348,   1.639526, 0.037866,
20.059818, 1.662085, 0.473730, -1.188354,   1.654834, 1.532373, -0.122461,   1.640332, 0.039478,
20.084047, 1.656445, 0.467285, -1.189160,   1.652417, 1.546069, -0.106348,   1.643555, 0.040283,
20.108416, 1.656445, 0.479370, -1.177075,   1.657251, 1.538013, -0.119238,   1.647583, 0.041895,
20.132701, 1.657251, 0.486621, -1.170630,   1.660474, 1.540430, -0.120044,   1.644360, 0.043506,
20.157050, 1.654834, 0.469702, -1.185132,   1.658057, 1.521899, -0.136157,   1.640332, 0.044312,
20.181594, 1.657251, 0.473730, -1.183521,   1.657251, 1.541235, -0.116016,   1.640332, 0.041895,
20.205923, 1.657251, 0.481787, -1.175464,   1.657251, 1.523511, -0.133740,   1.643555, 0.038672,
20.230258, 1.654834, 0.484204, -1.170630,   1.654834, 1.546069, -0.108765,   1.644360, 0.042700,
20.254599, 1.640332, 0.490649, -1.149683,   1.644360, 1.525122, -0.119238,   1.637109, 0.029810,
20.279159, 1.644360, 0.483398, -1.160962,   1.640332, 1.523511, -0.116821,   1.640332, 0.024976,
20.303488, 1.647583, 0.491455, -1.156128,   1.643555, 1.552515, -0.091040,   1.633887, 0.031421,
20.327819, 1.647583, 0.484204, -1.163379,   1.647583, 1.558960, -0.088623,   1.633081, 0.026587,
20.352159, 1.645166, 0.494678, -1.150488,   1.648389, 1.546069, -0.102319,   1.637109, 0.028198,
20.376770, 1.648389, 0.486621, -1.161767,   1.649194, 1.539624, -0.109570,   1.633887, 0.028198,
20.401163, 1.649194, 0.476147, -1.173047,   1.643555, 1.544458, -0.099097,   1.636304, 0.029810,
20.425497, 1.645166, 0.484204, -1.160962,   1.647583, 1.527539, -0.120044,   1.639526, 0.030615,
20.449810, 1.649194, 0.451172, -1.198022,   1.648389, 1.542847, -0.105542,   1.636304, 0.030615,
20.474263, 1.650000, 0.540601, -1.109399,   1.650000, 1.538013, -0.111987,   1.641138, 0.036255,
20.498696, 1.647583, 0.530127, -1.117456,   1.652417, 1.558960, -0.093457,   1.633887, 0.028198,
20.523049, 1.647583, 0.569604, -1.077979,   1.647583, 1.533179, -0.114404,   1.633081, 0.025781,
20.547486, 1.650000, 0.599414, -1.050586,   1.648389, 1.549292, -0.099097,   1.633887, 0.029810,
20.571929, 1.664502, 0.606665, -1.057837,   1.660474, 1.560571, -0.099902,   1.647583, 0.039478,
20.596384, 1.658057, 0.625195, -1.032861,   1.660474, 1.537207, -0.123267,   1.643555, 0.039478,
20.620797, 1.658862, 0.664673, -0.994189,   1.656445, 1.564600, -0.091846,   1.637915, 0.039478,
20.645131, 1.656445, 0.670312, -0.986133,   1.660474, 1.544458, -0.116016,   1.643555, 0.038672,
20.669500, 1.658862, 0.665479, -0.993384,   1.657251, 1.571851, -0.085400,   1.643555, 0.038672,
20.693826, 1.654028, 0.664673, -0.989355,   1.654834, 1.575073, -0.079761,   1.640332, 0.042700,
20.718064, 1.654834, 0.674341, -0.980493,   1.656445, 1.575073, -0.081372,   1.647583, 0.042700,
20.742272, 1.656445, 0.683203, -0.973242,   1.662085, 1.565405, -0.096680,   1.641943, 0.038672,
20.765592, 1.656445, 0.674341, -0.982104,   1.656445, 1.550903, -0.105542,   1.644360, 0.043506,
20.790056, 1.658057, 0.688037, -0.970020,   1.658862, 1.552515, -0.106348,   1.640332, 0.044312,
20.814439, 1.654834, 0.685620, -0.969214,   1.653223, 1.566211, -0.087012,   1.649194, 0.042700,
20.838707, 1.658862, 0.718652, -0.940210,   1.657251, 1.556543, -0.100708,   1.641943, 0.041895,
20.863171, 1.656445, 0.698511, -0.957935,   1.654834, 1.567822, -0.087012,   1.637915, 0.041895,
20.887603, 1.647583, 0.759741, -0.887842,   1.641943, 1.565405, -0.076538,   1.639526, 0.028198,
20.910340, 1.644360, 0.746045, -0.898315,   1.645166, 1.564600, -0.080566,   1.633081, 0.026587,
20.934697, 1.647583, 0.785522, -0.862061,   1.644360, 1.587964, -0.056396,   1.635498, 0.027393,
20.959161, 1.647583, 0.795190, -0.852393,   1.643555, 1.554932, -0.088623,   1.637915, 0.030615,
20.983611, 1.645166, 0.828223, -0.816943,   1.648389, 1.569434, -0.078955,   1.639526, 0.029810,
21.007942, 1.647583, 0.845142, -0.802441,   1.649194, 1.570239, -0.078955,   1.637915, 0.030615,
21.032272, 1.645166, 0.835474, -0.809692,   1.650000, 1.558960, -0.091040,   1.637109, 0.028198,
21.056606, 1.648389, 0.877368, -0.771020,   1.649194, 1.571045, -0.078149,   1.633887, 0.026587,
21.081161, 1.650000, 0.844336, -0.805664,   1.650000, 1.581519, -0.068481,   1.633887, 0.029810,
21.105489, 1.650806, 0.884619, -0.766186,   1.650806, 1.578296, -0.072510,   1.637915, 0.029810,
21.129826, 1.649194, 0.924097, -0.725098,   1.645166, 1.566211, -0.078955,   1.633081, 0.026587,
21.154162, 1.652417, 0.904761, -0.747656,   1.644360, 1.574268, -0.070093,   1.636304, 0.029810,
21.178704, 1.647583, 0.889453, -0.758130,   1.645166, 1.571045, -0.074121,   1.635498, 0.028198,
21.203045, 1.666919, 0.919263, -0.747656,   1.665308, 1.593603, -0.071704,   1.640332, 0.045923,
21.227498, 1.664502, 0.932153, -0.732349,   1.662891, 1.593603, -0.069287,   1.644360, 0.039478,
21.251825, 1.662085, 0.923291, -0.738794,   1.660474, 1.612939, -0.047534,   1.648389, 0.042700,
21.276364, 1.661279, 0.917651, -0.743628,   1.661279, 1.582324, -0.078955,   1.644360, 0.042700,
21.300703, 1.654028, 0.916040, -0.737988,   1.661279, 1.591187, -0.070093,   1.644360, 0.039478,
21.325179, 1.657251, 0.917651, -0.739600,   1.657251, 1.598437, -0.058814,   1.644360, 0.045923,
21.349488, 1.657251, 0.936182, -0.721069,   1.661279, 1.587964, -0.073316,   1.644360, 0.041895,
21.373967, 1.661279, 0.926514, -0.734766,   1.658057, 1.581519, -0.076538,   1.641943, 0.043506,
21.398485, 1.658862, 0.935376, -0.723486,   1.654834, 1.594409, -0.060425,   1.637915, 0.040283,
21.422822, 1.658057, 0.970020, -0.688037,   1.654028, 1.579907, -0.074121,   1.643555, 0.043506,
21.447161, 1.658057, 0.978076, -0.679980,   1.657251, 1.602466, -0.054785,   1.640332, 0.038672,
21.471597, 1.654028, 1.011108, -0.642920,   1.653223, 1.574268, -0.078955,   1.645166, 0.043506,
21.496033, 1.658057, 1.028027, -0.630029,   1.654834, 1.600855, -0.053979,   1.645166, 0.041895,
21.520387, 1.647583, 1.048975, -0.598608,   1.645972, 1.615356, -0.030615,   1.644360, 0.042700,
21.544601, 1.645972, 1.065088, -0.580884,   1.643555, 1.571045, -0.072510,   1.636304, 0.030615,
21.568933, 1.649194, 1.069116, -0.580078,   1.643555, 1.587964, -0.055591,   1.633887, 0.028198,
21.593264, 1.645166, 1.068310, -0.576856,   1.644360, 1.623413, -0.020947,   1.637109, 0.028198,
21.617608, 1.647583, 1.099731, -0.547852,   1.643555, 1.603271, -0.040283,   1.633887, 0.030615,
21.641927, 1.649194, 1.099731, -0.549463,   1.643555, 1.599243, -0.044312,   1.639526, 0.027393,
21.666391, 1.649194, 1.111011, -0.538184,   1.649194, 1.608911, -0.040283,   1.633887, 0.027393,
21.690824, 1.650000, 1.108594, -0.541406,   1.645972, 1.595215, -0.050757,   1.640332, 0.030615,
21.715199, 1.650000, 1.089258, -0.560742,   1.648389, 1.598437, -0.049951,   1.637915, 0.031421,
21.739491, 1.648389, 1.101343, -0.547046,   1.650000, 1.600049, -0.049951,   1.636304, 0.028198,
21.763932, 1.650000, 1.106177, -0.543823,   1.650806, 1.599243, -0.051562,   1.641138, 0.024976,
21.788387, 1.645972, 1.126318, -0.519653,   1.647583, 1.596020, -0.051563,   1.636304, 0.030615,
21.812812, 1.649194, 1.129541, -0.519653,   1.650000, 1.600855, -0.049145,   1.640332, 0.028198,
21.837167, 1.657251, 1.181909, -0.475342,   1.656445, 1.608105, -0.048340,   1.644360, 0.044312,
21.861601, 1.657251, 1.139209, -0.518042,   1.662085, 1.608105, -0.053980,   1.645166, 0.045923,
21.886049, 1.662085, 1.153711, -0.508374,   1.662085, 1.620190, -0.041895,   1.644360, 0.041895,
21.910443, 1.658862, 1.156934, -0.501929,   1.662085, 1.615356, -0.046728,   1.644360, 0.040283,
21.934823, 1.662085, 1.156934, -0.505151,   1.657251, 1.627441, -0.029810,   1.640332, 0.043506,
21.959264, 1.657251, 1.149683, -0.507568,   1.658057, 1.600049, -0.058008,   1.641943, 0.040283,
21.983716, 1.661279, 1.156934, -0.504346,   1.658057, 1.611328, -0.046728,   1.639526, 0.039478,
22.008085, 1.658057, 1.171435, -0.486621,   1.654834, 1.606494, -0.048340,   1.645166, 0.041895,
22.032386, 1.658862, 1.152100, -0.506763,   1.658862, 1.587964, -0.070898,   1.640332, 0.044312,
22.056711, 1.657251, 1.160962, -0.496289,   1.657251, 1.590381, -0.066870,   1.640332, 0.040283,
22.081281, 1.658057, 1.152100, -0.505957,   1.657251, 1.607300, -0.049951,   1.645166, 0.040283,
22.105614, 1.658862, 1.160962, -0.497900,   1.657251, 1.616968, -0.040283,   1.644360, 0.040283,
22.130056, 1.658057, 1.122290, -0.535767,   1.654834, 1.600855, -0.053979,   1.635498, 0.039478,
22.154377, 1.654834, 1.168213, -0.486621,   1.660474, 1.608911, -0.051562,   1.645166, 0.043506,
22.178937, 1.645166, 1.151294, -0.493872,   1.648389, 1.614551, -0.033838,   1.637109, 0.026587,
22.203270, 1.645972, 1.147266, -0.498706,   1.645972, 1.600855, -0.045117,   1.631470, 0.030615,
22.227708, 1.647583, 1.181909, -0.465674,   1.647583, 1.578296, -0.069287,   1.637915, 0.029810,
22.252160, 1.650000, 1.159351, -0.490649,   1.645972, 1.612939, -0.033032,   1.640332, 0.035449,
22.276700, 1.650806, 1.196411, -0.454394,   1.647583, 1.596020, -0.051563,   1.637109, 0.030615,
22.301047, 1.649194, 1.192383, -0.456812,   1.644360, 1.620190, -0.024170,   1.632275, 0.026587,
22.325506, 1.650806, 1.222192, -0.428613,   1.649194, 1.603271, -0.045923,   1.641138, 0.028198,
22.349820, 1.650000, 1.254419, -0.395581,   1.647583, 1.615356, -0.032227,   1.637109, 0.030615,
22.374284, 1.648389, 1.278589, -0.369800,   1.647583, 1.610522, -0.037061,   1.640332, 0.028198,
22.398826, 1.650806, 1.272949, -0.377856,   1.650000, 1.618579, -0.031421,   1.633887, 0.025781,
22.423272, 1.652417, 1.301147, -0.351269,   1.650000, 1.611328, -0.038672,   1.639526, 0.029810,
22.447598, 1.650000, 1.272949, -0.377051,   1.647583, 1.614551, -0.033032,   1.633887, 0.026587,
22.472049, 1.652417, 1.316455, -0.335962,   1.647583, 1.608911, -0.038672,   1.636304, 0.026587,
22.496480, 1.662085, 1.319678, -0.342407,   1.666113, 1.643555, -0.022559,   1.641138, 0.042700,
22.520820, 1.662085, 1.369629, -0.292456,   1.665308, 1.629053, -0.036255,   1.641138, 0.037866,
22.545151, 1.658862, 1.373657, -0.285205,   1.662085, 1.620996, -0.041089,   1.636304, 0.042700,
22.569519, 1.662085, 1.333374, -0.328711,   1.658057, 1.639526, -0.018530,   1.640332, 0.039478,
22.593945, 1.658862, 1.309204, -0.349658,   1.658862, 1.598437, -0.060425,   1.643555, 0.042700,
22.618274, 1.661279, 1.336597, -0.324683,   1.661279, 1.641138, -0.020142,   1.640332, 0.041895,
22.642497, 1.658862, 1.345459, -0.313403,   1.656445, 1.620996, -0.035449,   1.645972, 0.044312,
22.666942, 1.657251, 1.338208, -0.319043,   1.658057, 1.596020, -0.062036,   1.645972, 0.039478,
22.691395, 1.658862, 1.332568, -0.326294,   1.660474, 1.635498, -0.024976,   1.640332, 0.039478,
22.715825, 1.657251, 1.326929, -0.330322,   1.654834, 1.629053, -0.025781,   1.645972, 0.042700,
22.740169, 1.657251, 1.366406, -0.290845,   1.660474, 1.620996, -0.039477,   1.641138, 0.043506,
22.764618, 1.656445, 1.362378, -0.294067,   1.658862, 1.637915, -0.020947,   1.639526, 0.039478,
22.789055, 1.658862, 1.349487, -0.309375,   1.656445, 1.643555, -0.012891,   1.648389, 0.042700,
22.813411, 1.645972, 1.365601, -0.280371,   1.643555, 1.625024, -0.018530,   1.635498, 0.028198,
22.837715, 1.647583, 1.322900, -0.324683,   1.649194, 1.600855, -0.048340,   1.633081, 0.028198,
22.862168, 1.645972, 1.355933, -0.290039,   1.647583, 1.625830, -0.021753,   1.637915, 0.030615,
22.886604, 1.647583, 1.397021, -0.250562,   1.648389, 1.620190, -0.028198,   1.641943, 0.027393,
22.906312, 1.649194, 1.375269, -0.273926,   1.650000, 1.640332, -0.009668,   1.636304, 0.028198,
22.930708, 1.650000, 1.317261, -0.332739,   1.645166, 1.629053, -0.016113,   1.633081, 0.030615,
22.955061, 1.644360, 1.376880, -0.267480,   1.650000, 1.620996, -0.029004,   1.640332, 0.029810,
22.979604, 1.650000, 1.358350, -0.291650,   1.645166, 1.589575, -0.055591,   1.637915, 0.030615,
23.003941, 1.650000, 1.346265, -0.303735,   1.645972, 1.632275, -0.013696,   1.639526, 0.028198,
23.028412, 1.649194, 1.330151, -0.319043,   1.645972, 1.625830, -0.020142,   1.640332, 0.025781,
23.052711, 1.652417, 1.344653, -0.307764,   1.649194, 1.629858, -0.019336,   1.637915, 0.028198,
23.077266, 1.647583, 1.366406, -0.281177,   1.653223, 1.648389, -0.004834,   1.635498, 0.027393,
23.101709, 1.650000, 1.388159, -0.261841,   1.647583, 1.623413, -0.024170,   1.635498, 0.028198,
23.126174, 1.662085, 1.403467, -0.258618,   1.665308, 1.668530, 0.003223,   1.645972, 0.041895,
23.150274, 1.662891, 1.438110, -0.224780,   1.662085, 1.647583, -0.014502,   1.641138, 0.037866,
23.174724, 1.662085, 1.470337, -0.191748,   1.658057, 1.636304, -0.021753,   1.640332, 0.043506,
23.199170, 1.662891, 1.466309, -0.196582,   1.661279, 1.647583, -0.013696,   1.647583, 0.044312,
23.223566, 1.654834, 1.517871, -0.136963,   1.657251, 1.636304, -0.020947,   1.644360, 0.041895,
23.247940, 1.658862, 1.509009, -0.149853,   1.661279, 1.647583, -0.013696,   1.643555, 0.042700,
23.272389, 1.650806, 1.515454, -0.135352,   1.657251, 1.641943, -0.015308,   1.648389, 0.039478,
23.296830, 1.662085, 1.507397, -0.154688,   1.658862, 1.645166, -0.013696,   1.647583, 0.040283,
23.321183, 1.660474, 1.524316, -0.136157,   1.658862, 1.628247, -0.030615,   1.639526, 0.043506,
23.345492, 1.658862, 1.538013, -0.120850,   1.661279, 1.641943, -0.019336,   1.641138, 0.038672,
23.369824, 1.654834, 1.560571, -0.094263,   1.653223, 1.658057, 0.004834,   1.643555, 0.039478,
23.394056, 1.660474, 1.544458, -0.116016,   1.652417, 1.669336, 0.016919,   1.641943, 0.037866,
23.418275, 1.656445, 1.546069, -0.110376,   1.654834, 1.661279, 0.006445,   1.644360, 0.038672,
23.442393, 1.662085, 1.560571, -0.101514,   1.660474, 1.649194, -0.011279,   1.647583, 0.043506,
23.466823, 1.648389, 1.550098, -0.098291,   1.644360, 1.647583, 0.003223,   1.637915, 0.028198,
23.491058, 1.650000, 1.554126, -0.095874,   1.645972, 1.641138, -0.004834,   1.640332, 0.028198,
23.515410, 1.647583, 1.524316, -0.123267,   1.648389, 1.637915, -0.010474,   1.636304, 0.026587,
23.539721, 1.647583, 1.566211, -0.081372,   1.645972, 1.624219, -0.021753,   1.633081, 0.028198,
23.564178, 1.649194, 1.566211, -0.082983,   1.647583, 1.647583, 0.000000,   1.636304, 0.026587,
23.588388, 1.650000, 1.570239, -0.079761,   1.652417, 1.668530, 0.016113,   1.637109, 0.028198,
23.612546, 1.649194, 1.566211, -0.082983,   1.648389, 1.649194, 0.000806,   1.640332, 0.028198,
23.636603, 1.652417, 1.587964, -0.064453,   1.648389, 1.644360, -0.004028,   1.639526, 0.027393,
23.661058, 1.650000, 1.596020, -0.053980,   1.649194, 1.614551, -0.034644,   1.637109, 0.029810,
23.685542, 1.650806, 1.569434, -0.081372,   1.652417, 1.644360, -0.008057,   1.636304, 0.030615,
23.709858, 1.654834, 1.569434, -0.085400,   1.650806, 1.650000, -0.000806,   1.635498, 0.030615,
23.734169, 1.650806, 1.567822, -0.082983,   1.650806, 1.679004, 0.028198,   1.636304, 0.026587,
23.758354, 1.662891, 1.594409, -0.068481,   1.664502, 1.643555, -0.020947,   1.639526, 0.040283,
23.782825, 1.661279, 1.590381, -0.070899,   1.662891, 1.649194, -0.013696,   1.643555, 0.043506,
23.807173, 1.662085, 1.581519, -0.080566,   1.662085, 1.650000, -0.012085,   1.645166, 0.042700,
23.831490, 1.662085, 1.573462, -0.088623,   1.662891, 1.645166, -0.017725,   1.640332, 0.044312,
23.855829, 1.657251, 1.577490, -0.079761,   1.657251, 1.644360, -0.012891,   1.641943, 0.041895,
23.880401, 1.658057, 1.571851, -0.086206,   1.662085, 1.654028, -0.008057,   1.647583, 0.040283,
23.904732, 1.658862, 1.570239, -0.088623,   1.657251, 1.662085, 0.004834,   1.641138, 0.040283,
23.928831, 1.654028, 1.603271, -0.050757,   1.658057, 1.643555, -0.014502,   1.641138, 0.041895,
23.953169, 1.654028, 1.587158, -0.066870,   1.654028, 1.664502, 0.010474,   1.641138, 0.043506,
23.977468, 1.661279, 1.599243, -0.062036,   1.658862, 1.661279, 0.002417,   1.641138, 0.036255,
24.001610, 1.654834, 1.591187, -0.063647,   1.654834, 1.654028, -0.000806,   1.637915, 0.043506,
24.026064, 1.658862, 1.574268, -0.084595,   1.658862, 1.681421, 0.022559,   1.640332, 0.042700,
24.050168, 1.658057, 1.575879, -0.082178,   1.658862, 1.654834, -0.004028,   1.641138, 0.044312,
24.074626, 1.650000, 1.583935, -0.066064,   1.656445, 1.645972, -0.010474,   1.640332, 0.040283,
24.099062, 1.647583, 1.581519, -0.066064,   1.641943, 1.645166, 0.003223,   1.640332, 0.027393,
24.123288, 1.647583, 1.566211, -0.081372,   1.647583, 1.637109, -0.010474,   1.633081, 0.028198,
24.147605, 1.648389, 1.577490, -0.070898,   1.649194, 1.654834, 0.005640,   1.637109, 0.027393,
24.171828, 1.650000, 1.571045, -0.078955,   1.648389, 1.647583, -0.000806,   1.637109, 0.028198,
24.196269, 1.650806, 1.590381, -0.060425,   1.648389, 1.625024, -0.023364,   1.636304, 0.028198,
24.220709, 1.654028, 1.577490, -0.076538,   1.649194, 1.654834, 0.005640,   1.633887, 0.028198,
24.244717, 1.650000, 1.570239, -0.079761,   1.650000, 1.618579, -0.031421,   1.635498, 0.029810,
24.269079, 1.650806, 1.590381, -0.060425,   1.650806, 1.650000, -0.000806,   1.636304, 0.028198,
24.293499, 1.650806, 1.579102, -0.071704,   1.650000, 1.654028, 0.004028,   1.636304, 0.031421,
24.317627, 1.652417, 1.583935, -0.068481,   1.650000, 1.647583, -0.002417,   1.632275, 0.028198,
24.341942, 1.650000, 1.591992, -0.058008,   1.653223, 1.640332, -0.012891,   1.637915, 0.027393,
24.366396, 1.647583, 1.577490, -0.070093,   1.649194, 1.652417, 0.003223,   1.633081, 0.028198,
24.390720, 1.652417, 1.581519, -0.070898,   1.650806, 1.654834, 0.004028,   1.633887, 0.025781,
24.414953, 1.656445, 1.586352, -0.070093,   1.661279, 1.653223, -0.008057,   1.637109, 0.043506,
24.439281, 1.664502, 1.586352, -0.078149,   1.658057, 1.654028, -0.004028,   1.640332, 0.041895,
24.463716, 1.658862, 1.593603, -0.065259,   1.662085, 1.662891, 0.000806,   1.645166, 0.043506,
24.487941, 1.660474, 1.594409, -0.066064,   1.662891, 1.653223, -0.009668,   1.645166, 0.044312,
24.512390, 1.662891, 1.585547, -0.077344,   1.660474, 1.658862, -0.001611,   1.641138, 0.041895,
24.536728, 1.661279, 1.593603, -0.067676,   1.657251, 1.662891, 0.005640,   1.640332, 0.044312,
24.560943, 1.660474, 1.585547, -0.074927,   1.658862, 1.664502, 0.005640,   1.641138, 0.037866,
24.585175, 1.662891, 1.591992, -0.070898,   1.656445, 1.656445, 0.000000,   1.635498, 0.041895,
24.609360, 1.658862, 1.620996, -0.037866,   1.658862, 1.629858, -0.029004,   1.643555, 0.039478,
24.633728, 1.657251, 1.566211, -0.091040,   1.658862, 1.657251, -0.001611,   1.641943, 0.042700,
24.658059, 1.653223, 1.582324, -0.070899,   1.652417, 1.657251, 0.004834,   1.643555, 0.042700,
24.682400, 1.654834, 1.583935, -0.070898,   1.656445, 1.649194, -0.007251,   1.647583, 0.041895,
24.706738, 1.654834, 1.586352, -0.068481,   1.657251, 1.636304, -0.020947,   1.645166, 0.040283,
24.731086, 1.649194, 1.567017, -0.082178,   1.645166, 1.650000, 0.004834,   1.641138, 0.028198,
24.755177, 1.648389, 1.589575, -0.058813,   1.647583, 1.618579, -0.029004,   1.633081, 0.027393,
24.779715, 1.647583, 1.558154, -0.089429,   1.647583, 1.643555, -0.004028,   1.635498, 0.028198,
24.804061, 1.645972, 1.600049, -0.045923,   1.649194, 1.631470, -0.017725,   1.636304, 0.029810,
24.828411, 1.647583, 1.578296, -0.069287,   1.648389, 1.662085, 0.013696,   1.633081, 0.028198,
24.852497, 1.654028, 1.590381, -0.063648,   1.654834, 1.637109, -0.017725,   1.640332, 0.028198,
24.877060, 1.650806, 1.594409, -0.056396,   1.650806, 1.640332, -0.010474,   1.637109, 0.029810,
24.901400, 1.650806, 1.589575, -0.061230,   1.650000, 1.665308, 0.015308,   1.637109, 0.028198,
24.924265, 1.648389, 1.587158, -0.061230,   1.652417, 1.637109, -0.015308,   1.637915, 0.029810,
24.948621, 1.650000, 1.593603, -0.056396,   1.649194, 1.645972, -0.003223,   1.637109, 0.028198,
24.973067, 1.652417, 1.583130, -0.069287,   1.650806, 1.652417, 0.001611,   1.637915, 0.026587,
24.997290, 1.648389, 1.585547, -0.062842,   1.649194, 1.645166, -0.004028,   1.640332, 0.028198,
25.021721, 1.649194, 1.590381, -0.058814,   1.650806, 1.653223, 0.002417,   1.639526, 0.026587,
25.045809, 1.666113, 1.573462, -0.092651,   1.664502, 1.653223, -0.011279,   1.641138, 0.040283,
25.070270, 1.662085, 1.604077, -0.058008,   1.662085, 1.627441, -0.034644,   1.640332, 0.042700,
25.094618, 1.662891, 1.587964, -0.074927,   1.660474, 1.643555, -0.016919,   1.645166, 0.043506,
25.118950, 1.661279, 1.594409, -0.066870,   1.661279, 1.660474, -0.000806,   1.641943, 0.039478,
25.143176, 1.657251, 1.578296, -0.078955,   1.658862, 1.649194, -0.009668,   1.641943, 0.037866,
25.167500, 1.658862, 1.602466, -0.056396,   1.658862, 1.650000, -0.008862,   1.643555, 0.043506,
25.191966, 1.658862, 1.558960, -0.099902,   1.654834, 1.654834, 0.000000,   1.637915, 0.040283,
25.216085, 1.654834, 1.585547, -0.069287,   1.654834, 1.672559, 0.017725,   1.644360, 0.040283,
25.240179, 1.661279, 1.586352, -0.074927,   1.660474, 1.639526, -0.020947,   1.640332, 0.037866,
25.264624, 1.657251, 1.586352, -0.070899,   1.658862, 1.647583, -0.011279,   1.643555, 0.040283,
25.289079, 1.656445, 1.594409, -0.062036,   1.650806, 1.652417, 0.001611,   1.640332, 0.042700,
25.313302, 1.654834, 1.566211, -0.088623,   1.654834, 1.620996, -0.033838,   1.636304, 0.042700,
25.337846, 1.662085, 1.586352, -0.075732,   1.658862, 1.654834, -0.004028,   1.647583, 0.039478,
25.362517, 1.658057, 1.591187, -0.066870,   1.660474, 1.654834, -0.005640,   1.640332, 0.040283,
25.387191, 1.647583, 1.573462, -0.074121,   1.643555, 1.648389, 0.004834,   1.633081, 0.028198,
25.411470, 1.643555, 1.600049, -0.043506,   1.643555, 1.644360, 0.000806,   1.637109, 0.029810,
25.435773, 1.645166, 1.593603, -0.051563,   1.645972, 1.641138, -0.004834,   1.636304, 0.030615,
25.460391, 1.649194, 1.582324, -0.066870,   1.650806, 1.643555, -0.007251,   1.633081, 0.029810,
25.484995, 1.648389, 1.539624, -0.108765,   1.645972, 1.649194, 0.003223,   1.633081, 0.028198,
25.509344, 1.648389, 1.581519, -0.066870,   1.647583, 1.635498, -0.012085,   1.637109, 0.028198,
25.533854, 1.645972, 1.587158, -0.058813,   1.650000, 1.643555, -0.006445,   1.637915, 0.028198,
25.558314, 1.650000, 1.565405, -0.084595,   1.652417, 1.649194, -0.003223,   1.640332, 0.027393,
25.583049, 1.650806, 1.579102, -0.071704,   1.653223, 1.647583, -0.005640,   1.639526, 0.034644,
25.607630, 1.652417, 1.594409, -0.058008,   1.650000, 1.637109, -0.012891,   1.640332, 0.026587,
25.632138, 1.653223, 1.591187, -0.062036,   1.649194, 1.644360, -0.004834,   1.633887, 0.029810,
25.656659, 1.650000, 1.554932, -0.095068,   1.650806, 1.643555, -0.007251,   1.637915, 0.029810,
25.681440, 1.662085, 1.595215, -0.066870,   1.662085, 1.645166, -0.016919,   1.640332, 0.040283,
25.705949, 1.658862, 1.591187, -0.067676,   1.662085, 1.650806, -0.011279,   1.645166, 0.042700,
25.730567, 1.662085, 1.603271, -0.058813,   1.658862, 1.649194, -0.009668,   1.641138, 0.042700,
25.755115, 1.662085, 1.583935, -0.078149,   1.660474, 1.649194, -0.011279,   1.645166, 0.042700,
25.779923, 1.662085, 1.600049, -0.062036,   1.654834, 1.649194, -0.005640,   1.644360, 0.044312,
25.804425, 1.657251, 1.600049, -0.057202,   1.662085, 1.629053, -0.033032,   1.641138, 0.044312,
25.828975, 1.658057, 1.583935, -0.074121,   1.656445, 1.653223, -0.003223,   1.647583, 0.038672,
25.853554, 1.658057, 1.625024, -0.033032,   1.654028, 1.658862, 0.004834,   1.643555, 0.040283,
25.877959, 1.654028, 1.574268, -0.079761,   1.656445, 1.653223, -0.003223,   1.645166, 0.037866,
25.902414, 1.658057, 1.595215, -0.062842,   1.658862, 1.653223, -0.005640,   1.640332, 0.040283,
25.926990, 1.658057, 1.606494, -0.051563,   1.660474, 1.657251, -0.003223,   1.640332, 0.042700,
25.951393, 1.653223, 1.591992, -0.061231,   1.657251, 1.653223, -0.004028,   1.637915, 0.043506,
25.975955, 1.658862, 1.589575, -0.069287,   1.661279, 1.643555, -0.017725,   1.641943, 0.042700,
26.000638, 1.644360, 1.583935, -0.060425,   1.650806, 1.621802, -0.029004,   1.639526, 0.034644,
26.025192, 1.644360, 1.569434, -0.074927,   1.641138, 1.670142, 0.029004,   1.636304, 0.028198,
26.049533, 1.641943, 1.574268, -0.067676,   1.645166, 1.660474, 0.015308,   1.635498, 0.028198,
26.073963, 1.650000, 1.581519, -0.068481,   1.645972, 1.648389, 0.002417,   1.637915, 0.029810,
26.098430, 1.648389, 1.591187, -0.057202,   1.647583, 1.650000, 0.002417,   1.635498, 0.028198,
26.122844, 1.650806, 1.557349, -0.093457,   1.647583, 1.645972, -0.001611,   1.637109, 0.025781,
26.147412, 1.650000, 1.583130, -0.066870,   1.647583, 1.648389, 0.000806,   1.636304, 0.026587,
26.171867, 1.647583, 1.582324, -0.065259,   1.645166, 1.633081, -0.012085,   1.637109, 0.027393,
26.196533, 1.650806, 1.573462, -0.077344,   1.650806, 1.645166, -0.005640,   1.640332, 0.026587,
26.221070, 1.650806, 1.587158, -0.063647,   1.649194, 1.657251, 0.008057,   1.637109, 0.026587,
26.245473, 1.650000, 1.585547, -0.064453,   1.649194, 1.641138, -0.008057,   1.635498, 0.027393,
26.269963, 1.649194, 1.582324, -0.066870,   1.649194, 1.666919, 0.017725,   1.636304, 0.027393,
26.294444, 1.650806, 1.587964, -0.062842,   1.650000, 1.633887, -0.016113,   1.636304, 0.028198,
26.318966, 1.665308, 1.581519, -0.083789,   1.665308, 1.623413, -0.041895,   1.641138, 0.043506,
26.343453, 1.662085, 1.591992, -0.070093,   1.665308, 1.662085, -0.003223,   1.647583, 0.038672,
26.367940, 1.660474, 1.590381, -0.070093,   1.661279, 1.660474, -0.000806,   1.641943, 0.039478,
26.392639, 1.662891, 1.583935, -0.078955,   1.662085, 1.656445, -0.005640,   1.643555, 0.038672,
26.417190, 1.662085, 1.596020, -0.066064,   1.662891, 1.654834, -0.008057,   1.640332, 0.046729,
26.441772, 1.658862, 1.564600, -0.094263,   1.661279, 1.625024, -0.036255,   1.643555, 0.042700,
26.466421, 1.660474, 1.591187, -0.069287,   1.662891, 1.654028, -0.008862,   1.641943, 0.043506,
26.491003, 1.658057, 1.587964, -0.070093,   1.654834, 1.645972, -0.008862,   1.640332, 0.041895,
26.515647, 1.654834, 1.593603, -0.061230,   1.658862, 1.662085, 0.003223,   1.645972, 0.044312,
26.540009, 1.658057, 1.595215, -0.062842,   1.657251, 1.661279, 0.004028,   1.647583, 0.043506,
26.564486, 1.654834, 1.595215, -0.059619,   1.660474, 1.650000, -0.010474,   1.644360, 0.038672,
26.589164, 1.662085, 1.587964, -0.074121,   1.654028, 1.641138, -0.012891,   1.645166, 0.043506,
26.613741, 1.658057, 1.590381, -0.067676,   1.660474, 1.649194, -0.011279,   1.645166, 0.041895,
26.638224, 1.653223, 1.586352, -0.066870,   1.650000, 1.629858, -0.020142,   1.640332, 0.030615,
26.662854, 1.645972, 1.587964, -0.058008,   1.647583, 1.632275, -0.015308,   1.633081, 0.028198,
26.687408, 1.647583, 1.589575, -0.058008,   1.644360, 1.648389, 0.004028,   1.633081, 0.028198,
26.711747, 1.647583, 1.573462, -0.074121,   1.645166, 1.648389, 0.003223,   1.633887, 0.028198,
26.735974, 1.645972, 1.583130, -0.062842,   1.648389, 1.654834, 0.006445,   1.633887, 0.027393,
26.760348, 1.647583, 1.575879, -0.071704,   1.648389, 1.644360, -0.004028,   1.635498, 0.028198,
26.785102, 1.650000, 1.585547, -0.064453,   1.649194, 1.615356, -0.033838,   1.635498, 0.027393,
26.809630, 1.647583, 1.619385, -0.028198,   1.652417, 1.643555, -0.008862,   1.633887, 0.027393,
26.834192, 1.649194, 1.614551, -0.034644,   1.654834, 1.654834, 0.000000,   1.637109, 0.035449,
26.858491, 1.652417, 1.625024, -0.027393,   1.647583, 1.621802, -0.025781,   1.637109, 0.029810,
26.883204, 1.649194, 1.575879, -0.073316,   1.650000, 1.653223, 0.003223,   1.637915, 0.029810,
26.907525, 1.650806, 1.600049, -0.050757,   1.648389, 1.640332, -0.008057,   1.635498, 0.029810,
26.927876, 1.653223, 1.578296, -0.074927,   1.650000, 1.619385, -0.030615,   1.633887, 0.028198,
26.952298, 1.647583, 1.577490, -0.070093,   1.649194, 1.653223, 0.004028,   1.633887, 0.027393,
26.976905, 1.660474, 1.582324, -0.078149,   1.662085, 1.653223, -0.008862,   1.644360, 0.039478,
27.001462, 1.662085, 1.608911, -0.053174,   1.661279, 1.656445, -0.004834,   1.641943, 0.039478,
27.026105, 1.660474, 1.591992, -0.068481,   1.658862, 1.658862, 0.000000,   1.640332, 0.038672,
27.050316, 1.662085, 1.586352, -0.075732,   1.661279, 1.662891, 0.001611,   1.643555, 0.041895,
27.074665, 1.658057, 1.581519, -0.076538,   1.658862, 1.652417, -0.006445,   1.640332, 0.044312,
27.099428, 1.660474, 1.574268, -0.086206,   1.660474, 1.645972, -0.014502,   1.644360, 0.042700,
27.124080, 1.657251, 1.591992, -0.065259,   1.654834, 1.650000, -0.004834,   1.647583, 0.043506,
27.148644, 1.662085, 1.599243, -0.062842,   1.658862, 1.645166, -0.013696,   1.649194, 0.039478,
27.173378, 1.661279, 1.589575, -0.071704,   1.658057, 1.650000, -0.008057,   1.645166, 0.040283,
27.197965, 1.653223, 1.558960, -0.094263,   1.658057, 1.658057, 0.000000,   1.643555, 0.040283,
27.222396, 1.661279, 1.586352, -0.074927,   1.660474, 1.650000, -0.010474,   1.645972, 0.037866,
27.247001, 1.658862, 1.595215, -0.063647,   1.658862, 1.654834, -0.004028,   1.645972, 0.042700,
27.271545, 1.660474, 1.594409, -0.066064,   1.658057, 1.665308, 0.007251,   1.644360, 0.043506,
27.296006, 1.645972, 1.585547, -0.060425,   1.647583, 1.648389, 0.000806,   1.637915, 0.028198,
27.320281, 1.645166, 1.587964, -0.057202,   1.645972, 1.620190, -0.025781,   1.636304, 0.028198,
27.344515, 1.645166, 1.587964, -0.057202,   1.647583, 1.640332, -0.007251,   1.637109, 0.026587,
27.368845, 1.647583, 1.583935, -0.063648,   1.645972, 1.652417, 0.006445,   1.636304, 0.028198,
27.393087, 1.641943, 1.587964, -0.053980,   1.650806, 1.640332, -0.010474,   1.632275, 0.028198,
27.417441, 1.650806, 1.570239, -0.080566,   1.641138, 1.650000, 0.008862,   1.635498, 0.027393,
27.441529, 1.647583, 1.582324, -0.065259,   1.650806, 1.618579, -0.032227,   1.639526, 0.030615,
27.465953, 1.645972, 1.583130, -0.062842,   1.648389, 1.637915, -0.010474,   1.640332, 0.027393,
27.490418, 1.652417, 1.596826, -0.055591,   1.650000, 1.631470, -0.018530,   1.637915, 0.028198,
27.514735, 1.650000, 1.575879, -0.074121,   1.650806, 1.637915, -0.012891,   1.640332, 0.026587,
27.539080, 1.650000, 1.573462, -0.076538,   1.647583, 1.654028, 0.006445,   1.633887, 0.026587,
27.563407, 1.653223, 1.589575, -0.063648,   1.653223, 1.644360, -0.008862,   1.637915, 0.029810,
27.587849, 1.652417, 1.581519, -0.070898,   1.650000, 1.654028, 0.004028,   1.637109, 0.028198,
27.612065, 1.666113, 1.578296, -0.087817,   1.658862, 1.656445, -0.002417,   1.645972, 0.039478,
27.636404, 1.661279, 1.598437, -0.062842,   1.658057, 1.652417, -0.005640,   1.639526, 0.038672,
27.660848, 1.662891, 1.585547, -0.077344,   1.661279, 1.650000, -0.011279,   1.644360, 0.037866,
27.685402, 1.662891, 1.608105, -0.054785,   1.654834, 1.654834, 0.000000,   1.641138, 0.038672,
27.709597, 1.657251, 1.600855, -0.056396,   1.658862, 1.637915, -0.020947,   1.645972, 0.041895,
27.733961, 1.657251, 1.585547, -0.071704,   1.654834, 1.644360, -0.010474,   1.643555, 0.040283,
27.758286, 1.658057, 1.586352, -0.071704,   1.660474, 1.650806, -0.009668,   1.641943, 0.040283,
27.782725, 1.656445, 1.608105, -0.048340,   1.658862, 1.653223, -0.005640,   1.637109, 0.043506,
27.807088, 1.662085, 1.582324, -0.079761,   1.657251, 1.640332, -0.016919,   1.637109, 0.041895,
27.831409, 1.661279, 1.590381, -0.070899,   1.660474, 1.660474, 0.000000,   1.640332, 0.037866,
27.855522, 1.656445, 1.599243, -0.057202,   1.656445, 1.648389, -0.008057,   1.645166, 0.043506,
27.880076, 1.654834, 1.591992, -0.062842,   1.658862, 1.660474, 0.001611,   1.645972, 0.042700,
27.904194, 1.656445, 1.587964, -0.068481,   1.656445, 1.658862, 0.002417,   1.637915, 0.039478,
27.928417, 1.644360, 1.562988, -0.081372,   1.641138, 1.645972, 0.004834,   1.633887, 0.028198,
27.952516, 1.641943, 1.573462, -0.068481,   1.647583, 1.648389, 0.000806,   1.639526, 0.029810,
27.976826, 1.653223, 1.611328, -0.041895,   1.654028, 1.666113, 0.012085,   1.636304, 0.034644,
28.000969, 1.648389, 1.583935, -0.064453,   1.650000, 1.645166, -0.004834,   1.632275, 0.029810,
28.025408, 1.650000, 1.552515, -0.097485,   1.650806, 1.647583, -0.003223,   1.633081, 0.028198,
28.049740, 1.649194, 1.552515, -0.096680,   1.645166, 1.653223, 0.008057,   1.637109, 0.028198,
28.073956, 1.650000, 1.583935, -0.066064,   1.650000, 1.633081, -0.016919,   1.636304, 0.028198,
28.098515, 1.649194, 1.583130, -0.066064,   1.645972, 1.635498, -0.010474,   1.636304, 0.028198,
28.122959, 1.648389, 1.593603, -0.054785,   1.653223, 1.644360, -0.008862,   1.636304, 0.027393,
28.147297, 1.649194, 1.581519, -0.067676,   1.648389, 1.641943, -0.006445,   1.631470, 0.028198,
28.171724, 1.648389, 1.550903, -0.097485,   1.650000, 1.640332, -0.009668,   1.635498, 0.028198,
28.196198, 1.654028, 1.554932, -0.099097,   1.652417, 1.658057, 0.005640,   1.639526, 0.028198,
28.220387, 1.649194, 1.596020, -0.053174,   1.647583, 1.649194, 0.001611,   1.637915, 0.028198,
28.244405, 1.666113, 1.579907, -0.086206,   1.664502, 1.640332, -0.024170,   1.639526, 0.042700,
28.268770, 1.662085, 1.602466, -0.059619,   1.660474, 1.658057, -0.002417,   1.645166, 0.043506,
28.293201, 1.662085, 1.608911, -0.053174,   1.662085, 1.631470, -0.030615,   1.643555, 0.042700,
28.317421, 1.660474, 1.571851, -0.088623,   1.660474, 1.645166, -0.015308,   1.644360, 0.040283,
28.341726, 1.657251, 1.594409, -0.062842,   1.657251, 1.654834, -0.002417,   1.640332, 0.041895,
28.366200, 1.661279, 1.596020, -0.065259,   1.657251, 1.654028, -0.003223,   1.641138, 0.037866,
28.390736, 1.661279, 1.571851, -0.089429,   1.658057, 1.637915, -0.020142,   1.647583, 0.041895,
28.415193, 1.662085, 1.581519, -0.080566,   1.660474, 1.650000, -0.010474,   1.647583, 0.039478,
28.439516, 1.657251, 1.589575, -0.067676,   1.656445, 1.644360, -0.012085,   1.644360, 0.044312,
28.463973, 1.660474, 1.578296, -0.082178,   1.654834, 1.657251, 0.002417,   1.640332, 0.040283,
28.488194, 1.660474, 1.599243, -0.061230,   1.658057, 1.624219, -0.033838,   1.645166, 0.040283,
28.512605, 1.652417, 1.595215, -0.057202,   1.658862, 1.621802, -0.037060,   1.641138, 0.042700,
28.536966, 1.660474, 1.582324, -0.078149,   1.654028, 1.641138, -0.012891,   1.645972, 0.040283,
28.561421, 1.640332, 1.567822, -0.072510,   1.645972, 1.669336, 0.023364,   1.633887, 0.028198,
28.585632, 1.647583, 1.575879, -0.071704,   1.647583, 1.652417, 0.004834,   1.637109, 0.029810,
28.609813, 1.649194, 1.545264, -0.103931,   1.645166, 1.637109, -0.008057,   1.636304, 0.026587,
28.634198, 1.650806, 1.583935, -0.066870,   1.648389, 1.643555, -0.004834,   1.636304, 0.029810,
28.658519, 1.648389, 1.583130, -0.065259,   1.649194, 1.640332, -0.008862,   1.635498, 0.030615,
28.682965, 1.650000, 1.578296, -0.071704,   1.649194, 1.653223, 0.004028,   1.635498, 0.028198,
28.707107, 1.647583, 1.587158, -0.060425,   1.647583, 1.641138, -0.006445,   1.633887, 0.028198,
28.731533, 1.650806, 1.581519, -0.069287,   1.653223, 1.641138, -0.012085,   1.629053, 0.029810,
28.755850, 1.652417, 1.550903, -0.101514,   1.648389, 1.637109, -0.011279,   1.636304, 0.028198,
28.780417, 1.648389, 1.550098, -0.098291,   1.652417, 1.645972, -0.006445,   1.636304, 0.027393,
28.804737, 1.647583, 1.579907, -0.067676,   1.654834, 1.633081, -0.021753,   1.636304, 0.031421,
28.829083, 1.649194, 1.591187, -0.058008,   1.653223, 1.616162, -0.037061,   1.635498, 0.028198,
28.853414, 1.650000, 1.612134, -0.037866,   1.654028, 1.647583, -0.006445,   1.639526, 0.028198,
28.877970, 1.662085, 1.587964, -0.074121,   1.665308, 1.654834, -0.010474,   1.647583, 0.040283,
28.902312, 1.664502, 1.554932, -0.109570,   1.664502, 1.641943, -0.022559,   1.641943, 0.040283,
28.923299, 1.658862, 1.591992, -0.066870,   1.664502, 1.645166, -0.019336,   1.643555, 0.043506,
28.947635, 1.658862, 1.581519, -0.077344,   1.662085, 1.640332, -0.021753,   1.640332, 0.042700,
28.972084, 1.658057, 1.587964, -0.070093,   1.660474, 1.620996, -0.039477,   1.647583, 0.037866,
28.996515, 1.657251, 1.591187, -0.066064,   1.658862, 1.681421, 0.022559,   1.644360, 0.038672,
29.020639, 1.661279, 1.591187, -0.070093,   1.658862, 1.621802, -0.037060,   1.645166, 0.042700,
29.044860, 1.658057, 1.560571, -0.097485,   1.660474, 1.654834, -0.005640,   1.643555, 0.044312,
29.069192, 1.657251, 1.587964, -0.069287,   1.658862, 1.647583, -0.011279,   1.643555, 0.041895,
29.093522, 1.661279, 1.632275, -0.029004,   1.658862, 1.628247, -0.030615,   1.645972, 0.040283,
29.117856, 1.654834, 1.596826, -0.058008,   1.658862, 1.633081, -0.025781,   1.640332, 0.043506,
29.142204, 1.660474, 1.574268, -0.086206,   1.658862, 1.658057, -0.000806,   1.647583, 0.041895,
29.166634, 1.657251, 1.635498, -0.021753,   1.658862, 1.661279, 0.002417,   1.645972, 0.041895,
29.190852, 1.656445, 1.575879, -0.080566,   1.658057, 1.641138, -0.016919,   1.645166, 0.039478,
29.215208, 1.645972, 1.591187, -0.054785,   1.645166, 1.657251, 0.012085,   1.636304, 0.027393,
29.239305, 1.644360, 1.587964, -0.056396,   1.647583, 1.637915, -0.009668,   1.633887, 0.028198,
29.263764, 1.648389, 1.581519, -0.066870,   1.645166, 1.647583, 0.002417,   1.633887, 0.028198,
29.287972, 1.648389, 1.581519, -0.066870,   1.641943, 1.612939, -0.029004,   1.640332, 0.027393,
29.312327, 1.650000, 1.567017, -0.082983,   1.648389, 1.643555, -0.004834,   1.633887, 0.028198,
29.336632, 1.645972, 1.595215, -0.050757,   1.644360, 1.645972, 0.001611,   1.633081, 0.028198,
29.360849, 1.652417, 1.585547, -0.066870,   1.650000, 1.637915, -0.012085,   1.637109, 0.026587,
29.385439, 1.650000, 1.589575, -0.060425,   1.647583, 1.649194, 0.001611,   1.637109, 0.025781,
29.409609, 1.649194, 1.570239, -0.078955,   1.648389, 1.640332, -0.008057,   1.633081, 0.029810,
29.433970, 1.657251, 1.583130, -0.074121,   1.648389, 1.652417, 0.004028,   1.633887, 0.031421,
29.458083, 1.652417, 1.583935, -0.068481,   1.650000, 1.648389, -0.001611,   1.636304, 0.029810,
29.482637, 1.649194, 1.618579, -0.030615,   1.649194, 1.648389, -0.000806,   1.637109, 0.028198,
29.506970, 1.649194, 1.581519, -0.067676,   1.652417, 1.640332, -0.012085,   1.637109, 0.028198,
29.531427, 1.660474, 1.581519, -0.078955,   1.662085, 1.654028, -0.008057,   1.645972, 0.038672,
29.555741, 1.662085, 1.587964, -0.074121,   1.658862, 1.654834, -0.004028,   1.645166, 0.041895,
29.580327, 1.657251, 1.608911, -0.048340,   1.658057, 1.665308, 0.007251,   1.641138, 0.040283,
29.604432, 1.658057, 1.587964, -0.070093,   1.661279, 1.650000, -0.011279,   1.643555, 0.040283,
29.628848, 1.658057, 1.582324, -0.075732,   1.658862, 1.658862, 0.000000,   1.641138, 0.039478,
29.652976, 1.658862, 1.587964, -0.070898,   1.662085, 1.650000, -0.012085,   1.644360, 0.037866,
29.677512, 1.654834, 1.569434, -0.085400,   1.656445, 1.654028, -0.002417,   1.645166, 0.044312,
29.701853, 1.661279, 1.577490, -0.083789,   1.654834, 1.664502, 0.009668,   1.647583, 0.038672,
29.726081, 1.654834, 1.604883, -0.049951,   1.660474, 1.645166, -0.015308,   1.637915, 0.039478,
29.750426, 1.662891, 1.591187, -0.071704,   1.657251, 1.654028, -0.003223,   1.644360, 0.039478,
29.774849, 1.654834, 1.585547, -0.069287,   1.654834, 1.645166, -0.009668,   1.647583, 0.041895,
29.799205, 1.654834, 1.596826, -0.058008,   1.653223, 1.687060, 0.033838,   1.641943, 0.042700,
29.823417, 1.658862, 1.571045, -0.087817,   1.660474, 1.640332, -0.020142,   1.644360, 0.041895,
29.847748, 1.641943, 1.587964, -0.053980,   1.644360, 1.649194, 0.004834,   1.633081, 0.031421,
29.871970, 1.647583, 1.564600, -0.082983,   1.647583, 1.621802, -0.025781,   1.633887, 0.026587,
29.896652, 1.650000, 1.578296, -0.071704,   1.645166, 1.645166, 0.000000,   1.637915, 0.028198,
29.920976, 1.649194, 1.607300, -0.041895,   1.645972, 1.653223, 0.007251,   1.637109, 0.028198,
29.945335, 1.650000, 1.594409, -0.055591,   1.650000, 1.637109, -0.012891,   1.635498, 0.028198,
29.970326, 1.648389, 1.575879, -0.072510,   1.650000, 1.633081, -0.016919,   1.637109, 0.027393,
29.994915, 1.645972, 1.574268, -0.071704,   1.647583, 1.636304, -0.011279,   1.631470, 0.027393,
30.019439, 1.649194, 1.586352, -0.062842,   1.650806, 1.672559, 0.021753,   1.636304, 0.027393,
30.043717, 1.652417, 1.596020, -0.056396,   1.648389, 1.662085, 0.013696,   1.636304, 0.027393,
30.068001, 1.650000, 1.587964, -0.062036,   1.649194, 1.649194, 0.000000,   1.637915, 0.030615,
30.092424, 1.648389, 1.615356, -0.033032,   1.648389, 1.635498, -0.012891,   1.635498, 0.028198,
30.116996, 1.650806, 1.571045, -0.079761,   1.647583, 1.618579, -0.029004,   1.637915, 0.027393,
30.141485, 1.648389, 1.583130, -0.065259,   1.650000, 1.639526, -0.010474,   1.639526, 0.026587,
30.166101, 1.662085, 1.595215, -0.066870,   1.665308, 1.657251, -0.008057,   1.645166, 0.042700,
30.190822, 1.660474, 1.587964, -0.072510,   1.661279, 1.652417, -0.008862,   1.641943, 0.040283,
30.215439, 1.662891, 1.607300, -0.055591,   1.662891, 1.648389, -0.014502,   1.643555, 0.044312,
30.239822, 1.660474, 1.594409, -0.066064,   1.657251, 1.650806, -0.006445,   1.643555, 0.038672,
30.264439, 1.661279, 1.596020, -0.065259,   1.662891, 1.672559, 0.009668,   1.645972, 0.042700,
30.288892, 1.658862, 1.581519, -0.077344,   1.662085, 1.648389, -0.013696,   1.645166, 0.041895,
30.313552, 1.657251, 1.590381, -0.066870,   1.662085, 1.643555, -0.018530,   1.644360, 0.041895,
30.338066, 1.662085, 1.587964, -0.074121,   1.657251, 1.640332, -0.016919,   1.641138, 0.040283,
30.361278, 1.657251, 1.618579, -0.038672,   1.657251, 1.650000, -0.007251,   1.639526, 0.037866,
30.386031, 1.656445, 1.596020, -0.060425,   1.657251, 1.656445, -0.000806,   1.640332, 0.039478,
30.410529, 1.658057, 1.553320, -0.104736,   1.660474, 1.652417, -0.008057,   1.640332, 0.042700,
30.435002, 1.658862, 1.590381, -0.068481,   1.658862, 1.648389, -0.010474,   1.641943, 0.042700,
30.459652, 1.656445, 1.581519, -0.074927,   1.653223, 1.650806, -0.002417,   1.641943, 0.041895,
30.484103, 1.645972, 1.625024, -0.020947,   1.645972, 1.650806, 0.004834,   1.633081, 0.022559,
30.508509, 1.647583, 1.581519, -0.066064,   1.647583, 1.662085, 0.014502,   1.635498, 0.026587,
30.532809, 1.645166, 1.595215, -0.049951,   1.645972, 1.658862, 0.012891,   1.637109, 0.029810,
30.556994, 1.649194, 1.579102, -0.070093,   1.645166, 1.644360, -0.000806,   1.639526, 0.026587,
30.581712, 1.650806, 1.566211, -0.084595,   1.649194, 1.647583, -0.001611,   1.640332, 0.032227,
30.606313, 1.647583, 1.574268, -0.073316,   1.647583, 1.633081, -0.014502,   1.637109, 0.026587,
30.630872, 1.650806, 1.591992, -0.058813,   1.649194, 1.647583, -0.001611,   1.635498, 0.028198,
30.655430, 1.650806, 1.581519, -0.069287,   1.649194, 1.640332, -0.008862,   1.637109, 0.026587,
30.680155, 1.650806, 1.579102, -0.071704,   1.647583, 1.637109, -0.010474,   1.637109, 0.029810,
30.704733, 1.652417, 1.608105, -0.044312,   1.649194, 1.641138, -0.008057,   1.639526, 0.023364,
30.729321, 1.650806, 1.596826, -0.053979,   1.653223, 1.640332, -0.012891,   1.640332, 0.026587,
30.753770, 1.650000, 1.579907, -0.070093,   1.650000, 1.637915, -0.012085,   1.633081, 0.028198,
30.778694, 1.653223, 1.589575, -0.063648,   1.652417, 1.629053, -0.023364,   1.639526, 0.026587,
30.803325, 1.664502, 1.591992, -0.072510,   1.664502, 1.641943, -0.022559,   1.641138, 0.040283,
30.827949, 1.664502, 1.603271, -0.061230,   1.658057, 1.653223, -0.004834,   1.640332, 0.040283,
30.852574, 1.662085, 1.591992, -0.070093,   1.660474, 1.633887, -0.026587,   1.640332, 0.037866,
30.877209, 1.664502, 1.582324, -0.082178,   1.661279, 1.661279, 0.000000,   1.641943, 0.037866,
30.901610, 1.658057, 1.600049, -0.058008,   1.662085, 1.645972, -0.016113,   1.641943, 0.042700,
30.926120, 1.662085, 1.591992, -0.070093,   1.657251, 1.631470, -0.025781,   1.637109, 0.043506,
30.950670, 1.656445, 1.593603, -0.062842,   1.661279, 1.662891, 0.001611,   1.639526, 0.040283,
30.975101, 1.658862, 1.611328, -0.047534,   1.654834, 1.647583, -0.007251,   1.643555, 0.040283,
30.999691, 1.664502, 1.578296, -0.086206,   1.657251, 1.654834, -0.002417,   1.645166, 0.039478,
31.024234, 1.662085, 1.615356, -0.046728,   1.661279, 1.645166, -0.016113,   1.637109, 0.038672,
31.048800, 1.661279, 1.587158, -0.074121,   1.660474, 1.664502, 0.004028,   1.641943, 0.040283,
31.073161, 1.657251, 1.612134, -0.045117,   1.654028, 1.641943, -0.012085,   1.637109, 0.041895,
31.097804, 1.658862, 1.604077, -0.054785,   1.660474, 1.657251, -0.003223,   1.640332, 0.041895,
31.122316, 1.661279, 1.603271, -0.058008,   1.661279, 1.673364, 0.012085,   1.641943, 0.038672,
31.146610, 1.644360, 1.577490, -0.066870,   1.645972, 1.647583, 0.001611,   1.639526, 0.026587,
31.171120, 1.647583, 1.594409, -0.053174,   1.643555, 1.637915, -0.005640,   1.635498, 0.027393,
31.195761, 1.648389, 1.538013, -0.110376,   1.648389, 1.643555, -0.004834,   1.633081, 0.029810,
31.220425, 1.644360, 1.607300, -0.037060,   1.647583, 1.639526, -0.008057,   1.637915, 0.022559,
31.244852, 1.649194, 1.581519, -0.067676,   1.648389, 1.662085, 0.013696,   1.637109, 0.029810,
31.269182, 1.650000, 1.586352, -0.063648,   1.649194, 1.644360, -0.004834,   1.635498, 0.026587,
31.293803, 1.648389, 1.554126, -0.094263,   1.649194, 1.656445, 0.007251,   1.636304, 0.027393,
31.318050, 1.649194, 1.581519, -0.067676,   1.649194, 1.640332, -0.008862,   1.633887, 0.029810,
31.342485, 1.652417, 1.603271, -0.049145,   1.647583, 1.658057, 0.010474,   1.637109, 0.025781,
31.366944, 1.650000, 1.583935, -0.066064,   1.650806, 1.679004, 0.028198,   1.640332, 0.024976,
31.391433, 1.650000, 1.558960, -0.091040,   1.650000, 1.661279, 0.011279,   1.633887, 0.028198,
31.415788, 1.654834, 1.595215, -0.059619,   1.650806, 1.650806, 0.000000,   1.637109, 0.029810,
31.440053, 1.664502, 1.585547, -0.078955,   1.666113, 1.647583, -0.018530,   1.640332, 0.042700,
31.464763, 1.662085, 1.583130, -0.078955,   1.664502, 1.674976, 0.010474,   1.636304, 0.039478,
31.489287, 1.658862, 1.585547, -0.073315,   1.662085, 1.648389, -0.013696,   1.650000, 0.038672,
31.513925, 1.660474, 1.587964, -0.072510,   1.662085, 1.635498, -0.026587,   1.645972, 0.042700,
31.538287, 1.657251, 1.596020, -0.061231,   1.662085, 1.656445, -0.005640,   1.643555, 0.042700,
31.562965, 1.657251, 1.598437, -0.058814,   1.660474, 1.652417, -0.008057,   1.644360, 0.041895,
31.587498, 1.657251, 1.587158, -0.070093,   1.662085, 1.640332, -0.021753,   1.644360, 0.037866,
31.612134, 1.658057, 1.587158, -0.070898,   1.658862, 1.653223, -0.005640,   1.640332, 0.038672,
31.636547, 1.658057, 1.560571, -0.097485,   1.654834, 1.670142, 0.015308,   1.645972, 0.041895,
31.660867, 1.661279, 1.585547, -0.075732,   1.654028, 1.637109, -0.016919,   1.640332, 0.038672,
31.685488, 1.662085, 1.620996, -0.041089,   1.658862, 1.666113, 0.007251,   1.643555, 0.037866,
31.709757, 1.661279, 1.579102, -0.082178,   1.658057, 1.654834, -0.003223,   1.641943, 0.042700,
31.734350, 1.654834, 1.587964, -0.066870,   1.658057, 1.661279, 0.003223,   1.641138, 0.040283,
31.758666, 1.649194, 1.610522, -0.038672,   1.645972, 1.643555, -0.002417,   1.641138, 0.025781,
31.783222, 1.647583, 1.612939, -0.034644,   1.641943, 1.670142, 0.028198,   1.637109, 0.029810,
31.807459, 1.647583, 1.596020, -0.051563,   1.645166, 1.665308, 0.020142,   1.636304, 0.028198,
31.831703, 1.653223, 1.608911, -0.044312,   1.648389, 1.673364, 0.024976,   1.640332, 0.029810,
31.855883, 1.649194, 1.579907, -0.069287,   1.648389, 1.654834, 0.006445,   1.633081, 0.028198,
31.880555, 1.650806, 1.587158, -0.063647,   1.647583, 1.641138, -0.006445,   1.631470, 0.026587,
31.905111, 1.648389, 1.587964, -0.060425,   1.649194, 1.657251, 0.008057,   1.635498, 0.028198,
31.929444, 1.649194, 1.581519, -0.067676,   1.650000, 1.647583, -0.002417,   1.633081, 0.028198,
31.954026, 1.648389, 1.558960, -0.089429,   1.652417, 1.644360, -0.008057,   1.637915, 0.026587,
31.978661, 1.648389, 1.571045, -0.077344,   1.648389, 1.645972, -0.002417,   1.637109, 0.025781,
32.003281, 1.653223, 1.596020, -0.057202,   1.650806, 1.632275, -0.018530,   1.637109, 0.025781,
32.027829, 1.650000, 1.603271, -0.046728,   1.650000, 1.681421, 0.031421,   1.637915, 0.026587,
32.052114, 1.648389, 1.595215, -0.053174,   1.652417, 1.677393, 0.024976,   1.633081, 0.028198,
32.076657, 1.650806, 1.604077, -0.046728,   1.653223, 1.648389, -0.004834,   1.637915, 0.038672,
32.101249, 1.661279, 1.611328, -0.049951,   1.661279, 1.661279, 0.000000,   1.645972, 0.042700,
32.125443, 1.662085, 1.591992, -0.070093,   1.657251, 1.653223, -0.004028,   1.641138, 0.041895,
32.150005, 1.662085, 1.558960, -0.103125,   1.661279, 1.665308, 0.004028,   1.643555, 0.042700,
32.174337, 1.662891, 1.600049, -0.062842,   1.660474, 1.645166, -0.015308,   1.637109, 0.042700,
32.198971, 1.662085, 1.585547, -0.076538,   1.658862, 1.657251, -0.001611,   1.641943, 0.037866,
32.223592, 1.662085, 1.589575, -0.072510,   1.662085, 1.657251, -0.004834,   1.641943, 0.040283,
32.248146, 1.662891, 1.596826, -0.066064,   1.662085, 1.661279, -0.000806,   1.645166, 0.038672,
32.272821, 1.660474, 1.583130, -0.077344,   1.658862, 1.649194, -0.009668,   1.644360, 0.043506,
32.297558, 1.661279, 1.595215, -0.066064,   1.657251, 1.670142, 0.012891,   1.641943, 0.038672,
32.321813, 1.658862, 1.570239, -0.088623,   1.662085, 1.648389, -0.013696,   1.645166, 0.041895,
32.346368, 1.658057, 1.611328, -0.046728,   1.656445, 1.653223, -0.003223,   1.643555, 0.042700,
32.370868, 1.656445, 1.550098, -0.106348,   1.654834, 1.644360, -0.010474,   1.643555, 0.041895,
32.395631, 1.654834, 1.596826, -0.058008,   1.658057, 1.645166, -0.012891,   1.645972, 0.040283,
32.420069, 1.647583, 1.574268, -0.073316,   1.645972, 1.640332, -0.005640,   1.636304, 0.028198,
32.444396, 1.643555, 1.620190, -0.023364,   1.647583, 1.656445, 0.008862,   1.632275, 0.026587,
32.468762, 1.647583, 1.590381, -0.057202,   1.645972, 1.658862, 0.012891,   1.640332, 0.028198,
32.493119, 1.649194, 1.583935, -0.065259,   1.645166, 1.650000, 0.004834,   1.633887, 0.026587,
32.517486, 1.648389, 1.591992, -0.056396,   1.649194, 1.641138, -0.008057,   1.636304, 0.029810,
32.541884, 1.652417, 1.583935, -0.068481,   1.649194, 1.648389, -0.000806,   1.636304, 0.025781,
32.566536, 1.650806, 1.578296, -0.072510,   1.652417, 1.647583, -0.004834,   1.632275, 0.029810,
32.591238, 1.649194, 1.579907, -0.069287,   1.649194, 1.635498, -0.013696,   1.632275, 0.029810,
32.615776, 1.650000, 1.587964, -0.062036,   1.649194, 1.648389, -0.000806,   1.639526, 0.028198,
32.640111, 1.650000, 1.595215, -0.054785,   1.650000, 1.645972, -0.004028,   1.637109, 0.028198,
32.664767, 1.654834, 1.581519, -0.073315,   1.653223, 1.656445, 0.003223,   1.641138, 0.033838,
32.689221, 1.647583, 1.586352, -0.061231,   1.645972, 1.621802, -0.024170,   1.637915, 0.028198,
32.713635, 1.650806, 1.582324, -0.068481,   1.649194, 1.652417, 0.003223,   1.637915, 0.027393,
32.737755, 1.662891, 1.595215, -0.067676,   1.664502, 1.662085, -0.002417,   1.640332, 0.037866,
32.762219, 1.658862, 1.577490, -0.081372,   1.662085, 1.660474, -0.001611,   1.643555, 0.042700,
32.786658, 1.656445, 1.603271, -0.053174,   1.661279, 1.648389, -0.012891,   1.643555, 0.039478,
32.811020, 1.660474, 1.587158, -0.073315,   1.662085, 1.652417, -0.009668,   1.645972, 0.042700,
32.835317, 1.654834, 1.579907, -0.074927,   1.658057, 1.633887, -0.024170,   1.644360, 0.038672,
32.859761, 1.656445, 1.578296, -0.078149,   1.658862, 1.627441, -0.031421,   1.640332, 0.042700,
32.884223, 1.661279, 1.587158, -0.074121,   1.656445, 1.656445, 0.000000,   1.636304, 0.042700,
32.908375, 1.661279, 1.595215, -0.066064,   1.660474, 1.647583, -0.012891,   1.643555, 0.043506,
32.932649, 1.657251, 1.587158, -0.070093,   1.660474, 1.657251, -0.003223,   1.647583, 0.042700,
32.955758, 1.660474, 1.600049, -0.060425,   1.656445, 1.650806, -0.005640,   1.640332, 0.038672,
32.980318, 1.658862, 1.575879, -0.082983,   1.662085, 1.658057, -0.004028,   1.640332, 0.042700,
33.004656, 1.656445, 1.596020, -0.060425,   1.654028, 1.649194, -0.004834,   1.645972, 0.040283,
33.029097, 1.656445, 1.574268, -0.082178,   1.656445, 1.647583, -0.008862,   1.645166, 0.041895,
33.053466, 1.648389, 1.581519, -0.066870,   1.650000, 1.647583, -0.002417,   1.636304, 0.026587,
33.077994, 1.644360, 1.599243, -0.045117,   1.648389, 1.648389, 0.000000,   1.636304, 0.028198,
33.102105, 1.647583, 1.579907, -0.067676,   1.649194, 1.640332, -0.008862,   1.641943, 0.028198,
33.126535, 1.645972, 1.570239, -0.075732,   1.647583, 1.644360, -0.003223,   1.636304, 0.027393,
33.150871, 1.648389, 1.586352, -0.062036,   1.648389, 1.654028, 0.005640,   1.636304, 0.026587,
33.175111, 1.650806, 1.618579, -0.032227,   1.647583, 1.640332, -0.007251,   1.637915, 0.028198,
33.199658, 1.644360, 1.591992, -0.052368,   1.649194, 1.649194, 0.000000,   1.640332, 0.024976,
33.223875, 1.647583, 1.591992, -0.055591,   1.650000, 1.632275, -0.017725,   1.633887, 0.028198,
33.248220, 1.652417, 1.590381, -0.062036,   1.650000, 1.650000, 0.000000,   1.639526, 0.029810,
33.272439, 1.647583, 1.587964, -0.059619,   1.647583, 1.637109, -0.010474,   1.637109, 0.025781,
33.296878, 1.650806, 1.582324, -0.068481,   1.650000, 1.641943, -0.008057,   1.633887, 0.026587,
33.321316, 1.648389, 1.579907, -0.068481,   1.653223, 1.648389, -0.004834,   1.633081, 0.028198,
33.345642, 1.650806, 1.612939, -0.037866,   1.650000, 1.627441, -0.022559,   1.635498, 0.027393,
33.370074, 1.660474, 1.562183, -0.098291,   1.664502, 1.625024, -0.039477,   1.640332, 0.042700,
33.394539, 1.662891, 1.567017, -0.095874,   1.664502, 1.662085, -0.002417,   1.647583, 0.041895,
33.418868, 1.662085, 1.603271, -0.058813,   1.658862, 1.654834, -0.004028,   1.637109, 0.039478,
33.443100, 1.662891, 1.604883, -0.058008,   1.660474, 1.647583, -0.012891,   1.641138, 0.041895,
33.467434, 1.658862, 1.589575, -0.069287,   1.660474, 1.620996, -0.039477,   1.641138, 0.044312,
33.491868, 1.658862, 1.554126, -0.104736,   1.661279, 1.623413, -0.037866,   1.643555, 0.041895,
33.516321, 1.661279, 1.595215, -0.066064,   1.658862, 1.658862, 0.000000,   1.641943, 0.040283,
33.540445, 1.660474, 1.582324, -0.078149,   1.657251, 1.635498, -0.021753,   1.639526, 0.037866,
33.564868, 1.656445, 1.595215, -0.061230,   1.658057, 1.643555, -0.014502,   1.640332, 0.039478,
33.589324, 1.654028, 1.583935, -0.070093,   1.657251, 1.645972, -0.011279,   1.644360, 0.037866,
33.613664, 1.654834, 1.566211, -0.088623,   1.656445, 1.658057, 0.001611,   1.640332, 0.040283,
33.637769, 1.654834, 1.587158, -0.067676,   1.660474, 1.658057, -0.002417,   1.640332, 0.042700,
33.662210, 1.657251, 1.625024, -0.032227,   1.658057, 1.654028, -0.004028,   1.641138, 0.041895,
33.686661, 1.647583, 1.596826, -0.050757,   1.644360, 1.643555, -0.000806,   1.640332, 0.029810,
33.711068, 1.650000, 1.570239, -0.079761,   1.648389, 1.649194, 0.000806,   1.640332, 0.028198,
33.735224, 1.648389, 1.581519, -0.066870,   1.643555, 1.645166, 0.001611,   1.637109, 0.030615,
33.759527, 1.647583, 1.581519, -0.066064,   1.649194, 1.661279, 0.012085,   1.635498, 0.025781,
33.783966, 1.650000, 1.587158, -0.062842,   1.649194, 1.629858, -0.019336,   1.633081, 0.029810,
33.808517, 1.649194, 1.575879, -0.073316,   1.650000, 1.650806, 0.000806,   1.637109, 0.028198,
33.832732, 1.650806, 1.587158, -0.063647,   1.649194, 1.665308, 0.016113,   1.637915, 0.028198,
33.857008, 1.648389, 1.600049, -0.048340,   1.647583, 1.640332, -0.007251,   1.640332, 0.031421,
33.881800, 1.645972, 1.587964, -0.058008,   1.647583, 1.653223, 0.005640,   1.633081, 0.029810,
33.906089, 1.648389, 1.567017, -0.081372,   1.650806, 1.629858, -0.020947,   1.637915, 0.029810,
33.930639, 1.649194, 1.581519, -0.067676,   1.645166, 1.652417, 0.007251,   1.633887, 0.027393,
33.955009, 1.650000, 1.587964, -0.062036,   1.650000, 1.647583, -0.002417,   1.637109, 0.026587,
33.979812, 1.652417, 1.590381, -0.062036,   1.648389, 1.644360, -0.004028,   1.636304, 0.028198,
34.004454, 1.665308, 1.608911, -0.056396,   1.666113, 1.657251, -0.008862,   1.645972, 0.041895,
34.029049, 1.662085, 1.585547, -0.076538,   1.662085, 1.654834, -0.007251,   1.647583, 0.038672,
34.053666, 1.661279, 1.565405, -0.095874,   1.662085, 1.645166, -0.016919,   1.645166, 0.037866,
34.078455, 1.658862, 1.582324, -0.076538,   1.656445, 1.653223, -0.003223,   1.640332, 0.037866,
34.102841, 1.658057, 1.583935, -0.074121,   1.654028, 1.647583, -0.006445,   1.643555, 0.041895,
34.127455, 1.664502, 1.549292, -0.115210,   1.660474, 1.645972, -0.014502,   1.641943, 0.039478,
34.151902, 1.660474, 1.596826, -0.063647,   1.657251, 1.641943, -0.015308,   1.639526, 0.041895,
34.176652, 1.660474, 1.587964, -0.072510,   1.654834, 1.653223, -0.001611,   1.641943, 0.040283,
34.201183, 1.658862, 1.599243, -0.059619,   1.658057, 1.654028, -0.004028,   1.644360, 0.042700,
34.225785, 1.660474, 1.591187, -0.069287,   1.658057, 1.653223, -0.004834,   1.644360, 0.043506,
34.250340, 1.660474, 1.560571, -0.099902,   1.658862, 1.685449, 0.026587,   1.643555, 0.037866,
34.274769, 1.658862, 1.591992, -0.066870,   1.652417, 1.653223, 0.000806,   1.641138, 0.040283,
34.299104, 1.658862, 1.595215, -0.063647,   1.660474, 1.662085, 0.001611,   1.641138, 0.040283,
34.323444, 1.647583, 1.602466, -0.045117,   1.644360, 1.679004, 0.034644,   1.636304, 0.028198,
34.347760, 1.647583, 1.600855, -0.046728,   1.645972, 1.658862, 0.012891,   1.633887, 0.028198,
34.372160, 1.647583, 1.596826, -0.050757,   1.647583, 1.645166, -0.002417,   1.636304, 0.027393,
34.396905, 1.650000, 1.554932, -0.095068,   1.643555, 1.644360, 0.000806,   1.635498, 0.028198,
34.421199, 1.647583, 1.581519, -0.066064,   1.644360, 1.654834, 0.010474,   1.636304, 0.030615,
34.445560, 1.652417, 1.575879, -0.076538,   1.647583, 1.650000, 0.002417,   1.637109, 0.025781,
34.469802, 1.650000, 1.587964, -0.062036,   1.649194, 1.644360, -0.004834,   1.635498, 0.030615,
34.494321, 1.647583, 1.575073, -0.072510,   1.652417, 1.633081, -0.019336,   1.637109, 0.029810,
34.518892, 1.652417, 1.577490, -0.074927,   1.645972, 1.623413, -0.022559,   1.633887, 0.029810,
34.543409, 1.650806, 1.558960, -0.091846,   1.649194, 1.649194, 0.000000,   1.633887, 0.028198,
34.567823, 1.650000, 1.583935, -0.066064,   1.647583, 1.623413, -0.024170,   1.633887, 0.029810,
34.592509, 1.652417, 1.590381, -0.062036,   1.650000, 1.637915, -0.012085,   1.637109, 0.028198,
34.617043, 1.649194, 1.604077, -0.045117,   1.647583, 1.629858, -0.017725,   1.636304, 0.029810,
34.641568, 1.662891, 1.596020, -0.066870,   1.666113, 1.658057, -0.008057,   1.647583, 0.039478,
34.666281, 1.661279, 1.587964, -0.073316,   1.658057, 1.658862, 0.000806,   1.635498, 0.040283,
34.690801, 1.662085, 1.608911, -0.053174,   1.662891, 1.658862, -0.004028,   1.641138, 0.039478,
34.715242, 1.657251, 1.598437, -0.058814,   1.662085, 1.662085, 0.000000,   1.641943, 0.037866,
34.739577, 1.662085, 1.573462, -0.088623,   1.658862, 1.641943, -0.016919,   1.643555, 0.040283,
34.764271, 1.658862, 1.583935, -0.074927,   1.661279, 1.661279, 0.000000,   1.648389, 0.040283,
34.788583, 1.658057, 1.590381, -0.067676,   1.660474, 1.628247, -0.032227,   1.645166, 0.040283,
34.813132, 1.661279, 1.593603, -0.067676,   1.661279, 1.649194, -0.012085,   1.637109, 0.037866,
34.837563, 1.661279, 1.585547, -0.075732,   1.657251, 1.649194, -0.008057,   1.643555, 0.037866,
34.862226, 1.658057, 1.600049, -0.058008,   1.661279, 1.650000, -0.011279,   1.644360, 0.040283,
34.886834, 1.661279, 1.581519, -0.079761,   1.662085, 1.654028, -0.008057,   1.643555, 0.041895,
34.911478, 1.654834, 1.598437, -0.056396,   1.658057, 1.650806, -0.007251,   1.643555, 0.042700,
34.935833, 1.661279, 1.599243, -0.062036,   1.656445, 1.666113, 0.009668,   1.645972, 0.041895,
34.960269, 1.652417, 1.585547, -0.066870,   1.645166, 1.679004, 0.033838,   1.641138, 0.038672,
34.984695, 1.644360, 1.585547, -0.058813,   1.645972, 1.629858, -0.016113,   1.633887, 0.028198,
35.009171, 1.647583, 1.595215, -0.052368,   1.641943, 1.629858, -0.012085,   1.633887, 0.027393,
35.033723, 1.649194, 1.603271, -0.045923,   1.645166, 1.643555, -0.001611,   1.631470, 0.028198,
35.058247, 1.649194, 1.564600, -0.084595,   1.649194, 1.653223, 0.004028,   1.635498, 0.027393,
35.082649, 1.649194, 1.578296, -0.070899,   1.648389, 1.674170, 0.025781,   1.637915, 0.028198,
35.106962, 1.652417, 1.612134, -0.040283,   1.650000, 1.608105, -0.041895,   1.632275, 0.027393,
35.131578, 1.650000, 1.603271, -0.046728,   1.650000, 1.645972, -0.004028,   1.636304, 0.029810,
35.156022, 1.649194, 1.587964, -0.061231,   1.648389, 1.661279, 0.012891,   1.633081, 0.028198,
35.180573, 1.649194, 1.596020, -0.053174,   1.650806, 1.668530, 0.017725,   1.637915, 0.028198,
35.204807, 1.649194, 1.591187, -0.058008,   1.648389, 1.650806, 0.002417,   1.635498, 0.028198,
35.229237, 1.649194, 1.591187, -0.058008,   1.650000, 1.650000, 0.000000,   1.637109, 0.023364,
35.253468, 1.650000, 1.578296, -0.071704,   1.647583, 1.645166, -0.002417,   1.637109, 0.028198,
35.278241, 1.665308, 1.591992, -0.073316,   1.664502, 1.668530, 0.004028,   1.645166, 0.037866,
35.302576, 1.664502, 1.581519, -0.082983,   1.662891, 1.645972, -0.016919,   1.641138, 0.038672,
35.327026, 1.662085, 1.600049, -0.062036,   1.662085, 1.652417, -0.009668,   1.645166, 0.038672,
35.351571, 1.662085, 1.558154, -0.103931,   1.662085, 1.653223, -0.008862,   1.643555, 0.037866,
35.376420, 1.656445, 1.600049, -0.056396,   1.654028, 1.649194, -0.004834,   1.647583, 0.040283,
35.400888, 1.657251, 1.591187, -0.066064,   1.654834, 1.652417, -0.002417,   1.639526, 0.037866,
35.425460, 1.658057, 1.566211, -0.091846,   1.662085, 1.652417, -0.009668,   1.643555, 0.037866,
35.450030, 1.654834, 1.587158, -0.067676,   1.654028, 1.625830, -0.028198,   1.647583, 0.038672,
35.474710, 1.658862, 1.579102, -0.079761,   1.662891, 1.637915, -0.024976,   1.645166, 0.038672,
35.499412, 1.661279, 1.623413, -0.037866,   1.658862, 1.665308, 0.006445,   1.644360, 0.036255,
35.523795, 1.657251, 1.583130, -0.074121,   1.662085, 1.653223, -0.008862,   1.645972, 0.038672,
35.548347, 1.660474, 1.587964, -0.072510,   1.657251, 1.657251, 0.000000,   1.637109, 0.041895,
35.572704, 1.661279, 1.573462, -0.087817,   1.658862, 1.649194, -0.009668,   1.647583, 0.038672,
35.597304, 1.658862, 1.596826, -0.062036,   1.652417, 1.666113, 0.013696,   1.637109, 0.030615,
35.621674, 1.645972, 1.582324, -0.063648,   1.645166, 1.640332, -0.004834,   1.637915, 0.028198,
35.646239, 1.648389, 1.578296, -0.070093,   1.644360, 1.658862, 0.014502,   1.633081, 0.029810,
35.670707, 1.649194, 1.585547, -0.063648,   1.648389, 1.639526, -0.008862,   1.637109, 0.029810,
35.695458, 1.649194, 1.587964, -0.061231,   1.644360, 1.633081, -0.011279,   1.637109, 0.028198,
35.719839, 1.650000, 1.553320, -0.096680,   1.647583, 1.645972, -0.001611,   1.639526, 0.028198,
35.744380, 1.648389, 1.578296, -0.070093,   1.650000, 1.641943, -0.008057,   1.636304, 0.028198,
35.768943, 1.648389, 1.599243, -0.049145,   1.647583, 1.641138, -0.006445,   1.635498, 0.028198,
35.793486, 1.648389, 1.570239, -0.078149,   1.650000, 1.640332, -0.009668,   1.636304, 0.027393,
35.817840, 1.649194, 1.575073, -0.074121,   1.647583, 1.637915, -0.009668,   1.632275, 0.022559,
35.842347, 1.650000, 1.579907, -0.070093,   1.649194, 1.649194, 0.000000,   1.640332, 0.028198,
35.866733, 1.650000, 1.600855, -0.049145,   1.650806, 1.662085, 0.011279,   1.633081, 0.024976,
35.891256, 1.654028, 1.604883, -0.049145,   1.654834, 1.658862, 0.004028,   1.641943, 0.033838,
35.915554, 1.650000, 1.587964, -0.062036,   1.652417, 1.650806, -0.001611,   1.635498, 0.030615,
35.939904, 1.665308, 1.560571, -0.104736,   1.660474, 1.649194, -0.011279,   1.643555, 0.041895,
35.964327, 1.658057, 1.596020, -0.062036,   1.662085, 1.662891, 0.000806,   1.641943, 0.041895,
35.988549, 1.654834, 1.586352, -0.068481,   1.661279, 1.647583, -0.013696,   1.645972, 0.042700,
36.013003, 1.654834, 1.583130, -0.071704,   1.656445, 1.647583, -0.008862,   1.640332, 0.037866,
36.037348, 1.662085, 1.600049, -0.062036,   1.654834, 1.643555, -0.011279,   1.644360, 0.041895,
36.061767, 1.662085, 1.562183, -0.099902,   1.660474, 1.653223, -0.007251,   1.637915, 0.042700,
36.086233, 1.656445, 1.595215, -0.061230,   1.656445, 1.647583, -0.008862,   1.641943, 0.041895,
36.110582, 1.656445, 1.583130, -0.073315,   1.658862, 1.647583, -0.011279,   1.644360, 0.040283,
36.134908, 1.660474, 1.596826, -0.063647,   1.658057, 1.653223, -0.004834,   1.641138, 0.042700,
36.159304, 1.656445, 1.610522, -0.045923,   1.658862, 1.654028, -0.004834,   1.644360, 0.037866,
36.183775, 1.654834, 1.579907, -0.074927,   1.658862, 1.653223, -0.005640,   1.640332, 0.041895,
36.208157, 1.654834, 1.596020, -0.058813,   1.658862, 1.666113, 0.007251,   1.637915, 0.035449,
36.232333, 1.657251, 1.596020, -0.061231,   1.658057, 1.658862, 0.000806,   1.640332, 0.042700,
36.256458, 1.648389, 1.569434, -0.078955,   1.645166, 1.625830, -0.019336,   1.640332, 0.025781,
36.281112, 1.645166, 1.583130, -0.062036,   1.647583, 1.652417, 0.004834,   1.633081, 0.028198,
36.305237, 1.647583, 1.583935, -0.063648,   1.647583, 1.620190, -0.027393,   1.633081, 0.029810,
36.329579, 1.645166, 1.581519, -0.063648,   1.647583, 1.639526, -0.008057,   1.641943, 0.028198,
36.354013, 1.645972, 1.583935, -0.062036,   1.647583, 1.631470, -0.016113,   1.637109, 0.027393,
36.378633, 1.647583, 1.583130, -0.064453,   1.647583, 1.629053, -0.018530,   1.637109, 0.024976,
36.403014, 1.649194, 1.603271, -0.045923,   1.650806, 1.648389, -0.002417,   1.639526, 0.026587,
36.427414, 1.648389, 1.608911, -0.039477,   1.648389, 1.640332, -0.008057,   1.635498, 0.028198,
36.451772, 1.650000, 1.571045, -0.078955,   1.650000, 1.647583, -0.002417,   1.636304, 0.028198,
36.476320, 1.650806, 1.586352, -0.064453,   1.650000, 1.639526, -0.010474,   1.633081, 0.027393,
36.500663, 1.652417, 1.608105, -0.044312,   1.648389, 1.647583, -0.000806,   1.636304, 0.025781,
36.525120, 1.648389, 1.587158, -0.061230,   1.650000, 1.647583, -0.002417,   1.637109, 0.029810,
36.549447, 1.653223, 1.578296, -0.074927,   1.653223, 1.650806, -0.002417,   1.632275, 0.027393,
36.573886, 1.665308, 1.586352, -0.078955,   1.662085, 1.687060, 0.024976,   1.643555, 0.037866,
36.598132, 1.664502, 1.571851, -0.092651,   1.662891, 1.657251, -0.005640,   1.640332, 0.042700,
36.622549, 1.660474, 1.575879, -0.084595,   1.662085, 1.650806, -0.011279,   1.640332, 0.040283,
36.646883, 1.658862, 1.591992, -0.066870,   1.660474, 1.662085, 0.001611,   1.641943, 0.036255,
36.671238, 1.661279, 1.587158, -0.074121,   1.658862, 1.640332, -0.018530,   1.641943, 0.039478,
36.695650, 1.661279, 1.587964, -0.073316,   1.658057, 1.654834, -0.003223,   1.641138, 0.041895,
36.719886, 1.654834, 1.583130, -0.071704,   1.661279, 1.654028, -0.007251,   1.640332, 0.043506,
36.744113, 1.658057, 1.587158, -0.070898,   1.654834, 1.657251, 0.002417,   1.644360, 0.040283,
36.768238, 1.660474, 1.586352, -0.074121,   1.660474, 1.648389, -0.012085,   1.641943, 0.042700,
36.792627, 1.657251, 1.583130, -0.074121,   1.654028, 1.637915, -0.016113,   1.640332, 0.040283,
36.816896, 1.656445, 1.569434, -0.087012,   1.658057, 1.644360, -0.013696,   1.641138, 0.038672,
36.841235, 1.657251, 1.587158, -0.070093,   1.660474, 1.648389, -0.012085,   1.647583, 0.038672,
36.865776, 1.660474, 1.595215, -0.065259,   1.658057, 1.666919, 0.008862,   1.641943, 0.038672,
36.890016, 1.654028, 1.608105, -0.045923,   1.658862, 1.654834, -0.004028,   1.645166, 0.041895,
36.914417, 1.645972, 1.581519, -0.064453,   1.647583, 1.645972, -0.001611,   1.641138, 0.028198,
36.938786, 1.645166, 1.582324, -0.062842,   1.648389, 1.641138, -0.007251,   1.639526, 0.028198,
36.963229, 1.650000, 1.578296, -0.071704,   1.649194, 1.637109, -0.012085,   1.639526, 0.029810,
36.985841, 1.650000, 1.581519, -0.068481,   1.647583, 1.636304, -0.011279,   1.640332, 0.028198,
37.010302, 1.645166, 1.571045, -0.074121,   1.649194, 1.648389, -0.000806,   1.637915, 0.029810,
37.034669, 1.648389, 1.596020, -0.052368,   1.648389, 1.652417, 0.004028,   1.633887, 0.028198,
37.058783, 1.650000, 1.575879, -0.074121,   1.648389, 1.625024, -0.023364,   1.641943, 0.028198,
37.083012, 1.652417, 1.578296, -0.074121,   1.647583, 1.650000, 0.002417,   1.637109, 0.026587,
37.107131, 1.649194, 1.562988, -0.086206,   1.648389, 1.640332, -0.008057,   1.639526, 0.028198,
37.131556, 1.648389, 1.579102, -0.069287,   1.649194, 1.654834, 0.005640,   1.637109, 0.026587,
37.155679, 1.648389, 1.599243, -0.049145,   1.650806, 1.670142, 0.019336,   1.637109, 0.027393,
37.180017, 1.652417, 1.600049, -0.052368,   1.648389, 1.650806, 0.002417,   1.636304, 0.028198,
37.204122, 1.660474, 1.599243, -0.061230,   1.662891, 1.652417, -0.010474,   1.641138, 0.042700,
37.228454, 1.666113, 1.595215, -0.070898,   1.662085, 1.656445, -0.005640,   1.640332, 0.039478,
37.252777, 1.661279, 1.578296, -0.082983,   1.662085, 1.652417, -0.009668,   1.649194, 0.040283,
37.277318, 1.660474, 1.602466, -0.058008,   1.662085, 1.654834, -0.007251,   1.637915, 0.036255,
37.301673, 1.661279, 1.582324, -0.078955,   1.654834, 1.640332, -0.014502,   1.643555, 0.039478,
37.326127, 1.657251, 1.586352, -0.070899,   1.654834, 1.629053, -0.025781,   1.643555, 0.042700,
37.350454, 1.658057, 1.575879, -0.082178,   1.658862, 1.641943, -0.016919,   1.640332, 0.039478,
37.374888, 1.658862, 1.625830, -0.033032,   1.658057, 1.641943, -0.016113,   1.644360, 0.042700,
37.398885, 1.660474, 1.618579, -0.041895,   1.660474, 1.660474, 0.000000,   1.643555, 0.041895,
37.423121, 1.658057, 1.591187, -0.066870,   1.661279, 1.660474, -0.000806,   1.640332, 0.040283,
37.447448, 1.660474, 1.603271, -0.057202,   1.658862, 1.657251, -0.001611,   1.640332, 0.040283,
37.471890, 1.653223, 1.577490, -0.075732,   1.658862, 1.631470, -0.027393,   1.644360, 0.038672,
37.496339, 1.657251, 1.587964, -0.069287,   1.658862, 1.674170, 0.015308,   1.641943, 0.038672,
37.520576, 1.645972, 1.585547, -0.060425,   1.640332, 1.641943, 0.001611,   1.636304, 0.025781,
37.544688, 1.645166, 1.578296, -0.066870,   1.647583, 1.635498, -0.012085,   1.635498, 0.028198,
37.569383, 1.645972, 1.569434, -0.076538,   1.648389, 1.641943, -0.006445,   1.637915, 0.026587,
37.594022, 1.645166, 1.581519, -0.063648,   1.647583, 1.647583, 0.000000,   1.636304, 0.026587,
37.618264, 1.647583, 1.558154, -0.089429,   1.647583, 1.670142, 0.022559,   1.636304, 0.028198,
37.642477, 1.647583, 1.600049, -0.047534,   1.648389, 1.650806, 0.002417,   1.633081, 0.026587,
37.666896, 1.650000, 1.596020, -0.053980,   1.650806, 1.654028, 0.003223,   1.637109, 0.023364,
37.691350, 1.645166, 1.569434, -0.075732,   1.648389, 1.660474, 0.012085,   1.636304, 0.028198,
37.715725, 1.648389, 1.581519, -0.066870,   1.653223, 1.656445, 0.003223,   1.636304, 0.030615,
37.739915, 1.648389, 1.579907, -0.068481,   1.648389, 1.643555, -0.004834,   1.637109, 0.026587,
37.764641, 1.648389, 1.587158, -0.061230,   1.647583, 1.652417, 0.004834,   1.629053, 0.030615,
37.789136, 1.652417, 1.585547, -0.066870,   1.650000, 1.641138, -0.008862,   1.635498, 0.028198,
37.813697, 1.649194, 1.556543, -0.092651,   1.650806, 1.656445, 0.005640,   1.637109, 0.028198,
37.837965, 1.666113, 1.587964, -0.078149,   1.662085, 1.662085, 0.000000,   1.640332, 0.042700,
37.862369, 1.664502, 1.596826, -0.067676,   1.665308, 1.656445, -0.008862,   1.641138, 0.038672,
37.887028, 1.662085, 1.579102, -0.082983,   1.665308, 1.635498, -0.029810,   1.640332, 0.037866,
37.911572, 1.661279, 1.586352, -0.074927,   1.657251, 1.647583, -0.009668,   1.644360, 0.039478,
37.936083, 1.654834, 1.579907, -0.074927,   1.662085, 1.641138, -0.020947,   1.641943, 0.042700,
37.960695, 1.654834, 1.582324, -0.072510,   1.657251, 1.631470, -0.025781,   1.647583, 0.039478,
37.985246, 1.660474, 1.581519, -0.078955,   1.654834, 1.644360, -0.010474,   1.637915, 0.039478,
38.009811, 1.654028, 1.570239, -0.083789,   1.661279, 1.656445, -0.004834,   1.643555, 0.039478,
38.034393, 1.658862, 1.589575, -0.069287,   1.662085, 1.654834, -0.007251,   1.644360, 0.039478,
38.059069, 1.660474, 1.623413, -0.037060,   1.654834, 1.629858, -0.024976,   1.640332, 0.037866,
38.083684, 1.662085, 1.598437, -0.063648,   1.662085, 1.661279, -0.000806,   1.644360, 0.039478,
38.108231, 1.657251, 1.562988, -0.094263,   1.654028, 1.650000, -0.004028,   1.644360, 0.041895,
38.132680, 1.656445, 1.596020, -0.060425,   1.658862, 1.665308, 0.006445,   1.645972, 0.042700,
38.156998, 1.658057, 1.587964, -0.070093,   1.658057, 1.654834, -0.003223,   1.641943, 0.028198,
38.181585, 1.647583, 1.600855, -0.046728,   1.645166, 1.662891, 0.017725,   1.631470, 0.029810,
38.205903, 1.647583, 1.586352, -0.061231,   1.647583, 1.645972, -0.001611,   1.633081, 0.028198,
38.230495, 1.643555, 1.587964, -0.055591,   1.645166, 1.647583, 0.002417,   1.637109, 0.028198,
38.254731, 1.650000, 1.589575, -0.060425,   1.645972, 1.637109, -0.008862,   1.637915, 0.028198,
38.279496, 1.647583, 1.590381, -0.057202,   1.649194, 1.645166, -0.004028,   1.631470, 0.027393,
38.304040, 1.650000, 1.593603, -0.056396,   1.649194, 1.633887, -0.015308,   1.637915, 0.028198,
38.328573, 1.647583, 1.579102, -0.068481,   1.650000, 1.645972, -0.004028,   1.639526, 0.028198,
38.353173, 1.649194, 1.558960, -0.090234,   1.644360, 1.645972, 0.001611,   1.636304, 0.028198,
38.377921, 1.652417, 1.581519, -0.070898,   1.647583, 1.631470, -0.016113,   1.636304, 0.028198,
38.402437, 1.650000, 1.553320, -0.096680,   1.650806, 1.633081, -0.017725,   1.632275, 0.028198,
38.427108, 1.648389, 1.565405, -0.082983,   1.652417, 1.679810, 0.027393,   1.635498, 0.026587,
38.451357, 1.654028, 1.591187, -0.062842,   1.650806, 1.650000, -0.000806,   1.636304, 0.026587,
38.476108, 1.650806, 1.587964, -0.062842,   1.648389, 1.645166, -0.003223,   1.640332, 0.036255,
38.500685, 1.661279, 1.591992, -0.069287,   1.662085, 1.681421, 0.019336,   1.643555, 0.036255,
38.525044, 1.660474, 1.593603, -0.066870,   1.662891, 1.647583, -0.015308,   1.640332, 0.038672,
38.549484, 1.664502, 1.583130, -0.081372,   1.661279, 1.633081, -0.028198,   1.643555, 0.037866,
38.574138, 1.657251, 1.579102, -0.078149,   1.662085, 1.650000, -0.012085,   1.640332, 0.042700,
38.598686, 1.662085, 1.591187, -0.070898,   1.658862, 1.658057, -0.000806,   1.645166, 0.043506,
38.623306, 1.662085, 1.593603, -0.068481,   1.660474, 1.657251, -0.003223,   1.644360, 0.040283,
38.647894, 1.662085, 1.595215, -0.066870,   1.660474, 1.662085, 0.001611,   1.647583, 0.038672,
38.672384, 1.661279, 1.595215, -0.066064,   1.658057, 1.629053, -0.029004,   1.641943, 0.040283,
38.696910, 1.656445, 1.596020, -0.060425,   1.658057, 1.668530, 0.010474,   1.643555, 0.040283,
38.721257, 1.661279, 1.585547, -0.075732,   1.657251, 1.637915, -0.019336,   1.644360, 0.042700,
38.745786, 1.656445, 1.587158, -0.069287,   1.658057, 1.652417, -0.005640,   1.643555, 0.038672,
38.770463, 1.662085, 1.612939, -0.049145,   1.658862, 1.644360, -0.014502,   1.641943, 0.039478,
38.794920, 1.656445, 1.585547, -0.070898,   1.658862, 1.653223, -0.005640,   1.644360, 0.039478,
38.819416, 1.647583, 1.604077, -0.043506,   1.645972, 1.639526, -0.006445,   1.639526, 0.027393,
38.843813, 1.644360, 1.583935, -0.060425,   1.643555, 1.647583, 0.004028,   1.633081, 0.028198,
38.868183, 1.648389, 1.589575, -0.058813,   1.649194, 1.649194, 0.000000,   1.637915, 0.028198,
38.892568, 1.645972, 1.591992, -0.053980,   1.641943, 1.650806, 0.008862,   1.633887, 0.028198,
38.916815, 1.654834, 1.589575, -0.065259,   1.652417, 1.650806, -0.001611,   1.635498, 0.026587,
38.941305, 1.649194, 1.577490, -0.071704,   1.645972, 1.658057, 0.012085,   1.636304, 0.028198,
38.965817, 1.647583, 1.585547, -0.062036,   1.647583, 1.647583, 0.000000,   1.635498, 0.025781,
38.990266, 1.649194, 1.581519, -0.067676,   1.649194, 1.616968, -0.032227,   1.637109, 0.029810,
39.014856, 1.650000, 1.583935, -0.066064,   1.650806, 1.656445, 0.005640,   1.633887, 0.028198,
39.039142, 1.653223, 1.596826, -0.056396,   1.648389, 1.654834, 0.006445,   1.637109, 0.025781,
39.063575, 1.652417, 1.591992, -0.060425,   1.647583, 1.662891, 0.015308,   1.637109, 0.027393,
39.088070, 1.650806, 1.586352, -0.064453,   1.647583, 1.640332, -0.007251,   1.637109, 0.027393,
39.112580, 1.650806, 1.582324, -0.068481,   1.650806, 1.660474, 0.009668,   1.637109, 0.028198,
39.136843, 1.666113, 1.587964, -0.078149,   1.662891, 1.637915, -0.024976,   1.640332, 0.040283,
39.161562, 1.662085, 1.594409, -0.067676,   1.654834, 1.654028, -0.000806,   1.643555, 0.040283,
39.186249, 1.658057, 1.598437, -0.059619,   1.662891, 1.661279, -0.001611,   1.645166, 0.038672,
39.210691, 1.658862, 1.594409, -0.064453,   1.658057, 1.653223, -0.004834,   1.645166, 0.040283,
39.235142, 1.661279, 1.590381, -0.070899,   1.660474, 1.645972, -0.014502,   1.641943, 0.039478,
39.259708, 1.660474, 1.587964, -0.072510,   1.661279, 1.640332, -0.020947,   1.645166, 0.037866,
39.284350, 1.661279, 1.603271, -0.058008,   1.654834, 1.625024, -0.029809,   1.641138, 0.040283,
39.308856, 1.658057, 1.598437, -0.059619,   1.658057, 1.633081, -0.024976,   1.645166, 0.040283,
39.333277, 1.662085, 1.594409, -0.067676,   1.658057, 1.656445, -0.001611,   1.645166, 0.040283,
39.357798, 1.660474, 1.589575, -0.070898,   1.658862, 1.650806, -0.008057,   1.641138, 0.037866,
39.382558, 1.660474, 1.599243, -0.061230,   1.654834, 1.673364, 0.018530,   1.644360, 0.039478,
39.406788, 1.654834, 1.596826, -0.058008,   1.658057, 1.632275, -0.025781,   1.639526, 0.037866,
39.431276, 1.658057, 1.633887, -0.024170,   1.654028, 1.664502, 0.010474,   1.645166, 0.040283,
39.455556, 1.645972, 1.574268, -0.071704,   1.647583, 1.647583, 0.000000,   1.635498, 0.025781,
39.480043, 1.649194, 1.571851, -0.077344,   1.645972, 1.664502, 0.018530,   1.637915, 0.030615,
39.504295, 1.648389, 1.578296, -0.070093,   1.649194, 1.636304, -0.012891,   1.640332, 0.029810,
39.528870, 1.652417, 1.587964, -0.064453,   1.649194, 1.654834, 0.005640,   1.637109, 0.025781,
39.553179, 1.649194, 1.589575, -0.059619,   1.648389, 1.654834, 0.006445,   1.637109, 0.027393,
39.577714, 1.650806, 1.587158, -0.063647,   1.647583, 1.640332, -0.007251,   1.636304, 0.027393,
39.602134, 1.647583, 1.573462, -0.074121,   1.647583, 1.618579, -0.029004,   1.636304, 0.028198,
39.626566, 1.649194, 1.581519, -0.067676,   1.647583, 1.641138, -0.006445,   1.637915, 0.028198,
39.650902, 1.653223, 1.596826, -0.056396,   1.650806, 1.618579, -0.032227,   1.637109, 0.027393,
39.675344, 1.650000, 1.594409, -0.055591,   1.645972, 1.647583, 0.001611,   1.637109, 0.028198,
39.699574, 1.652417, 1.574268, -0.078149,   1.650000, 1.650806, 0.000806,   1.633081, 0.027393,
39.723787, 1.653223, 1.570239, -0.082983,   1.648389, 1.639526, -0.008862,   1.635498, 0.028198,
39.748131, 1.652417, 1.573462, -0.078955,   1.648389, 1.643555, -0.004834,   1.632275, 0.030615,
39.772565, 1.660474, 1.579907, -0.080566,   1.664502, 1.649194, -0.015308,   1.649194, 0.040283,
39.797025, 1.662891, 1.600049, -0.062842,   1.665308, 1.664502, -0.000806,   1.637915, 0.037866,
39.821469, 1.661279, 1.581519, -0.079761,   1.657251, 1.654834, -0.002417,   1.643555, 0.038672,
39.845780, 1.661279, 1.587158, -0.074121,   1.658057, 1.662891, 0.004834,   1.641943, 0.040283,
39.869914, 1.662085, 1.577490, -0.084595,   1.661279, 1.654028, -0.007251,   1.645166, 0.042700,
39.894246, 1.661279, 1.595215, -0.066064,   1.660474, 1.662085, 0.001611,   1.645972, 0.043506,
39.918360, 1.654834, 1.585547, -0.069287,   1.657251, 1.650806, -0.006445,   1.640332, 0.039478,
39.942682, 1.662085, 1.587964, -0.074121,   1.657251, 1.652417, -0.004834,   1.645166, 0.037866,
39.967576, 1.654834, 1.596020, -0.058813,   1.654028, 1.647583, -0.006445,   1.641943, 0.039478,
39.992028, 1.660474, 1.596826, -0.063647,   1.654028, 1.629858, -0.024170,   1.645166, 0.037866,
40.016363, 1.658057, 1.587964, -0.070093,   1.657251, 1.658057, 0.000806,   1.649194, 0.040283,
40.040466, 1.656445, 1.590381, -0.066064,   1.658862, 1.658862, 0.000000,   1.648389, 0.038672,
40.064586, 1.662085, 1.587964, -0.074121,   1.658862, 1.660474, 0.001611,   1.640332, 0.040283,
40.088795, 1.643555, 1.579102, -0.064453,   1.644360, 1.650000, 0.005640,   1.636304, 0.027393,
40.112922, 1.647583, 1.575073, -0.072510,   1.648389, 1.650000, 0.001611,   1.637109, 0.029810,
40.137032, 1.647583, 1.583935, -0.063648,   1.648389, 1.636304, -0.012085,   1.631470, 0.022559,
40.161464, 1.645972, 1.566211, -0.079761,   1.643555, 1.645972, 0.002417,   1.635498, 0.028198,
40.185682, 1.650000, 1.595215, -0.054785,   1.647583, 1.641138, -0.006445,   1.637109, 0.028198,
40.210096, 1.645166, 1.577490, -0.067676,   1.645166, 1.649194, 0.004028,   1.637109, 0.026587,
40.234250, 1.645166, 1.558960, -0.086206,   1.647583, 1.644360, -0.003223,   1.632275, 0.029810,
40.258579, 1.650806, 1.596020, -0.054785,   1.647583, 1.625830, -0.021753,   1.633887, 0.023364,
40.283028, 1.647583, 1.589575, -0.058008,   1.650806, 1.641138, -0.009668,   1.640332, 0.027393,
40.307354, 1.650806, 1.535596, -0.115210,   1.649194, 1.640332, -0.008862,   1.633887, 0.028198,
40.331704, 1.647583, 1.587964, -0.059619,   1.650806, 1.650806, 0.000000,   1.637109, 0.029810,
40.355786, 1.650806, 1.583935, -0.066870,   1.645166, 1.616162, -0.029004,   1.636304, 0.028198,
40.380451, 1.652417, 1.625024, -0.027393,   1.650806, 1.654834, 0.004028,   1.641138, 0.030615,
40.404569, 1.665308, 1.587964, -0.077344,   1.664502, 1.666919, 0.002417,   1.640332, 0.038672,
40.428688, 1.661279, 1.591187, -0.070093,   1.664502, 1.650000, -0.014502,   1.643555, 0.043506,
40.453028, 1.662891, 1.591187, -0.071704,   1.662085, 1.648389, -0.013696,   1.641138, 0.039478,
40.477569, 1.660474, 1.586352, -0.074121,   1.665308, 1.641138, -0.024170,   1.637109, 0.039478,
40.501900, 1.657251, 1.590381, -0.066870,   1.658862, 1.644360, -0.014502,   1.643555, 0.037866,
40.526273, 1.661279, 1.625830, -0.035449,   1.660474, 1.650806, -0.009668,   1.641138, 0.039478,
40.550569, 1.657251, 1.582324, -0.074927,   1.654834, 1.662891, 0.008057,   1.641943, 0.039478,
40.574796, 1.661279, 1.595215, -0.066064,   1.660474, 1.660474, 0.000000,   1.647583, 0.043506,
40.598903, 1.662085, 1.589575, -0.072510,   1.654834, 1.656445, 0.001611,   1.637915, 0.036255,
40.623137, 1.662085, 1.554126, -0.107959,   1.654834, 1.647583, -0.007251,   1.641138, 0.040283,
40.647462, 1.658862, 1.599243, -0.059619,   1.661279, 1.654834, -0.006445,   1.645166, 0.042700,
40.671903, 1.654834, 1.600049, -0.054785,   1.658057, 1.647583, -0.010474,   1.647583, 0.041895,
40.696338, 1.654834, 1.590381, -0.064453,   1.660474, 1.658862, -0.001611,   1.640332, 0.041895,
40.720696, 1.649194, 1.574268, -0.074927,   1.658862, 1.644360, -0.014502,   1.647583, 0.043506,
40.744915, 1.641943, 1.581519, -0.060425,   1.645972, 1.653223, 0.007251,   1.633887, 0.026587,
40.769024, 1.648389, 1.570239, -0.078149,   1.645166, 1.633081, -0.012085,   1.633081, 0.025781,
40.793474, 1.650000, 1.585547, -0.064453,   1.650000, 1.633887, -0.016113,   1.637915, 0.034644,
40.817688, 1.647583, 1.591992, -0.055591,   1.644360, 1.645972, 0.001611,   1.639526, 0.026587,
40.841809, 1.647583, 1.577490, -0.070093,   1.645972, 1.640332, -0.005640,   1.633081, 0.028198,
40.866245, 1.649194, 1.581519, -0.067676,   1.647583, 1.654834, 0.007251,   1.633887, 0.028198,
40.890476, 1.645166, 1.583935, -0.061231,   1.648389, 1.647583, -0.000806,   1.635498, 0.024976,
40.914862, 1.650000, 1.583935, -0.066064,   1.649194, 1.629858, -0.019336,   1.636304, 0.028198,
40.939253, 1.652417, 1.586352, -0.066064,   1.650000, 1.650806, 0.000806,   1.633887, 0.025781,
40.963468, 1.645972, 1.587964, -0.058008,   1.649194, 1.652417, 0.003223,   1.640332, 0.028198,
40.987710, 1.648389, 1.575073, -0.073315,   1.653223, 1.637915, -0.015308,   1.637915, 0.029810,
41.010616, 1.648389, 1.581519, -0.066870,   1.650000, 1.650000, 0.000000,   1.637915, 0.028198,
41.034695, 1.645166, 1.583130, -0.062036,   1.649194, 1.641943, -0.007251,   1.636304, 0.028198,
41.059139, 1.662891, 1.594409, -0.068481,   1.662891, 1.650000, -0.012891,   1.645972, 0.040283,
41.083583, 1.657251, 1.615356, -0.041895,   1.662891, 1.640332, -0.022559,   1.637915, 0.038672,
41.107898, 1.660474, 1.594409, -0.066064,   1.658862, 1.625830, -0.033032,   1.641138, 0.038672,
41.132257, 1.657251, 1.583130, -0.074121,   1.661279, 1.653223, -0.008057,   1.644360, 0.040283,
41.156579, 1.658057, 1.591187, -0.066870,   1.658057, 1.633081, -0.024976,   1.647583, 0.040283,
41.181166, 1.658057, 1.587964, -0.070093,   1.660474, 1.662891, 0.002417,   1.645972, 0.041895,
41.205354, 1.661279, 1.589575, -0.071704,   1.658862, 1.645972, -0.012891,   1.637915, 0.041895,
41.229690, 1.662085, 1.552515, -0.109570,   1.654834, 1.658862, 0.004028,   1.643555, 0.039478,
41.253787, 1.661279, 1.586352, -0.074927,   1.657251, 1.633081, -0.024170,   1.644360, 0.038672,
41.278362, 1.657251, 1.574268, -0.082983,   1.658862, 1.653223, -0.005640,   1.640332, 0.042700,
41.302699, 1.658862, 1.574268, -0.084595,   1.654028, 1.647583, -0.006445,   1.645166, 0.041895,
41.327135, 1.662085, 1.583130, -0.078955,   1.653223, 1.641138, -0.012085,   1.637109, 0.041895,
41.351471, 1.662085, 1.596020, -0.066064,   1.658862, 1.645972, -0.012891,   1.645166, 0.042700,
41.375934, 1.648389, 1.587158, -0.061230,   1.645972, 1.650806, 0.004834,   1.640332, 0.029810,
41.400150, 1.649194, 1.586352, -0.062842,   1.647583, 1.621802, -0.025781,   1.636304, 0.026587,
41.424476, 1.650000, 1.578296, -0.071704,   1.647583, 1.639526, -0.008057,   1.633887, 0.025781,
41.448794, 1.648389, 1.587964, -0.060425,   1.649194, 1.629053, -0.020142,   1.636304, 0.023364,
41.473254, 1.649194, 1.579907, -0.069287,   1.649194, 1.658057, 0.008862,   1.635498, 0.026587,
41.497469, 1.649194, 1.583935, -0.065259,   1.650806, 1.633081, -0.017725,   1.633887, 0.028198,
41.521902, 1.650806, 1.573462, -0.077344,   1.645972, 1.650000, 0.004028,   1.633081, 0.031421,
41.546035, 1.650000, 1.587964, -0.062036,   1.649194, 1.648389, -0.000806,   1.639526, 0.025781,
41.570457, 1.647583, 1.581519, -0.066064,   1.650000, 1.633887, -0.016113,   1.637915, 0.027393,
41.594795, 1.650000, 1.587964, -0.062036,   1.654028, 1.647583, -0.006445,   1.635498, 0.028198,
41.619037, 1.650806, 1.577490, -0.073315,   1.647583, 1.648389, 0.000806,   1.637915, 0.028198,
41.643146, 1.650806, 1.583130, -0.067676,   1.650806, 1.648389, -0.002417,   1.636304, 0.028198,
41.667478, 1.654028, 1.587158, -0.066870,   1.649194, 1.633887, -0.015308,   1.635498, 0.025781,
41.691910, 1.664502, 1.540430, -0.124072,   1.662085, 1.637109, -0.024976,   1.644360, 0.041895,
41.716358, 1.665308, 1.586352, -0.078955,   1.656445, 1.658862, 0.002417,   1.645972, 0.037866,
41.740470, 1.656445, 1.575879, -0.080566,   1.662891, 1.647583, -0.015308,   1.644360, 0.040283,
41.764915, 1.656445, 1.586352, -0.070093,   1.658057, 1.645972, -0.012085,   1.643555, 0.037866,
41.789361, 1.656445, 1.603271, -0.053174,   1.662085, 1.645166, -0.016919,   1.647583, 0.040283,
41.813759, 1.658057, 1.591187, -0.066870,   1.656445, 1.658862, 0.002417,   1.641138, 0.039478,
41.837913, 1.657251, 1.581519, -0.075732,   1.658057, 1.654834, -0.003223,   1.645972, 0.042700,
41.862367, 1.661279, 1.593603, -0.067676,   1.658862, 1.662085, 0.003223,   1.641138, 0.037866,
41.886586, 1.658057, 1.575879, -0.082178,   1.660474, 1.654834, -0.005640,   1.644360, 0.038672,
41.910995, 1.654834, 1.596826, -0.058008,   1.656445, 1.654028, -0.002417,   1.641943, 0.034644,
41.935363, 1.657251, 1.589575, -0.067676,   1.654834, 1.633081, -0.021753,   1.643555, 0.040283,
41.959687, 1.662085, 1.596020, -0.066064,   1.657251, 1.654834, -0.002417,   1.640332, 0.042700,
41.984262, 1.661279, 1.599243, -0.062036,   1.658862, 1.633887, -0.024976,   1.644360, 0.042700,
42.008621, 1.641943, 1.585547, -0.056396,   1.645972, 1.640332, -0.005640,   1.633081, 0.028198,
42.032931, 1.648389, 1.582324, -0.066064,   1.645972, 1.654028, 0.008057,   1.636304, 0.028198,
42.057038, 1.649194, 1.583935, -0.065259,   1.645166, 1.641138, -0.004028,   1.636304, 0.026587,
42.081591, 1.649194, 1.600049, -0.049146,   1.649194, 1.654834, 0.005640,   1.637109, 0.028198,
42.105685, 1.650000, 1.583130, -0.066870,   1.650000, 1.640332, -0.009668,   1.636304, 0.025781,
42.130040, 1.647583, 1.575073, -0.072510,   1.649194, 1.653223, 0.004028,   1.635498, 0.023364,
42.154142, 1.649194, 1.578296, -0.070899,   1.648389, 1.678198, 0.029810,   1.637915, 0.028198,
42.178471, 1.647583, 1.581519, -0.066064,   1.652417, 1.645972, -0.006445,   1.639526, 0.025781,
42.202795, 1.647583, 1.577490, -0.070093,   1.649194, 1.648389, -0.000806,   1.637915, 0.027393,
42.227274, 1.650806, 1.573462, -0.077344,   1.650806, 1.662085, 0.011279,   1.631470, 0.028198,
42.251365, 1.650000, 1.566211, -0.083789,   1.654028, 1.643555, -0.010474,   1.637915, 0.033838,
42.275817, 1.653223, 1.574268, -0.078955,   1.650806, 1.637915, -0.012891,   1.637109, 0.026587,
42.300256, 1.650000, 1.577490, -0.072510,   1.650000, 1.647583, -0.002417,   1.641138, 0.027393,
42.324687, 1.664502, 1.589575, -0.074927,   1.662891, 1.658862, -0.004028,   1.640332, 0.041895,
42.349033, 1.662085, 1.552515, -0.109570,   1.662891, 1.670142, 0.007251,   1.643555, 0.039478,
42.373253, 1.658862, 1.579907, -0.078955,   1.658057, 1.640332, -0.017725,   1.640332, 0.043506,
42.397802, 1.660474, 1.582324, -0.078149,   1.661279, 1.641138, -0.020142,   1.643555, 0.039478,
42.422259, 1.661279, 1.581519, -0.079761,   1.660474, 1.654834, -0.005640,   1.636304, 0.042700,
42.446565, 1.658862, 1.590381, -0.068481,   1.661279, 1.657251, -0.004028,   1.645972, 0.034644,
42.471037, 1.657251, 1.571851, -0.085400,   1.654834, 1.650806, -0.004028,   1.640332, 0.038672,
42.495465, 1.660474, 1.600855, -0.059619,   1.654834, 1.660474, 0.005640,   1.644360, 0.036255,
42.519480, 1.661279, 1.583935, -0.077344,   1.657251, 1.650806, -0.006445,   1.645972, 0.040283,
42.543697, 1.660474, 1.579102, -0.081372,   1.654834, 1.649194, -0.005640,   1.641943, 0.040283,
42.568140, 1.658862, 1.589575, -0.069287,   1.661279, 1.650806, -0.010474,   1.640332, 0.038672,
42.592596, 1.654028, 1.581519, -0.072510,   1.662085, 1.647583, -0.014502,   1.645166, 0.042700,
42.617039, 1.656445, 1.587964, -0.068481,   1.654834, 1.654834, 0.000000,   1.645166, 0.043506,
42.641154, 1.654834, 1.591187, -0.063647,   1.654834, 1.654834, 0.000000,   1.641138, 0.038672,
42.665258, 1.645166, 1.583130, -0.062036,   1.644360, 1.628247, -0.016113,   1.636304, 0.024976,
42.689713, 1.645972, 1.594409, -0.051563,   1.647583, 1.644360, -0.003223,   1.640332, 0.028198,
42.714122, 1.645166, 1.600049, -0.045117,   1.650000, 1.648389, -0.001611,   1.637109, 0.024976,
42.738481, 1.647583, 1.600855, -0.046728,   1.645166, 1.633887, -0.011279,   1.637109, 0.028198,
42.762918, 1.647583, 1.585547, -0.062036,   1.643555, 1.658862, 0.015308,   1.636304, 0.021753,
42.787150, 1.649194, 1.579907, -0.069287,   1.649194, 1.637109, -0.012085,   1.635498, 0.028198,
42.811491, 1.647583, 1.583935, -0.063648,   1.645166, 1.664502, 0.019336,   1.637109, 0.026587,
42.835578, 1.647583, 1.578296, -0.069287,   1.647583, 1.644360, -0.003223,   1.633081, 0.025781,
42.859926, 1.650806, 1.591187, -0.059619,   1.648389, 1.650000, 0.001611,   1.637109, 0.022559,
42.884176, 1.644360, 1.594409, -0.049951,   1.649194, 1.648389, -0.000806,   1.633081, 0.027393,
42.908526, 1.650000, 1.579102, -0.070898,   1.649194, 1.652417, 0.003223,   1.637109, 0.028198,
42.932574, 1.647583, 1.606494, -0.041089,   1.650806, 1.649194, -0.001611,   1.635498, 0.026587,
42.956920, 1.653223, 1.537207, -0.116016,   1.660474, 1.662891, 0.002417,   1.645972, 0.041895,
42.981259, 1.668530, 1.589575, -0.078955,   1.664502, 1.654028, -0.010474,   1.649194, 0.040283,
43.003693, 1.664502, 1.598437, -0.066064,   1.660474, 1.643555, -0.016919,   1.647583, 0.039478,
43.028143, 1.657251, 1.587964, -0.069287,   1.662085, 1.647583, -0.014502,   1.637915, 0.034644,
43.052479, 1.657251, 1.587964, -0.069287,   1.660474, 1.658057, -0.002417,   1.645166, 0.040283,
43.077043, 1.661279, 1.596826, -0.064453,   1.658862, 1.654834, -0.004028,   1.641138, 0.042700,
43.101361, 1.658862, 1.582324, -0.076538,   1.656445, 1.649194, -0.007251,   1.641943, 0.041895,
43.125800, 1.658057, 1.579907, -0.078149,   1.661279, 1.650000, -0.011279,   1.639526, 0.038672,
43.150155, 1.656445, 1.596826, -0.059619,   1.654834, 1.650806, -0.004028,   1.639526, 0.041895,
43.174597, 1.658862, 1.566211, -0.092651,   1.657251, 1.662085, 0.004834,   1.641138, 0.037866,
43.198803, 1.657251, 1.599243, -0.058008,   1.658057, 1.654028, -0.004028,   1.640332, 0.039478,
43.223258, 1.654834, 1.587158, -0.067676,   1.660474, 1.647583, -0.012891,   1.641943, 0.042700,
43.247591, 1.654028, 1.596020, -0.058008,   1.660474, 1.650000, -0.010474,   1.633887, 0.039478,
43.272039, 1.656445, 1.575879, -0.080566,   1.654834, 1.654834, 0.000000,   1.643555, 0.040283,
43.296271, 1.650806, 1.575073, -0.075732,   1.647583, 1.643555, -0.004028,   1.637109, 0.028198,
43.320682, 1.643555, 1.583935, -0.059619,   1.643555, 1.658862, 0.015308,   1.637109, 0.025781,
43.344714, 1.647583, 1.589575, -0.058008,   1.647583, 1.658057, 0.010474,   1.636304, 0.023364,
43.368809, 1.650000, 1.575879, -0.074121,   1.647583, 1.639526, -0.008057,   1.636304, 0.025781,
43.393265, 1.649194, 1.591187, -0.058008,   1.649194, 1.645166, -0.004028,   1.633081, 0.024976,
43.417702, 1.650000, 1.586352, -0.063648,   1.647583, 1.625024, -0.022559,   1.633081, 0.027393,
43.442043, 1.650000, 1.575073, -0.074927,   1.652417, 1.640332, -0.012085,   1.637109, 0.028198,
43.466482, 1.648389, 1.581519, -0.066870,   1.648389, 1.640332, -0.008057,   1.633887, 0.028198,
43.490915, 1.650000, 1.582324, -0.067676,   1.650806, 1.643555, -0.007251,   1.637109, 0.028198,
43.515262, 1.650000, 1.581519, -0.068481,   1.652417, 1.645972, -0.006445,   1.637915, 0.026587,
43.539612, 1.650000, 1.590381, -0.059619,   1.650806, 1.658862, 0.008057,   1.629858, 0.027393,
43.563815, 1.650000, 1.600049, -0.049951,   1.650806, 1.652417, 0.001611,   1.641943, 0.025781,
43.588048, 1.647583, 1.578296, -0.069287,   1.650806, 1.672559, 0.021753,   1.636304, 0.026587,
43.612226, 1.660474, 1.569434, -0.091040,   1.662085, 1.652417, -0.009668,   1.639526, 0.040283,
43.636585, 1.657251, 1.587964, -0.069287,   1.662891, 1.649194, -0.013696,   1.639526, 0.037866,
43.661036, 1.665308, 1.596020, -0.069287,   1.661279, 1.647583, -0.013696,   1.647583, 0.042700,
43.685481, 1.660474, 1.590381, -0.070093,   1.662085, 1.670142, 0.008057,   1.641943, 0.041895,
43.709637, 1.662891, 1.577490, -0.085400,   1.658862, 1.650000, -0.008862,   1.639526, 0.042700,
43.733918, 1.662085, 1.560571, -0.101514,   1.660474, 1.643555, -0.016919,   1.643555, 0.038672,
43.758267, 1.654834, 1.582324, -0.072510,   1.660474, 1.670947, 0.010474,   1.645166, 0.040283,
43.782588, 1.661279, 1.586352, -0.074927,   1.657251, 1.641943, -0.015308,   1.645166, 0.037866,
43.806930, 1.654834, 1.571045, -0.083789,   1.654834, 1.650000, -0.004834,   1.645972, 0.040283,
43.831264, 1.654834, 1.591992, -0.062842,   1.658057, 1.654834, -0.003223,   1.643555, 0.041895,
43.855578, 1.658057, 1.593603, -0.064453,   1.658057, 1.645166, -0.012891,   1.641943, 0.040283,
43.880171, 1.658862, 1.594409, -0.064453,   1.654834, 1.654834, 0.000000,   1.644360, 0.037866,
43.904271, 1.654834, 1.591187, -0.063647,   1.654834, 1.654834, 0.000000,   1.640332, 0.042700,
43.928375, 1.645166, 1.575073, -0.070093,   1.644360, 1.645972, 0.001611,   1.635498, 0.028198,
43.952482, 1.647583, 1.579907, -0.067676,   1.645972, 1.647583, 0.001611,   1.633081, 0.029810,
43.976800, 1.648389, 1.616968, -0.031421,   1.647583, 1.644360, -0.003223,   1.637109, 0.024976,
44.001173, 1.645166, 1.582324, -0.062842,   1.645166, 1.654834, 0.009668,   1.633887, 0.028198,
44.025371, 1.650000, 1.546069, -0.103931,   1.645972, 1.643555, -0.002417,   1.636304, 0.027393,
44.049701, 1.650000, 1.573462, -0.076538,   1.647583, 1.660474, 0.012891,   1.633081, 0.026587,
44.073929, 1.647583, 1.591187, -0.056396,   1.649194, 1.656445, 0.007251,   1.632275, 0.028198,
44.098153, 1.647583, 1.552515, -0.095068,   1.650806, 1.654834, 0.004028,   1.633887, 0.027393,
44.122261, 1.647583, 1.594409, -0.053174,   1.649194, 1.666113, 0.016919,   1.639526, 0.028198,
44.146362, 1.648389, 1.574268, -0.074121,   1.650000, 1.635498, -0.014502,   1.636304, 0.028198,
44.165040, 1.652417, 1.583935, -0.068481,   1.649194, 1.665308, 0.016113,   1.637109, 0.029810,
44.189266, 1.650000, 1.595215, -0.054785,   1.647583, 1.670142, 0.022559,   1.637915, 0.025781,
44.213458, 1.652417, 1.554126, -0.098291,   1.648389, 1.619385, -0.029004,   1.635498, 0.028198,
44.237805, 1.662891, 1.581519, -0.081372,   1.664502, 1.682227, 0.017725,   1.643555, 0.037866,
44.262050, 1.665308, 1.598437, -0.066870,   1.664502, 1.666919, 0.002417,   1.639526, 0.039478,
44.286268, 1.665308, 1.590381, -0.074927,   1.662085, 1.643555, -0.018530,   1.645972, 0.040283,
44.310625, 1.664502, 1.587964, -0.076538,   1.662085, 1.639526, -0.022559,   1.644360, 0.038672,
44.334933, 1.664502, 1.591187, -0.073315,   1.664502, 1.670142, 0.005640,   1.641943, 0.041895,
44.359049, 1.662085, 1.591992, -0.070093,   1.658862, 1.665308, 0.006445,   1.637109, 0.038672,
44.383485, 1.658862, 1.608105, -0.050757,   1.658862, 1.636304, -0.022559,   1.643555, 0.040283,
44.407818, 1.662085, 1.600049, -0.062036,   1.658057, 1.623413, -0.034644,   1.643555, 0.036255,
44.432153, 1.662085, 1.602466, -0.059619,   1.660474, 1.641138, -0.019336,   1.640332, 0.038672,
44.456521, 1.658057, 1.596826, -0.061230,   1.654834, 1.637109, -0.017725,   1.647583, 0.043506,
44.481049, 1.658862, 1.567017, -0.091846,   1.654834, 1.633081, -0.021753,   1.644360, 0.041895,
44.505375, 1.662085, 1.577490, -0.084595,   1.654028, 1.654834, 0.000806,   1.641138, 0.039478,
44.529498, 1.653223, 1.602466, -0.050757,   1.657251, 1.677393, 0.020142,   1.644360, 0.041895,
44.553598, 1.657251, 1.561377, -0.095874,   1.658862, 1.644360, -0.014502,   1.639526, 0.043506,
44.578154, 1.645166, 1.575879, -0.069287,   1.645166, 1.653223, 0.008057,   1.633887, 0.028198,
44.602373, 1.645972, 1.581519, -0.064453,   1.640332, 1.650000, 0.009668,   1.632275, 0.026587,
44.626490, 1.644360, 1.575879, -0.068481,   1.648389, 1.649194, 0.000806,   1.636304, 0.025781,
44.650598, 1.653223, 1.591992, -0.061231,   1.650806, 1.661279, 0.010474,   1.632275, 0.032227,
44.674800, 1.645972, 1.586352, -0.059619,   1.645972, 1.640332, -0.005640,   1.637915, 0.028198,
44.699158, 1.648389, 1.587964, -0.060425,   1.644360, 1.653223, 0.008862,   1.637109, 0.028198,
44.723387, 1.647583, 1.550903, -0.096680,   1.650000, 1.653223, 0.003223,   1.633081, 0.024976,
44.747487, 1.647583, 1.581519, -0.066064,   1.648389, 1.650000, 0.001611,   1.640332, 0.026587,
44.771708, 1.650806, 1.582324, -0.068481,   1.652417, 1.637915, -0.014502,   1.633081, 0.023364,
44.796265, 1.645166, 1.562988, -0.082178,   1.648389, 1.666113, 0.017725,   1.636304, 0.026587,
44.820475, 1.652417, 1.567822, -0.084595,   1.649194, 1.636304, -0.012891,   1.633887, 0.029810,
44.844705, 1.652417, 1.574268, -0.078149,   1.647583, 1.666113, 0.018530,   1.637915, 0.028198,
44.868935, 1.652417, 1.583935, -0.068481,   1.647583, 1.640332, -0.007251,   1.633081, 0.027393,
44.893268, 1.666919, 1.589575, -0.077344,   1.664502, 1.647583, -0.016919,   1.641138, 0.036255,
44.917708, 1.662891, 1.587158, -0.075732,   1.658057, 1.640332, -0.017725,   1.640332, 0.038672,
44.942053, 1.658862, 1.586352, -0.072510,   1.662085, 1.640332, -0.021753,   1.645166, 0.040283,
44.966484, 1.658862, 1.593603, -0.065259,   1.658057, 1.660474, 0.002417,   1.640332, 0.037866,
44.990702, 1.654834, 1.587964, -0.066870,   1.654834, 1.656445, 0.001611,   1.639526, 0.042700,
45.008540, 1.661279, 1.582324, -0.078955,   1.658862, 1.650806, -0.008057,   1.641943, 0.039478,
45.032933, 1.660474, 1.607300, -0.053174,   1.661279, 1.612939, -0.048340,   1.644360, 0.037866,
45.057267, 1.654834, 1.587964, -0.066870,   1.658057, 1.662085, 0.004028,   1.643555, 0.037866,
45.081598, 1.660474, 1.587964, -0.072510,   1.658862, 1.662085, 0.003223,   1.639526, 0.037866,
45.105709, 1.654834, 1.587158, -0.067676,   1.657251, 1.653223, -0.004028,   1.647583, 0.036255,
45.130155, 1.654834, 1.593603, -0.061230,   1.660474, 1.648389, -0.012085,   1.644360, 0.040283,
45.154489, 1.662085, 1.582324, -0.079761,   1.658057, 1.641138, -0.016919,   1.644360, 0.042700,
45.179045, 1.658862, 1.581519, -0.077344,   1.656445, 1.664502, 0.008057,   1.641943, 0.042700,
45.203166, 1.645972, 1.582324, -0.063648,   1.644360, 1.641138, -0.003223,   1.639526, 0.027393,
45.227599, 1.647583, 1.575879, -0.071704,   1.645166, 1.643555, -0.001611,   1.637109, 0.028198,
45.251933, 1.640332, 1.585547, -0.054785,   1.645972, 1.645166, -0.000806,   1.637915, 0.028198,
45.276470, 1.652417, 1.579907, -0.072510,   1.650000, 1.648389, -0.001611,   1.636304, 0.031421,
45.300820, 1.650000, 1.579907, -0.070093,   1.647583, 1.645166, -0.002417,   1.633081, 0.024976,
45.325275, 1.647583, 1.611328, -0.036255,   1.645166, 1.652417, 0.007251,   1.635498, 0.025781,
45.349384, 1.652417, 1.578296, -0.074121,   1.650000, 1.645166, -0.004834,   1.633081, 0.027393,
45.373831, 1.648389, 1.579102, -0.069287,   1.649194, 1.640332, -0.008862,   1.633887, 0.029810,
45.398376, 1.649194, 1.581519, -0.067676,   1.649194, 1.658862, 0.009668,   1.636304, 0.028198,
45.422602, 1.650806, 1.590381, -0.060425,   1.643555, 1.641138, -0.002417,   1.633081, 0.028198,
45.446927, 1.650000, 1.554932, -0.095068,   1.650000, 1.635498, -0.014502,   1.636304, 0.025781,
45.471370, 1.649194, 1.562183, -0.087012,   1.650000, 1.648389, -0.001611,   1.633887, 0.027393,
45.495809, 1.652417, 1.565405, -0.087012,   1.648389, 1.649194, 0.000806,   1.633887, 0.029810,
45.519919, 1.664502, 1.586352, -0.078149,   1.662891, 1.637915, -0.024976,   1.643555, 0.037866,
45.544159, 1.662085, 1.600855, -0.061230,   1.661279, 1.650000, -0.011279,   1.641943, 0.042700,
45.568498, 1.662085, 1.587964, -0.074121,   1.662085, 1.645166, -0.016919,   1.640332, 0.038672,
45.592816, 1.662085, 1.558960, -0.103125,   1.658862, 1.641138, -0.017725,   1.641943, 0.041895,
45.617274, 1.661279, 1.587964, -0.073316,   1.662085, 1.648389, -0.013696,   1.641138, 0.038672,
45.641593, 1.654834, 1.589575, -0.065259,   1.656445, 1.640332, -0.016113,   1.640332, 0.037866,
45.666057, 1.658862, 1.596020, -0.062842,   1.654834, 1.654834, 0.000000,   1.645166, 0.038672,
45.690276, 1.658057, 1.577490, -0.080566,   1.662085, 1.682227, 0.020142,   1.641943, 0.043506,
45.714448, 1.660474, 1.581519, -0.078955,   1.656445, 1.658057, 0.001611,   1.641943, 0.037866,
45.738601, 1.658862, 1.590381, -0.068481,   1.657251, 1.636304, -0.020947,   1.645166, 0.038672,
45.763050, 1.657251, 1.618579, -0.038672,   1.654028, 1.653223, -0.000806,   1.640332, 0.040283,
45.787504, 1.661279, 1.596020, -0.065259,   1.658862, 1.650000, -0.008862,   1.640332, 0.036255,
45.812042, 1.660474, 1.591187, -0.069287,   1.660474, 1.666113, 0.005640,   1.643555, 0.037866,
45.836169, 1.658862, 1.616968, -0.041894,   1.654834, 1.657251, 0.002417,   1.640332, 0.040283,
45.860349, 1.647583, 1.571851, -0.075732,   1.643555, 1.644360, 0.000806,   1.633081, 0.028198,
45.884598, 1.649194, 1.540430, -0.108765,   1.641943, 1.633887, -0.008057,   1.633887, 0.026587,
45.908961, 1.647583, 1.629858, -0.017725,   1.648389, 1.648389, 0.000000,   1.633081, 0.028198,
45.933056, 1.649194, 1.581519, -0.067676,   1.645166, 1.669336, 0.024170,   1.639526, 0.028198,
45.957156, 1.650806, 1.561377, -0.089429,   1.649194, 1.660474, 0.011279,   1.633081, 0.025781,
45.981493, 1.650806, 1.578296, -0.072510,   1.650000, 1.641138, -0.008862,   1.640332, 0.028198,
46.005808, 1.653223, 1.585547, -0.067676,   1.648389, 1.649194, 0.000806,   1.640332, 0.030615,
46.030018, 1.650806, 1.575879, -0.074927,   1.649194, 1.633081, -0.016113,   1.633081, 0.024976,
46.054381, 1.650000, 1.571045, -0.078955,   1.647583, 1.664502, 0.016919,   1.637915, 0.028198,
46.078708, 1.649194, 1.587964, -0.061231,   1.649194, 1.643555, -0.005640,   1.629053, 0.022559,
46.103053, 1.649194, 1.574268, -0.074927,   1.650806, 1.625830, -0.024976,   1.633887, 0.027393,
46.127502, 1.650806, 1.599243, -0.051562,   1.650000, 1.654028, 0.004028,   1.637915, 0.026587,
46.151589, 1.647583, 1.583130, -0.064453,   1.649194, 1.632275, -0.016919,   1.636304, 0.028198,
46.176144, 1.662891, 1.620996, -0.041894,   1.664502, 1.645166, -0.019336,   1.643555, 0.042700,
46.200493, 1.662891, 1.590381, -0.072510,   1.658862, 1.654028, -0.004834,   1.641943, 0.037866,
46.224954, 1.658862, 1.587964, -0.070898,   1.662085, 1.654834, -0.007251,   1.633887, 0.041895,
46.249277, 1.660474, 1.594409, -0.066064,   1.661279, 1.645972, -0.015308,   1.643555, 0.039478,
46.273705, 1.660474, 1.603271, -0.057202,   1.657251, 1.653223, -0.004028,   1.645972, 0.038672,
46.298167, 1.661279, 1.590381, -0.070899,   1.658057, 1.653223, -0.004834,   1.637915, 0.039478,
46.322496, 1.662085, 1.591992, -0.070093,   1.660474, 1.666919, 0.006445,   1.647583, 0.043506,
46.346579, 1.662085, 1.577490, -0.084595,   1.658057, 1.666113, 0.008057,   1.644360, 0.037866,
46.370808, 1.658057, 1.623413, -0.034644,   1.654834, 1.637109, -0.017725,   1.644360, 0.035449,
46.395375, 1.657251, 1.591187, -0.066064,   1.658862, 1.662085, 0.003223,   1.645972, 0.039478,
46.419427, 1.658862, 1.583935, -0.074927,   1.661279, 1.649194, -0.012085,   1.639526, 0.042700,
46.443715, 1.657251, 1.569434, -0.087817,   1.652417, 1.670947, 0.018530,   1.637915, 0.037866,
46.467922, 1.654028, 1.585547, -0.068481,   1.654028, 1.637109, -0.016919,   1.643555, 0.041895,
46.492452, 1.650806, 1.583130, -0.067676,   1.650000, 1.647583, -0.002417,   1.640332, 0.031421,
46.516823, 1.647583, 1.552515, -0.095068,   1.641943, 1.611328, -0.030615,   1.632275, 0.028198,
46.541165, 1.648389, 1.585547, -0.062842,   1.647583, 1.654028, 0.006445,   1.633887, 0.025781,
46.565382, 1.648389, 1.577490, -0.070898,   1.649194, 1.648389, -0.000806,   1.635498, 0.029810,
46.589826, 1.649194, 1.574268, -0.074927,   1.648389, 1.640332, -0.008057,   1.631470, 0.028198,
46.614175, 1.648389, 1.587964, -0.060425,   1.650000, 1.640332, -0.009668,   1.637109, 0.025781,
46.638607, 1.648389, 1.583935, -0.064453,   1.650000, 1.620190, -0.029810,   1.636304, 0.022559,
46.663059, 1.647583, 1.581519, -0.066064,   1.650000, 1.654834, 0.004834,   1.632275, 0.028198,
46.687299, 1.650000, 1.557349, -0.092651,   1.650806, 1.644360, -0.006445,   1.633081, 0.028198,
46.711710, 1.647583, 1.581519, -0.066064,   1.649194, 1.648389, -0.000806,   1.636304, 0.029810,
46.736064, 1.654834, 1.575879, -0.078955,   1.654834, 1.643555, -0.011279,   1.639526, 0.029810,
46.760468, 1.647583, 1.575879, -0.071704,   1.650806, 1.645972, -0.004834,   1.629053, 0.025781,
46.784941, 1.649194, 1.582324, -0.066870,   1.647583, 1.645972, -0.001611,   1.637915, 0.026587,
46.809316, 1.662085, 1.599243, -0.062842,   1.661279, 1.666113, 0.004834,   1.641138, 0.040283,
46.833499, 1.662085, 1.575879, -0.086206,   1.660474, 1.620996, -0.039477,   1.644360, 0.038672,
46.857826, 1.660474, 1.561377, -0.099097,   1.662085, 1.650000, -0.012085,   1.637109, 0.040283,
46.882408, 1.662891, 1.589575, -0.073315,   1.662085, 1.658057, -0.004028,   1.645166, 0.037866,
46.906714, 1.654834, 1.587158, -0.067676,   1.660474, 1.647583, -0.012891,   1.643555, 0.039478,
46.931057, 1.662085, 1.550098, -0.111987,   1.658862, 1.643555, -0.015308,   1.640332, 0.037866,
46.955382, 1.654834, 1.594409, -0.060425,   1.657251, 1.645972, -0.011279,   1.640332, 0.040283,
46.979934, 1.662085, 1.587158, -0.074927,   1.658862, 1.656445, -0.002417,   1.645166, 0.040283,
47.004271, 1.660474, 1.590381, -0.070093,   1.657251, 1.648389, -0.008862,   1.643555, 0.037866,
47.026506, 1.658862, 1.577490, -0.081372,   1.654834, 1.681421, 0.026587,   1.640332, 0.039478,
47.050615, 1.664502, 1.599243, -0.065259,   1.661279, 1.660474, -0.000806,   1.644360, 0.041895,
47.075053, 1.661279, 1.587964, -0.073316,   1.661279, 1.654834, -0.006445,   1.640332, 0.043506,
47.099498, 1.656445, 1.598437, -0.058008,   1.660474, 1.624219, -0.036255,   1.644360, 0.040283,
47.123930, 1.644360, 1.574268, -0.070093,   1.645166, 1.650806, 0.005640,   1.640332, 0.027393,
47.148050, 1.645166, 1.603271, -0.041895,   1.645166, 1.662085, 0.016919,   1.636304, 0.026587,
47.172275, 1.647583, 1.585547, -0.062036,   1.648389, 1.633081, -0.015308,   1.633887, 0.028198,
47.196720, 1.647583, 1.604883, -0.042700,   1.647583, 1.650806, 0.003223,   1.632275, 0.028198,
47.220928, 1.648389, 1.575879, -0.072510,   1.650806, 1.644360, -0.006445,   1.641138, 0.025781,
47.245252, 1.652417, 1.595215, -0.057202,   1.649194, 1.625024, -0.024170,   1.636304, 0.028198,
47.269651, 1.645166, 1.620190, -0.024976,   1.648389, 1.625024, -0.023364,   1.636304, 0.028198,
47.294054, 1.649194, 1.567822, -0.081372,   1.648389, 1.668530, 0.020142,   1.633081, 0.026587,
47.318213, 1.649194, 1.574268, -0.074927,   1.650000, 1.637109, -0.012891,   1.636304, 0.028198,
47.342510, 1.649194, 1.579102, -0.070093,   1.650000, 1.661279, 0.011279,   1.639526, 0.026587,
47.366722, 1.647583, 1.596020, -0.051563,   1.650806, 1.612939, -0.037866,   1.637109, 0.028198,
47.391280, 1.652417, 1.583935, -0.068481,   1.650000, 1.641138, -0.008862,   1.633887, 0.025781,
47.415735, 1.653223, 1.579102, -0.074121,   1.652417, 1.619385, -0.033032,   1.636304, 0.028198,
47.440063, 1.664502, 1.625830, -0.038672,   1.665308, 1.683032, 0.017725,   1.640332, 0.039478,
47.464279, 1.664502, 1.587158, -0.077344,   1.666919, 1.648389, -0.018530,   1.640332, 0.043506,
47.488725, 1.662085, 1.586352, -0.075732,   1.660474, 1.654834, -0.005640,   1.645972, 0.035449,
47.513102, 1.662085, 1.578296, -0.083789,   1.661279, 1.661279, 0.000000,   1.640332, 0.037866,
47.537180, 1.656445, 1.587964, -0.068481,   1.662085, 1.616968, -0.045117,   1.644360, 0.037866,
47.561599, 1.656445, 1.591992, -0.064453,   1.660474, 1.685449, 0.024976,   1.640332, 0.038672,
47.585827, 1.657251, 1.600049, -0.057202,   1.658862, 1.645166, -0.013696,   1.644360, 0.038672,
47.610243, 1.661279, 1.587158, -0.074121,   1.654834, 1.654028, -0.000806,   1.643555, 0.038672,
47.634604, 1.662085, 1.589575, -0.072510,   1.657251, 1.643555, -0.013696,   1.645972, 0.037866,
47.658936, 1.661279, 1.591187, -0.070093,   1.660474, 1.648389, -0.012085,   1.643555, 0.041895,
47.683386, 1.660474, 1.550098, -0.110376,   1.654834, 1.633887, -0.020947,   1.643555, 0.040283,
47.707715, 1.654834, 1.591992, -0.062842,   1.654834, 1.649194, -0.005640,   1.637915, 0.040283,
47.732064, 1.658057, 1.589575, -0.068481,   1.656445, 1.644360, -0.012085,   1.639526, 0.041895,
47.756384, 1.654028, 1.625024, -0.029004,   1.656445, 1.639526, -0.016919,   1.637915, 0.037866,
47.780948, 1.647583, 1.583130, -0.064453,   1.647583, 1.672559, 0.024976,   1.637915, 0.029810,
47.805139, 1.649194, 1.567017, -0.082178,   1.643555, 1.633887, -0.009668,   1.633887, 0.026587,
47.829507, 1.645166, 1.595215, -0.049951,   1.650000, 1.647583, -0.002417,   1.633887, 0.028198,
47.853820, 1.645166, 1.587964, -0.057202,   1.648389, 1.640332, -0.008057,   1.640332, 0.027393,
47.878497, 1.648389, 1.591992, -0.056396,   1.649194, 1.649194, 0.000000,   1.635498, 0.027393,
47.902603, 1.649194, 1.574268, -0.074927,   1.649194, 1.645972, -0.003223,   1.637915, 0.026587,
47.927068, 1.652417, 1.587158, -0.065259,   1.650000, 1.644360, -0.005640,   1.633081, 0.028198,
47.951385, 1.649194, 1.581519, -0.067676,   1.647583, 1.633081, -0.014502,   1.637109, 0.028198,
47.975823, 1.647583, 1.571851, -0.075732,   1.650000, 1.625024, -0.024976,   1.633887, 0.028198,
48.000181, 1.650000, 1.575073, -0.074927,   1.650806, 1.633887, -0.016919,   1.633081, 0.025781,
48.024604, 1.652417, 1.581519, -0.070898,   1.652417, 1.640332, -0.012085,   1.636304, 0.028198,
48.048946, 1.654028, 1.579907, -0.074121,   1.649194, 1.625024, -0.024170,   1.637109, 0.026587,
48.073406, 1.649194, 1.579102, -0.070093,   1.650000, 1.618579, -0.031421,   1.636304, 0.028198,
48.097831, 1.664502, 1.552515, -0.111987,   1.662085, 1.685449, 0.023364,   1.644360, 0.040283,
48.122063, 1.656445, 1.564600, -0.091846,   1.661279, 1.658862, -0.002417,   1.644360, 0.042700,
48.146382, 1.654834, 1.579907, -0.074927,   1.656445, 1.650000, -0.006445,   1.643555, 0.037866,
48.170817, 1.657251, 1.587158, -0.070093,   1.662085, 1.632275, -0.029810,   1.640332, 0.040283,
48.195275, 1.660474, 1.591992, -0.068481,   1.664502, 1.666919, 0.002417,   1.643555, 0.040283,
48.219284, 1.658862, 1.582324, -0.076538,   1.662085, 1.640332, -0.021753,   1.640332, 0.040283,
48.242617, 1.658862, 1.599243, -0.059619,   1.658057, 1.661279, 0.003223,   1.641138, 0.037866,
48.266827, 1.662085, 1.590381, -0.071704,   1.656445, 1.647583, -0.008862,   1.640332, 0.040283,
48.291288, 1.660474, 1.564600, -0.095874,   1.656445, 1.647583, -0.008862,   1.643555, 0.041895,
48.315635, 1.661279, 1.593603, -0.067676,   1.654834, 1.643555, -0.011279,   1.641138, 0.037866,
48.339933, 1.658862, 1.573462, -0.085400,   1.654834, 1.633081, -0.021753,   1.645166, 0.038672,
48.364388, 1.658862, 1.586352, -0.072510,   1.654834, 1.654834, 0.000000,   1.637109, 0.041895,
48.388746, 1.662085, 1.583130, -0.078955,   1.654834, 1.650000, -0.004834,   1.640332, 0.037866,
48.413071, 1.652417, 1.627441, -0.024976,   1.650000, 1.656445, 0.006445,   1.636304, 0.028198,
48.437162, 1.648389, 1.582324, -0.066064,   1.647583, 1.643555, -0.004028,   1.637915, 0.028198,
48.461721, 1.647583, 1.587158, -0.060425,   1.645972, 1.640332, -0.005640,   1.632275, 0.026587,
48.486168, 1.650000, 1.596020, -0.053980,   1.647583, 1.643555, -0.004028,   1.640332, 0.028198,
48.510576, 1.650806, 1.603271, -0.047534,   1.654028, 1.658862, 0.004834,   1.639526, 0.029810,
48.534723, 1.647583, 1.590381, -0.057202,   1.647583, 1.635498, -0.012085,   1.633081, 0.023364,
48.559070, 1.647583, 1.595215, -0.052368,   1.647583, 1.647583, 0.000000,   1.637109, 0.028198,
48.583286, 1.647583, 1.579102, -0.068481,   1.650000, 1.639526, -0.010474,   1.637109, 0.029810,
48.607614, 1.649194, 1.604883, -0.044312,   1.650806, 1.650806, 0.000000,   1.633887, 0.026587,
48.631728, 1.648389, 1.578296, -0.070093,   1.649194, 1.648389, -0.000806,   1.633887, 0.023364,
48.656076, 1.650000, 1.581519, -0.068481,   1.650806, 1.650000, -0.000806,   1.639526, 0.024976,
48.680603, 1.653223, 1.614551, -0.038672,   1.650806, 1.635498, -0.015308,   1.636304, 0.028198,
48.704966, 1.650000, 1.579102, -0.070898,   1.650000, 1.647583, -0.002417,   1.633887, 0.026587,
48.729394, 1.662085, 1.587964, -0.074121,   1.658057, 1.678198, 0.020142,   1.641138, 0.038672,
48.753497, 1.664502, 1.587964, -0.076538,   1.658862, 1.635498, -0.023364,   1.647583, 0.037866,
48.778063, 1.656445, 1.583130, -0.073315,   1.662085, 1.673364, 0.011279,   1.641943, 0.041895,
48.802288, 1.660474, 1.596826, -0.063647,   1.661279, 1.653223, -0.008057,   1.643555, 0.040283,
48.826725, 1.654834, 1.591187, -0.063647,   1.658862, 1.658862, 0.000000,   1.641943, 0.038672,
48.850829, 1.660474, 1.581519, -0.078955,   1.660474, 1.641943, -0.018530,   1.643555, 0.040283,
48.875293, 1.660474, 1.586352, -0.074121,   1.660474, 1.660474, 0.000000,   1.643555, 0.036255,
48.899400, 1.660474, 1.587964, -0.072510,   1.658057, 1.633081, -0.024976,   1.640332, 0.040283,
48.923820, 1.657251, 1.573462, -0.083789,   1.654834, 1.654834, 0.000000,   1.641138, 0.039478,
48.947941, 1.653223, 1.570239, -0.082983,   1.658057, 1.668530, 0.010474,   1.645166, 0.037866,
48.972175, 1.661279, 1.589575, -0.071704,   1.657251, 1.654028, -0.003223,   1.645972, 0.037866,
48.996598, 1.658057, 1.599243, -0.058813,   1.654834, 1.631470, -0.023364,   1.643555, 0.039478,
49.020523, 1.657251, 1.587964, -0.069287,   1.654834, 1.649194, -0.005640,   1.641138, 0.036255,
49.044741, 1.650000, 1.579907, -0.070093,   1.644360, 1.631470, -0.012891,   1.637109, 0.028198,
49.069082, 1.648389, 1.585547, -0.062842,   1.643555, 1.647583, 0.004028,   1.637109, 0.026587,
49.093282, 1.649194, 1.567017, -0.082178,   1.645166, 1.653223, 0.008057,   1.636304, 0.028198,
49.117395, 1.648389, 1.586352, -0.062036,   1.650000, 1.640332, -0.009668,   1.637109, 0.024976,
49.141722, 1.645166, 1.553320, -0.091846,   1.649194, 1.641943, -0.007251,   1.633887, 0.024976,
49.166176, 1.647583, 1.582324, -0.065259,   1.650000, 1.644360, -0.005640,   1.637109, 0.028198,
49.190607, 1.649194, 1.577490, -0.071704,   1.648389, 1.654834, 0.006445,   1.636304, 0.027393,
49.214803, 1.654028, 1.583935, -0.070093,   1.648389, 1.640332, -0.008057,   1.636304, 0.024976,
49.239177, 1.649194, 1.578296, -0.070899,   1.648389, 1.643555, -0.004834,   1.640332, 0.030615,
49.263622, 1.650806, 1.581519, -0.069287,   1.650000, 1.641943, -0.008057,   1.637109, 0.026587,
49.288076, 1.650000, 1.571045, -0.078955,   1.648389, 1.633081, -0.015308,   1.637915, 0.024976,
49.312511, 1.647583, 1.587158, -0.060425,   1.653223, 1.650000, -0.003223,   1.633081, 0.025781,
49.336832, 1.648389, 1.587158, -0.061230,   1.645166, 1.647583, 0.002417,   1.632275, 0.027393,
49.361070, 1.662891, 1.590381, -0.072510,   1.662085, 1.685449, 0.023364,   1.643555, 0.037866,
49.385401, 1.664502, 1.591992, -0.072510,   1.662085, 1.641943, -0.020142,   1.647583, 0.038672,
49.409765, 1.660474, 1.599243, -0.061230,   1.662891, 1.674170, 0.011279,   1.644360, 0.038672,
49.433838, 1.662891, 1.600049, -0.062842,   1.662085, 1.662085, 0.000000,   1.645166, 0.040283,
49.457949, 1.664502, 1.600049, -0.064453,   1.657251, 1.648389, -0.008862,   1.641138, 0.039478,
49.482513, 1.658862, 1.600049, -0.058813,   1.661279, 1.650000, -0.011279,   1.644360, 0.039478,
49.506839, 1.662085, 1.590381, -0.071704,   1.658862, 1.653223, -0.005640,   1.640332, 0.038672,
49.531181, 1.662085, 1.593603, -0.068481,   1.654834, 1.648389, -0.006445,   1.640332, 0.041895,
49.555507, 1.662085, 1.603271, -0.058813,   1.654834, 1.627441, -0.027393,   1.647583, 0.043506,
49.580080, 1.660474, 1.567822, -0.092651,   1.658862, 1.665308, 0.006445,   1.643555, 0.038672,
49.604179, 1.654028, 1.575073, -0.078955,   1.656445, 1.658862, 0.002417,   1.640332, 0.042700,
49.628390, 1.661279, 1.587964, -0.073316,   1.654834, 1.658862, 0.004028,   1.633887, 0.040283,
49.652508, 1.658057, 1.596020, -0.062036,   1.660474, 1.652417, -0.008057,   1.639526, 0.036255,
49.677074, 1.658057, 1.619385, -0.038672,   1.656445, 1.665308, 0.008862,   1.640332, 0.030615,
49.701187, 1.647583, 1.585547, -0.062036,   1.643555, 1.653223, 0.009668,   1.636304, 0.028198,
49.725394, 1.645166, 1.581519, -0.063648,   1.648389, 1.645166, -0.003223,   1.636304, 0.027393,
49.749728, 1.648389, 1.536401, -0.111987,   1.648389, 1.637915, -0.010474,   1.633887, 0.026587,
49.774172, 1.649194, 1.536401, -0.112793,   1.647583, 1.647583, 0.000000,   1.637109, 0.027393,
49.798289, 1.649194, 1.587158, -0.062036,   1.649194, 1.661279, 0.012085,   1.632275, 0.028198,
49.822509, 1.643555, 1.578296, -0.065259,   1.649194, 1.650000, 0.000806,   1.637915, 0.028198,
49.846605, 1.650000, 1.577490, -0.072510,   1.649194, 1.653223, 0.004028,   1.629858, 0.027393,
49.870832, 1.649194, 1.619385, -0.029810,   1.653223, 1.666919, 0.013696,   1.633887, 0.027393,
49.895065, 1.653223, 1.581519, -0.071704,   1.645972, 1.640332, -0.005640,   1.637109, 0.028198,
49.919389, 1.652417, 1.611328, -0.041089,   1.650806, 1.639526, -0.011279,   1.636304, 0.027393,
49.943616, 1.648389, 1.589575, -0.058813,   1.647583, 1.637109, -0.010474,   1.629858, 0.026587,
49.968391, 1.650000, 1.585547, -0.064453,   1.650806, 1.619385, -0.031421,   1.637109, 0.026587,
49.992744, 1.647583, 1.569434, -0.078149,   1.648389, 1.654028, 0.005640,   1.636304, 0.024976,
50.016832, 1.666113, 1.581519, -0.084595,   1.662085, 1.647583, -0.014502,   1.641943, 0.041895,
50.041172, 1.660474, 1.566211, -0.094263,   1.662085, 1.650000, -0.012085,   1.641138, 0.039478,
50.065618, 1.662891, 1.596020, -0.066870,   1.662085, 1.662891, 0.000806,   1.641138, 0.037866,
50.089850, 1.658862, 1.567017, -0.091846,   1.658057, 1.654834, -0.003223,   1.641943, 0.040283,
50.114190, 1.660474, 1.579102, -0.081372,   1.656445, 1.662891, 0.006445,   1.640332, 0.040283,
50.138292, 1.662085, 1.587964, -0.074121,   1.658862, 1.654834, -0.004028,   1.645166, 0.039478,
50.162735, 1.661279, 1.598437, -0.062842,   1.658862, 1.620996, -0.037866,   1.640332, 0.039478,
50.187182, 1.654834, 1.595215, -0.059619,   1.657251, 1.670142, 0.012891,   1.643555, 0.042700,
50.211336, 1.656445, 1.596020, -0.060425,   1.657251, 1.662085, 0.004834,   1.637915, 0.039478,
50.235401, 1.660474, 1.591187, -0.069287,   1.660474, 1.658862, -0.001611,   1.640332, 0.036255,
50.259729, 1.661279, 1.557349, -0.103931,   1.658057, 1.661279, 0.003223,   1.637915, 0.040283,
50.284074, 1.662085, 1.575879, -0.086206,   1.654834, 1.649194, -0.005640,   1.641138, 0.042700,
50.308440, 1.658057, 1.583935, -0.074121,   1.658862, 1.650806, -0.008057,   1.641138, 0.040283,
50.332729, 1.650806, 1.558960, -0.091846,   1.648389, 1.658057, 0.009668,   1.637109, 0.034644,
50.356858, 1.641943, 1.569434, -0.072510,   1.647583, 1.644360, -0.003223,   1.629053, 0.027393,
50.381510, 1.649194, 1.542041, -0.107153,   1.647583, 1.640332, -0.007251,   1.633081, 0.028198,
50.405833, 1.647583, 1.595215, -0.052368,   1.641943, 1.647583, 0.005640,   1.636304, 0.027393,
50.429947, 1.650000, 1.577490, -0.072510,   1.650000, 1.645972, -0.004028,   1.631470, 0.028198,
50.454291, 1.647583, 1.577490, -0.070093,   1.649194, 1.648389, -0.000806,   1.637915, 0.022559,
50.478831, 1.645166, 1.565405, -0.079761,   1.650000, 1.620190, -0.029810,   1.633081, 0.027393,
50.503188, 1.648389, 1.556543, -0.091846,   1.650000, 1.649194, -0.000806,   1.640332, 0.026587,
50.527608, 1.650806, 1.583130, -0.067676,   1.649194, 1.662085, 0.012891,   1.639526, 0.029810,
50.551759, 1.650000, 1.599243, -0.050757,   1.650806, 1.629858, -0.020947,   1.637109, 0.028198,
50.576271, 1.645166, 1.581519, -0.063648,   1.652417, 1.657251, 0.004834,   1.635498, 0.028198,
50.600400, 1.654028, 1.578296, -0.075732,   1.645166, 1.637109, -0.008057,   1.633081, 0.028198,
50.624825, 1.652417, 1.567017, -0.085400,   1.647583, 1.645972, -0.001611,   1.636304, 0.028198,
50.649184, 1.664502, 1.593603, -0.070898,   1.657251, 1.645166, -0.012085,   1.643555, 0.039478,
50.673619, 1.662085, 1.570239, -0.091846,   1.660474, 1.656445, -0.004028,   1.640332, 0.041895,
50.698187, 1.662085, 1.573462, -0.088623,   1.665308, 1.620996, -0.044312,   1.645166, 0.039478,
50.722626, 1.658862, 1.567017, -0.091846,   1.662085, 1.662891, 0.000806,   1.645166, 0.040283,
50.746737, 1.660474, 1.616968, -0.043506,   1.662891, 1.658862, -0.004028,   1.641943, 0.037866,
50.771174, 1.654834, 1.587158, -0.067676,   1.654834, 1.654028, -0.000806,   1.640332, 0.041895,
50.795617, 1.660474, 1.591187, -0.069287,   1.658057, 1.657251, -0.000806,   1.645166, 0.034644,
50.819946, 1.654834, 1.594409, -0.060425,   1.654834, 1.647583, -0.007251,   1.641138, 0.038672,
50.844178, 1.660474, 1.587964, -0.072510,   1.662085, 1.654834, -0.007251,   1.639526, 0.042700,
50.868510, 1.658862, 1.596020, -0.062842,   1.660474, 1.654834, -0.005640,   1.640332, 0.040283,
50.892844, 1.657251, 1.598437, -0.058814,   1.658862, 1.666113, 0.007251,   1.643555, 0.037866,
50.916959, 1.660474, 1.578296, -0.082178,   1.653223, 1.665308, 0.012085,   1.640332, 0.040283,
50.941080, 1.658862, 1.611328, -0.047534,   1.657251, 1.644360, -0.012891,   1.647583, 0.040283,
50.965513, 1.644360, 1.573462, -0.070898,   1.645166, 1.641138, -0.004028,   1.633887, 0.029810,
50.989955, 1.647583, 1.596020, -0.051563,   1.644360, 1.650806, 0.006445,   1.633081, 0.026587,
51.014174, 1.648389, 1.583935, -0.064453,   1.649194, 1.650000, 0.000806,   1.632275, 0.027393,
51.038298, 1.643555, 1.598437, -0.045117,   1.649194, 1.654834, 0.005640,   1.637915, 0.029810,
51.062511, 1.647583, 1.611328, -0.036255,   1.650000, 1.653223, 0.003223,   1.633887, 0.028198,
51.086736, 1.649194, 1.581519, -0.067676,   1.645972, 1.618579, -0.027393,   1.639526, 0.027393,
51.111121, 1.650000, 1.593603, -0.056396,   1.650806, 1.654834, 0.004028,   1.633887, 0.028198,
51.135178, 1.649194, 1.582324, -0.066870,   1.649194, 1.637109, -0.012085,   1.635498, 0.028198,
51.159506, 1.648389, 1.587158, -0.061230,   1.645972, 1.620190, -0.025781,   1.637915, 0.024976,
51.183960, 1.645972, 1.582324, -0.063648,   1.647583, 1.636304, -0.011279,   1.636304, 0.028198,
51.208348, 1.650806, 1.567822, -0.082983,   1.652417, 1.637915, -0.014502,   1.636304, 0.021753,
51.232622, 1.648389, 1.579907, -0.068481,   1.650806, 1.647583, -0.003223,   1.636304, 0.023364,
51.256963, 1.650806, 1.579907, -0.070898,   1.650000, 1.654028, 0.004028,   1.637109, 0.024976,
51.281306, 1.660474, 1.604077, -0.056396,   1.665308, 1.645166, -0.020142,   1.640332, 0.042700,
51.305612, 1.662891, 1.595215, -0.067676,   1.662085, 1.648389, -0.013696,   1.640332, 0.038672,
51.329956, 1.658862, 1.582324, -0.076538,   1.662085, 1.654834, -0.007251,   1.639526, 0.038672,
51.354291, 1.661279, 1.594409, -0.066870,   1.658862, 1.647583, -0.011279,   1.644360, 0.040283,
51.378943, 1.664502, 1.583935, -0.080566,   1.660474, 1.657251, -0.003223,   1.643555, 0.037866,
51.403319, 1.658057, 1.590381, -0.067676,   1.658862, 1.645972, -0.012891,   1.641943, 0.039478,
51.427731, 1.662085, 1.596826, -0.065259,   1.658057, 1.689478, 0.031421,   1.640332, 0.040283,
51.451850, 1.654028, 1.585547, -0.068481,   1.656445, 1.657251, 0.000806,   1.637915, 0.037866,
51.476172, 1.657251, 1.593603, -0.063648,   1.654834, 1.664502, 0.009668,   1.641138, 0.040283,
51.500299, 1.658862, 1.587964, -0.070898,   1.658862, 1.649194, -0.009668,   1.641943, 0.037866,
51.524620, 1.657251, 1.593603, -0.063648,   1.656445, 1.647583, -0.008862,   1.645972, 0.040283,
51.548967, 1.661279, 1.591187, -0.070093,   1.662085, 1.647583, -0.014502,   1.645972, 0.038672,
51.573401, 1.660474, 1.575879, -0.084595,   1.658057, 1.643555, -0.014502,   1.643555, 0.039478,
51.597855, 1.654834, 1.599243, -0.055591,   1.647583, 1.640332, -0.007251,   1.637915, 0.032227,
51.622296, 1.643555, 1.574268, -0.069287,   1.644360, 1.641943, -0.002417,   1.637109, 0.026587,
51.646620, 1.644360, 1.579102, -0.065259,   1.647583, 1.650000, 0.002417,   1.636304, 0.028198,
51.670927, 1.645166, 1.587964, -0.057202,   1.648389, 1.611328, -0.037060,   1.632275, 0.029810,
51.695402, 1.648389, 1.581519, -0.066870,   1.647583, 1.645166, -0.002417,   1.635498, 0.027393,
51.719736, 1.645972, 1.562988, -0.082983,   1.644360, 1.637109, -0.007251,   1.640332, 0.028198,
51.743961, 1.649194, 1.562183, -0.087012,   1.650000, 1.653223, 0.003223,   1.633887, 0.027393,
51.768080, 1.650000, 1.561377, -0.088623,   1.645972, 1.619385, -0.026587,   1.636304, 0.028198,
51.792413, 1.650000, 1.616162, -0.033838,   1.650806, 1.640332, -0.010474,   1.629858, 0.028198,
51.816758, 1.652417, 1.591992, -0.060425,   1.650000, 1.645166, -0.004834,   1.637915, 0.024976,
51.841081, 1.645972, 1.581519, -0.064453,   1.650806, 1.639526, -0.011279,   1.637109, 0.029810,
51.865532, 1.647583, 1.581519, -0.066064,   1.652417, 1.647583, -0.004834,   1.637915, 0.026587,
51.889957, 1.648389, 1.581519, -0.066870,   1.650000, 1.643555, -0.006445,   1.633081, 0.026587,
51.914331, 1.650000, 1.562988, -0.087012,   1.648389, 1.639526, -0.008862,   1.632275, 0.028198,
51.938616, 1.662085, 1.578296, -0.083789,   1.665308, 1.653223, -0.012085,   1.640332, 0.037866,
51.963081, 1.662085, 1.579102, -0.082983,   1.664502, 1.633887, -0.030615,   1.644360, 0.043506,
51.987518, 1.662085, 1.603271, -0.058813,   1.658862, 1.645166, -0.013696,   1.640332, 0.040283,
52.011938, 1.662085, 1.585547, -0.076538,   1.661279, 1.627441, -0.033838,   1.641138, 0.037866,
52.036297, 1.657251, 1.604883, -0.052368,   1.662085, 1.658057, -0.004028,   1.643555, 0.039478,
52.060753, 1.660474, 1.579102, -0.081372,   1.654834, 1.657251, 0.002417,   1.643555, 0.040283,
52.084961, 1.660474, 1.587964, -0.072510,   1.656445, 1.625830, -0.030615,   1.644360, 0.037866,
52.109333, 1.661279, 1.596020, -0.065259,   1.654834, 1.662891, 0.008057,   1.640332, 0.039478,
52.133406, 1.657251, 1.575879, -0.081372,   1.658862, 1.641943, -0.016919,   1.645166, 0.041895,
52.157733, 1.662085, 1.594409, -0.067676,   1.654834, 1.650000, -0.004834,   1.644360, 0.037866,
52.182312, 1.662085, 1.607300, -0.054785,   1.657251, 1.647583, -0.009668,   1.643555, 0.040283,
52.206668, 1.653223, 1.596826, -0.056396,   1.658057, 1.645166, -0.012891,   1.643555, 0.040283,
52.231082, 1.654834, 1.593603, -0.061230,   1.656445, 1.632275, -0.024170,   1.637915, 0.038672,
52.255430, 1.645166, 1.546875, -0.098291,   1.647583, 1.656445, 0.008862,   1.636304, 0.028198,
52.279737, 1.647583, 1.581519, -0.066064,   1.645972, 1.664502, 0.018530,   1.637109, 0.027393,
52.303836, 1.648389, 1.581519, -0.066870,   1.647583, 1.647583, 0.000000,   1.636304, 0.024976,
52.327959, 1.645166, 1.579907, -0.065259,   1.644360, 1.658862, 0.014502,   1.636304, 0.027393,
52.352089, 1.647583, 1.575879, -0.071704,   1.647583, 1.662085, 0.014502,   1.633081, 0.028198,
52.376488, 1.645972, 1.575879, -0.070093,   1.645972, 1.656445, 0.010474,   1.633887, 0.028198,
52.400742, 1.650000, 1.571851, -0.078149,   1.648389, 1.640332, -0.008057,   1.637109, 0.025781,
52.425186, 1.648389, 1.591187, -0.057202,   1.645972, 1.645166, -0.000806,   1.637109, 0.029810,
52.449523, 1.649194, 1.595215, -0.053980,   1.647583, 1.645166, -0.002417,   1.633887, 0.028198,
52.473957, 1.650000, 1.591187, -0.058813,   1.647583, 1.657251, 0.009668,   1.633081, 0.026587,
52.498190, 1.647583, 1.552515, -0.095068,   1.647583, 1.625024, -0.022559,   1.633887, 0.025781,
52.522626, 1.650000, 1.577490, -0.072510,   1.649194, 1.650000, 0.000806,   1.637109, 0.024976,
52.546745, 1.650000, 1.627441, -0.022559,   1.649194, 1.640332, -0.008862,   1.633081, 0.025781,
52.571178, 1.664502, 1.565405, -0.099097,   1.664502, 1.665308, 0.000806,   1.645972, 0.040283,
52.595403, 1.660474, 1.596020, -0.064453,   1.660474, 1.650000, -0.010474,   1.641943, 0.034644,
52.619732, 1.662085, 1.591992, -0.070093,   1.660474, 1.662891, 0.002417,   1.640332, 0.038672,
52.643748, 1.661279, 1.589575, -0.071704,   1.662085, 1.664502, 0.002417,   1.641138, 0.037866,
52.667842, 1.660474, 1.571851, -0.088623,   1.660474, 1.624219, -0.036255,   1.639526, 0.037866,
52.692313, 1.661279, 1.595215, -0.066064,   1.656445, 1.687866, 0.031421,   1.637915, 0.040283,
52.716520, 1.658862, 1.581519, -0.077344,   1.660474, 1.645972, -0.014502,   1.641138, 0.043506,
52.740864, 1.654834, 1.583130, -0.071704,   1.657251, 1.656445, -0.000806,   1.640332, 0.040283,
52.765300, 1.662891, 1.608105, -0.054785,   1.661279, 1.648389, -0.012891,   1.639526, 0.040283,
52.789743, 1.658862, 1.562183, -0.096680,   1.660474, 1.649194, -0.011279,   1.643555, 0.041895,
52.814118, 1.657251, 1.598437, -0.058814,   1.658862, 1.664502, 0.005640,   1.641943, 0.040283,
52.838201, 1.657251, 1.567017, -0.090234,   1.654834, 1.627441, -0.027393,   1.643555, 0.037866,
52.862619, 1.657251, 1.599243, -0.058008,   1.657251, 1.631470, -0.025781,   1.645972, 0.041895,
52.887090, 1.653223, 1.542847, -0.110376,   1.645166, 1.637109, -0.008057,   1.641138, 0.032227,
52.911515, 1.645166, 1.594409, -0.050757,   1.645972, 1.625830, -0.020142,   1.632275, 0.028198,
52.935850, 1.645972, 1.558960, -0.087012,   1.644360, 1.640332, -0.004028,   1.636304, 0.024976,
52.960301, 1.650000, 1.620190, -0.029810,   1.645166, 1.640332, -0.004834,   1.637109, 0.028198,
52.984741, 1.648389, 1.594409, -0.053980,   1.648389, 1.647583, -0.000806,   1.635498, 0.028198,
53.009130, 1.649194, 1.590381, -0.058814,   1.650000, 1.662085, 0.012085,   1.635498, 0.028198,
53.033191, 1.649194, 1.603271, -0.045923,   1.650806, 1.633081, -0.017725,   1.637915, 0.028198,
53.057527, 1.649194, 1.574268, -0.074927,   1.648389, 1.641138, -0.007251,   1.631470, 0.025781,
53.082084, 1.648389, 1.571851, -0.076538,   1.650000, 1.621802, -0.028198,   1.637109, 0.027393,
53.106447, 1.650806, 1.566211, -0.084595,   1.648389, 1.649194, 0.000806,   1.633081, 0.028198,
53.130520, 1.654028, 1.562988, -0.091040,   1.650806, 1.654028, 0.003223,   1.637915, 0.028198,
53.154630, 1.647583, 1.583130, -0.064453,   1.647583, 1.679004, 0.031421,   1.637109, 0.028198,
53.178960, 1.648389, 1.591187, -0.057202,   1.650806, 1.650000, -0.000806,   1.633081, 0.028198,
53.203305, 1.662085, 1.581519, -0.080566,   1.664502, 1.623413, -0.041089,   1.645166, 0.040283,
53.227744, 1.665308, 1.598437, -0.066870,   1.664502, 1.657251, -0.007251,   1.645972, 0.042700,
53.252079, 1.660474, 1.593603, -0.066870,   1.661279, 1.654834, -0.006445,   1.640332, 0.038672,
53.276730, 1.661279, 1.591992, -0.069287,   1.658057, 1.648389, -0.009668,   1.648389, 0.040283,
53.301088, 1.658057, 1.594409, -0.063648,   1.661279, 1.654834, -0.006445,   1.647583, 0.043506,
53.325517, 1.662085, 1.583130, -0.078955,   1.654028, 1.658057, 0.004028,   1.641943, 0.037866,
53.349627, 1.654028, 1.587158, -0.066870,   1.657251, 1.665308, 0.008057,   1.643555, 0.039478,
53.373849, 1.657251, 1.600855, -0.056396,   1.653223, 1.643555, -0.009668,   1.644360, 0.036255,
53.398411, 1.662085, 1.623413, -0.038672,   1.656445, 1.647583, -0.008862,   1.643555, 0.037866,
53.422846, 1.660474, 1.583935, -0.076538,   1.654834, 1.650806, -0.004028,   1.637915, 0.041895,
53.447189, 1.658057, 1.587964, -0.070093,   1.654834, 1.643555, -0.011279,   1.645166, 0.037866,
53.471639, 1.658862, 1.598437, -0.060425,   1.654834, 1.633081, -0.021753,   1.643555, 0.039478,
53.496089, 1.654834, 1.587964, -0.066870,   1.658862, 1.657251, -0.001611,   1.637915, 0.038672,
53.520446, 1.647583, 1.603271, -0.044312,   1.645972, 1.639526, -0.006445,   1.632275, 0.027393,
53.544630, 1.645166, 1.575879, -0.069287,   1.640332, 1.664502, 0.024170,   1.637109, 0.028198,
53.568867, 1.647583, 1.581519, -0.066064,   1.648389, 1.633081, -0.015308,   1.635498, 0.027393,
53.593203, 1.650000, 1.585547, -0.064453,   1.647583, 1.658057, 0.010474,   1.633081, 0.026587,
53.617308, 1.654028, 1.581519, -0.072510,   1.650000, 1.637109, -0.012891,   1.633887, 0.028198,
53.641646, 1.650000, 1.578296, -0.071704,   1.647583, 1.654028, 0.006445,   1.632275, 0.029810,
53.665862, 1.650000, 1.581519, -0.068481,   1.649194, 1.640332, -0.008862,   1.637915, 0.026587,
53.690309, 1.650000, 1.595215, -0.054785,   1.650806, 1.640332, -0.010474,   1.636304, 0.025781,
53.714739, 1.650000, 1.567017, -0.082983,   1.652417, 1.635498, -0.016919,   1.632275, 0.028198,
53.739097, 1.649194, 1.579907, -0.069287,   1.649194, 1.645972, -0.003223,   1.633887, 0.026587,
53.763578, 1.650806, 1.575073, -0.075732,   1.650000, 1.637915, -0.012085,   1.637109, 0.027393,
53.788087, 1.650000, 1.578296, -0.071704,   1.650000, 1.656445, 0.006445,   1.636304, 0.028198,
53.812270, 1.650000, 1.578296, -0.071704,   1.650806, 1.661279, 0.010474,   1.633887, 0.026587,
53.836316, 1.649194, 1.582324, -0.066870,   1.650806, 1.640332, -0.010474,   1.641138, 0.040283,
53.860744, 1.664502, 1.550903, -0.113599,   1.658862, 1.666919, 0.008057,   1.641943, 0.039478,
53.884971, 1.665308, 1.600049, -0.065259,   1.662891, 1.654834, -0.008057,   1.644360, 0.037866,
53.909339, 1.664502, 1.595215, -0.069287,   1.657251, 1.660474, 0.003223,   1.643555, 0.037866,
53.933414, 1.661279, 1.598437, -0.062842,   1.658862, 1.657251, -0.001611,   1.640332, 0.036255,
53.957745, 1.657251, 1.587964, -0.069287,   1.654834, 1.670142, 0.015308,   1.647583, 0.036255,
53.982091, 1.660474, 1.594409, -0.066064,   1.660474, 1.666113, 0.005640,   1.644360, 0.037866,
54.006192, 1.656445, 1.587964, -0.068481,   1.658862, 1.661279, 0.002417,   1.640332, 0.038672,
54.030307, 1.658862, 1.571045, -0.087817,   1.658057, 1.648389, -0.009668,   1.645166, 0.044312,
54.054626, 1.654834, 1.581519, -0.073315,   1.654834, 1.649194, -0.005640,   1.641943, 0.038672,
54.079197, 1.660474, 1.567017, -0.093457,   1.658862, 1.649194, -0.009668,   1.637915, 0.037866,
54.103533, 1.654834, 1.589575, -0.065259,   1.658862, 1.648389, -0.010474,   1.648389, 0.037866,
54.127962, 1.658057, 1.591992, -0.066064,   1.657251, 1.666113, 0.008862,   1.637915, 0.042700,
54.152089, 1.654834, 1.574268, -0.080566,   1.658057, 1.649194, -0.008862,   1.641943, 0.040283,
54.176634, 1.647583, 1.596020, -0.051563,   1.641943, 1.612134, -0.029810,   1.636304, 0.024976,
54.200975, 1.645972, 1.618579, -0.027393,   1.645166, 1.653223, 0.008057,   1.635498, 0.027393,
54.225200, 1.641943, 1.581519, -0.060425,   1.644360, 1.657251, 0.012891,   1.633081, 0.023364,
54.249309, 1.643555, 1.594409, -0.049146,   1.647583, 1.618579, -0.029004,   1.632275, 0.026587,
54.273743, 1.643555, 1.577490, -0.066064,   1.647583, 1.637915, -0.009668,   1.640332, 0.028198,
54.298200, 1.650806, 1.567822, -0.082983,   1.649194, 1.625830, -0.023364,   1.637109, 0.026587,
54.322635, 1.649194, 1.587964, -0.061231,   1.647583, 1.616968, -0.030615,   1.631470, 0.028198,
54.346972, 1.657251, 1.593603, -0.063648,   1.653223, 1.625024, -0.028198,   1.633081, 0.030615,
54.371410, 1.650806, 1.554126, -0.096680,   1.649194, 1.635498, -0.013696,   1.639526, 0.025781,
54.395957, 1.648389, 1.566211, -0.082178,   1.653223, 1.647583, -0.005640,   1.637109, 0.025781,
54.420400, 1.644360, 1.596826, -0.047534,   1.648389, 1.648389, 0.000000,   1.637109, 0.028198,
54.444416, 1.650806, 1.596020, -0.054785,   1.650806, 1.645972, -0.004834,   1.637109, 0.026587,
54.468755, 1.647583, 1.586352, -0.061231,   1.647583, 1.645166, -0.002417,   1.636304, 0.028198,
54.493097, 1.662085, 1.564600, -0.097485,   1.662891, 1.660474, -0.002417,   1.639526, 0.039478,
54.517312, 1.664502, 1.557349, -0.107153,   1.662891, 1.645166, -0.017725,   1.639526, 0.038672,
54.541633, 1.654834, 1.608105, -0.046728,   1.662891, 1.660474, -0.002417,   1.637109, 0.041895,
54.566100, 1.654834, 1.582324, -0.072510,   1.662085, 1.643555, -0.018530,   1.639526, 0.041895,
54.590534, 1.658057, 1.587964, -0.070093,   1.656445, 1.664502, 0.008057,   1.640332, 0.037866,
54.614765, 1.654834, 1.585547, -0.069287,   1.658862, 1.647583, -0.011279,   1.639526, 0.037866,
54.639098, 1.656445, 1.586352, -0.070093,   1.658057, 1.648389, -0.009668,   1.640332, 0.037866,
54.663523, 1.658862, 1.583935, -0.074927,   1.657251, 1.643555, -0.013696,   1.640332, 0.039478,
54.688105, 1.657251, 1.587964, -0.069287,   1.657251, 1.640332, -0.016919,   1.644360, 0.038672,
54.712519, 1.654834, 1.593603, -0.061230,   1.657251, 1.637109, -0.020142,   1.645166, 0.039478,
54.736863, 1.661279, 1.594409, -0.066870,   1.654834, 1.621802, -0.033032,   1.643555, 0.042700,
54.761313, 1.658862, 1.599243, -0.059619,   1.661279, 1.627441, -0.033838,   1.641138, 0.038672,
54.785748, 1.657251, 1.582324, -0.074927,   1.650806, 1.640332, -0.010474,   1.643555, 0.037866,
54.810173, 1.641943, 1.578296, -0.063648,   1.647583, 1.649194, 0.001611,   1.641943, 0.024976,
54.834323, 1.645166, 1.581519, -0.063648,   1.645972, 1.643555, -0.002417,   1.633081, 0.028198,
54.858640, 1.647583, 1.583935, -0.063648,   1.647583, 1.637915, -0.009668,   1.635498, 0.028198,
54.883210, 1.649194, 1.550903, -0.098291,   1.644360, 1.637915, -0.006445,   1.637915, 0.028198,
54.907535, 1.650000, 1.600855, -0.049145,   1.647583, 1.645166, -0.002417,   1.637109, 0.028198,
54.931866, 1.650806, 1.591187, -0.059619,   1.650000, 1.647583, -0.002417,   1.633887, 0.027393,
54.956196, 1.650000, 1.578296, -0.071704,   1.641943, 1.662085, 0.020142,   1.637109, 0.028198,
54.980527, 1.645972, 1.550098, -0.095874,   1.647583, 1.639526, -0.008057,   1.635498, 0.024976,
55.004844, 1.650806, 1.582324, -0.068481,   1.652417, 1.645972, -0.006445,   1.637915, 0.029810,
55.029202, 1.649194, 1.587964, -0.061231,   1.645972, 1.648389, 0.002417,   1.633887, 0.026587,
55.050713, 1.650806, 1.583935, -0.066870,   1.649194, 1.670142, 0.020947,   1.635498, 0.022559,
55.075251, 1.654028, 1.595215, -0.058813,   1.650806, 1.678198, 0.027393,   1.639526, 0.029810,
55.099421, 1.650000, 1.603271, -0.046728,   1.647583, 1.637109, -0.010474,   1.637109, 0.028198,
55.123859, 1.666919, 1.585547, -0.081372,   1.660474, 1.653223, -0.007251,   1.641138, 0.040283,
55.148307, 1.661279, 1.587964, -0.073316,   1.662085, 1.654834, -0.007251,   1.641138, 0.037866,
55.172748, 1.665308, 1.599243, -0.066064,   1.662085, 1.650000, -0.012085,   1.645972, 0.037866,
55.197199, 1.658862, 1.590381, -0.068481,   1.662085, 1.644360, -0.017725,   1.637915, 0.037866,
55.221637, 1.658862, 1.587964, -0.070898,   1.662891, 1.658057, -0.004834,   1.640332, 0.040283,
55.245954, 1.656445, 1.600855, -0.055591,   1.661279, 1.636304, -0.024976,   1.640332, 0.041895,
55.270443, 1.662085, 1.600049, -0.062036,   1.654834, 1.633887, -0.020947,   1.639526, 0.038672,
55.294754, 1.660474, 1.581519, -0.078955,   1.661279, 1.645166, -0.016113,   1.639526, 0.041895,
55.319064, 1.658862, 1.593603, -0.065259,   1.658862, 1.654028, -0.004834,   1.640332, 0.040283,
55.343318, 1.660474, 1.615356, -0.045117,   1.658057, 1.657251, -0.000806,   1.643555, 0.040283,
55.367746, 1.658057, 1.581519, -0.076538,   1.658862, 1.625830, -0.033032,   1.640332, 0.037866,
55.392332, 1.658057, 1.553320, -0.104736,   1.661279, 1.672559, 0.011279,   1.641138, 0.040283,
55.416538, 1.658862, 1.575073, -0.083789,   1.658862, 1.625024, -0.033838,   1.645166, 0.040283,
55.440854, 1.647583, 1.581519, -0.066064,   1.647583, 1.658057, 0.010474,   1.633081, 0.028198,
55.465204, 1.647583, 1.618579, -0.029004,   1.644360, 1.621802, -0.022559,   1.633081, 0.028198,
55.489650, 1.643555, 1.577490, -0.066064,   1.647583, 1.644360, -0.003223,   1.636304, 0.028198,
55.514091, 1.649194, 1.587964, -0.061231,   1.650806, 1.640332, -0.010474,   1.631470, 0.023364,
55.538422, 1.647583, 1.585547, -0.062036,   1.648389, 1.643555, -0.004834,   1.636304, 0.028198,
55.562855, 1.648389, 1.578296, -0.070093,   1.647583, 1.674976, 0.027393,   1.635498, 0.028198,
55.587104, 1.650806, 1.587964, -0.062842,   1.647583, 1.624219, -0.023364,   1.633887, 0.028198,
55.611501, 1.648389, 1.578296, -0.070093,   1.650000, 1.639526, -0.010474,   1.637109, 0.028198,
55.635853, 1.650806, 1.571045, -0.079761,   1.650806, 1.635498, -0.015308,   1.633081, 0.025781,
55.660315, 1.650806, 1.600855, -0.049951,   1.650806, 1.674976, 0.024170,   1.635498, 0.028198,
55.684535, 1.653223, 1.603271, -0.049951,   1.649194, 1.641943, -0.007251,   1.629858, 0.026587,
55.708919, 1.652417, 1.565405, -0.087012,   1.650806, 1.654834, 0.004028,   1.633081, 0.028198,
55.732973, 1.648389, 1.575073, -0.073315,   1.654028, 1.624219, -0.029810,   1.637109, 0.024976,
55.757321, 1.657251, 1.590381, -0.066870,   1.664502, 1.660474, -0.004028,   1.641138, 0.041895,
55.781866, 1.664502, 1.561377, -0.103125,   1.662085, 1.654834, -0.007251,   1.644360, 0.039478,
55.806200, 1.664502, 1.579102, -0.085400,   1.660474, 1.636304, -0.024170,   1.640332, 0.039478,
55.830636, 1.662085, 1.587964, -0.074121,   1.656445, 1.662891, 0.006445,   1.640332, 0.041895,
55.854763, 1.660474, 1.562183, -0.098291,   1.662085, 1.645166, -0.016919,   1.639526, 0.036255,
55.879321, 1.654834, 1.583130, -0.071704,   1.658862, 1.654834, -0.004028,   1.641943, 0.039478,
55.903643, 1.661279, 1.577490, -0.083789,   1.658057, 1.657251, -0.000806,   1.641943, 0.043506,
55.927991, 1.656445, 1.593603, -0.062842,   1.658057, 1.650000, -0.008057,   1.639526, 0.040283,
55.952322, 1.656445, 1.579907, -0.076538,   1.660474, 1.645972, -0.014502,   1.640332, 0.043506,
55.976852, 1.662085, 1.593603, -0.068481,   1.660474, 1.654028, -0.006445,   1.640332, 0.041895,
56.001212, 1.653223, 1.586352, -0.066870,   1.660474, 1.644360, -0.016113,   1.641138, 0.038672,
56.025647, 1.658862, 1.564600, -0.094263,   1.652417, 1.664502, 0.012085,   1.645166, 0.040283,
56.049752, 1.654834, 1.587964, -0.066870,   1.660474, 1.645166, -0.015308,   1.640332, 0.038672,
56.074205, 1.654834, 1.589575, -0.065259,   1.658862, 1.668530, 0.009668,   1.641943, 0.040283,
56.098420, 1.645166, 1.571045, -0.074121,   1.645972, 1.662891, 0.016919,   1.637109, 0.024976,
56.122657, 1.648389, 1.587964, -0.060425,   1.645972, 1.650000, 0.004028,   1.637109, 0.025781,
56.146759, 1.641943, 1.591187, -0.050757,   1.650000, 1.640332, -0.009668,   1.633887, 0.022559,
56.171196, 1.649194, 1.587964, -0.061231,   1.647583, 1.650806, 0.003223,   1.635498, 0.028198,
56.195423, 1.650000, 1.611328, -0.038672,   1.647583, 1.648389, 0.000806,   1.635498, 0.024976,
56.219542, 1.654834, 1.590381, -0.064453,   1.654028, 1.654834, 0.000806,   1.640332, 0.025781,
56.243537, 1.650000, 1.603271, -0.046728,   1.650000, 1.641138, -0.008862,   1.633887, 0.028198,
56.267858, 1.650806, 1.583935, -0.066870,   1.645972, 1.645972, 0.000000,   1.640332, 0.024976,
56.291997, 1.648389, 1.550098, -0.098291,   1.648389, 1.649194, 0.000806,   1.632275, 0.028198,
56.316118, 1.650000, 1.552515, -0.097485,   1.650000, 1.635498, -0.014502,   1.633887, 0.028198,
56.340422, 1.650000, 1.586352, -0.063648,   1.650000, 1.650806, 0.000806,   1.633081, 0.028198,
56.364647, 1.652417, 1.569434, -0.082983,   1.649194, 1.629053, -0.020142,   1.633081, 0.029810,
56.389200, 1.650000, 1.570239, -0.079761,   1.645972, 1.625830, -0.020142,   1.633887, 0.026587,
56.413641, 1.662085, 1.587158, -0.074927,   1.662085, 1.653223, -0.008862,   1.644360, 0.037866,
56.437975, 1.662085, 1.567017, -0.095068,   1.661279, 1.645166, -0.016113,   1.641943, 0.037866,
56.462543, 1.662085, 1.587158, -0.074927,   1.660474, 1.643555, -0.016919,   1.641138, 0.035449,
56.486975, 1.658862, 1.587964, -0.070898,   1.662085, 1.650806, -0.011279,   1.644360, 0.037866,
56.511359, 1.658057, 1.583130, -0.074927,   1.658862, 1.653223, -0.005640,   1.641943, 0.037866,
56.535644, 1.662085, 1.587158, -0.074927,   1.658057, 1.650000, -0.008057,   1.641943, 0.040283,
56.560069, 1.662085, 1.586352, -0.075732,   1.658862, 1.662891, 0.004028,   1.637915, 0.040283,
56.584324, 1.658057, 1.562988, -0.095068,   1.660474, 1.656445, -0.004028,   1.644360, 0.037866,
56.608696, 1.658057, 1.631470, -0.026587,   1.657251, 1.647583, -0.009668,   1.641138, 0.038672,
56.632986, 1.654834, 1.591187, -0.063647,   1.656445, 1.654028, -0.002417,   1.640332, 0.041895,
56.657320, 1.654028, 1.583130, -0.070898,   1.657251, 1.635498, -0.021753,   1.640332, 0.037866,
56.681873, 1.656445, 1.587964, -0.068481,   1.657251, 1.644360, -0.012891,   1.639526, 0.041895,
56.706224, 1.661279, 1.596020, -0.065259,   1.654834, 1.641138, -0.013696,   1.645166, 0.037866,
56.730643, 1.645972, 1.571045, -0.074927,   1.647583, 1.631470, -0.016113,   1.639526, 0.026587,
56.755000, 1.643555, 1.581519, -0.062036,   1.648389, 1.641943, -0.006445,   1.636304, 0.028198,
56.779546, 1.649194, 1.574268, -0.074927,   1.647583, 1.641138, -0.006445,   1.637109, 0.028198,
56.803865, 1.647583, 1.616968, -0.030615,   1.650000, 1.657251, 0.007251,   1.639526, 0.027393,
56.827977, 1.645166, 1.579907, -0.065259,   1.648389, 1.654028, 0.005640,   1.640332, 0.027393,
56.852103, 1.649194, 1.583935, -0.065259,   1.647583, 1.611328, -0.036255,   1.633081, 0.025781,
56.876656, 1.647583, 1.582324, -0.065259,   1.649194, 1.640332, -0.008862,   1.635498, 0.027393,
56.900976, 1.650000, 1.581519, -0.068481,   1.650000, 1.640332, -0.009668,   1.637915, 0.025781,
56.925430, 1.648389, 1.562183, -0.086206,   1.650000, 1.653223, 0.003223,   1.633081, 0.028198,
56.949547, 1.652417, 1.554126, -0.098291,   1.648389, 1.660474, 0.012085,   1.637109, 0.027393,
56.973784, 1.652417, 1.574268, -0.078149,   1.649194, 1.650000, 0.000806,   1.633081, 0.026587,
56.997973, 1.650000, 1.596020, -0.053980,   1.650806, 1.624219, -0.026587,   1.636304, 0.028198,
57.022433, 1.647583, 1.570239, -0.077344,   1.648389, 1.637109, -0.011279,   1.636304, 0.027393,
57.046761, 1.662085, 1.581519, -0.080566,   1.662085, 1.654834, -0.007251,   1.640332, 0.038672,
57.059553, 1.662085, 1.582324, -0.079761,   1.660474, 1.665308, 0.004834,   1.643555, 0.037866,
57.083762, 1.658862, 1.590381, -0.068481,   1.662085, 1.650806, -0.011279,   1.643555, 0.039478,
57.108155, 1.662891, 1.581519, -0.081372,   1.656445, 1.665308, 0.008862,   1.640332, 0.038672,
57.132201, 1.662085, 1.560571, -0.101514,   1.656445, 1.654834, -0.001611,   1.640332, 0.036255,
57.156543, 1.661279, 1.591187, -0.070093,   1.660474, 1.662085, 0.001611,   1.645972, 0.042700,
57.180865, 1.654028, 1.577490, -0.076538,   1.657251, 1.662085, 0.004834,   1.644360, 0.037866,
57.204992, 1.658862, 1.604883, -0.053979,   1.658057, 1.639526, -0.018530,   1.644360, 0.040283,
57.229421, 1.656445, 1.571851, -0.084595,   1.657251, 1.668530, 0.011279,   1.643555, 0.041895,
57.253555, 1.661279, 1.585547, -0.075732,   1.657251, 1.657251, 0.000000,   1.640332, 0.037866,
57.277841, 1.656445, 1.577490, -0.078955,   1.658057, 1.654834, -0.003223,   1.641943, 0.040283,
57.302236, 1.654834, 1.582324, -0.072510,   1.658057, 1.657251, -0.000806,   1.645166, 0.041895,
57.326644, 1.652417, 1.600049, -0.052368,   1.654028, 1.669336, 0.015308,   1.644360, 0.036255,
57.350759, 1.658862, 1.591187, -0.067676,   1.652417, 1.650806, -0.001611,   1.641943, 0.037866,
57.375214, 1.643555, 1.589575, -0.053980,   1.641138, 1.636304, -0.004834,   1.636304, 0.023364,
57.399651, 1.645166, 1.579102, -0.066064,   1.647583, 1.647583, 0.000000,   1.637915, 0.028198,
57.423865, 1.650000, 1.583935, -0.066064,   1.648389, 1.649194, 0.000806,   1.629858, 0.026587,
57.447994, 1.649194, 1.578296, -0.070899,   1.647583, 1.640332, -0.007251,   1.636304, 0.025781,
57.472426, 1.647583, 1.594409, -0.053174,   1.645972, 1.641943, -0.004028,   1.631470, 0.024976,
57.496853, 1.647583, 1.583130, -0.064453,   1.650000, 1.627441, -0.022559,   1.632275, 0.021753,
57.521329, 1.650806, 1.571851, -0.078955,   1.649194, 1.647583, -0.001611,   1.633887, 0.023364,
57.545643, 1.650806, 1.579907, -0.070898,   1.649194, 1.652417, 0.003223,   1.633081, 0.027393,
57.569760, 1.647583, 1.545264, -0.102319,   1.652417, 1.661279, 0.008862,   1.640332, 0.032227,
57.593868, 1.650000, 1.573462, -0.076538,   1.647583, 1.639526, -0.008057,   1.632275, 0.028198,
57.618229, 1.647583, 1.593603, -0.053980,   1.654028, 1.647583, -0.006445,   1.637109, 0.028198,
57.642443, 1.647583, 1.598437, -0.049146,   1.650000, 1.645972, -0.004028,   1.633081, 0.024976,
57.666866, 1.648389, 1.544458, -0.103931,   1.645972, 1.640332, -0.005640,   1.637109, 0.028198,
57.691329, 1.665308, 1.623413, -0.041895,   1.665308, 1.660474, -0.004834,   1.637109, 0.038672,
57.715757, 1.662085, 1.581519, -0.080566,   1.658862, 1.658862, 0.000000,   1.641943, 0.038672,
57.739862, 1.660474, 1.583130, -0.077344,   1.657251, 1.657251, 0.000000,   1.645166, 0.039478,
57.763990, 1.662891, 1.587964, -0.074927,   1.660474, 1.647583, -0.012891,   1.645972, 0.041895,
57.788431, 1.658862, 1.586352, -0.072510,   1.658862, 1.654834, -0.004028,   1.641943, 0.041895,
57.812843, 1.662085, 1.574268, -0.087817,   1.654834, 1.647583, -0.007251,   1.645166, 0.041895,
57.837222, 1.658862, 1.600049, -0.058813,   1.661279, 1.652417, -0.008862,   1.647583, 0.040283,
57.861644, 1.660474, 1.575073, -0.085400,   1.656445, 1.641943, -0.014502,   1.644360, 0.037866,
57.886106, 1.661279, 1.595215, -0.066064,   1.654028, 1.650000, -0.004028,   1.637915, 0.037866,
57.910482, 1.660474, 1.585547, -0.074927,   1.657251, 1.670142, 0.012891,   1.641138, 0.039478,
57.934548, 1.656445, 1.583935, -0.072510,   1.658862, 1.654834, -0.004028,   1.641943, 0.038672,
57.958901, 1.657251, 1.583130, -0.074121,   1.658862, 1.665308, 0.006445,   1.645166, 0.037866,
57.983226, 1.657251, 1.570239, -0.087012,   1.658057, 1.644360, -0.013696,   1.644360, 0.036255,
58.007548, 1.654834, 1.600049, -0.054785,   1.658862, 1.662085, 0.003223,   1.641943, 0.037866,
58.031659, 1.641138, 1.582324, -0.058814,   1.644360, 1.628247, -0.016113,   1.637109, 0.025781,
58.055996, 1.648389, 1.589575, -0.058813,   1.649194, 1.649194, 0.000000,   1.631470, 0.026587,
58.080329, 1.648389, 1.575879, -0.072510,   1.649194, 1.641138, -0.008057,   1.632275, 0.028198,
58.104650, 1.650000, 1.574268, -0.075732,   1.650000, 1.644360, -0.005640,   1.633081, 0.027393,
58.129109, 1.649194, 1.586352, -0.062842,   1.649194, 1.657251, 0.008057,   1.640332, 0.025781,
58.153278, 1.650000, 1.546069, -0.103931,   1.649194, 1.633081, -0.016113,   1.635498, 0.028198,
58.177857, 1.649194, 1.574268, -0.074927,   1.649194, 1.637109, -0.012085,   1.636304, 0.026587,
58.202219, 1.647583, 1.578296, -0.069287,   1.650000, 1.633081, -0.016919,   1.640332, 0.024976,
58.226672, 1.650806, 1.575073, -0.075732,   1.652417, 1.641138, -0.011279,   1.640332, 0.028198,
58.251006, 1.647583, 1.554126, -0.093457,   1.650806, 1.647583, -0.003223,   1.633081, 0.023364,
58.275432, 1.649194, 1.593603, -0.055591,   1.650806, 1.644360, -0.006445,   1.635498, 0.029810,
58.299875, 1.658057, 1.556543, -0.101514,   1.650000, 1.648389, -0.001611,   1.632275, 0.024976,
58.324310, 1.664502, 1.596020, -0.068481,   1.658862, 1.654028, -0.004834,   1.641943, 0.037866,
58.348667, 1.662085, 1.579907, -0.082178,   1.662085, 1.654834, -0.007251,   1.644360, 0.039478,
58.373106, 1.661279, 1.578296, -0.082983,   1.662085, 1.625024, -0.037060,   1.637915, 0.041895,
58.397658, 1.658862, 1.578296, -0.080566,   1.658862, 1.637109, -0.021753,   1.645972, 0.039478,
58.422109, 1.654834, 1.579907, -0.074927,   1.654834, 1.654834, 0.000000,   1.645972, 0.042700,
58.446207, 1.661279, 1.603271, -0.058008,   1.661279, 1.620996, -0.040283,   1.645166, 0.037866,
58.470650, 1.654028, 1.587964, -0.066064,   1.660474, 1.654834, -0.005640,   1.641943, 0.040283,
58.495196, 1.658862, 1.575073, -0.083789,   1.654834, 1.670142, 0.015308,   1.645166, 0.040283,
58.519345, 1.660474, 1.579102, -0.081372,   1.654028, 1.650000, -0.004028,   1.637109, 0.039478,
58.543669, 1.660474, 1.596826, -0.063647,   1.658057, 1.662085, 0.004028,   1.640332, 0.039478,
58.567870, 1.650806, 1.591187, -0.059619,   1.658057, 1.639526, -0.018530,   1.637109, 0.037866,
58.592334, 1.654834, 1.574268, -0.080566,   1.658862, 1.652417, -0.006445,   1.641943, 0.038672,
58.616777, 1.658862, 1.608105, -0.050757,   1.654028, 1.627441, -0.026587,   1.643555, 0.037866,
58.641111, 1.644360, 1.585547, -0.058813,   1.645972, 1.645166, -0.000806,   1.637109, 0.026587,
58.665550, 1.647583, 1.575879, -0.071704,   1.644360, 1.640332, -0.004028,   1.639526, 0.025781,
58.689994, 1.649194, 1.581519, -0.067676,   1.645166, 1.650000, 0.004834,   1.636304, 0.024976,
58.714213, 1.647583, 1.583935, -0.063648,   1.654028, 1.640332, -0.013696,   1.637915, 0.028198,
58.738555, 1.649194, 1.587964, -0.061231,   1.645972, 1.647583, 0.001611,   1.631470, 0.026587,
58.762770, 1.650000, 1.574268, -0.075732,   1.648389, 1.637915, -0.010474,   1.644360, 0.026587,
58.787222, 1.647583, 1.571045, -0.076538,   1.648389, 1.645166, -0.003223,   1.640332, 0.024976,
58.811624, 1.650806, 1.590381, -0.060425,   1.650806, 1.625024, -0.025781,   1.635498, 0.028198,
58.835996, 1.647583, 1.600049, -0.047534,   1.650000, 1.644360, -0.005640,   1.633081, 0.027393,
58.860437, 1.650000, 1.571045, -0.078955,   1.647583, 1.648389, 0.000806,   1.636304, 0.027393,
58.884665, 1.644360, 1.573462, -0.070898,   1.650000, 1.673364, 0.023364,   1.636304, 0.026587,
58.908813, 1.650000, 1.587964, -0.062036,   1.650806, 1.660474, 0.009668,   1.635498, 0.025781,
58.932883, 1.650000, 1.574268, -0.075732,   1.649194, 1.635498, -0.013696,   1.635498, 0.028198,
58.957217, 1.654834, 1.581519, -0.073315,   1.664502, 1.666919, 0.002417,   1.640332, 0.039478,
58.981560, 1.662085, 1.579907, -0.082178,   1.658057, 1.640332, -0.017725,   1.644360, 0.039478,
59.005900, 1.660474, 1.587964, -0.072510,   1.658862, 1.657251, -0.001611,   1.637109, 0.037866,
59.030343, 1.656445, 1.594409, -0.062036,   1.662085, 1.653223, -0.008862,   1.640332, 0.042700,
59.054656, 1.654834, 1.591187, -0.063647,   1.658057, 1.654028, -0.004028,   1.645972, 0.039478,
59.076747, 1.658862, 1.581519, -0.077344,   1.657251, 1.654834, -0.002417,   1.637915, 0.037866,
59.101115, 1.661279, 1.548486, -0.112793,   1.658862, 1.654834, -0.004028,   1.640332, 0.040283,
59.125556, 1.654834, 1.595215, -0.059619,   1.660474, 1.654834, -0.005640,   1.641138, 0.039478,
59.149874, 1.654028, 1.585547, -0.068481,   1.654028, 1.648389, -0.005640,   1.639526, 0.038672,
59.174332, 1.658862, 1.594409, -0.064453,   1.658057, 1.654834, -0.003223,   1.644360, 0.040283,
59.198764, 1.660474, 1.591992, -0.068481,   1.661279, 1.654834, -0.006445,   1.639526, 0.041895,
59.223215, 1.660474, 1.602466, -0.058008,   1.660474, 1.650806, -0.009668,   1.645166, 0.037866,
59.247555, 1.658862, 1.595215, -0.063647,   1.660474, 1.647583, -0.012891,   1.637915, 0.036255,
59.272000, 1.660474, 1.598437, -0.062036,   1.658057, 1.653223, -0.004834,   1.643555, 0.042700,
59.296431, 1.647583, 1.574268, -0.073316,   1.641943, 1.618579, -0.023364,   1.637915, 0.025781,
59.320804, 1.647583, 1.571851, -0.075732,   1.647583, 1.614551, -0.033032,   1.636304, 0.028198,
59.345083, 1.649194, 1.565405, -0.083789,   1.648389, 1.641943, -0.006445,   1.637109, 0.029810,
59.369446, 1.647583, 1.571851, -0.075732,   1.643555, 1.644360, 0.000806,   1.633081, 0.027393,
59.393659, 1.645972, 1.565405, -0.080566,   1.650000, 1.657251, 0.007251,   1.628247, 0.028198,
59.417884, 1.647583, 1.590381, -0.057202,   1.647583, 1.632275, -0.015308,   1.636304, 0.025781,
59.442228, 1.654028, 1.579102, -0.074927,   1.650806, 1.640332, -0.010474,   1.636304, 0.027393,
59.466678, 1.653223, 1.610522, -0.042700,   1.650000, 1.660474, 0.010474,   1.636304, 0.027393,
59.490876, 1.652417, 1.585547, -0.066870,   1.648389, 1.645166, -0.003223,   1.637109, 0.024976,
59.515330, 1.649194, 1.583935, -0.065259,   1.647583, 1.636304, -0.011279,   1.637915, 0.028198,
59.539654, 1.652417, 1.582324, -0.070093,   1.650806, 1.658057, 0.007251,   1.633081, 0.027393,
59.563876, 1.647583, 1.574268, -0.073316,   1.650806, 1.647583, -0.003223,   1.636304, 0.027393,
59.588340, 1.652417, 1.581519, -0.070898,   1.647583, 1.637109, -0.010474,   1.636304, 0.028198,
59.612680, 1.662085, 1.578296, -0.083789,   1.658862, 1.669336, 0.010474,   1.640332, 0.040283,
59.636792, 1.662891, 1.573462, -0.089429,   1.658862, 1.640332, -0.018530,   1.643555, 0.036255,
59.661237, 1.658862, 1.590381, -0.068481,   1.660474, 1.664502, 0.004028,   1.644360, 0.038672,
59.685554, 1.662085, 1.623413, -0.038672,   1.658057, 1.677393, 0.019336,   1.640332, 0.037866,
59.709705, 1.662085, 1.578296, -0.083789,   1.656445, 1.669336, 0.012891,   1.641138, 0.037866,
59.733883, 1.662085, 1.603271, -0.058813,   1.660474, 1.624219, -0.036255,   1.637915, 0.041895,
59.758219, 1.661279, 1.587158, -0.074121,   1.657251, 1.654834, -0.002417,   1.640332, 0.037866,
59.782664, 1.656445, 1.596826, -0.059619,   1.660474, 1.647583, -0.012891,   1.641943, 0.033838,
59.806992, 1.658862, 1.583935, -0.074927,   1.654834, 1.670142, 0.015308,   1.641943, 0.037866,
59.831133, 1.656445, 1.587964, -0.068481,   1.657251, 1.640332, -0.016919,   1.637109, 0.039478,
59.855431, 1.657251, 1.585547, -0.071704,   1.658057, 1.645166, -0.012891,   1.645972, 0.041895,
59.880042, 1.654834, 1.608105, -0.046728,   1.658057, 1.647583, -0.010474,   1.641943, 0.037866,
59.904553, 1.660474, 1.579102, -0.081372,   1.656445, 1.654834, -0.001611,   1.641943, 0.037866,
59.929250, 1.656445, 1.610522, -0.045923,   1.654834, 1.652417, -0.002417,   1.640332, 0.039478,
59.953676, 1.647583, 1.583935, -0.063648,   1.644360, 1.647583, 0.003223,   1.637109, 0.027393,
59.978670, 1.647583, 1.600855, -0.046728,   1.641138, 1.649194, 0.008057,   1.629858, 0.024976,
60.003010, 1.648389, 1.583130, -0.065259,   1.648389, 1.645972, -0.002417,   1.629053, 0.025781,
60.027560, 1.650000, 1.589575, -0.060425,   1.647583, 1.616162, -0.031421,   1.637109, 0.025781,
60.051919, 1.648389, 1.571851, -0.076538,   1.650000, 1.647583, -0.002417,   1.633887, 0.026587,
60.076652, 1.650000, 1.579102, -0.070898,   1.647583, 1.650000, 0.002417,   1.640332, 0.025781,
60.100898, 1.649194, 1.587158, -0.062036,   1.649194, 1.629053, -0.020142,   1.637109, 0.026587,
60.125466, 1.650000, 1.562988, -0.087012,   1.648389, 1.683838, 0.035449,   1.635498, 0.026587,
60.149724, 1.648389, 1.582324, -0.066064,   1.649194, 1.645166, -0.004028,   1.633887, 0.026587,
60.174447, 1.650000, 1.604077, -0.045923,   1.650806, 1.654834, 0.004028,   1.637915, 0.026587,
60.198689, 1.649194, 1.565405, -0.083789,   1.652417, 1.662085, 0.009668,   1.637109, 0.027393,
60.222910, 1.652417, 1.581519, -0.070898,   1.650806, 1.654834, 0.004028,   1.628247, 0.029810,
60.247216, 1.664502, 1.593603, -0.070898,   1.664502, 1.641943, -0.022559,   1.640332, 0.038672,
60.271943, 1.660474, 1.591992, -0.068481,   1.662085, 1.650806, -0.011279,   1.643555, 0.042700,
60.296571, 1.662085, 1.598437, -0.063648,   1.658057, 1.649194, -0.008862,   1.641138, 0.039478,
60.321132, 1.656445, 1.589575, -0.066870,   1.662085, 1.662085, 0.000000,   1.641943, 0.040283,
60.345345, 1.662085, 1.587964, -0.074121,   1.657251, 1.637915, -0.019336,   1.643555, 0.041895,
60.369902, 1.660474, 1.591187, -0.069287,   1.658057, 1.683838, 0.025781,   1.643555, 0.039478,
60.394350, 1.661279, 1.578296, -0.082983,   1.662085, 1.635498, -0.026587,   1.641943, 0.041895,
60.418864, 1.662085, 1.598437, -0.063648,   1.654834, 1.665308, 0.010474,   1.640332, 0.038672,
60.443021, 1.657251, 1.573462, -0.083789,   1.656445, 1.644360, -0.012085,   1.640332, 0.039478,
60.467620, 1.654834, 1.579907, -0.074927,   1.658057, 1.654028, -0.004028,   1.637915, 0.039478,
60.492244, 1.656445, 1.594409, -0.062036,   1.661279, 1.653223, -0.008057,   1.643555, 0.038672,
60.516845, 1.658862, 1.593603, -0.065259,   1.657251, 1.631470, -0.025781,   1.643555, 0.035449,
60.541371, 1.656445, 1.596020, -0.060425,   1.658862, 1.654834, -0.004028,   1.641138, 0.041895,
60.566003, 1.648389, 1.587964, -0.060425,   1.645972, 1.650000, 0.004028,   1.636304, 0.026587,
60.590477, 1.652417, 1.632275, -0.020142,   1.647583, 1.658862, 0.011279,   1.633081, 0.027393,
60.614820, 1.645166, 1.575879, -0.069287,   1.648389, 1.637109, -0.011279,   1.632275, 0.028198,
60.639340, 1.641943, 1.582324, -0.059619,   1.645972, 1.650000, 0.004028,   1.633887, 0.029810,
60.663603, 1.648389, 1.590381, -0.058008,   1.645972, 1.643555, -0.002417,   1.631470, 0.022559,
60.688248, 1.648389, 1.591992, -0.056396,   1.647583, 1.639526, -0.008057,   1.637109, 0.025781,
60.712810, 1.645972, 1.599243, -0.046728,   1.650806, 1.650806, 0.000000,   1.640332, 0.026587,
60.736947, 1.652417, 1.544458, -0.107959,   1.649194, 1.639526, -0.009668,   1.633887, 0.028198,
60.761585, 1.650000, 1.575073, -0.074927,   1.648389, 1.633887, -0.014502,   1.633887, 0.025781,
60.786144, 1.647583, 1.587964, -0.059619,   1.650806, 1.639526, -0.011279,   1.633081, 0.028198,
60.810718, 1.652417, 1.606494, -0.045923,   1.650000, 1.647583, -0.002417,   1.633081, 0.026587,
60.835250, 1.647583, 1.587964, -0.059619,   1.649194, 1.632275, -0.016919,   1.636304, 0.024976,
60.859807, 1.652417, 1.599243, -0.053174,   1.650000, 1.650000, 0.000000,   1.633081, 0.026587,
60.884347, 1.665308, 1.600049, -0.065259,   1.657251, 1.664502, 0.007251,   1.645166, 0.037866,
60.908649, 1.664502, 1.583935, -0.080566,   1.665308, 1.662085, -0.003223,   1.641943, 0.037866,
60.933155, 1.660474, 1.606494, -0.053980,   1.662891, 1.645166, -0.017725,   1.641943, 0.041895,
60.957598, 1.662891, 1.599243, -0.063647,   1.662085, 1.660474, -0.001611,   1.641138, 0.038672,
60.982359, 1.662085, 1.606494, -0.055591,   1.657251, 1.664502, 0.007251,   1.641943, 0.040283,
61.006706, 1.660474, 1.575073, -0.085400,   1.661279, 1.664502, 0.003223,   1.644360, 0.039478,
61.030729, 1.658057, 1.608911, -0.049145,   1.658057, 1.654834, -0.003223,   1.641138, 0.040283,
61.054585, 1.658057, 1.591992, -0.066064,   1.661279, 1.649194, -0.012085,   1.640332, 0.038672,
61.079254, 1.658057, 1.583130, -0.074927,   1.658057, 1.654834, -0.003223,   1.641138, 0.040283,
61.103868, 1.656445, 1.566211, -0.090234,   1.658862, 1.666113, 0.007251,   1.640332, 0.038672,
61.128130, 1.660474, 1.596020, -0.064453,   1.662085, 1.650000, -0.012085,   1.641138, 0.040283,
61.152601, 1.653223, 1.574268, -0.078955,   1.657251, 1.658057, 0.000806,   1.641138, 0.037866,
61.177127, 1.657251, 1.571045, -0.086206,   1.661279, 1.674976, 0.013696,   1.644360, 0.040283,
61.201256, 1.640332, 1.575879, -0.064453,   1.643555, 1.650806, 0.007251,   1.636304, 0.027393,
61.225473, 1.647583, 1.600855, -0.046728,   1.647583, 1.641943, -0.005640,   1.633081, 0.028198,
61.249888, 1.645166, 1.600049, -0.045117,   1.645166, 1.657251, 0.012085,   1.633887, 0.028198,
61.274533, 1.643555, 1.574268, -0.069287,   1.645972, 1.650000, 0.004028,   1.639526, 0.025781,
61.298724, 1.650000, 1.581519, -0.068481,   1.650806, 1.647583, -0.003223,   1.639526, 0.028198,
61.323398, 1.648389, 1.567017, -0.081372,   1.648389, 1.662891, 0.014502,   1.636304, 0.028198,
61.347677, 1.650806, 1.611328, -0.039477,   1.644360, 1.641138, -0.003223,   1.633887, 0.028198,
61.372425, 1.650000, 1.585547, -0.064453,   1.650000, 1.657251, 0.007251,   1.636304, 0.026587,
61.396882, 1.647583, 1.583130, -0.064453,   1.647583, 1.647583, 0.000000,   1.636304, 0.025781,
61.421155, 1.654028, 1.583935, -0.070093,   1.653223, 1.662085, 0.008862,   1.637915, 0.032227,
61.445449, 1.648389, 1.579907, -0.068481,   1.650806, 1.645972, -0.004834,   1.635498, 0.027393,
61.470124, 1.650000, 1.583130, -0.066870,   1.652417, 1.610522, -0.041895,   1.635498, 0.026587,
61.494721, 1.649194, 1.585547, -0.063648,   1.650806, 1.647583, -0.003223,   1.637109, 0.026587,
61.519272, 1.665308, 1.599243, -0.066064,   1.662085, 1.657251, -0.004834,   1.645972, 0.041895,
61.543828, 1.664502, 1.591187, -0.073315,   1.662085, 1.668530, 0.006445,   1.643555, 0.039478,
61.568148, 1.662891, 1.587158, -0.075732,   1.658057, 1.648389, -0.009668,   1.641943, 0.041895,
61.592669, 1.658862, 1.586352, -0.072510,   1.657251, 1.656445, -0.000806,   1.637109, 0.039478,
61.617210, 1.662085, 1.575073, -0.087012,   1.658862, 1.664502, 0.005640,   1.640332, 0.037866,
61.641471, 1.658862, 1.608105, -0.050757,   1.662085, 1.645166, -0.016919,   1.640332, 0.035449,
61.666069, 1.661279, 1.585547, -0.075732,   1.660474, 1.652417, -0.008057,   1.640332, 0.039478,
61.690779, 1.660474, 1.595215, -0.065259,   1.661279, 1.660474, -0.000806,   1.643555, 0.040283,
61.715404, 1.658862, 1.566211, -0.092651,   1.661279, 1.657251, -0.004028,   1.641138, 0.040283,
61.739919, 1.660474, 1.587964, -0.072510,   1.658862, 1.650806, -0.008057,   1.636304, 0.037866,
61.764512, 1.658057, 1.587158, -0.070898,   1.657251, 1.641943, -0.015308,   1.643555, 0.042700,
61.789210, 1.657251, 1.598437, -0.058814,   1.661279, 1.654834, -0.006445,   1.640332, 0.038672,
61.813806, 1.653223, 1.587158, -0.066064,   1.654834, 1.636304, -0.018530,   1.643555, 0.037866,
61.838355, 1.648389, 1.579102, -0.069287,   1.650000, 1.624219, -0.025781,   1.633887, 0.028198,
61.863133, 1.643555, 1.566211, -0.077344,   1.647583, 1.643555, -0.004028,   1.637915, 0.028198,
61.887761, 1.648389, 1.574268, -0.074121,   1.645972, 1.650000, 0.004028,   1.632275, 0.026587,
61.912152, 1.647583, 1.587964, -0.059619,   1.643555, 1.660474, 0.016919,   1.636304, 0.024976,
61.936371, 1.647583, 1.571045, -0.076538,   1.645972, 1.668530, 0.022559,   1.633887, 0.027393,
61.960805, 1.654028, 1.577490, -0.076538,   1.647583, 1.645972, -0.001611,   1.636304, 0.024976,
61.985410, 1.649194, 1.556543, -0.092651,   1.653223, 1.649194, -0.004028,   1.633081, 0.028198,
62.010035, 1.652417, 1.586352, -0.066064,   1.645972, 1.629053, -0.016919,   1.636304, 0.027393,
62.034467, 1.647583, 1.579102, -0.068481,   1.649194, 1.640332, -0.008862,   1.636304, 0.028198,
62.059014, 1.648389, 1.574268, -0.074121,   1.648389, 1.650806, 0.002417,   1.636304, 0.026587,
62.083460, 1.649194, 1.577490, -0.071704,   1.650806, 1.645166, -0.005640,   1.635498, 0.025781,
62.108062, 1.652417, 1.570239, -0.082178,   1.648389, 1.643555, -0.004834,   1.640332, 0.028198,
62.132472, 1.649194, 1.596020, -0.053174,   1.650000, 1.670947, 0.020947,   1.636304, 0.025781,
62.156790, 1.650806, 1.596020, -0.054785,   1.658057, 1.658057, 0.000000,   1.641138, 0.041895,
62.181275, 1.660474, 1.567017, -0.093457,   1.664502, 1.658862, -0.005640,   1.640332, 0.037866,
62.205787, 1.657251, 1.587964, -0.069287,   1.660474, 1.658862, -0.001611,   1.643555, 0.037866,
62.230348, 1.662085, 1.598437, -0.063648,   1.658862, 1.641943, -0.016919,   1.641943, 0.040283,
62.254806, 1.660474, 1.583130, -0.077344,   1.662085, 1.657251, -0.004834,   1.645972, 0.038672,
62.279456, 1.662085, 1.586352, -0.075732,   1.657251, 1.652417, -0.004834,   1.644360, 0.037866,
62.304029, 1.660474, 1.593603, -0.066870,   1.658862, 1.652417, -0.006445,   1.640332, 0.040283,
62.328617, 1.658862, 1.587964, -0.070898,   1.657251, 1.645972, -0.011279,   1.637109, 0.039478,
62.353206, 1.662085, 1.602466, -0.059619,   1.654834, 1.650000, -0.004834,   1.647583, 0.037866,
62.378011, 1.661279, 1.596020, -0.065259,   1.660474, 1.657251, -0.003223,   1.643555, 0.037866,
62.402447, 1.661279, 1.575073, -0.086206,   1.657251, 1.647583, -0.009668,   1.645166, 0.037866,
62.427025, 1.661279, 1.569434, -0.091846,   1.660474, 1.637109, -0.023364,   1.637109, 0.039478,
62.451465, 1.660474, 1.583935, -0.076538,   1.657251, 1.637915, -0.019336,   1.641138, 0.040283,
62.475958, 1.658057, 1.567822, -0.090234,   1.660474, 1.645166, -0.015308,   1.636304, 0.037866,
62.500696, 1.643555, 1.542041, -0.101514,   1.647583, 1.656445, 0.008862,   1.633081, 0.027393,
62.524935, 1.643555, 1.620190, -0.023364,   1.648389, 1.647583, -0.000806,   1.633081, 0.026587,
62.549476, 1.649194, 1.566211, -0.082983,   1.641943, 1.645166, 0.003223,   1.631470, 0.028198,
62.573915, 1.647583, 1.575879, -0.071704,   1.648389, 1.625024, -0.023364,   1.635498, 0.028198,
62.598475, 1.647583, 1.550903, -0.096680,   1.645972, 1.643555, -0.002417,   1.633887, 0.024976,
62.622969, 1.645166, 1.608105, -0.037061,   1.647583, 1.625024, -0.022559,   1.635498, 0.025781,
62.647575, 1.650806, 1.558154, -0.092651,   1.647583, 1.640332, -0.007251,   1.635498, 0.029810,
62.672143, 1.653223, 1.581519, -0.071704,   1.654028, 1.640332, -0.013696,   1.633887, 0.031421,
62.696749, 1.652417, 1.578296, -0.074121,   1.647583, 1.641138, -0.006445,   1.639526, 0.027393,
62.721329, 1.650000, 1.578296, -0.071704,   1.647583, 1.647583, 0.000000,   1.637109, 0.029810,
62.745705, 1.652417, 1.606494, -0.045923,   1.650806, 1.637915, -0.012891,   1.637109, 0.027393,
62.770262, 1.650806, 1.583130, -0.067676,   1.653223, 1.644360, -0.008862,   1.637109, 0.028198,
62.794874, 1.652417, 1.587964, -0.064453,   1.648389, 1.612939, -0.035449,   1.637109, 0.025781,
62.819438, 1.662891, 1.587964, -0.074927,   1.658862, 1.656445, -0.002417,   1.635498, 0.039478,
62.843704, 1.662085, 1.579907, -0.082178,   1.657251, 1.649194, -0.008057,   1.647583, 0.038672,
62.868325, 1.658057, 1.589575, -0.068481,   1.658862, 1.654028, -0.004834,   1.643555, 0.036255,
62.892936, 1.658057, 1.575073, -0.082983,   1.657251, 1.643555, -0.013696,   1.639526, 0.042700,
62.917508, 1.654834, 1.587158, -0.067676,   1.661279, 1.654834, -0.006445,   1.643555, 0.036255,
62.942005, 1.660474, 1.591992, -0.068481,   1.660474, 1.647583, -0.012891,   1.636304, 0.041895,
62.966799, 1.661279, 1.575879, -0.085400,   1.657251, 1.648389, -0.008862,   1.644360, 0.036255,
62.991363, 1.654834, 1.581519, -0.073315,   1.658057, 1.674170, 0.016113,   1.643555, 0.040283,
63.015713, 1.658862, 1.581519, -0.077344,   1.658862, 1.665308, 0.006445,   1.641943, 0.040283,
63.039927, 1.661279, 1.600049, -0.061231,   1.658862, 1.668530, 0.009668,   1.641138, 0.038672,
63.064245, 1.661279, 1.582324, -0.078955,   1.658057, 1.666919, 0.008862,   1.640332, 0.039478,
63.088780, 1.657251, 1.595215, -0.062036,   1.654834, 1.662085, 0.007251,   1.640332, 0.040283,
63.113170, 1.658057, 1.596020, -0.062036,   1.661279, 1.654028, -0.007251,   1.641138, 0.040283,
63.137799, 1.647583, 1.583935, -0.063648,   1.641138, 1.652417, 0.011279,   1.636304, 0.023364,
63.162216, 1.645972, 1.583130, -0.062842,   1.648389, 1.647583, -0.000806,   1.637109, 0.024976,
63.186837, 1.645972, 1.573462, -0.072510,   1.645166, 1.645972, 0.000806,   1.633081, 0.025781,
63.211199, 1.648389, 1.579907, -0.068481,   1.648389, 1.641138, -0.007251,   1.635498, 0.028198,
63.235682, 1.650000, 1.596020, -0.053980,   1.645972, 1.649194, 0.003223,   1.636304, 0.028198,
63.259802, 1.652417, 1.575073, -0.077344,   1.645972, 1.647583, 0.001611,   1.633887, 0.026587,
63.284314, 1.649194, 1.616968, -0.032227,   1.650000, 1.619385, -0.030615,   1.633887, 0.027393,
63.308718, 1.647583, 1.562183, -0.085400,   1.650000, 1.644360, -0.005640,   1.636304, 0.028198,
63.333097, 1.654028, 1.574268, -0.079761,   1.648389, 1.641943, -0.006445,   1.640332, 0.027393,
63.357456, 1.647583, 1.574268, -0.073316,   1.649194, 1.654834, 0.005640,   1.640332, 0.028198,
63.381905, 1.649194, 1.571851, -0.077344,   1.652417, 1.653223, 0.000806,   1.637109, 0.028198,
63.406009, 1.652417, 1.558960, -0.093457,   1.654028, 1.653223, -0.000806,   1.639526, 0.028198,
63.430359, 1.652417, 1.560571, -0.091846,   1.652417, 1.639526, -0.012891,   1.629858, 0.027393,
63.454674, 1.662891, 1.585547, -0.077344,   1.666113, 1.649194, -0.016919,   1.648389, 0.039478,
63.479247, 1.662891, 1.593603, -0.069287,   1.661279, 1.645166, -0.016113,   1.645166, 0.039478,
63.503670, 1.662085, 1.581519, -0.080566,   1.657251, 1.662085, 0.004834,   1.641943, 0.040283,
63.527828, 1.662085, 1.579907, -0.082178,   1.661279, 1.644360, -0.016919,   1.640332, 0.036255,
63.552141, 1.657251, 1.604077, -0.053174,   1.658057, 1.658862, 0.000806,   1.636304, 0.042700,
63.576441, 1.661279, 1.561377, -0.099902,   1.661279, 1.670142, 0.008862,   1.635498, 0.037866,
63.600579, 1.658862, 1.600049, -0.058813,   1.661279, 1.654028, -0.007251,   1.643555, 0.035449,
63.624906, 1.661279, 1.599243, -0.062036,   1.662085, 1.658862, -0.003223,   1.637109, 0.037866,
63.649248, 1.658862, 1.591187, -0.067676,   1.654834, 1.656445, 0.001611,   1.647583, 0.040283,
63.673572, 1.658057, 1.596020, -0.062036,   1.658862, 1.633887, -0.024976,   1.643555, 0.040283,
63.698020, 1.657251, 1.591187, -0.066064,   1.658057, 1.665308, 0.007251,   1.644360, 0.038672,
63.722134, 1.662085, 1.591187, -0.070898,   1.658057, 1.650806, -0.007251,   1.640332, 0.039478,
63.746581, 1.658862, 1.599243, -0.059619,   1.658862, 1.637915, -0.020947,   1.636304, 0.039478,
63.771006, 1.658057, 1.579907, -0.078149,   1.654028, 1.660474, 0.006445,   1.637915, 0.031421,
63.795221, 1.647583, 1.586352, -0.061231,   1.648389, 1.633081, -0.015308,   1.637915, 0.025781,
63.819510, 1.647583, 1.579907, -0.067676,   1.645972, 1.645972, 0.000000,   1.637109, 0.031421,
63.843469, 1.648389, 1.596020, -0.052368,   1.647583, 1.662085, 0.014502,   1.637915, 0.023364,
63.867568, 1.647583, 1.581519, -0.066064,   1.647583, 1.637109, -0.010474,   1.636304, 0.028198,
63.892042, 1.650000, 1.596826, -0.053174,   1.650000, 1.654834, 0.004834,   1.635498, 0.028198,
63.916246, 1.645972, 1.571045, -0.074927,   1.650000, 1.657251, 0.007251,   1.632275, 0.025781,
63.940462, 1.647583, 1.587964, -0.059619,   1.649194, 1.620996, -0.028198,   1.635498, 0.028198,
63.964892, 1.647583, 1.600049, -0.047534,   1.650806, 1.636304, -0.014502,   1.639526, 0.023364,
63.989372, 1.649194, 1.591992, -0.057202,   1.649194, 1.666919, 0.017725,   1.629053, 0.026587,
64.013559, 1.653223, 1.583130, -0.070093,   1.650000, 1.621802, -0.028198,   1.637915, 0.028198,
64.037913, 1.653223, 1.578296, -0.074927,   1.650806, 1.645166, -0.005640,   1.636304, 0.028198,
64.062362, 1.649194, 1.587158, -0.062036,   1.650806, 1.631470, -0.019336,   1.633887, 0.023364,
64.086802, 1.665308, 1.593603, -0.071704,   1.662085, 1.641138, -0.020947,   1.645972, 0.037866,
64.111202, 1.662085, 1.593603, -0.068481,   1.665308, 1.669336, 0.004028,   1.645166, 0.039478,
64.135356, 1.665308, 1.587964, -0.077344,   1.664502, 1.653223, -0.011279,   1.650000, 0.037866,
64.159686, 1.660474, 1.582324, -0.078149,   1.662085, 1.640332, -0.021753,   1.647583, 0.035449,
64.184294, 1.662085, 1.596020, -0.066064,   1.656445, 1.654028, -0.002417,   1.647583, 0.040283,
64.208625, 1.660474, 1.579102, -0.081372,   1.656445, 1.670142, 0.013696,   1.643555, 0.039478,
64.232795, 1.662085, 1.583130, -0.078955,   1.658057, 1.647583, -0.010474,   1.635498, 0.039478,
64.257142, 1.658862, 1.574268, -0.084595,   1.660474, 1.683838, 0.023364,   1.637109, 0.040283,
64.281465, 1.660474, 1.582324, -0.078149,   1.661279, 1.654834, -0.006445,   1.645166, 0.041895,
64.305793, 1.661279, 1.591187, -0.070093,   1.657251, 1.658862, 0.001611,   1.644360, 0.038672,
64.330020, 1.656445, 1.600049, -0.056396,   1.656445, 1.644360, -0.012085,   1.641138, 0.037866,
64.354366, 1.657251, 1.583935, -0.073316,   1.657251, 1.639526, -0.017725,   1.641943, 0.037866,
64.379199, 1.657251, 1.578296, -0.078955,   1.658862, 1.669336, 0.010474,   1.640332, 0.040283,
64.403443, 1.643555, 1.598437, -0.045117,   1.641943, 1.662085, 0.020142,   1.633081, 0.026587,
64.427819, 1.645972, 1.579907, -0.066064,   1.647583, 1.632275, -0.015308,   1.633887, 0.027393,
64.452392, 1.649194, 1.579907, -0.069287,   1.650000, 1.640332, -0.009668,   1.635498, 0.026587,
64.477117, 1.645166, 1.587158, -0.058008,   1.648389, 1.650000, 0.001611,   1.633081, 0.027393,
64.501396, 1.649194, 1.599243, -0.049951,   1.648389, 1.650000, 0.001611,   1.636304, 0.028198,
64.525735, 1.650000, 1.581519, -0.068481,   1.649194, 1.647583, -0.001611,   1.633081, 0.027393,
64.550261, 1.652417, 1.583130, -0.069287,   1.654834, 1.649194, -0.005640,   1.640332, 0.028198,
64.575053, 1.647583, 1.574268, -0.073316,   1.650806, 1.644360, -0.006445,   1.636304, 0.024976,
64.599624, 1.649194, 1.591992, -0.057202,   1.650000, 1.643555, -0.006445,   1.633887, 0.026587,
64.624170, 1.647583, 1.589575, -0.058008,   1.647583, 1.632275, -0.015308,   1.637109, 0.024976,
64.648688, 1.648389, 1.575073, -0.073315,   1.650806, 1.619385, -0.031421,   1.636304, 0.028198,
64.673363, 1.650806, 1.590381, -0.060425,   1.647583, 1.654028, 0.006445,   1.636304, 0.025781,
64.697680, 1.649194, 1.586352, -0.062842,   1.645972, 1.650000, 0.004028,   1.637109, 0.028198,
64.722152, 1.662085, 1.596020, -0.066064,   1.664502, 1.657251, -0.007251,   1.640332, 0.040283,
64.746698, 1.664502, 1.608911, -0.055591,   1.658057, 1.643555, -0.014502,   1.641138, 0.035449,
64.771395, 1.657251, 1.581519, -0.075732,   1.662891, 1.647583, -0.015308,   1.640332, 0.041895,
64.795889, 1.658862, 1.590381, -0.068481,   1.660474, 1.650806, -0.009668,   1.639526, 0.036255,
64.820507, 1.662085, 1.571851, -0.090234,   1.661279, 1.653223, -0.008057,   1.641138, 0.037866,
64.844956, 1.657251, 1.583130, -0.074121,   1.661279, 1.654028, -0.007251,   1.645166, 0.040283,
64.869627, 1.661279, 1.591992, -0.069287,   1.658862, 1.648389, -0.010474,   1.640332, 0.039478,
64.894287, 1.656445, 1.579907, -0.076538,   1.658862, 1.648389, -0.010474,   1.643555, 0.041895,
64.918892, 1.658862, 1.573462, -0.085400,   1.657251, 1.652417, -0.004834,   1.644360, 0.038672,
64.943375, 1.662085, 1.607300, -0.054785,   1.662085, 1.664502, 0.002417,   1.643555, 0.039478,
64.967807, 1.658862, 1.596826, -0.062036,   1.661279, 1.654834, -0.006445,   1.640332, 0.040283,
64.992380, 1.658057, 1.591187, -0.066870,   1.653223, 1.654834, 0.001611,   1.637109, 0.035449,
65.016755, 1.661279, 1.583130, -0.078149,   1.654834, 1.677393, 0.022559,   1.644360, 0.040283,
65.041144, 1.645166, 1.579102, -0.066064,   1.645972, 1.640332, -0.005640,   1.635498, 0.029810,
65.065830, 1.647583, 1.586352, -0.061231,   1.645972, 1.645166, -0.000806,   1.637109, 0.028198,
65.090513, 1.648389, 1.567822, -0.080566,   1.647583, 1.654834, 0.007251,   1.633081, 0.028198,
65.114834, 1.648389, 1.600049, -0.048340,   1.649194, 1.644360, -0.004834,   1.641943, 0.023364,
65.139381, 1.647583, 1.587964, -0.059619,   1.647583, 1.654834, 0.007251,   1.633081, 0.027393,
65.163808, 1.652417, 1.581519, -0.070898,   1.650000, 1.665308, 0.015308,   1.635498, 0.026587,
65.188178, 1.647583, 1.566211, -0.081372,   1.645972, 1.681421, 0.035449,   1.633081, 0.027393,
65.212486, 1.650000, 1.581519, -0.068481,   1.648389, 1.658057, 0.009668,   1.633081, 0.025781,
65.236814, 1.645972, 1.591187, -0.054785,   1.648389, 1.647583, -0.000806,   1.636304, 0.027393,
65.261418, 1.650000, 1.599243, -0.050757,   1.648389, 1.637915, -0.010474,   1.633887, 0.025781,
65.286084, 1.647583, 1.581519, -0.066064,   1.648389, 1.629053, -0.019336,   1.636304, 0.025781,
65.310609, 1.648389, 1.590381, -0.058008,   1.647583, 1.621802, -0.025781,   1.637109, 0.026587,
65.335145, 1.652417, 1.594409, -0.058008,   1.649194, 1.625024, -0.024170,   1.633081, 0.028198,
65.359712, 1.666113, 1.591187, -0.074927,   1.664502, 1.650000, -0.014502,   1.641943, 0.035449,
65.384490, 1.666919, 1.620190, -0.046728,   1.662891, 1.658862, -0.004028,   1.644360, 0.040283,
65.408970, 1.658057, 1.552515, -0.105542,   1.661279, 1.654028, -0.007251,   1.641138, 0.037866,
65.433487, 1.661279, 1.596826, -0.064453,   1.661279, 1.645166, -0.016113,   1.641943, 0.038672,
65.458006, 1.662085, 1.558960, -0.103125,   1.658862, 1.652417, -0.006445,   1.639526, 0.037866,
65.482722, 1.662085, 1.594409, -0.067676,   1.657251, 1.625830, -0.031421,   1.644360, 0.040283,
65.507253, 1.662085, 1.590381, -0.071704,   1.657251, 1.658057, 0.000806,   1.639526, 0.035449,
65.531480, 1.662085, 1.566211, -0.095874,   1.656445, 1.654834, -0.001611,   1.643555, 0.040283,
65.556050, 1.662085, 1.593603, -0.068481,   1.660474, 1.633081, -0.027393,   1.641138, 0.035449,
65.580724, 1.654834, 1.606494, -0.048340,   1.656445, 1.654834, -0.001611,   1.645972, 0.038672,
65.605327, 1.658057, 1.579907, -0.078149,   1.660474, 1.660474, 0.000000,   1.637915, 0.038672,
65.629691, 1.657251, 1.603271, -0.053980,   1.654834, 1.633887, -0.020947,   1.645972, 0.038672,
65.654120, 1.661279, 1.599243, -0.062036,   1.658057, 1.648389, -0.009668,   1.643555, 0.040283,
65.678808, 1.645972, 1.575073, -0.070898,   1.650000, 1.637109, -0.012891,   1.640332, 0.028198,
65.703447, 1.648389, 1.596020, -0.052368,   1.645972, 1.640332, -0.005640,   1.635498, 0.028198,
65.728158, 1.643555, 1.577490, -0.066064,   1.643555, 1.645166, 0.001611,   1.637109, 0.026587,
65.752376, 1.649194, 1.586352, -0.062842,   1.648389, 1.644360, -0.004028,   1.635498, 0.024976,
65.777010, 1.644360, 1.558960, -0.085400,   1.650000, 1.647583, -0.002417,   1.640332, 0.028198,
65.801585, 1.654028, 1.582324, -0.071704,   1.654028, 1.650000, -0.004028,   1.636304, 0.028198,
65.826181, 1.650000, 1.583130, -0.066870,   1.649194, 1.624219, -0.024976,   1.635498, 0.028198,
65.850578, 1.647583, 1.571045, -0.076538,   1.650000, 1.625024, -0.024976,   1.636304, 0.025781,
65.875244, 1.647583, 1.587964, -0.059619,   1.650000, 1.644360, -0.005640,   1.636304, 0.025781,
65.899804, 1.645972, 1.579907, -0.066064,   1.650000, 1.657251, 0.007251,   1.636304, 0.025781,
65.924173, 1.650806, 1.599243, -0.051562,   1.650000, 1.647583, -0.002417,   1.636304, 0.027393,
65.948597, 1.652417, 1.579102, -0.073315,   1.650000, 1.647583, -0.002417,   1.637915, 0.027393,
65.973166, 1.648389, 1.591992, -0.056396,   1.647583, 1.649194, 0.001611,   1.637109, 0.025781,
65.997477, 1.658057, 1.579907, -0.078149,   1.661279, 1.652417, -0.008862,   1.640332, 0.038672,
66.022047, 1.665308, 1.590381, -0.074927,   1.658862, 1.640332, -0.018530,   1.641943, 0.039478,
66.046598, 1.661279, 1.561377, -0.099902,   1.660474, 1.649194, -0.011279,   1.641138, 0.038672,
66.071239, 1.662085, 1.587964, -0.074121,   1.662085, 1.662085, 0.000000,   1.643555, 0.036255,
66.095619, 1.662085, 1.596020, -0.066064,   1.660474, 1.649194, -0.011279,   1.637109, 0.040283,
66.119942, 1.661279, 1.587964, -0.073316,   1.654834, 1.653223, -0.001611,   1.639526, 0.037866,
66.144263, 1.662085, 1.591187, -0.070898,   1.656445, 1.647583, -0.008862,   1.644360, 0.039478,
66.168749, 1.661279, 1.591187, -0.070093,   1.660474, 1.648389, -0.012085,   1.641943, 0.038672,
66.193386, 1.661279, 1.582324, -0.078955,   1.660474, 1.666113, 0.005640,   1.641943, 0.036255,
66.217735, 1.662085, 1.603271, -0.058813,   1.662891, 1.637109, -0.025781,   1.645166, 0.040283,
66.242237, 1.653223, 1.596826, -0.056396,   1.661279, 1.657251, -0.004028,   1.644360, 0.040283,
66.266925, 1.654028, 1.590381, -0.063648,   1.660474, 1.645972, -0.014502,   1.645972, 0.037866,
66.291531, 1.658057, 1.612134, -0.045923,   1.658862, 1.676587, 0.017725,   1.641138, 0.040283,
66.316052, 1.658057, 1.579102, -0.078955,   1.654028, 1.649194, -0.004834,   1.644360, 0.036255,
66.340581, 1.645972, 1.582324, -0.063648,   1.643555, 1.637915, -0.005640,   1.640332, 0.023364,
66.365301, 1.649194, 1.596826, -0.052368,   1.645972, 1.643555, -0.002417,   1.635498, 0.027393,
66.390039, 1.649194, 1.577490, -0.071704,   1.645166, 1.662891, 0.017725,   1.639526, 0.027393,
66.414463, 1.645972, 1.570239, -0.075732,   1.648389, 1.633887, -0.014502,   1.637915, 0.028198,
66.438963, 1.649194, 1.578296, -0.070899,   1.648389, 1.654834, 0.006445,   1.633081, 0.027393,
66.463257, 1.648389, 1.570239, -0.078149,   1.647583, 1.624219, -0.023364,   1.633081, 0.028198,
66.487700, 1.647583, 1.591187, -0.056396,   1.648389, 1.650000, 0.001611,   1.637109, 0.028198,
66.510411, 1.652417, 1.579907, -0.072510,   1.649194, 1.645166, -0.004028,   1.631470, 0.028198,
66.534694, 1.650000, 1.583130, -0.066870,   1.649194, 1.641943, -0.007251,   1.637109, 0.025781,
66.559029, 1.650806, 1.567017, -0.083789,   1.650000, 1.650806, 0.000806,   1.640332, 0.024976,
66.583403, 1.647583, 1.586352, -0.061231,   1.647583, 1.670947, 0.023364,   1.636304, 0.028198,
66.607497, 1.652417, 1.587964, -0.064453,   1.650000, 1.645166, -0.004834,   1.633887, 0.028198,
66.631806, 1.650000, 1.581519, -0.068481,   1.653223, 1.658862, 0.005640,   1.633887, 0.032227,
66.655910, 1.662085, 1.581519, -0.080566,   1.665308, 1.658862, -0.006445,   1.643555, 0.035449,
66.680482, 1.658862, 1.579907, -0.078955,   1.662085, 1.657251, -0.004834,   1.643555, 0.037866,
66.704814, 1.662085, 1.596826, -0.065259,   1.658057, 1.660474, 0.002417,   1.641943, 0.039478,
66.729024, 1.660474, 1.594409, -0.066064,   1.658057, 1.647583, -0.010474,   1.644360, 0.036255,
66.753363, 1.654834, 1.578296, -0.076538,   1.654834, 1.643555, -0.011279,   1.643555, 0.040283,
66.777883, 1.654028, 1.587964, -0.066064,   1.656445, 1.662085, 0.005640,   1.641138, 0.041895,
66.802031, 1.660474, 1.561377, -0.099097,   1.657251, 1.672559, 0.015308,   1.640332, 0.039478,
66.826146, 1.660474, 1.581519, -0.078955,   1.656445, 1.654028, -0.002417,   1.645166, 0.041895,
66.850478, 1.660474, 1.586352, -0.074121,   1.656445, 1.653223, -0.003223,   1.645972, 0.038672,
66.874914, 1.654028, 1.590381, -0.063648,   1.654834, 1.662085, 0.007251,   1.639526, 0.040283,
66.899037, 1.660474, 1.591992, -0.068481,   1.658862, 1.640332, -0.018530,   1.639526, 0.040283,
66.923366, 1.658862, 1.594409, -0.064453,   1.654028, 1.662085, 0.008057,   1.641943, 0.038672,
66.947470, 1.662085, 1.589575, -0.072510,   1.661279, 1.637915, -0.023364,   1.643555, 0.040283,
66.971887, 1.643555, 1.600049, -0.043506,   1.643555, 1.654028, 0.010474,   1.633887, 0.028198,
66.996143, 1.647583, 1.558960, -0.088623,   1.647583, 1.632275, -0.015308,   1.639526, 0.028198,
67.020524, 1.650000, 1.581519, -0.068481,   1.648389, 1.657251, 0.008862,   1.637109, 0.029810,
67.044468, 1.645166, 1.574268, -0.070899,   1.648389, 1.650000, 0.001611,   1.633081, 0.024976,
67.068609, 1.645972, 1.581519, -0.064453,   1.650000, 1.645972, -0.004028,   1.637915, 0.021753,
67.092914, 1.650000, 1.571851, -0.078149,   1.650000, 1.645972, -0.004028,   1.633081, 0.028198,
67.117262, 1.647583, 1.544458, -0.103125,   1.649194, 1.648389, -0.000806,   1.637109, 0.026587,
67.141587, 1.649194, 1.557349, -0.091846,   1.652417, 1.664502, 0.012085,   1.636304, 0.025781,
67.165803, 1.649194, 1.574268, -0.074927,   1.647583, 1.624219, -0.023364,   1.641138, 0.027393,
67.190250, 1.652417, 1.590381, -0.062036,   1.652417, 1.665308, 0.012891,   1.633081, 0.026587,
67.214480, 1.650806, 1.586352, -0.064453,   1.647583, 1.645972, -0.001611,   1.636304, 0.026587,
67.238804, 1.650000, 1.591187, -0.058813,   1.648389, 1.652417, 0.004028,   1.640332, 0.027393,
67.263044, 1.645972, 1.566211, -0.079761,   1.650806, 1.639526, -0.011279,   1.637109, 0.028198,
67.287473, 1.662891, 1.581519, -0.081372,   1.661279, 1.664502, 0.003223,   1.640332, 0.039478,
67.311608, 1.661279, 1.585547, -0.075732,   1.657251, 1.649194, -0.008057,   1.641138, 0.039478,
67.335905, 1.664502, 1.595215, -0.069287,   1.662085, 1.653223, -0.008862,   1.641138, 0.041895,
67.360335, 1.665308, 1.583130, -0.082178,   1.662891, 1.656445, -0.006445,   1.644360, 0.043506,
67.384910, 1.662891, 1.552515, -0.110376,   1.658057, 1.656445, -0.001611,   1.641138, 0.039478,
67.409332, 1.662085, 1.616968, -0.045117,   1.662085, 1.645166, -0.016919,   1.643555, 0.038672,
67.433694, 1.662085, 1.575073, -0.087012,   1.658862, 1.649194, -0.009668,   1.645166, 0.037866,
67.458027, 1.662085, 1.595215, -0.066870,   1.658057, 1.662891, 0.004834,   1.641943, 0.036255,
67.482257, 1.654028, 1.574268, -0.079761,   1.658862, 1.648389, -0.010474,   1.637915, 0.037866,
67.506593, 1.660474, 1.614551, -0.045923,   1.658862, 1.657251, -0.001611,   1.644360, 0.036255,
67.530905, 1.656445, 1.590381, -0.066064,   1.657251, 1.654834, -0.002417,   1.643555, 0.039478,
67.555248, 1.657251, 1.583935, -0.073316,   1.654834, 1.661279, 0.006445,   1.637915, 0.042700,
67.579590, 1.658862, 1.582324, -0.076538,   1.658057, 1.649194, -0.008862,   1.645166, 0.037866,
67.603914, 1.662085, 1.611328, -0.050757,   1.654834, 1.654028, -0.000806,   1.640332, 0.037866,
67.628248, 1.645166, 1.583935, -0.061231,   1.647583, 1.664502, 0.016919,   1.636304, 0.029810,
67.652368, 1.648389, 1.545264, -0.103125,   1.647583, 1.639526, -0.008057,   1.631470, 0.028198,
67.676897, 1.650806, 1.581519, -0.069287,   1.650000, 1.648389, -0.001611,   1.633887, 0.026587,
67.701252, 1.647583, 1.583130, -0.064453,   1.647583, 1.653223, 0.005640,   1.636304, 0.025781,
67.725483, 1.650000, 1.583130, -0.066870,   1.649194, 1.650806, 0.001611,   1.636304, 0.028198,
67.749586, 1.649194, 1.583935, -0.065259,   1.650000, 1.643555, -0.006445,   1.635498, 0.027393,
67.774024, 1.649194, 1.612134, -0.037061,   1.650000, 1.660474, 0.010474,   1.635498, 0.029810,
67.798142, 1.648389, 1.558960, -0.089429,   1.650000, 1.628247, -0.021753,   1.633887, 0.025781,
67.822473, 1.652417, 1.589575, -0.062842,   1.653223, 1.666113, 0.012891,   1.633081, 0.026587,
67.846588, 1.650000, 1.595215, -0.054785,   1.652417, 1.644360, -0.008057,   1.633887, 0.026587,
67.871012, 1.649194, 1.582324, -0.066870,   1.652417, 1.658862, 0.006445,   1.640332, 0.025781,
67.895249, 1.645972, 1.566211, -0.079761,   1.650000, 1.633081, -0.016919,   1.633081, 0.026587,
67.919616, 1.666113, 1.591992, -0.074121,   1.658862, 1.664502, 0.005640,   1.640332, 0.037866,
67.943588, 1.662891, 1.558960, -0.103931,   1.657251, 1.673364, 0.016113,   1.645166, 0.041895,
67.967692, 1.658862, 1.585547, -0.073315,   1.658057, 1.679810, 0.021753,   1.641943, 0.037866,
67.991923, 1.665308, 1.574268, -0.091040,   1.661279, 1.654834, -0.006445,   1.640332, 0.041895,
68.016279, 1.662085, 1.562988, -0.099097,   1.658862, 1.668530, 0.009668,   1.641138, 0.040283,
68.040377, 1.660474, 1.583935, -0.076538,   1.664502, 1.641138, -0.023364,   1.641943, 0.037866,
68.064803, 1.662085, 1.591992, -0.070093,   1.662085, 1.648389, -0.013696,   1.645166, 0.039478,
68.089260, 1.662085, 1.600855, -0.061230,   1.660474, 1.658057, -0.002417,   1.639526, 0.039478,
68.113611, 1.661279, 1.608911, -0.052368,   1.657251, 1.654028, -0.003223,   1.641138, 0.039478,
68.137917, 1.658862, 1.599243, -0.059619,   1.656445, 1.660474, 0.004028,   1.647583, 0.041895,
68.162147, 1.657251, 1.599243, -0.058008,   1.658057, 1.643555, -0.014502,   1.637109, 0.040283,
68.186595, 1.657251, 1.593603, -0.063648,   1.656445, 1.657251, 0.000806,   1.641943, 0.040283,
68.210722, 1.658862, 1.579907, -0.078955,   1.662085, 1.647583, -0.014502,   1.644360, 0.037866,
68.235028, 1.662085, 1.577490, -0.084595,   1.654834, 1.648389, -0.006445,   1.645166, 0.040283,
68.259365, 1.647583, 1.589575, -0.058008,   1.641138, 1.641138, 0.000000,   1.636304, 0.028198,
68.283588, 1.649194, 1.581519, -0.067676,   1.645166, 1.643555, -0.001611,   1.633081, 0.028198,
68.307928, 1.645166, 1.586352, -0.058814,   1.647583, 1.643555, -0.004028,   1.640332, 0.028198,
68.332249, 1.647583, 1.615356, -0.032227,   1.645972, 1.648389, 0.002417,   1.633081, 0.026587,
68.356145, 1.648389, 1.558154, -0.090234,   1.645166, 1.652417, 0.007251,   1.633887, 0.028198,
68.380587, 1.650806, 1.579102, -0.071704,   1.650806, 1.649194, -0.001611,   1.633081, 0.026587,
68.404902, 1.648389, 1.578296, -0.070093,   1.650806, 1.649194, -0.001611,   1.633887, 0.025781,
68.429247, 1.650806, 1.618579, -0.032227,   1.647583, 1.629858, -0.017725,   1.635498, 0.029810,
68.453577, 1.649194, 1.575879, -0.073316,   1.647583, 1.647583, 0.000000,   1.633081, 0.028198,
68.477881, 1.647583, 1.591187, -0.056396,   1.648389, 1.637915, -0.010474,   1.636304, 0.024976,
68.502261, 1.654028, 1.574268, -0.079761,   1.654834, 1.645166, -0.009668,   1.639526, 0.028198,
68.526683, 1.647583, 1.573462, -0.074121,   1.650000, 1.647583, -0.002417,   1.633887, 0.024976,
68.551032, 1.649194, 1.582324, -0.066870,   1.649194, 1.623413, -0.025781,   1.637109, 0.029810,
68.575489, 1.664502, 1.587964, -0.076538,   1.665308, 1.644360, -0.020947,   1.637915, 0.040283,
68.599802, 1.664502, 1.585547, -0.078955,   1.658862, 1.654028, -0.004834,   1.640332, 0.037866,
68.624145, 1.662891, 1.591992, -0.070898,   1.660474, 1.652417, -0.008057,   1.645166, 0.039478,
68.648473, 1.662085, 1.582324, -0.079761,   1.661279, 1.637109, -0.024170,   1.636304, 0.040283,
68.672913, 1.664502, 1.598437, -0.066064,   1.662085, 1.662891, 0.000806,   1.641138, 0.037866,
68.697149, 1.658862, 1.591992, -0.066870,   1.654834, 1.654834, 0.000000,   1.643555, 0.036255,
68.721376, 1.662085, 1.593603, -0.068481,   1.656445, 1.677393, 0.020947,   1.643555, 0.039478,
68.745468, 1.656445, 1.585547, -0.070898,   1.653223, 1.650000, -0.003223,   1.640332, 0.037866,
68.769834, 1.661279, 1.599243, -0.062036,   1.654834, 1.650806, -0.004028,   1.641943, 0.040283,
68.794151, 1.654834, 1.596020, -0.058813,   1.658862, 1.650806, -0.008057,   1.640332, 0.037866,
68.818478, 1.661279, 1.557349, -0.103931,   1.662085, 1.670142, 0.008057,   1.643555, 0.042700,
68.842471, 1.658862, 1.593603, -0.065259,   1.662085, 1.664502, 0.002417,   1.640332, 0.038672,
68.866704, 1.658862, 1.566211, -0.092651,   1.657251, 1.654028, -0.003223,   1.644360, 0.039478,
68.891154, 1.648389, 1.608105, -0.040283,   1.648389, 1.661279, 0.012891,   1.637109, 0.028198,
68.915262, 1.647583, 1.620190, -0.027393,   1.647583, 1.641943, -0.005640,   1.640332, 0.026587,
68.939583, 1.645166, 1.567017, -0.078149,   1.643555, 1.658862, 0.015308,   1.639526, 0.028198,
68.963818, 1.647583, 1.573462, -0.074121,   1.647583, 1.652417, 0.004834,   1.633081, 0.028198,
68.988030, 1.649194, 1.553320, -0.095874,   1.647583, 1.653223, 0.005640,   1.637109, 0.028198,
69.012185, 1.650000, 1.595215, -0.054785,   1.645972, 1.644360, -0.001611,   1.637109, 0.027393,
69.036480, 1.647583, 1.574268, -0.073316,   1.653223, 1.657251, 0.004028,   1.633081, 0.025781,
69.060695, 1.650806, 1.562988, -0.087817,   1.649194, 1.637109, -0.012085,   1.640332, 0.028198,
69.085153, 1.650000, 1.586352, -0.063648,   1.647583, 1.672559, 0.024976,   1.633081, 0.026587,
69.109311, 1.650806, 1.579102, -0.071704,   1.650806, 1.658862, 0.008057,   1.636304, 0.028198,
69.133472, 1.649194, 1.600049, -0.049146,   1.650000, 1.650806, 0.000806,   1.633081, 0.026587,
69.157592, 1.650806, 1.587964, -0.062842,   1.652417, 1.654834, 0.002417,   1.636304, 0.026587,
69.181913, 1.652417, 1.583935, -0.068481,   1.652417, 1.633887, -0.018530,   1.640332, 0.028198,
69.206259, 1.660474, 1.595215, -0.065259,   1.664502, 1.640332, -0.024170,   1.641943, 0.041895,
69.230603, 1.662085, 1.600049, -0.062036,   1.665308, 1.631470, -0.033838,   1.641138, 0.038672,
69.254924, 1.662891, 1.587158, -0.075732,   1.660474, 1.658862, -0.001611,   1.641943, 0.036255,
69.279470, 1.662085, 1.595215, -0.066870,   1.661279, 1.650806, -0.010474,   1.645972, 0.034644,
69.303806, 1.662085, 1.591992, -0.070093,   1.661279, 1.668530, 0.007251,   1.640332, 0.040283,
69.327914, 1.661279, 1.586352, -0.074927,   1.662085, 1.644360, -0.017725,   1.640332, 0.039478,
69.352256, 1.654834, 1.585547, -0.069287,   1.662085, 1.650000, -0.012085,   1.643555, 0.039478,
69.376860, 1.654834, 1.581519, -0.073315,   1.658057, 1.650000, -0.008057,   1.641138, 0.038672,
69.401254, 1.656445, 1.593603, -0.062842,   1.660474, 1.643555, -0.016919,   1.640332, 0.035449,
69.425615, 1.658862, 1.593603, -0.065259,   1.658862, 1.666919, 0.008057,   1.643555, 0.038672,
69.449694, 1.662085, 1.591992, -0.070093,   1.654028, 1.650000, -0.004028,   1.645166, 0.040283,
69.474152, 1.662085, 1.591187, -0.070898,   1.662085, 1.633081, -0.029004,   1.643555, 0.038672,
69.498471, 1.658862, 1.587964, -0.070898,   1.658057, 1.648389, -0.009668,   1.640332, 0.039478,
69.522806, 1.658862, 1.598437, -0.060425,   1.654028, 1.649194, -0.004834,   1.645972, 0.037866,
69.547150, 1.650000, 1.575879, -0.074121,   1.641943, 1.677393, 0.035449,   1.631470, 0.026587,
69.571367, 1.648389, 1.582324, -0.066064,   1.645166, 1.666113, 0.020947,   1.633887, 0.025781,
69.595578, 1.649194, 1.587964, -0.061231,   1.648389, 1.644360, -0.004028,   1.637915, 0.028198,
69.619806, 1.648389, 1.575073, -0.073315,   1.650000, 1.647583, -0.002417,   1.639526, 0.022559,
69.644035, 1.647583, 1.574268, -0.073316,   1.648389, 1.641138, -0.007251,   1.637915, 0.028198,
69.668371, 1.648389, 1.583130, -0.065259,   1.650000, 1.640332, -0.009668,   1.637109, 0.026587,
69.692703, 1.647583, 1.573462, -0.074121,   1.652417, 1.647583, -0.004834,   1.633081, 0.022559,
69.717043, 1.652417, 1.579102, -0.073315,   1.652417, 1.648389, -0.004028,   1.632275, 0.026587,
69.741377, 1.649194, 1.598437, -0.050757,   1.648389, 1.654028, 0.005640,   1.637109, 0.029810,
69.765586, 1.649194, 1.600855, -0.048340,   1.650000, 1.633887, -0.016113,   1.633081, 0.022559,
69.790048, 1.650000, 1.566211, -0.083789,   1.645972, 1.650806, 0.004834,   1.636304, 0.028198,
69.814157, 1.649194, 1.574268, -0.074927,   1.653223, 1.647583, -0.005640,   1.637109, 0.027393,
69.838483, 1.662085, 1.595215, -0.066870,   1.665308, 1.658057, -0.007251,   1.640332, 0.038672,
69.862911, 1.660474, 1.575879, -0.084595,   1.658862, 1.668530, 0.009668,   1.645166, 0.035449,
69.887173, 1.657251, 1.579102, -0.078149,   1.660474, 1.662085, 0.001611,   1.637109, 0.037866,
69.911278, 1.662085, 1.596020, -0.066064,   1.662085, 1.648389, -0.013696,   1.640332, 0.038672,
69.935592, 1.662085, 1.591187, -0.070898,   1.654834, 1.654834, 0.000000,   1.637109, 0.040283,
69.959592, 1.658862, 1.581519, -0.077344,   1.662085, 1.629053, -0.033032,   1.637915, 0.043506,
69.984045, 1.660474, 1.585547, -0.074927,   1.658862, 1.650000, -0.008862,   1.639526, 0.038672,
70.008411, 1.658862, 1.558154, -0.100708,   1.654834, 1.662085, 0.007251,   1.644360, 0.037866,
70.032482, 1.661279, 1.591992, -0.069287,   1.661279, 1.649194, -0.012085,   1.639526, 0.042700,
70.056813, 1.658057, 1.562183, -0.095874,   1.658057, 1.653223, -0.004834,   1.645972, 0.040283,
70.081836, 1.658862, 1.575073, -0.083789,   1.654028, 1.654834, 0.000806,   1.637915, 0.037866,
70.105924, 1.658057, 1.589575, -0.068481,   1.656445, 1.654834, -0.001611,   1.643555, 0.040283,
70.130262, 1.658057, 1.575073, -0.082983,   1.658862, 1.660474, 0.001611,   1.645166, 0.039478,
70.154375, 1.658862, 1.591187, -0.067676,   1.660474, 1.658862, -0.001611,   1.641138, 0.041895,
70.178918, 1.647583, 1.596020, -0.051563,   1.641943, 1.661279, 0.019336,   1.632275, 0.025781,
70.203040, 1.643555, 1.567822, -0.075732,   1.645166, 1.654834, 0.009668,   1.637109, 0.029810,
70.227257, 1.641943, 1.556543, -0.085400,   1.648389, 1.636304, -0.012085,   1.637109, 0.026587,
70.251596, 1.647583, 1.604883, -0.042700,   1.645166, 1.647583, 0.002417,   1.635498, 0.028198,
70.275810, 1.654834, 1.590381, -0.064453,   1.652417, 1.640332, -0.012085,   1.633887, 0.024976,
70.300157, 1.650806, 1.574268, -0.076538,   1.649194, 1.654834, 0.005640,   1.633081, 0.028198,
70.324373, 1.650000, 1.567017, -0.082983,   1.647583, 1.661279, 0.013696,   1.636304, 0.028198,
70.348494, 1.650000, 1.600855, -0.049145,   1.649194, 1.641943, -0.007251,   1.631470, 0.028198,
70.372909, 1.647583, 1.621802, -0.025781,   1.650000, 1.649194, -0.000806,   1.635498, 0.027393,
70.397485, 1.647583, 1.590381, -0.057202,   1.649194, 1.652417, 0.003223,   1.639526, 0.028198,
70.421669, 1.647583, 1.587158, -0.060425,   1.650000, 1.645166, -0.004834,   1.633887, 0.028198,
70.446029, 1.647583, 1.579907, -0.067676,   1.647583, 1.678198, 0.030615,   1.633081, 0.025781,
70.470234, 1.650000, 1.590381, -0.059619,   1.647583, 1.657251, 0.009668,   1.633887, 0.028198,
70.494379, 1.658057, 1.587964, -0.070093,   1.664502, 1.639526, -0.024976,   1.643555, 0.042700,
70.518597, 1.664502, 1.581519, -0.082983,   1.662085, 1.645166, -0.016919,   1.645166, 0.037866,
70.542831, 1.660474, 1.614551, -0.045923,   1.656445, 1.615356, -0.041089,   1.641943, 0.041895,
70.567259, 1.661279, 1.571045, -0.090234,   1.658057, 1.650806, -0.007251,   1.644360, 0.039478,
70.591699, 1.658862, 1.589575, -0.069287,   1.652417, 1.650806, -0.001611,   1.647583, 0.037866,
70.616153, 1.654834, 1.574268, -0.080566,   1.660474, 1.627441, -0.033032,   1.637915, 0.039478,
70.640483, 1.662085, 1.581519, -0.080566,   1.657251, 1.648389, -0.008862,   1.640332, 0.040283,
70.664918, 1.656445, 1.615356, -0.041089,   1.660474, 1.641943, -0.018530,   1.640332, 0.037866,
70.689376, 1.661279, 1.583130, -0.078149,   1.660474, 1.633887, -0.026587,   1.645166, 0.043506,
70.713714, 1.654834, 1.582324, -0.072510,   1.657251, 1.648389, -0.008862,   1.643555, 0.039478,
70.738063, 1.658057, 1.589575, -0.068481,   1.654834, 1.662085, 0.007251,   1.637109, 0.040283,
70.762267, 1.654834, 1.585547, -0.069287,   1.654028, 1.640332, -0.013696,   1.640332, 0.037866,
70.786693, 1.660474, 1.569434, -0.091040,   1.657251, 1.653223, -0.004028,   1.643555, 0.037866,
70.811074, 1.641138, 1.582324, -0.058814,   1.640332, 1.647583, 0.007251,   1.637109, 0.028198,
70.835161, 1.648389, 1.586352, -0.062036,   1.645166, 1.645166, 0.000000,   1.637915, 0.024976,
70.859268, 1.644360, 1.571045, -0.073315,   1.648389, 1.640332, -0.008057,   1.632275, 0.026587,
70.883815, 1.644360, 1.582324, -0.062036,   1.650000, 1.620996, -0.029004,   1.628247, 0.025781,
70.908195, 1.648389, 1.579102, -0.069287,   1.645972, 1.640332, -0.005640,   1.636304, 0.025781,
70.932511, 1.650806, 1.570239, -0.080566,   1.649194, 1.649194, 0.000000,   1.637109, 0.028198,
70.956589, 1.650806, 1.596020, -0.054785,   1.649194, 1.635498, -0.013696,   1.637109, 0.023364,
70.981162, 1.650000, 1.574268, -0.075732,   1.650000, 1.670142, 0.020142,   1.641138, 0.027393,
71.005266, 1.656445, 1.591187, -0.065259,   1.649194, 1.650806, 0.001611,   1.631470, 0.029810,
71.029384, 1.650806, 1.571045, -0.079761,   1.649194, 1.650000, 0.000806,   1.637109, 0.025781,
71.053477, 1.649194, 1.560571, -0.088623,   1.649194, 1.649194, 0.000000,   1.632275, 0.028198,
71.077835, 1.650000, 1.579907, -0.070093,   1.649194, 1.636304, -0.012891,   1.631470, 0.024976,
71.102262, 1.650806, 1.581519, -0.069287,   1.648389, 1.654028, 0.005640,   1.633081, 0.028198,
71.117888, 1.662891, 1.598437, -0.064453,   1.662085, 1.633081, -0.029004,   1.645972, 0.041895,
71.142263, 1.657251, 1.589575, -0.067676,   1.662891, 1.665308, 0.002417,   1.633081, 0.040283,
71.166484, 1.662085, 1.585547, -0.076538,   1.654834, 1.641943, -0.012891,   1.637915, 0.040283,
71.190925, 1.662891, 1.596020, -0.066870,   1.658862, 1.657251, -0.001611,   1.645166, 0.042700,
71.215268, 1.662085, 1.578296, -0.083789,   1.661279, 1.647583, -0.013696,   1.645166, 0.037866,
71.239604, 1.662085, 1.594409, -0.067676,   1.658862, 1.683032, 0.024170,   1.640332, 0.037866,
71.263836, 1.658862, 1.556543, -0.102319,   1.660474, 1.653223, -0.007251,   1.641138, 0.039478,
71.288265, 1.660474, 1.598437, -0.062036,   1.654834, 1.662085, 0.007251,   1.644360, 0.040283,
71.312403, 1.660474, 1.577490, -0.082983,   1.656445, 1.645972, -0.010474,   1.641138, 0.040283,
71.336707, 1.654834, 1.583130, -0.071704,   1.654834, 1.673364, 0.018530,   1.637109, 0.037866,
71.360927, 1.658057, 1.627441, -0.030615,   1.658862, 1.645972, -0.012891,   1.644360, 0.037866,
71.385487, 1.658057, 1.599243, -0.058813,   1.661279, 1.654028, -0.007251,   1.641943, 0.038672,
71.409951, 1.660474, 1.587964, -0.072510,   1.658057, 1.637109, -0.020947,   1.645972, 0.043506,
71.434279, 1.658862, 1.591992, -0.066870,   1.657251, 1.658057, 0.000806,   1.641138, 0.041895,
71.458399, 1.641138, 1.581519, -0.059619,   1.645166, 1.650000, 0.004834,   1.635498, 0.028198,
71.482707, 1.645166, 1.606494, -0.038672,   1.640332, 1.645166, 0.004834,   1.628247, 0.027393,
71.506812, 1.643555, 1.582324, -0.061231,   1.649194, 1.658862, 0.009668,   1.632275, 0.024976,
71.530932, 1.645166, 1.571851, -0.073316,   1.650000, 1.629053, -0.020947,   1.639526, 0.027393,
71.555260, 1.650000, 1.574268, -0.075732,   1.647583, 1.654834, 0.007251,   1.633081, 0.027393,
71.579598, 1.645166, 1.575073, -0.070093,   1.645166, 1.629053, -0.016113,   1.637915, 0.028198,
71.602156, 1.650806, 1.582324, -0.068481,   1.645972, 1.641138, -0.004834,   1.629858, 0.028198,
71.626485, 1.654028, 1.581519, -0.072510,   1.656445, 1.645166, -0.011279,   1.635498, 0.028198,
71.650818, 1.650806, 1.578296, -0.072510,   1.647583, 1.657251, 0.009668,   1.639526, 0.028198,
71.675039, 1.649194, 1.574268, -0.074927,   1.650000, 1.639526, -0.010474,   1.633081, 0.028198,
71.699474, 1.650806, 1.589575, -0.061230,   1.648389, 1.649194, 0.000806,   1.633081, 0.027393,
71.723705, 1.648389, 1.596020, -0.052368,   1.647583, 1.654834, 0.007251,   1.631470, 0.028198,
71.747821, 1.650806, 1.582324, -0.068481,   1.648389, 1.649194, 0.000806,   1.640332, 0.028198,
71.772047, 1.664502, 1.589575, -0.074927,   1.664502, 1.632275, -0.032227,   1.641943, 0.039478,
71.796469, 1.662085, 1.562988, -0.099097,   1.658057, 1.658057, 0.000000,   1.641138, 0.039478,
71.820593, 1.657251, 1.574268, -0.082983,   1.662891, 1.656445, -0.006445,   1.637915, 0.036255,
71.844816, 1.662085, 1.579102, -0.082983,   1.661279, 1.635498, -0.025781,   1.641138, 0.040283,
71.869165, 1.662085, 1.581519, -0.080566,   1.661279, 1.653223, -0.008057,   1.643555, 0.041895,
71.893487, 1.656445, 1.587158, -0.069287,   1.658862, 1.650000, -0.008862,   1.641943, 0.036255,
71.917735, 1.662085, 1.581519, -0.080566,   1.653223, 1.672559, 0.019336,   1.645166, 0.037866,
71.941816, 1.660474, 1.581519, -0.078955,   1.662085, 1.645166, -0.016919,   1.641138, 0.038672,
71.966279, 1.657251, 1.581519, -0.075732,   1.662085, 1.641943, -0.020142,   1.645166, 0.040283,
71.990695, 1.657251, 1.587964, -0.069287,   1.662085, 1.654834, -0.007251,   1.643555, 0.035449,
72.015071, 1.657251, 1.603271, -0.053980,   1.660474, 1.645972, -0.014502,   1.633887, 0.038672,
72.039381, 1.661279, 1.594409, -0.066870,   1.657251, 1.654834, -0.002417,   1.639526, 0.042700,
72.063817, 1.657251, 1.604883, -0.052368,   1.658862, 1.641943, -0.016919,   1.635498, 0.037866,
72.088274, 1.644360, 1.590381, -0.053980,   1.647583, 1.649194, 0.001611,   1.635498, 0.023364,
72.112432, 1.645972, 1.567017, -0.078955,   1.645166, 1.625024, -0.020142,   1.632275, 0.025781,
72.136709, 1.645166, 1.578296, -0.066870,   1.647583, 1.660474, 0.012891,   1.633887, 0.025781,
72.160929, 1.644360, 1.581519, -0.062842,   1.647583, 1.654028, 0.006445,   1.633081, 0.027393,
72.185168, 1.649194, 1.571045, -0.078149,   1.647583, 1.640332, -0.007251,   1.636304, 0.029810,
72.209560, 1.650000, 1.565405, -0.084595,   1.648389, 1.633081, -0.015308,   1.636304, 0.025781,
72.233928, 1.650806, 1.583130, -0.067676,   1.650000, 1.665308, 0.015308,   1.637915, 0.028198,
72.258047, 1.649194, 1.573462, -0.075732,   1.650000, 1.640332, -0.009668,   1.637915, 0.024976,
72.282502, 1.648389, 1.595215, -0.053174,   1.650000, 1.649194, -0.000806,   1.633081, 0.025781,
72.306817, 1.650000, 1.575879, -0.074121,   1.649194, 1.662085, 0.012891,   1.635498, 0.023364,
72.330920, 1.649194, 1.581519, -0.067676,   1.648389, 1.647583, -0.000806,   1.636304, 0.024976,
72.355280, 1.657251, 1.586352, -0.070899,   1.650806, 1.621802, -0.029004,   1.636304, 0.028198,
72.379923, 1.650806, 1.560571, -0.090234,   1.649194, 1.641943, -0.007251,   1.635498, 0.028198,
72.404270, 1.668530, 1.596020, -0.072510,   1.661279, 1.658862, -0.002417,   1.637915, 0.037866,
72.428597, 1.660474, 1.587964, -0.072510,   1.662891, 1.648389, -0.014502,   1.641943, 0.040283,
72.452928, 1.661279, 1.583130, -0.078149,   1.662085, 1.648389, -0.013696,   1.641138, 0.038672,
72.477469, 1.658862, 1.583130, -0.075732,   1.662891, 1.650000, -0.012891,   1.641943, 0.038672,
72.501821, 1.658862, 1.587964, -0.070898,   1.662085, 1.637109, -0.024976,   1.641943, 0.040283,
72.526168, 1.662891, 1.587964, -0.074927,   1.660474, 1.648389, -0.012085,   1.643555, 0.033838,
72.550495, 1.658862, 1.579102, -0.079761,   1.657251, 1.647583, -0.009668,   1.639526, 0.039478,
72.574924, 1.657251, 1.579907, -0.077344,   1.654834, 1.644360, -0.010474,   1.645166, 0.038672,
72.599273, 1.658862, 1.603271, -0.055591,   1.660474, 1.649194, -0.011279,   1.645166, 0.039478,
72.623705, 1.656445, 1.595215, -0.061230,   1.661279, 1.654028, -0.007251,   1.645166, 0.040283,
72.648042, 1.656445, 1.589575, -0.066870,   1.662085, 1.654834, -0.007251,   1.640332, 0.040283,
72.672495, 1.654834, 1.594409, -0.060425,   1.654834, 1.654834, 0.000000,   1.641138, 0.042700,
72.696692, 1.661279, 1.579102, -0.082178,   1.654028, 1.618579, -0.035449,   1.645166, 0.040283,
72.721045, 1.645166, 1.583130, -0.062036,   1.645166, 1.662891, 0.017725,   1.636304, 0.024976,
72.745130, 1.644360, 1.579102, -0.065259,   1.647583, 1.633887, -0.013696,   1.633887, 0.025781,
72.763386, 1.647583, 1.596020, -0.051563,   1.644360, 1.640332, -0.004028,   1.636304, 0.026587,
72.787829, 1.648389, 1.581519, -0.066870,   1.647583, 1.664502, 0.016919,   1.633887, 0.027393,
72.811955, 1.648389, 1.571851, -0.076538,   1.647583, 1.640332, -0.007251,   1.635498, 0.023364,
72.836276, 1.649194, 1.587964, -0.061231,   1.648389, 1.648389, 0.000000,   1.632275, 0.027393,
72.860460, 1.650000, 1.611328, -0.038672,   1.647583, 1.650000, 0.002417,   1.633081, 0.024976,
72.884718, 1.648389, 1.600049, -0.048340,   1.649194, 1.645166, -0.004028,   1.637109, 0.027393,
72.909088, 1.653223, 1.554932, -0.098291,   1.649194, 1.645972, -0.003223,   1.636304, 0.028198,
72.933387, 1.648389, 1.604077, -0.044312,   1.650806, 1.647583, -0.003223,   1.633081, 0.026587,
72.957708, 1.650806, 1.562183, -0.088623,   1.649194, 1.648389, -0.000806,   1.631470, 0.028198,
72.982277, 1.649194, 1.564600, -0.084595,   1.649194, 1.641943, -0.007251,   1.635498, 0.028198,
73.006603, 1.653223, 1.593603, -0.059619,   1.649194, 1.645972, -0.003223,   1.633887, 0.022559,
73.030954, 1.653223, 1.579907, -0.073316,   1.650806, 1.653223, 0.002417,   1.629858, 0.028198,
73.055056, 1.662891, 1.581519, -0.081372,   1.664502, 1.662891, -0.001611,   1.645166, 0.038672,
73.079609, 1.664502, 1.599243, -0.065259,   1.665308, 1.647583, -0.017725,   1.641943, 0.039478,
73.103930, 1.660474, 1.587964, -0.072510,   1.661279, 1.650806, -0.010474,   1.644360, 0.037866,
73.125925, 1.662085, 1.595215, -0.066870,   1.657251, 1.625830, -0.031421,   1.641138, 0.039478,
73.150272, 1.660474, 1.593603, -0.066870,   1.661279, 1.657251, -0.004028,   1.647583, 0.037866,
73.174716, 1.661279, 1.596826, -0.064453,   1.660474, 1.640332, -0.020142,   1.640332, 0.041895,
73.199169, 1.662085, 1.591992, -0.070093,   1.660474, 1.654028, -0.006445,   1.640332, 0.042700,
73.223496, 1.658057, 1.570239, -0.087817,   1.654834, 1.645166, -0.009668,   1.644360, 0.040283,
73.247827, 1.661279, 1.595215, -0.066064,   1.660474, 1.644360, -0.016113,   1.645166, 0.039478,
73.272266, 1.658057, 1.583130, -0.074927,   1.656445, 1.665308, 0.008862,   1.645166, 0.040283,
73.296508, 1.658057, 1.589575, -0.068481,   1.662085, 1.654834, -0.007251,   1.640332, 0.040283,
73.320804, 1.658057, 1.595215, -0.062842,   1.658057, 1.661279, 0.003223,   1.640332, 0.037866,
73.344839, 1.657251, 1.591187, -0.066064,   1.658862, 1.640332, -0.018530,   1.645972, 0.035449,
73.369170, 1.660474, 1.579102, -0.081372,   1.658057, 1.662085, 0.004028,   1.645166, 0.037866,
73.393391, 1.645166, 1.581519, -0.063648,   1.645166, 1.645972, 0.000806,   1.637915, 0.024976,
73.417392, 1.647583, 1.581519, -0.066064,   1.645972, 1.650000, 0.004028,   1.637109, 0.028198,
73.441508, 1.645972, 1.583130, -0.062842,   1.643555, 1.637915, -0.005640,   1.632275, 0.028198,
73.465935, 1.647583, 1.566211, -0.081372,   1.650000, 1.637915, -0.012085,   1.637109, 0.028198,
73.490405, 1.649194, 1.560571, -0.088623,   1.650000, 1.641138, -0.008862,   1.637109, 0.026587,
73.514715, 1.650000, 1.596826, -0.053174,   1.648389, 1.640332, -0.008057,   1.633887, 0.025781,
73.539057, 1.649194, 1.581519, -0.067676,   1.647583, 1.662085, 0.014502,   1.631470, 0.028198,
73.563281, 1.653223, 1.579907, -0.073316,   1.647583, 1.654028, 0.006445,   1.633081, 0.027393,
73.587495, 1.650000, 1.583130, -0.066870,   1.647583, 1.660474, 0.012891,   1.631470, 0.027393,
73.611631, 1.648389, 1.573462, -0.074927,   1.650000, 1.627441, -0.022559,   1.633081, 0.024976,
73.635930, 1.652417, 1.587964, -0.064453,   1.645166, 1.643555, -0.001611,   1.636304, 0.025781,
73.660351, 1.647583, 1.595215, -0.052368,   1.648389, 1.635498, -0.012891,   1.631470, 0.025781,
73.684858, 1.664502, 1.594409, -0.070093,   1.664502, 1.654028, -0.010474,   1.640332, 0.037866,
73.709198, 1.662891, 1.590381, -0.072510,   1.666113, 1.652417, -0.013696,   1.641138, 0.037866,
73.733492, 1.660474, 1.581519, -0.078955,   1.660474, 1.629858, -0.030615,   1.637915, 0.037866,
73.757829, 1.662085, 1.595215, -0.066870,   1.662085, 1.649194, -0.012891,   1.640332, 0.039478,
73.782392, 1.658057, 1.595215, -0.062842,   1.658057, 1.656445, -0.001611,   1.645166, 0.037866,
73.806722, 1.661279, 1.599243, -0.062036,   1.660474, 1.648389, -0.012085,   1.640332, 0.042700,
73.831057, 1.661279, 1.591992, -0.069287,   1.656445, 1.623413, -0.033032,   1.637915, 0.035449,
73.855394, 1.661279, 1.594409, -0.066870,   1.654834, 1.662891, 0.008057,   1.641138, 0.040283,
73.879711, 1.654834, 1.571851, -0.082983,   1.658862, 1.670142, 0.011279,   1.639526, 0.038672,
73.903830, 1.661279, 1.596826, -0.064453,   1.653223, 1.654834, 0.001611,   1.637109, 0.034644,
73.927929, 1.654834, 1.606494, -0.048340,   1.661279, 1.643555, -0.017725,   1.637915, 0.038672,
73.952279, 1.658057, 1.579907, -0.078149,   1.656445, 1.654834, -0.001611,   1.643555, 0.038672,
73.976796, 1.661279, 1.558154, -0.103125,   1.657251, 1.654028, -0.003223,   1.637915, 0.037866,
74.001169, 1.647583, 1.574268, -0.073316,   1.645166, 1.627441, -0.017725,   1.632275, 0.026587,
74.025610, 1.648389, 1.541235, -0.107153,   1.645972, 1.623413, -0.022559,   1.635498, 0.028198,
74.049938, 1.647583, 1.586352, -0.061231,   1.647583, 1.656445, 0.008862,   1.637109, 0.028198,
74.074171, 1.650000, 1.561377, -0.088623,   1.645972, 1.625024, -0.020947,   1.632275, 0.023364,
74.098608, 1.649194, 1.579102, -0.070093,   1.650000, 1.647583, -0.002417,   1.635498, 0.028198,
74.123054, 1.650000, 1.587964, -0.062036,   1.650806, 1.641138, -0.009668,   1.637109, 0.031421,
74.147387, 1.649194, 1.575073, -0.074121,   1.650806, 1.653223, 0.002417,   1.633081, 0.025781,
74.171616, 1.650000, 1.566211, -0.083789,   1.650000, 1.657251, 0.007251,   1.637109, 0.025781,
74.195818, 1.648389, 1.583130, -0.065259,   1.645972, 1.650000, 0.004028,   1.635498, 0.027393,
74.219930, 1.648389, 1.587158, -0.061230,   1.650000, 1.647583, -0.002417,   1.636304, 0.025781,
74.244177, 1.649194, 1.583130, -0.066064,   1.650000, 1.640332, -0.009668,   1.633081, 0.027393,
74.268506, 1.647583, 1.571851, -0.075732,   1.647583, 1.654028, 0.006445,   1.635498, 0.027393,
74.292612, 1.653223, 1.553320, -0.099902,   1.648389, 1.624219, -0.024170,   1.633887, 0.027393,
74.316930, 1.654028, 1.561377, -0.092651,   1.662891, 1.633081, -0.029809,   1.641943, 0.039478,
74.341307, 1.662085, 1.599243, -0.062842,   1.662085, 1.628247, -0.033838,   1.639526, 0.041895,
74.365722, 1.662085, 1.553320, -0.108765,   1.660474, 1.654834, -0.005640,   1.640332, 0.039478,
74.390280, 1.662085, 1.583130, -0.078955,   1.662891, 1.637915, -0.024976,   1.643555, 0.040283,
74.414716, 1.658057, 1.587158, -0.070898,   1.662085, 1.657251, -0.004834,   1.643555, 0.036255,
74.439059, 1.664502, 1.596826, -0.067676,   1.660474, 1.658862, -0.001611,   1.645166, 0.042700,
74.463495, 1.658862, 1.587158, -0.071704,   1.662085, 1.640332, -0.021753,   1.637109, 0.036255,
74.487938, 1.660474, 1.593603, -0.066870,   1.654834, 1.650000, -0.004834,   1.641943, 0.037866,
74.512295, 1.661279, 1.581519, -0.079761,   1.656445, 1.643555, -0.012891,   1.640332, 0.037866,
74.536645, 1.658862, 1.603271, -0.055591,   1.654834, 1.669336, 0.014502,   1.643555, 0.039478,
74.560827, 1.658057, 1.566211, -0.091846,   1.657251, 1.637109, -0.020142,   1.641138, 0.035449,
74.585281, 1.660474, 1.596020, -0.064453,   1.660474, 1.644360, -0.016113,   1.643555, 0.040283,
74.609641, 1.658057, 1.587158, -0.070898,   1.654028, 1.649194, -0.004834,   1.643555, 0.037866,
74.633947, 1.660474, 1.579907, -0.080566,   1.654028, 1.644360, -0.009668,   1.647583, 0.039478,
74.658283, 1.647583, 1.574268, -0.073316,   1.645972, 1.636304, -0.009668,   1.633887, 0.025781,
74.682833, 1.649194, 1.579907, -0.069287,   1.647583, 1.640332, -0.007251,   1.637915, 0.026587,
74.707179, 1.647583, 1.608911, -0.038672,   1.645166, 1.644360, -0.000806,   1.637109, 0.023364,
74.731499, 1.648389, 1.575073, -0.073315,   1.645166, 1.654028, 0.008862,   1.633081, 0.028198,
74.755617, 1.647583, 1.570239, -0.077344,   1.650000, 1.653223, 0.003223,   1.636304, 0.025781,
74.779938, 1.650000, 1.578296, -0.071704,   1.650000, 1.648389, -0.001611,   1.636304, 0.025781,
74.804285, 1.647583, 1.574268, -0.073316,   1.649194, 1.650000, 0.000806,   1.633081, 0.026587,
74.828498, 1.650000, 1.585547, -0.064453,   1.649194, 1.644360, -0.004834,   1.633081, 0.026587,
74.852829, 1.650806, 1.571045, -0.079761,   1.648389, 1.645972, -0.002417,   1.636304, 0.028198,
74.877400, 1.650000, 1.581519, -0.068481,   1.644360, 1.644360, 0.000000,   1.633081, 0.028198,
74.901507, 1.647583, 1.569434, -0.078149,   1.650000, 1.650000, 0.000000,   1.633081, 0.026587,
74.925615, 1.652417, 1.567822, -0.084595,   1.653223, 1.653223, 0.000000,   1.633887, 0.027393,
74.949717, 1.650806, 1.573462, -0.077344,   1.647583, 1.645166, -0.002417,   1.635498, 0.026587,
74.974183, 1.662085, 1.603271, -0.058813,   1.662085, 1.647583, -0.014502,   1.640332, 0.039478,
74.998501, 1.660474, 1.573462, -0.087012,   1.662085, 1.669336, 0.007251,   1.641138, 0.040283,
75.022608, 1.664502, 1.566211, -0.098291,   1.661279, 1.654834, -0.006445,   1.644360, 0.040283,
75.046926, 1.656445, 1.577490, -0.078955,   1.657251, 1.654834, -0.002417,   1.647583, 0.038672,
75.071389, 1.660474, 1.611328, -0.049145,   1.660474, 1.662891, 0.002417,   1.637915, 0.037866,
75.095602, 1.657251, 1.619385, -0.037866,   1.654834, 1.636304, -0.018530,   1.644360, 0.040283,
75.119844, 1.662085, 1.585547, -0.076538,   1.660474, 1.670142, 0.009668,   1.641138, 0.041895,
75.141938, 1.661279, 1.575073, -0.086206,   1.660474, 1.658057, -0.002417,   1.643555, 0.043506,
75.166279, 1.661279, 1.569434, -0.091846,   1.662085, 1.662085, 0.000000,   1.643555, 0.039478,
75.190507, 1.658862, 1.578296, -0.080566,   1.654834, 1.690283, 0.035449,   1.644360, 0.037866,
75.214621, 1.657251, 1.600049, -0.057202,   1.654028, 1.664502, 0.010474,   1.644360, 0.037866,
75.238725, 1.654028, 1.583130, -0.070898,   1.661279, 1.665308, 0.004028,   1.640332, 0.037866,
75.262941, 1.661279, 1.573462, -0.087817,   1.658057, 1.654028, -0.004028,   1.636304, 0.035449,
75.287407, 1.658057, 1.594409, -0.063648,   1.662085, 1.654834, -0.007251,   1.645166, 0.041895,
75.311745, 1.648389, 1.586352, -0.062036,   1.647583, 1.649194, 0.001611,   1.640332, 0.027393,
75.335829, 1.645166, 1.578296, -0.066870,   1.647583, 1.664502, 0.016919,   1.637109, 0.027393,
75.359941, 1.649194, 1.571851, -0.077344,   1.645166, 1.654028, 0.008862,   1.633081, 0.025781,
75.384294, 1.650000, 1.583130, -0.066870,   1.648389, 1.640332, -0.008057,   1.633887, 0.029810,
75.408651, 1.647583, 1.582324, -0.065259,   1.648389, 1.647583, -0.000806,   1.636304, 0.025781,
75.432952, 1.649194, 1.552515, -0.096680,   1.648389, 1.648389, 0.000000,   1.632275, 0.024976,
75.457066, 1.650000, 1.544458, -0.105542,   1.652417, 1.649194, -0.003223,   1.633081, 0.024976,
75.481621, 1.654834, 1.567822, -0.087012,   1.649194, 1.674170, 0.024976,   1.633887, 0.030615,
75.505726, 1.647583, 1.578296, -0.069287,   1.649194, 1.654028, 0.004834,   1.633887, 0.026587,
75.529841, 1.648389, 1.581519, -0.066870,   1.649194, 1.641138, -0.008057,   1.637109, 0.028198,
75.554176, 1.650000, 1.579907, -0.070093,   1.650806, 1.674170, 0.023364,   1.635498, 0.027393,
75.578512, 1.650806, 1.579907, -0.070898,   1.649194, 1.633081, -0.016113,   1.633887, 0.024976,
75.602828, 1.658862, 1.582324, -0.076538,   1.662891, 1.670142, 0.007251,   1.636304, 0.038672,
75.626954, 1.662085, 1.587964, -0.074121,   1.662891, 1.662085, -0.000806,   1.641138, 0.037866,
75.651313, 1.658862, 1.608105, -0.050757,   1.662085, 1.653223, -0.008862,   1.641138, 0.037866,
75.675719, 1.664502, 1.571851, -0.092651,   1.661279, 1.654834, -0.006445,   1.645166, 0.042700,
75.700071, 1.660474, 1.586352, -0.074121,   1.657251, 1.690283, 0.033032,   1.641943, 0.037866,
75.724180, 1.656445, 1.595215, -0.061230,   1.662085, 1.645972, -0.016113,   1.643555, 0.038672,
75.748507, 1.658862, 1.591187, -0.067676,   1.657251, 1.639526, -0.017725,   1.640332, 0.037866,
75.772506, 1.662891, 1.600855, -0.062036,   1.658862, 1.648389, -0.010474,   1.643555, 0.039478,
75.796920, 1.656445, 1.608911, -0.047534,   1.662085, 1.649194, -0.012891,   1.644360, 0.040283,
75.821276, 1.658862, 1.590381, -0.068481,   1.660474, 1.666919, 0.006445,   1.639526, 0.037866,
75.845390, 1.657251, 1.587158, -0.070093,   1.660474, 1.658862, -0.001611,   1.644360, 0.040283,
75.869726, 1.662085, 1.583130, -0.078955,   1.658057, 1.664502, 0.006445,   1.639526, 0.037866,
75.893844, 1.661279, 1.582324, -0.078955,   1.658057, 1.641943, -0.016113,   1.640332, 0.041895,
75.918182, 1.650000, 1.574268, -0.075732,   1.648389, 1.658057, 0.009668,   1.639526, 0.027393,
75.942185, 1.647583, 1.585547, -0.062036,   1.647583, 1.641943, -0.005640,   1.633887, 0.027393,
75.966623, 1.644360, 1.604883, -0.039477,   1.648389, 1.633887, -0.014502,   1.633887, 0.023364,
75.991079, 1.649194, 1.573462, -0.075732,   1.649194, 1.650806, 0.001611,   1.633081, 0.028198,
76.015208, 1.650806, 1.587964, -0.062842,   1.647583, 1.640332, -0.007251,   1.633081, 0.025781,
76.039508, 1.649194, 1.583935, -0.065259,   1.647583, 1.640332, -0.007251,   1.635498, 0.028198,
76.063935, 1.648389, 1.600049, -0.048340,   1.649194, 1.636304, -0.012891,   1.633081, 0.028198,
76.088401, 1.648389, 1.566211, -0.082178,   1.650806, 1.637109, -0.013696,   1.633887, 0.028198,
76.112812, 1.650806, 1.587158, -0.063647,   1.650806, 1.656445, 0.005640,   1.637109, 0.029810,
76.136959, 1.650806, 1.575073, -0.075732,   1.649194, 1.668530, 0.019336,   1.629858, 0.024976,
76.161179, 1.649194, 1.573462, -0.075732,   1.649194, 1.637915, -0.011279,   1.633887, 0.025781,
76.185617, 1.648389, 1.583130, -0.065259,   1.649194, 1.641138, -0.008057,   1.637109, 0.028198,
76.209993, 1.650000, 1.583935, -0.066064,   1.654834, 1.653223, -0.001611,   1.637109, 0.031421,
76.234286, 1.653223, 1.566211, -0.087012,   1.649194, 1.639526, -0.009668,   1.637109, 0.026587,
76.258612, 1.664502, 1.596020, -0.068481,   1.662085, 1.619385, -0.042700,   1.640332, 0.042700,
76.283072, 1.662085, 1.579907, -0.082178,   1.662891, 1.650000, -0.012891,   1.637915, 0.041895,
76.307433, 1.660474, 1.587964, -0.072510,   1.657251, 1.647583, -0.009668,   1.641943, 0.039478,
76.331745, 1.662891, 1.596826, -0.066064,   1.661279, 1.647583, -0.013696,   1.641943, 0.036255,
76.356073, 1.660474, 1.577490, -0.082983,   1.662891, 1.664502, 0.001611,   1.640332, 0.039478,
76.380510, 1.662891, 1.581519, -0.081372,   1.656445, 1.650806, -0.005640,   1.648389, 0.037866,
76.404833, 1.661279, 1.591992, -0.069287,   1.656445, 1.660474, 0.004028,   1.643555, 0.038672,
76.428935, 1.657251, 1.600049, -0.057202,   1.654834, 1.645972, -0.008862,   1.643555, 0.038672,
76.453295, 1.656445, 1.567822, -0.088623,   1.654834, 1.670142, 0.015308,   1.643555, 0.035449,
76.477621, 1.656445, 1.585547, -0.070898,   1.654834, 1.636304, -0.018530,   1.641138, 0.036255,
76.501940, 1.661279, 1.596020, -0.065259,   1.653223, 1.648389, -0.004834,   1.644360, 0.037866,
76.526294, 1.662085, 1.600049, -0.062036,   1.660474, 1.653223, -0.007251,   1.643555, 0.040283,
76.550622, 1.658057, 1.598437, -0.059619,   1.660474, 1.677393, 0.016919,   1.641138, 0.037866,
76.574846, 1.644360, 1.586352, -0.058008,   1.647583, 1.640332, -0.007251,   1.639526, 0.025781,
76.599185, 1.649194, 1.577490, -0.071704,   1.643555, 1.654834, 0.011279,   1.633081, 0.028198,
76.623283, 1.649194, 1.571045, -0.078149,   1.647583, 1.637109, -0.010474,   1.633887, 0.028198,
76.647614, 1.645972, 1.581519, -0.064453,   1.649194, 1.633887, -0.015308,   1.637109, 0.024976,
76.672074, 1.648389, 1.558960, -0.089429,   1.647583, 1.660474, 0.012891,   1.636304, 0.024976,
76.696276, 1.647583, 1.582324, -0.065259,   1.643555, 1.666919, 0.023364,   1.636304, 0.028198,
76.720507, 1.650000, 1.587964, -0.062036,   1.650000, 1.650806, 0.000806,   1.635498, 0.028198,
76.744502, 1.652417, 1.611328, -0.041089,   1.652417, 1.641943, -0.010474,   1.631470, 0.026587,
76.768865, 1.650806, 1.579907, -0.070898,   1.652417, 1.645166, -0.007251,   1.633081, 0.028198,
76.793186, 1.649194, 1.575879, -0.073316,   1.650000, 1.647583, -0.002417,   1.633081, 0.029810,
76.817409, 1.647583, 1.575879, -0.071704,   1.650806, 1.666113, 0.015308,   1.637109, 0.027393,
76.841503, 1.650000, 1.571851, -0.078149,   1.650000, 1.653223, 0.003223,   1.637915, 0.024976,
76.865746, 1.650806, 1.590381, -0.060425,   1.645972, 1.637109, -0.008862,   1.633081, 0.028198,
76.890190, 1.664502, 1.571851, -0.092651,   1.664502, 1.662085, -0.002417,   1.637915, 0.037866,
76.914623, 1.658057, 1.594409, -0.063648,   1.662085, 1.640332, -0.021753,   1.644360, 0.039478,
76.938938, 1.662085, 1.575879, -0.086206,   1.661279, 1.625024, -0.036255,   1.645972, 0.041895,
76.963428, 1.658057, 1.581519, -0.076538,   1.661279, 1.641943, -0.019336,   1.644360, 0.036255,
76.987842, 1.661279, 1.571851, -0.089429,   1.660474, 1.645166, -0.015308,   1.641943, 0.039478,
77.012198, 1.662085, 1.581519, -0.080566,   1.660474, 1.661279, 0.000806,   1.641138, 0.039478,
77.036311, 1.660474, 1.583935, -0.076538,   1.660474, 1.670947, 0.010474,   1.643555, 0.040283,
77.060488, 1.658862, 1.589575, -0.069287,   1.662085, 1.664502, 0.002417,   1.647583, 0.035449,
77.084728, 1.658862, 1.586352, -0.072510,   1.661279, 1.650806, -0.010474,   1.641138, 0.037866,
77.109149, 1.662085, 1.596020, -0.066064,   1.654834, 1.640332, -0.014502,   1.641138, 0.036255,
77.133520, 1.658057, 1.590381, -0.067676,   1.654834, 1.643555, -0.011279,   1.644360, 0.037866,
77.157625, 1.654028, 1.594409, -0.059619,   1.654834, 1.636304, -0.018530,   1.643555, 0.039478,
77.182187, 1.658057, 1.578296, -0.079761,   1.662085, 1.653223, -0.008862,   1.641943, 0.040283,
77.206508, 1.660474, 1.581519, -0.078955,   1.662085, 1.664502, 0.002417,   1.644360, 0.039478,
77.230632, 1.645166, 1.583130, -0.062036,   1.644360, 1.645166, 0.000806,   1.639526, 0.028198,
77.254725, 1.647583, 1.581519, -0.066064,   1.645166, 1.662085, 0.016919,   1.632275, 0.026587,
77.279076, 1.645972, 1.594409, -0.051563,   1.645972, 1.637915, -0.008057,   1.632275, 0.025781,
77.303412, 1.647583, 1.596020, -0.051563,   1.647583, 1.654834, 0.007251,   1.636304, 0.027393,
77.327517, 1.649194, 1.571851, -0.077344,   1.647583, 1.649194, 0.001611,   1.637109, 0.026587,
77.351627, 1.647583, 1.581519, -0.066064,   1.647583, 1.640332, -0.007251,   1.639526, 0.029810,
77.376228, 1.648389, 1.577490, -0.070898,   1.647583, 1.654834, 0.007251,   1.632275, 0.024976,
77.400402, 1.647583, 1.569434, -0.078149,   1.650000, 1.653223, 0.003223,   1.632275, 0.023364,
77.424516, 1.650806, 1.575073, -0.075732,   1.652417, 1.649194, -0.003223,   1.637109, 0.022559,
77.448850, 1.652417, 1.587964, -0.064453,   1.650806, 1.658057, 0.007251,   1.637109, 0.027393,
77.473083, 1.650000, 1.590381, -0.059619,   1.649194, 1.645972, -0.003223,   1.631470, 0.026587,
77.497509, 1.648389, 1.566211, -0.082178,   1.650806, 1.650806, 0.000000,   1.635498, 0.028198,
77.521632, 1.665308, 1.608911, -0.056396,   1.666113, 1.649194, -0.016919,   1.639526, 0.036255,
77.545932, 1.662891, 1.599243, -0.063647,   1.662085, 1.658862, -0.003223,   1.637109, 0.038672,
77.570394, 1.662891, 1.587158, -0.075732,   1.661279, 1.661279, 0.000000,   1.641138, 0.040283,
77.594524, 1.662085, 1.582324, -0.079761,   1.662085, 1.629858, -0.032227,   1.635498, 0.038672,
77.618771, 1.658057, 1.596826, -0.061230,   1.654834, 1.643555, -0.011279,   1.641943, 0.041895,
77.642949, 1.658862, 1.583130, -0.075732,   1.658862, 1.657251, -0.001611,   1.641943, 0.037866,
77.667299, 1.662085, 1.553320, -0.108765,   1.662085, 1.662085, 0.000000,   1.640332, 0.039478,
77.691626, 1.656445, 1.600049, -0.056396,   1.656445, 1.648389, -0.008057,   1.640332, 0.040283,
77.715963, 1.657251, 1.596826, -0.060425,   1.658862, 1.603271, -0.055591,   1.644360, 0.042700,
77.740297, 1.658057, 1.552515, -0.105542,   1.654028, 1.632275, -0.021753,   1.643555, 0.040283,
77.764724, 1.660474, 1.567822, -0.092651,   1.657251, 1.670142, 0.012891,   1.640332, 0.040283,
77.788962, 1.661279, 1.598437, -0.062842,   1.654834, 1.650806, -0.004028,   1.641943, 0.036255,
77.813432, 1.654834, 1.595215, -0.059619,   1.654028, 1.654834, 0.000806,   1.639526, 0.043506,
77.837521, 1.653223, 1.575073, -0.078149,   1.652417, 1.674170, 0.021753,   1.636304, 0.029810,
77.861727, 1.647583, 1.579102, -0.068481,   1.645972, 1.662085, 0.016113,   1.635498, 0.026587,
77.885965, 1.647583, 1.587964, -0.059619,   1.645166, 1.645972, 0.000806,   1.636304, 0.026587,
77.910102, 1.645166, 1.578296, -0.066870,   1.647583, 1.641943, -0.005640,   1.637109, 0.028198,
77.934408, 1.645972, 1.575879, -0.070093,   1.648389, 1.648389, 0.000000,   1.633081, 0.028198,
77.958515, 1.648389, 1.579102, -0.069287,   1.650806, 1.649194, -0.001611,   1.632275, 0.026587,
77.982951, 1.645972, 1.581519, -0.064453,   1.650806, 1.647583, -0.003223,   1.633081, 0.027393,
78.007306, 1.648389, 1.591187, -0.057202,   1.647583, 1.640332, -0.007251,   1.637109, 0.025781,
78.031726, 1.649194, 1.566211, -0.082983,   1.649194, 1.650806, 0.001611,   1.640332, 0.028198,
78.055859, 1.652417, 1.585547, -0.066870,   1.647583, 1.673364, 0.025781,   1.635498, 0.023364,
78.080206, 1.650806, 1.579102, -0.071704,   1.649194, 1.632275, -0.016919,   1.637109, 0.032227,
78.104516, 1.649194, 1.581519, -0.067676,   1.654028, 1.660474, 0.006445,   1.633887, 0.026587,
78.128634, 1.652417, 1.582324, -0.070093,   1.650000, 1.648389, -0.001611,   1.633887, 0.026587,
78.152959, 1.647583, 1.579102, -0.068481,   1.650806, 1.654834, 0.004028,   1.629858, 0.024976,
78.177277, 1.665308, 1.602466, -0.062842,   1.664502, 1.640332, -0.024170,   1.645972, 0.037866,
78.201634, 1.664502, 1.577490, -0.087012,   1.656445, 1.658862, 0.002417,   1.644360, 0.037866,
78.225843, 1.654834, 1.621802, -0.033032,   1.657251, 1.662085, 0.004834,   1.644360, 0.040283,
78.249966, 1.661279, 1.596020, -0.065259,   1.658862, 1.629858, -0.029004,   1.639526, 0.040283,
78.274406, 1.654834, 1.598437, -0.056396,   1.658057, 1.647583, -0.010474,   1.641943, 0.042700,
78.298732, 1.658057, 1.571851, -0.086206,   1.660474, 1.664502, 0.004028,   1.636304, 0.043506,
78.322842, 1.662085, 1.574268, -0.087817,   1.654834, 1.645166, -0.009668,   1.637915, 0.039478,
78.347185, 1.661279, 1.593603, -0.067676,   1.654028, 1.647583, -0.006445,   1.636304, 0.037866,
78.371627, 1.654834, 1.583130, -0.071704,   1.658057, 1.650806, -0.007251,   1.641138, 0.040283,
78.396192, 1.661279, 1.596020, -0.065259,   1.661279, 1.653223, -0.008057,   1.647583, 0.042700,
78.420619, 1.654834, 1.586352, -0.068481,   1.654834, 1.648389, -0.006445,   1.641138, 0.037866,
78.444854, 1.660474, 1.571851, -0.088623,   1.660474, 1.657251, -0.003223,   1.647583, 0.034644,
78.469206, 1.660474, 1.596826, -0.063647,   1.657251, 1.654028, -0.003223,   1.645166, 0.041895,
78.493515, 1.647583, 1.574268, -0.073316,   1.641138, 1.629053, -0.012085,   1.637109, 0.027393,
78.517858, 1.645166, 1.562183, -0.082983,   1.648389, 1.645972, -0.002417,   1.637109, 0.029810,
78.542192, 1.645166, 1.594409, -0.050757,   1.649194, 1.636304, -0.012891,   1.637109, 0.026587,
78.566631, 1.641138, 1.561377, -0.079761,   1.648389, 1.645166, -0.003223,   1.637109, 0.027393,
78.590851, 1.648389, 1.578296, -0.070093,   1.649194, 1.641138, -0.008057,   1.633887, 0.026587,
78.615190, 1.648389, 1.574268, -0.074121,   1.648389, 1.649194, 0.000806,   1.636304, 0.029810,
78.639293, 1.652417, 1.582324, -0.070093,   1.648389, 1.654028, 0.005640,   1.636304, 0.026587,
78.663517, 1.647583, 1.594409, -0.053174,   1.643555, 1.632275, -0.011279,   1.633081, 0.027393,
78.687950, 1.649194, 1.575879, -0.073316,   1.649194, 1.657251, 0.008057,   1.633887, 0.022559,
78.712118, 1.653223, 1.599243, -0.053980,   1.649194, 1.637915, -0.011279,   1.633887, 0.025781,
78.736424, 1.648389, 1.581519, -0.066870,   1.650000, 1.668530, 0.018530,   1.632275, 0.025781,
78.760633, 1.647583, 1.567822, -0.079761,   1.649194, 1.621802, -0.027393,   1.633081, 0.027393,
78.785084, 1.650806, 1.573462, -0.077344,   1.649194, 1.657251, 0.008057,   1.633081, 0.025781,
78.809229, 1.662891, 1.595215, -0.067676,   1.665308, 1.645972, -0.019336,   1.645166, 0.040283,
78.833524, 1.662891, 1.582324, -0.080566,   1.662085, 1.658057, -0.004028,   1.644360, 0.039478,
78.857844, 1.662085, 1.587158, -0.074927,   1.658862, 1.674976, 0.016113,   1.640332, 0.038672,
78.882201, 1.656445, 1.596826, -0.059619,   1.657251, 1.641138, -0.016113,   1.639526, 0.037866,
78.906539, 1.660474, 1.595215, -0.065259,   1.662085, 1.657251, -0.004834,   1.645166, 0.036255,
78.930856, 1.662085, 1.579102, -0.082983,   1.661279, 1.649194, -0.012085,   1.640332, 0.039478,
78.955198, 1.657251, 1.578296, -0.078955,   1.658862, 1.645166, -0.013696,   1.645166, 0.036255,
78.979740, 1.661279, 1.574268, -0.087012,   1.662085, 1.636304, -0.025781,   1.641943, 0.040283,
79.004080, 1.657251, 1.571045, -0.086206,   1.661279, 1.661279, 0.000000,   1.645972, 0.039478,
79.028194, 1.662085, 1.591992, -0.070093,   1.657251, 1.654834, -0.002417,   1.643555, 0.040283,
79.052511, 1.658862, 1.604077, -0.054785,   1.656445, 1.657251, 0.000806,   1.637915, 0.037866,
79.076849, 1.662085, 1.586352, -0.075732,   1.654834, 1.653223, -0.001611,   1.641138, 0.040283,
79.101197, 1.658862, 1.591992, -0.066870,   1.658862, 1.636304, -0.022559,   1.641138, 0.042700,
79.125531, 1.660474, 1.594409, -0.066064,   1.657251, 1.640332, -0.016919,   1.641943, 0.037866,
79.149857, 1.644360, 1.579102, -0.065259,   1.645166, 1.660474, 0.015308,   1.633887, 0.029810,
79.167298, 1.648389, 1.579907, -0.068481,   1.647583, 1.645972, -0.001611,   1.633081, 0.025781,
79.191761, 1.648389, 1.571045, -0.077344,   1.648389, 1.641943, -0.006445,   1.633081, 0.028198,
79.216084, 1.648389, 1.557349, -0.091040,   1.647583, 1.650000, 0.002417,   1.633081, 0.028198,
79.240203, 1.643555, 1.600049, -0.043506,   1.652417, 1.640332, -0.012085,   1.637109, 0.026587,
79.264641, 1.650806, 1.554932, -0.095874,   1.650000, 1.648389, -0.001611,   1.637109, 0.026587,
79.289094, 1.648389, 1.558960, -0.089429,   1.647583, 1.650000, 0.002417,   1.629858, 0.024976,
79.313215, 1.645972, 1.600855, -0.045117,   1.649194, 1.625024, -0.024170,   1.633081, 0.025781,
79.337522, 1.654028, 1.590381, -0.063648,   1.653223, 1.643555, -0.009668,   1.640332, 0.033838,
79.361957, 1.650806, 1.581519, -0.069287,   1.648389, 1.652417, 0.004028,   1.633887, 0.025781,
79.386329, 1.649194, 1.612939, -0.036255,   1.649194, 1.656445, 0.007251,   1.636304, 0.026587,
79.410554, 1.650000, 1.562183, -0.087817,   1.649194, 1.625024, -0.024170,   1.635498, 0.028198,
79.434852, 1.650000, 1.571851, -0.078149,   1.647583, 1.647583, 0.000000,   1.629053, 0.025781,
79.458966, 1.664502, 1.589575, -0.074927,   1.658057, 1.656445, -0.001611,   1.644360, 0.040283,
79.483530, 1.662891, 1.600049, -0.062842,   1.664502, 1.654834, -0.009668,   1.641943, 0.040283,
79.507854, 1.662085, 1.586352, -0.075732,   1.657251, 1.637915, -0.019336,   1.640332, 0.037866,
79.532197, 1.660474, 1.599243, -0.061230,   1.658862, 1.648389, -0.010474,   1.641138, 0.040283,
79.556522, 1.658862, 1.582324, -0.076538,   1.660474, 1.654028, -0.006445,   1.637109, 0.035449,
79.581092, 1.660474, 1.587964, -0.072510,   1.661279, 1.666113, 0.004834,   1.641138, 0.034644,
79.605193, 1.660474, 1.596020, -0.064453,   1.660474, 1.662891, 0.002417,   1.643555, 0.040283,
79.629300, 1.657251, 1.581519, -0.075732,   1.660474, 1.654834, -0.005640,   1.637915, 0.036255,
79.653636, 1.662085, 1.591992, -0.070093,   1.657251, 1.672559, 0.015308,   1.644360, 0.043506,
79.677963, 1.658057, 1.591187, -0.066870,   1.654834, 1.620190, -0.034644,   1.640332, 0.037866,
79.702306, 1.662085, 1.560571, -0.101514,   1.654028, 1.662085, 0.008057,   1.643555, 0.040283,
79.726514, 1.654028, 1.587964, -0.066064,   1.660474, 1.653223, -0.007251,   1.641943, 0.038672,
79.750848, 1.656445, 1.608911, -0.047534,   1.658057, 1.650000, -0.008057,   1.643555, 0.039478,
79.775315, 1.648389, 1.582324, -0.066064,   1.647583, 1.632275, -0.015308,   1.636304, 0.028198,
79.799742, 1.645972, 1.585547, -0.060425,   1.645972, 1.637915, -0.008057,   1.637109, 0.025781,
79.824204, 1.645972, 1.566211, -0.079761,   1.645972, 1.641138, -0.004834,   1.633081, 0.024976,
79.848519, 1.650000, 1.585547, -0.064453,   1.650000, 1.644360, -0.005640,   1.633081, 0.028198,
79.872968, 1.648389, 1.574268, -0.074121,   1.648389, 1.661279, 0.012891,   1.636304, 0.028198,
79.897200, 1.650000, 1.593603, -0.056396,   1.647583, 1.649194, 0.001611,   1.633887, 0.025781,
79.921415, 1.647583, 1.560571, -0.087012,   1.650806, 1.641138, -0.009668,   1.636304, 0.026587,
79.945726, 1.648389, 1.561377, -0.087012,   1.650000, 1.644360, -0.005640,   1.637109, 0.026587,
79.970180, 1.650000, 1.578296, -0.071704,   1.645166, 1.660474, 0.015308,   1.632275, 0.027393,
79.994314, 1.648389, 1.578296, -0.070093,   1.647583, 1.644360, -0.003223,   1.633081, 0.027393,
80.018643, 1.648389, 1.581519, -0.066870,   1.650000, 1.627441, -0.022559,   1.633081, 0.028198,
80.043007, 1.648389, 1.574268, -0.074121,   1.650806, 1.645166, -0.005640,   1.637109, 0.026587,
80.067420, 1.658057, 1.589575, -0.068481,   1.650000, 1.647583, -0.002417,   1.640332, 0.028198,
80.091858, 1.664502, 1.585547, -0.078955,   1.665308, 1.647583, -0.017725,   1.644360, 0.042700,
80.116305, 1.662891, 1.575879, -0.087012,   1.662085, 1.662085, 0.000000,   1.643555, 0.036255,
80.140427, 1.658862, 1.567822, -0.091040,   1.660474, 1.632275, -0.028198,   1.640332, 0.039478,
80.165302, 1.662891, 1.591992, -0.070898,   1.658057, 1.633081, -0.024976,   1.643555, 0.036255,
80.189748, 1.657251, 1.569434, -0.087817,   1.661279, 1.654834, -0.006445,   1.637915, 0.037866,
80.214091, 1.656445, 1.582324, -0.074121,   1.658862, 1.673364, 0.014502,   1.641943, 0.038672,
80.238228, 1.658862, 1.569434, -0.089429,   1.662085, 1.658057, -0.004028,   1.641943, 0.039478,
80.262640, 1.654834, 1.599243, -0.055591,   1.656445, 1.645166, -0.011279,   1.641943, 0.038672,
80.287090, 1.660474, 1.591992, -0.068481,   1.658862, 1.658862, 0.000000,   1.636304, 0.039478,
80.311238, 1.658862, 1.591187, -0.067676,   1.660474, 1.650806, -0.009668,   1.645972, 0.037866,
80.335533, 1.658057, 1.596020, -0.062036,   1.658057, 1.654834, -0.003223,   1.640332, 0.038672,
80.359852, 1.656445, 1.606494, -0.049951,   1.658862, 1.658862, 0.000000,   1.643555, 0.039478,
80.384210, 1.658862, 1.575073, -0.083789,   1.658057, 1.673364, 0.015308,   1.645972, 0.035449,
80.408360, 1.645166, 1.579907, -0.065259,   1.647583, 1.636304, -0.011279,   1.633081, 0.028198,
80.432645, 1.645166, 1.591187, -0.053980,   1.647583, 1.633887, -0.013696,   1.636304, 0.027393,
80.456962, 1.645166, 1.603271, -0.041895,   1.649194, 1.644360, -0.004834,   1.635498, 0.027393,
80.481534, 1.650000, 1.587964, -0.062036,   1.653223, 1.665308, 0.012085,   1.633887, 0.029810,
80.505632, 1.650000, 1.591992, -0.058008,   1.645972, 1.650806, 0.004834,   1.633081, 0.027393,
80.529861, 1.649194, 1.583935, -0.065259,   1.650000, 1.644360, -0.005640,   1.635498, 0.027393,
80.554200, 1.649194, 1.577490, -0.071704,   1.648389, 1.648389, 0.000000,   1.641943, 0.028198,
80.578540, 1.645972, 1.587158, -0.058813,   1.649194, 1.640332, -0.008862,   1.637109, 0.023364,
80.602861, 1.650806, 1.596826, -0.053979,   1.650806, 1.650000, -0.000806,   1.633081, 0.021753,
80.627196, 1.650000, 1.604883, -0.045117,   1.649194, 1.645972, -0.003223,   1.633081, 0.024976,
80.651536, 1.650806, 1.574268, -0.076538,   1.649194, 1.653223, 0.004028,   1.635498, 0.025781,
80.675737, 1.650000, 1.587964, -0.062036,   1.647583, 1.636304, -0.011279,   1.636304, 0.024976,
80.700100, 1.650806, 1.573462, -0.077344,   1.650806, 1.654028, 0.003223,   1.629858, 0.024976,
80.724306, 1.666113, 1.583935, -0.082178,   1.661279, 1.620190, -0.041089,   1.641138, 0.039478,
80.748638, 1.658862, 1.587158, -0.071704,   1.661279, 1.657251, -0.004028,   1.640332, 0.037866,
80.773091, 1.662891, 1.578296, -0.084595,   1.662085, 1.647583, -0.014502,   1.641138, 0.037866,
80.797526, 1.661279, 1.583130, -0.078149,   1.664502, 1.662085, -0.002417,   1.643555, 0.040283,
80.821944, 1.660474, 1.558960, -0.101514,   1.657251, 1.681421, 0.024170,   1.637109, 0.039478,
80.846067, 1.658057, 1.595215, -0.062842,   1.658057, 1.616162, -0.041895,   1.644360, 0.040283,
80.870425, 1.660474, 1.579907, -0.080566,   1.658057, 1.660474, 0.002417,   1.641138, 0.037866,
80.894568, 1.660474, 1.594409, -0.066064,   1.661279, 1.657251, -0.004028,   1.641138, 0.039478,
80.918745, 1.662085, 1.591992, -0.070093,   1.656445, 1.666919, 0.010474,   1.644360, 0.037866,
80.942744, 1.660474, 1.595215, -0.065259,   1.658862, 1.664502, 0.005640,   1.640332, 0.039478,
80.966882, 1.661279, 1.596020, -0.065259,   1.658862, 1.658057, -0.000806,   1.637915, 0.037866,
80.991308, 1.658862, 1.600855, -0.058008,   1.657251, 1.647583, -0.009668,   1.641138, 0.037866,
81.015746, 1.654834, 1.574268, -0.080566,   1.662085, 1.654834, -0.007251,   1.640332, 0.035449,
81.040209, 1.650000, 1.604077, -0.045923,   1.654834, 1.625024, -0.029809,   1.644360, 0.039478,
81.064644, 1.645166, 1.591187, -0.053980,   1.648389, 1.643555, -0.004834,   1.637109, 0.028198,
81.089097, 1.647583, 1.585547, -0.062036,   1.649194, 1.641138, -0.008057,   1.635498, 0.029810,
81.113427, 1.645972, 1.581519, -0.064453,   1.648389, 1.652417, 0.004028,   1.633887, 0.025781,
81.137533, 1.647583, 1.571851, -0.075732,   1.649194, 1.650000, 0.000806,   1.637109, 0.025781,
81.161768, 1.647583, 1.587158, -0.060425,   1.648389, 1.643555, -0.004834,   1.635498, 0.027393,
81.186201, 1.645166, 1.602466, -0.042700,   1.645166, 1.648389, 0.003223,   1.632275, 0.026587,
81.210334, 1.654834, 1.600049, -0.054785,   1.652417, 1.677393, 0.024976,   1.639526, 0.030615,
81.234425, 1.650806, 1.581519, -0.069287,   1.645166, 1.649194, 0.004028,   1.635498, 0.023364,
81.258535, 1.649194, 1.565405, -0.083789,   1.650806, 1.652417, 0.001611,   1.633081, 0.025781,
81.282752, 1.650000, 1.583130, -0.066870,   1.650000, 1.650806, 0.000806,   1.635498, 0.028198,
81.306853, 1.654028, 1.579907, -0.074121,   1.649194, 1.654834, 0.005640,   1.637109, 0.027393,
81.330975, 1.647583, 1.591992, -0.055591,   1.649194, 1.641138, -0.008057,   1.632275, 0.027393,
81.355330, 1.652417, 1.587964, -0.064453,   1.654028, 1.640332, -0.013696,   1.633081, 0.028198,
81.379942, 1.661279, 1.590381, -0.070899,   1.662085, 1.645972, -0.016113,   1.641943, 0.040283,
81.404308, 1.658862, 1.596020, -0.062842,   1.664502, 1.662085, -0.002417,   1.639526, 0.039478,
81.428643, 1.661279, 1.594409, -0.066870,   1.664502, 1.652417, -0.012085,   1.641943, 0.039478,
81.452963, 1.662085, 1.590381, -0.071704,   1.658057, 1.665308, 0.007251,   1.644360, 0.037866,
81.477307, 1.658862, 1.608911, -0.049951,   1.658862, 1.650806, -0.008057,   1.637915, 0.037866,
81.501743, 1.658862, 1.589575, -0.069287,   1.654834, 1.639526, -0.015308,   1.645166, 0.040283,
81.526101, 1.662085, 1.600049, -0.062036,   1.660474, 1.647583, -0.012891,   1.645972, 0.037866,
81.550441, 1.660474, 1.587158, -0.073315,   1.656445, 1.653223, -0.003223,   1.641943, 0.040283,
81.574856, 1.657251, 1.585547, -0.071704,   1.654834, 1.645166, -0.009668,   1.643555, 0.036255,
81.599208, 1.660474, 1.582324, -0.078149,   1.658862, 1.649194, -0.009668,   1.643555, 0.038672,
81.623637, 1.654834, 1.575073, -0.079761,   1.654834, 1.654028, -0.000806,   1.640332, 0.041895,
81.647963, 1.654834, 1.554932, -0.099902,   1.658862, 1.649194, -0.009668,   1.643555, 0.036255,
81.672423, 1.662085, 1.575879, -0.086206,   1.654834, 1.636304, -0.018530,   1.636304, 0.037866,
81.696867, 1.645972, 1.565405, -0.080566,   1.645972, 1.647583, 0.001611,   1.636304, 0.025781,
81.721088, 1.645166, 1.596826, -0.048340,   1.649194, 1.652417, 0.003223,   1.633887, 0.025781,
81.745190, 1.650000, 1.587964, -0.062036,   1.648389, 1.620996, -0.027393,   1.637109, 0.028198,
81.769531, 1.643555, 1.587964, -0.055591,   1.649194, 1.640332, -0.008862,   1.633081, 0.028198,
81.793866, 1.647583, 1.560571, -0.087012,   1.643555, 1.639526, -0.004028,   1.633887, 0.027393,
81.818109, 1.650000, 1.585547, -0.064453,   1.650000, 1.656445, 0.006445,   1.633887, 0.028198,
81.842098, 1.650000, 1.579102, -0.070898,   1.648389, 1.643555, -0.004834,   1.635498, 0.028198,
81.866534, 1.650806, 1.565405, -0.085400,   1.648389, 1.640332, -0.008057,   1.636304, 0.025781,
81.890966, 1.649194, 1.550098, -0.099097,   1.650000, 1.641138, -0.008862,   1.637915, 0.024976,
81.915339, 1.650806, 1.567822, -0.082983,   1.648389, 1.653223, 0.004834,   1.627441, 0.029810,
81.939422, 1.650806, 1.558154, -0.092651,   1.649194, 1.637915, -0.011279,   1.637109, 0.024976,
81.963869, 1.645972, 1.589575, -0.056396,   1.649194, 1.654834, 0.005640,   1.636304, 0.025781,
81.988101, 1.647583, 1.578296, -0.069287,   1.653223, 1.650806, -0.002417,   1.635498, 0.027393,
82.012529, 1.662085, 1.590381, -0.071704,   1.662891, 1.645166, -0.017725,   1.640332, 0.037866,
82.036864, 1.664502, 1.637109, -0.027393,   1.661279, 1.658057, -0.003223,   1.636304, 0.040283,
82.061319, 1.662085, 1.615356, -0.046728,   1.662085, 1.648389, -0.013696,   1.640332, 0.037866,
82.085752, 1.662085, 1.596826, -0.065259,   1.658057, 1.661279, 0.003223,   1.641943, 0.040283,
82.109897, 1.662085, 1.556543, -0.105542,   1.662085, 1.648389, -0.013696,   1.641943, 0.038672,
82.134209, 1.654834, 1.595215, -0.059619,   1.658862, 1.645166, -0.013696,   1.637109, 0.037866,
82.158537, 1.660474, 1.586352, -0.074121,   1.657251, 1.657251, 0.000000,   1.640332, 0.037866,
82.182755, 1.658057, 1.596826, -0.061230,   1.654834, 1.637109, -0.017725,   1.641943, 0.040283,
82.207105, 1.658862, 1.579102, -0.079761,   1.654834, 1.647583, -0.007251,   1.633081, 0.035449,
82.231423, 1.656445, 1.593603, -0.062842,   1.658057, 1.654834, -0.003223,   1.641138, 0.039478,
82.255753, 1.658057, 1.583935, -0.074121,   1.656445, 1.636304, -0.020142,   1.639526, 0.037866,
82.280310, 1.658862, 1.583935, -0.074927,   1.658057, 1.650000, -0.008057,   1.641943, 0.040283,
82.304649, 1.656445, 1.589575, -0.066870,   1.660474, 1.625024, -0.035449,   1.641943, 0.034644,
82.328988, 1.641138, 1.567822, -0.073316,   1.641943, 1.633887, -0.008057,   1.633081, 0.028198,
82.353319, 1.650806, 1.595215, -0.055591,   1.650000, 1.639526, -0.010474,   1.639526, 0.031421,
82.377935, 1.648389, 1.583130, -0.065259,   1.647583, 1.645972, -0.001611,   1.636304, 0.028198,
82.402340, 1.647583, 1.575073, -0.072510,   1.649194, 1.652417, 0.003223,   1.639526, 0.025781,
82.426545, 1.648389, 1.620190, -0.028198,   1.648389, 1.633887, -0.014502,   1.636304, 0.028198,
82.450863, 1.650806, 1.566211, -0.084595,   1.648389, 1.654834, 0.006445,   1.633081, 0.026587,
82.475101, 1.649194, 1.574268, -0.074927,   1.648389, 1.636304, -0.012085,   1.637109, 0.025781,
82.499426, 1.645972, 1.600855, -0.045117,   1.648389, 1.649194, 0.000806,   1.632275, 0.025781,
82.523644, 1.652417, 1.574268, -0.078149,   1.647583, 1.644360, -0.003223,   1.636304, 0.025781,
82.547968, 1.647583, 1.581519, -0.066064,   1.648389, 1.620996, -0.027393,   1.633081, 0.026587,
82.572428, 1.650000, 1.544458, -0.105542,   1.648389, 1.640332, -0.008057,   1.636304, 0.023364,
82.596868, 1.648389, 1.579907, -0.068481,   1.649194, 1.650806, 0.001611,   1.637109, 0.028198,
82.620967, 1.650806, 1.596020, -0.054785,   1.652417, 1.631470, -0.020947,   1.633887, 0.026587,
82.645298, 1.665308, 1.627441, -0.037866,   1.665308, 1.637915, -0.027393,   1.641138, 0.040283,
82.669643, 1.665308, 1.570239, -0.095068,   1.666113, 1.652417, -0.013696,   1.641943, 0.037866,
82.694105, 1.661279, 1.574268, -0.087012,   1.658057, 1.654834, -0.003223,   1.641138, 0.038672,
82.718431, 1.658057, 1.593603, -0.064453,   1.658862, 1.654834, -0.004028,   1.637109, 0.035449,
82.742657, 1.660474, 1.608105, -0.052368,   1.654834, 1.648389, -0.006445,   1.640332, 0.033838,
82.767105, 1.660474, 1.585547, -0.074927,   1.661279, 1.656445, -0.004834,   1.643555, 0.042700,
82.791537, 1.658862, 1.591187, -0.067676,   1.650806, 1.641943, -0.008862,   1.640332, 0.041895,
82.815892, 1.662085, 1.579907, -0.082178,   1.660474, 1.640332, -0.020142,   1.643555, 0.037866,
82.840213, 1.657251, 1.564600, -0.092651,   1.658057, 1.641138, -0.016919,   1.637915, 0.039478,
82.864652, 1.658057, 1.574268, -0.083789,   1.662891, 1.666113, 0.003223,   1.645166, 0.040283,
82.888874, 1.657251, 1.586352, -0.070899,   1.658057, 1.637915, -0.020142,   1.641943, 0.041895,
82.913230, 1.658862, 1.596020, -0.062842,   1.661279, 1.647583, -0.013696,   1.644360, 0.038672,
82.937535, 1.658057, 1.596020, -0.062036,   1.654028, 1.654834, 0.000806,   1.643555, 0.037866,
82.961760, 1.654834, 1.587158, -0.067676,   1.654834, 1.662891, 0.008057,   1.645166, 0.040283,
82.985973, 1.647583, 1.585547, -0.062036,   1.645972, 1.666919, 0.020947,   1.640332, 0.026587,
83.010132, 1.648389, 1.552515, -0.095874,   1.645972, 1.623413, -0.022559,   1.635498, 0.026587,
83.034428, 1.649194, 1.567822, -0.081372,   1.647583, 1.652417, 0.004834,   1.633081, 0.026587,
83.058565, 1.648389, 1.574268, -0.074121,   1.649194, 1.644360, -0.004834,   1.633887, 0.027393,
83.083105, 1.652417, 1.581519, -0.070898,   1.654834, 1.647583, -0.007251,   1.636304, 0.031421,
83.107441, 1.648389, 1.589575, -0.058813,   1.648389, 1.625024, -0.023364,   1.636304, 0.028198,
83.131752, 1.650806, 1.582324, -0.068481,   1.643555, 1.641138, -0.002417,   1.633081, 0.026587,
83.156101, 1.650000, 1.600049, -0.049951,   1.647583, 1.627441, -0.020142,   1.636304, 0.028198,
83.178120, 1.647583, 1.579102, -0.068481,   1.650000, 1.652417, 0.002417,   1.633081, 0.025781,
83.202212, 1.650000, 1.582324, -0.067676,   1.650000, 1.652417, 0.002417,   1.636304, 0.028198,
83.226321, 1.650806, 1.583130, -0.067676,   1.647583, 1.633887, -0.013696,   1.632275, 0.025781,
83.250650, 1.649194, 1.583935, -0.065259,   1.650806, 1.640332, -0.010474,   1.636304, 0.028198,
83.275107, 1.654028, 1.586352, -0.067676,   1.650806, 1.637915, -0.012891,   1.633081, 0.029810,
83.299426, 1.662891, 1.602466, -0.060425,   1.664502, 1.658057, -0.006445,   1.640332, 0.038672,
83.323764, 1.665308, 1.585547, -0.079761,   1.657251, 1.658862, 0.001611,   1.645166, 0.039478,
83.347867, 1.661279, 1.591992, -0.069287,   1.661279, 1.621802, -0.039478,   1.641943, 0.039478,
83.372317, 1.661279, 1.593603, -0.067676,   1.658862, 1.654028, -0.004834,   1.640332, 0.042700,
83.396868, 1.660474, 1.575879, -0.084595,   1.661279, 1.649194, -0.012085,   1.640332, 0.038672,
83.421311, 1.661279, 1.546875, -0.114404,   1.656445, 1.641138, -0.015308,   1.637109, 0.043506,
83.445645, 1.661279, 1.596020, -0.065259,   1.658862, 1.640332, -0.018530,   1.641138, 0.037866,
83.470074, 1.662085, 1.615356, -0.046728,   1.660474, 1.660474, 0.000000,   1.637915, 0.040283,
83.494107, 1.658862, 1.608911, -0.049951,   1.658862, 1.661279, 0.002417,   1.640332, 0.038672,
83.518126, 1.656445, 1.590381, -0.066064,   1.660474, 1.662085, 0.001611,   1.636304, 0.040283,
83.542112, 1.660474, 1.593603, -0.066870,   1.657251, 1.652417, -0.004834,   1.644360, 0.037866,
83.566531, 1.662085, 1.566211, -0.095874,   1.658862, 1.658057, -0.000806,   1.641138, 0.037866,
83.590974, 1.654834, 1.581519, -0.073315,   1.654834, 1.643555, -0.011279,   1.640332, 0.037866,
83.615434, 1.645972, 1.573462, -0.072510,   1.647583, 1.650000, 0.002417,   1.633081, 0.028198,
83.639540, 1.641138, 1.581519, -0.059619,   1.647583, 1.641138, -0.006445,   1.637109, 0.028198,
83.663990, 1.645166, 1.581519, -0.063648,   1.649194, 1.641138, -0.008057,   1.633081, 0.025781,
83.688433, 1.649194, 1.581519, -0.067676,   1.645972, 1.645972, 0.000000,   1.637915, 0.025781,
83.712623, 1.650000, 1.579102, -0.070898,   1.648389, 1.648389, 0.000000,   1.632275, 0.022559,
83.736760, 1.650000, 1.620190, -0.029810,   1.650806, 1.629053, -0.021753,   1.636304, 0.028198,
83.761212, 1.650000, 1.579102, -0.070898,   1.648389, 1.640332, -0.008057,   1.637109, 0.025781,
83.785650, 1.650806, 1.610522, -0.040283,   1.649194, 1.639526, -0.009668,   1.633887, 0.026587,
83.810027, 1.650806, 1.575879, -0.074927,   1.650806, 1.641138, -0.009668,   1.640332, 0.031421,
83.834319, 1.650000, 1.590381, -0.059619,   1.647583, 1.654028, 0.006445,   1.635498, 0.024976,
83.858435, 1.649194, 1.583130, -0.066064,   1.650806, 1.637109, -0.013696,   1.637109, 0.026587,
83.882871, 1.645166, 1.579907, -0.065259,   1.650806, 1.648389, -0.002417,   1.636304, 0.026587,
83.907225, 1.650000, 1.579907, -0.070093,   1.647583, 1.645166, -0.002417,   1.629858, 0.026587,
83.931539, 1.662891, 1.558960, -0.103931,   1.664502, 1.647583, -0.016919,   1.640332, 0.037866,
83.955875, 1.662085, 1.633081, -0.029004,   1.662891, 1.641943, -0.020947,   1.636304, 0.037866,
83.980439, 1.656445, 1.558960, -0.097485,   1.662085, 1.641138, -0.020947,   1.640332, 0.041895,
84.004757, 1.661279, 1.596826, -0.064453,   1.662085, 1.654834, -0.007251,   1.641943, 0.037866,
84.029106, 1.661279, 1.591187, -0.070093,   1.660474, 1.658057, -0.002417,   1.641943, 0.039478,
84.053434, 1.662085, 1.587964, -0.074121,   1.658862, 1.681421, 0.022559,   1.641943, 0.040283,
84.077740, 1.660474, 1.603271, -0.057202,   1.661279, 1.640332, -0.020947,   1.640332, 0.041895,
84.102102, 1.661279, 1.587964, -0.073316,   1.660474, 1.656445, -0.004028,   1.641943, 0.038672,
84.126436, 1.660474, 1.583935, -0.076538,   1.662085, 1.673364, 0.011279,   1.640332, 0.037866,
84.150534, 1.662085, 1.596020, -0.066064,   1.654834, 1.654834, 0.000000,   1.641138, 0.038672,
84.174659, 1.660474, 1.589575, -0.070898,   1.658862, 1.662085, 0.003223,   1.641943, 0.038672,
84.198869, 1.660474, 1.587964, -0.072510,   1.654028, 1.654028, 0.000000,   1.637109, 0.037866,
84.222974, 1.660474, 1.553320, -0.107153,   1.657251, 1.654028, -0.003223,   1.640332, 0.038672,
84.247324, 1.647583, 1.567822, -0.079761,   1.645972, 1.639526, -0.006445,   1.636304, 0.028198,
84.271750, 1.648389, 1.570239, -0.078149,   1.645166, 1.650806, 0.005640,   1.633081, 0.026587,
84.295966, 1.644360, 1.619385, -0.024976,   1.649194, 1.652417, 0.003223,   1.640332, 0.028198,
84.320196, 1.648389, 1.562183, -0.086206,   1.645972, 1.672559, 0.026587,   1.632275, 0.026587,
84.344222, 1.648389, 1.550903, -0.097485,   1.647583, 1.661279, 0.013696,   1.633081, 0.023364,
84.368355, 1.647583, 1.583130, -0.064453,   1.649194, 1.657251, 0.008057,   1.631470, 0.028198,
84.392660, 1.650000, 1.577490, -0.072510,   1.650000, 1.633887, -0.016113,   1.637915, 0.025781,
84.417006, 1.647583, 1.573462, -0.074121,   1.650000, 1.641138, -0.008862,   1.631470, 0.024976,
84.441351, 1.654834, 1.579907, -0.074927,   1.654834, 1.640332, -0.014502,   1.637109, 0.028198,
84.465773, 1.648389, 1.575879, -0.072510,   1.648389, 1.650000, 0.001611,   1.633081, 0.023364,
84.489990, 1.650806, 1.595215, -0.055591,   1.650806, 1.620996, -0.029809,   1.633081, 0.027393,
84.514439, 1.652417, 1.583130, -0.069287,   1.650806, 1.645972, -0.004834,   1.636304, 0.023364,
84.538755, 1.652417, 1.582324, -0.070093,   1.645972, 1.645972, 0.000000,   1.637915, 0.024976,
84.562999, 1.661279, 1.591187, -0.070093,   1.662891, 1.648389, -0.014502,   1.637109, 0.041895,
84.587451, 1.662085, 1.582324, -0.079761,   1.658862, 1.653223, -0.005640,   1.645166, 0.039478,
84.611794, 1.660474, 1.628247, -0.032227,   1.658057, 1.640332, -0.017725,   1.645972, 0.037866,
84.636120, 1.664502, 1.608911, -0.055591,   1.657251, 1.658057, 0.000806,   1.637915, 0.039478,
84.660321, 1.658057, 1.556543, -0.101514,   1.660474, 1.648389, -0.012085,   1.639526, 0.036255,
84.684754, 1.661279, 1.612939, -0.048340,   1.660474, 1.654028, -0.006445,   1.641943, 0.038672,
84.709140, 1.661279, 1.586352, -0.074927,   1.662085, 1.645166, -0.016919,   1.639526, 0.038672,
84.733484, 1.658862, 1.600049, -0.058813,   1.656445, 1.654028, -0.002417,   1.641138, 0.037866,
84.757774, 1.656445, 1.587964, -0.068481,   1.662085, 1.654028, -0.008057,   1.637109, 0.039478,
84.782334, 1.654028, 1.587964, -0.066064,   1.656445, 1.652417, -0.004028,   1.640332, 0.037866,
84.806660, 1.654834, 1.587964, -0.066870,   1.658862, 1.645972, -0.012891,   1.640332, 0.039478,
84.831003, 1.654834, 1.587964, -0.066870,   1.654028, 1.650000, -0.004028,   1.640332, 0.039478,
84.855328, 1.662891, 1.600049, -0.062842,   1.654834, 1.652417, -0.002417,   1.635498, 0.040283,
84.879879, 1.650000, 1.603271, -0.046728,   1.645972, 1.643555, -0.002417,   1.637915, 0.037866,
84.904230, 1.640332, 1.583130, -0.057202,   1.641943, 1.621802, -0.020142,   1.637109, 0.025781,
84.928543, 1.643555, 1.575879, -0.067676,   1.641138, 1.643555, 0.002417,   1.636304, 0.026587,
84.952654, 1.647583, 1.596020, -0.051563,   1.649194, 1.653223, 0.004028,   1.639526, 0.024976,
84.976965, 1.649194, 1.583935, -0.065259,   1.645166, 1.670947, 0.025781,   1.632275, 0.026587,
85.001122, 1.649194, 1.574268, -0.074927,   1.648389, 1.647583, -0.000806,   1.633887, 0.025781,
85.025458, 1.648389, 1.585547, -0.062842,   1.645972, 1.650806, 0.004834,   1.636304, 0.027393,
85.049546, 1.650806, 1.587158, -0.063647,   1.650000, 1.640332, -0.009668,   1.637109, 0.026587,
85.073990, 1.645972, 1.574268, -0.071704,   1.650000, 1.645166, -0.004834,   1.637109, 0.025781,
85.098438, 1.645972, 1.585547, -0.060425,   1.650000, 1.648389, -0.001611,   1.631470, 0.028198,
85.122758, 1.647583, 1.593603, -0.053980,   1.648389, 1.640332, -0.008057,   1.637915, 0.026587,
85.147114, 1.652417, 1.541235, -0.111182,   1.647583, 1.658862, 0.011279,   1.631470, 0.025781,
85.171306, 1.650000, 1.612134, -0.037866,   1.650000, 1.636304, -0.013696,   1.633887, 0.028198,
85.195761, 1.650806, 1.595215, -0.055591,   1.650000, 1.654834, 0.004834,   1.636304, 0.031421,
85.219902, 1.662891, 1.558960, -0.103931,   1.664502, 1.662085, -0.002417,   1.637109, 0.038672,
85.244112, 1.664502, 1.600049, -0.064453,   1.664502, 1.641943, -0.022559,   1.643555, 0.035449,
85.268443, 1.664502, 1.596020, -0.068481,   1.662085, 1.668530, 0.006445,   1.641138, 0.042700,
85.292542, 1.660474, 1.593603, -0.066870,   1.660474, 1.633887, -0.026587,   1.643555, 0.038672,
85.316886, 1.660474, 1.590381, -0.070093,   1.660474, 1.654028, -0.006445,   1.637109, 0.037866,
85.341223, 1.662085, 1.583935, -0.078149,   1.658862, 1.650806, -0.008057,   1.639526, 0.040283,
85.365667, 1.662085, 1.575879, -0.086206,   1.657251, 1.652417, -0.004834,   1.637915, 0.036255,
85.390226, 1.654834, 1.582324, -0.072510,   1.658862, 1.654834, -0.004028,   1.640332, 0.037866,
85.414652, 1.656445, 1.581519, -0.074927,   1.661279, 1.641943, -0.019336,   1.641138, 0.039478,
85.438989, 1.661279, 1.587158, -0.074121,   1.656445, 1.649194, -0.007251,   1.643555, 0.039478,
85.463450, 1.662085, 1.583935, -0.078149,   1.658862, 1.645166, -0.013696,   1.640332, 0.038672,
85.487876, 1.661279, 1.587964, -0.073316,   1.657251, 1.662085, 0.004834,   1.641138, 0.037866,
85.512025, 1.654834, 1.589575, -0.065259,   1.658862, 1.654834, -0.004028,   1.641138, 0.042700,
85.536328, 1.648389, 1.573462, -0.074927,   1.645972, 1.641943, -0.004028,   1.633081, 0.028198,
85.560770, 1.647583, 1.590381, -0.057202,   1.641943, 1.647583, 0.005640,   1.633081, 0.026587,
85.584989, 1.652417, 1.578296, -0.074121,   1.650806, 1.649194, -0.001611,   1.637109, 0.027393,
85.609368, 1.649194, 1.578296, -0.070899,   1.648389, 1.611328, -0.037060,   1.635498, 0.028198,
85.633672, 1.648389, 1.589575, -0.058813,   1.648389, 1.637915, -0.010474,   1.633081, 0.024976,
85.658006, 1.650000, 1.571851, -0.078149,   1.647583, 1.641943, -0.005640,   1.635498, 0.028198,
85.682560, 1.647583, 1.561377, -0.086206,   1.650000, 1.645166, -0.004834,   1.637915, 0.025781,
85.706882, 1.650000, 1.596020, -0.053980,   1.652417, 1.658862, 0.006445,   1.629858, 0.028198,
85.731004, 1.650806, 1.585547, -0.065259,   1.650000, 1.619385, -0.030615,   1.637109, 0.028198,
85.755329, 1.652417, 1.582324, -0.070093,   1.649194, 1.616162, -0.033032,   1.637109, 0.025781,
85.779886, 1.653223, 1.628247, -0.024976,   1.650806, 1.677393, 0.026587,   1.633887, 0.026587,
85.803992, 1.649194, 1.583935, -0.065259,   1.650000, 1.653223, 0.003223,   1.632275, 0.028198,
85.828227, 1.647583, 1.581519, -0.066064,   1.650806, 1.662085, 0.011279,   1.637915, 0.025781,
85.852337, 1.662891, 1.590381, -0.072510,   1.664502, 1.662085, -0.002417,   1.641138, 0.036255,
85.876881, 1.657251, 1.552515, -0.104736,   1.662085, 1.645166, -0.016919,   1.641138, 0.041895,
85.901227, 1.662891, 1.596826, -0.066064,   1.662085, 1.672559, 0.010474,   1.641138, 0.041895,
85.925332, 1.664502, 1.596020, -0.068481,   1.661279, 1.637109, -0.024170,   1.645972, 0.040283,
85.949663, 1.654834, 1.600049, -0.054785,   1.656445, 1.650000, -0.006445,   1.644360, 0.039478,
85.974116, 1.662085, 1.600855, -0.061230,   1.660474, 1.644360, -0.016113,   1.641138, 0.042700,
85.998448, 1.658057, 1.552515, -0.105542,   1.656445, 1.650000, -0.006445,   1.645166, 0.041895,
86.022878, 1.661279, 1.587964, -0.073316,   1.656445, 1.648389, -0.008057,   1.639526, 0.040283,
86.047229, 1.662085, 1.594409, -0.067676,   1.657251, 1.625024, -0.032227,   1.637915, 0.040283,
86.071663, 1.660474, 1.583935, -0.076538,   1.654834, 1.644360, -0.010474,   1.637915, 0.039478,
86.096111, 1.661279, 1.581519, -0.079761,   1.654834, 1.649194, -0.005640,   1.643555, 0.040283,
86.120449, 1.658862, 1.583935, -0.074927,   1.662085, 1.641943, -0.020142,   1.641943, 0.037866,
86.144676, 1.660474, 1.581519, -0.078955,   1.660474, 1.640332, -0.020142,   1.643555, 0.039478,
86.169116, 1.645166, 1.583130, -0.062036,   1.643555, 1.656445, 0.012891,   1.636304, 0.025781,
86.193235, 1.645166, 1.575073, -0.070093,   1.647583, 1.627441, -0.020142,   1.632275, 0.027393,
86.217447, 1.643555, 1.581519, -0.062036,   1.647583, 1.654834, 0.007251,   1.633887, 0.025781,
86.241567, 1.647583, 1.595215, -0.052368,   1.649194, 1.625024, -0.024170,   1.637109, 0.029810,
86.265993, 1.650806, 1.561377, -0.089429,   1.650000, 1.633887, -0.016113,   1.636304, 0.025781,
86.290457, 1.650806, 1.581519, -0.069287,   1.647583, 1.640332, -0.007251,   1.637109, 0.026587,
86.314783, 1.650000, 1.574268, -0.075732,   1.649194, 1.644360, -0.004834,   1.637109, 0.023364,
86.339110, 1.645972, 1.582324, -0.063648,   1.649194, 1.647583, -0.001611,   1.633887, 0.028198,
86.363567, 1.648389, 1.581519, -0.066870,   1.648389, 1.637915, -0.010474,   1.636304, 0.022559,
86.388115, 1.650806, 1.591992, -0.058813,   1.653223, 1.672559, 0.019336,   1.635498, 0.027393,
86.412329, 1.658057, 1.594409, -0.063648,   1.652417, 1.650000, -0.002417,   1.635498, 0.028198,
86.436666, 1.650000, 1.586352, -0.063648,   1.647583, 1.650000, 0.002417,   1.633887, 0.027393,
86.460885, 1.653223, 1.556543, -0.096680,   1.647583, 1.650000, 0.002417,   1.637109, 0.027393,
86.485110, 1.662085, 1.567822, -0.094263,   1.664502, 1.658862, -0.005640,   1.637915, 0.039478,
86.509479, 1.662891, 1.561377, -0.101514,   1.661279, 1.647583, -0.013696,   1.640332, 0.037866,
86.533786, 1.662085, 1.607300, -0.054785,   1.662891, 1.649194, -0.013696,   1.637109, 0.036255,
86.558127, 1.662085, 1.587158, -0.074927,   1.658057, 1.645166, -0.012891,   1.641138, 0.042700,
86.582559, 1.658057, 1.587964, -0.070093,   1.660474, 1.652417, -0.008057,   1.640332, 0.039478,
86.606884, 1.662085, 1.575879, -0.086206,   1.661279, 1.644360, -0.016919,   1.641943, 0.039478,
86.631235, 1.656445, 1.593603, -0.062842,   1.656445, 1.661279, 0.004834,   1.641943, 0.037866,
86.655329, 1.654834, 1.579907, -0.074927,   1.660474, 1.639526, -0.020947,   1.637109, 0.039478,
86.679883, 1.654028, 1.586352, -0.067676,   1.654834, 1.654834, 0.000000,   1.636304, 0.037866,
86.704017, 1.660474, 1.583935, -0.076538,   1.656445, 1.662085, 0.005640,   1.641943, 0.040283,
86.728136, 1.657251, 1.582324, -0.074927,   1.662891, 1.666919, 0.004028,   1.641138, 0.040283,
86.752240, 1.654028, 1.595215, -0.058813,   1.658862, 1.656445, -0.002417,   1.641138, 0.039478,
86.776745, 1.660474, 1.587964, -0.072510,   1.658862, 1.635498, -0.023364,   1.640332, 0.037866,
86.801118, 1.657251, 1.596826, -0.060425,   1.657251, 1.640332, -0.016919,   1.640332, 0.039478,
86.825451, 1.644360, 1.581519, -0.062842,   1.647583, 1.631470, -0.016113,   1.637109, 0.024976,
86.849779, 1.645166, 1.581519, -0.063648,   1.647583, 1.647583, 0.000000,   1.631470, 0.026587,
86.873996, 1.648389, 1.582324, -0.066064,   1.645972, 1.623413, -0.022559,   1.635498, 0.028198,
86.898449, 1.650000, 1.600049, -0.049951,   1.645972, 1.648389, 0.002417,   1.632275, 0.026587,
86.922564, 1.643555, 1.578296, -0.065259,   1.648389, 1.648389, 0.000000,   1.629053, 0.028198,
86.946667, 1.649194, 1.573462, -0.075732,   1.648389, 1.645166, -0.003223,   1.637109, 0.023364,
86.971103, 1.647583, 1.583130, -0.064453,   1.650000, 1.631470, -0.018530,   1.637915, 0.028198,
86.995534, 1.652417, 1.582324, -0.070093,   1.650000, 1.640332, -0.009668,   1.640332, 0.028198,
87.019888, 1.652417, 1.586352, -0.066064,   1.649194, 1.621802, -0.027393,   1.633081, 0.028198,
87.044124, 1.645972, 1.600049, -0.045923,   1.648389, 1.656445, 0.008057,   1.632275, 0.028198,
87.068232, 1.650806, 1.595215, -0.055591,   1.644360, 1.627441, -0.016919,   1.636304, 0.026587,
87.092552, 1.650000, 1.583130, -0.066870,   1.652417, 1.620996, -0.031421,   1.637109, 0.024976,
87.116894, 1.654834, 1.565405, -0.089429,   1.665308, 1.633081, -0.032227,   1.637915, 0.036255,
87.141225, 1.660474, 1.589575, -0.070898,   1.660474, 1.654834, -0.005640,   1.641943, 0.040283,
87.165660, 1.654834, 1.606494, -0.048340,   1.662085, 1.654028, -0.008057,   1.643555, 0.039478,
87.190126, 1.662085, 1.578296, -0.083789,   1.664502, 1.650806, -0.013696,   1.641943, 0.041895,
87.214553, 1.658057, 1.611328, -0.046728,   1.662085, 1.658862, -0.003223,   1.644360, 0.041895,
87.238891, 1.661279, 1.575073, -0.086206,   1.661279, 1.652417, -0.008862,   1.641943, 0.035449,
87.263335, 1.657251, 1.586352, -0.070899,   1.654834, 1.662085, 0.007251,   1.640332, 0.036255,
87.287566, 1.654834, 1.596826, -0.058008,   1.654834, 1.643555, -0.011279,   1.641943, 0.037866,
87.311910, 1.662085, 1.553320, -0.108765,   1.661279, 1.647583, -0.013696,   1.640332, 0.040283,
87.336240, 1.654834, 1.578296, -0.076538,   1.662085, 1.640332, -0.021753,   1.643555, 0.040283,
87.360661, 1.658057, 1.602466, -0.055591,   1.654834, 1.650000, -0.004834,   1.640332, 0.037866,
87.385295, 1.660474, 1.587964, -0.072510,   1.660474, 1.662085, 0.001611,   1.637915, 0.037866,
87.409481, 1.657251, 1.596020, -0.061231,   1.654834, 1.633887, -0.020947,   1.641138, 0.039478,
87.433772, 1.658862, 1.611328, -0.047534,   1.657251, 1.654834, -0.002417,   1.641138, 0.037866,
87.458126, 1.647583, 1.591187, -0.056396,   1.645972, 1.633081, -0.012891,   1.633887, 0.025781,
87.482563, 1.647583, 1.612939, -0.034644,   1.647583, 1.650806, 0.003223,   1.633887, 0.028198,
87.506667, 1.649194, 1.589575, -0.059619,   1.645166, 1.637915, -0.007251,   1.632275, 0.025781,
87.531112, 1.645166, 1.558960, -0.086206,   1.649194, 1.633887, -0.015308,   1.635498, 0.024976,
87.555448, 1.650806, 1.581519, -0.069287,   1.648389, 1.643555, -0.004834,   1.641943, 0.028198,
87.580026, 1.653223, 1.558154, -0.095068,   1.650000, 1.641943, -0.008057,   1.636304, 0.028198,
87.604349, 1.645166, 1.579102, -0.066064,   1.650000, 1.654834, 0.004834,   1.633887, 0.028198,
87.628452, 1.647583, 1.581519, -0.066064,   1.647583, 1.644360, -0.003223,   1.640332, 0.027393,
87.652786, 1.652417, 1.565405, -0.087012,   1.650806, 1.648389, -0.002417,   1.633887, 0.024976,
87.677313, 1.650806, 1.558960, -0.091846,   1.648389, 1.631470, -0.016919,   1.632275, 0.027393,
87.701664, 1.650806, 1.595215, -0.055591,   1.647583, 1.668530, 0.020947,   1.636304, 0.025781,
87.725891, 1.649194, 1.570239, -0.078955,   1.650000, 1.641138, -0.008862,   1.629858, 0.024976,
87.750239, 1.648389, 1.566211, -0.082178,   1.647583, 1.649194, 0.001611,   1.633887, 0.024976,
87.774449, 1.661279, 1.581519, -0.079761,   1.665308, 1.660474, -0.004834,   1.643555, 0.039478,
87.798774, 1.662085, 1.598437, -0.063648,   1.662085, 1.647583, -0.014502,   1.639526, 0.038672,
87.823124, 1.661279, 1.589575, -0.071704,   1.662891, 1.669336, 0.006445,   1.645166, 0.037866,
87.847275, 1.662085, 1.577490, -0.084595,   1.662085, 1.639526, -0.022559,   1.640332, 0.037866,
87.871669, 1.662085, 1.595215, -0.066870,   1.657251, 1.653223, -0.004028,   1.637915, 0.042700,
87.896101, 1.662085, 1.581519, -0.080566,   1.654834, 1.653223, -0.001611,   1.645972, 0.037866,
87.920553, 1.661279, 1.591187, -0.070093,   1.658862, 1.650000, -0.008862,   1.643555, 0.039478,
87.944772, 1.662085, 1.590381, -0.071704,   1.660474, 1.672559, 0.012085,   1.641138, 0.037866,
87.968898, 1.654028, 1.581519, -0.072510,   1.653223, 1.656445, 0.003223,   1.637109, 0.042700,
87.993004, 1.658862, 1.564600, -0.094263,   1.657251, 1.648389, -0.008862,   1.641138, 0.042700,
88.017237, 1.654834, 1.589575, -0.065259,   1.654834, 1.662085, 0.007251,   1.643555, 0.037866,
88.041372, 1.658057, 1.595215, -0.062842,   1.661279, 1.650000, -0.011279,   1.643555, 0.037866,
88.065780, 1.654834, 1.581519, -0.073315,   1.658057, 1.650806, -0.007251,   1.640332, 0.038672,
88.090238, 1.644360, 1.625024, -0.019336,   1.647583, 1.633887, -0.013696,   1.633081, 0.027393,
88.114687, 1.649194, 1.578296, -0.070899,   1.649194, 1.631470, -0.017725,   1.637915, 0.024976,
88.139000, 1.645166, 1.575073, -0.070093,   1.647583, 1.625024, -0.022559,   1.635498, 0.028198,
88.163449, 1.648389, 1.586352, -0.062036,   1.645972, 1.647583, 0.001611,   1.629858, 0.025781,
88.187784, 1.648389, 1.564600, -0.083789,   1.647583, 1.649194, 0.001611,   1.633081, 0.028198,
88.211928, 1.649194, 1.574268, -0.074927,   1.649194, 1.652417, 0.003223,   1.632275, 0.025781,
88.236055, 1.650000, 1.583935, -0.066064,   1.648389, 1.660474, 0.012085,   1.635498, 0.026587,
88.260188, 1.650806, 1.571045, -0.079761,   1.654834, 1.657251, 0.002417,   1.633887, 0.024976,
88.284465, 1.654028, 1.589575, -0.064453,   1.653223, 1.640332, -0.012891,   1.633081, 0.031421,
88.308829, 1.645972, 1.586352, -0.059619,   1.647583, 1.627441, -0.020142,   1.635498, 0.026587,
88.333236, 1.652417, 1.586352, -0.066064,   1.650000, 1.648389, -0.001611,   1.637109, 0.028198,
88.357560, 1.648389, 1.581519, -0.066870,   1.649194, 1.631470, -0.017725,   1.635498, 0.024976,
88.382354, 1.647583, 1.554932, -0.092651,   1.650806, 1.654834, 0.004028,   1.631470, 0.026587,
88.406454, 1.662891, 1.577490, -0.085400,   1.665308, 1.654028, -0.011279,   1.637915, 0.040283,
88.430818, 1.664502, 1.546069, -0.118433,   1.662085, 1.664502, 0.002417,   1.640332, 0.040283,
88.454891, 1.662891, 1.575073, -0.087817,   1.656445, 1.647583, -0.008862,   1.640332, 0.036255,
88.479456, 1.658057, 1.585547, -0.072510,   1.660474, 1.654834, -0.005640,   1.636304, 0.042700,
88.503775, 1.660474, 1.587964, -0.072510,   1.661279, 1.662085, 0.000806,   1.640332, 0.039478,
88.527887, 1.654028, 1.589575, -0.064453,   1.660474, 1.654028, -0.006445,   1.641943, 0.038672,
88.552237, 1.660474, 1.570239, -0.090234,   1.662085, 1.658057, -0.004028,   1.640332, 0.039478,
88.576767, 1.660474, 1.586352, -0.074121,   1.657251, 1.656445, -0.000806,   1.641943, 0.039478,
88.600895, 1.658862, 1.596020, -0.062842,   1.656445, 1.662085, 0.005640,   1.637915, 0.038672,
88.625133, 1.657251, 1.589575, -0.067676,   1.654834, 1.643555, -0.011279,   1.643555, 0.037866,
88.649463, 1.657251, 1.569434, -0.087817,   1.661279, 1.654028, -0.007251,   1.644360, 0.040283,
88.673891, 1.654834, 1.600049, -0.054785,   1.653223, 1.650000, -0.003223,   1.641943, 0.037866,
88.698342, 1.656445, 1.603271, -0.053174,   1.654028, 1.647583, -0.006445,   1.637109, 0.039478,
88.722688, 1.660474, 1.599243, -0.061230,   1.653223, 1.654834, 0.001611,   1.640332, 0.040283,
88.746776, 1.643555, 1.579907, -0.063648,   1.644360, 1.637915, -0.006445,   1.633887, 0.026587,
88.771239, 1.647583, 1.552515, -0.095068,   1.645166, 1.648389, 0.003223,   1.635498, 0.025781,
88.795439, 1.641943, 1.574268, -0.067676,   1.643555, 1.644360, 0.000806,   1.633081, 0.027393,
88.819525, 1.647583, 1.579102, -0.068481,   1.647583, 1.648389, 0.000806,   1.637915, 0.028198,
88.843569, 1.647583, 1.612939, -0.034644,   1.645972, 1.645972, 0.000000,   1.633081, 0.023364,
88.867671, 1.647583, 1.616162, -0.031421,   1.650000, 1.683838, 0.033838,   1.637109, 0.028198,
88.891903, 1.650806, 1.585547, -0.065259,   1.650000, 1.645972, -0.004028,   1.636304, 0.027393,
88.916237, 1.652417, 1.575879, -0.076538,   1.650000, 1.648389, -0.001611,   1.633887, 0.025781,
88.940577, 1.648389, 1.604077, -0.044312,   1.649194, 1.637915, -0.011279,   1.636304, 0.025781,
88.965005, 1.647583, 1.600049, -0.047534,   1.645166, 1.653223, 0.008057,   1.633081, 0.023364,
88.989239, 1.648389, 1.581519, -0.066870,   1.650000, 1.640332, -0.009668,   1.633887, 0.026587,
89.013673, 1.656445, 1.587158, -0.069287,   1.652417, 1.645972, -0.006445,   1.635498, 0.027393,
89.038006, 1.660474, 1.600049, -0.060425,   1.662085, 1.662085, 0.000000,   1.640332, 0.040283,
89.062239, 1.658862, 1.582324, -0.076538,   1.658862, 1.654834, -0.004028,   1.644360, 0.037866,
89.086692, 1.662891, 1.575073, -0.087817,   1.664502, 1.623413, -0.041089,   1.641943, 0.037866,
89.111043, 1.657251, 1.565405, -0.091846,   1.662085, 1.662891, 0.000806,   1.641943, 0.037866,
89.135130, 1.656445, 1.596020, -0.060425,   1.662085, 1.654834, -0.007251,   1.645972, 0.038672,
89.159462, 1.658057, 1.578296, -0.079761,   1.654028, 1.621802, -0.032227,   1.641138, 0.037866,
89.183893, 1.660474, 1.591187, -0.069287,   1.657251, 1.666113, 0.008862,   1.636304, 0.042700,
89.208059, 1.657251, 1.598437, -0.058814,   1.654028, 1.662085, 0.008057,   1.640332, 0.039478,
89.232121, 1.661279, 1.589575, -0.071704,   1.656445, 1.647583, -0.008862,   1.641943, 0.039478,
89.256465, 1.657251, 1.593603, -0.063648,   1.657251, 1.640332, -0.016919,   1.641138, 0.037866,
89.281016, 1.658057, 1.554932, -0.103125,   1.658862, 1.650000, -0.008862,   1.643555, 0.040283,
89.305352, 1.656445, 1.579102, -0.077344,   1.658057, 1.650000, -0.008057,   1.641138, 0.038672,
89.329681, 1.657251, 1.587964, -0.069287,   1.658862, 1.650806, -0.008057,   1.644360, 0.039478,
89.354008, 1.654834, 1.577490, -0.077344,   1.658057, 1.665308, 0.007251,   1.641943, 0.039478,
89.378402, 1.647583, 1.583130, -0.064453,   1.649194, 1.645166, -0.004028,   1.628247, 0.026587,
89.402787, 1.643555, 1.550098, -0.093457,   1.641138, 1.635498, -0.005640,   1.633887, 0.027393,
89.427239, 1.652417, 1.583935, -0.068481,   1.652417, 1.645166, -0.007251,   1.631470, 0.030615,
89.451563, 1.648389, 1.595215, -0.053174,   1.647583, 1.640332, -0.007251,   1.633081, 0.028198,
89.476074, 1.650000, 1.574268, -0.075732,   1.648389, 1.645972, -0.002417,   1.633081, 0.023364,
89.500464, 1.647583, 1.578296, -0.069287,   1.648389, 1.643555, -0.004834,   1.633887, 0.028198,
89.524903, 1.649194, 1.548486, -0.100708,   1.647583, 1.637915, -0.009668,   1.636304, 0.022559,
89.549241, 1.648389, 1.573462, -0.074927,   1.649194, 1.641138, -0.008057,   1.633081, 0.027393,
89.573679, 1.650000, 1.579907, -0.070093,   1.647583, 1.635498, -0.012085,   1.637109, 0.027393,
89.598124, 1.649194, 1.586352, -0.062842,   1.649194, 1.647583, -0.001611,   1.637109, 0.028198,
89.622567, 1.650806, 1.619385, -0.031421,   1.648389, 1.641138, -0.007251,   1.632275, 0.023364,
89.646896, 1.645972, 1.581519, -0.064453,   1.649194, 1.620996, -0.028198,   1.633081, 0.023364,
89.671339, 1.648389, 1.583130, -0.065259,   1.654028, 1.625024, -0.029004,   1.633081, 0.028198,
89.695774, 1.662085, 1.610522, -0.051563,   1.665308, 1.653223, -0.012085,   1.639526, 0.039478,
89.720126, 1.661279, 1.587964, -0.073316,   1.661279, 1.654834, -0.006445,   1.640332, 0.038672,
89.744367, 1.656445, 1.595215, -0.061230,   1.657251, 1.657251, 0.000000,   1.636304, 0.037866,
89.768460, 1.658057, 1.581519, -0.076538,   1.654834, 1.658057, 0.003223,   1.643555, 0.043506,
89.792557, 1.662891, 1.595215, -0.067676,   1.661279, 1.654834, -0.006445,   1.641138, 0.039478,
89.817005, 1.661279, 1.608105, -0.053174,   1.658862, 1.662891, 0.004028,   1.641943, 0.039478,
89.841146, 1.662085, 1.587964, -0.074121,   1.662891, 1.658057, -0.004834,   1.637915, 0.037866,
89.865561, 1.657251, 1.590381, -0.066870,   1.654834, 1.670142, 0.015308,   1.641138, 0.038672,
89.889872, 1.656445, 1.606494, -0.049951,   1.656445, 1.645972, -0.010474,   1.641943, 0.039478,
89.914437, 1.654834, 1.599243, -0.055591,   1.661279, 1.660474, -0.000806,   1.639526, 0.040283,
89.938947, 1.660474, 1.581519, -0.078955,   1.660474, 1.650000, -0.010474,   1.648389, 0.040283,
89.963546, 1.662085, 1.591187, -0.070898,   1.658057, 1.657251, -0.000806,   1.640332, 0.040283,
89.988127, 1.662085, 1.581519, -0.080566,   1.657251, 1.624219, -0.033032,   1.637915, 0.035449,
90.012734, 1.647583, 1.607300, -0.040283,   1.640332, 1.654028, 0.013696,   1.637915, 0.023364,
90.037067, 1.647583, 1.575879, -0.071704,   1.648389, 1.619385, -0.029004,   1.635498, 0.026587,
90.061588, 1.648389, 1.581519, -0.066870,   1.648389, 1.666919, 0.018530,   1.633081, 0.025781,
90.085967, 1.645972, 1.564600, -0.081372,   1.647583, 1.654834, 0.007251,   1.637915, 0.026587,
90.110327, 1.650000, 1.567017, -0.082983,   1.645972, 1.645166, -0.000806,   1.633081, 0.028198,
90.134769, 1.650806, 1.583935, -0.066870,   1.647583, 1.653223, 0.005640,   1.635498, 0.026587,
90.159084, 1.647583, 1.591187, -0.056396,   1.654028, 1.648389, -0.005640,   1.635498, 0.027393,
90.184157, 1.647583, 1.632275, -0.015308,   1.647583, 1.619385, -0.028198,   1.633887, 0.024976,
90.208764, 1.650000, 1.583935, -0.066064,   1.649194, 1.618579, -0.030615,   1.635498, 0.028198,
90.233272, 1.650806, 1.575073, -0.075732,   1.652417, 1.662085, 0.009668,   1.633887, 0.027393,
90.257523, 1.657251, 1.577490, -0.079761,   1.654834, 1.643555, -0.011279,   1.633887, 0.028198,
90.282306, 1.649194, 1.606494, -0.042700,   1.652417, 1.658862, 0.006445,   1.636304, 0.027393,
90.306596, 1.647583, 1.624219, -0.023364,   1.652417, 1.668530, 0.016113,   1.633887, 0.022559,
90.330726, 1.664502, 1.595215, -0.069287,   1.661279, 1.647583, -0.013696,   1.643555, 0.035449,
90.355198, 1.662085, 1.593603, -0.068481,   1.662085, 1.664502, 0.002417,   1.637109, 0.039478,
90.379788, 1.662891, 1.590381, -0.072510,   1.661279, 1.639526, -0.021753,   1.640332, 0.038672,
90.404394, 1.662085, 1.586352, -0.075732,   1.654834, 1.662085, 0.007251,   1.637109, 0.040283,
90.428824, 1.657251, 1.591992, -0.065259,   1.658057, 1.631470, -0.026587,   1.641943, 0.037866,
90.453486, 1.658057, 1.594409, -0.063648,   1.658862, 1.644360, -0.014502,   1.639526, 0.040283,
90.478152, 1.658862, 1.611328, -0.047534,   1.662891, 1.654028, -0.008862,   1.645166, 0.036255,
90.502496, 1.662085, 1.603271, -0.058813,   1.658057, 1.652417, -0.005640,   1.643555, 0.035449,
90.526999, 1.660474, 1.596020, -0.064453,   1.657251, 1.654834, -0.002417,   1.641943, 0.037866,
90.551598, 1.661279, 1.582324, -0.078955,   1.658057, 1.650806, -0.007251,   1.637915, 0.037866,
90.576247, 1.654834, 1.599243, -0.055591,   1.657251, 1.657251, 0.000000,   1.639526, 0.037866,
90.600551, 1.660474, 1.582324, -0.078149,   1.658862, 1.668530, 0.009668,   1.641138, 0.037866,
90.624908, 1.656445, 1.582324, -0.074121,   1.654834, 1.669336, 0.014502,   1.640332, 0.037866,
90.649142, 1.661279, 1.591187, -0.070093,   1.654834, 1.658057, 0.003223,   1.641943, 0.037866,
90.673585, 1.650000, 1.574268, -0.075732,   1.652417, 1.662085, 0.009668,   1.637109, 0.029810,
90.698023, 1.647583, 1.585547, -0.062036,   1.645166, 1.647583, 0.002417,   1.635498, 0.028198,
90.722317, 1.647583, 1.581519, -0.066064,   1.649194, 1.612134, -0.037061,   1.633887, 0.027393,
90.746796, 1.645166, 1.606494, -0.038672,   1.650000, 1.647583, -0.002417,   1.633081, 0.024976,
90.771365, 1.648389, 1.587158, -0.061230,   1.645166, 1.637109, -0.008057,   1.633887, 0.022559,
90.795999, 1.648389, 1.606494, -0.041895,   1.647583, 1.652417, 0.004834,   1.635498, 0.026587,
90.820298, 1.650000, 1.579907, -0.070093,   1.652417, 1.658057, 0.005640,   1.640332, 0.026587,
90.844496, 1.647583, 1.581519, -0.066064,   1.648389, 1.637915, -0.010474,   1.629858, 0.026587,
90.869129, 1.650806, 1.579102, -0.071704,   1.649194, 1.657251, 0.008057,   1.629858, 0.023364,
90.893407, 1.652417, 1.586352, -0.066064,   1.647583, 1.641138, -0.006445,   1.632275, 0.028198,
90.917921, 1.649194, 1.582324, -0.066870,   1.650000, 1.650000, 0.000000,   1.640332, 0.026587,
90.942189, 1.650000, 1.570239, -0.079761,   1.649194, 1.648389, -0.000806,   1.632275, 0.026587,
90.966858, 1.658057, 1.585547, -0.072510,   1.662085, 1.673364, 0.011279,   1.641138, 0.037866,
90.991254, 1.661279, 1.590381, -0.070899,   1.658057, 1.649194, -0.008862,   1.643555, 0.038672,
91.015817, 1.662891, 1.593603, -0.069287,   1.654834, 1.649194, -0.005640,   1.641943, 0.037866,
91.040372, 1.664502, 1.583130, -0.081372,   1.662085, 1.673364, 0.011279,   1.644360, 0.040283,
91.064823, 1.658057, 1.581519, -0.076538,   1.657251, 1.640332, -0.016919,   1.641138, 0.039478,
91.089533, 1.662085, 1.583935, -0.078149,   1.662891, 1.654028, -0.008862,   1.640332, 0.037866,
91.114112, 1.661279, 1.578296, -0.082983,   1.658057, 1.648389, -0.009668,   1.637915, 0.039478,
91.138657, 1.656445, 1.582324, -0.074121,   1.658862, 1.660474, 0.001611,   1.637915, 0.039478,
91.163144, 1.661279, 1.582324, -0.078955,   1.654834, 1.652417, -0.002417,   1.637915, 0.037866,
91.187784, 1.658057, 1.582324, -0.075732,   1.654028, 1.647583, -0.006445,   1.644360, 0.037866,
91.212397, 1.661279, 1.589575, -0.071704,   1.656445, 1.641138, -0.015308,   1.643555, 0.039478,
91.236888, 1.656445, 1.639526, -0.016919,   1.653223, 1.624219, -0.029004,   1.641138, 0.040283,
91.261560, 1.662085, 1.587964, -0.074121,   1.654834, 1.645972, -0.008862,   1.640332, 0.039478,
91.286249, 1.643555, 1.581519, -0.062036,   1.645972, 1.615356, -0.030615,   1.631470, 0.028198,
91.310707, 1.645166, 1.581519, -0.063648,   1.643555, 1.648389, 0.004834,   1.633081, 0.026587,
91.335052, 1.649194, 1.562183, -0.087012,   1.647583, 1.654028, 0.006445,   1.636304, 0.027393,
91.359478, 1.652417, 1.590381, -0.062036,   1.650000, 1.654028, 0.004028,   1.637109, 0.024976,
91.384041, 1.649194, 1.586352, -0.062842,   1.647583, 1.657251, 0.009668,   1.633081, 0.028198,
91.408260, 1.652417, 1.574268, -0.078149,   1.648389, 1.625024, -0.023364,   1.633887, 0.023364,
91.432852, 1.650000, 1.586352, -0.063648,   1.650806, 1.645166, -0.005640,   1.633887, 0.022559,
91.457426, 1.650000, 1.583935, -0.066064,   1.647583, 1.633887, -0.013696,   1.633081, 0.026587,
91.482065, 1.650806, 1.599243, -0.051562,   1.645972, 1.661279, 0.015308,   1.635498, 0.026587,
91.506279, 1.650806, 1.589575, -0.061230,   1.649194, 1.635498, -0.013696,   1.633081, 0.030615,
91.530856, 1.647583, 1.633081, -0.014502,   1.650000, 1.633887, -0.016113,   1.640332, 0.023364,
91.555445, 1.648389, 1.581519, -0.066870,   1.649194, 1.627441, -0.021753,   1.633081, 0.023364,
91.580150, 1.652417, 1.582324, -0.070093,   1.652417, 1.650000, -0.002417,   1.636304, 0.025781,
91.604728, 1.666919, 1.587964, -0.078955,   1.664502, 1.648389, -0.016113,   1.640332, 0.039478,
91.629246, 1.662085, 1.552515, -0.109570,   1.662891, 1.637915, -0.024976,   1.643555, 0.037866,
91.653928, 1.658057, 1.459863, -0.198193,   1.660474, 1.649194, -0.011279,   1.643555, 0.037866,
91.678472, 1.654834, 1.388965, -0.265869,   1.661279, 1.629053, -0.032227,   1.644360, 0.037866,
91.703036, 1.661279, 1.330151, -0.331128,   1.662085, 1.632275, -0.029810,   1.643555, 0.040283,
91.727629, 1.658862, 1.288257, -0.370605,   1.656445, 1.616162, -0.040283,   1.637109, 0.037866,
91.752256, 1.657251, 1.252002, -0.405249,   1.657251, 1.616968, -0.040283,   1.640332, 0.042700,
91.776910, 1.658057, 1.227026, -0.431030,   1.654834, 1.621802, -0.033032,   1.641943, 0.037866,
91.801388, 1.661279, 1.205273, -0.456006,   1.656445, 1.619385, -0.037060,   1.640332, 0.036255,
91.826035, 1.662891, 1.189966, -0.472925,   1.658862, 1.611328, -0.047534,   1.640332, 0.039478,
91.850508, 1.654834, 1.169019, -0.485815,   1.654834, 1.615356, -0.039477,   1.641943, 0.036255,
91.875064, 1.654028, 1.181909, -0.472119,   1.658862, 1.598437, -0.060425,   1.641138, 0.041895,
91.899628, 1.658862, 1.146460, -0.512402,   1.650806, 1.612134, -0.038672,   1.641138, 0.040283,
91.924327, 1.641943, 1.122290, -0.519653,   1.647583, 1.599243, -0.048340,   1.639526, 0.026587,
91.948775, 1.644360, 1.114233, -0.530127,   1.645972, 1.600049, -0.045923,   1.635498, 0.025781,
91.967934, 1.647583, 1.125513, -0.522070,   1.641138, 1.583935, -0.057202,   1.636304, 0.023364,
91.992497, 1.643555, 1.113428, -0.530127,   1.643555, 1.596826, -0.046728,   1.633081, 0.028198,
92.017065, 1.647583, 1.102954, -0.544629,   1.647583, 1.596020, -0.051563,   1.637109, 0.028198,
92.041570, 1.649194, 1.108594, -0.540601,   1.645166, 1.579907, -0.065259,   1.636304, 0.024976,
92.066201, 1.648389, 1.102148, -0.546240,   1.644360, 1.600049, -0.044312,   1.633887, 0.026587,
92.090726, 1.645166, 1.091675, -0.553491,   1.648389, 1.600049, -0.048340,   1.629053, 0.028198,
92.115373, 1.650000, 1.063477, -0.586523,   1.650000, 1.587964, -0.062036,   1.632275, 0.025781,
92.140096, 1.645972, 1.085230, -0.560742,   1.650000, 1.600049, -0.049951,   1.633081, 0.026587,
92.164693, 1.645972, 1.073145, -0.572827,   1.650000, 1.596020, -0.053980,   1.633887, 0.024976,
92.189387, 1.647583, 1.068310, -0.579273,   1.649194, 1.564600, -0.084595,   1.635498, 0.027393,
92.213934, 1.648389, 1.077978, -0.570410,   1.647583, 1.575879, -0.071704,   1.635498, 0.028198,
92.238553, 1.666919, 1.127124, -0.539795,   1.662891, 1.600049, -0.062842,   1.639526, 0.042700,
92.263163, 1.661279, 1.167407, -0.493872,   1.664502, 1.608911, -0.055591,   1.639526, 0.037866,
92.287826, 1.656445, 1.221387, -0.435059,   1.661279, 1.643555, -0.017725,   1.640332, 0.040283,
92.312476, 1.658862, 1.285034, -0.373828,   1.662085, 1.641138, -0.020947,   1.640332, 0.039478,
92.337046, 1.656445, 1.379297, -0.277148,   1.661279, 1.616968, -0.044312,   1.640332, 0.036255,
92.361751, 1.658057, 1.394604, -0.263452,   1.661279, 1.635498, -0.025781,   1.637109, 0.040283,
92.386512, 1.661279, 1.417163, -0.244116,   1.658862, 1.603271, -0.055591,   1.640332, 0.036255,
92.411077, 1.660474, 1.428442, -0.232031,   1.654834, 1.649194, -0.005640,   1.645166, 0.040283,
92.435691, 1.657251, 1.478394, -0.178857,   1.658862, 1.637915, -0.020947,   1.641943, 0.038672,
92.460173, 1.661279, 1.492090, -0.169189,   1.654834, 1.633081, -0.021753,   1.641138, 0.038672,
92.484655, 1.660474, 1.487256, -0.173218,   1.653223, 1.666113, 0.012891,   1.639526, 0.040283,
92.508969, 1.658862, 1.438916, -0.219946,   1.654834, 1.649194, -0.005640,   1.640332, 0.041895,
92.533450, 1.656445, 1.375269, -0.281177,   1.658862, 1.647583, -0.011279,   1.641943, 0.040283,
92.557921, 1.654834, 1.317261, -0.337573,   1.647583, 1.608105, -0.039478,   1.637915, 0.031421,
92.582697, 1.647583, 1.255225, -0.392358,   1.645972, 1.615356, -0.030615,   1.636304, 0.028198,
92.607106, 1.647583, 1.234277, -0.413306,   1.647583, 1.600049, -0.047534,   1.632275, 0.026587,
92.631735, 1.645972, 1.235083, -0.410889,   1.647583, 1.596826, -0.050757,   1.629053, 0.026587,
92.656205, 1.649194, 1.185132, -0.464063,   1.647583, 1.603271, -0.044312,   1.637915, 0.031421,
92.680927, 1.650000, 1.204468, -0.445532,   1.644360, 1.604077, -0.040283,   1.631470, 0.025781,
92.705410, 1.645166, 1.153711, -0.491455,   1.648389, 1.603271, -0.045117,   1.631470, 0.026587,
92.729803, 1.649194, 1.144043, -0.505151,   1.648389, 1.595215, -0.053174,   1.633887, 0.027393,
92.754145, 1.649194, 1.142432, -0.506763,   1.645972, 1.615356, -0.030615,   1.633081, 0.028198,
92.778695, 1.650000, 1.111011, -0.538989,   1.645972, 1.599243, -0.046728,   1.637109, 0.024976,
92.803026, 1.650806, 1.130347, -0.520459,   1.647583, 1.611328, -0.036255,   1.633081, 0.027393,
92.827482, 1.650000, 1.104565, -0.545435,   1.650000, 1.596826, -0.053174,   1.636304, 0.025781,
92.851794, 1.647583, 1.101343, -0.546240,   1.652417, 1.610522, -0.041895,   1.633887, 0.028198,
92.876347, 1.654028, 1.090063, -0.563965,   1.654028, 1.566211, -0.087817,   1.640332, 0.040283,
92.900700, 1.661279, 1.101343, -0.559937,   1.664502, 1.606494, -0.058008,   1.643555, 0.037866,
92.925024, 1.658862, 1.100537, -0.558325,   1.661279, 1.599243, -0.062036,   1.640332, 0.037866,
92.949358, 1.658862, 1.106177, -0.552685,   1.660474, 1.602466, -0.058008,   1.640332, 0.038672,
92.973797, 1.658862, 1.069116, -0.589746,   1.662085, 1.612939, -0.049145,   1.637109, 0.038672,
92.998259, 1.654834, 1.099731, -0.555102,   1.660474, 1.607300, -0.053174,   1.641943, 0.037866,
93.022602, 1.660474, 1.093286, -0.567187,   1.654834, 1.602466, -0.052368,   1.641943, 0.037866,
93.046910, 1.658862, 1.073145, -0.585718,   1.658057, 1.600855, -0.057202,   1.644360, 0.038672,
93.071342, 1.658862, 1.087646, -0.571216,   1.658057, 1.590381, -0.067676,   1.643555, 0.038672,
93.095792, 1.658862, 1.039307, -0.619556,   1.660474, 1.607300, -0.053174,   1.640332, 0.037866,
93.120112, 1.657251, 1.082007, -0.575244,   1.658057, 1.593603, -0.064453,   1.636304, 0.037866,
93.144376, 1.661279, 1.076367, -0.584912,   1.654834, 1.575879, -0.078955,   1.641943, 0.037866,
93.168795, 1.654834, 1.081201, -0.573633,   1.657251, 1.600049, -0.057202,   1.643555, 0.035449,
93.193161, 1.657251, 1.082007, -0.575244,   1.654028, 1.602466, -0.051563,   1.640332, 0.037866,
93.217474, 1.645972, 1.075562, -0.570410,   1.647583, 1.608105, -0.039478,   1.637915, 0.026587,
93.240144, 1.647583, 1.195605, -0.451978,   1.645166, 1.602466, -0.042700,   1.635498, 0.027393,
93.264580, 1.650000, 1.267310, -0.382690,   1.649194, 1.600049, -0.049146,   1.635498, 0.028198,
93.289039, 1.643555, 1.305176, -0.338379,   1.649194, 1.619385, -0.029810,   1.637109, 0.028198,
93.313369, 1.647583, 1.340625, -0.306958,   1.649194, 1.620996, -0.028198,   1.635498, 0.027393,
93.337699, 1.647583, 1.359961, -0.287622,   1.645166, 1.636304, -0.008862,   1.635498, 0.028198,
93.362140, 1.650000, 1.438916, -0.211084,   1.648389, 1.647583, -0.000806,   1.635498, 0.027393,
93.386705, 1.650806, 1.457446, -0.193359,   1.652417, 1.633081, -0.019336,   1.640332, 0.030615,
93.411081, 1.647583, 1.475977, -0.171606,   1.652417, 1.629858, -0.022559,   1.635498, 0.024976,
93.435364, 1.650000, 1.459058, -0.190942,   1.650806, 1.647583, -0.003223,   1.636304, 0.025781,
93.459705, 1.648389, 1.467920, -0.180469,   1.647583, 1.635498, -0.012085,   1.636304, 0.028198,
93.484254, 1.647583, 1.525928, -0.121655,   1.650806, 1.645972, -0.004834,   1.633887, 0.028198,
93.508617, 1.650000, 1.519482, -0.130518,   1.650000, 1.644360, -0.005640,   1.633081, 0.026587,
93.532918, 1.664502, 1.533984, -0.130518,   1.662085, 1.649194, -0.012891,   1.640332, 0.037866,
93.557261, 1.662085, 1.550903, -0.111182,   1.662891, 1.640332, -0.022559,   1.641138, 0.038672,
93.581796, 1.660474, 1.552515, -0.107959,   1.658862, 1.649194, -0.009668,   1.637915, 0.037866,
93.606142, 1.657251, 1.574268, -0.082983,   1.660474, 1.647583, -0.012891,   1.640332, 0.041895,
93.630482, 1.661279, 1.562183, -0.099097,   1.665308, 1.649194, -0.016113,   1.639526, 0.037866,
93.654805, 1.662085, 1.529150, -0.132935,   1.657251, 1.647583, -0.009668,   1.645972, 0.039478,
93.679369, 1.660474, 1.567017, -0.093457,   1.661279, 1.662085, 0.000806,   1.641943, 0.043506,
93.703482, 1.654834, 1.570239, -0.084595,   1.660474, 1.658862, -0.001611,   1.643555, 0.041895,
93.727916, 1.661279, 1.591992, -0.069287,   1.654834, 1.654028, -0.000806,   1.639526, 0.037866,
93.752261, 1.658057, 1.574268, -0.083789,   1.657251, 1.649194, -0.008057,   1.641943, 0.038672,
93.776816, 1.660474, 1.587158, -0.073315,   1.658862, 1.644360, -0.014502,   1.639526, 0.037866,
93.801389, 1.654028, 1.574268, -0.079761,   1.657251, 1.669336, 0.012085,   1.641138, 0.038672,
93.825737, 1.657251, 1.590381, -0.066870,   1.657251, 1.668530, 0.011279,   1.637915, 0.041895,
93.850059, 1.647583, 1.587964, -0.059619,   1.641138, 1.641138, 0.000000,   1.637109, 0.028198,
93.874491, 1.647583, 1.587158, -0.060425,   1.644360, 1.640332, -0.004028,   1.633081, 0.026587,
93.898943, 1.648389, 1.573462, -0.074927,   1.649194, 1.647583, -0.001611,   1.637109, 0.024976,
93.923497, 1.648389, 1.620996, -0.027393,   1.645166, 1.629858, -0.015308,   1.633887, 0.028198,
93.947991, 1.650000, 1.579102, -0.070898,   1.647583, 1.647583, 0.000000,   1.633887, 0.027393,
93.972376, 1.648389, 1.550903, -0.097485,   1.648389, 1.647583, -0.000806,   1.633081, 0.028198,
93.997049, 1.649194, 1.581519, -0.067676,   1.649194, 1.636304, -0.012891,   1.631470, 0.025781,
94.021651, 1.650806, 1.595215, -0.055591,   1.645972, 1.649194, 0.003223,   1.633887, 0.028198,
94.045968, 1.650000, 1.587964, -0.062036,   1.648389, 1.650000, 0.001611,   1.633887, 0.028198,
94.070374, 1.652417, 1.570239, -0.082178,   1.647583, 1.649194, 0.001611,   1.633887, 0.025781,
94.094722, 1.649194, 1.623413, -0.025781,   1.652417, 1.664502, 0.012085,   1.633887, 0.028198,
94.119052, 1.650000, 1.587964, -0.062036,   1.647583, 1.633081, -0.014502,   1.637915, 0.025781,
94.143596, 1.648389, 1.583935, -0.064453,   1.650000, 1.633887, -0.016113,   1.633887, 0.025781,
94.168068, 1.664502, 1.554932, -0.109570,   1.662085, 1.650806, -0.011279,   1.643555, 0.037866,
94.192620, 1.664502, 1.556543, -0.107959,   1.658862, 1.662085, 0.003223,   1.640332, 0.038672,
94.216967, 1.662891, 1.596826, -0.066064,   1.662085, 1.658862, -0.003223,   1.637915, 0.036255,
94.241485, 1.664502, 1.607300, -0.057202,   1.662085, 1.644360, -0.017725,   1.641138, 0.036255,
94.266153, 1.662891, 1.587964, -0.074927,   1.658057, 1.657251, -0.000806,   1.643555, 0.036255,
94.290757, 1.656445, 1.587964, -0.068481,   1.654834, 1.647583, -0.007251,   1.643555, 0.035449,
94.315274, 1.662085, 1.593603, -0.068481,   1.658057, 1.654834, -0.003223,   1.643555, 0.039478,
94.339936, 1.662085, 1.561377, -0.100708,   1.654834, 1.647583, -0.007251,   1.641943, 0.037866,
94.364560, 1.656445, 1.602466, -0.053980,   1.654028, 1.645166, -0.008862,   1.641943, 0.037866,
94.389290, 1.657251, 1.618579, -0.038672,   1.657251, 1.648389, -0.008862,   1.645166, 0.041895,
94.413923, 1.654028, 1.591992, -0.062036,   1.656445, 1.653223, -0.003223,   1.641943, 0.035449,
94.438404, 1.658862, 1.603271, -0.055591,   1.654834, 1.647583, -0.007251,   1.637109, 0.039478,
94.463048, 1.657251, 1.590381, -0.066870,   1.658862, 1.654028, -0.004834,   1.639526, 0.037866,
94.487614, 1.660474, 1.598437, -0.062036,   1.661279, 1.664502, 0.003223,   1.641943, 0.041895,
94.511937, 1.647583, 1.596020, -0.051563,   1.645972, 1.645166, -0.000806,   1.633887, 0.029810,
94.536489, 1.647583, 1.583935, -0.063648,   1.645166, 1.650000, 0.004834,   1.635498, 0.027393,
94.560748, 1.647583, 1.604883, -0.042700,   1.647583, 1.633081, -0.014502,   1.629053, 0.023364,
94.585505, 1.648389, 1.565405, -0.082983,   1.650000, 1.665308, 0.015308,   1.637915, 0.024976,
94.609863, 1.648389, 1.578296, -0.070093,   1.647583, 1.645166, -0.002417,   1.636304, 0.022559,
94.634344, 1.647583, 1.578296, -0.069287,   1.650000, 1.645972, -0.004028,   1.640332, 0.031421,
94.658936, 1.652417, 1.571851, -0.080566,   1.648389, 1.654834, 0.006445,   1.633887, 0.027393,
94.683484, 1.653223, 1.565405, -0.087817,   1.647583, 1.647583, 0.000000,   1.636304, 0.024976,
94.707829, 1.650000, 1.591187, -0.058813,   1.645972, 1.637109, -0.008862,   1.631470, 0.028198,
94.732395, 1.648389, 1.579102, -0.069287,   1.649194, 1.652417, 0.003223,   1.633887, 0.026587,
94.756623, 1.647583, 1.600049, -0.047534,   1.650000, 1.644360, -0.005640,   1.637109, 0.025781,
94.781312, 1.648389, 1.581519, -0.066870,   1.649194, 1.643555, -0.005640,   1.633081, 0.028198,
94.805825, 1.662085, 1.595215, -0.066870,   1.664502, 1.657251, -0.007251,   1.641138, 0.035449,
94.830519, 1.660474, 1.587158, -0.073315,   1.657251, 1.653223, -0.004028,   1.645972, 0.037866,
94.855029, 1.662085, 1.586352, -0.075732,   1.658862, 1.647583, -0.011279,   1.640332, 0.039478,
94.879641, 1.656445, 1.633081, -0.023364,   1.660474, 1.645972, -0.014502,   1.640332, 0.040283,
94.904280, 1.662085, 1.598437, -0.063648,   1.658862, 1.666113, 0.007251,   1.640332, 0.037866,
94.928595, 1.662085, 1.564600, -0.097485,   1.658057, 1.654834, -0.003223,   1.640332, 0.040283,
94.953085, 1.657251, 1.587964, -0.069287,   1.661279, 1.647583, -0.013696,   1.640332, 0.041895,
94.977894, 1.658057, 1.596020, -0.062036,   1.654834, 1.637109, -0.017725,   1.641943, 0.036255,
95.002486, 1.657251, 1.579907, -0.077344,   1.654834, 1.649194, -0.005640,   1.640332, 0.035449,
95.027065, 1.658862, 1.586352, -0.072510,   1.660474, 1.654834, -0.005640,   1.637109, 0.036255,
95.051616, 1.658862, 1.596020, -0.062842,   1.660474, 1.656445, -0.004028,   1.637109, 0.042700,
95.076285, 1.652417, 1.583935, -0.068481,   1.658057, 1.632275, -0.025781,   1.639526, 0.038672,
95.100841, 1.657251, 1.591992, -0.065259,   1.658057, 1.670142, 0.012085,   1.641138, 0.037866,
95.125172, 1.647583, 1.581519, -0.066064,   1.645166, 1.629858, -0.015308,   1.625024, 0.029810,
95.149750, 1.647583, 1.583130, -0.064453,   1.643555, 1.654028, 0.010474,   1.633887, 0.025781,
95.174107, 1.650000, 1.587158, -0.062842,   1.648389, 1.618579, -0.029810,   1.637915, 0.024976,
95.198740, 1.649194, 1.579102, -0.070093,   1.648389, 1.640332, -0.008057,   1.637109, 0.023364,
95.223286, 1.650000, 1.586352, -0.063648,   1.647583, 1.637109, -0.010474,   1.633081, 0.026587,
95.247839, 1.647583, 1.552515, -0.095068,   1.645166, 1.652417, 0.007251,   1.636304, 0.027393,
95.272084, 1.644360, 1.575073, -0.069287,   1.648389, 1.616968, -0.031421,   1.633887, 0.028198,
95.296661, 1.650000, 1.587158, -0.062842,   1.649194, 1.625830, -0.023364,   1.635498, 0.027393,
95.321280, 1.650000, 1.573462, -0.076538,   1.650000, 1.647583, -0.002417,   1.629858, 0.028198,
95.345791, 1.650000, 1.567017, -0.082983,   1.650000, 1.647583, -0.002417,   1.629858, 0.024976,
95.370368, 1.645166, 1.575879, -0.069287,   1.649194, 1.633081, -0.016113,   1.633887, 0.028198,
95.395179, 1.652417, 1.591187, -0.061230,   1.650000, 1.611328, -0.038672,   1.633887, 0.027393,
95.419757, 1.653223, 1.571045, -0.082178,   1.647583, 1.649194, 0.001611,   1.636304, 0.028198,
95.443963, 1.662085, 1.600049, -0.062036,   1.661279, 1.649194, -0.012085,   1.640332, 0.039478,
95.468615, 1.662085, 1.595215, -0.066870,   1.662891, 1.650000, -0.012891,   1.637915, 0.038672,
95.493062, 1.664502, 1.574268, -0.090234,   1.662085, 1.670142, 0.008057,   1.641138, 0.040283,
95.517208, 1.662085, 1.602466, -0.059619,   1.662085, 1.662891, 0.000806,   1.637109, 0.037866,
95.541521, 1.658862, 1.587964, -0.070898,   1.654028, 1.640332, -0.013696,   1.640332, 0.037866,
95.566066, 1.658862, 1.591187, -0.067676,   1.660474, 1.652417, -0.008057,   1.643555, 0.037866,
95.590667, 1.654028, 1.596826, -0.057202,   1.658057, 1.637915, -0.020142,   1.640332, 0.033838,
95.615293, 1.661279, 1.578296, -0.082983,   1.660474, 1.650806, -0.009668,   1.639526, 0.036255,
95.639885, 1.654834, 1.578296, -0.076538,   1.658862, 1.652417, -0.006445,   1.643555, 0.037866,
95.664518, 1.661279, 1.594409, -0.066870,   1.654834, 1.654028, -0.000806,   1.640332, 0.041895,
95.689141, 1.661279, 1.581519, -0.079761,   1.660474, 1.677393, 0.016919,   1.645166, 0.037866,
95.713456, 1.662085, 1.600855, -0.061230,   1.653223, 1.650000, -0.003223,   1.643555, 0.041895,
95.737937, 1.660474, 1.595215, -0.065259,   1.657251, 1.679810, 0.022559,   1.641138, 0.035449,
95.762281, 1.647583, 1.573462, -0.074121,   1.645972, 1.637915, -0.008057,   1.636304, 0.027393,
95.786870, 1.645166, 1.571045, -0.074121,   1.647583, 1.652417, 0.004834,   1.637109, 0.028198,
95.811307, 1.645166, 1.587964, -0.057202,   1.645166, 1.636304, -0.008862,   1.637109, 0.022559,
95.835827, 1.648389, 1.596020, -0.052368,   1.649194, 1.649194, 0.000000,   1.632275, 0.025781,
95.860207, 1.649194, 1.567017, -0.082178,   1.647583, 1.641943, -0.005640,   1.640332, 0.027393,
95.884741, 1.654834, 1.587964, -0.066870,   1.650806, 1.654028, 0.003223,   1.637915, 0.031421,
95.909164, 1.649194, 1.604883, -0.044312,   1.650806, 1.631470, -0.019336,   1.636304, 0.025781,
95.933488, 1.650000, 1.581519, -0.068481,   1.648389, 1.657251, 0.008862,   1.640332, 0.026587,
95.957593, 1.650806, 1.587964, -0.062842,   1.648389, 1.633081, -0.015308,   1.636304, 0.027393,
95.982158, 1.650806, 1.573462, -0.077344,   1.649194, 1.644360, -0.004834,   1.632275, 0.028198,
96.006490, 1.649194, 1.599243, -0.049951,   1.647583, 1.633887, -0.013696,   1.633887, 0.022559,
96.030826, 1.650806, 1.587964, -0.062842,   1.649194, 1.636304, -0.012891,   1.629053, 0.023364,
96.055161, 1.650806, 1.587964, -0.062842,   1.652417, 1.640332, -0.012085,   1.633887, 0.027393,
96.079716, 1.658057, 1.595215, -0.062842,   1.662891, 1.650000, -0.012891,   1.643555, 0.037866,
96.104042, 1.661279, 1.549292, -0.111987,   1.662891, 1.653223, -0.009668,   1.640332, 0.040283,
96.128369, 1.664502, 1.566211, -0.098291,   1.657251, 1.640332, -0.016919,   1.641943, 0.036255,
96.152715, 1.662085, 1.635498, -0.026587,   1.662085, 1.658057, -0.004028,   1.639526, 0.039478,
96.177273, 1.658862, 1.590381, -0.068481,   1.662085, 1.656445, -0.005640,   1.641943, 0.040283,
96.201605, 1.661279, 1.595215, -0.066064,   1.662085, 1.632275, -0.029810,   1.637915, 0.037866,
96.225924, 1.661279, 1.570239, -0.091040,   1.660474, 1.653223, -0.007251,   1.640332, 0.037866,
96.250272, 1.658862, 1.582324, -0.076538,   1.657251, 1.664502, 0.007251,   1.645972, 0.036255,
96.274489, 1.658057, 1.614551, -0.043506,   1.658862, 1.624219, -0.034644,   1.645166, 0.037866,
96.298832, 1.660474, 1.600049, -0.060425,   1.660474, 1.647583, -0.012891,   1.641943, 0.038672,
96.323167, 1.660474, 1.589575, -0.070898,   1.660474, 1.654834, -0.005640,   1.643555, 0.039478,
96.347493, 1.656445, 1.582324, -0.074121,   1.660474, 1.653223, -0.007251,   1.641943, 0.035449,
96.371923, 1.657251, 1.627441, -0.029810,   1.654834, 1.632275, -0.022559,   1.640332, 0.038672,
96.396491, 1.654834, 1.590381, -0.064453,   1.658057, 1.647583, -0.010474,   1.637915, 0.032227,
96.420822, 1.645972, 1.579907, -0.066064,   1.643555, 1.641138, -0.002417,   1.636304, 0.028198,
96.445136, 1.647583, 1.591992, -0.055591,   1.645166, 1.640332, -0.004834,   1.633887, 0.024976,
96.469493, 1.647583, 1.574268, -0.073316,   1.649194, 1.649194, 0.000000,   1.635498, 0.026587,
96.493632, 1.649194, 1.589575, -0.059619,   1.649194, 1.668530, 0.019336,   1.637109, 0.029810,
96.517812, 1.649194, 1.573462, -0.075732,   1.649194, 1.653223, 0.004028,   1.633081, 0.026587,
96.541931, 1.645166, 1.581519, -0.063648,   1.648389, 1.654834, 0.006445,   1.636304, 0.028198,
96.566160, 1.645972, 1.587964, -0.058008,   1.650806, 1.657251, 0.006445,   1.629858, 0.028198,
96.590382, 1.647583, 1.571045, -0.076538,   1.645166, 1.631470, -0.013696,   1.632275, 0.028198,
96.614705, 1.650806, 1.599243, -0.051562,   1.650000, 1.640332, -0.009668,   1.637109, 0.029810,
96.639051, 1.650000, 1.539624, -0.110376,   1.645972, 1.633887, -0.012085,   1.639526, 0.027393,
96.663499, 1.650000, 1.579907, -0.070093,   1.650806, 1.641943, -0.008862,   1.633081, 0.028198,
96.687961, 1.647583, 1.581519, -0.066064,   1.650806, 1.676587, 0.025781,   1.633887, 0.024976,
96.712082, 1.653223, 1.587158, -0.066064,   1.650806, 1.640332, -0.010474,   1.637109, 0.028198,
96.736377, 1.664502, 1.583935, -0.080566,   1.661279, 1.650000, -0.011279,   1.640332, 0.037866,
96.760709, 1.661279, 1.583935, -0.077344,   1.662891, 1.649194, -0.013696,   1.643555, 0.039478,
96.785274, 1.662891, 1.607300, -0.055591,   1.662891, 1.640332, -0.022559,   1.637915, 0.042700,
96.809645, 1.662085, 1.599243, -0.062842,   1.661279, 1.654028, -0.007251,   1.640332, 0.039478,
96.833927, 1.658862, 1.600855, -0.058008,   1.658862, 1.650806, -0.008057,   1.640332, 0.040283,
96.858277, 1.662085, 1.624219, -0.037866,   1.658862, 1.660474, 0.001611,   1.644360, 0.036255,
96.882598, 1.662085, 1.596020, -0.066064,   1.658862, 1.662891, 0.004028,   1.645166, 0.040283,
96.906713, 1.656445, 1.583935, -0.072510,   1.658862, 1.643555, -0.015308,   1.637915, 0.042700,
96.931050, 1.662891, 1.599243, -0.063647,   1.661279, 1.654834, -0.006445,   1.641943, 0.039478,
96.955385, 1.662085, 1.575073, -0.087012,   1.656445, 1.661279, 0.004834,   1.639526, 0.037866,
96.979718, 1.654834, 1.548486, -0.106348,   1.658862, 1.640332, -0.018530,   1.641138, 0.035449,
97.004043, 1.662085, 1.623413, -0.038672,   1.660474, 1.661279, 0.000806,   1.644360, 0.039478,
97.028167, 1.658057, 1.608105, -0.049951,   1.658862, 1.650000, -0.008862,   1.637915, 0.040283,
97.052497, 1.645972, 1.600855, -0.045117,   1.648389, 1.645972, -0.002417,   1.636304, 0.028198,
97.077029, 1.645166, 1.587964, -0.057202,   1.645166, 1.641138, -0.004028,   1.633081, 0.021753,
97.101376, 1.647583, 1.558960, -0.088623,   1.644360, 1.645972, 0.001611,   1.633887, 0.028198,
97.125488, 1.648389, 1.581519, -0.066870,   1.649194, 1.657251, 0.008057,   1.633081, 0.022559,
97.149672, 1.643555, 1.596020, -0.047534,   1.649194, 1.653223, 0.004028,   1.636304, 0.028198,
97.173938, 1.648389, 1.583130, -0.065259,   1.648389, 1.647583, -0.000806,   1.633887, 0.022559,
97.198392, 1.652417, 1.574268, -0.078149,   1.649194, 1.652417, 0.003223,   1.629053, 0.027393,
97.222606, 1.648389, 1.583935, -0.064453,   1.648389, 1.632275, -0.016113,   1.635498, 0.023364,
97.246176, 1.650000, 1.538013, -0.111987,   1.647583, 1.640332, -0.007251,   1.633081, 0.025781,
97.270580, 1.648389, 1.583130, -0.065259,   1.647583, 1.636304, -0.011279,   1.636304, 0.025781,
97.294927, 1.648389, 1.606494, -0.041895,   1.649194, 1.645166, -0.004028,   1.635498, 0.026587,
97.319168, 1.650000, 1.602466, -0.047534,   1.654028, 1.654028, 0.000000,   1.629858, 0.027393,
97.343194, 1.653223, 1.587158, -0.066064,   1.654834, 1.637915, -0.016919,   1.639526, 0.030615,
97.367494, 1.662085, 1.565405, -0.096680,   1.660474, 1.658862, -0.001611,   1.640332, 0.037866,
97.392052, 1.662085, 1.614551, -0.047534,   1.662891, 1.647583, -0.015308,   1.643555, 0.042700,
97.416489, 1.662891, 1.594409, -0.068481,   1.660474, 1.654834, -0.005640,   1.640332, 0.037866,
97.440815, 1.661279, 1.589575, -0.071704,   1.662085, 1.665308, 0.003223,   1.641138, 0.038672,
97.465048, 1.658057, 1.574268, -0.083789,   1.661279, 1.652417, -0.008862,   1.639526, 0.038672,
97.489615, 1.662085, 1.628247, -0.033838,   1.658862, 1.648389, -0.010474,   1.645166, 0.040283,
97.514045, 1.658057, 1.583935, -0.074121,   1.660474, 1.652417, -0.008057,   1.640332, 0.037866,
97.538389, 1.662085, 1.583935, -0.078149,   1.661279, 1.641943, -0.019336,   1.641943, 0.037866,
97.562822, 1.654834, 1.567017, -0.087817,   1.654834, 1.644360, -0.010474,   1.640332, 0.037866,
97.587281, 1.661279, 1.600855, -0.060425,   1.660474, 1.645972, -0.014502,   1.641943, 0.041895,
97.611710, 1.654834, 1.589575, -0.065259,   1.654834, 1.620190, -0.034644,   1.640332, 0.037866,
97.636050, 1.660474, 1.604883, -0.055591,   1.657251, 1.653223, -0.004028,   1.637915, 0.038672,
97.660380, 1.660474, 1.589575, -0.070898,   1.654834, 1.664502, 0.009668,   1.641943, 0.039478,
97.684714, 1.643555, 1.552515, -0.091040,   1.640332, 1.641943, 0.001611,   1.635498, 0.026587,
97.708870, 1.645972, 1.579907, -0.066064,   1.645166, 1.650000, 0.004834,   1.633081, 0.022559,
97.732944, 1.644360, 1.583130, -0.061230,   1.647583, 1.662891, 0.015308,   1.632275, 0.025781,
97.757041, 1.647583, 1.561377, -0.086206,   1.647583, 1.650000, 0.002417,   1.637109, 0.027393,
97.781400, 1.647583, 1.594409, -0.053174,   1.650000, 1.664502, 0.014502,   1.633887, 0.024976,
97.805505, 1.649194, 1.581519, -0.067676,   1.647583, 1.640332, -0.007251,   1.629053, 0.025781,
97.829834, 1.649194, 1.562988, -0.086206,   1.650806, 1.654834, 0.004028,   1.637109, 0.026587,
97.853937, 1.648389, 1.590381, -0.058008,   1.649194, 1.633887, -0.015308,   1.633887, 0.026587,
97.878510, 1.648389, 1.587964, -0.060425,   1.647583, 1.653223, 0.005640,   1.636304, 0.026587,
97.902608, 1.652417, 1.582324, -0.070093,   1.644360, 1.647583, 0.003223,   1.633081, 0.025781,
97.926832, 1.653223, 1.585547, -0.067676,   1.650806, 1.658862, 0.008057,   1.637109, 0.028198,
97.950934, 1.649194, 1.579907, -0.069287,   1.650000, 1.658862, 0.008862,   1.633887, 0.026587,
97.975173, 1.652417, 1.604077, -0.048340,   1.650000, 1.658862, 0.008862,   1.635498, 0.026587,
97.999303, 1.665308, 1.582324, -0.082983,   1.665308, 1.662085, -0.003223,   1.640332, 0.042700,
98.023714, 1.662085, 1.600049, -0.062036,   1.661279, 1.653223, -0.008057,   1.643555, 0.038672,
98.048058, 1.662891, 1.583130, -0.079761,   1.657251, 1.660474, 0.003223,   1.645166, 0.037866,
98.072288, 1.658057, 1.594409, -0.063648,   1.661279, 1.647583, -0.013696,   1.641138, 0.037866,
98.096714, 1.662085, 1.579102, -0.082983,   1.661279, 1.683838, 0.022559,   1.640332, 0.039478,
98.120819, 1.660474, 1.585547, -0.074927,   1.658057, 1.645972, -0.012085,   1.637915, 0.035449,
98.145140, 1.654028, 1.596826, -0.057202,   1.654834, 1.647583, -0.007251,   1.637109, 0.037866,
98.169492, 1.656445, 1.578296, -0.078149,   1.662085, 1.662085, 0.000000,   1.644360, 0.041895,
98.193610, 1.658057, 1.552515, -0.105542,   1.658862, 1.647583, -0.011279,   1.643555, 0.038672,
98.217823, 1.661279, 1.610522, -0.050757,   1.660474, 1.660474, 0.000000,   1.633081, 0.041895,
98.241846, 1.661279, 1.587964, -0.073316,   1.661279, 1.644360, -0.016919,   1.640332, 0.038672,
98.266280, 1.660474, 1.582324, -0.078149,   1.661279, 1.662085, 0.000806,   1.633887, 0.038672,
98.290501, 1.656445, 1.581519, -0.074927,   1.660474, 1.640332, -0.020142,   1.641138, 0.039478,
98.314932, 1.657251, 1.586352, -0.070899,   1.658057, 1.633081, -0.024976,   1.639526, 0.037866,
98.339278, 1.645972, 1.582324, -0.063648,   1.643555, 1.647583, 0.004028,   1.632275, 0.026587,
98.363495, 1.645972, 1.608105, -0.037866,   1.641138, 1.641943, 0.000806,   1.635498, 0.023364,
98.387829, 1.650000, 1.587964, -0.062036,   1.650806, 1.648389, -0.002417,   1.632275, 0.028198,
98.412283, 1.648389, 1.589575, -0.058813,   1.647583, 1.618579, -0.029004,   1.632275, 0.024976,
98.436608, 1.648389, 1.574268, -0.074121,   1.650000, 1.653223, 0.003223,   1.635498, 0.028198,
98.460731, 1.647583, 1.577490, -0.070093,   1.647583, 1.621802, -0.025781,   1.635498, 0.030615,
98.485289, 1.648389, 1.594409, -0.053980,   1.649194, 1.625830, -0.023364,   1.633887, 0.026587,
98.509639, 1.649194, 1.587158, -0.062036,   1.647583, 1.647583, 0.000000,   1.635498, 0.027393,
98.533719, 1.645166, 1.583130, -0.062036,   1.645166, 1.679810, 0.034644,   1.637109, 0.025781,
98.557819, 1.648389, 1.594409, -0.053980,   1.649194, 1.633887, -0.015308,   1.636304, 0.027393,
98.582384, 1.647583, 1.589575, -0.058008,   1.650806, 1.647583, -0.003223,   1.637109, 0.025781,
98.606724, 1.652417, 1.596020, -0.056396,   1.648389, 1.641943, -0.006445,   1.635498, 0.024976,
98.631072, 1.648389, 1.586352, -0.062036,   1.650000, 1.656445, 0.006445,   1.633887, 0.027393,
98.655190, 1.666113, 1.587964, -0.078149,   1.662085, 1.677393, 0.015308,   1.639526, 0.035449,
98.679512, 1.660474, 1.581519, -0.078955,   1.658862, 1.673364, 0.014502,   1.639526, 0.043506,
98.703614, 1.660474, 1.595215, -0.065259,   1.662085, 1.662085, 0.000000,   1.641138, 0.034644,
98.727724, 1.664502, 1.596020, -0.068481,   1.658862, 1.654834, -0.004028,   1.640332, 0.039478,
98.752053, 1.656445, 1.603271, -0.053174,   1.662085, 1.662085, 0.000000,   1.637915, 0.041895,
98.776360, 1.660474, 1.599243, -0.061230,   1.657251, 1.654834, -0.002417,   1.641138, 0.038672,
98.800731, 1.654834, 1.589575, -0.065259,   1.658057, 1.637109, -0.020947,   1.640332, 0.039478,
98.825186, 1.662085, 1.600049, -0.062036,   1.657251, 1.654028, -0.003223,   1.641138, 0.042700,
98.849502, 1.657251, 1.589575, -0.067676,   1.656445, 1.662891, 0.006445,   1.639526, 0.039478,
98.873722, 1.660474, 1.587964, -0.072510,   1.657251, 1.650000, -0.007251,   1.644360, 0.038672,
98.898173, 1.657251, 1.561377, -0.095874,   1.660474, 1.658862, -0.001611,   1.640332, 0.037866,
98.922599, 1.662085, 1.585547, -0.076538,   1.658057, 1.665308, 0.007251,   1.640332, 0.041895,
98.946717, 1.658862, 1.583935, -0.074927,   1.657251, 1.643555, -0.013696,   1.640332, 0.040283,
98.971190, 1.643555, 1.591992, -0.051563,   1.647583, 1.650000, 0.002417,   1.637915, 0.025781,
98.995374, 1.645166, 1.582324, -0.062842,   1.644360, 1.643555, -0.000806,   1.633081, 0.026587,
99.019606, 1.649194, 1.589575, -0.059619,   1.647583, 1.635498, -0.012085,   1.635498, 0.026587,
99.043818, 1.648389, 1.546069, -0.102319,   1.647583, 1.629858, -0.017725,   1.636304, 0.028198,
99.068181, 1.650806, 1.587964, -0.062842,   1.647583, 1.658862, 0.011279,   1.633081, 0.025781,
99.092287, 1.650000, 1.552515, -0.097485,   1.650000, 1.636304, -0.013696,   1.636304, 0.022559,
99.116728, 1.654834, 1.623413, -0.031421,   1.653223, 1.650000, -0.003223,   1.637109, 0.028198,
99.141049, 1.649194, 1.611328, -0.037866,   1.650000, 1.637109, -0.012891,   1.637109, 0.028198,
99.165512, 1.650806, 1.575879, -0.074927,   1.650000, 1.656445, 0.006445,   1.631470, 0.025781,
99.189726, 1.650000, 1.579907, -0.070093,   1.653223, 1.639526, -0.013696,   1.637109, 0.025781,
99.214182, 1.647583, 1.591187, -0.056396,   1.654028, 1.644360, -0.009668,   1.632275, 0.023364,
99.237797, 1.648389, 1.587964, -0.060425,   1.648389, 1.639526, -0.008862,   1.629858, 0.026587,
99.262510, 1.652417, 1.575073, -0.077344,   1.652417, 1.647583, -0.004834,   1.632275, 0.022559,
99.286946, 1.666113, 1.570239, -0.095874,   1.658057, 1.621802, -0.036255,   1.643555, 0.038672,
99.311393, 1.658862, 1.587964, -0.070898,   1.657251, 1.648389, -0.008862,   1.640332, 0.037866,
99.335725, 1.662891, 1.594409, -0.068481,   1.658862, 1.625024, -0.033838,   1.644360, 0.037866,
99.360054, 1.661279, 1.558960, -0.102319,   1.661279, 1.658862, -0.002417,   1.636304, 0.037866,
99.384724, 1.657251, 1.587964, -0.069287,   1.658862, 1.658862, 0.000000,   1.637109, 0.036255,
99.408885, 1.658862, 1.594409, -0.064453,   1.662085, 1.662085, 0.000000,   1.637109, 0.036255,
99.432947, 1.656445, 1.608911, -0.047534,   1.660474, 1.672559, 0.012085,   1.645972, 0.038672,
99.457055, 1.661279, 1.591992, -0.069287,   1.657251, 1.650806, -0.006445,   1.641138, 0.037866,
99.481612, 1.660474, 1.575073, -0.085400,   1.656445, 1.654028, -0.002417,   1.641943, 0.036255,
99.505970, 1.658862, 1.581519, -0.077344,   1.657251, 1.645972, -0.011279,   1.640332, 0.041895,
99.530407, 1.658057, 1.591187, -0.066870,   1.656445, 1.656445, 0.000000,   1.645166, 0.042700,
99.554506, 1.658057, 1.583130, -0.074927,   1.658057, 1.648389, -0.009668,   1.643555, 0.037866,
99.579068, 1.656445, 1.578296, -0.078149,   1.657251, 1.648389, -0.008862,   1.644360, 0.037866,
99.603392, 1.641943, 1.573462, -0.068481,   1.641138, 1.645972, 0.004834,   1.633081, 0.026587,
99.627510, 1.644360, 1.579907, -0.064453,   1.645166, 1.647583, 0.002417,   1.633081, 0.027393,
99.651601, 1.643555, 1.587158, -0.056396,   1.649194, 1.661279, 0.012085,   1.633887, 0.028198,
99.675825, 1.647583, 1.591992, -0.055591,   1.648389, 1.625024, -0.023364,   1.633081, 0.023364,
99.700165, 1.647583, 1.587964, -0.059619,   1.649194, 1.647583, -0.001611,   1.632275, 0.028198,
99.724615, 1.649194, 1.562988, -0.086206,   1.645972, 1.641943, -0.004028,   1.633081, 0.028198,
99.748940, 1.650000, 1.581519, -0.068481,   1.650000, 1.657251, 0.007251,   1.636304, 0.024976,
99.773185, 1.650806, 1.600049, -0.050757,   1.650806, 1.647583, -0.003223,   1.636304, 0.028198,
99.797611, 1.650000, 1.587158, -0.062842,   1.650000, 1.636304, -0.013696,   1.636304, 0.026587,
99.821944, 1.648389, 1.571045, -0.077344,   1.648389, 1.645166, -0.003223,   1.633081, 0.028198,
99.846281, 1.649194, 1.573462, -0.075732,   1.647583, 1.662085, 0.014502,   1.632275, 0.026587,
99.870521, 1.653223, 1.582324, -0.070899,   1.650806, 1.639526, -0.011279,   1.635498, 0.027393,
99.894846, 1.654028, 1.599243, -0.054785,   1.652417, 1.648389, -0.004028,   1.633081, 0.027393,
99.919185, 1.666113, 1.587158, -0.078955,   1.661279, 1.658862, -0.002417,   1.640332, 0.041895,
99.943403, 1.662085, 1.591187, -0.070898,   1.662891, 1.670142, 0.007251,   1.641943, 0.041895,
99.967526, 1.660474, 1.599243, -0.061230,   1.661279, 1.648389, -0.012891,   1.635498, 0.036255,
99.991939, 1.658862, 1.591187, -0.067676,   1.662085, 1.658862, -0.003223,   1.639526, 0.037866,
100.016295, 1.662085, 1.579102, -0.082983,   1.662891, 1.658862, -0.004028,   1.648389, 0.041895,
100.040835, 1.658057, 1.571045, -0.087012,   1.660474, 1.633081, -0.027393,   1.641138, 0.039478,
100.065506, 1.661279, 1.577490, -0.083789,   1.658057, 1.647583, -0.010474,   1.640332, 0.037866,
100.090171, 1.661279, 1.586352, -0.074927,   1.656445, 1.650000, -0.006445,   1.643555, 0.040283,
100.114749, 1.662085, 1.587964, -0.074121,   1.658057, 1.650000, -0.008057,   1.640332, 0.039478,
100.139288, 1.654834, 1.583130, -0.071704,   1.661279, 1.637109, -0.024170,   1.635498, 0.036255,
100.164396, 1.654834, 1.587158, -0.067676,   1.656445, 1.650000, -0.006445,   1.643555, 0.040283,
100.189066, 1.654028, 1.545264, -0.108765,   1.653223, 1.658057, 0.004834,   1.640332, 0.039478,
100.213417, 1.658057, 1.581519, -0.076538,   1.654028, 1.629858, -0.024170,   1.641138, 0.037866,
100.237963, 1.654834, 1.579907, -0.074927,   1.645166, 1.647583, 0.002417,   1.633081, 0.029810,
100.261724, 1.650806, 1.589575, -0.061230,   1.648389, 1.650806, 0.002417,   1.637109, 0.024976,
100.286177, 1.645166, 1.583935, -0.061231,   1.647583, 1.641943, -0.005640,   1.631470, 0.022559,
100.310792, 1.648389, 1.585547, -0.062842,   1.647583, 1.647583, 0.000000,   1.633081, 0.019336,
100.335193, 1.643555, 1.575073, -0.068481,   1.647583, 1.648389, 0.000806,   1.635498, 0.025781,
100.359534, 1.650806, 1.611328, -0.039477,   1.647583, 1.625830, -0.021753,   1.636304, 0.026587,
100.384403, 1.647583, 1.587964, -0.059619,   1.641943, 1.658862, 0.016919,   1.633887, 0.025781,
100.408754, 1.647583, 1.582324, -0.065259,   1.650000, 1.620190, -0.029810,   1.633081, 0.024976,
100.433303, 1.645166, 1.587158, -0.058008,   1.647583, 1.652417, 0.004834,   1.635498, 0.028198,
100.457617, 1.652417, 1.571045, -0.081372,   1.647583, 1.645972, -0.001611,   1.633081, 0.024976,
100.482404, 1.647583, 1.600049, -0.047534,   1.650000, 1.662085, 0.012085,   1.633081, 0.023364,
100.506840, 1.650000, 1.611328, -0.038672,   1.650000, 1.640332, -0.009668,   1.635498, 0.021753,
100.531392, 1.652417, 1.582324, -0.070093,   1.650806, 1.633887, -0.016919,   1.635498, 0.024976,
100.555962, 1.652417, 1.582324, -0.070093,   1.648389, 1.661279, 0.012891,   1.639526, 0.034644,
100.580506, 1.662085, 1.632275, -0.029810,   1.658862, 1.650000, -0.008862,   1.643555, 0.040283,
100.605053, 1.662891, 1.589575, -0.073315,   1.662085, 1.652417, -0.009668,   1.645972, 0.038672,
100.629616, 1.662085, 1.558960, -0.103125,   1.662085, 1.678198, 0.016113,   1.640332, 0.037866,
100.653950, 1.662085, 1.593603, -0.068481,   1.658862, 1.658057, -0.000806,   1.643555, 0.040283,
100.678741, 1.660474, 1.590381, -0.070093,   1.661279, 1.654834, -0.006445,   1.641943, 0.042700,
100.703288, 1.662085, 1.596020, -0.066064,   1.658057, 1.620996, -0.037060,   1.633081, 0.037866,
100.727943, 1.658057, 1.590381, -0.067676,   1.653223, 1.662085, 0.008862,   1.641138, 0.037866,
100.752314, 1.660474, 1.552515, -0.107959,   1.656445, 1.677393, 0.020947,   1.637109, 0.039478,
100.776819, 1.662085, 1.573462, -0.088623,   1.656445, 1.645972, -0.010474,   1.640332, 0.041895,
100.801406, 1.660474, 1.583130, -0.077344,   1.654834, 1.647583, -0.007251,   1.641138, 0.036255,
100.826067, 1.654834, 1.579907, -0.074927,   1.654834, 1.640332, -0.014502,   1.640332, 0.035449,
100.850621, 1.652417, 1.593603, -0.058813,   1.658862, 1.640332, -0.018530,   1.639526, 0.040283,
100.875294, 1.654834, 1.608911, -0.045923,   1.654834, 1.645972, -0.008862,   1.640332, 0.040283,
100.899946, 1.645972, 1.604077, -0.041895,   1.649194, 1.650000, 0.000806,   1.640332, 0.026587,
100.924408, 1.647583, 1.582324, -0.065259,   1.649194, 1.625830, -0.023364,   1.636304, 0.027393,
100.948987, 1.650000, 1.578296, -0.071704,   1.648389, 1.650806, 0.002417,   1.633887, 0.024976,
100.973400, 1.647583, 1.590381, -0.057202,   1.647583, 1.641943, -0.005640,   1.633887, 0.029810,
100.998064, 1.650000, 1.573462, -0.076538,   1.648389, 1.650000, 0.001611,   1.633887, 0.027393,
101.022516, 1.652417, 1.562183, -0.090234,   1.647583, 1.656445, 0.008862,   1.631470, 0.022559,
101.046849, 1.650000, 1.544458, -0.105542,   1.647583, 1.618579, -0.029004,   1.635498, 0.020947,
101.071511, 1.650806, 1.587964, -0.062842,   1.647583, 1.639526, -0.008057,   1.636304, 0.025781,
101.096295, 1.654834, 1.583935, -0.070898,   1.654834, 1.653223, -0.001611,   1.633081, 0.030615,
101.120783, 1.647583, 1.569434, -0.078149,   1.649194, 1.637915, -0.011279,   1.632275, 0.027393,
101.145418, 1.650806, 1.616162, -0.034644,   1.650000, 1.618579, -0.031421,   1.636304, 0.023364,
101.169954, 1.650806, 1.596020, -0.054785,   1.653223, 1.662085, 0.008862,   1.633081, 0.025781,
101.194396, 1.650000, 1.560571, -0.089429,   1.647583, 1.645166, -0.002417,   1.639526, 0.028198,
101.218944, 1.662085, 1.587158, -0.074927,   1.662085, 1.648389, -0.013696,   1.640332, 0.038672,
101.243180, 1.658862, 1.587964, -0.070898,   1.657251, 1.662085, 0.004834,   1.639526, 0.037866,
101.267516, 1.661279, 1.575073, -0.086206,   1.658057, 1.656445, -0.001611,   1.633887, 0.039478,
101.292183, 1.662085, 1.575073, -0.087012,   1.658862, 1.654028, -0.004834,   1.633081, 0.036255,
101.316730, 1.658862, 1.570239, -0.088623,   1.658862, 1.654834, -0.004028,   1.639526, 0.041895,
101.341306, 1.658862, 1.604883, -0.053979,   1.658862, 1.650806, -0.008057,   1.641943, 0.039478,
101.365955, 1.656445, 1.598437, -0.058008,   1.658057, 1.668530, 0.010474,   1.645972, 0.042700,
101.390516, 1.657251, 1.585547, -0.071704,   1.654834, 1.653223, -0.001611,   1.641138, 0.036255,
101.415175, 1.658862, 1.578296, -0.080566,   1.660474, 1.650000, -0.010474,   1.636304, 0.041895,
101.439728, 1.662085, 1.596826, -0.065259,   1.660474, 1.647583, -0.012891,   1.639526, 0.037866,
101.464419, 1.661279, 1.591187, -0.070093,   1.654028, 1.645972, -0.008057,   1.641138, 0.037866,
101.489060, 1.660474, 1.586352, -0.074121,   1.652417, 1.669336, 0.016919,   1.641138, 0.037866,
101.513425, 1.658862, 1.594409, -0.064453,   1.661279, 1.645972, -0.015308,   1.640332, 0.037866,
101.537970, 1.649194, 1.587964, -0.061231,   1.645972, 1.662085, 0.016113,   1.633081, 0.028198,
101.562389, 1.645166, 1.567017, -0.078149,   1.648389, 1.647583, -0.000806,   1.636304, 0.022559,
101.587059, 1.644360, 1.604077, -0.040283,   1.645972, 1.625024, -0.020947,   1.633887, 0.025781,
101.611651, 1.645972, 1.571045, -0.074927,   1.645972, 1.640332, -0.005640,   1.633887, 0.028198,
101.636178, 1.648389, 1.587964, -0.060425,   1.650000, 1.620190, -0.029810,   1.633081, 0.025781,
101.660734, 1.649194, 1.552515, -0.096680,   1.647583, 1.640332, -0.007251,   1.636304, 0.028198,
101.685414, 1.650000, 1.587964, -0.062036,   1.647583, 1.654028, 0.006445,   1.633081, 0.023364,
101.709827, 1.647583, 1.596826, -0.050757,   1.647583, 1.648389, 0.000806,   1.633081, 0.027393,
101.734200, 1.650000, 1.612134, -0.037866,   1.650806, 1.669336, 0.018530,   1.629858, 0.028198,
101.758516, 1.649194, 1.585547, -0.063648,   1.650000, 1.645166, -0.004834,   1.633081, 0.027393,
101.783309, 1.647583, 1.594409, -0.053174,   1.650000, 1.665308, 0.015308,   1.633081, 0.026587,
101.807617, 1.652417, 1.567822, -0.084595,   1.650806, 1.647583, -0.003223,   1.637109, 0.028198,
101.832181, 1.649194, 1.599243, -0.049951,   1.647583, 1.656445, 0.008862,   1.633081, 0.027393,
101.856520, 1.658862, 1.587964, -0.070898,   1.662085, 1.676587, 0.014502,   1.640332, 0.037866,
101.881067, 1.664502, 1.599243, -0.065259,   1.662891, 1.669336, 0.006445,   1.641138, 0.039478,
101.905407, 1.660474, 1.558960, -0.101514,   1.661279, 1.647583, -0.013696,   1.637109, 0.038672,
101.929949, 1.658862, 1.586352, -0.072510,   1.661279, 1.656445, -0.004834,   1.637915, 0.037866,
101.954519, 1.654028, 1.583935, -0.070093,   1.656445, 1.645166, -0.011279,   1.640332, 0.040283,
101.979295, 1.662085, 1.566211, -0.095874,   1.658057, 1.662085, 0.004028,   1.641138, 0.034644,
102.003616, 1.658057, 1.594409, -0.063648,   1.654834, 1.661279, 0.006445,   1.641138, 0.039478,
102.027958, 1.660474, 1.582324, -0.078149,   1.657251, 1.649194, -0.008057,   1.640332, 0.040283,
102.052521, 1.654028, 1.595215, -0.058813,   1.656445, 1.664502, 0.008057,   1.640332, 0.040283,
102.077191, 1.658862, 1.607300, -0.051562,   1.657251, 1.652417, -0.004834,   1.636304, 0.041895,
102.101733, 1.658862, 1.582324, -0.076538,   1.653223, 1.641138, -0.012085,   1.636304, 0.035449,
102.126415, 1.650000, 1.586352, -0.063648,   1.660474, 1.670947, 0.010474,   1.640332, 0.038672,
102.150735, 1.654834, 1.590381, -0.064453,   1.658862, 1.656445, -0.002417,   1.640332, 0.037866,
102.175410, 1.643555, 1.589575, -0.053980,   1.644360, 1.645166, 0.000806,   1.633081, 0.025781,
102.199731, 1.645972, 1.603271, -0.042700,   1.647583, 1.673364, 0.025781,   1.633081, 0.025781,
102.224188, 1.647583, 1.608105, -0.039478,   1.645972, 1.628247, -0.017725,   1.633887, 0.027393,
102.248730, 1.649194, 1.581519, -0.067676,   1.643555, 1.649194, 0.005640,   1.632275, 0.027393,
102.273187, 1.649194, 1.591187, -0.058008,   1.645972, 1.647583, 0.001611,   1.629053, 0.028198,
102.297640, 1.648389, 1.566211, -0.082178,   1.647583, 1.645166, -0.002417,   1.633887, 0.028198,
102.322184, 1.647583, 1.571851, -0.075732,   1.647583, 1.637109, -0.010474,   1.635498, 0.028198,
102.346738, 1.654834, 1.575073, -0.079761,   1.654834, 1.645972, -0.008862,   1.633081, 0.032227,
102.371416, 1.648389, 1.566211, -0.082178,   1.647583, 1.631470, -0.016113,   1.637109, 0.027393,
102.396206, 1.647583, 1.587964, -0.059619,   1.647583, 1.618579, -0.029004,   1.631470, 0.026587,
102.420752, 1.650000, 1.583130, -0.066870,   1.649194, 1.636304, -0.012891,   1.636304, 0.028198,
102.445302, 1.650806, 1.585547, -0.065259,   1.648389, 1.654028, 0.005640,   1.633887, 0.027393,
102.469631, 1.647583, 1.587964, -0.059619,   1.648389, 1.621802, -0.026587,   1.637109, 0.025781,
102.494305, 1.664502, 1.627441, -0.037060,   1.661279, 1.657251, -0.004028,   1.640332, 0.037866,
102.518733, 1.658057, 1.594409, -0.063648,   1.662891, 1.647583, -0.015308,   1.640332, 0.033838,
102.543202, 1.658862, 1.579102, -0.079761,   1.662085, 1.644360, -0.017725,   1.639526, 0.037866,
102.567737, 1.661279, 1.591992, -0.069287,   1.658862, 1.662085, 0.003223,   1.640332, 0.038672,
102.592189, 1.660474, 1.591187, -0.069287,   1.661279, 1.662085, 0.000806,   1.640332, 0.037866,
102.616624, 1.661279, 1.565405, -0.095874,   1.657251, 1.657251, 0.000000,   1.640332, 0.038672,
102.640957, 1.656445, 1.591187, -0.065259,   1.660474, 1.654028, -0.006445,   1.635498, 0.041895,
102.665630, 1.658862, 1.587158, -0.071704,   1.654834, 1.652417, -0.002417,   1.641138, 0.041895,
102.690309, 1.662085, 1.573462, -0.088623,   1.658862, 1.641943, -0.016919,   1.645166, 0.037866,
102.714960, 1.661279, 1.581519, -0.079761,   1.657251, 1.654028, -0.003223,   1.636304, 0.041895,
102.739538, 1.656445, 1.596020, -0.060425,   1.657251, 1.623413, -0.033838,   1.641138, 0.037866,
102.764201, 1.662085, 1.591992, -0.070093,   1.662085, 1.681421, 0.019336,   1.639526, 0.042700,
102.788622, 1.658862, 1.570239, -0.088623,   1.657251, 1.648389, -0.008862,   1.640332, 0.040283,
102.813214, 1.645166, 1.571851, -0.073316,   1.643555, 1.650000, 0.006445,   1.635498, 0.028198,
102.837520, 1.650000, 1.579102, -0.070898,   1.647583, 1.633081, -0.014502,   1.637109, 0.027393,
102.862204, 1.648389, 1.583130, -0.065259,   1.645972, 1.640332, -0.005640,   1.629053, 0.028198,
102.886852, 1.645972, 1.566211, -0.079761,   1.645972, 1.648389, 0.002417,   1.632275, 0.025781,
102.911238, 1.650806, 1.581519, -0.069287,   1.649194, 1.633887, -0.015308,   1.631470, 0.027393,
102.935842, 1.650000, 1.585547, -0.064453,   1.644360, 1.654834, 0.010474,   1.633887, 0.026587,
102.960187, 1.648389, 1.589575, -0.058813,   1.650000, 1.645166, -0.004834,   1.632275, 0.028198,
102.984837, 1.648389, 1.554932, -0.093457,   1.652417, 1.647583, -0.004834,   1.633887, 0.026587,
103.009481, 1.653223, 1.545264, -0.107959,   1.649194, 1.641943, -0.007251,   1.633081, 0.026587,
103.034067, 1.650000, 1.575073, -0.074927,   1.650806, 1.658862, 0.008057,   1.633081, 0.028198,
103.058422, 1.648389, 1.623413, -0.024976,   1.645972, 1.650000, 0.004028,   1.633887, 0.024976,
103.082961, 1.650000, 1.591187, -0.058813,   1.650000, 1.654028, 0.004028,   1.631470, 0.023364,
103.107303, 1.647583, 1.583935, -0.063648,   1.648389, 1.650806, 0.002417,   1.637109, 0.024976,
103.131738, 1.662085, 1.573462, -0.088623,   1.664502, 1.648389, -0.016113,   1.641943, 0.039478,
103.156304, 1.665308, 1.595215, -0.070093,   1.661279, 1.644360, -0.016919,   1.641943, 0.037866,
103.181084, 1.658862, 1.593603, -0.065259,   1.664502, 1.661279, -0.003223,   1.640332, 0.042700,
103.205621, 1.664502, 1.579102, -0.085400,   1.662085, 1.654834, -0.007251,   1.637109, 0.036255,
103.230202, 1.661279, 1.585547, -0.075732,   1.660474, 1.670142, 0.009668,   1.640332, 0.039478,
103.250483, 1.658057, 1.591187, -0.066870,   1.658057, 1.654834, -0.003223,   1.640332, 0.038672,
103.275184, 1.662891, 1.589575, -0.073315,   1.658057, 1.682227, 0.024170,   1.639526, 0.041895,
103.299517, 1.657251, 1.594409, -0.062842,   1.652417, 1.645972, -0.006445,   1.637109, 0.041895,
103.324193, 1.654834, 1.591187, -0.063647,   1.654834, 1.656445, 0.001611,   1.640332, 0.041895,
103.348522, 1.662085, 1.604883, -0.057202,   1.657251, 1.658862, 0.001611,   1.641943, 0.037866,
103.373002, 1.658057, 1.591187, -0.066870,   1.654834, 1.636304, -0.018530,   1.645166, 0.042700,
103.397744, 1.656445, 1.595215, -0.061230,   1.658862, 1.650000, -0.008862,   1.640332, 0.038672,
103.422407, 1.654834, 1.595215, -0.059619,   1.657251, 1.658862, 0.001611,   1.641943, 0.039478,
103.446739, 1.640332, 1.603271, -0.037060,   1.645972, 1.640332, -0.005640,   1.632275, 0.024976,
103.471420, 1.645972, 1.599243, -0.046728,   1.643555, 1.654028, 0.010474,   1.633081, 0.024976,
103.495833, 1.650000, 1.587964, -0.062036,   1.647583, 1.657251, 0.009668,   1.637915, 0.026587,
103.520316, 1.649194, 1.587158, -0.062036,   1.647583, 1.662085, 0.014502,   1.633887, 0.027393,
103.544526, 1.649194, 1.567822, -0.081372,   1.645972, 1.641943, -0.004028,   1.633887, 0.023364,
103.569110, 1.649194, 1.544458, -0.104736,   1.648389, 1.641943, -0.006445,   1.637109, 0.024976,
103.593651, 1.650806, 1.598437, -0.052368,   1.647583, 1.669336, 0.021753,   1.637109, 0.027393,
103.618089, 1.647583, 1.591992, -0.055591,   1.650000, 1.648389, -0.001611,   1.637915, 0.026587,
103.642524, 1.650000, 1.590381, -0.059619,   1.650000, 1.647583, -0.002417,   1.635498, 0.028198,
103.667183, 1.648389, 1.574268, -0.074121,   1.650000, 1.653223, 0.003223,   1.639526, 0.026587,
103.691639, 1.650806, 1.583130, -0.067676,   1.645166, 1.650000, 0.004834,   1.632275, 0.024976,
103.716095, 1.653223, 1.577490, -0.075732,   1.650806, 1.650806, 0.000000,   1.635498, 0.027393,
103.740410, 1.650000, 1.579102, -0.070898,   1.649194, 1.616968, -0.032227,   1.636304, 0.028198,
103.764960, 1.664502, 1.581519, -0.082983,   1.662085, 1.664502, 0.002417,   1.636304, 0.037866,
103.789414, 1.658057, 1.612134, -0.045923,   1.662085, 1.641138, -0.020947,   1.645166, 0.039478,
103.814064, 1.662891, 1.574268, -0.088623,   1.661279, 1.668530, 0.007251,   1.640332, 0.037866,
103.838413, 1.662085, 1.611328, -0.050757,   1.658057, 1.645972, -0.012085,   1.637109, 0.040283,
103.863099, 1.658862, 1.585547, -0.073315,   1.656445, 1.654834, -0.001611,   1.641943, 0.039478,
103.887744, 1.658057, 1.581519, -0.076538,   1.661279, 1.650806, -0.010474,   1.640332, 0.042700,
103.912386, 1.654028, 1.587964, -0.066064,   1.658862, 1.654834, -0.004028,   1.641138, 0.040283,
103.936964, 1.660474, 1.583935, -0.076538,   1.657251, 1.631470, -0.025781,   1.637109, 0.036255,
103.961638, 1.654028, 1.582324, -0.071704,   1.660474, 1.650000, -0.010474,   1.645166, 0.039478,
103.986306, 1.653223, 1.585547, -0.067676,   1.654834, 1.653223, -0.001611,   1.643555, 0.037866,
104.010952, 1.656445, 1.583130, -0.073315,   1.658057, 1.640332, -0.017725,   1.640332, 0.034644,
104.035552, 1.660474, 1.600855, -0.059619,   1.658057, 1.645166, -0.012891,   1.640332, 0.037866,
104.060072, 1.654834, 1.581519, -0.073315,   1.653223, 1.632275, -0.020947,   1.637915, 0.037866,
104.084743, 1.658057, 1.590381, -0.067676,   1.662085, 1.665308, 0.003223,   1.641138, 0.035449,
104.109136, 1.643555, 1.587158, -0.056396,   1.645972, 1.637109, -0.008862,   1.633081, 0.029810,
104.133624, 1.648389, 1.587964, -0.060425,   1.645972, 1.640332, -0.005640,   1.633081, 0.028198,
104.158196, 1.641138, 1.567017, -0.074121,   1.644360, 1.637915, -0.006445,   1.632275, 0.024976,
104.182963, 1.649194, 1.575073, -0.074121,   1.649194, 1.640332, -0.008862,   1.629053, 0.025781,
104.207530, 1.647583, 1.574268, -0.073316,   1.647583, 1.641138, -0.006445,   1.636304, 0.026587,
104.232181, 1.645166, 1.600855, -0.044312,   1.650000, 1.648389, -0.001611,   1.632275, 0.027393,
104.256753, 1.648389, 1.573462, -0.074927,   1.650000, 1.650806, 0.000806,   1.636304, 0.025781,
104.281314, 1.652417, 1.586352, -0.066064,   1.650000, 1.658862, 0.008862,   1.633081, 0.028198,
104.305744, 1.650000, 1.562988, -0.087012,   1.650000, 1.645166, -0.004834,   1.635498, 0.025781,
104.330312, 1.654028, 1.587158, -0.066870,   1.654834, 1.652417, -0.002417,   1.636304, 0.027393,
104.354849, 1.648389, 1.583935, -0.064453,   1.650806, 1.640332, -0.010474,   1.636304, 0.027393,
104.379742, 1.650000, 1.603271, -0.046728,   1.647583, 1.632275, -0.015308,   1.631470, 0.026587,
104.404310, 1.665308, 1.567017, -0.098291,   1.662085, 1.654834, -0.007251,   1.645166, 0.039478,
104.428841, 1.662085, 1.590381, -0.071704,   1.662085, 1.654834, -0.007251,   1.637109, 0.037866,
104.453426, 1.658057, 1.574268, -0.083789,   1.658862, 1.633887, -0.024976,   1.641138, 0.040283,
104.478190, 1.662085, 1.586352, -0.075732,   1.662085, 1.643555, -0.018530,   1.641943, 0.035449,
104.502744, 1.662085, 1.591992, -0.070093,   1.657251, 1.654834, -0.002417,   1.643555, 0.036255,
104.527420, 1.658862, 1.608911, -0.049951,   1.656445, 1.648389, -0.008057,   1.641943, 0.037866,
104.551991, 1.656445, 1.596826, -0.059619,   1.660474, 1.644360, -0.016113,   1.641943, 0.038672,
104.576627, 1.658862, 1.585547, -0.073315,   1.658057, 1.637109, -0.020947,   1.637915, 0.036255,
104.601313, 1.660474, 1.599243, -0.061230,   1.662085, 1.654834, -0.007251,   1.644360, 0.038672,
104.625962, 1.658862, 1.574268, -0.084595,   1.654834, 1.672559, 0.017725,   1.641138, 0.039478,
104.650306, 1.658862, 1.594409, -0.064453,   1.658862, 1.637109, -0.021753,   1.639526, 0.040283,
104.674967, 1.658862, 1.591187, -0.067676,   1.657251, 1.666919, 0.009668,   1.640332, 0.041895,
104.699416, 1.658057, 1.595215, -0.062842,   1.657251, 1.662891, 0.005640,   1.637109, 0.039478,
104.723857, 1.643555, 1.587964, -0.055591,   1.644360, 1.633081, -0.011279,   1.633081, 0.027393,
104.747517, 1.649194, 1.603271, -0.045923,   1.652417, 1.650806, -0.001611,   1.639526, 0.025781,
104.772200, 1.645972, 1.599243, -0.046728,   1.643555, 1.656445, 0.012891,   1.633081, 0.024976,
104.796630, 1.647583, 1.587158, -0.060425,   1.645166, 1.647583, 0.002417,   1.633081, 0.024976,
104.820968, 1.649194, 1.583130, -0.066064,   1.650000, 1.647583, -0.002417,   1.633081, 0.027393,
104.845530, 1.649194, 1.582324, -0.066870,   1.650000, 1.633887, -0.016113,   1.632275, 0.026587,
104.870089, 1.652417, 1.595215, -0.057202,   1.649194, 1.640332, -0.008862,   1.636304, 0.026587,
104.894633, 1.647583, 1.591992, -0.055591,   1.649194, 1.644360, -0.004834,   1.633081, 0.027393,
104.919310, 1.650806, 1.577490, -0.073315,   1.650000, 1.643555, -0.006445,   1.632275, 0.025781,
104.943853, 1.648389, 1.578296, -0.070093,   1.652417, 1.648389, -0.004028,   1.636304, 0.026587,
104.968526, 1.650806, 1.581519, -0.069287,   1.650806, 1.637915, -0.012891,   1.631470, 0.028198,
104.993213, 1.648389, 1.583935, -0.064453,   1.649194, 1.645166, -0.004028,   1.636304, 0.026587,
105.017855, 1.650000, 1.587964, -0.062036,   1.645972, 1.647583, 0.001611,   1.636304, 0.024976,
105.042203, 1.662085, 1.583130, -0.078955,   1.662891, 1.620996, -0.041894,   1.641138, 0.037866,
105.066857, 1.662085, 1.581519, -0.080566,   1.660474, 1.641943, -0.018530,   1.640332, 0.040283,
105.091536, 1.662085, 1.578296, -0.083789,   1.664502, 1.677393, 0.012891,   1.641943, 0.037866,
105.115966, 1.662085, 1.579102, -0.082983,   1.656445, 1.654028, -0.002417,   1.644360, 0.039478,
105.140522, 1.657251, 1.593603, -0.063648,   1.658862, 1.652417, -0.006445,   1.640332, 0.037866,
105.165199, 1.657251, 1.598437, -0.058814,   1.662891, 1.640332, -0.022559,   1.640332, 0.037866,
105.189861, 1.661279, 1.558960, -0.102319,   1.662085, 1.654834, -0.007251,   1.639526, 0.035449,
105.214541, 1.658057, 1.599243, -0.058813,   1.654834, 1.664502, 0.009668,   1.640332, 0.038672,
105.238861, 1.661279, 1.596020, -0.065259,   1.660474, 1.640332, -0.020142,   1.641943, 0.037866,
105.263533, 1.658862, 1.575879, -0.082983,   1.657251, 1.657251, 0.000000,   1.643555, 0.042700,
105.287967, 1.658057, 1.567017, -0.091040,   1.656445, 1.627441, -0.029004,   1.640332, 0.035449,
105.312602, 1.658862, 1.579102, -0.079761,   1.657251, 1.654028, -0.003223,   1.641138, 0.037866,
105.337202, 1.658057, 1.604077, -0.053980,   1.660474, 1.654834, -0.005640,   1.643555, 0.034644,
105.361747, 1.641138, 1.577490, -0.063648,   1.645166, 1.616968, -0.028198,   1.635498, 0.028198,
105.386540, 1.647583, 1.585547, -0.062036,   1.645166, 1.647583, 0.002417,   1.633081, 0.026587,
105.410940, 1.649194, 1.579102, -0.070093,   1.647583, 1.625024, -0.022559,   1.631470, 0.022559,
105.435529, 1.650000, 1.579907, -0.070093,   1.649194, 1.637109, -0.012085,   1.633887, 0.024976,
105.460084, 1.647583, 1.585547, -0.062036,   1.647583, 1.643555, -0.004028,   1.633887, 0.028198,
105.484756, 1.647583, 1.583130, -0.064453,   1.648389, 1.633081, -0.015308,   1.633081, 0.029810,
105.509357, 1.650806, 1.583935, -0.066870,   1.650000, 1.645166, -0.004834,   1.633081, 0.026587,
105.533961, 1.647583, 1.566211, -0.081372,   1.647583, 1.654028, 0.006445,   1.632275, 0.024976,
105.558323, 1.648389, 1.582324, -0.066064,   1.647583, 1.650000, 0.002417,   1.632275, 0.023364,
105.582860, 1.648389, 1.552515, -0.095874,   1.647583, 1.637109, -0.010474,   1.633081, 0.024976,
105.607524, 1.647583, 1.569434, -0.078149,   1.650806, 1.639526, -0.011279,   1.633887, 0.026587,
105.632084, 1.648389, 1.567822, -0.080566,   1.650806, 1.666113, 0.015308,   1.633081, 0.028198,
105.656418, 1.647583, 1.574268, -0.073316,   1.652417, 1.649194, -0.003223,   1.632275, 0.025781,
105.681208, 1.669336, 1.598437, -0.070899,   1.662891, 1.656445, -0.006445,   1.644360, 0.039478,
105.705770, 1.662891, 1.598437, -0.064453,   1.662085, 1.641138, -0.020947,   1.637915, 0.039478,
105.730420, 1.662085, 1.585547, -0.076538,   1.662891, 1.658862, -0.004028,   1.636304, 0.037866,
105.754968, 1.662085, 1.600049, -0.062036,   1.658862, 1.649194, -0.009668,   1.641943, 0.033838,
105.779758, 1.656445, 1.593603, -0.062842,   1.662085, 1.658862, -0.003223,   1.640332, 0.039478,
105.804314, 1.660474, 1.583130, -0.077344,   1.662085, 1.649194, -0.012891,   1.645166, 0.038672,
105.828975, 1.654028, 1.595215, -0.058813,   1.654834, 1.650806, -0.004028,   1.639526, 0.039478,
105.853535, 1.662085, 1.553320, -0.108765,   1.658057, 1.637109, -0.020947,   1.636304, 0.039478,
105.878435, 1.658862, 1.589575, -0.069287,   1.656445, 1.648389, -0.008057,   1.641943, 0.034644,
105.903101, 1.660474, 1.581519, -0.078955,   1.657251, 1.637915, -0.019336,   1.643555, 0.038672,
105.927634, 1.658862, 1.612134, -0.046728,   1.658862, 1.652417, -0.006445,   1.637109, 0.040283,
105.952191, 1.656445, 1.574268, -0.082178,   1.658862, 1.643555, -0.015308,   1.639526, 0.038672,
105.976862, 1.658862, 1.587158, -0.071704,   1.658862, 1.687866, 0.029004,   1.640332, 0.037866,
106.001199, 1.654834, 1.599243, -0.055591,   1.660474, 1.650000, -0.010474,   1.641138, 0.039478,
106.025860, 1.645972, 1.574268, -0.071704,   1.647583, 1.658057, 0.010474,   1.636304, 0.028198,
106.050199, 1.645972, 1.581519, -0.064453,   1.645166, 1.662891, 0.017725,   1.632275, 0.026587,
106.074642, 1.641943, 1.550098, -0.091846,   1.648389, 1.645166, -0.003223,   1.636304, 0.028198,
106.099313, 1.654834, 1.587964, -0.066870,   1.653223, 1.650806, -0.002417,   1.636304, 0.026587,
106.123852, 1.650806, 1.575073, -0.075732,   1.649194, 1.644360, -0.004834,   1.636304, 0.028198,
106.148427, 1.650806, 1.562183, -0.088623,   1.650000, 1.647583, -0.002417,   1.633081, 0.025781,
106.173093, 1.647583, 1.582324, -0.065259,   1.650000, 1.641943, -0.008057,   1.636304, 0.029810,
106.197835, 1.650000, 1.579907, -0.070093,   1.650000, 1.652417, 0.002417,   1.631470, 0.028198,
106.222320, 1.650000, 1.600855, -0.049145,   1.649194, 1.640332, -0.008862,   1.633081, 0.024976,
106.246855, 1.650000, 1.579102, -0.070898,   1.648389, 1.650000, 0.001611,   1.635498, 0.023364,
106.271324, 1.652417, 1.571851, -0.080566,   1.650806, 1.647583, -0.003223,   1.633081, 0.027393,
106.295852, 1.650806, 1.581519, -0.069287,   1.650000, 1.648389, -0.001611,   1.632275, 0.025781,
106.320429, 1.662891, 1.560571, -0.102319,   1.665308, 1.650806, -0.014502,   1.640332, 0.036255,
106.344970, 1.662085, 1.567822, -0.094263,   1.662085, 1.654834, -0.007251,   1.641943, 0.038672,
106.369533, 1.662891, 1.593603, -0.069287,   1.660474, 1.625024, -0.035449,   1.640332, 0.038672,
106.394214, 1.662891, 1.596826, -0.066064,   1.661279, 1.661279, 0.000000,   1.645166, 0.035449,
106.418448, 1.657251, 1.562988, -0.094263,   1.656445, 1.657251, 0.000806,   1.640332, 0.038672,
106.442755, 1.654834, 1.589575, -0.065259,   1.654028, 1.645166, -0.008862,   1.641138, 0.040283,
106.467424, 1.657251, 1.596020, -0.061231,   1.662085, 1.658862, -0.003223,   1.643555, 0.036255,
106.492104, 1.662085, 1.586352, -0.075732,   1.661279, 1.656445, -0.004834,   1.643555, 0.040283,
106.516752, 1.660474, 1.587964, -0.072510,   1.658862, 1.645166, -0.013696,   1.640332, 0.040283,
106.541318, 1.660474, 1.587964, -0.072510,   1.657251, 1.649194, -0.008057,   1.641943, 0.041895,
106.565996, 1.660474, 1.591992, -0.068481,   1.658057, 1.668530, 0.010474,   1.633887, 0.035449,
106.590437, 1.658862, 1.604883, -0.053979,   1.657251, 1.639526, -0.017725,   1.633081, 0.033838,
106.615090, 1.658057, 1.600855, -0.057202,   1.661279, 1.640332, -0.020947,   1.643555, 0.043506,
106.639645, 1.650000, 1.587964, -0.062036,   1.645166, 1.618579, -0.026587,   1.636304, 0.023364,
106.664329, 1.641943, 1.581519, -0.060425,   1.648389, 1.647583, -0.000806,   1.637109, 0.027393,
106.688989, 1.648389, 1.579102, -0.069287,   1.649194, 1.636304, -0.012891,   1.633081, 0.022559,
106.713542, 1.645972, 1.582324, -0.063648,   1.648389, 1.654834, 0.006445,   1.633887, 0.024976,
106.737883, 1.648389, 1.581519, -0.066870,   1.645972, 1.647583, 0.001611,   1.633887, 0.025781,
106.762335, 1.647583, 1.558960, -0.088623,   1.645972, 1.650000, 0.004028,   1.633081, 0.028198,
106.786772, 1.648389, 1.539624, -0.108765,   1.648389, 1.640332, -0.008057,   1.632275, 0.027393,
106.811355, 1.649194, 1.589575, -0.059619,   1.650000, 1.637915, -0.012085,   1.636304, 0.025781,
106.835862, 1.650000, 1.567822, -0.082178,   1.650000, 1.650000, 0.000000,   1.631470, 0.027393,
106.860200, 1.649194, 1.574268, -0.074927,   1.652417, 1.650000, -0.002417,   1.637915, 0.024976,
106.884858, 1.654028, 1.583935, -0.070093,   1.650000, 1.641943, -0.008057,   1.633887, 0.028198,
106.909503, 1.650000, 1.565405, -0.084595,   1.645972, 1.639526, -0.006445,   1.640332, 0.024976,
106.934096, 1.650000, 1.575879, -0.074121,   1.650806, 1.653223, 0.002417,   1.633081, 0.028198,
106.958426, 1.662891, 1.557349, -0.105542,   1.666919, 1.639526, -0.027393,   1.639526, 0.036255,
106.983205, 1.660474, 1.548486, -0.111987,   1.662085, 1.640332, -0.021753,   1.643555, 0.037866,
107.007755, 1.657251, 1.593603, -0.063648,   1.662085, 1.632275, -0.029810,   1.636304, 0.038672,
107.032323, 1.662085, 1.615356, -0.046728,   1.661279, 1.656445, -0.004834,   1.633887, 0.043506,
107.056862, 1.660474, 1.589575, -0.070898,   1.662085, 1.648389, -0.013696,   1.641138, 0.036255,
107.081645, 1.660474, 1.579102, -0.081372,   1.658862, 1.641943, -0.016919,   1.637915, 0.038672,
107.106203, 1.661279, 1.579907, -0.081372,   1.660474, 1.674976, 0.014502,   1.641943, 0.036255,
107.130642, 1.654834, 1.567017, -0.087817,   1.656445, 1.665308, 0.008862,   1.636304, 0.037866,
107.154976, 1.654028, 1.589575, -0.064453,   1.656445, 1.640332, -0.016113,   1.635498, 0.037866,
107.179761, 1.658057, 1.587964, -0.070093,   1.654028, 1.653223, -0.000806,   1.640332, 0.041895,
107.204326, 1.654834, 1.587964, -0.066870,   1.662085, 1.645972, -0.016113,   1.644360, 0.039478,
107.228973, 1.654834, 1.566211, -0.088623,   1.657251, 1.648389, -0.008862,   1.641138, 0.038672,
107.253536, 1.658862, 1.587964, -0.070898,   1.657251, 1.654834, -0.002417,   1.647583, 0.040283,
107.278316, 1.645166, 1.616968, -0.028198,   1.650000, 1.648389, -0.001611,   1.633081, 0.026587,
107.302861, 1.648389, 1.587964, -0.060425,   1.649194, 1.621802, -0.027393,   1.637915, 0.027393,
107.327541, 1.645972, 1.562183, -0.083789,   1.645972, 1.645972, 0.000000,   1.633081, 0.027393,
107.351854, 1.645166, 1.577490, -0.067676,   1.648389, 1.645166, -0.003223,   1.633081, 0.028198,
107.376541, 1.647583, 1.587964, -0.059619,   1.647583, 1.621802, -0.025781,   1.629858, 0.023364,
107.401213, 1.650000, 1.593603, -0.056396,   1.645166, 1.645972, 0.000806,   1.632275, 0.027393,
107.425653, 1.645972, 1.558154, -0.087817,   1.645972, 1.661279, 0.015308,   1.632275, 0.026587,
107.449976, 1.647583, 1.585547, -0.062036,   1.650806, 1.654028, 0.003223,   1.629053, 0.026587,
107.474424, 1.652417, 1.583935, -0.068481,   1.647583, 1.645972, -0.001611,   1.636304, 0.024976,
107.499099, 1.650806, 1.579102, -0.071704,   1.650000, 1.653223, 0.003223,   1.633081, 0.027393,
107.523540, 1.650806, 1.589575, -0.061230,   1.647583, 1.647583, 0.000000,   1.633887, 0.026587,
107.547867, 1.654028, 1.591187, -0.062842,   1.654028, 1.654834, 0.000806,   1.640332, 0.028198,
107.572324, 1.650000, 1.578296, -0.071704,   1.652417, 1.640332, -0.012085,   1.637109, 0.026587,
107.596992, 1.654834, 1.567017, -0.087817,   1.665308, 1.632275, -0.033032,   1.636304, 0.039478,
107.621638, 1.664502, 1.579102, -0.085400,   1.657251, 1.648389, -0.008862,   1.643555, 0.040283,
107.646184, 1.662891, 1.594409, -0.068481,   1.658862, 1.647583, -0.011279,   1.641943, 0.038672,
107.670761, 1.662085, 1.583935, -0.078149,   1.658057, 1.648389, -0.009668,   1.633887, 0.035449,
107.695325, 1.661279, 1.574268, -0.087012,   1.656445, 1.640332, -0.016113,   1.637915, 0.037866,
107.719990, 1.660474, 1.583130, -0.077344,   1.661279, 1.654028, -0.007251,   1.645166, 0.037866,
107.744555, 1.657251, 1.574268, -0.082983,   1.662085, 1.649194, -0.012891,   1.641138, 0.039478,
107.769124, 1.656445, 1.554932, -0.101514,   1.654834, 1.650000, -0.004834,   1.637915, 0.038672,
107.793762, 1.657251, 1.625830, -0.031421,   1.657251, 1.647583, -0.009668,   1.645166, 0.038672,
107.818424, 1.658862, 1.587964, -0.070898,   1.660474, 1.621802, -0.038672,   1.639526, 0.040283,
107.842994, 1.654834, 1.595215, -0.059619,   1.661279, 1.674976, 0.013696,   1.641943, 0.038672,
107.867429, 1.658862, 1.582324, -0.076538,   1.658862, 1.658057, -0.000806,   1.637109, 0.037866,
107.892112, 1.658862, 1.591187, -0.067676,   1.657251, 1.648389, -0.008862,   1.641138, 0.038672,
107.916654, 1.657251, 1.593603, -0.063648,   1.654834, 1.647583, -0.007251,   1.637915, 0.033838,
107.941216, 1.641943, 1.581519, -0.060425,   1.644360, 1.637109, -0.007251,   1.631470, 0.028198,
107.965872, 1.650000, 1.567017, -0.082983,   1.647583, 1.629858, -0.017725,   1.635498, 0.032227,
107.990544, 1.647583, 1.582324, -0.065259,   1.645166, 1.647583, 0.002417,   1.632275, 0.027393,
108.014880, 1.648389, 1.558960, -0.089429,   1.650806, 1.658057, 0.007251,   1.637915, 0.028198,
108.039214, 1.650806, 1.598437, -0.052368,   1.645972, 1.639526, -0.006445,   1.629858, 0.024976,
108.063880, 1.644360, 1.545264, -0.099097,   1.648389, 1.657251, 0.008862,   1.633887, 0.026587,
108.088329, 1.647583, 1.579907, -0.067676,   1.649194, 1.640332, -0.008862,   1.633887, 0.024976,
108.112885, 1.648389, 1.567017, -0.081372,   1.649194, 1.649194, 0.000000,   1.637109, 0.026587,
108.137215, 1.650806, 1.581519, -0.069287,   1.645972, 1.647583, 0.001611,   1.633887, 0.027393,
108.161536, 1.648389, 1.583130, -0.065259,   1.650806, 1.645166, -0.005640,   1.637109, 0.023364,
108.186213, 1.654028, 1.579907, -0.074121,   1.647583, 1.640332, -0.007251,   1.632275, 0.028198,
108.210837, 1.649194, 1.582324, -0.066870,   1.647583, 1.643555, -0.004028,   1.631470, 0.025781,
108.235428, 1.649194, 1.591992, -0.057202,   1.648389, 1.637109, -0.011279,   1.637109, 0.028198,
108.260000, 1.658862, 1.587158, -0.071704,   1.661279, 1.628247, -0.033032,   1.640332, 0.037866,
108.284761, 1.661279, 1.589575, -0.071704,   1.658057, 1.631470, -0.026587,   1.637915, 0.037866,
108.309362, 1.660474, 1.558960, -0.101514,   1.662085, 1.632275, -0.029810,   1.640332, 0.040283,
108.333866, 1.658862, 1.595215, -0.063647,   1.657251, 1.658057, 0.000806,   1.639526, 0.036255,
108.358218, 1.658862, 1.587158, -0.071704,   1.658862, 1.656445, -0.002417,   1.641943, 0.037866,
108.383086, 1.657251, 1.595215, -0.062036,   1.658057, 1.654028, -0.004028,   1.641138, 0.037866,
108.407652, 1.662085, 1.583935, -0.078149,   1.657251, 1.654834, -0.002417,   1.637915, 0.038672,
108.432332, 1.654834, 1.583935, -0.070898,   1.658862, 1.654028, -0.004834,   1.640332, 0.037866,
108.456864, 1.658057, 1.599243, -0.058813,   1.653223, 1.645972, -0.007251,   1.636304, 0.035449,
108.481660, 1.658862, 1.604077, -0.054785,   1.654834, 1.664502, 0.009668,   1.640332, 0.040283,
108.505993, 1.654834, 1.583935, -0.070898,   1.658862, 1.669336, 0.010474,   1.637915, 0.036255,
108.530326, 1.662085, 1.598437, -0.063648,   1.658057, 1.654028, -0.004028,   1.636304, 0.036255,
108.554881, 1.658862, 1.575879, -0.082983,   1.652417, 1.666113, 0.013696,   1.637915, 0.036255,
108.579431, 1.645972, 1.578296, -0.067676,   1.645166, 1.620190, -0.024976,   1.633081, 0.023364,
108.604000, 1.647583, 1.569434, -0.078149,   1.647583, 1.648389, 0.000806,   1.631470, 0.025781,
108.628327, 1.647583, 1.562183, -0.085400,   1.647583, 1.654834, 0.007251,   1.633887, 0.027393,
108.652656, 1.649194, 1.591187, -0.058008,   1.645972, 1.650806, 0.004834,   1.635498, 0.026587,
108.677187, 1.650806, 1.581519, -0.069287,   1.647583, 1.654028, 0.006445,   1.636304, 0.024976,
108.701545, 1.649194, 1.552515, -0.096680,   1.647583, 1.639526, -0.008057,   1.633887, 0.027393,
108.726215, 1.652417, 1.600049, -0.052368,   1.645972, 1.641138, -0.004834,   1.636304, 0.026587,
108.750777, 1.650806, 1.549292, -0.101514,   1.648389, 1.641138, -0.007251,   1.633887, 0.026587,
108.775445, 1.648389, 1.593603, -0.054785,   1.650000, 1.625024, -0.024976,   1.632275, 0.024976,
108.800104, 1.650806, 1.586352, -0.064453,   1.650000, 1.647583, -0.002417,   1.636304, 0.025781,
108.824757, 1.652417, 1.587158, -0.065259,   1.650000, 1.636304, -0.013696,   1.633081, 0.026587,
108.849333, 1.652417, 1.579907, -0.072510,   1.647583, 1.633081, -0.014502,   1.633887, 0.027393,
108.873993, 1.648389, 1.594409, -0.053980,   1.650806, 1.628247, -0.022559,   1.633887, 0.028198,
108.898650, 1.665308, 1.571851, -0.093457,   1.666919, 1.656445, -0.010474,   1.639526, 0.039478,
108.923221, 1.662085, 1.608105, -0.053980,   1.664502, 1.653223, -0.011279,   1.637109, 0.039478,
108.947758, 1.662085, 1.623413, -0.038672,   1.662085, 1.654834, -0.007251,   1.640332, 0.039478,
108.972444, 1.657251, 1.591992, -0.065259,   1.660474, 1.654028, -0.006445,   1.644360, 0.037866,
108.997090, 1.657251, 1.596020, -0.061231,   1.657251, 1.654028, -0.003223,   1.637109, 0.039478,
109.021780, 1.662085, 1.587964, -0.074121,   1.658057, 1.647583, -0.010474,   1.640332, 0.037866,
109.046333, 1.658862, 1.583130, -0.075732,   1.661279, 1.679810, 0.018530,   1.640332, 0.041895,
109.070654, 1.661279, 1.587964, -0.073316,   1.654834, 1.645972, -0.008862,   1.639526, 0.037866,
109.095339, 1.654834, 1.577490, -0.077344,   1.658862, 1.670142, 0.011279,   1.641138, 0.040283,
109.119766, 1.656445, 1.571045, -0.085400,   1.658057, 1.647583, -0.010474,   1.641138, 0.038672,
109.144238, 1.656445, 1.599243, -0.057202,   1.661279, 1.654834, -0.006445,   1.643555, 0.037866,
109.168770, 1.654028, 1.590381, -0.063648,   1.658057, 1.647583, -0.010474,   1.640332, 0.039478,
109.193447, 1.660474, 1.579102, -0.081372,   1.656445, 1.662085, 0.005640,   1.640332, 0.037866,
109.217874, 1.647583, 1.587158, -0.060425,   1.640332, 1.641943, 0.001611,   1.633081, 0.026587,
109.242227, 1.647583, 1.586352, -0.061231,   1.645166, 1.637109, -0.008057,   1.633081, 0.028198,
109.266863, 1.648389, 1.564600, -0.083789,   1.648389, 1.650000, 0.001611,   1.635498, 0.027393,
109.291333, 1.648389, 1.578296, -0.070093,   1.645166, 1.640332, -0.004834,   1.633887, 0.023364,
109.315995, 1.652417, 1.578296, -0.074121,   1.653223, 1.652417, -0.000806,   1.633887, 0.029810,
109.340548, 1.649194, 1.581519, -0.067676,   1.645972, 1.645972, 0.000000,   1.635498, 0.024976,
109.365007, 1.650000, 1.581519, -0.068481,   1.649194, 1.640332, -0.008862,   1.631470, 0.025781,
109.389766, 1.650806, 1.583935, -0.066870,   1.648389, 1.641138, -0.007251,   1.637109, 0.023364,
109.414433, 1.650806, 1.586352, -0.064453,   1.647583, 1.658057, 0.010474,   1.633081, 0.027393,
109.438772, 1.650000, 1.575073, -0.074927,   1.647583, 1.670142, 0.022559,   1.635498, 0.027393,
109.463231, 1.648389, 1.581519, -0.066870,   1.647583, 1.618579, -0.029004,   1.637915, 0.024976,
109.487872, 1.652417, 1.579907, -0.072510,   1.647583, 1.625024, -0.022559,   1.633887, 0.028198,
109.512455, 1.650000, 1.579907, -0.070093,   1.647583, 1.647583, 0.000000,   1.633081, 0.027393,
109.536777, 1.665308, 1.596020, -0.069287,   1.661279, 1.653223, -0.008057,   1.639526, 0.039478,
109.561327, 1.662085, 1.549292, -0.112793,   1.658057, 1.658057, 0.000000,   1.635498, 0.040283,
109.585880, 1.662085, 1.587964, -0.074121,   1.660474, 1.656445, -0.004028,   1.641943, 0.039478,
109.610463, 1.658057, 1.581519, -0.076538,   1.661279, 1.645972, -0.015308,   1.637109, 0.037866,
109.635015, 1.658862, 1.596826, -0.062036,   1.654834, 1.645972, -0.008862,   1.641138, 0.037866,
109.659551, 1.658862, 1.565405, -0.093457,   1.658057, 1.650000, -0.008057,   1.637109, 0.037866,
109.684332, 1.654834, 1.581519, -0.073315,   1.661279, 1.658862, -0.002417,   1.641138, 0.039478,
109.708879, 1.654834, 1.587964, -0.066870,   1.658862, 1.653223, -0.005640,   1.645972, 0.037866,
109.733461, 1.661279, 1.575879, -0.085400,   1.661279, 1.650000, -0.011279,   1.640332, 0.040283,
109.757994, 1.657251, 1.574268, -0.082983,   1.654834, 1.656445, 0.001611,   1.637109, 0.040283,
109.782555, 1.654834, 1.586352, -0.068481,   1.656445, 1.677393, 0.020947,   1.640332, 0.039478,
109.806876, 1.658862, 1.591992, -0.066870,   1.660474, 1.662085, 0.001611,   1.645166, 0.039478,
109.831220, 1.658862, 1.569434, -0.089429,   1.658057, 1.664502, 0.006445,   1.637109, 0.039478,
109.855551, 1.647583, 1.596826, -0.050757,   1.647583, 1.641138, -0.006445,   1.631470, 0.026587,
109.880339, 1.645166, 1.595215, -0.049951,   1.641943, 1.672559, 0.030615,   1.629858, 0.027393,
109.904648, 1.649194, 1.569434, -0.079761,   1.648389, 1.640332, -0.008057,   1.628247, 0.027393,
109.929222, 1.649194, 1.600049, -0.049146,   1.643555, 1.637109, -0.006445,   1.633081, 0.028198,
109.953774, 1.647583, 1.581519, -0.066064,   1.647583, 1.656445, 0.008862,   1.636304, 0.026587,
109.978338, 1.645972, 1.579907, -0.066064,   1.649194, 1.641943, -0.007251,   1.633887, 0.023364,
110.002873, 1.649194, 1.558154, -0.091040,   1.648389, 1.639526, -0.008862,   1.636304, 0.026587,
110.027437, 1.648389, 1.600855, -0.047534,   1.647583, 1.640332, -0.007251,   1.633887, 0.028198,
110.051998, 1.650000, 1.569434, -0.080566,   1.652417, 1.640332, -0.012085,   1.633081, 0.025781,
110.076657, 1.654028, 1.582324, -0.071704,   1.652417, 1.643555, -0.008862,   1.641138, 0.028198,
110.101329, 1.650000, 1.542847, -0.107153,   1.648389, 1.647583, -0.000806,   1.633081, 0.028198,
110.125901, 1.652417, 1.578296, -0.074121,   1.652417, 1.636304, -0.016113,   1.637109, 0.024976,
110.150431, 1.656445, 1.585547, -0.070898,   1.654834, 1.635498, -0.019336,   1.636304, 0.028198,
110.175551, 1.662891, 1.596826, -0.066064,   1.661279, 1.652417, -0.008862,   1.639526, 0.037866,
110.200105, 1.662085, 1.590381, -0.071704,   1.657251, 1.650000, -0.007251,   1.641138, 0.039478,
110.224776, 1.660474, 1.593603, -0.066870,   1.662085, 1.689478, 0.027393,   1.639526, 0.041895,
110.249101, 1.662085, 1.589575, -0.072510,   1.654834, 1.627441, -0.027393,   1.643555, 0.040283,
110.273779, 1.658057, 1.593603, -0.064453,   1.654834, 1.650000, -0.004834,   1.640332, 0.039478,
110.298446, 1.658057, 1.578296, -0.079761,   1.660474, 1.652417, -0.008057,   1.635498, 0.039478,
110.323008, 1.661279, 1.571045, -0.090234,   1.658057, 1.662085, 0.004028,   1.641943, 0.039478,
110.347338, 1.664502, 1.589575, -0.074927,   1.660474, 1.661279, 0.000806,   1.645972, 0.038672,
110.371777, 1.657251, 1.581519, -0.075732,   1.658057, 1.650000, -0.008057,   1.641943, 0.036255,
110.396563, 1.654028, 1.590381, -0.063648,   1.653223, 1.640332, -0.012891,   1.641138, 0.040283,
110.421197, 1.661279, 1.589575, -0.071704,   1.656445, 1.618579, -0.037866,   1.643555, 0.035449,
110.445658, 1.660474, 1.585547, -0.074927,   1.658862, 1.662085, 0.003223,   1.641138, 0.036255,
110.470124, 1.654834, 1.586352, -0.068481,   1.658862, 1.662085, 0.003223,   1.639526, 0.040283,
110.494448, 1.647583, 1.587964, -0.059619,   1.641943, 1.647583, 0.005640,   1.633887, 0.028198,
110.518760, 1.648389, 1.575073, -0.073315,   1.647583, 1.633887, -0.013696,   1.636304, 0.023364,
110.543339, 1.647583, 1.608105, -0.039478,   1.648389, 1.641138, -0.007251,   1.633887, 0.026587,
110.568004, 1.652417, 1.553320, -0.099097,   1.650806, 1.640332, -0.010474,   1.637915, 0.029810,
110.592661, 1.652417, 1.608105, -0.044312,   1.649194, 1.629053, -0.020142,   1.633081, 0.026587,
110.616656, 1.645972, 1.591992, -0.053980,   1.647583, 1.650806, 0.003223,   1.636304, 0.028198,
110.641015, 1.650000, 1.621802, -0.028198,   1.647583, 1.645972, -0.001611,   1.632275, 0.024976,
110.665657, 1.650806, 1.600049, -0.050757,   1.650806, 1.657251, 0.006445,   1.633081, 0.026587,
110.690120, 1.650000, 1.566211, -0.083789,   1.650000, 1.669336, 0.019336,   1.633887, 0.025781,
110.714512, 1.650806, 1.600049, -0.050757,   1.648389, 1.649194, 0.000806,   1.636304, 0.028198,
110.738877, 1.653223, 1.582324, -0.070899,   1.650000, 1.662085, 0.012085,   1.633081, 0.026587,
110.763346, 1.653223, 1.595215, -0.058008,   1.652417, 1.637915, -0.014502,   1.632275, 0.023364,
110.788025, 1.647583, 1.579102, -0.068481,   1.645972, 1.612134, -0.033838,   1.632275, 0.023364,
110.812587, 1.661279, 1.591992, -0.069287,   1.661279, 1.656445, -0.004834,   1.640332, 0.035449,
110.837113, 1.662891, 1.591187, -0.071704,   1.661279, 1.647583, -0.013696,   1.641138, 0.040283,
110.861661, 1.662085, 1.587158, -0.074927,   1.662085, 1.644360, -0.017725,   1.641943, 0.038672,
110.886443, 1.661279, 1.591187, -0.070093,   1.660474, 1.652417, -0.008057,   1.644360, 0.040283,
110.911109, 1.660474, 1.593603, -0.066870,   1.658057, 1.637109, -0.020947,   1.636304, 0.036255,
110.935661, 1.662085, 1.599243, -0.062842,   1.658862, 1.641138, -0.017725,   1.640332, 0.036255,
110.960228, 1.661279, 1.574268, -0.087012,   1.657251, 1.662891, 0.005640,   1.637915, 0.037866,
110.984689, 1.662085, 1.565405, -0.096680,   1.661279, 1.648389, -0.012891,   1.645166, 0.042700,
111.009278, 1.658862, 1.602466, -0.056396,   1.660474, 1.662891, 0.002417,   1.641138, 0.040283,
111.033660, 1.660474, 1.587158, -0.073315,   1.654834, 1.682227, 0.027393,   1.637915, 0.037866,
111.058006, 1.654028, 1.581519, -0.072510,   1.654834, 1.660474, 0.005640,   1.633887, 0.033838,
111.082562, 1.657251, 1.571851, -0.085400,   1.658862, 1.650000, -0.008862,   1.641943, 0.042700,
111.107141, 1.654834, 1.579907, -0.074927,   1.661279, 1.658862, -0.002417,   1.640332, 0.037866,
111.131661, 1.648389, 1.587964, -0.060425,   1.647583, 1.661279, 0.013696,   1.635498, 0.026587,
111.156009, 1.645166, 1.587158, -0.058008,   1.645166, 1.660474, 0.015308,   1.633887, 0.027393,
111.180559, 1.644360, 1.553320, -0.091040,   1.645972, 1.649194, 0.003223,   1.629858, 0.022559,
111.204884, 1.649194, 1.574268, -0.074927,   1.649194, 1.650000, 0.000806,   1.636304, 0.028198,
111.229227, 1.650000, 1.589575, -0.060425,   1.649194, 1.670142, 0.020947,   1.635498, 0.026587,
111.253661, 1.650000, 1.598437, -0.051563,   1.648389, 1.618579, -0.029810,   1.637109, 0.028198,
111.278451, 1.647583, 1.587964, -0.059619,   1.645972, 1.652417, 0.006445,   1.635498, 0.027393,
111.301117, 1.653223, 1.557349, -0.095874,   1.654834, 1.643555, -0.011279,   1.635498, 0.028198,
111.325778, 1.650000, 1.581519, -0.068481,   1.648389, 1.654028, 0.005640,   1.640332, 0.027393,
111.350118, 1.653223, 1.608105, -0.045117,   1.650000, 1.645972, -0.004028,   1.632275, 0.027393,
111.374797, 1.647583, 1.579907, -0.067676,   1.648389, 1.639526, -0.008862,   1.631470, 0.027393,
111.399560, 1.647583, 1.600049, -0.047534,   1.645972, 1.643555, -0.002417,   1.633887, 0.030615,
111.424113, 1.645972, 1.624219, -0.021753,   1.650806, 1.647583, -0.003223,   1.633887, 0.025781,
111.448662, 1.661279, 1.587964, -0.073316,   1.664502, 1.650000, -0.014502,   1.637109, 0.037866,
111.473334, 1.662085, 1.594409, -0.067676,   1.662891, 1.662891, 0.000000,   1.645166, 0.040283,
111.497775, 1.662891, 1.583935, -0.078955,   1.658862, 1.654834, -0.004028,   1.647583, 0.037866,
111.522341, 1.661279, 1.571045, -0.090234,   1.662085, 1.633081, -0.029004,   1.640332, 0.040283,
111.546867, 1.662085, 1.590381, -0.071704,   1.662085, 1.657251, -0.004834,   1.640332, 0.037866,
111.571565, 1.657251, 1.591187, -0.066064,   1.654834, 1.653223, -0.001611,   1.639526, 0.042700,
111.596227, 1.656445, 1.591187, -0.065259,   1.657251, 1.670142, 0.012891,   1.636304, 0.038672,
111.620523, 1.661279, 1.583130, -0.078149,   1.661279, 1.650000, -0.011279,   1.643555, 0.042700,
111.645006, 1.656445, 1.577490, -0.078955,   1.654834, 1.657251, 0.002417,   1.640332, 0.038672,
111.669446, 1.658862, 1.578296, -0.080566,   1.656445, 1.664502, 0.008057,   1.640332, 0.037866,
111.693777, 1.653223, 1.578296, -0.074927,   1.657251, 1.648389, -0.008862,   1.643555, 0.039478,
111.718348, 1.662085, 1.587964, -0.074121,   1.656445, 1.647583, -0.008862,   1.640332, 0.039478,
111.742880, 1.657251, 1.590381, -0.066870,   1.654834, 1.650000, -0.004834,   1.639526, 0.037866,
111.767558, 1.657251, 1.612134, -0.045117,   1.658862, 1.648389, -0.010474,   1.641943, 0.039478,
111.792230, 1.641943, 1.587964, -0.053980,   1.644360, 1.647583, 0.003223,   1.629053, 0.026587,
111.816683, 1.647583, 1.587964, -0.059619,   1.647583, 1.637915, -0.009668,   1.641138, 0.024976,
111.841229, 1.648389, 1.569434, -0.078955,   1.650000, 1.637915, -0.012085,   1.633887, 0.024976,
111.865883, 1.649194, 1.581519, -0.067676,   1.645166, 1.653223, 0.008057,   1.636304, 0.027393,
111.890352, 1.648389, 1.573462, -0.074927,   1.648389, 1.662891, 0.014502,   1.633081, 0.028198,
111.914690, 1.645972, 1.577490, -0.068481,   1.649194, 1.644360, -0.004834,   1.633081, 0.027393,
111.939239, 1.647583, 1.569434, -0.078149,   1.647583, 1.612939, -0.034644,   1.633081, 0.025781,
111.963889, 1.652417, 1.581519, -0.070898,   1.648389, 1.658057, 0.009668,   1.633081, 0.025781,
111.988346, 1.650000, 1.579102, -0.070898,   1.647583, 1.640332, -0.007251,   1.629053, 0.027393,
112.012995, 1.653223, 1.598437, -0.054785,   1.650000, 1.653223, 0.003223,   1.633081, 0.028198,
112.037345, 1.647583, 1.574268, -0.073316,   1.647583, 1.648389, 0.000806,   1.635498, 0.026587,
112.061661, 1.650000, 1.574268, -0.075732,   1.650806, 1.644360, -0.006445,   1.633887, 0.026587,
112.086442, 1.666919, 1.561377, -0.105542,   1.664502, 1.637109, -0.027393,   1.644360, 0.039478,
112.111084, 1.662085, 1.583935, -0.078149,   1.661279, 1.645166, -0.016113,   1.641138, 0.038672,
112.135674, 1.662085, 1.598437, -0.063648,   1.662891, 1.649194, -0.013696,   1.644360, 0.037866,
112.160240, 1.662891, 1.582324, -0.080566,   1.662891, 1.645972, -0.016919,   1.640332, 0.037866,
112.184892, 1.662085, 1.587158, -0.074927,   1.658862, 1.641138, -0.017725,   1.644360, 0.039478,
112.209524, 1.658057, 1.589575, -0.068481,   1.661279, 1.631470, -0.029810,   1.643555, 0.037866,
112.234111, 1.656445, 1.581519, -0.074927,   1.654028, 1.647583, -0.006445,   1.643555, 0.038672,
112.258660, 1.661279, 1.593603, -0.067676,   1.660474, 1.641138, -0.019336,   1.640332, 0.039478,
112.283450, 1.657251, 1.557349, -0.099902,   1.654834, 1.670947, 0.016113,   1.643555, 0.039478,
112.307346, 1.657251, 1.599243, -0.058008,   1.656445, 1.650806, -0.005640,   1.644360, 0.040283,
112.331896, 1.654028, 1.582324, -0.071704,   1.657251, 1.662085, 0.004834,   1.639526, 0.042700,
112.356227, 1.658057, 1.587964, -0.070093,   1.660474, 1.653223, -0.007251,   1.639526, 0.041895,
112.381089, 1.656445, 1.598437, -0.058008,   1.654028, 1.670142, 0.016113,   1.641138, 0.035449,
112.405446, 1.645166, 1.596826, -0.048340,   1.645166, 1.647583, 0.002417,   1.635498, 0.025781,
112.429780, 1.643555, 1.591187, -0.052368,   1.644360, 1.650806, 0.006445,   1.633887, 0.027393,
112.454133, 1.647583, 1.581519, -0.066064,   1.648389, 1.640332, -0.008057,   1.637109, 0.025781,
112.478891, 1.645166, 1.589575, -0.055591,   1.649194, 1.650806, 0.001611,   1.637109, 0.025781,
112.503351, 1.647583, 1.585547, -0.062036,   1.645972, 1.628247, -0.017725,   1.629053, 0.028198,
112.528016, 1.645972, 1.574268, -0.071704,   1.645166, 1.645972, 0.000806,   1.627441, 0.026587,
112.552353, 1.650806, 1.581519, -0.069287,   1.649194, 1.624219, -0.024976,   1.637109, 0.025781,
112.577089, 1.648389, 1.579102, -0.069287,   1.650806, 1.644360, -0.006445,   1.632275, 0.029810,
112.601666, 1.650806, 1.583130, -0.067676,   1.650000, 1.611328, -0.038672,   1.631470, 0.026587,
112.626352, 1.650000, 1.586352, -0.063648,   1.650000, 1.652417, 0.002417,   1.635498, 0.025781,
112.650676, 1.650806, 1.571851, -0.078955,   1.650806, 1.643555, -0.007251,   1.640332, 0.028198,
112.675352, 1.645972, 1.589575, -0.056396,   1.652417, 1.643555, -0.008862,   1.629053, 0.027393,
112.700126, 1.648389, 1.587964, -0.060425,   1.650806, 1.678198, 0.027393,   1.637915, 0.027393,
112.724565, 1.658057, 1.591992, -0.066064,   1.662891, 1.649194, -0.013696,   1.636304, 0.038672,
112.749110, 1.664502, 1.587158, -0.077344,   1.664502, 1.650000, -0.014502,   1.641138, 0.035449,
112.773782, 1.664502, 1.594409, -0.070093,   1.661279, 1.645166, -0.016113,   1.641943, 0.041895,
112.798452, 1.662085, 1.583935, -0.078149,   1.658862, 1.656445, -0.002417,   1.640332, 0.041895,
112.823123, 1.656445, 1.587964, -0.068481,   1.658057, 1.658862, 0.000806,   1.640332, 0.038672,
112.847465, 1.658057, 1.557349, -0.100708,   1.661279, 1.650000, -0.011279,   1.641943, 0.032227,
112.872106, 1.654834, 1.591187, -0.063647,   1.658057, 1.629858, -0.028198,   1.637915, 0.039478,
112.896795, 1.660474, 1.589575, -0.070898,   1.661279, 1.650806, -0.010474,   1.641138, 0.040283,
112.921436, 1.658862, 1.604883, -0.053979,   1.662085, 1.648389, -0.013696,   1.640332, 0.037866,
112.945887, 1.658862, 1.590381, -0.068481,   1.660474, 1.629053, -0.031421,   1.643555, 0.037866,
112.970459, 1.654028, 1.581519, -0.072510,   1.662085, 1.648389, -0.013696,   1.633887, 0.042700,
112.995005, 1.654834, 1.579907, -0.074927,   1.658057, 1.668530, 0.010474,   1.637109, 0.038672,
113.019458, 1.654028, 1.585547, -0.068481,   1.658057, 1.647583, -0.010474,   1.637109, 0.037866,
113.043899, 1.643555, 1.575073, -0.068481,   1.645972, 1.641138, -0.004834,   1.633081, 0.025781,
113.068563, 1.650000, 1.571045, -0.078955,   1.650806, 1.639526, -0.011279,   1.637915, 0.031421,
113.093242, 1.647583, 1.574268, -0.073316,   1.643555, 1.640332, -0.003223,   1.629858, 0.028198,
113.117783, 1.648389, 1.587158, -0.061230,   1.647583, 1.627441, -0.020142,   1.635498, 0.026587,
113.142356, 1.650806, 1.579907, -0.070898,   1.650000, 1.650806, 0.000806,   1.633081, 0.025781,
113.166787, 1.649194, 1.549292, -0.099902,   1.647583, 1.635498, -0.012085,   1.637109, 0.028198,
113.191447, 1.649194, 1.587158, -0.062036,   1.652417, 1.616162, -0.036255,   1.632275, 0.027393,
113.216028, 1.650806, 1.611328, -0.039477,   1.650000, 1.660474, 0.010474,   1.632275, 0.026587,
113.240349, 1.648389, 1.579102, -0.069287,   1.650000, 1.641943, -0.008057,   1.631470, 0.026587,
113.265018, 1.650806, 1.589575, -0.061230,   1.647583, 1.637109, -0.010474,   1.633887, 0.025781,
113.289680, 1.649194, 1.542041, -0.107153,   1.650000, 1.637915, -0.012085,   1.635498, 0.025781,
113.313587, 1.652417, 1.589575, -0.062842,   1.647583, 1.661279, 0.013696,   1.635498, 0.025781,
113.337906, 1.650000, 1.570239, -0.079761,   1.650000, 1.633081, -0.016919,   1.637109, 0.027393,
113.362563, 1.665308, 1.587964, -0.077344,   1.662085, 1.656445, -0.005640,   1.640332, 0.038672,
113.387354, 1.662085, 1.590381, -0.071704,   1.661279, 1.650000, -0.011279,   1.644360, 0.038672,
113.411996, 1.661279, 1.583935, -0.077344,   1.661279, 1.681421, 0.020142,   1.641138, 0.038672,
113.436351, 1.664502, 1.583130, -0.081372,   1.661279, 1.632275, -0.029004,   1.640332, 0.037866,
113.460886, 1.660474, 1.589575, -0.070898,   1.658057, 1.650000, -0.008057,   1.640332, 0.034644,
113.485577, 1.662085, 1.579907, -0.082178,   1.662085, 1.648389, -0.013696,   1.643555, 0.039478,
113.510156, 1.658862, 1.569434, -0.089429,   1.661279, 1.657251, -0.004028,   1.641138, 0.039478,
113.534687, 1.660474, 1.591992, -0.068481,   1.657251, 1.654834, -0.002417,   1.644360, 0.039478,
113.559235, 1.654028, 1.585547, -0.068481,   1.656445, 1.628247, -0.028198,   1.645166, 0.040283,
113.584013, 1.658862, 1.610522, -0.048340,   1.658057, 1.653223, -0.004834,   1.640332, 0.037866,
113.608566, 1.660474, 1.569434, -0.091040,   1.658862, 1.654028, -0.004834,   1.640332, 0.036255,
113.633125, 1.657251, 1.599243, -0.058008,   1.658862, 1.645972, -0.012891,   1.637915, 0.038672,
113.657676, 1.658862, 1.574268, -0.084595,   1.658057, 1.641943, -0.016113,   1.643555, 0.037866,
113.682469, 1.658057, 1.570239, -0.087817,   1.657251, 1.652417, -0.004834,   1.641138, 0.041895,
113.707016, 1.647583, 1.581519, -0.066064,   1.643555, 1.645166, 0.001611,   1.635498, 0.025781,
113.731372, 1.647583, 1.577490, -0.070093,   1.643555, 1.662085, 0.018530,   1.633081, 0.027393,
113.755677, 1.648389, 1.586352, -0.062036,   1.644360, 1.618579, -0.025781,   1.633081, 0.024976,
113.780457, 1.648389, 1.579907, -0.068481,   1.647583, 1.660474, 0.012891,   1.635498, 0.026587,
113.804799, 1.648389, 1.596826, -0.051562,   1.645972, 1.652417, 0.006445,   1.633081, 0.021753,
113.829237, 1.650000, 1.582324, -0.067676,   1.644360, 1.658057, 0.013696,   1.631470, 0.025781,
113.853575, 1.647583, 1.575073, -0.072510,   1.649194, 1.632275, -0.016919,   1.631470, 0.026587,
113.878360, 1.649194, 1.583130, -0.066064,   1.649194, 1.650806, 0.001611,   1.635498, 0.023364,
113.902678, 1.650806, 1.567017, -0.083789,   1.654834, 1.625024, -0.029809,   1.636304, 0.029810,
113.927254, 1.645972, 1.574268, -0.071704,   1.650806, 1.644360, -0.006445,   1.632275, 0.026587,
113.951785, 1.650806, 1.591187, -0.059619,   1.648389, 1.639526, -0.008862,   1.636304, 0.028198,
113.976466, 1.650806, 1.574268, -0.076538,   1.648389, 1.641943, -0.006445,   1.633081, 0.028198,
114.001135, 1.662085, 1.587158, -0.074927,   1.665308, 1.643555, -0.021753,   1.640332, 0.040283,
114.025788, 1.662085, 1.600049, -0.062036,   1.662085, 1.666919, 0.004834,   1.640332, 0.038672,
114.050131, 1.661279, 1.579102, -0.082178,   1.664502, 1.649194, -0.015308,   1.637915, 0.038672,
114.074785, 1.660474, 1.585547, -0.074927,   1.662085, 1.620996, -0.041089,   1.637915, 0.036255,
114.099459, 1.658862, 1.595215, -0.063647,   1.662085, 1.650806, -0.011279,   1.640332, 0.041895,
114.124117, 1.658862, 1.591187, -0.067676,   1.658862, 1.649194, -0.009668,   1.647583, 0.040283,
114.148680, 1.660474, 1.600049, -0.060425,   1.661279, 1.650806, -0.010474,   1.639526, 0.040283,
114.173345, 1.662085, 1.585547, -0.076538,   1.654834, 1.677393, 0.022559,   1.637109, 0.040283,
114.197790, 1.654834, 1.587964, -0.066870,   1.657251, 1.666113, 0.008862,   1.640332, 0.039478,
114.222112, 1.661279, 1.590381, -0.070899,   1.660474, 1.654834, -0.005640,   1.641943, 0.038672,
114.246671, 1.660474, 1.599243, -0.061230,   1.662085, 1.654028, -0.008057,   1.640332, 0.038672,
114.271356, 1.654834, 1.587964, -0.066870,   1.657251, 1.654028, -0.003223,   1.640332, 0.037866,
114.290903, 1.656445, 1.620996, -0.035449,   1.658862, 1.625024, -0.033838,   1.641138, 0.039478,
114.315531, 1.658057, 1.571851, -0.086206,   1.658862, 1.650806, -0.008057,   1.643555, 0.036255,
114.340119, 1.645972, 1.570239, -0.075732,   1.647583, 1.637109, -0.010474,   1.635498, 0.028198,
114.364796, 1.647583, 1.575879, -0.071704,   1.645972, 1.652417, 0.006445,   1.633081, 0.026587,
114.389392, 1.650000, 1.574268, -0.075732,   1.645166, 1.637109, -0.008057,   1.629053, 0.024976,
114.413922, 1.650806, 1.586352, -0.064453,   1.644360, 1.650000, 0.005640,   1.633887, 0.025781,
114.438251, 1.647583, 1.567017, -0.080566,   1.650000, 1.619385, -0.030615,   1.632275, 0.028198,
114.463020, 1.650000, 1.587964, -0.062036,   1.650000, 1.657251, 0.007251,   1.629053, 0.028198,
114.487469, 1.650806, 1.625830, -0.024976,   1.649194, 1.650000, 0.000806,   1.637109, 0.024976,
114.511856, 1.647583, 1.582324, -0.065259,   1.643555, 1.650806, 0.007251,   1.631470, 0.024976,
114.536239, 1.650000, 1.565405, -0.084595,   1.652417, 1.625830, -0.026587,   1.637109, 0.028198,
114.560791, 1.652417, 1.577490, -0.074927,   1.650000, 1.650000, 0.000000,   1.635498, 0.023364,
114.585269, 1.650000, 1.591992, -0.058008,   1.647583, 1.633887, -0.013696,   1.633887, 0.024976,
114.609821, 1.650000, 1.571045, -0.078955,   1.645972, 1.645166, -0.000806,   1.635498, 0.027393,
114.634360, 1.649194, 1.581519, -0.067676,   1.654028, 1.640332, -0.013696,   1.635498, 0.027393,
114.659015, 1.664502, 1.596020, -0.068481,   1.660474, 1.633081, -0.027393,   1.643555, 0.042700,
114.683793, 1.660474, 1.591187, -0.069287,   1.658057, 1.660474, 0.002417,   1.640332, 0.038672,
114.708163, 1.654834, 1.598437, -0.056396,   1.662085, 1.657251, -0.004834,   1.637109, 0.036255,
114.732685, 1.662891, 1.611328, -0.051562,   1.664502, 1.633081, -0.031421,   1.641138, 0.039478,
114.757242, 1.661279, 1.587158, -0.074121,   1.653223, 1.648389, -0.004834,   1.636304, 0.039478,
114.782035, 1.657251, 1.587964, -0.069287,   1.657251, 1.676587, 0.019336,   1.640332, 0.037866,
114.806356, 1.662085, 1.573462, -0.088623,   1.657251, 1.679810, 0.022559,   1.637109, 0.037866,
114.830689, 1.662085, 1.589575, -0.072510,   1.656445, 1.658057, 0.001611,   1.640332, 0.040283,
114.855015, 1.654834, 1.557349, -0.097485,   1.658862, 1.666113, 0.007251,   1.640332, 0.038672,
114.879591, 1.658862, 1.599243, -0.059619,   1.654028, 1.657251, 0.003223,   1.641138, 0.040283,
114.903900, 1.654834, 1.579907, -0.074927,   1.660474, 1.625024, -0.035449,   1.640332, 0.040283,
114.928577, 1.660474, 1.562988, -0.097485,   1.657251, 1.661279, 0.004028,   1.640332, 0.037866,
114.952903, 1.660474, 1.581519, -0.078955,   1.654028, 1.652417, -0.001611,   1.641138, 0.037866,
114.977676, 1.645166, 1.587964, -0.057202,   1.641943, 1.643555, 0.001611,   1.635498, 0.027393,
115.002020, 1.648389, 1.581519, -0.066870,   1.647583, 1.637109, -0.010474,   1.635498, 0.025781,
115.026684, 1.650806, 1.574268, -0.076538,   1.643555, 1.656445, 0.012891,   1.633081, 0.027393,
115.051023, 1.654028, 1.587964, -0.066064,   1.650000, 1.647583, -0.002417,   1.636304, 0.029810,
115.075678, 1.648389, 1.571851, -0.076538,   1.650000, 1.640332, -0.009668,   1.635498, 0.026587,
115.100356, 1.650806, 1.550903, -0.099902,   1.650000, 1.644360, -0.005640,   1.633887, 0.026587,
115.124899, 1.652417, 1.581519, -0.070898,   1.645166, 1.648389, 0.003223,   1.633081, 0.029810,
115.149240, 1.647583, 1.583935, -0.063648,   1.648389, 1.661279, 0.012891,   1.633081, 0.029810,
115.173684, 1.647583, 1.587964, -0.059619,   1.650000, 1.645972, -0.004028,   1.635498, 0.028198,
115.198354, 1.653223, 1.581519, -0.071704,   1.648389, 1.649194, 0.000806,   1.635498, 0.021753,
115.222696, 1.649194, 1.573462, -0.075732,   1.650806, 1.647583, -0.003223,   1.633081, 0.026587,
115.247249, 1.647583, 1.575879, -0.071704,   1.650000, 1.678198, 0.028198,   1.631470, 0.025781,
115.271679, 1.649194, 1.586352, -0.062842,   1.652417, 1.612134, -0.040283,   1.637109, 0.026587,
115.296375, 1.661279, 1.600049, -0.061231,   1.662085, 1.654834, -0.007251,   1.639526, 0.040283,
115.320801, 1.660474, 1.591187, -0.069287,   1.662085, 1.653223, -0.008862,   1.641943, 0.037866,
115.345257, 1.662085, 1.556543, -0.105542,   1.660474, 1.654834, -0.005640,   1.640332, 0.037866,
115.369802, 1.662891, 1.573462, -0.089429,   1.654834, 1.623413, -0.031421,   1.639526, 0.039478,
115.394472, 1.660474, 1.593603, -0.066870,   1.658057, 1.670142, 0.012085,   1.636304, 0.039478,
115.418708, 1.658862, 1.587964, -0.070898,   1.662085, 1.645972, -0.016113,   1.637109, 0.037866,
115.443241, 1.658862, 1.587158, -0.071704,   1.662085, 1.666113, 0.004028,   1.645166, 0.036255,
115.467687, 1.662891, 1.581519, -0.081372,   1.658057, 1.662085, 0.004028,   1.641138, 0.037866,
115.492136, 1.654028, 1.585547, -0.068481,   1.658057, 1.654028, -0.004028,   1.640332, 0.037866,
115.516687, 1.654834, 1.567822, -0.087012,   1.658862, 1.647583, -0.011279,   1.637915, 0.037866,
115.541255, 1.657251, 1.591187, -0.066064,   1.654834, 1.633887, -0.020947,   1.641138, 0.037866,
115.565906, 1.658862, 1.558960, -0.099902,   1.656445, 1.645972, -0.010474,   1.640332, 0.039478,
115.590579, 1.656445, 1.587964, -0.068481,   1.658862, 1.672559, 0.013696,   1.643555, 0.040283,
115.615016, 1.647583, 1.566211, -0.081372,   1.643555, 1.619385, -0.024170,   1.633081, 0.027393,
115.639583, 1.643555, 1.552515, -0.091040,   1.643555, 1.652417, 0.008862,   1.633081, 0.025781,
115.664025, 1.647583, 1.591187, -0.056396,   1.647583, 1.674976, 0.027393,   1.631470, 0.025781,
115.688468, 1.650806, 1.578296, -0.072510,   1.647583, 1.647583, 0.000000,   1.627441, 0.028198,
115.712832, 1.649194, 1.578296, -0.070899,   1.648389, 1.657251, 0.008862,   1.635498, 0.028198,
115.737256, 1.647583, 1.571045, -0.076538,   1.645972, 1.648389, 0.002417,   1.629858, 0.023364,
115.761594, 1.652417, 1.603271, -0.049145,   1.648389, 1.662891, 0.014502,   1.633081, 0.025781,
115.786026, 1.649194, 1.582324, -0.066870,   1.650806, 1.650806, 0.000000,   1.636304, 0.026587,
115.810425, 1.647583, 1.577490, -0.070093,   1.649194, 1.643555, -0.005640,   1.636304, 0.027393,
115.834900, 1.650000, 1.587964, -0.062036,   1.653223, 1.645166, -0.008057,   1.632275, 0.025781,
115.859472, 1.650806, 1.567822, -0.082983,   1.648389, 1.662085, 0.013696,   1.633887, 0.024976,
115.884026, 1.654834, 1.579102, -0.075732,   1.656445, 1.662085, 0.005640,   1.631470, 0.028198,
115.908362, 1.647583, 1.594409, -0.053174,   1.653223, 1.649194, -0.004028,   1.629053, 0.022559,
115.932898, 1.665308, 1.589575, -0.075732,   1.658862, 1.657251, -0.001611,   1.637109, 0.036255,
115.957488, 1.664502, 1.577490, -0.087012,   1.661279, 1.654028, -0.007251,   1.639526, 0.039478,
115.982255, 1.662085, 1.603271, -0.058813,   1.660474, 1.645166, -0.015308,   1.640332, 0.035449,
116.006792, 1.662085, 1.579907, -0.082178,   1.661279, 1.657251, -0.004028,   1.641138, 0.035449,
116.031364, 1.657251, 1.581519, -0.075732,   1.658862, 1.644360, -0.014502,   1.641138, 0.037866,
116.055906, 1.658862, 1.582324, -0.076538,   1.656445, 1.649194, -0.007251,   1.640332, 0.039478,
116.080686, 1.656445, 1.581519, -0.074927,   1.658862, 1.656445, -0.002417,   1.640332, 0.037866,
116.105240, 1.660474, 1.585547, -0.074927,   1.658862, 1.656445, -0.002417,   1.637915, 0.039478,
116.129797, 1.658862, 1.542847, -0.116016,   1.662085, 1.660474, -0.001611,   1.645166, 0.040283,
116.154379, 1.657251, 1.587964, -0.069287,   1.661279, 1.632275, -0.029004,   1.640332, 0.033838,
116.179139, 1.657251, 1.631470, -0.025781,   1.656445, 1.650806, -0.005640,   1.635498, 0.040283,
116.203693, 1.658057, 1.587964, -0.070093,   1.654834, 1.658057, 0.003223,   1.641138, 0.039478,
116.228026, 1.657251, 1.591992, -0.065259,   1.658057, 1.650000, -0.008057,   1.640332, 0.037866,
116.252584, 1.644360, 1.560571, -0.083789,   1.641138, 1.661279, 0.020142,   1.633081, 0.028198,
116.277103, 1.647583, 1.575879, -0.071704,   1.645166, 1.641943, -0.003223,   1.631470, 0.026587,
116.301685, 1.647583, 1.583130, -0.064453,   1.648389, 1.640332, -0.008057,   1.641943, 0.031421,
116.326364, 1.649194, 1.581519, -0.067676,   1.647583, 1.649194, 0.001611,   1.632275, 0.028198,
116.350703, 1.647583, 1.579907, -0.067676,   1.648389, 1.640332, -0.008057,   1.636304, 0.024976,
116.375364, 1.649194, 1.603271, -0.045923,   1.648389, 1.654834, 0.006445,   1.632275, 0.028198,
116.399896, 1.647583, 1.595215, -0.052368,   1.647583, 1.637915, -0.009668,   1.636304, 0.025781,
116.424577, 1.650806, 1.577490, -0.073315,   1.648389, 1.648389, 0.000000,   1.632275, 0.028198,
116.448899, 1.647583, 1.579907, -0.067676,   1.649194, 1.633081, -0.016113,   1.637915, 0.024976,
116.473575, 1.650000, 1.548486, -0.101514,   1.647583, 1.633081, -0.014502,   1.631470, 0.026587,
116.498250, 1.650000, 1.589575, -0.060425,   1.650806, 1.641943, -0.008862,   1.633887, 0.024976,
116.522905, 1.649194, 1.537207, -0.111987,   1.650000, 1.650000, 0.000000,   1.633081, 0.027393,
116.547256, 1.648389, 1.581519, -0.066870,   1.650806, 1.652417, 0.001611,   1.633887, 0.026587,
116.571684, 1.662085, 1.596020, -0.066064,   1.658057, 1.624219, -0.033838,   1.637915, 0.036255,
116.596372, 1.657251, 1.583935, -0.073316,   1.661279, 1.662891, 0.001611,   1.641138, 0.039478,
116.620683, 1.664502, 1.633081, -0.031421,   1.658057, 1.654834, -0.003223,   1.640332, 0.037866,
116.645251, 1.660474, 1.603271, -0.057202,   1.660474, 1.670142, 0.009668,   1.639526, 0.039478,
116.669582, 1.657251, 1.593603, -0.063648,   1.661279, 1.678198, 0.016919,   1.641138, 0.039478,
116.693901, 1.657251, 1.575879, -0.081372,   1.654834, 1.658862, 0.004028,   1.636304, 0.036255,
116.718257, 1.662085, 1.593603, -0.068481,   1.662085, 1.637915, -0.024170,   1.645972, 0.042700,
116.742822, 1.657251, 1.575073, -0.082178,   1.658057, 1.649194, -0.008862,   1.643555, 0.040283,
116.767475, 1.653223, 1.587964, -0.065259,   1.660474, 1.639526, -0.020947,   1.644360, 0.037866,
116.792142, 1.657251, 1.574268, -0.082983,   1.660474, 1.649194, -0.011279,   1.641943, 0.038672,
116.816807, 1.660474, 1.581519, -0.078955,   1.658862, 1.647583, -0.011279,   1.641138, 0.038672,
116.841365, 1.654028, 1.567822, -0.086206,   1.658057, 1.648389, -0.009668,   1.636304, 0.036255,
116.866030, 1.654834, 1.625024, -0.029809,   1.652417, 1.619385, -0.033032,   1.637915, 0.039478,
116.890698, 1.645972, 1.583935, -0.062036,   1.645972, 1.647583, 0.001611,   1.640332, 0.026587,
116.915062, 1.647583, 1.620190, -0.027393,   1.645972, 1.618579, -0.027393,   1.633887, 0.026587,
116.939610, 1.647583, 1.600049, -0.047534,   1.645972, 1.637109, -0.008862,   1.636304, 0.025781,
116.964247, 1.643555, 1.571045, -0.072510,   1.648389, 1.640332, -0.008057,   1.632275, 0.023364,
116.988906, 1.650000, 1.587964, -0.062036,   1.650000, 1.645166, -0.004834,   1.636304, 0.028198,
117.013580, 1.650000, 1.573462, -0.076538,   1.647583, 1.648389, 0.000806,   1.629858, 0.027393,
117.037904, 1.644360, 1.546875, -0.097485,   1.649194, 1.650806, 0.001611,   1.640332, 0.026587,
117.062326, 1.650806, 1.544458, -0.106348,   1.648389, 1.654834, 0.006445,   1.636304, 0.026587,
117.086810, 1.649194, 1.581519, -0.067676,   1.648389, 1.643555, -0.004834,   1.633081, 0.027393,
117.111428, 1.650000, 1.575073, -0.074927,   1.647583, 1.658862, 0.011279,   1.639526, 0.027393,
117.135712, 1.653223, 1.600049, -0.053174,   1.654834, 1.640332, -0.014502,   1.633081, 0.028198,
117.160247, 1.653223, 1.591187, -0.062036,   1.650806, 1.656445, 0.005640,   1.633887, 0.027393,
117.184700, 1.650806, 1.585547, -0.065259,   1.650000, 1.639526, -0.010474,   1.636304, 0.027393,
117.209293, 1.662085, 1.581519, -0.080566,   1.658862, 1.652417, -0.006445,   1.640332, 0.040283,
117.233804, 1.662891, 1.579102, -0.083789,   1.662085, 1.639526, -0.022559,   1.637109, 0.037866,
117.258368, 1.664502, 1.579102, -0.085400,   1.660474, 1.627441, -0.033032,   1.633887, 0.038672,
117.283154, 1.658862, 1.570239, -0.088623,   1.657251, 1.648389, -0.008862,   1.641138, 0.037866,
117.307687, 1.658862, 1.579102, -0.079761,   1.661279, 1.652417, -0.008862,   1.641943, 0.038672,
117.331483, 1.657251, 1.583935, -0.073316,   1.661279, 1.670947, 0.009668,   1.641943, 0.038672,
117.355807, 1.660474, 1.590381, -0.070093,   1.661279, 1.649194, -0.012085,   1.641138, 0.041895,
117.380662, 1.660474, 1.587158, -0.073315,   1.662085, 1.633081, -0.029004,   1.639526, 0.043506,
117.405264, 1.661279, 1.581519, -0.079761,   1.656445, 1.654834, -0.001611,   1.640332, 0.039478,
117.429909, 1.654028, 1.611328, -0.042700,   1.657251, 1.658862, 0.001611,   1.640332, 0.041895,
117.454257, 1.661279, 1.606494, -0.054785,   1.658862, 1.620996, -0.037866,   1.643555, 0.036255,
117.479035, 1.660474, 1.578296, -0.082178,   1.654834, 1.654834, 0.000000,   1.636304, 0.038672,
117.503369, 1.650806, 1.599243, -0.051562,   1.658862, 1.649194, -0.009668,   1.635498, 0.037866,
117.527920, 1.658862, 1.591992, -0.066870,   1.654834, 1.647583, -0.007251,   1.641138, 0.037866,
117.552476, 1.650000, 1.553320, -0.096680,   1.652417, 1.645166, -0.007251,   1.637109, 0.027393,
117.577231, 1.648389, 1.558960, -0.089429,   1.641943, 1.650000, 0.008057,   1.636304, 0.024976,
117.601592, 1.645972, 1.574268, -0.071704,   1.647583, 1.631470, -0.016113,   1.633887, 0.026587,
117.626134, 1.650000, 1.574268, -0.075732,   1.647583, 1.649194, 0.001611,   1.629858, 0.026587,
117.650469, 1.648389, 1.552515, -0.095874,   1.650806, 1.649194, -0.001611,   1.633887, 0.026587,
117.675131, 1.649194, 1.581519, -0.067676,   1.650000, 1.643555, -0.006445,   1.631470, 0.027393,
117.699698, 1.650000, 1.569434, -0.080566,   1.652417, 1.641943, -0.010474,   1.633081, 0.024976,
117.724368, 1.648389, 1.562988, -0.085400,   1.649194, 1.650000, 0.000806,   1.636304, 0.028198,
117.748689, 1.650000, 1.565405, -0.084595,   1.650000, 1.639526, -0.010474,   1.635498, 0.027393,
117.773373, 1.647583, 1.574268, -0.073316,   1.647583, 1.645972, -0.001611,   1.633081, 0.024976,
117.798118, 1.647583, 1.582324, -0.065259,   1.647583, 1.632275, -0.015308,   1.637915, 0.027393,
117.822804, 1.649194, 1.583130, -0.066064,   1.649194, 1.643555, -0.005640,   1.631470, 0.028198,
117.847361, 1.665308, 1.596826, -0.068481,   1.661279, 1.658057, -0.003223,   1.641138, 0.038672,
117.872041, 1.662085, 1.596826, -0.065259,   1.664502, 1.650000, -0.014502,   1.643555, 0.037866,
117.896674, 1.657251, 1.595215, -0.062036,   1.661279, 1.665308, 0.004028,   1.637109, 0.039478,
117.920922, 1.658862, 1.596020, -0.062842,   1.661279, 1.658057, -0.003223,   1.637109, 0.038672,
117.945371, 1.661279, 1.585547, -0.075732,   1.662085, 1.661279, -0.000806,   1.637109, 0.040283,
117.969913, 1.662085, 1.593603, -0.068481,   1.660474, 1.649194, -0.011279,   1.635498, 0.037866,
117.994528, 1.654834, 1.573462, -0.081372,   1.662085, 1.658862, -0.003223,   1.639526, 0.037866,
118.019036, 1.658862, 1.574268, -0.084595,   1.660474, 1.652417, -0.008057,   1.640332, 0.037866,
118.043474, 1.658862, 1.587964, -0.070898,   1.660474, 1.662085, 0.001611,   1.640332, 0.039478,
118.067908, 1.657251, 1.594409, -0.062842,   1.658862, 1.673364, 0.014502,   1.639526, 0.039478,
118.092375, 1.658862, 1.603271, -0.055591,   1.657251, 1.650000, -0.007251,   1.640332, 0.037866,
118.116957, 1.657251, 1.577490, -0.079761,   1.654834, 1.649194, -0.005640,   1.640332, 0.039478,
118.141469, 1.654834, 1.586352, -0.068481,   1.657251, 1.648389, -0.008862,   1.640332, 0.037866,
118.166153, 1.645972, 1.583935, -0.062036,   1.647583, 1.662085, 0.014502,   1.633887, 0.028198,
118.190597, 1.645972, 1.590381, -0.055591,   1.641943, 1.637109, -0.004834,   1.632275, 0.028198,
118.215164, 1.647583, 1.575073, -0.072510,   1.645972, 1.633081, -0.012891,   1.637915, 0.026587,
118.239703, 1.647583, 1.581519, -0.066064,   1.648389, 1.647583, -0.000806,   1.637915, 0.024976,
118.264369, 1.645972, 1.603271, -0.042700,   1.649194, 1.670947, 0.021753,   1.633887, 0.025781,
118.288814, 1.647583, 1.585547, -0.062036,   1.645972, 1.672559, 0.026587,   1.633081, 0.025781,
118.313243, 1.650000, 1.599243, -0.050757,   1.647583, 1.637109, -0.010474,   1.633887, 0.029810,
118.337808, 1.647583, 1.575879, -0.071704,   1.647583, 1.635498, -0.012085,   1.635498, 0.023364,
118.362450, 1.649194, 1.586352, -0.062842,   1.653223, 1.640332, -0.012891,   1.633081, 0.025781,
118.387261, 1.652417, 1.581519, -0.070898,   1.648389, 1.637915, -0.010474,   1.632275, 0.028198,
118.411831, 1.648389, 1.573462, -0.074927,   1.648389, 1.650806, 0.002417,   1.635498, 0.025781,
118.436158, 1.652417, 1.581519, -0.070898,   1.653223, 1.645972, -0.007251,   1.633887, 0.027393,
118.460694, 1.654834, 1.575073, -0.079761,   1.648389, 1.633081, -0.015308,   1.633081, 0.028198,
118.485481, 1.668530, 1.594409, -0.074121,   1.665308, 1.665308, 0.000000,   1.640332, 0.037866,
118.509845, 1.665308, 1.583130, -0.082178,   1.661279, 1.641943, -0.019336,   1.641138, 0.040283,
118.534375, 1.664502, 1.574268, -0.090234,   1.662891, 1.640332, -0.022559,   1.640332, 0.039478,
118.558911, 1.661279, 1.582324, -0.078955,   1.658862, 1.636304, -0.022559,   1.639526, 0.041895,
118.583703, 1.658057, 1.600049, -0.058008,   1.657251, 1.645166, -0.012085,   1.641138, 0.040283,
118.607815, 1.658862, 1.581519, -0.077344,   1.658862, 1.666919, 0.008057,   1.640332, 0.038672,
118.632156, 1.658862, 1.579907, -0.078955,   1.664502, 1.643555, -0.020947,   1.640332, 0.037866,
118.656692, 1.660474, 1.562183, -0.098291,   1.657251, 1.643555, -0.013696,   1.639526, 0.038672,
118.681479, 1.654834, 1.600049, -0.054785,   1.660474, 1.666919, 0.006445,   1.641943, 0.037866,
118.705825, 1.660474, 1.587964, -0.072510,   1.658862, 1.621802, -0.037060,   1.639526, 0.038672,
118.730477, 1.658057, 1.577490, -0.080566,   1.662085, 1.656445, -0.005640,   1.640332, 0.037866,
118.755045, 1.660474, 1.583130, -0.077344,   1.654834, 1.654834, 0.000000,   1.644360, 0.042700,
118.779591, 1.658862, 1.629053, -0.029809,   1.654834, 1.654028, -0.000806,   1.640332, 0.037866,
118.804158, 1.645972, 1.582324, -0.063648,   1.645972, 1.633887, -0.012085,   1.629053, 0.025781,
118.828809, 1.647583, 1.573462, -0.074121,   1.647583, 1.650000, 0.002417,   1.629858, 0.026587,
118.853146, 1.648389, 1.562183, -0.086206,   1.645166, 1.641943, -0.003223,   1.636304, 0.028198,
118.877911, 1.647583, 1.590381, -0.057202,   1.647583, 1.654834, 0.007251,   1.629858, 0.028198,
118.902262, 1.650806, 1.582324, -0.068481,   1.653223, 1.641138, -0.012085,   1.637109, 0.028198,
118.926914, 1.647583, 1.574268, -0.073316,   1.647583, 1.645166, -0.002417,   1.636304, 0.022559,
118.951491, 1.650000, 1.569434, -0.080566,   1.647583, 1.641138, -0.006445,   1.637109, 0.028198,
118.976157, 1.645972, 1.593603, -0.052368,   1.649194, 1.662085, 0.012891,   1.636304, 0.028198,
119.000470, 1.649194, 1.611328, -0.037866,   1.650000, 1.648389, -0.001611,   1.635498, 0.028198,
119.025138, 1.648389, 1.600049, -0.048340,   1.648389, 1.660474, 0.012085,   1.635498, 0.026587,
119.049488, 1.648389, 1.577490, -0.070898,   1.649194, 1.657251, 0.008057,   1.633081, 0.024976,
119.073926, 1.648389, 1.587964, -0.060425,   1.648389, 1.621802, -0.026587,   1.632275, 0.028198,
119.098592, 1.650806, 1.589575, -0.061230,   1.650000, 1.644360, -0.005640,   1.633887, 0.022559,
119.123160, 1.664502, 1.587964, -0.076538,   1.658862, 1.645166, -0.013696,   1.637915, 0.037866,
119.147701, 1.662085, 1.596020, -0.066064,   1.662891, 1.645972, -0.016919,   1.643555, 0.036255,
119.172377, 1.658862, 1.608911, -0.049951,   1.662085, 1.648389, -0.013696,   1.637915, 0.037866,
119.197050, 1.660474, 1.583935, -0.076538,   1.654834, 1.628247, -0.026587,   1.640332, 0.040283,
119.221697, 1.661279, 1.574268, -0.087012,   1.658057, 1.653223, -0.004834,   1.637915, 0.037866,
119.246234, 1.658057, 1.571045, -0.087012,   1.656445, 1.647583, -0.008862,   1.640332, 0.039478,
119.270816, 1.658862, 1.586352, -0.072510,   1.657251, 1.662085, 0.004834,   1.637915, 0.039478,
119.295155, 1.657251, 1.569434, -0.087817,   1.657251, 1.650806, -0.006445,   1.637109, 0.039478,
119.319593, 1.662891, 1.560571, -0.102319,   1.657251, 1.647583, -0.009668,   1.640332, 0.039478,
119.341478, 1.657251, 1.591187, -0.066064,   1.653223, 1.654028, 0.000806,   1.643555, 0.036255,
119.365931, 1.662085, 1.600049, -0.062036,   1.654028, 1.652417, -0.001611,   1.641943, 0.037866,
119.388379, 1.654834, 1.600049, -0.054785,   1.658057, 1.661279, 0.003223,   1.633081, 0.039478,
119.412710, 1.658862, 1.571851, -0.087012,   1.654028, 1.656445, 0.002417,   1.640332, 0.035449,
119.437036, 1.654028, 1.600855, -0.053174,   1.656445, 1.654834, -0.001611,   1.631470, 0.031421,
119.461596, 1.643555, 1.571045, -0.072510,   1.645166, 1.647583, 0.002417,   1.637915, 0.026587,
119.486045, 1.640332, 1.577490, -0.062842,   1.641943, 1.650806, 0.008862,   1.637109, 0.026587,
119.510407, 1.647583, 1.574268, -0.073316,   1.647583, 1.649194, 0.001611,   1.633081, 0.026587,
119.534699, 1.647583, 1.556543, -0.091040,   1.643555, 1.645166, 0.001611,   1.633081, 0.028198,
119.559044, 1.647583, 1.578296, -0.069287,   1.645972, 1.656445, 0.010474,   1.636304, 0.028198,
119.583603, 1.647583, 1.579102, -0.068481,   1.645972, 1.640332, -0.005640,   1.631470, 0.026587,
119.608157, 1.645972, 1.594409, -0.051563,   1.643555, 1.648389, 0.004834,   1.632275, 0.028198,
119.632481, 1.654834, 1.595215, -0.059619,   1.654834, 1.633081, -0.021753,   1.637915, 0.028198,
119.657036, 1.649194, 1.583935, -0.065259,   1.650000, 1.648389, -0.001611,   1.637109, 0.026587,
119.681822, 1.647583, 1.581519, -0.066064,   1.650000, 1.641138, -0.008862,   1.636304, 0.027393,
119.706380, 1.648389, 1.600049, -0.048340,   1.650806, 1.620190, -0.030615,   1.635498, 0.023364,
119.730925, 1.650806, 1.579102, -0.071704,   1.653223, 1.644360, -0.008862,   1.633887, 0.025781,
119.755482, 1.652417, 1.581519, -0.070898,   1.650000, 1.647583, -0.002417,   1.633081, 0.032227,
119.780283, 1.665308, 1.593603, -0.071704,   1.664502, 1.649194, -0.015308,   1.641138, 0.037866,
119.804913, 1.661279, 1.575879, -0.085400,   1.657251, 1.650806, -0.006445,   1.639526, 0.037866,
119.829483, 1.656445, 1.594409, -0.062036,   1.660474, 1.657251, -0.003223,   1.636304, 0.039478,
119.854049, 1.664502, 1.600049, -0.064453,   1.662085, 1.665308, 0.003223,   1.639526, 0.038672,
119.878603, 1.662085, 1.589575, -0.072510,   1.662085, 1.650000, -0.012085,   1.641943, 0.033838,
119.903231, 1.658862, 1.596826, -0.062036,   1.662085, 1.658057, -0.004028,   1.641138, 0.038672,
119.928184, 1.654834, 1.600855, -0.053979,   1.654834, 1.658057, 0.003223,   1.641943, 0.039478,
119.952693, 1.658057, 1.582324, -0.075732,   1.658057, 1.650000, -0.008057,   1.637109, 0.040283,
119.977656, 1.654834, 1.583130, -0.071704,   1.654028, 1.654028, 0.000000,   1.637109, 0.041895,
120.002165, 1.657251, 1.591992, -0.065259,   1.658862, 1.664502, 0.005640,   1.636304, 0.037866,
120.026648, 1.654834, 1.561377, -0.093457,   1.660474, 1.654028, -0.006445,   1.637109, 0.037866,
120.051386, 1.657251, 1.573462, -0.083789,   1.657251, 1.647583, -0.009668,   1.643555, 0.038672,
120.076187, 1.658862, 1.596826, -0.062036,   1.658862, 1.662891, 0.004028,   1.640332, 0.034644,
120.100793, 1.647583, 1.587964, -0.059619,   1.645166, 1.639526, -0.005640,   1.639526, 0.024976,
120.125621, 1.645972, 1.591187, -0.054785,   1.647583, 1.652417, 0.004834,   1.633081, 0.027393,
120.150086, 1.650000, 1.591992, -0.058008,   1.650000, 1.652417, 0.002417,   1.639526, 0.031421,
120.175187, 1.649194, 1.579102, -0.070093,   1.645972, 1.639526, -0.006445,   1.631470, 0.024976,
120.200078, 1.647583, 1.575879, -0.071704,   1.649194, 1.641138, -0.008057,   1.635498, 0.026587,
120.224830, 1.647583, 1.587964, -0.059619,   1.649194, 1.621802, -0.027393,   1.631470, 0.028198,
120.249602, 1.647583, 1.577490, -0.070093,   1.652417, 1.640332, -0.012085,   1.636304, 0.028198,
120.274381, 1.647583, 1.583130, -0.064453,   1.647583, 1.632275, -0.015308,   1.632275, 0.028198,
120.299398, 1.650000, 1.581519, -0.068481,   1.648389, 1.640332, -0.008057,   1.633887, 0.025781,
120.324179, 1.647583, 1.550903, -0.096680,   1.650000, 1.647583, -0.002417,   1.636304, 0.026587,
120.348993, 1.654028, 1.571045, -0.082983,   1.650000, 1.649194, -0.000806,   1.636304, 0.028198,
120.373843, 1.650000, 1.596020, -0.053980,   1.650000, 1.645972, -0.004028,   1.632275, 0.024976,
120.398733, 1.660474, 1.586352, -0.074121,   1.660474, 1.650000, -0.010474,   1.640332, 0.040283,
120.423507, 1.662085, 1.586352, -0.075732,   1.662085, 1.654834, -0.007251,   1.643555, 0.038672,
120.448225, 1.662085, 1.577490, -0.084595,   1.658057, 1.652417, -0.005640,   1.644360, 0.037866,
120.473098, 1.661279, 1.591992, -0.069287,   1.662085, 1.619385, -0.042700,   1.643555, 0.039478,
120.498032, 1.662085, 1.591992, -0.070093,   1.662085, 1.657251, -0.004834,   1.641138, 0.039478,
120.522872, 1.660474, 1.582324, -0.078149,   1.657251, 1.650000, -0.007251,   1.643555, 0.041895,
120.547707, 1.658862, 1.593603, -0.065259,   1.660474, 1.648389, -0.012085,   1.641943, 0.037866,
120.572503, 1.661279, 1.581519, -0.079761,   1.660474, 1.652417, -0.008057,   1.636304, 0.038672,
120.597419, 1.658862, 1.573462, -0.085400,   1.661279, 1.650806, -0.010474,   1.637915, 0.037866,
120.622189, 1.658862, 1.604883, -0.053979,   1.654834, 1.656445, 0.001611,   1.637109, 0.040283,
120.646616, 1.658057, 1.598437, -0.059619,   1.658862, 1.650000, -0.008862,   1.640332, 0.037866,
120.671410, 1.660474, 1.583935, -0.076538,   1.657251, 1.654028, -0.003223,   1.640332, 0.042700,
120.696172, 1.660474, 1.589575, -0.070898,   1.658057, 1.658862, 0.000806,   1.640332, 0.036255,
120.720621, 1.643555, 1.581519, -0.062036,   1.641943, 1.645972, 0.004028,   1.633887, 0.025781,
120.745191, 1.645166, 1.586352, -0.058814,   1.649194, 1.677393, 0.028198,   1.633081, 0.028198,
120.769771, 1.649194, 1.627441, -0.021753,   1.645166, 1.649194, 0.004028,   1.633887, 0.028198,
120.794192, 1.648389, 1.579907, -0.068481,   1.647583, 1.658057, 0.010474,   1.633081, 0.024976,
120.818717, 1.648389, 1.590381, -0.058008,   1.644360, 1.625024, -0.019336,   1.631470, 0.026587,
120.843503, 1.648389, 1.587964, -0.060425,   1.650000, 1.654834, 0.004834,   1.633887, 0.027393,
120.868055, 1.650806, 1.562988, -0.087817,   1.645972, 1.625024, -0.020947,   1.633081, 0.026587,
120.892998, 1.650806, 1.575879, -0.074927,   1.653223, 1.668530, 0.015308,   1.628247, 0.026587,
120.917525, 1.650000, 1.618579, -0.031421,   1.649194, 1.658862, 0.009668,   1.633887, 0.029810,
120.942064, 1.645972, 1.591187, -0.054785,   1.648389, 1.625024, -0.023364,   1.628247, 0.026587,
120.966945, 1.650000, 1.565405, -0.084595,   1.650000, 1.639526, -0.010474,   1.633887, 0.028198,
120.991724, 1.648389, 1.589575, -0.058813,   1.650000, 1.654834, 0.004834,   1.633081, 0.027393,
121.016321, 1.650806, 1.586352, -0.064453,   1.647583, 1.644360, -0.003223,   1.636304, 0.028198,
121.041100, 1.662891, 1.596826, -0.066064,   1.662891, 1.666919, 0.004028,   1.641943, 0.037866,
121.065785, 1.658862, 1.595215, -0.063647,   1.664502, 1.647583, -0.016919,   1.641138, 0.040283,
121.090687, 1.664502, 1.611328, -0.053174,   1.658862, 1.650806, -0.008057,   1.637915, 0.039478,
121.115467, 1.662891, 1.583130, -0.079761,   1.654028, 1.647583, -0.006445,   1.645972, 0.040283,
121.140254, 1.658057, 1.583130, -0.074927,   1.661279, 1.650000, -0.011279,   1.643555, 0.039478,
121.165082, 1.656445, 1.596020, -0.060425,   1.662085, 1.658057, -0.004028,   1.640332, 0.039478,
121.189837, 1.664502, 1.591187, -0.073315,   1.658862, 1.643555, -0.015308,   1.637109, 0.042700,
121.214710, 1.661279, 1.591187, -0.070093,   1.658862, 1.653223, -0.005640,   1.637915, 0.039478,
121.239420, 1.656445, 1.582324, -0.074121,   1.660474, 1.650806, -0.009668,   1.640332, 0.040283,
121.264285, 1.661279, 1.589575, -0.071704,   1.656445, 1.649194, -0.007251,   1.641138, 0.039478,
121.289087, 1.657251, 1.586352, -0.070899,   1.658057, 1.665308, 0.007251,   1.641138, 0.040283,
121.313629, 1.658862, 1.600049, -0.058813,   1.657251, 1.657251, 0.000000,   1.637109, 0.039478,
121.338189, 1.660474, 1.586352, -0.074121,   1.654834, 1.650000, -0.004834,   1.639526, 0.036255,
121.363077, 1.658057, 1.590381, -0.067676,   1.654028, 1.654028, 0.000000,   1.636304, 0.039478,
121.387733, 1.647583, 1.570239, -0.077344,   1.647583, 1.657251, 0.009668,   1.637109, 0.024976,
121.412420, 1.647583, 1.611328, -0.036255,   1.647583, 1.664502, 0.016919,   1.633887, 0.020947,
121.436945, 1.649194, 1.552515, -0.096680,   1.648389, 1.648389, 0.000000,   1.633081, 0.024976,
121.461546, 1.649194, 1.577490, -0.071704,   1.645166, 1.654834, 0.009668,   1.633081, 0.025781,
121.486201, 1.645166, 1.587964, -0.057202,   1.649194, 1.621802, -0.027393,   1.633887, 0.027393,
121.510909, 1.653223, 1.596826, -0.056396,   1.649194, 1.654834, 0.005640,   1.637109, 0.021753,
121.535413, 1.647583, 1.607300, -0.040283,   1.649194, 1.654028, 0.004834,   1.631470, 0.027393,
121.559881, 1.647583, 1.628247, -0.019336,   1.647583, 1.647583, 0.000000,   1.633081, 0.028198,
121.584475, 1.652417, 1.604077, -0.048340,   1.650000, 1.637915, -0.012085,   1.637109, 0.027393,
121.609364, 1.647583, 1.578296, -0.069287,   1.649194, 1.658057, 0.008862,   1.633081, 0.026587,
121.633841, 1.650806, 1.574268, -0.076538,   1.648389, 1.649194, 0.000806,   1.632275, 0.024976,
121.658420, 1.648389, 1.587964, -0.060425,   1.649194, 1.645166, -0.004028,   1.631470, 0.028198,
121.683427, 1.662891, 1.607300, -0.055591,   1.664502, 1.645166, -0.019336,   1.640332, 0.039478,
121.708117, 1.665308, 1.586352, -0.078955,   1.664502, 1.656445, -0.008057,   1.640332, 0.042700,
121.732836, 1.654028, 1.585547, -0.068481,   1.660474, 1.654834, -0.005640,   1.639526, 0.035449,
121.757591, 1.662085, 1.598437, -0.063648,   1.657251, 1.657251, 0.000000,   1.640332, 0.038672,
121.782230, 1.662085, 1.574268, -0.087817,   1.661279, 1.645972, -0.015308,   1.641943, 0.040283,
121.807180, 1.661279, 1.574268, -0.087012,   1.658057, 1.652417, -0.005640,   1.637915, 0.036255,
121.831848, 1.657251, 1.577490, -0.079761,   1.658057, 1.653223, -0.004834,   1.641943, 0.039478,
121.856583, 1.662085, 1.587158, -0.074927,   1.661279, 1.654028, -0.007251,   1.640332, 0.037866,
121.881609, 1.654028, 1.590381, -0.063648,   1.658057, 1.652417, -0.005640,   1.639526, 0.038672,
121.906302, 1.660474, 1.587964, -0.072510,   1.658862, 1.650806, -0.008057,   1.641943, 0.039478,
121.931074, 1.658862, 1.579907, -0.078955,   1.657251, 1.644360, -0.012891,   1.649194, 0.040283,
121.955740, 1.654834, 1.598437, -0.056396,   1.654834, 1.648389, -0.006445,   1.636304, 0.037866,
121.980547, 1.654834, 1.558960, -0.095874,   1.658057, 1.640332, -0.017725,   1.643555, 0.037866,
122.005300, 1.647583, 1.581519, -0.066064,   1.645166, 1.650000, 0.004834,   1.633887, 0.028198,
122.029741, 1.645166, 1.548486, -0.096680,   1.644360, 1.645166, 0.000806,   1.635498, 0.024976,
122.054229, 1.648389, 1.564600, -0.083789,   1.645166, 1.640332, -0.004834,   1.633081, 0.025781,
122.079224, 1.650806, 1.583935, -0.066870,   1.645166, 1.652417, 0.007251,   1.636304, 0.024976,
122.103799, 1.647583, 1.573462, -0.074121,   1.648389, 1.652417, 0.004028,   1.632275, 0.027393,
122.128465, 1.653223, 1.590381, -0.062842,   1.650806, 1.654834, 0.004028,   1.632275, 0.027393,
122.152948, 1.645166, 1.582324, -0.062842,   1.647583, 1.628247, -0.019336,   1.632275, 0.024976,
122.177865, 1.648389, 1.571851, -0.076538,   1.649194, 1.668530, 0.019336,   1.631470, 0.025781,
122.202493, 1.649194, 1.596020, -0.053174,   1.645166, 1.615356, -0.029810,   1.633887, 0.027393,
122.227311, 1.649194, 1.587964, -0.061231,   1.650806, 1.670142, 0.019336,   1.633081, 0.029810,
122.251961, 1.647583, 1.574268, -0.073316,   1.649194, 1.643555, -0.005640,   1.637915, 0.028198,
122.276735, 1.648389, 1.607300, -0.041089,   1.649194, 1.650000, 0.000806,   1.633887, 0.026587,
122.301366, 1.650000, 1.585547, -0.064453,   1.649194, 1.645166, -0.004028,   1.633887, 0.026587,
122.326175, 1.662891, 1.615356, -0.047534,   1.662891, 1.658862, -0.004028,   1.641943, 0.036255,
122.350881, 1.658862, 1.593603, -0.065259,   1.658057, 1.647583, -0.010474,   1.640332, 0.038672,
122.375723, 1.661279, 1.599243, -0.062036,   1.662085, 1.653223, -0.008862,   1.640332, 0.037866,
122.400625, 1.664502, 1.600855, -0.063647,   1.658057, 1.635498, -0.022559,   1.640332, 0.037866,
122.425365, 1.658057, 1.596020, -0.062036,   1.662085, 1.658862, -0.003223,   1.640332, 0.037866,
122.450199, 1.654834, 1.574268, -0.080566,   1.658057, 1.647583, -0.010474,   1.644360, 0.037866,
122.475051, 1.662085, 1.583130, -0.078955,   1.658057, 1.633887, -0.024170,   1.637915, 0.038672,
122.499841, 1.661279, 1.595215, -0.066064,   1.658057, 1.633081, -0.024976,   1.640332, 0.037866,
122.524721, 1.660474, 1.587158, -0.073315,   1.658057, 1.650000, -0.008057,   1.637109, 0.037866,
122.549363, 1.656445, 1.587158, -0.069287,   1.654028, 1.641943, -0.012085,   1.643555, 0.039478,
122.574250, 1.657251, 1.575073, -0.082178,   1.658057, 1.661279, 0.003223,   1.644360, 0.036255,
122.598850, 1.660474, 1.589575, -0.070898,   1.653223, 1.653223, 0.000000,   1.641138, 0.037866,
122.623358, 1.654834, 1.578296, -0.076538,   1.654834, 1.648389, -0.006445,   1.645166, 0.040283,
122.648208, 1.649194, 1.589575, -0.059619,   1.649194, 1.645166, -0.004028,   1.633081, 0.034644,
122.672937, 1.645972, 1.587964, -0.058008,   1.648389, 1.641943, -0.006445,   1.629858, 0.023364,
122.697771, 1.645972, 1.574268, -0.071704,   1.644360, 1.635498, -0.008862,   1.636304, 0.027393,
122.722723, 1.647583, 1.567017, -0.080566,   1.648389, 1.645166, -0.003223,   1.631470, 0.026587,
122.747434, 1.645972, 1.590381, -0.055591,   1.645972, 1.629858, -0.016113,   1.636304, 0.027393,
122.772311, 1.647583, 1.587964, -0.059619,   1.649194, 1.645166, -0.004028,   1.632275, 0.027393,
122.797078, 1.649194, 1.574268, -0.074927,   1.648389, 1.620996, -0.027393,   1.635498, 0.023364,
122.821847, 1.649194, 1.579907, -0.069287,   1.647583, 1.645166, -0.002417,   1.632275, 0.028198,
122.846617, 1.647583, 1.587964, -0.059619,   1.650000, 1.647583, -0.002417,   1.635498, 0.024976,
122.871252, 1.650000, 1.581519, -0.068481,   1.647583, 1.645972, -0.001611,   1.633081, 0.027393,
122.895833, 1.647583, 1.571851, -0.075732,   1.650000, 1.618579, -0.031421,   1.633887, 0.025781,
122.920399, 1.647583, 1.587964, -0.059619,   1.647583, 1.670142, 0.022559,   1.635498, 0.025781,
122.944614, 1.645972, 1.558960, -0.087012,   1.649194, 1.636304, -0.012891,   1.633887, 0.028198,
122.969189, 1.662891, 1.594409, -0.068481,   1.662085, 1.657251, -0.004834,   1.643555, 0.037866,
122.993719, 1.662085, 1.579102, -0.082983,   1.662085, 1.658057, -0.004028,   1.643555, 0.040283,
123.018307, 1.662085, 1.578296, -0.083789,   1.664502, 1.633887, -0.030615,   1.637915, 0.034644,
123.042827, 1.662891, 1.633081, -0.029809,   1.656445, 1.670142, 0.013696,   1.644360, 0.036255,
123.067282, 1.662085, 1.591992, -0.070093,   1.662891, 1.650000, -0.012891,   1.643555, 0.040283,
123.091930, 1.658057, 1.599243, -0.058813,   1.657251, 1.658862, 0.001611,   1.636304, 0.040283,
123.116281, 1.662085, 1.583935, -0.078149,   1.660474, 1.648389, -0.012085,   1.640332, 0.039478,
123.140833, 1.662085, 1.585547, -0.076538,   1.661279, 1.647583, -0.013696,   1.645972, 0.036255,
123.165503, 1.662085, 1.585547, -0.076538,   1.657251, 1.654028, -0.003223,   1.639526, 0.039478,
123.190177, 1.658057, 1.586352, -0.071704,   1.654834, 1.648389, -0.006445,   1.641138, 0.039478,
123.214833, 1.656445, 1.582324, -0.074121,   1.660474, 1.664502, 0.004028,   1.640332, 0.041895,
123.239166, 1.662085, 1.569434, -0.092651,   1.652417, 1.656445, 0.004028,   1.640332, 0.040283,
123.263609, 1.658057, 1.596020, -0.062036,   1.654028, 1.645166, -0.008862,   1.641138, 0.041895,
123.288284, 1.656445, 1.587158, -0.069287,   1.658057, 1.661279, 0.003223,   1.641138, 0.037866,
123.312651, 1.641138, 1.586352, -0.054785,   1.643555, 1.636304, -0.007251,   1.631470, 0.028198,
123.337170, 1.645972, 1.583130, -0.062842,   1.645166, 1.633081, -0.012085,   1.631470, 0.027393,
123.359219, 1.649194, 1.571851, -0.077344,   1.647583, 1.620996, -0.026587,   1.633887, 0.028198,
123.384064, 1.648389, 1.583130, -0.065259,   1.648389, 1.641943, -0.006445,   1.637915, 0.028198,
123.408624, 1.650806, 1.599243, -0.051562,   1.647583, 1.673364, 0.025781,   1.636304, 0.024976,
123.433071, 1.650806, 1.575073, -0.075732,   1.647583, 1.615356, -0.032227,   1.632275, 0.028198,
123.457626, 1.647583, 1.582324, -0.065259,   1.649194, 1.647583, -0.001611,   1.635498, 0.027393,
123.482398, 1.654028, 1.599243, -0.054785,   1.654834, 1.632275, -0.022559,   1.635498, 0.029810,
123.506938, 1.647583, 1.577490, -0.070093,   1.650000, 1.647583, -0.002417,   1.633081, 0.027393,
123.531505, 1.649194, 1.557349, -0.091846,   1.647583, 1.647583, 0.000000,   1.637109, 0.027393,
123.555834, 1.650806, 1.581519, -0.069287,   1.645972, 1.633081, -0.012891,   1.635498, 0.026587,
123.580616, 1.649194, 1.565405, -0.083789,   1.650000, 1.647583, -0.002417,   1.633081, 0.024976,
123.605164, 1.660474, 1.591187, -0.069287,   1.658862, 1.658862, 0.000000,   1.641943, 0.041895,
123.629506, 1.662891, 1.598437, -0.064453,   1.664502, 1.644360, -0.020142,   1.640332, 0.037866,
123.654065, 1.657251, 1.571851, -0.085400,   1.660474, 1.654028, -0.006445,   1.639526, 0.036255,
123.678835, 1.662085, 1.562183, -0.099902,   1.662085, 1.662891, 0.000806,   1.639526, 0.038672,
123.703163, 1.654834, 1.575879, -0.078955,   1.657251, 1.649194, -0.008057,   1.640332, 0.040283,
123.727839, 1.658862, 1.587158, -0.071704,   1.661279, 1.656445, -0.004834,   1.637109, 0.041895,
123.752397, 1.656445, 1.578296, -0.078149,   1.658862, 1.644360, -0.014502,   1.640332, 0.038672,
123.777152, 1.661279, 1.581519, -0.079761,   1.657251, 1.650000, -0.007251,   1.637915, 0.039478,
123.801776, 1.658862, 1.571045, -0.087817,   1.658862, 1.654834, -0.004028,   1.641943, 0.038672,
123.826394, 1.658057, 1.593603, -0.064453,   1.660474, 1.653223, -0.007251,   1.640332, 0.039478,
123.850948, 1.658862, 1.590381, -0.068481,   1.658862, 1.654834, -0.004028,   1.637915, 0.037866,
123.875623, 1.658862, 1.591187, -0.067676,   1.654834, 1.678198, 0.023364,   1.640332, 0.041895,
123.900006, 1.657251, 1.611328, -0.045923,   1.660474, 1.620190, -0.040283,   1.636304, 0.044312,
123.924892, 1.641943, 1.587964, -0.053980,   1.647583, 1.641138, -0.006445,   1.635498, 0.026587,
123.949721, 1.647583, 1.579907, -0.067676,   1.645166, 1.645972, 0.000806,   1.636304, 0.024976,
123.974314, 1.647583, 1.581519, -0.066064,   1.649194, 1.653223, 0.004028,   1.628247, 0.025781,
123.998967, 1.650000, 1.575879, -0.074121,   1.648389, 1.633081, -0.015308,   1.637109, 0.028198,
124.023776, 1.650000, 1.583130, -0.066870,   1.644360, 1.653223, 0.008862,   1.633081, 0.026587,
124.048225, 1.650806, 1.574268, -0.076538,   1.649194, 1.641943, -0.007251,   1.636304, 0.028198,
124.073068, 1.650000, 1.596020, -0.053980,   1.645972, 1.635498, -0.010474,   1.633081, 0.028198,
124.097947, 1.650806, 1.587964, -0.062842,   1.649194, 1.657251, 0.008057,   1.633887, 0.028198,
124.122525, 1.648389, 1.581519, -0.066870,   1.645972, 1.649194, 0.003223,   1.635498, 0.022559,
124.147132, 1.650000, 1.575879, -0.074121,   1.647583, 1.647583, 0.000000,   1.635498, 0.021753,
124.171736, 1.650000, 1.567017, -0.082983,   1.644360, 1.650806, 0.006445,   1.633081, 0.028198,
124.196410, 1.652417, 1.582324, -0.070093,   1.648389, 1.650000, 0.001611,   1.637109, 0.027393,
124.220855, 1.645166, 1.589575, -0.055591,   1.647583, 1.664502, 0.016919,   1.629053, 0.028198,
124.245342, 1.662891, 1.608105, -0.054785,   1.662085, 1.616162, -0.045923,   1.640332, 0.037866,
124.270107, 1.660474, 1.619385, -0.041089,   1.662085, 1.657251, -0.004834,   1.641943, 0.037866,
124.294957, 1.661279, 1.573462, -0.087817,   1.662085, 1.665308, 0.003223,   1.643555, 0.037866,
124.319249, 1.664502, 1.596020, -0.068481,   1.661279, 1.652417, -0.008862,   1.639526, 0.039478,
124.343971, 1.661279, 1.579907, -0.081372,   1.656445, 1.650806, -0.005640,   1.641138, 0.037866,
124.368857, 1.654028, 1.620190, -0.033838,   1.654834, 1.650000, -0.004834,   1.641138, 0.037866,
124.393757, 1.661279, 1.632275, -0.029004,   1.662085, 1.650000, -0.012085,   1.640332, 0.039478,
124.418540, 1.660474, 1.582324, -0.078149,   1.662085, 1.632275, -0.029810,   1.641943, 0.038672,
124.443261, 1.654834, 1.633081, -0.021753,   1.656445, 1.653223, -0.003223,   1.641943, 0.039478,
124.468080, 1.654834, 1.587964, -0.066870,   1.661279, 1.645166, -0.016113,   1.640332, 0.037866,
124.492959, 1.656445, 1.589575, -0.066870,   1.654834, 1.662085, 0.007251,   1.640332, 0.037866,
124.517429, 1.658862, 1.567017, -0.091846,   1.654028, 1.647583, -0.006445,   1.640332, 0.035449,
124.542099, 1.658057, 1.607300, -0.050757,   1.657251, 1.662085, 0.004834,   1.640332, 0.037866,
124.566698, 1.643555, 1.569434, -0.074121,   1.645166, 1.668530, 0.023364,   1.633887, 0.025781,
124.591303, 1.648389, 1.589575, -0.058813,   1.643555, 1.677393, 0.033838,   1.629053, 0.024976,
124.615845, 1.648389, 1.581519, -0.066870,   1.647583, 1.640332, -0.007251,   1.633081, 0.023364,
124.640526, 1.650000, 1.598437, -0.051563,   1.647583, 1.644360, -0.003223,   1.631470, 0.025781,
124.665240, 1.647583, 1.585547, -0.062036,   1.649194, 1.643555, -0.005640,   1.633887, 0.021753,
124.690282, 1.650000, 1.587964, -0.062036,   1.647583, 1.645972, -0.001611,   1.633887, 0.028198,
124.715109, 1.649194, 1.577490, -0.071704,   1.650000, 1.641943, -0.008057,   1.632275, 0.028198,
124.739910, 1.650000, 1.589575, -0.060425,   1.647583, 1.640332, -0.007251,   1.637915, 0.024976,
124.764812, 1.647583, 1.581519, -0.066064,   1.647583, 1.649194, 0.001611,   1.633081, 0.023364,
124.789536, 1.649194, 1.587158, -0.062036,   1.645972, 1.636304, -0.009668,   1.632275, 0.024976,
124.814437, 1.650000, 1.585547, -0.064453,   1.652417, 1.635498, -0.016919,   1.629858, 0.025781,
124.839276, 1.648389, 1.556543, -0.091846,   1.650000, 1.618579, -0.031421,   1.635498, 0.025781,
124.864189, 1.647583, 1.600855, -0.046728,   1.645166, 1.633081, -0.012085,   1.631470, 0.024976,
124.889101, 1.665308, 1.596020, -0.069287,   1.660474, 1.656445, -0.004028,   1.641138, 0.040283,
124.913946, 1.658057, 1.604883, -0.053174,   1.658862, 1.641943, -0.016919,   1.639526, 0.037866,
124.938676, 1.660474, 1.575073, -0.085400,   1.657251, 1.640332, -0.016919,   1.641138, 0.037866,
124.963524, 1.658057, 1.612134, -0.045923,   1.660474, 1.647583, -0.012891,   1.641138, 0.040283,
124.988482, 1.661279, 1.590381, -0.070899,   1.654834, 1.657251, 0.002417,   1.643555, 0.039478,
125.013078, 1.662085, 1.596020, -0.066064,   1.661279, 1.635498, -0.025781,   1.640332, 0.039478,
125.037798, 1.656445, 1.595215, -0.061230,   1.657251, 1.656445, -0.000806,   1.640332, 0.038672,
125.062636, 1.660474, 1.566211, -0.094263,   1.661279, 1.645166, -0.016113,   1.636304, 0.038672,
125.087621, 1.658862, 1.590381, -0.068481,   1.660474, 1.658057, -0.002417,   1.640332, 0.036255,
125.112410, 1.660474, 1.591992, -0.068481,   1.654834, 1.645166, -0.009668,   1.647583, 0.037866,
125.137097, 1.657251, 1.578296, -0.078955,   1.658057, 1.661279, 0.003223,   1.641943, 0.039478,
125.161568, 1.654834, 1.612134, -0.042700,   1.658057, 1.649194, -0.008862,   1.640332, 0.035449,
125.186442, 1.658057, 1.619385, -0.038672,   1.661279, 1.674170, 0.012891,   1.640332, 0.035449,
125.211017, 1.654834, 1.566211, -0.088623,   1.656445, 1.670142, 0.013696,   1.637109, 0.031421,
125.235596, 1.647583, 1.612939, -0.034644,   1.645972, 1.639526, -0.006445,   1.631470, 0.027393,
125.260278, 1.647583, 1.599243, -0.048340,   1.641943, 1.639526, -0.002417,   1.632275, 0.028198,
125.285298, 1.647583, 1.578296, -0.069287,   1.649194, 1.664502, 0.015308,   1.635498, 0.022559,
125.309832, 1.647583, 1.607300, -0.040283,   1.648389, 1.621802, -0.026587,   1.633887, 0.028198,
125.334523, 1.648389, 1.578296, -0.070093,   1.643555, 1.654834, 0.011279,   1.633081, 0.027393,
125.358170, 1.649194, 1.583935, -0.065259,   1.647583, 1.648389, 0.000806,   1.633887, 0.026587,
125.382873, 1.647583, 1.553320, -0.094263,   1.650806, 1.625024, -0.025781,   1.636304, 0.027393,
125.407688, 1.650000, 1.583935, -0.066064,   1.645972, 1.656445, 0.010474,   1.629858, 0.025781,
125.432315, 1.650000, 1.603271, -0.046728,   1.652417, 1.640332, -0.012085,   1.636304, 0.027393,
125.457069, 1.653223, 1.583935, -0.069287,   1.650806, 1.681421, 0.030615,   1.640332, 0.032227,
125.481867, 1.650000, 1.583935, -0.066064,   1.650000, 1.629858, -0.020142,   1.636304, 0.026587,
125.506725, 1.652417, 1.585547, -0.066870,   1.650000, 1.653223, 0.003223,   1.633887, 0.027393,
125.531373, 1.661279, 1.595215, -0.066064,   1.662085, 1.647583, -0.014502,   1.640332, 0.037866,
125.556089, 1.665308, 1.587964, -0.077344,   1.660474, 1.645166, -0.015308,   1.636304, 0.037866,
125.580976, 1.662891, 1.591187, -0.071704,   1.661279, 1.666113, 0.004834,   1.643555, 0.039478,
125.605449, 1.664502, 1.589575, -0.074927,   1.657251, 1.665308, 0.008057,   1.643555, 0.037866,
125.630047, 1.664502, 1.598437, -0.066064,   1.661279, 1.658057, -0.003223,   1.641138, 0.039478,
125.654732, 1.662085, 1.583130, -0.078955,   1.658862, 1.670142, 0.011279,   1.641943, 0.039478,
125.679426, 1.658057, 1.593603, -0.064453,   1.658862, 1.653223, -0.005640,   1.640332, 0.040283,
125.704306, 1.654834, 1.596020, -0.058813,   1.657251, 1.650806, -0.006445,   1.640332, 0.035449,
125.729243, 1.656445, 1.607300, -0.049145,   1.657251, 1.629858, -0.027393,   1.640332, 0.042700,
125.753993, 1.656445, 1.595215, -0.061230,   1.658862, 1.658862, 0.000000,   1.643555, 0.037866,
125.778648, 1.660474, 1.595215, -0.065259,   1.658862, 1.650000, -0.008862,   1.643555, 0.041895,
125.803426, 1.657251, 1.593603, -0.063648,   1.662085, 1.647583, -0.014502,   1.636304, 0.040283,
125.828213, 1.656445, 1.581519, -0.074927,   1.657251, 1.637109, -0.020142,   1.640332, 0.040283,
125.852868, 1.645166, 1.586352, -0.058814,   1.645972, 1.643555, -0.002417,   1.633081, 0.023364,
125.877792, 1.650806, 1.583935, -0.066870,   1.650000, 1.641138, -0.008862,   1.635498, 0.029810,
125.902518, 1.648389, 1.574268, -0.074121,   1.645166, 1.637915, -0.007251,   1.633081, 0.028198,
125.927434, 1.650806, 1.598437, -0.052368,   1.648389, 1.650000, 0.001611,   1.633887, 0.025781,
125.951886, 1.649194, 1.581519, -0.067676,   1.648389, 1.647583, -0.000806,   1.631470, 0.028198,
125.976641, 1.648389, 1.571045, -0.077344,   1.641943, 1.650000, 0.008057,   1.633887, 0.027393,
126.001439, 1.648389, 1.577490, -0.070898,   1.652417, 1.650806, -0.001611,   1.631470, 0.026587,
126.026072, 1.645166, 1.565405, -0.079761,   1.650000, 1.652417, 0.002417,   1.633081, 0.027393,
126.050417, 1.649194, 1.579102, -0.070093,   1.650000, 1.645166, -0.004834,   1.632275, 0.026587,
126.075068, 1.653223, 1.625024, -0.028198,   1.645166, 1.653223, 0.008057,   1.629858, 0.028198,
126.099412, 1.649194, 1.585547, -0.063648,   1.648389, 1.650000, 0.001611,   1.633887, 0.028198,
126.123846, 1.648389, 1.578296, -0.070093,   1.650000, 1.662891, 0.012891,   1.633081, 0.023364,
126.148177, 1.649194, 1.587964, -0.061231,   1.645166, 1.649194, 0.004028,   1.632275, 0.028198,
126.172628, 1.662891, 1.582324, -0.080566,   1.665308, 1.662085, -0.003223,   1.640332, 0.038672,
126.197296, 1.662085, 1.583935, -0.078149,   1.661279, 1.648389, -0.012891,   1.636304, 0.040283,
126.221945, 1.662085, 1.565405, -0.096680,   1.662085, 1.633081, -0.029004,   1.637915, 0.040283,
126.246540, 1.662891, 1.599243, -0.063647,   1.662085, 1.640332, -0.021753,   1.640332, 0.039478,
126.271265, 1.662085, 1.583130, -0.078955,   1.658057, 1.648389, -0.009668,   1.640332, 0.039478,
126.295848, 1.662085, 1.575073, -0.087012,   1.664502, 1.650806, -0.013696,   1.641138, 0.037866,
126.320417, 1.658862, 1.557349, -0.101514,   1.658057, 1.650000, -0.008057,   1.643555, 0.040283,
126.344847, 1.656445, 1.594409, -0.062036,   1.660474, 1.639526, -0.020947,   1.641138, 0.038672,
126.369414, 1.654834, 1.596020, -0.058813,   1.658862, 1.650000, -0.008862,   1.645166, 0.039478,
126.394073, 1.658862, 1.583935, -0.074927,   1.654834, 1.652417, -0.002417,   1.640332, 0.037866,
126.418516, 1.657251, 1.552515, -0.104736,   1.658057, 1.665308, 0.007251,   1.639526, 0.037866,
126.442874, 1.657251, 1.585547, -0.071704,   1.654834, 1.650806, -0.004028,   1.639526, 0.038672,
126.467514, 1.661279, 1.587158, -0.074121,   1.658057, 1.629858, -0.028198,   1.640332, 0.037866,
126.492176, 1.643555, 1.590381, -0.053174,   1.645166, 1.623413, -0.021753,   1.633081, 0.024976,
126.516841, 1.647583, 1.587964, -0.059619,   1.647583, 1.657251, 0.009668,   1.635498, 0.023364,
126.541184, 1.645972, 1.593603, -0.052368,   1.648389, 1.658057, 0.009668,   1.633887, 0.026587,
126.565635, 1.649194, 1.573462, -0.075732,   1.645972, 1.637109, -0.008862,   1.633081, 0.023364,
126.590412, 1.650806, 1.590381, -0.060425,   1.648389, 1.654028, 0.005640,   1.637109, 0.028198,
126.614742, 1.648389, 1.590381, -0.058008,   1.649194, 1.640332, -0.008862,   1.632275, 0.021753,
126.639330, 1.648389, 1.591187, -0.057202,   1.649194, 1.645166, -0.004028,   1.633887, 0.028198,
126.663960, 1.647583, 1.570239, -0.077344,   1.652417, 1.648389, -0.004028,   1.632275, 0.027393,
126.688635, 1.649194, 1.587964, -0.061231,   1.645166, 1.654834, 0.009668,   1.633081, 0.024976,
126.713082, 1.649194, 1.581519, -0.067676,   1.648389, 1.633081, -0.015308,   1.631470, 0.028198,
126.737636, 1.650000, 1.600855, -0.049145,   1.647583, 1.628247, -0.019336,   1.635498, 0.027393,
126.762303, 1.647583, 1.579102, -0.068481,   1.648389, 1.621802, -0.026587,   1.633887, 0.028198,
126.787079, 1.644360, 1.579102, -0.065259,   1.647583, 1.637109, -0.010474,   1.636304, 0.026587,
126.811701, 1.666113, 1.574268, -0.091846,   1.664502, 1.664502, 0.000000,   1.640332, 0.039478,
126.835968, 1.664502, 1.587964, -0.076538,   1.657251, 1.647583, -0.009668,   1.644360, 0.037866,
126.860513, 1.654834, 1.590381, -0.064453,   1.662085, 1.652417, -0.009668,   1.637915, 0.039478,
126.885199, 1.662085, 1.599243, -0.062842,   1.657251, 1.654028, -0.003223,   1.639526, 0.040283,
126.909780, 1.657251, 1.598437, -0.058814,   1.660474, 1.683032, 0.022559,   1.640332, 0.037866,
126.934077, 1.654834, 1.566211, -0.088623,   1.654834, 1.650806, -0.004028,   1.643555, 0.041895,
126.958634, 1.654834, 1.608105, -0.046728,   1.658862, 1.647583, -0.011279,   1.639526, 0.038672,
126.983413, 1.656445, 1.567017, -0.089429,   1.656445, 1.653223, -0.003223,   1.640332, 0.040283,
127.007949, 1.660474, 1.603271, -0.057202,   1.654834, 1.643555, -0.011279,   1.640332, 0.039478,
127.032536, 1.658057, 1.581519, -0.076538,   1.654028, 1.654028, 0.000000,   1.640332, 0.035449,
127.056846, 1.662085, 1.581519, -0.080566,   1.658862, 1.649194, -0.009668,   1.640332, 0.038672,
127.081634, 1.658862, 1.587964, -0.070898,   1.658862, 1.647583, -0.011279,   1.639526, 0.039478,
127.106296, 1.658862, 1.590381, -0.068481,   1.657251, 1.657251, 0.000000,   1.641138, 0.037866,
127.130631, 1.660474, 1.593603, -0.066870,   1.657251, 1.645166, -0.012085,   1.639526, 0.035449,
127.155184, 1.645972, 1.590381, -0.055591,   1.645166, 1.650806, 0.005640,   1.633081, 0.027393,
127.179732, 1.645166, 1.583130, -0.062036,   1.648389, 1.644360, -0.004028,   1.635498, 0.026587,
127.204297, 1.645166, 1.614551, -0.030615,   1.650000, 1.640332, -0.009668,   1.628247, 0.028198,
127.228884, 1.645166, 1.585547, -0.059619,   1.650000, 1.648389, -0.001611,   1.635498, 0.025781,
127.253413, 1.650806, 1.600049, -0.050757,   1.650000, 1.639526, -0.010474,   1.633081, 0.023364,
127.278185, 1.645972, 1.600049, -0.045923,   1.648389, 1.639526, -0.008862,   1.633887, 0.026587,
127.302749, 1.648389, 1.581519, -0.066870,   1.650806, 1.641943, -0.008862,   1.627441, 0.023364,
127.327298, 1.650806, 1.616968, -0.033838,   1.650000, 1.647583, -0.002417,   1.633887, 0.026587,
127.351847, 1.650000, 1.604883, -0.045117,   1.650000, 1.657251, 0.007251,   1.631470, 0.028198,
127.376080, 1.650000, 1.594409, -0.055591,   1.645972, 1.650806, 0.004834,   1.633887, 0.023364,
127.400517, 1.650806, 1.581519, -0.069287,   1.650000, 1.632275, -0.017725,   1.633887, 0.022559,
127.425205, 1.647583, 1.585547, -0.062036,   1.652417, 1.645166, -0.007251,   1.633081, 0.024976,
127.449731, 1.662891, 1.575073, -0.087817,   1.662085, 1.649194, -0.012891,   1.640332, 0.040283,
127.474428, 1.662085, 1.578296, -0.083789,   1.662891, 1.668530, 0.005640,   1.643555, 0.038672,
127.498841, 1.657251, 1.581519, -0.075732,   1.658057, 1.635498, -0.022559,   1.641943, 0.038672,
127.523412, 1.662085, 1.573462, -0.088623,   1.661279, 1.656445, -0.004834,   1.640332, 0.037866,
127.547957, 1.662085, 1.585547, -0.076538,   1.660474, 1.640332, -0.020142,   1.633887, 0.039478,
127.572633, 1.661279, 1.581519, -0.079761,   1.658862, 1.618579, -0.040283,   1.639526, 0.040283,
127.597311, 1.658057, 1.591992, -0.066064,   1.658862, 1.650806, -0.008057,   1.641943, 0.038672,
127.621968, 1.654834, 1.582324, -0.072510,   1.654834, 1.658862, 0.004028,   1.641138, 0.042700,
127.646297, 1.654834, 1.591992, -0.062842,   1.658057, 1.650000, -0.008057,   1.641138, 0.041895,
127.670848, 1.661279, 1.587964, -0.073316,   1.656445, 1.650806, -0.005640,   1.640332, 0.035449,
127.695415, 1.658862, 1.586352, -0.072510,   1.658057, 1.652417, -0.005640,   1.641138, 0.037866,
127.719958, 1.658862, 1.598437, -0.060425,   1.654028, 1.644360, -0.009668,   1.641138, 0.040283,
127.744424, 1.656445, 1.586352, -0.070093,   1.657251, 1.647583, -0.009668,   1.639526, 0.038672,
127.768957, 1.643555, 1.596020, -0.047534,   1.644360, 1.632275, -0.012085,   1.633081, 0.025781,
127.793637, 1.648389, 1.583935, -0.064453,   1.644360, 1.632275, -0.012085,   1.633887, 0.026587,
127.818306, 1.650000, 1.612134, -0.037866,   1.647583, 1.653223, 0.005640,   1.636304, 0.025781,
127.842630, 1.649194, 1.577490, -0.071704,   1.647583, 1.645166, -0.002417,   1.632275, 0.026587,
127.867295, 1.647583, 1.575073, -0.072510,   1.652417, 1.643555, -0.008862,   1.633081, 0.026587,
127.892017, 1.649194, 1.589575, -0.059619,   1.647583, 1.620190, -0.027393,   1.633081, 0.023364,
127.916535, 1.645166, 1.579907, -0.065259,   1.647583, 1.654028, 0.006445,   1.633081, 0.024976,
127.940857, 1.650000, 1.589575, -0.060425,   1.649194, 1.650806, 0.001611,   1.636304, 0.026587,
127.965312, 1.650000, 1.604883, -0.045117,   1.652417, 1.669336, 0.016919,   1.631470, 0.024976,
127.989750, 1.645166, 1.587158, -0.058008,   1.650806, 1.662085, 0.011279,   1.633081, 0.028198,
128.014124, 1.653223, 1.612939, -0.040283,   1.648389, 1.644360, -0.004028,   1.631470, 0.022559,
128.038635, 1.650000, 1.570239, -0.079761,   1.652417, 1.633081, -0.019336,   1.637109, 0.027393,
128.063327, 1.650000, 1.579102, -0.070898,   1.650000, 1.643555, -0.006445,   1.637109, 0.029810,
128.087957, 1.658862, 1.578296, -0.080566,   1.662891, 1.656445, -0.006445,   1.636304, 0.037866,
128.112549, 1.662085, 1.587964, -0.074121,   1.660474, 1.653223, -0.007251,   1.641138, 0.039478,
128.137084, 1.662085, 1.581519, -0.080566,   1.664502, 1.618579, -0.045923,   1.636304, 0.040283,
128.161638, 1.660474, 1.594409, -0.066064,   1.654834, 1.641138, -0.013696,   1.639526, 0.040283,
128.186424, 1.661279, 1.586352, -0.074927,   1.662085, 1.640332, -0.021753,   1.640332, 0.039478,
128.211029, 1.662085, 1.590381, -0.071704,   1.654028, 1.647583, -0.006445,   1.639526, 0.036255,
128.235526, 1.661279, 1.600049, -0.061231,   1.662085, 1.664502, 0.002417,   1.640332, 0.037866,
128.259851, 1.661279, 1.594409, -0.066870,   1.658862, 1.650000, -0.008862,   1.640332, 0.040283,
128.284642, 1.661279, 1.593603, -0.067676,   1.658862, 1.662085, 0.003223,   1.636304, 0.036255,
128.308963, 1.661279, 1.594409, -0.066870,   1.658862, 1.648389, -0.010474,   1.633887, 0.040283,
128.333636, 1.654028, 1.586352, -0.067676,   1.654834, 1.652417, -0.002417,   1.637109, 0.039478,
128.358200, 1.661279, 1.591992, -0.069287,   1.654834, 1.633081, -0.021753,   1.639526, 0.036255,
128.383088, 1.661279, 1.608911, -0.052368,   1.658862, 1.633081, -0.025781,   1.640332, 0.036255,
128.407662, 1.647583, 1.586352, -0.061231,   1.645972, 1.664502, 0.018530,   1.633887, 0.028198,
128.432089, 1.647583, 1.582324, -0.065259,   1.644360, 1.640332, -0.004028,   1.633887, 0.027393,
128.456639, 1.649194, 1.604077, -0.045117,   1.647583, 1.643555, -0.004028,   1.633887, 0.026587,
128.481423, 1.650000, 1.587964, -0.062036,   1.650000, 1.641138, -0.008862,   1.637109, 0.031421,
128.505966, 1.647583, 1.583130, -0.064453,   1.645972, 1.645972, 0.000000,   1.633081, 0.027393,
128.530312, 1.652417, 1.558960, -0.093457,   1.645166, 1.637109, -0.008057,   1.627441, 0.024976,
128.554848, 1.648389, 1.629053, -0.019336,   1.645972, 1.640332, -0.005640,   1.636304, 0.023364,
128.579645, 1.650000, 1.579102, -0.070898,   1.645972, 1.627441, -0.018530,   1.633081, 0.022559,
128.604221, 1.650806, 1.566211, -0.084595,   1.650000, 1.623413, -0.026587,   1.633081, 0.028198,
128.628860, 1.649194, 1.581519, -0.067676,   1.649194, 1.637109, -0.012085,   1.633887, 0.024976,
128.653418, 1.650000, 1.579102, -0.070898,   1.652417, 1.647583, -0.004834,   1.632275, 0.026587,
128.678179, 1.645166, 1.603271, -0.041895,   1.648389, 1.610522, -0.037866,   1.631470, 0.026587,
128.702746, 1.653223, 1.557349, -0.095874,   1.652417, 1.644360, -0.008057,   1.629858, 0.025781,
128.727425, 1.662085, 1.574268, -0.087817,   1.665308, 1.653223, -0.012085,   1.644360, 0.038672,
128.751954, 1.661279, 1.586352, -0.074927,   1.658862, 1.666919, 0.008057,   1.637915, 0.040283,
128.776425, 1.661279, 1.578296, -0.082983,   1.657251, 1.685449, 0.028198,   1.641138, 0.040283,
128.800767, 1.664502, 1.583935, -0.080566,   1.662085, 1.641138, -0.020947,   1.644360, 0.038672,
128.825430, 1.658862, 1.578296, -0.080566,   1.661279, 1.662085, 0.000806,   1.637915, 0.037866,
128.849744, 1.662085, 1.574268, -0.087817,   1.654834, 1.637109, -0.017725,   1.639526, 0.037866,
128.874418, 1.660474, 1.583130, -0.077344,   1.656445, 1.650000, -0.006445,   1.637915, 0.038672,
128.899087, 1.662085, 1.587964, -0.074121,   1.656445, 1.676587, 0.020142,   1.637915, 0.041895,
128.923421, 1.658057, 1.567822, -0.090234,   1.656445, 1.654028, -0.002417,   1.637915, 0.037866,
128.948096, 1.660474, 1.591187, -0.069287,   1.660474, 1.631470, -0.029004,   1.640332, 0.035449,
128.972737, 1.657251, 1.600049, -0.057202,   1.654028, 1.672559, 0.018530,   1.641943, 0.039478,
128.997226, 1.660474, 1.575879, -0.084595,   1.660474, 1.656445, -0.004028,   1.640332, 0.036255,
129.021861, 1.660474, 1.591187, -0.069287,   1.654834, 1.656445, 0.001611,   1.636304, 0.035449,
129.046178, 1.654834, 1.595215, -0.059619,   1.654028, 1.647583, -0.006445,   1.637915, 0.039478,
129.070856, 1.645972, 1.587158, -0.058813,   1.641138, 1.647583, 0.006445,   1.631470, 0.026587,
129.095193, 1.647583, 1.579907, -0.067676,   1.645972, 1.621802, -0.024170,   1.636304, 0.026587,
129.119646, 1.647583, 1.574268, -0.073316,   1.643555, 1.635498, -0.008057,   1.636304, 0.025781,
129.144207, 1.645972, 1.583130, -0.062842,   1.650000, 1.643555, -0.006445,   1.631470, 0.024976,
129.168753, 1.650000, 1.556543, -0.093457,   1.650000, 1.645166, -0.004834,   1.637109, 0.027393,
129.193420, 1.650000, 1.581519, -0.068481,   1.650000, 1.652417, 0.002417,   1.633081, 0.028198,
129.217864, 1.647583, 1.586352, -0.061231,   1.649194, 1.652417, 0.003223,   1.633081, 0.026587,
129.242198, 1.650000, 1.567017, -0.082983,   1.648389, 1.662891, 0.014502,   1.631470, 0.027393,
129.266641, 1.645972, 1.554932, -0.091040,   1.648389, 1.640332, -0.008057,   1.631470, 0.026587,
129.291311, 1.650000, 1.566211, -0.083789,   1.652417, 1.643555, -0.008862,   1.635498, 0.027393,
129.315957, 1.654834, 1.596826, -0.058008,   1.650000, 1.647583, -0.002417,   1.633081, 0.028198,
129.340537, 1.648389, 1.590381, -0.058008,   1.650000, 1.649194, -0.000806,   1.633081, 0.026587,
129.365198, 1.664502, 1.623413, -0.041089,   1.662085, 1.650806, -0.011279,   1.643555, 0.037866,
129.389967, 1.662891, 1.571851, -0.091040,   1.662085, 1.665308, 0.003223,   1.640332, 0.034644,
129.414325, 1.661279, 1.602466, -0.058814,   1.664502, 1.637915, -0.026587,   1.643555, 0.037866,
129.438863, 1.662085, 1.585547, -0.076538,   1.654834, 1.647583, -0.007251,   1.643555, 0.037866,
129.463554, 1.662085, 1.600049, -0.062036,   1.662891, 1.660474, -0.002417,   1.639526, 0.040283,
129.488310, 1.662085, 1.596826, -0.065259,   1.660474, 1.645166, -0.015308,   1.643555, 0.040283,
129.512929, 1.657251, 1.604883, -0.052368,   1.660474, 1.635498, -0.024976,   1.640332, 0.040283,
129.537535, 1.652417, 1.581519, -0.070898,   1.661279, 1.673364, 0.012085,   1.637915, 0.036255,
129.561853, 1.658862, 1.581519, -0.077344,   1.658057, 1.652417, -0.005640,   1.643555, 0.037866,
129.586542, 1.656445, 1.594409, -0.062036,   1.654834, 1.670142, 0.015308,   1.641138, 0.037866,
129.610896, 1.656445, 1.589575, -0.066870,   1.654834, 1.644360, -0.010474,   1.645166, 0.038672,
129.635418, 1.657251, 1.579102, -0.078149,   1.658862, 1.621802, -0.037060,   1.637109, 0.038672,
129.659989, 1.654834, 1.586352, -0.068481,   1.660474, 1.658057, -0.002417,   1.637915, 0.040283,
129.684747, 1.647583, 1.583935, -0.063648,   1.644360, 1.644360, 0.000000,   1.639526, 0.028198,
129.709138, 1.645166, 1.575073, -0.070093,   1.640332, 1.647583, 0.007251,   1.637915, 0.028198,
129.733418, 1.650806, 1.554932, -0.095874,   1.649194, 1.648389, -0.000806,   1.635498, 0.026587,
129.757973, 1.650000, 1.554932, -0.095068,   1.641943, 1.641943, 0.000000,   1.632275, 0.026587,
129.782537, 1.648389, 1.583935, -0.064453,   1.645972, 1.650000, 0.004028,   1.633081, 0.026587,
129.806970, 1.647583, 1.585547, -0.062036,   1.645166, 1.649194, 0.004028,   1.629858, 0.021753,
129.831418, 1.650000, 1.571045, -0.078955,   1.649194, 1.606494, -0.042700,   1.639526, 0.029810,
129.855998, 1.649194, 1.567017, -0.082178,   1.649194, 1.647583, -0.001611,   1.633081, 0.023364,
129.880750, 1.652417, 1.579907, -0.072510,   1.645972, 1.641943, -0.004028,   1.635498, 0.023364,
129.905317, 1.650806, 1.591187, -0.059619,   1.647583, 1.645166, -0.002417,   1.629858, 0.028198,
129.929992, 1.648389, 1.571851, -0.076538,   1.647583, 1.644360, -0.003223,   1.636304, 0.026587,
129.954528, 1.647583, 1.579907, -0.067676,   1.644360, 1.647583, 0.003223,   1.635498, 0.024976,
129.979103, 1.648389, 1.583130, -0.065259,   1.649194, 1.643555, -0.005640,   1.635498, 0.026587,
130.003744, 1.662891, 1.600049, -0.062842,   1.666113, 1.679810, 0.013696,   1.640332, 0.036255,
130.028101, 1.662085, 1.567822, -0.094263,   1.662085, 1.653223, -0.008862,   1.640332, 0.037866,
130.052635, 1.664502, 1.591992, -0.072510,   1.664502, 1.631470, -0.033032,   1.644360, 0.039478,
130.077434, 1.657251, 1.552515, -0.104736,   1.662891, 1.644360, -0.018530,   1.637109, 0.040283,
130.101976, 1.662891, 1.590381, -0.072510,   1.658862, 1.653223, -0.005640,   1.637109, 0.040283,
130.126644, 1.654834, 1.574268, -0.080566,   1.656445, 1.666113, 0.009668,   1.643555, 0.040283,
130.150974, 1.657251, 1.579907, -0.077344,   1.652417, 1.661279, 0.008862,   1.641943, 0.041895,
130.175863, 1.661279, 1.599243, -0.062036,   1.657251, 1.654834, -0.002417,   1.647583, 0.040283,
130.200528, 1.662085, 1.587964, -0.074121,   1.657251, 1.647583, -0.009668,   1.637915, 0.038672,
130.225197, 1.661279, 1.575879, -0.085400,   1.660474, 1.648389, -0.012085,   1.640332, 0.037866,
130.249759, 1.662085, 1.586352, -0.075732,   1.658862, 1.637109, -0.021753,   1.643555, 0.041895,
130.274423, 1.658862, 1.595215, -0.063647,   1.654834, 1.649194, -0.005640,   1.640332, 0.039478,
130.299103, 1.657251, 1.593603, -0.063648,   1.657251, 1.664502, 0.007251,   1.637915, 0.034644,
130.323533, 1.645972, 1.574268, -0.071704,   1.643555, 1.647583, 0.004028,   1.633887, 0.026587,
130.347867, 1.641943, 1.582324, -0.059619,   1.644360, 1.654834, 0.010474,   1.633887, 0.024976,
130.372317, 1.644360, 1.579102, -0.065259,   1.645972, 1.666919, 0.020947,   1.633887, 0.028198,
130.396868, 1.650000, 1.564600, -0.085400,   1.647583, 1.639526, -0.008057,   1.633887, 0.026587,
130.421507, 1.647583, 1.586352, -0.061231,   1.649194, 1.647583, -0.001611,   1.635498, 0.026587,
130.445975, 1.650000, 1.578296, -0.071704,   1.648389, 1.639526, -0.008862,   1.637915, 0.024976,
130.470647, 1.650806, 1.595215, -0.055591,   1.647583, 1.658862, 0.011279,   1.633081, 0.025781,
130.495101, 1.654834, 1.574268, -0.080566,   1.648389, 1.612939, -0.035449,   1.637109, 0.026587,
130.519652, 1.649194, 1.596826, -0.052368,   1.650806, 1.662085, 0.011279,   1.631470, 0.023364,
130.543990, 1.647583, 1.571045, -0.076538,   1.649194, 1.637915, -0.011279,   1.631470, 0.021753,
130.568648, 1.648389, 1.571045, -0.077344,   1.647583, 1.664502, 0.016919,   1.635498, 0.024976,
130.593105, 1.653223, 1.578296, -0.074927,   1.648389, 1.647583, -0.000806,   1.635498, 0.029810,
130.617756, 1.647583, 1.587158, -0.060425,   1.648389, 1.650806, 0.002417,   1.632275, 0.024976,
130.642093, 1.661279, 1.608911, -0.052368,   1.661279, 1.658057, -0.003223,   1.640332, 0.038672,
130.666754, 1.658862, 1.581519, -0.077344,   1.664502, 1.653223, -0.011279,   1.639526, 0.039478,
130.691432, 1.662891, 1.590381, -0.072510,   1.660474, 1.654834, -0.005640,   1.637915, 0.041895,
130.716099, 1.653223, 1.593603, -0.059619,   1.657251, 1.666113, 0.008862,   1.640332, 0.037866,
130.740432, 1.658057, 1.577490, -0.080566,   1.657251, 1.654834, -0.002417,   1.641138, 0.037866,
130.765106, 1.661279, 1.599243, -0.062036,   1.662085, 1.650000, -0.012085,   1.640332, 0.037866,
130.789752, 1.656445, 1.604883, -0.051562,   1.662085, 1.669336, 0.007251,   1.641138, 0.033838,
130.814138, 1.661279, 1.591187, -0.070093,   1.658057, 1.635498, -0.022559,   1.643555, 0.040283,
130.838642, 1.658057, 1.596826, -0.061230,   1.654834, 1.632275, -0.022559,   1.639526, 0.035449,
130.863341, 1.656445, 1.591187, -0.065259,   1.654834, 1.650806, -0.004028,   1.639526, 0.040283,
130.887992, 1.661279, 1.583935, -0.077344,   1.654834, 1.662085, 0.007251,   1.641943, 0.037866,
130.912398, 1.656445, 1.600049, -0.056396,   1.654028, 1.647583, -0.006445,   1.641138, 0.040283,
130.936962, 1.658862, 1.585547, -0.073315,   1.658862, 1.640332, -0.018530,   1.639526, 0.035449,
130.961101, 1.657251, 1.598437, -0.058814,   1.657251, 1.654028, -0.003223,   1.639526, 0.041895,
130.985746, 1.648389, 1.565405, -0.082983,   1.640332, 1.668530, 0.028198,   1.633081, 0.028198,
131.010146, 1.647583, 1.598437, -0.049146,   1.647583, 1.650806, 0.003223,   1.633887, 0.024976,
131.034540, 1.649194, 1.577490, -0.071704,   1.647583, 1.645166, -0.002417,   1.632275, 0.026587,
131.059112, 1.647583, 1.632275, -0.015308,   1.645972, 1.650000, 0.004028,   1.633887, 0.026587,
131.083650, 1.649194, 1.596020, -0.053174,   1.648389, 1.654834, 0.006445,   1.632275, 0.025781,
131.108093, 1.649194, 1.594409, -0.054785,   1.645972, 1.650000, 0.004028,   1.635498, 0.025781,
131.132437, 1.650000, 1.585547, -0.064453,   1.650000, 1.633887, -0.016113,   1.632275, 0.025781,
131.156967, 1.647583, 1.562988, -0.084595,   1.650000, 1.661279, 0.011279,   1.636304, 0.024976,
131.181544, 1.648389, 1.585547, -0.062842,   1.650806, 1.641138, -0.009668,   1.633081, 0.028198,
131.206214, 1.650000, 1.562988, -0.087012,   1.652417, 1.654028, 0.001611,   1.632275, 0.023364,
131.230644, 1.649194, 1.595215, -0.053980,   1.645972, 1.633081, -0.012891,   1.633887, 0.027393,
131.255203, 1.645972, 1.575073, -0.070898,   1.647583, 1.640332, -0.007251,   1.633081, 0.027393,
131.279973, 1.658057, 1.590381, -0.067676,   1.662085, 1.640332, -0.021753,   1.637915, 0.040283,
131.304534, 1.658057, 1.590381, -0.067676,   1.664502, 1.662085, -0.002417,   1.635498, 0.040283,
131.329108, 1.662085, 1.599243, -0.062842,   1.660474, 1.640332, -0.020142,   1.641138, 0.037866,
131.353652, 1.657251, 1.587964, -0.069287,   1.658862, 1.645972, -0.012891,   1.637109, 0.039478,
131.377777, 1.662085, 1.578296, -0.083789,   1.658862, 1.668530, 0.009668,   1.641943, 0.042700,
131.402201, 1.658057, 1.546875, -0.111182,   1.658862, 1.650000, -0.008862,   1.643555, 0.039478,
131.426865, 1.662085, 1.606494, -0.055591,   1.660474, 1.652417, -0.008057,   1.645166, 0.038672,
131.451437, 1.660474, 1.581519, -0.078955,   1.661279, 1.645166, -0.016113,   1.637109, 0.037866,
131.476100, 1.654028, 1.567017, -0.087012,   1.662085, 1.665308, 0.003223,   1.637915, 0.037866,
131.500429, 1.656445, 1.579907, -0.076538,   1.658862, 1.645166, -0.013696,   1.637915, 0.040283,
131.525104, 1.658057, 1.589575, -0.068481,   1.661279, 1.658057, -0.003223,   1.639526, 0.041895,
131.549662, 1.654834, 1.587158, -0.067676,   1.650806, 1.640332, -0.010474,   1.640332, 0.035449,
131.574329, 1.656445, 1.595215, -0.061230,   1.658862, 1.660474, 0.001611,   1.640332, 0.036255,
131.598760, 1.650000, 1.581519, -0.068481,   1.647583, 1.625830, -0.021753,   1.633887, 0.027393,
131.623408, 1.647583, 1.595215, -0.052368,   1.647583, 1.650806, 0.003223,   1.627441, 0.026587,
131.647771, 1.644360, 1.610522, -0.033838,   1.645972, 1.625830, -0.020142,   1.635498, 0.026587,
131.672434, 1.645972, 1.574268, -0.071704,   1.645166, 1.629053, -0.016113,   1.633887, 0.025781,
131.697107, 1.644360, 1.574268, -0.070093,   1.650000, 1.639526, -0.010474,   1.633081, 0.027393,
131.721754, 1.645166, 1.574268, -0.070899,   1.648389, 1.641943, -0.006445,   1.629053, 0.027393,
131.746305, 1.650000, 1.581519, -0.068481,   1.649194, 1.648389, -0.000806,   1.633081, 0.026587,
131.770871, 1.650000, 1.567822, -0.082178,   1.649194, 1.657251, 0.008057,   1.635498, 0.024976,
131.795200, 1.653223, 1.560571, -0.092651,   1.649194, 1.615356, -0.033838,   1.633081, 0.025781,
131.819754, 1.648389, 1.600049, -0.048340,   1.647583, 1.641138, -0.006445,   1.636304, 0.026587,
131.844209, 1.645972, 1.541235, -0.104736,   1.649194, 1.648389, -0.000806,   1.629858, 0.027393,
131.868751, 1.649194, 1.558154, -0.091040,   1.650000, 1.637109, -0.012891,   1.631470, 0.026587,
131.893439, 1.650806, 1.581519, -0.069287,   1.650806, 1.633081, -0.017725,   1.635498, 0.027393,
131.918100, 1.662085, 1.560571, -0.101514,   1.664502, 1.635498, -0.029004,   1.640332, 0.037866,
131.942648, 1.662085, 1.582324, -0.079761,   1.664502, 1.624219, -0.040283,   1.641138, 0.036255,
131.967323, 1.657251, 1.590381, -0.066870,   1.665308, 1.629053, -0.036255,   1.640332, 0.040283,
131.991992, 1.662085, 1.591992, -0.070093,   1.658057, 1.660474, 0.002417,   1.640332, 0.037866,
132.016439, 1.661279, 1.618579, -0.042700,   1.658057, 1.641943, -0.016113,   1.644360, 0.040283,
132.040992, 1.660474, 1.583935, -0.076538,   1.658862, 1.664502, 0.005640,   1.640332, 0.043506,
132.065436, 1.658862, 1.594409, -0.064453,   1.660474, 1.624219, -0.036255,   1.640332, 0.035449,
132.090101, 1.658862, 1.553320, -0.105542,   1.658862, 1.662891, 0.004028,   1.637109, 0.038672,
132.114536, 1.657251, 1.582324, -0.074927,   1.662085, 1.666113, 0.004028,   1.637915, 0.037866,
132.138875, 1.662085, 1.599243, -0.062842,   1.662085, 1.691895, 0.029810,   1.637915, 0.039478,
132.163336, 1.657251, 1.579907, -0.077344,   1.654834, 1.643555, -0.011279,   1.640332, 0.036255,
132.187974, 1.658057, 1.600049, -0.058008,   1.654834, 1.624219, -0.030615,   1.637109, 0.037866,
132.212647, 1.657251, 1.595215, -0.062036,   1.658862, 1.644360, -0.014502,   1.640332, 0.038672,
132.237216, 1.656445, 1.595215, -0.061230,   1.658057, 1.664502, 0.006445,   1.637109, 0.031421,
132.261541, 1.644360, 1.583935, -0.060425,   1.645972, 1.623413, -0.022559,   1.632275, 0.026587,
132.286217, 1.647583, 1.587964, -0.059619,   1.644360, 1.644360, 0.000000,   1.635498, 0.024976,
132.310574, 1.648389, 1.583935, -0.064453,   1.647583, 1.618579, -0.029004,   1.631470, 0.024976,
132.335201, 1.654834, 1.587964, -0.066870,   1.654028, 1.650000, -0.004028,   1.640332, 0.030615,
132.359758, 1.648389, 1.562183, -0.086206,   1.649194, 1.645972, -0.003223,   1.636304, 0.023364,
132.384664, 1.647583, 1.577490, -0.070093,   1.648389, 1.666919, 0.018530,   1.633081, 0.023364,
132.409056, 1.650000, 1.573462, -0.076538,   1.648389, 1.637915, -0.010474,   1.633887, 0.028198,
132.433656, 1.650806, 1.579907, -0.070898,   1.649194, 1.633887, -0.015308,   1.633081, 0.024976,
132.458213, 1.649194, 1.582324, -0.066870,   1.650000, 1.660474, 0.010474,   1.635498, 0.028198,
132.482770, 1.652417, 1.553320, -0.099097,   1.649194, 1.643555, -0.005640,   1.633887, 0.025781,
132.507330, 1.653223, 1.593603, -0.059619,   1.652417, 1.650000, -0.002417,   1.633081, 0.027393,
132.531976, 1.649194, 1.583935, -0.065259,   1.645166, 1.621802, -0.023364,   1.633081, 0.027393,
132.556554, 1.653223, 1.603271, -0.049951,   1.660474, 1.662085, 0.001611,   1.641943, 0.039478,
132.581104, 1.662891, 1.591992, -0.070898,   1.664502, 1.666919, 0.002417,   1.644360, 0.040283,
132.605474, 1.660474, 1.581519, -0.078955,   1.661279, 1.662085, 0.000806,   1.640332, 0.037866,
132.629878, 1.661279, 1.602466, -0.058814,   1.658862, 1.648389, -0.010474,   1.633887, 0.037866,
132.654440, 1.657251, 1.581519, -0.075732,   1.656445, 1.645972, -0.010474,   1.641138, 0.042700,
132.679224, 1.653223, 1.589575, -0.063648,   1.658862, 1.654834, -0.004028,   1.640332, 0.038672,
132.703759, 1.657251, 1.585547, -0.071704,   1.661279, 1.653223, -0.008057,   1.641138, 0.037866,
132.728322, 1.653223, 1.591187, -0.062036,   1.654834, 1.645166, -0.009668,   1.639526, 0.039478,
132.752974, 1.657251, 1.596826, -0.060425,   1.661279, 1.637109, -0.024170,   1.643555, 0.036255,
132.777745, 1.658862, 1.571851, -0.087012,   1.660474, 1.629053, -0.031421,   1.637915, 0.037866,
132.802327, 1.660474, 1.575073, -0.085400,   1.658057, 1.649194, -0.008862,   1.641943, 0.037866,
132.827005, 1.662085, 1.598437, -0.063648,   1.658862, 1.641138, -0.017725,   1.640332, 0.040283,
132.851533, 1.654028, 1.585547, -0.068481,   1.658057, 1.647583, -0.010474,   1.641943, 0.036255,
132.876221, 1.660474, 1.625830, -0.034644,   1.657251, 1.654834, -0.002417,   1.637915, 0.030615,
132.900758, 1.644360, 1.567822, -0.076538,   1.644360, 1.654834, 0.010474,   1.636304, 0.026587,
132.925113, 1.648389, 1.565405, -0.082983,   1.647583, 1.647583, 0.000000,   1.635498, 0.028198,
132.949439, 1.647583, 1.566211, -0.081372,   1.647583, 1.645972, -0.001611,   1.635498, 0.027393,
132.974101, 1.644360, 1.585547, -0.058813,   1.653223, 1.645166, -0.008057,   1.635498, 0.027393,
132.998766, 1.647583, 1.579907, -0.067676,   1.643555, 1.650806, 0.007251,   1.633081, 0.026587,
133.023223, 1.649194, 1.575073, -0.074121,   1.648389, 1.623413, -0.024976,   1.637109, 0.028198,
133.047767, 1.648389, 1.611328, -0.037060,   1.647583, 1.632275, -0.015308,   1.633081, 0.028198,
133.072448, 1.650000, 1.587964, -0.062036,   1.645166, 1.657251, 0.012085,   1.636304, 0.025781,
133.096880, 1.648389, 1.593603, -0.054785,   1.647583, 1.620190, -0.027393,   1.631470, 0.028198,
133.121529, 1.650000, 1.586352, -0.063648,   1.650806, 1.650000, -0.000806,   1.639526, 0.026587,
133.145972, 1.650806, 1.591992, -0.058813,   1.650000, 1.664502, 0.014502,   1.633887, 0.028198,
133.170446, 1.648389, 1.587964, -0.060425,   1.645972, 1.658862, 0.012891,   1.632275, 0.028198,
133.194788, 1.647583, 1.577490, -0.070093,   1.650806, 1.645972, -0.004834,   1.629053, 0.028198,
133.219321, 1.662085, 1.587964, -0.074121,   1.662891, 1.637915, -0.024976,   1.643555, 0.040283,
133.243883, 1.664502, 1.562183, -0.102319,   1.658057, 1.648389, -0.009668,   1.637109, 0.038672,
133.268555, 1.658057, 1.583130, -0.074927,   1.662891, 1.649194, -0.013696,   1.640332, 0.042700,
133.293213, 1.658057, 1.587964, -0.070093,   1.657251, 1.633887, -0.023364,   1.640332, 0.037866,
133.317884, 1.657251, 1.582324, -0.074927,   1.661279, 1.677393, 0.016113,   1.641943, 0.039478,
133.342223, 1.656445, 1.554932, -0.101514,   1.657251, 1.657251, 0.000000,   1.637109, 0.040283,
133.366665, 1.660474, 1.583130, -0.077344,   1.660474, 1.669336, 0.008862,   1.637109, 0.036255,
133.381776, 1.658862, 1.600049, -0.058813,   1.657251, 1.654028, -0.003223,   1.641138, 0.039478,
133.406326, 1.658057, 1.582324, -0.075732,   1.658862, 1.656445, -0.002417,   1.639526, 0.037866,
133.430992, 1.658057, 1.593603, -0.064453,   1.657251, 1.649194, -0.008057,   1.640332, 0.038672,
133.455552, 1.661279, 1.591187, -0.070093,   1.654834, 1.652417, -0.002417,   1.637109, 0.039478,
133.480326, 1.658862, 1.583935, -0.074927,   1.661279, 1.653223, -0.008057,   1.644360, 0.041895,
133.504886, 1.657251, 1.600049, -0.057202,   1.658862, 1.658057, -0.000806,   1.640332, 0.039478,
133.529544, 1.645166, 1.579907, -0.065259,   1.643555, 1.649194, 0.005640,   1.629858, 0.027393,
133.553882, 1.649194, 1.582324, -0.066870,   1.644360, 1.645166, 0.000806,   1.633887, 0.024976,
133.577626, 1.648389, 1.579907, -0.068481,   1.643555, 1.610522, -0.033032,   1.633887, 0.023364,
133.602229, 1.649194, 1.586352, -0.062842,   1.648389, 1.645972, -0.002417,   1.633081, 0.025781,
133.626882, 1.649194, 1.571851, -0.077344,   1.647583, 1.645166, -0.002417,   1.627441, 0.027393,
133.651472, 1.650000, 1.581519, -0.068481,   1.650000, 1.645972, -0.004028,   1.635498, 0.027393,
133.676124, 1.649194, 1.590381, -0.058814,   1.648389, 1.647583, -0.000806,   1.637915, 0.025781,
133.700772, 1.650806, 1.578296, -0.072510,   1.647583, 1.654028, 0.006445,   1.636304, 0.025781,
133.725216, 1.650000, 1.596020, -0.053980,   1.649194, 1.649194, 0.000000,   1.633887, 0.025781,
133.749542, 1.650000, 1.591187, -0.058813,   1.649194, 1.639526, -0.009668,   1.632275, 0.023364,
133.774215, 1.649194, 1.579907, -0.069287,   1.650806, 1.645166, -0.005640,   1.633081, 0.028198,
133.798875, 1.652417, 1.586352, -0.066064,   1.647583, 1.654028, 0.006445,   1.632275, 0.027393,
133.823324, 1.650000, 1.569434, -0.080566,   1.653223, 1.656445, 0.003223,   1.636304, 0.024976,
133.847669, 1.666113, 1.608911, -0.057202,   1.662085, 1.647583, -0.014502,   1.643555, 0.042700,
133.872328, 1.662085, 1.575073, -0.087012,   1.661279, 1.660474, -0.000806,   1.637915, 0.040283,
133.896996, 1.665308, 1.583935, -0.081372,   1.660474, 1.644360, -0.016113,   1.640332, 0.036255,
133.921673, 1.660474, 1.589575, -0.070898,   1.656445, 1.661279, 0.004834,   1.643555, 0.036255,
133.945884, 1.656445, 1.579907, -0.076538,   1.662085, 1.670947, 0.008862,   1.644360, 0.038672,
133.970218, 1.662085, 1.594409, -0.067676,   1.661279, 1.653223, -0.008057,   1.643555, 0.039478,
133.994778, 1.658057, 1.604077, -0.053980,   1.660474, 1.654028, -0.006445,   1.645166, 0.039478,
134.019271, 1.658862, 1.591187, -0.067676,   1.656445, 1.666919, 0.010474,   1.640332, 0.041895,
134.043459, 1.654834, 1.546875, -0.107959,   1.656445, 1.668530, 0.012085,   1.643555, 0.036255,
134.067884, 1.654834, 1.542041, -0.112793,   1.658862, 1.653223, -0.005640,   1.640332, 0.040283,
134.092550, 1.657251, 1.606494, -0.050757,   1.660474, 1.660474, 0.000000,   1.637109, 0.037866,
134.116995, 1.658057, 1.574268, -0.083789,   1.654834, 1.654028, -0.000806,   1.641138, 0.039478,
134.141549, 1.658862, 1.596020, -0.062842,   1.654834, 1.650000, -0.004834,   1.639526, 0.036255,
134.166215, 1.645166, 1.536401, -0.108765,   1.647583, 1.647583, 0.000000,   1.639526, 0.025781,
134.190672, 1.645972, 1.550098, -0.095874,   1.643555, 1.633887, -0.009668,   1.633887, 0.028198,
134.215256, 1.649194, 1.589575, -0.059619,   1.647583, 1.641138, -0.006445,   1.635498, 0.027393,
134.239787, 1.650000, 1.581519, -0.068481,   1.645972, 1.643555, -0.002417,   1.633081, 0.024976,
134.264455, 1.649194, 1.612134, -0.037061,   1.648389, 1.658862, 0.010474,   1.637109, 0.024976,
134.288886, 1.647583, 1.582324, -0.065259,   1.649194, 1.662891, 0.013696,   1.627441, 0.024976,
134.313298, 1.650000, 1.578296, -0.071704,   1.648389, 1.627441, -0.020947,   1.636304, 0.023364,
134.337873, 1.650806, 1.590381, -0.060425,   1.647583, 1.665308, 0.017725,   1.636304, 0.025781,
134.362304, 1.647583, 1.587964, -0.059619,   1.649194, 1.637109, -0.012085,   1.633887, 0.023364,
134.387112, 1.649194, 1.566211, -0.082983,   1.649194, 1.650000, 0.000806,   1.633081, 0.025781,
134.411497, 1.654028, 1.596020, -0.058008,   1.654834, 1.640332, -0.014502,   1.631470, 0.032227,
134.435989, 1.650806, 1.582324, -0.068481,   1.650000, 1.656445, 0.006445,   1.632275, 0.025781,
134.460331, 1.650806, 1.579907, -0.070898,   1.648389, 1.610522, -0.037866,   1.633887, 0.023364,
134.485112, 1.662085, 1.565405, -0.096680,   1.664502, 1.662085, -0.002417,   1.637915, 0.037866,
134.509816, 1.662891, 1.587964, -0.074927,   1.664502, 1.654834, -0.009668,   1.637915, 0.032227,
134.534344, 1.662085, 1.606494, -0.055591,   1.657251, 1.635498, -0.021753,   1.644360, 0.038672,
134.558880, 1.656445, 1.595215, -0.061230,   1.662891, 1.625024, -0.037866,   1.640332, 0.039478,
134.583778, 1.661279, 1.603271, -0.058008,   1.656445, 1.650000, -0.006445,   1.641943, 0.038672,
134.608338, 1.661279, 1.600855, -0.060425,   1.662085, 1.654834, -0.007251,   1.639526, 0.034644,
134.632884, 1.656445, 1.587964, -0.068481,   1.661279, 1.637915, -0.023364,   1.637915, 0.039478,
134.657448, 1.658057, 1.600855, -0.057202,   1.656445, 1.650000, -0.006445,   1.640332, 0.040283,
134.682221, 1.654834, 1.606494, -0.048340,   1.660474, 1.648389, -0.012085,   1.637915, 0.039478,
134.706779, 1.658057, 1.612134, -0.045923,   1.657251, 1.654834, -0.002417,   1.636304, 0.033838,
134.731350, 1.660474, 1.593603, -0.066870,   1.654028, 1.640332, -0.013696,   1.639526, 0.039478,
134.755880, 1.658862, 1.582324, -0.076538,   1.654028, 1.664502, 0.010474,   1.641943, 0.037866,
134.780452, 1.660474, 1.595215, -0.065259,   1.654834, 1.629858, -0.024976,   1.640332, 0.037866,
134.804991, 1.662085, 1.598437, -0.063648,   1.656445, 1.670142, 0.013696,   1.643555, 0.045923,
134.829337, 1.645972, 1.567822, -0.078149,   1.647583, 1.640332, -0.007251,   1.635498, 0.030615,
134.853879, 1.648389, 1.577490, -0.070898,   1.647583, 1.658057, 0.010474,   1.633887, 0.026587,
134.878448, 1.648389, 1.595215, -0.053174,   1.645166, 1.650000, 0.004834,   1.632275, 0.023364,
134.902764, 1.648389, 1.550098, -0.098291,   1.648389, 1.647583, -0.000806,   1.635498, 0.028198,
134.927457, 1.649194, 1.575879, -0.073316,   1.647583, 1.637109, -0.010474,   1.635498, 0.028198,
134.952009, 1.649194, 1.581519, -0.067676,   1.650806, 1.616968, -0.033838,   1.631470, 0.024976,
134.976672, 1.652417, 1.581519, -0.070898,   1.649194, 1.643555, -0.005640,   1.635498, 0.026587,
135.001342, 1.648389, 1.621802, -0.026587,   1.647583, 1.640332, -0.007251,   1.631470, 0.025781,
135.025976, 1.650806, 1.596826, -0.053979,   1.654028, 1.645972, -0.008057,   1.625024, 0.026587,
135.050564, 1.649194, 1.589575, -0.059619,   1.648389, 1.645166, -0.003223,   1.637109, 0.028198,
135.075219, 1.652417, 1.583935, -0.068481,   1.650806, 1.633887, -0.016919,   1.633081, 0.026587,
135.099767, 1.654028, 1.590381, -0.063648,   1.652417, 1.637915, -0.014502,   1.633081, 0.027393,
135.124444, 1.664502, 1.618579, -0.045923,   1.662085, 1.656445, -0.005640,   1.643555, 0.041895,
135.148996, 1.664502, 1.590381, -0.074121,   1.661279, 1.657251, -0.004028,   1.640332, 0.037866,
135.173659, 1.662891, 1.591992, -0.070898,   1.660474, 1.657251, -0.003223,   1.639526, 0.038672,
135.198336, 1.660474, 1.603271, -0.057202,   1.658862, 1.654834, -0.004028,   1.639526, 0.038672,
135.222937, 1.661279, 1.591992, -0.069287,   1.662085, 1.654028, -0.008057,   1.637915, 0.039478,
135.247450, 1.662891, 1.583935, -0.078955,   1.662085, 1.647583, -0.014502,   1.641138, 0.043506,
135.272116, 1.656445, 1.583130, -0.073315,   1.658057, 1.662085, 0.004028,   1.640332, 0.037866,
135.296555, 1.661279, 1.578296, -0.082983,   1.656445, 1.652417, -0.004028,   1.640332, 0.037866,
135.321208, 1.661279, 1.596020, -0.065259,   1.657251, 1.657251, 0.000000,   1.640332, 0.038672,
135.345450, 1.661279, 1.578296, -0.082983,   1.654834, 1.641943, -0.012891,   1.641943, 0.038672,
135.370023, 1.658862, 1.595215, -0.063647,   1.658057, 1.658057, 0.000000,   1.640332, 0.037866,
135.394557, 1.657251, 1.560571, -0.096680,   1.660474, 1.643555, -0.016919,   1.643555, 0.038672,
135.419099, 1.658862, 1.549292, -0.109570,   1.658057, 1.648389, -0.009668,   1.643555, 0.037866,
135.443558, 1.645166, 1.612939, -0.032227,   1.645166, 1.654028, 0.008862,   1.633081, 0.024976,
135.468002, 1.645166, 1.571851, -0.073316,   1.647583, 1.645972, -0.001611,   1.633887, 0.024976,
135.492673, 1.645166, 1.579907, -0.065259,   1.647583, 1.633081, -0.014502,   1.633081, 0.027393,
135.517273, 1.645166, 1.571851, -0.073316,   1.645166, 1.645972, 0.000806,   1.631470, 0.028198,
135.541565, 1.650000, 1.587964, -0.062036,   1.650000, 1.633887, -0.016113,   1.631470, 0.025781,
135.566247, 1.648389, 1.591992, -0.056396,   1.649194, 1.650806, 0.001611,   1.633887, 0.028198,
135.590665, 1.649194, 1.587964, -0.061231,   1.645166, 1.637915, -0.007251,   1.633081, 0.025781,
135.615244, 1.648389, 1.585547, -0.062842,   1.650806, 1.625024, -0.025781,   1.631470, 0.025781,
135.639769, 1.650000, 1.581519, -0.068481,   1.648389, 1.661279, 0.012891,   1.633081, 0.028198,
135.664230, 1.654028, 1.578296, -0.075732,   1.645972, 1.640332, -0.005640,   1.636304, 0.028198,
135.688902, 1.653223, 1.585547, -0.067676,   1.647583, 1.650000, 0.002417,   1.633081, 0.027393,
135.713255, 1.649194, 1.583130, -0.066064,   1.649194, 1.645166, -0.004028,   1.637915, 0.028198,
135.737777, 1.650000, 1.579907, -0.070093,   1.650000, 1.654028, 0.004028,   1.633081, 0.028198,
135.762208, 1.660474, 1.587964, -0.072510,   1.666113, 1.658862, -0.007251,   1.641943, 0.039478,
135.786890, 1.661279, 1.581519, -0.079761,   1.665308, 1.641138, -0.024170,   1.643555, 0.041895,
135.811498, 1.662085, 1.585547, -0.076538,   1.660474, 1.658057, -0.002417,   1.640332, 0.041895,
135.836004, 1.662085, 1.585547, -0.076538,   1.660474, 1.629858, -0.030615,   1.640332, 0.038672,
135.860553, 1.660474, 1.599243, -0.061230,   1.662085, 1.636304, -0.025781,   1.641943, 0.037866,
135.885243, 1.656445, 1.596020, -0.060425,   1.657251, 1.654028, -0.003223,   1.640332, 0.040283,
135.909821, 1.654834, 1.587964, -0.066870,   1.661279, 1.672559, 0.011279,   1.641138, 0.040283,
135.934229, 1.661279, 1.596826, -0.064453,   1.656445, 1.679004, 0.022559,   1.633887, 0.039478,
135.958551, 1.654834, 1.581519, -0.073315,   1.658862, 1.658862, 0.000000,   1.640332, 0.039478,
135.983125, 1.658057, 1.587964, -0.070093,   1.662085, 1.666113, 0.004028,   1.641943, 0.039478,
136.007454, 1.654834, 1.594409, -0.060425,   1.657251, 1.658862, 0.001611,   1.637109, 0.036255,
136.031775, 1.658057, 1.585547, -0.072510,   1.656445, 1.645972, -0.010474,   1.640332, 0.037866,
136.056352, 1.662085, 1.591187, -0.070898,   1.658862, 1.660474, 0.001611,   1.640332, 0.040283,
136.080899, 1.653223, 1.579102, -0.074121,   1.647583, 1.645972, -0.001611,   1.635498, 0.026587,
136.105454, 1.643555, 1.575879, -0.067676,   1.647583, 1.640332, -0.007251,   1.627441, 0.028198,
136.130018, 1.647583, 1.552515, -0.095068,   1.643555, 1.648389, 0.004834,   1.637915, 0.028198,
136.154340, 1.647583, 1.573462, -0.074121,   1.649194, 1.654834, 0.005640,   1.632275, 0.027393,
136.178883, 1.645166, 1.582324, -0.062842,   1.648389, 1.640332, -0.008057,   1.633081, 0.025781,
136.203455, 1.645972, 1.575073, -0.070898,   1.648389, 1.647583, -0.000806,   1.636304, 0.027393,
136.228119, 1.647583, 1.618579, -0.029004,   1.650806, 1.650000, -0.000806,   1.636304, 0.028198,
136.252671, 1.650000, 1.579102, -0.070898,   1.650000, 1.641138, -0.008862,   1.633887, 0.023364,
136.277462, 1.653223, 1.538013, -0.115210,   1.649194, 1.636304, -0.012891,   1.633081, 0.024976,
136.302009, 1.645166, 1.581519, -0.063648,   1.650000, 1.645166, -0.004834,   1.633081, 0.023364,
136.326564, 1.649194, 1.574268, -0.074927,   1.650000, 1.636304, -0.013696,   1.633887, 0.025781,
136.351233, 1.647583, 1.558960, -0.088623,   1.648389, 1.679004, 0.030615,   1.631470, 0.028198,
136.375679, 1.650806, 1.599243, -0.051562,   1.652417, 1.637915, -0.014502,   1.635498, 0.023364,
136.400464, 1.662085, 1.627441, -0.034644,   1.662085, 1.650806, -0.011279,   1.641943, 0.034644,
136.425124, 1.660474, 1.582324, -0.078149,   1.662891, 1.647583, -0.015308,   1.639526, 0.033838,
136.449670, 1.662891, 1.546069, -0.116821,   1.656445, 1.643555, -0.012891,   1.641138, 0.036255,
136.474361, 1.662085, 1.621802, -0.040283,   1.662085, 1.658862, -0.003223,   1.640332, 0.039478,
136.499007, 1.658862, 1.575879, -0.082983,   1.658057, 1.654028, -0.004028,   1.641138, 0.038672,
136.523674, 1.661279, 1.557349, -0.103931,   1.660474, 1.654028, -0.006445,   1.641138, 0.035449,
136.548340, 1.660474, 1.587158, -0.073315,   1.657251, 1.641138, -0.016113,   1.641138, 0.038672,
136.573009, 1.658862, 1.585547, -0.073315,   1.660474, 1.654834, -0.005640,   1.640332, 0.040283,
136.597672, 1.662085, 1.599243, -0.062842,   1.661279, 1.652417, -0.008862,   1.640332, 0.040283,
136.622228, 1.658862, 1.583130, -0.075732,   1.661279, 1.661279, 0.000000,   1.633887, 0.040283,
136.646559, 1.654834, 1.598437, -0.056396,   1.654834, 1.649194, -0.005640,   1.637915, 0.039478,
136.671250, 1.658862, 1.587964, -0.070898,   1.657251, 1.637109, -0.020142,   1.636304, 0.037866,
136.695782, 1.658862, 1.581519, -0.077344,   1.657251, 1.656445, -0.000806,   1.639526, 0.040283,
136.720348, 1.647583, 1.566211, -0.081372,   1.652417, 1.666113, 0.013696,   1.641943, 0.040283,
136.744674, 1.645972, 1.579907, -0.066064,   1.644360, 1.640332, -0.004028,   1.632275, 0.027393,
136.769351, 1.647583, 1.577490, -0.070093,   1.647583, 1.632275, -0.015308,   1.632275, 0.028198,
136.794013, 1.645166, 1.574268, -0.070899,   1.643555, 1.641943, -0.001611,   1.633081, 0.026587,
136.818577, 1.647583, 1.587964, -0.059619,   1.649194, 1.640332, -0.008862,   1.635498, 0.028198,
136.843123, 1.649194, 1.579907, -0.069287,   1.647583, 1.654834, 0.007251,   1.636304, 0.027393,
136.867564, 1.650000, 1.575073, -0.074927,   1.645166, 1.652417, 0.007251,   1.633081, 0.023364,
136.892016, 1.648389, 1.579907, -0.068481,   1.650806, 1.650000, -0.000806,   1.636304, 0.023364,
136.916585, 1.650806, 1.581519, -0.069287,   1.647583, 1.669336, 0.021753,   1.629858, 0.027393,
136.940896, 1.650000, 1.599243, -0.050757,   1.649194, 1.641138, -0.008057,   1.633081, 0.027393,
136.965573, 1.649194, 1.600049, -0.049146,   1.649194, 1.641943, -0.007251,   1.635498, 0.028198,
136.990238, 1.647583, 1.586352, -0.061231,   1.649194, 1.649194, 0.000000,   1.635498, 0.028198,
137.014579, 1.649194, 1.579907, -0.069287,   1.647583, 1.645972, -0.001611,   1.636304, 0.025781,
137.039122, 1.665308, 1.566211, -0.099097,   1.662085, 1.654834, -0.007251,   1.645166, 0.038672,
137.063787, 1.662085, 1.575073, -0.087012,   1.662891, 1.661279, -0.001611,   1.641138, 0.040283,
137.088464, 1.660474, 1.589575, -0.070898,   1.660474, 1.637915, -0.022559,   1.633887, 0.039478,
137.113107, 1.665308, 1.575879, -0.089429,   1.662085, 1.654028, -0.008057,   1.644360, 0.040283,
137.137674, 1.660474, 1.604077, -0.056396,   1.660474, 1.644360, -0.016113,   1.637915, 0.039478,
137.162318, 1.657251, 1.582324, -0.074927,   1.657251, 1.632275, -0.024976,   1.637109, 0.038672,
137.187016, 1.657251, 1.595215, -0.062036,   1.657251, 1.661279, 0.004028,   1.641943, 0.036255,
137.211426, 1.654834, 1.569434, -0.085400,   1.658862, 1.670947, 0.012085,   1.637915, 0.037866,
137.235803, 1.658862, 1.612939, -0.045923,   1.657251, 1.668530, 0.011279,   1.641138, 0.040283,
137.260123, 1.657251, 1.582324, -0.074927,   1.650806, 1.654834, 0.004028,   1.641138, 0.034644,
137.284578, 1.660474, 1.583935, -0.076538,   1.658862, 1.649194, -0.009668,   1.641943, 0.038672,
137.309270, 1.658057, 1.562183, -0.095874,   1.656445, 1.662085, 0.005640,   1.637109, 0.038672,
137.333558, 1.660474, 1.567017, -0.093457,   1.656445, 1.666919, 0.010474,   1.640332, 0.037866,
137.357897, 1.649194, 1.583935, -0.065259,   1.645166, 1.640332, -0.004834,   1.633887, 0.028198,
137.382782, 1.644360, 1.596020, -0.048340,   1.647583, 1.656445, 0.008862,   1.633887, 0.028198,
137.407228, 1.643555, 1.598437, -0.045117,   1.641943, 1.650000, 0.008057,   1.633081, 0.022559,
137.431582, 1.647583, 1.600049, -0.047534,   1.648389, 1.624219, -0.024170,   1.629858, 0.027393,
137.456135, 1.647583, 1.587158, -0.060425,   1.645972, 1.658862, 0.012891,   1.633081, 0.027393,
137.480679, 1.648389, 1.583935, -0.064453,   1.650000, 1.644360, -0.005640,   1.629858, 0.027393,
137.505245, 1.650806, 1.587964, -0.062842,   1.650000, 1.662085, 0.012085,   1.635498, 0.023364,
137.529563, 1.652417, 1.579907, -0.072510,   1.654028, 1.620190, -0.033838,   1.636304, 0.029810,
137.554128, 1.650806, 1.583935, -0.066870,   1.647583, 1.649194, 0.001611,   1.628247, 0.025781,
137.578676, 1.649194, 1.595215, -0.053980,   1.650000, 1.636304, -0.013696,   1.631470, 0.028198,
137.603229, 1.650000, 1.573462, -0.076538,   1.647583, 1.645166, -0.002417,   1.633081, 0.027393,
137.627797, 1.648389, 1.582324, -0.066064,   1.650000, 1.656445, 0.006445,   1.636304, 0.026587,
137.652132, 1.647583, 1.587964, -0.059619,   1.645972, 1.654834, 0.008862,   1.633887, 0.028198,
137.676571, 1.654028, 1.591992, -0.062036,   1.661279, 1.637109, -0.024170,   1.640332, 0.039478,
137.701227, 1.657251, 1.608911, -0.048340,   1.660474, 1.641943, -0.018530,   1.640332, 0.035449,
137.725898, 1.657251, 1.589575, -0.067676,   1.658057, 1.641138, -0.016919,   1.639526, 0.039478,
137.750466, 1.662085, 1.599243, -0.062842,   1.654834, 1.658862, 0.004028,   1.641138, 0.037866,
137.774895, 1.658862, 1.596020, -0.062842,   1.661279, 1.650806, -0.010474,   1.641943, 0.040283,
137.799567, 1.662085, 1.569434, -0.092651,   1.654834, 1.648389, -0.006445,   1.640332, 0.041895,
137.824229, 1.661279, 1.581519, -0.079761,   1.661279, 1.654834, -0.006445,   1.637109, 0.041895,
137.848782, 1.660474, 1.593603, -0.066870,   1.654834, 1.641138, -0.013696,   1.637915, 0.038672,
137.873457, 1.658057, 1.591187, -0.066870,   1.658862, 1.668530, 0.009668,   1.643555, 0.038672,
137.897894, 1.654834, 1.577490, -0.077344,   1.657251, 1.668530, 0.011279,   1.640332, 0.034644,
137.922366, 1.658057, 1.593603, -0.064453,   1.658057, 1.652417, -0.005640,   1.640332, 0.036255,
137.946905, 1.661279, 1.587158, -0.074121,   1.661279, 1.654834, -0.006445,   1.645166, 0.039478,
137.971552, 1.654834, 1.596020, -0.058813,   1.658862, 1.650000, -0.008862,   1.640332, 0.038672,
137.996217, 1.657251, 1.577490, -0.079761,   1.654028, 1.643555, -0.010474,   1.640332, 0.033838,
138.020783, 1.640332, 1.579102, -0.061230,   1.645972, 1.647583, 0.001611,   1.625830, 0.028198,
138.045028, 1.645972, 1.583130, -0.062842,   1.647583, 1.643555, -0.004028,   1.629053, 0.028198,
138.069674, 1.645972, 1.587158, -0.058813,   1.645166, 1.640332, -0.004834,   1.633081, 0.024976,
138.094358, 1.650000, 1.587158, -0.062842,   1.648389, 1.640332, -0.008057,   1.633081, 0.028198,
138.119004, 1.648389, 1.589575, -0.058813,   1.645166, 1.640332, -0.004834,   1.635498, 0.024976,
138.143463, 1.648389, 1.587964, -0.060425,   1.650806, 1.637109, -0.013696,   1.635498, 0.024976,
138.168137, 1.645972, 1.538013, -0.107959,   1.650000, 1.616968, -0.033032,   1.633887, 0.024976,
138.192792, 1.652417, 1.579102, -0.073315,   1.647583, 1.662085, 0.014502,   1.633081, 0.021753,
138.217203, 1.650000, 1.598437, -0.051563,   1.647583, 1.620996, -0.026587,   1.629858, 0.028198,
138.241784, 1.650806, 1.598437, -0.052368,   1.653223, 1.647583, -0.005640,   1.632275, 0.027393,
138.266470, 1.645972, 1.595215, -0.050757,   1.647583, 1.648389, 0.000806,   1.633081, 0.024976,
138.290897, 1.650000, 1.616968, -0.033032,   1.647583, 1.640332, -0.007251,   1.631470, 0.025781,
138.315559, 1.650000, 1.589575, -0.060425,   1.649194, 1.652417, 0.003223,   1.633081, 0.035449,
138.339906, 1.658057, 1.586352, -0.071704,   1.662085, 1.687060, 0.024976,   1.640332, 0.038672,
138.364351, 1.662891, 1.582324, -0.080566,   1.661279, 1.652417, -0.008862,   1.645166, 0.042700,
138.389135, 1.658862, 1.620190, -0.038672,   1.662085, 1.658057, -0.004028,   1.641138, 0.037866,
138.413691, 1.654834, 1.586352, -0.068481,   1.657251, 1.647583, -0.009668,   1.636304, 0.036255,
138.438283, 1.661279, 1.596826, -0.064453,   1.657251, 1.664502, 0.007251,   1.641943, 0.039478,
138.462796, 1.664502, 1.579102, -0.085400,   1.661279, 1.662891, 0.001611,   1.643555, 0.038672,
138.487249, 1.658862, 1.574268, -0.084595,   1.657251, 1.664502, 0.007251,   1.641943, 0.037866,
138.511625, 1.656445, 1.598437, -0.058008,   1.661279, 1.637915, -0.023364,   1.637915, 0.039478,
138.536235, 1.658862, 1.591187, -0.067676,   1.660474, 1.662085, 0.001611,   1.637109, 0.040283,
138.560571, 1.656445, 1.587158, -0.069287,   1.660474, 1.654028, -0.006445,   1.640332, 0.039478,
138.585352, 1.654834, 1.593603, -0.061230,   1.658057, 1.650806, -0.007251,   1.639526, 0.037866,
138.609936, 1.661279, 1.557349, -0.103931,   1.657251, 1.676587, 0.019336,   1.641138, 0.041895,
138.634250, 1.658057, 1.587964, -0.070093,   1.654834, 1.645166, -0.009668,   1.637915, 0.042700,
138.658796, 1.644360, 1.587964, -0.056396,   1.645166, 1.649194, 0.004028,   1.633887, 0.024976,
138.683356, 1.645972, 1.581519, -0.064453,   1.645166, 1.653223, 0.008057,   1.633081, 0.029810,
138.707697, 1.643555, 1.581519, -0.062036,   1.641943, 1.644360, 0.002417,   1.632275, 0.023364,
138.732134, 1.649194, 1.581519, -0.067676,   1.648389, 1.649194, 0.000806,   1.640332, 0.026587,
138.756468, 1.648389, 1.581519, -0.066870,   1.647583, 1.636304, -0.011279,   1.633887, 0.023364,
138.781257, 1.649194, 1.574268, -0.074927,   1.647583, 1.645166, -0.002417,   1.629053, 0.023364,
138.805785, 1.650806, 1.579102, -0.071704,   1.647583, 1.674170, 0.026587,   1.628247, 0.026587,
138.830144, 1.649194, 1.587158, -0.062036,   1.648389, 1.637915, -0.010474,   1.637109, 0.028198,
138.854686, 1.653223, 1.586352, -0.066870,   1.647583, 1.657251, 0.009668,   1.636304, 0.027393,
138.879250, 1.652417, 1.586352, -0.066064,   1.650000, 1.653223, 0.003223,   1.639526, 0.032227,
138.903570, 1.650806, 1.573462, -0.077344,   1.645166, 1.656445, 0.011279,   1.636304, 0.024976,
138.928011, 1.650000, 1.583130, -0.066870,   1.650000, 1.640332, -0.009668,   1.635498, 0.028198,
138.952589, 1.648389, 1.566211, -0.082178,   1.647583, 1.656445, 0.008862,   1.635498, 0.027393,
138.977226, 1.662085, 1.595215, -0.066870,   1.661279, 1.645972, -0.015308,   1.645166, 0.037866,
139.001796, 1.660474, 1.587964, -0.072510,   1.657251, 1.645166, -0.012085,   1.637915, 0.037866,
139.026478, 1.662085, 1.587964, -0.074121,   1.658862, 1.637109, -0.021753,   1.639526, 0.037866,
139.051018, 1.658862, 1.587158, -0.071704,   1.660474, 1.649194, -0.011279,   1.643555, 0.041895,
139.075686, 1.664502, 1.619385, -0.045117,   1.656445, 1.616162, -0.040283,   1.640332, 0.037866,
139.100467, 1.660474, 1.583130, -0.077344,   1.656445, 1.683838, 0.027393,   1.637109, 0.038672,
139.124897, 1.661279, 1.591992, -0.069287,   1.654834, 1.658862, 0.004028,   1.641138, 0.037866,
139.149237, 1.661279, 1.586352, -0.074927,   1.654834, 1.632275, -0.022559,   1.640332, 0.040283,
139.173906, 1.658862, 1.589575, -0.069287,   1.661279, 1.669336, 0.008057,   1.637109, 0.037866,
139.198353, 1.658862, 1.581519, -0.077344,   1.656445, 1.654834, -0.001611,   1.641138, 0.035449,
139.222917, 1.662891, 1.587964, -0.074927,   1.660474, 1.647583, -0.012891,   1.637915, 0.038672,
139.247468, 1.658057, 1.587964, -0.070093,   1.654834, 1.647583, -0.007251,   1.640332, 0.035449,
139.265153, 1.661279, 1.595215, -0.066064,   1.658057, 1.635498, -0.022559,   1.641943, 0.034644,
139.289814, 1.643555, 1.585547, -0.058008,   1.641138, 1.644360, 0.003223,   1.633081, 0.025781,
139.314168, 1.645166, 1.575879, -0.069287,   1.648389, 1.649194, 0.000806,   1.633081, 0.024976,
139.338470, 1.645166, 1.586352, -0.058814,   1.645972, 1.654028, 0.008057,   1.633081, 0.024976,
139.363037, 1.645972, 1.552515, -0.093457,   1.647583, 1.648389, 0.000806,   1.631470, 0.026587,
139.387584, 1.649194, 1.570239, -0.078955,   1.648389, 1.647583, -0.000806,   1.633887, 0.027393,
139.405603, 1.647583, 1.595215, -0.052368,   1.650000, 1.652417, 0.002417,   1.633081, 0.027393,
139.430017, 1.649194, 1.615356, -0.033838,   1.650806, 1.640332, -0.010474,   1.637109, 0.024976,
139.454582, 1.649194, 1.565405, -0.083789,   1.650000, 1.666113, 0.016113,   1.636304, 0.024976,
139.479141, 1.650000, 1.550098, -0.099902,   1.649194, 1.648389, -0.000806,   1.635498, 0.027393,
139.503792, 1.649194, 1.578296, -0.070899,   1.649194, 1.664502, 0.015308,   1.637109, 0.028198,
139.528136, 1.650806, 1.596020, -0.054785,   1.649194, 1.636304, -0.012891,   1.633081, 0.025781,
139.552695, 1.650000, 1.594409, -0.055591,   1.650806, 1.647583, -0.003223,   1.635498, 0.024976,
139.577474, 1.652417, 1.587158, -0.065259,   1.649194, 1.641138, -0.008057,   1.633887, 0.028198,
139.602027, 1.666113, 1.583935, -0.082178,   1.664502, 1.650000, -0.014502,   1.633887, 0.041895,
139.626682, 1.662891, 1.585547, -0.077344,   1.660474, 1.644360, -0.016113,   1.640332, 0.037866,
139.651244, 1.660474, 1.574268, -0.086206,   1.662891, 1.643555, -0.019336,   1.644360, 0.037866,
139.675919, 1.656445, 1.570239, -0.086206,   1.660474, 1.662085, 0.001611,   1.643555, 0.038672,
139.700354, 1.658057, 1.566211, -0.091846,   1.662085, 1.637109, -0.024976,   1.640332, 0.040283,
139.724900, 1.656445, 1.589575, -0.066870,   1.654834, 1.658862, 0.004028,   1.645166, 0.039478,
139.749252, 1.661279, 1.599243, -0.062036,   1.654834, 1.653223, -0.001611,   1.641138, 0.036255,
139.773904, 1.658057, 1.579102, -0.078955,   1.661279, 1.647583, -0.013696,   1.636304, 0.037866,
139.798582, 1.661279, 1.587964, -0.073316,   1.658057, 1.639526, -0.018530,   1.639526, 0.037866,
139.823256, 1.662085, 1.585547, -0.076538,   1.658057, 1.656445, -0.001611,   1.639526, 0.037866,
139.847802, 1.662085, 1.591187, -0.070898,   1.658862, 1.654028, -0.004834,   1.641943, 0.038672,
139.872476, 1.656445, 1.591187, -0.065259,   1.657251, 1.654028, -0.003223,   1.641138, 0.040283,
139.897142, 1.657251, 1.599243, -0.058008,   1.658862, 1.658862, 0.000000,   1.640332, 0.037866,
139.921570, 1.645166, 1.581519, -0.063648,   1.645166, 1.648389, 0.003223,   1.637109, 0.030615,
139.945815, 1.645972, 1.594409, -0.051563,   1.641138, 1.662085, 0.020947,   1.631470, 0.028198,
139.970131, 1.647583, 1.587964, -0.059619,   1.647583, 1.648389, 0.000806,   1.633081, 0.026587,
139.994485, 1.645166, 1.587158, -0.058008,   1.648389, 1.641138, -0.007251,   1.635498, 0.026587,
140.019022, 1.648389, 1.581519, -0.066870,   1.647583, 1.654834, 0.007251,   1.633081, 0.027393,
140.043244, 1.649194, 1.581519, -0.067676,   1.649194, 1.647583, -0.001611,   1.635498, 0.027393,
140.067910, 1.650000, 1.561377, -0.088623,   1.647583, 1.641138, -0.006445,   1.636304, 0.028198,
140.092578, 1.645972, 1.583935, -0.062036,   1.650000, 1.662891, 0.012891,   1.636304, 0.025781,
140.117023, 1.645972, 1.590381, -0.055591,   1.650000, 1.639526, -0.010474,   1.632275, 0.027393,
140.141583, 1.650000, 1.583130, -0.066870,   1.645972, 1.627441, -0.018530,   1.633081, 0.024976,
140.166681, 1.649194, 1.579907, -0.069287,   1.647583, 1.661279, 0.013696,   1.636304, 0.024976,
140.191146, 1.652417, 1.567822, -0.084595,   1.648389, 1.672559, 0.024170,   1.633887, 0.025781,
140.215492, 1.647583, 1.587964, -0.059619,   1.645166, 1.629858, -0.015308,   1.633081, 0.028198,
140.240025, 1.658862, 1.582324, -0.076538,   1.662085, 1.654834, -0.007251,   1.637915, 0.039478,
140.264687, 1.664502, 1.600049, -0.064453,   1.662891, 1.652417, -0.010474,   1.641138, 0.036255,
140.289372, 1.662085, 1.600049, -0.062036,   1.661279, 1.644360, -0.016919,   1.637915, 0.037866,
140.313926, 1.658862, 1.599243, -0.059619,   1.654834, 1.629858, -0.024976,   1.640332, 0.032227,
140.338483, 1.658057, 1.581519, -0.076538,   1.662085, 1.664502, 0.002417,   1.641943, 0.043506,
140.362910, 1.658862, 1.552515, -0.106348,   1.661279, 1.658057, -0.003223,   1.645972, 0.039478,
140.387695, 1.661279, 1.598437, -0.062842,   1.657251, 1.643555, -0.013696,   1.640332, 0.037866,
140.412332, 1.656445, 1.567017, -0.089429,   1.660474, 1.654028, -0.006445,   1.641943, 0.036255,
140.436910, 1.656445, 1.604077, -0.052368,   1.658862, 1.654834, -0.004028,   1.640332, 0.037866,
140.461475, 1.661279, 1.581519, -0.079761,   1.653223, 1.640332, -0.012891,   1.641943, 0.039478,
140.486245, 1.654834, 1.595215, -0.059619,   1.654834, 1.643555, -0.011279,   1.640332, 0.037866,
140.510879, 1.658862, 1.595215, -0.063647,   1.657251, 1.643555, -0.013696,   1.640332, 0.037866,
140.535472, 1.658057, 1.587964, -0.070093,   1.654834, 1.649194, -0.005640,   1.639526, 0.037866,
140.560031, 1.647583, 1.600855, -0.046728,   1.654028, 1.645972, -0.008057,   1.644360, 0.039478,
140.584704, 1.647583, 1.587964, -0.059619,   1.647583, 1.636304, -0.011279,   1.635498, 0.027393,
140.609285, 1.645166, 1.575879, -0.069287,   1.648389, 1.637109, -0.011279,   1.629858, 0.025781,
140.633807, 1.647583, 1.562183, -0.085400,   1.648389, 1.649194, 0.000806,   1.632275, 0.028198,
140.658141, 1.648389, 1.561377, -0.087012,   1.650000, 1.658057, 0.008057,   1.633081, 0.028198,
140.682698, 1.647583, 1.593603, -0.053980,   1.645972, 1.666113, 0.020142,   1.633887, 0.024976,
140.707158, 1.649194, 1.587964, -0.061231,   1.647583, 1.647583, 0.000000,   1.635498, 0.025781,
140.731485, 1.647583, 1.611328, -0.036255,   1.649194, 1.647583, -0.001611,   1.636304, 0.027393,
140.756022, 1.652417, 1.586352, -0.066064,   1.650806, 1.650000, -0.000806,   1.635498, 0.026587,
140.780805, 1.649194, 1.591187, -0.058008,   1.650806, 1.640332, -0.010474,   1.637109, 0.026587,
140.805359, 1.648389, 1.599243, -0.049145,   1.650806, 1.647583, -0.003223,   1.629858, 0.028198,
140.830042, 1.650000, 1.575879, -0.074121,   1.650000, 1.658862, 0.008862,   1.633081, 0.024976,
140.854366, 1.650806, 1.594409, -0.056396,   1.645972, 1.650806, 0.004834,   1.632275, 0.027393,
140.878912, 1.664502, 1.585547, -0.078955,   1.661279, 1.647583, -0.013696,   1.640332, 0.037866,
140.903472, 1.661279, 1.590381, -0.070899,   1.662891, 1.650806, -0.012085,   1.641943, 0.036255,
140.928051, 1.660474, 1.587158, -0.073315,   1.658057, 1.635498, -0.022559,   1.643555, 0.038672,
140.952583, 1.662085, 1.593603, -0.068481,   1.657251, 1.668530, 0.011279,   1.640332, 0.039478,
140.977104, 1.658862, 1.583130, -0.075732,   1.661279, 1.650000, -0.011279,   1.639526, 0.039478,
141.001695, 1.657251, 1.586352, -0.070899,   1.662085, 1.661279, -0.000806,   1.637915, 0.036255,
141.026368, 1.662085, 1.550903, -0.111182,   1.656445, 1.623413, -0.033032,   1.636304, 0.037866,
141.050913, 1.658057, 1.590381, -0.067676,   1.654834, 1.648389, -0.006445,   1.637915, 0.040283,
141.075585, 1.662085, 1.570239, -0.091846,   1.658057, 1.647583, -0.010474,   1.641138, 0.037866,
141.100154, 1.654028, 1.553320, -0.100708,   1.654834, 1.654834, 0.000000,   1.637915, 0.036255,
141.124478, 1.657251, 1.598437, -0.058814,   1.654834, 1.654028, -0.000806,   1.640332, 0.040283,
141.149026, 1.657251, 1.564600, -0.092651,   1.656445, 1.648389, -0.008057,   1.639526, 0.041895,
141.173698, 1.662891, 1.550098, -0.112793,   1.658057, 1.650000, -0.008057,   1.647583, 0.042700,
141.198368, 1.647583, 1.560571, -0.087012,   1.645972, 1.641943, -0.004028,   1.633081, 0.027393,
141.223026, 1.645166, 1.578296, -0.066870,   1.645166, 1.640332, -0.004834,   1.629053, 0.022559,
141.247582, 1.647583, 1.567017, -0.080566,   1.647583, 1.645166, -0.002417,   1.633887, 0.028198,
141.272372, 1.649194, 1.585547, -0.063648,   1.648389, 1.643555, -0.004834,   1.633887, 0.028198,
141.297021, 1.645972, 1.587158, -0.058813,   1.648389, 1.654028, 0.005640,   1.635498, 0.028198,
141.321368, 1.645972, 1.587964, -0.058008,   1.650000, 1.658862, 0.008862,   1.637109, 0.024976,
141.345593, 1.650806, 1.567017, -0.083789,   1.648389, 1.649194, 0.000806,   1.636304, 0.026587,
141.369915, 1.649194, 1.579907, -0.069287,   1.650806, 1.645166, -0.005640,   1.632275, 0.026587,
141.394585, 1.647583, 1.587964, -0.059619,   1.650806, 1.649194, -0.001611,   1.632275, 0.024976,
141.419147, 1.650000, 1.570239, -0.079761,   1.647583, 1.644360, -0.003223,   1.635498, 0.029810,
141.443594, 1.650000, 1.612134, -0.037866,   1.648389, 1.643555, -0.004834,   1.631470, 0.028198,
141.468248, 1.650000, 1.625024, -0.024976,   1.647583, 1.637915, -0.009668,   1.632275, 0.028198,
141.492915, 1.650806, 1.581519, -0.069287,   1.648389, 1.636304, -0.012085,   1.629858, 0.028198,
141.517583, 1.662891, 1.589575, -0.073315,   1.658057, 1.643555, -0.014502,   1.640332, 0.040283,
141.542155, 1.660474, 1.594409, -0.066064,   1.662891, 1.633081, -0.029809,   1.641138, 0.041895,
141.566805, 1.662891, 1.599243, -0.063647,   1.658862, 1.647583, -0.011279,   1.643555, 0.036255,
141.591481, 1.662085, 1.600049, -0.062036,   1.658057, 1.660474, 0.002417,   1.641943, 0.037866,
141.615914, 1.662085, 1.608911, -0.053174,   1.654834, 1.645166, -0.009668,   1.637109, 0.036255,
141.640479, 1.662085, 1.596020, -0.066064,   1.658862, 1.640332, -0.018530,   1.640332, 0.037866,
141.665159, 1.661279, 1.591992, -0.069287,   1.658057, 1.652417, -0.005640,   1.640332, 0.041895,
141.689816, 1.657251, 1.595215, -0.062036,   1.662085, 1.654834, -0.007251,   1.643555, 0.041895,
141.714468, 1.658862, 1.608911, -0.049951,   1.660474, 1.647583, -0.012891,   1.641138, 0.034644,
141.739035, 1.660474, 1.593603, -0.066870,   1.657251, 1.654028, -0.003223,   1.640332, 0.036255,
141.763699, 1.657251, 1.596020, -0.061231,   1.654834, 1.648389, -0.006445,   1.636304, 0.040283,
141.788367, 1.656445, 1.593603, -0.062842,   1.654834, 1.694311, 0.039478,   1.637109, 0.040283,
141.812773, 1.654834, 1.594409, -0.060425,   1.653223, 1.666113, 0.012891,   1.640332, 0.037866,
141.837145, 1.656445, 1.573462, -0.082983,   1.654028, 1.665308, 0.011279,   1.635498, 0.028198,
141.861483, 1.644360, 1.567822, -0.076538,   1.647583, 1.639526, -0.008057,   1.633081, 0.026587,
141.886142, 1.648389, 1.558960, -0.089429,   1.647583, 1.647583, 0.000000,   1.635498, 0.026587,
141.910581, 1.650000, 1.571851, -0.078149,   1.645972, 1.641943, -0.004028,   1.633081, 0.024976,
141.935148, 1.647583, 1.581519, -0.066064,   1.649194, 1.635498, -0.013696,   1.632275, 0.024976,
141.959701, 1.647583, 1.581519, -0.066064,   1.645166, 1.639526, -0.005640,   1.633081, 0.025781,
141.984492, 1.650806, 1.579907, -0.070898,   1.645972, 1.645166, -0.000806,   1.633081, 0.029810,
142.009062, 1.647583, 1.594409, -0.053174,   1.650000, 1.611328, -0.038672,   1.629053, 0.028198,
142.033594, 1.649194, 1.581519, -0.067676,   1.648389, 1.612134, -0.036255,   1.629053, 0.027393,
142.058255, 1.652417, 1.585547, -0.066870,   1.649194, 1.627441, -0.021753,   1.635498, 0.026587,
142.083041, 1.650000, 1.579102, -0.070898,   1.650000, 1.664502, 0.014502,   1.635498, 0.026587,
142.107380, 1.653223, 1.587964, -0.065259,   1.657251, 1.645972, -0.011279,   1.637109, 0.028198,
142.131917, 1.647583, 1.591187, -0.056396,   1.650806, 1.637915, -0.012891,   1.637109, 0.026587,
142.156483, 1.650000, 1.581519, -0.068481,   1.650806, 1.652417, 0.001611,   1.633081, 0.040283,
142.181048, 1.662085, 1.587964, -0.074121,   1.664502, 1.647583, -0.016919,   1.641943, 0.036255,
142.205588, 1.661279, 1.575073, -0.086206,   1.658862, 1.648389, -0.010474,   1.644360, 0.041895,
142.230261, 1.657251, 1.581519, -0.075732,   1.658057, 1.648389, -0.009668,   1.640332, 0.038672,
142.254803, 1.662085, 1.594409, -0.067676,   1.662085, 1.658057, -0.004028,   1.639526, 0.040283,
142.279590, 1.661279, 1.599243, -0.062036,   1.654028, 1.654834, 0.000806,   1.640332, 0.035449,
142.303927, 1.660474, 1.593603, -0.066870,   1.661279, 1.658862, -0.002417,   1.647583, 0.040283,
142.328588, 1.660474, 1.595215, -0.065259,   1.654834, 1.647583, -0.007251,   1.640332, 0.038672,
142.353154, 1.662085, 1.595215, -0.066870,   1.660474, 1.661279, 0.000806,   1.641138, 0.037866,
142.377770, 1.657251, 1.587964, -0.069287,   1.661279, 1.648389, -0.012891,   1.641138, 0.035449,
142.402369, 1.654834, 1.583130, -0.071704,   1.658057, 1.656445, -0.001611,   1.637109, 0.040283,
142.426920, 1.658862, 1.585547, -0.073315,   1.658057, 1.633081, -0.024976,   1.640332, 0.039478,
142.451490, 1.656445, 1.574268, -0.082178,   1.656445, 1.643555, -0.012891,   1.640332, 0.039478,
142.476148, 1.654834, 1.577490, -0.077344,   1.658862, 1.647583, -0.011279,   1.641943, 0.033838,
142.500719, 1.645972, 1.574268, -0.071704,   1.643555, 1.672559, 0.029004,   1.635498, 0.026587,
142.525153, 1.649194, 1.575073, -0.074121,   1.648389, 1.645972, -0.002417,   1.640332, 0.030615,
142.549699, 1.647583, 1.587158, -0.060425,   1.645166, 1.648389, 0.003223,   1.637109, 0.023364,
142.574148, 1.647583, 1.598437, -0.049146,   1.645166, 1.649194, 0.004028,   1.639526, 0.027393,
142.598585, 1.649194, 1.581519, -0.067676,   1.650000, 1.654028, 0.004028,   1.636304, 0.022559,
142.622925, 1.647583, 1.571851, -0.075732,   1.647583, 1.645166, -0.002417,   1.631470, 0.026587,
142.647590, 1.645972, 1.560571, -0.085400,   1.650000, 1.673364, 0.023364,   1.636304, 0.028198,
142.672023, 1.649194, 1.577490, -0.071704,   1.647583, 1.647583, 0.000000,   1.631470, 0.026587,
142.696501, 1.647583, 1.579102, -0.068481,   1.650000, 1.628247, -0.021753,   1.633081, 0.026587,
142.721127, 1.648389, 1.567822, -0.080566,   1.648389, 1.641943, -0.006445,   1.628247, 0.024976,
142.745592, 1.650000, 1.575073, -0.074927,   1.648389, 1.657251, 0.008862,   1.633081, 0.025781,
142.770036, 1.650806, 1.595215, -0.055591,   1.647583, 1.645972, -0.001611,   1.635498, 0.024976,
142.794705, 1.650806, 1.616968, -0.033838,   1.647583, 1.652417, 0.004834,   1.636304, 0.029810,
142.819117, 1.662891, 1.600049, -0.062842,   1.660474, 1.627441, -0.033032,   1.637915, 0.037866,
142.843694, 1.660474, 1.611328, -0.049145,   1.658057, 1.652417, -0.005640,   1.640332, 0.037866,
142.868253, 1.660474, 1.570239, -0.090234,   1.662085, 1.649194, -0.012891,   1.637915, 0.039478,
142.892963, 1.660474, 1.591992, -0.068481,   1.661279, 1.645166, -0.016113,   1.643555, 0.037866,
142.917484, 1.654834, 1.579102, -0.075732,   1.656445, 1.640332, -0.016113,   1.641943, 0.040283,
142.942038, 1.662085, 1.587964, -0.074121,   1.662085, 1.650000, -0.012085,   1.637109, 0.042700,
142.966701, 1.657251, 1.575073, -0.082178,   1.658862, 1.645166, -0.013696,   1.640332, 0.036255,
142.991367, 1.658862, 1.591187, -0.067676,   1.658057, 1.666113, 0.008057,   1.643555, 0.040283,
143.015711, 1.661279, 1.585547, -0.075732,   1.658862, 1.686255, 0.027393,   1.640332, 0.036255,
143.040031, 1.658862, 1.544458, -0.114404,   1.654834, 1.645972, -0.008862,   1.643555, 0.040283,
143.064710, 1.660474, 1.587158, -0.073315,   1.662085, 1.649194, -0.012891,   1.637109, 0.038672,
143.089424, 1.658057, 1.570239, -0.087817,   1.657251, 1.660474, 0.003223,   1.636304, 0.042700,
143.113711, 1.656445, 1.546875, -0.109570,   1.656445, 1.641138, -0.015308,   1.633887, 0.035449,
143.138272, 1.647583, 1.566211, -0.081372,   1.647583, 1.636304, -0.011279,   1.631470, 0.026587,
143.162913, 1.644360, 1.624219, -0.020142,   1.647583, 1.645166, -0.002417,   1.633081, 0.022559,
143.187590, 1.649194, 1.571851, -0.077344,   1.645972, 1.656445, 0.010474,   1.633081, 0.027393,
143.212008, 1.648389, 1.585547, -0.062842,   1.647583, 1.648389, 0.000806,   1.636304, 0.024976,
143.236372, 1.647583, 1.575879, -0.071704,   1.650806, 1.618579, -0.032227,   1.636304, 0.024976,
143.260924, 1.647583, 1.583935, -0.063648,   1.647583, 1.633081, -0.014502,   1.633887, 0.024976,
143.285612, 1.650000, 1.571045, -0.078955,   1.650000, 1.633081, -0.016919,   1.635498, 0.024976,
143.310190, 1.650000, 1.587964, -0.062036,   1.650000, 1.652417, 0.002417,   1.635498, 0.026587,
143.334486, 1.649194, 1.585547, -0.063648,   1.650000, 1.645166, -0.004834,   1.635498, 0.026587,
143.359043, 1.653223, 1.566211, -0.087012,   1.649194, 1.657251, 0.008057,   1.637109, 0.032227,
143.383714, 1.648389, 1.620996, -0.027393,   1.648389, 1.645166, -0.003223,   1.631470, 0.026587,
143.408273, 1.650000, 1.581519, -0.068481,   1.647583, 1.619385, -0.028198,   1.631470, 0.027393,
143.431519, 1.650806, 1.619385, -0.031421,   1.649194, 1.637915, -0.011279,   1.633887, 0.024976,
143.456034, 1.666113, 1.550098, -0.116016,   1.664502, 1.628247, -0.036255,   1.641943, 0.034644,
143.480852, 1.664502, 1.566211, -0.098291,   1.658057, 1.650806, -0.007251,   1.641138, 0.040283,
143.505375, 1.654834, 1.582324, -0.072510,   1.657251, 1.656445, -0.000806,   1.635498, 0.039478,
143.530050, 1.657251, 1.608105, -0.049146,   1.661279, 1.643555, -0.017725,   1.641943, 0.039478,
143.554589, 1.654834, 1.587964, -0.066870,   1.662085, 1.654834, -0.007251,   1.637109, 0.040283,
143.579376, 1.661279, 1.583935, -0.077344,   1.660474, 1.640332, -0.020142,   1.637915, 0.040283,
143.603923, 1.658057, 1.550098, -0.107959,   1.654834, 1.662085, 0.007251,   1.641943, 0.037866,
143.628374, 1.657251, 1.583935, -0.073316,   1.654028, 1.665308, 0.011279,   1.640332, 0.037866,
143.652710, 1.662891, 1.596020, -0.066870,   1.654834, 1.650000, -0.004834,   1.640332, 0.039478,
143.677487, 1.658862, 1.583935, -0.074927,   1.654834, 1.650000, -0.004834,   1.644360, 0.039478,
143.702044, 1.661279, 1.582324, -0.078955,   1.657251, 1.661279, 0.004028,   1.636304, 0.037866,
143.726489, 1.656445, 1.589575, -0.066870,   1.660474, 1.637915, -0.022559,   1.637915, 0.039478,
143.751031, 1.654834, 1.566211, -0.088623,   1.656445, 1.648389, -0.008057,   1.639526, 0.039478,
143.775710, 1.647583, 1.574268, -0.073316,   1.650806, 1.645972, -0.004834,   1.637109, 0.029810,
143.799490, 1.644360, 1.582324, -0.062036,   1.645166, 1.644360, -0.000806,   1.633887, 0.025781,
143.824157, 1.647583, 1.581519, -0.066064,   1.647583, 1.645972, -0.001611,   1.633887, 0.027393,
143.848483, 1.647583, 1.574268, -0.073316,   1.650000, 1.647583, -0.002417,   1.637109, 0.025781,
143.873155, 1.647583, 1.585547, -0.062036,   1.645166, 1.637109, -0.008057,   1.637915, 0.027393,
143.897817, 1.647583, 1.573462, -0.074121,   1.648389, 1.654834, 0.006445,   1.633081, 0.028198,
143.922254, 1.647583, 1.598437, -0.049146,   1.645972, 1.649194, 0.003223,   1.639526, 0.025781,
143.946571, 1.645972, 1.582324, -0.063648,   1.649194, 1.629858, -0.019336,   1.636304, 0.028198,
143.971249, 1.650000, 1.575073, -0.074927,   1.650000, 1.674976, 0.024976,   1.635498, 0.027393,
143.995612, 1.649194, 1.581519, -0.067676,   1.650000, 1.610522, -0.039478,   1.633081, 0.028198,
144.020267, 1.650000, 1.581519, -0.068481,   1.650806, 1.650000, -0.000806,   1.629053, 0.026587,
144.044710, 1.647583, 1.566211, -0.081372,   1.649194, 1.641138, -0.008057,   1.633081, 0.021753,
144.069375, 1.648389, 1.590381, -0.058008,   1.650000, 1.662085, 0.012085,   1.636304, 0.028198,
144.093721, 1.665308, 1.579907, -0.085400,   1.662085, 1.625024, -0.037060,   1.641138, 0.038672,
144.118375, 1.662085, 1.596020, -0.066064,   1.664502, 1.660474, -0.004028,   1.639526, 0.038672,
144.142920, 1.662085, 1.598437, -0.063648,   1.662085, 1.662085, 0.000000,   1.637109, 0.033838,
144.167274, 1.658862, 1.593603, -0.065259,   1.661279, 1.656445, -0.004834,   1.640332, 0.039478,
144.191926, 1.662891, 1.608105, -0.054785,   1.656445, 1.645166, -0.011279,   1.647583, 0.037866,
144.216599, 1.661279, 1.579102, -0.082178,   1.657251, 1.650000, -0.007251,   1.637915, 0.039478,
144.241172, 1.662085, 1.581519, -0.080566,   1.656445, 1.664502, 0.008057,   1.640332, 0.037866,
144.265592, 1.657251, 1.579907, -0.077344,   1.660474, 1.648389, -0.012085,   1.641138, 0.037866,
144.290272, 1.658862, 1.600049, -0.058813,   1.658862, 1.631470, -0.027393,   1.641138, 0.041895,
144.314820, 1.654834, 1.589575, -0.065259,   1.656445, 1.657251, 0.000806,   1.640332, 0.039478,
144.339166, 1.657251, 1.591187, -0.066064,   1.656445, 1.661279, 0.004834,   1.633887, 0.039478,
144.363588, 1.657251, 1.585547, -0.071704,   1.660474, 1.656445, -0.004028,   1.641943, 0.040283,
144.388264, 1.657251, 1.586352, -0.070899,   1.660474, 1.654834, -0.005640,   1.640332, 0.040283,
144.412879, 1.654028, 1.558154, -0.095874,   1.649194, 1.645972, -0.003223,   1.633887, 0.031421,
144.437492, 1.647583, 1.570239, -0.077344,   1.645166, 1.652417, 0.007251,   1.632275, 0.023364,
144.461813, 1.645972, 1.562183, -0.083789,   1.647583, 1.644360, -0.003223,   1.637109, 0.028198,
144.486497, 1.648389, 1.587964, -0.060425,   1.645166, 1.656445, 0.011279,   1.631470, 0.027393,
144.510848, 1.645166, 1.561377, -0.083789,   1.649194, 1.637109, -0.012085,   1.631470, 0.027393,
144.535391, 1.647583, 1.582324, -0.065259,   1.648389, 1.643555, -0.004834,   1.633887, 0.024976,
144.559934, 1.650806, 1.587158, -0.063647,   1.647583, 1.649194, 0.001611,   1.633081, 0.028198,
144.584498, 1.650000, 1.558960, -0.091040,   1.649194, 1.640332, -0.008862,   1.633887, 0.023364,
144.609085, 1.656445, 1.623413, -0.033032,   1.654834, 1.643555, -0.011279,   1.636304, 0.029810,
144.633599, 1.650806, 1.566211, -0.084595,   1.652417, 1.645166, -0.007251,   1.633887, 0.028198,
144.658161, 1.647583, 1.581519, -0.066064,   1.650000, 1.620190, -0.029810,   1.633887, 0.027393,
144.682929, 1.650806, 1.582324, -0.068481,   1.650806, 1.641138, -0.009668,   1.633081, 0.024976,
144.707491, 1.648389, 1.591187, -0.057202,   1.650806, 1.637915, -0.012891,   1.633887, 0.028198,
144.732050, 1.662085, 1.586352, -0.075732,   1.658057, 1.633887, -0.024170,   1.644360, 0.035449,
144.756610, 1.662085, 1.578296, -0.083789,   1.662085, 1.650806, -0.011279,   1.637109, 0.036255,
144.781381, 1.658862, 1.596020, -0.062842,   1.657251, 1.674170, 0.016919,   1.643555, 0.037866,
144.805722, 1.658862, 1.604883, -0.053979,   1.662085, 1.652417, -0.009668,   1.633081, 0.037866,
144.830263, 1.661279, 1.583935, -0.077344,   1.662085, 1.633887, -0.028198,   1.641943, 0.041895,
144.854814, 1.656445, 1.598437, -0.058008,   1.660474, 1.658057, -0.002417,   1.643555, 0.041895,
144.879603, 1.660474, 1.565405, -0.095068,   1.658862, 1.640332, -0.018530,   1.636304, 0.039478,
144.904160, 1.654028, 1.582324, -0.071704,   1.661279, 1.653223, -0.008057,   1.640332, 0.037866,
144.928716, 1.654834, 1.589575, -0.065259,   1.656445, 1.650806, -0.005640,   1.643555, 0.040283,
144.953263, 1.658862, 1.603271, -0.055591,   1.660474, 1.652417, -0.008057,   1.639526, 0.040283,
144.978019, 1.654028, 1.554932, -0.099097,   1.658862, 1.658862, 0.000000,   1.639526, 0.038672,
145.002387, 1.658862, 1.587158, -0.071704,   1.658862, 1.654834, -0.004028,   1.640332, 0.037866,
145.026934, 1.660474, 1.603271, -0.057202,   1.660474, 1.650806, -0.009668,   1.640332, 0.037866,
145.051492, 1.647583, 1.566211, -0.081372,   1.645972, 1.649194, 0.003223,   1.632275, 0.027393,
145.075935, 1.647583, 1.579102, -0.068481,   1.647583, 1.647583, 0.000000,   1.635498, 0.025781,
145.100280, 1.650000, 1.579907, -0.070093,   1.648389, 1.647583, -0.000806,   1.637109, 0.028198,
145.124923, 1.648389, 1.565405, -0.082983,   1.645166, 1.632275, -0.012891,   1.628247, 0.028198,
145.149493, 1.645972, 1.599243, -0.046728,   1.647583, 1.644360, -0.003223,   1.633081, 0.024976,
145.174167, 1.648389, 1.618579, -0.029810,   1.648389, 1.664502, 0.016113,   1.635498, 0.023364,
145.198602, 1.645166, 1.558960, -0.086206,   1.649194, 1.639526, -0.009668,   1.631470, 0.024976,
145.223275, 1.649194, 1.596020, -0.053174,   1.647583, 1.643555, -0.004028,   1.632275, 0.023364,
145.247824, 1.645166, 1.581519, -0.063648,   1.650000, 1.650000, 0.000000,   1.633081, 0.028198,
145.272263, 1.650806, 1.577490, -0.073315,   1.645166, 1.650000, 0.004834,   1.633887, 0.024976,
145.296722, 1.653223, 1.618579, -0.034644,   1.650000, 1.652417, 0.002417,   1.629053, 0.024976,
145.321151, 1.647583, 1.566211, -0.081372,   1.652417, 1.649194, -0.003223,   1.633081, 0.026587,
145.345612, 1.652417, 1.583130, -0.069287,   1.647583, 1.645166, -0.002417,   1.633081, 0.028198,
145.370165, 1.661279, 1.621802, -0.039478,   1.662085, 1.670947, 0.008862,   1.640332, 0.041895,
145.394602, 1.661279, 1.586352, -0.074927,   1.662891, 1.683032, 0.020142,   1.643555, 0.037866,
145.418938, 1.656445, 1.583130, -0.073315,   1.661279, 1.657251, -0.004028,   1.637109, 0.035449,
145.443503, 1.660474, 1.581519, -0.078955,   1.662085, 1.628247, -0.033838,   1.643555, 0.040283,
145.468163, 1.660474, 1.590381, -0.070093,   1.658862, 1.658057, -0.000806,   1.637109, 0.038672,
145.492829, 1.661279, 1.594409, -0.066870,   1.658862, 1.643555, -0.015308,   1.640332, 0.039478,
145.517492, 1.662085, 1.583935, -0.078149,   1.656445, 1.652417, -0.004028,   1.640332, 0.039478,
145.542051, 1.662085, 1.591992, -0.070093,   1.661279, 1.650000, -0.011279,   1.640332, 0.040283,
145.566710, 1.656445, 1.591187, -0.065259,   1.654834, 1.643555, -0.011279,   1.640332, 0.033838,
145.591389, 1.661279, 1.583935, -0.077344,   1.662085, 1.652417, -0.009668,   1.643555, 0.037866,
145.615931, 1.658862, 1.587964, -0.070898,   1.657251, 1.639526, -0.017725,   1.647583, 0.039478,
145.640499, 1.660474, 1.620996, -0.039477,   1.654834, 1.640332, -0.014502,   1.637915, 0.040283,
145.665167, 1.656445, 1.598437, -0.058008,   1.652417, 1.645166, -0.007251,   1.637915, 0.035449,
145.689830, 1.647583, 1.585547, -0.062036,   1.643555, 1.652417, 0.008862,   1.633081, 0.026587,
145.714215, 1.645972, 1.619385, -0.026587,   1.645972, 1.633081, -0.012891,   1.632275, 0.025781,
145.738829, 1.649194, 1.600049, -0.049146,   1.647583, 1.647583, 0.000000,   1.633081, 0.027393,
145.763275, 1.650000, 1.591187, -0.058813,   1.649194, 1.645166, -0.004028,   1.633081, 0.024976,
145.787933, 1.650000, 1.546875, -0.103125,   1.647583, 1.652417, 0.004834,   1.633887, 0.023364,
145.812352, 1.650000, 1.566211, -0.083789,   1.652417, 1.640332, -0.012085,   1.633081, 0.028198,
145.836933, 1.650806, 1.583130, -0.067676,   1.645972, 1.656445, 0.010474,   1.635498, 0.027393,
145.861281, 1.650806, 1.578296, -0.072510,   1.650806, 1.650000, -0.000806,   1.633081, 0.024976,
145.885934, 1.649194, 1.596020, -0.053174,   1.647583, 1.623413, -0.024170,   1.635498, 0.026587,
145.910396, 1.647583, 1.587158, -0.060425,   1.652417, 1.645166, -0.007251,   1.631470, 0.027393,
145.934935, 1.650806, 1.581519, -0.069287,   1.649194, 1.650000, 0.000806,   1.633081, 0.023364,
145.959283, 1.649194, 1.583935, -0.065259,   1.648389, 1.640332, -0.008057,   1.637109, 0.028198,
145.984057, 1.653223, 1.600855, -0.052368,   1.649194, 1.648389, -0.000806,   1.636304, 0.023364,
146.008605, 1.662891, 1.556543, -0.106348,   1.664502, 1.650000, -0.014502,   1.637109, 0.037866,
146.033179, 1.662085, 1.575073, -0.087012,   1.664502, 1.649194, -0.015308,   1.647583, 0.039478,
146.057718, 1.662085, 1.565405, -0.096680,   1.662085, 1.652417, -0.009668,   1.639526, 0.041895,
146.082498, 1.654834, 1.599243, -0.055591,   1.660474, 1.660474, 0.000000,   1.641138, 0.038672,
146.106849, 1.661279, 1.552515, -0.108765,   1.660474, 1.650806, -0.009668,   1.640332, 0.040283,
146.131503, 1.660474, 1.582324, -0.078149,   1.662085, 1.654028, -0.008057,   1.636304, 0.039478,
146.156054, 1.658862, 1.586352, -0.072510,   1.660474, 1.673364, 0.012891,   1.640332, 0.035449,
146.180603, 1.660474, 1.600855, -0.059619,   1.661279, 1.654834, -0.006445,   1.640332, 0.037866,
146.205161, 1.658057, 1.587964, -0.070093,   1.660474, 1.681421, 0.020947,   1.640332, 0.037866,
146.229609, 1.657251, 1.612134, -0.045117,   1.656445, 1.676587, 0.020142,   1.640332, 0.040283,
146.253929, 1.654834, 1.583130, -0.071704,   1.654028, 1.660474, 0.006445,   1.641138, 0.039478,
146.278501, 1.658057, 1.596826, -0.061230,   1.656445, 1.637109, -0.019336,   1.641138, 0.038672,
146.303106, 1.658862, 1.616968, -0.041894,   1.660474, 1.637109, -0.023364,   1.641138, 0.042700,
146.327730, 1.662085, 1.587964, -0.074121,   1.660474, 1.647583, -0.012891,   1.648389, 0.039478,
146.352269, 1.643555, 1.596020, -0.047534,   1.647583, 1.640332, -0.007251,   1.636304, 0.026587,
146.376940, 1.652417, 1.581519, -0.070898,   1.648389, 1.637109, -0.011279,   1.633887, 0.028198,
146.401499, 1.650000, 1.586352, -0.063648,   1.648389, 1.649194, 0.000806,   1.633081, 0.028198,
146.425939, 1.650000, 1.577490, -0.072510,   1.645972, 1.645972, 0.000000,   1.631470, 0.027393,
146.450282, 1.649194, 1.586352, -0.062842,   1.647583, 1.649194, 0.001611,   1.633081, 0.025781,
146.474718, 1.650000, 1.557349, -0.092651,   1.650000, 1.645166, -0.004834,   1.632275, 0.025781,
146.499381, 1.645166, 1.596826, -0.048340,   1.653223, 1.648389, -0.004834,   1.633081, 0.027393,
146.523948, 1.647583, 1.577490, -0.070093,   1.648389, 1.672559, 0.024170,   1.633081, 0.022559,
146.548278, 1.652417, 1.583935, -0.068481,   1.650000, 1.647583, -0.002417,   1.633887, 0.028198,
146.572937, 1.654028, 1.586352, -0.067676,   1.650000, 1.658862, 0.008862,   1.633081, 0.028198,
146.597392, 1.649194, 1.587158, -0.062036,   1.652417, 1.653223, 0.000806,   1.633887, 0.027393,
146.621817, 1.647583, 1.581519, -0.066064,   1.649194, 1.654834, 0.005640,   1.633081, 0.022559,
146.646134, 1.656445, 1.589575, -0.066870,   1.660474, 1.645166, -0.015308,   1.640332, 0.038672,
146.670729, 1.664502, 1.589575, -0.074927,   1.662085, 1.661279, -0.000806,   1.643555, 0.042700,
146.695294, 1.658862, 1.591992, -0.066870,   1.656445, 1.662085, 0.005640,   1.643555, 0.041895,
146.719509, 1.661279, 1.600049, -0.061231,   1.661279, 1.662891, 0.001611,   1.644360, 0.038672,
146.743724, 1.662891, 1.591187, -0.071704,   1.654834, 1.640332, -0.014502,   1.643555, 0.039478,
146.768387, 1.658862, 1.596020, -0.062842,   1.660474, 1.656445, -0.004028,   1.640332, 0.039478,
146.793071, 1.662891, 1.587964, -0.074927,   1.656445, 1.654834, -0.001611,   1.641138, 0.042700,
146.817720, 1.658862, 1.604077, -0.054785,   1.654834, 1.650806, -0.004028,   1.641138, 0.037866,
146.842281, 1.657251, 1.552515, -0.104736,   1.658862, 1.654028, -0.004834,   1.640332, 0.040283,
146.866941, 1.657251, 1.593603, -0.063648,   1.660474, 1.647583, -0.012891,   1.635498, 0.035449,
146.891626, 1.654834, 1.590381, -0.064453,   1.654028, 1.645972, -0.008057,   1.637915, 0.037866,
146.916267, 1.658057, 1.587964, -0.070093,   1.657251, 1.650000, -0.007251,   1.641138, 0.039478,
146.940832, 1.660474, 1.587158, -0.073315,   1.658862, 1.652417, -0.006445,   1.641943, 0.040283,
146.965507, 1.645972, 1.567017, -0.078955,   1.645972, 1.645972, 0.000000,   1.632275, 0.026587,
146.989943, 1.645972, 1.591992, -0.053980,   1.647583, 1.644360, -0.003223,   1.636304, 0.025781,
147.014606, 1.648389, 1.587964, -0.060425,   1.648389, 1.641943, -0.006445,   1.633887, 0.024976,
147.039174, 1.650000, 1.590381, -0.059619,   1.645972, 1.647583, 0.001611,   1.628247, 0.023364,
147.063616, 1.649194, 1.590381, -0.058814,   1.650000, 1.618579, -0.031421,   1.629053, 0.025781,
147.088293, 1.645972, 1.585547, -0.060425,   1.650806, 1.649194, -0.001611,   1.629858, 0.027393,
147.112842, 1.648389, 1.583935, -0.064453,   1.648389, 1.661279, 0.012891,   1.629053, 0.026587,
147.137180, 1.650000, 1.581519, -0.068481,   1.654028, 1.661279, 0.007251,   1.632275, 0.024976,
147.161503, 1.654028, 1.567017, -0.087012,   1.650000, 1.627441, -0.022559,   1.632275, 0.026587,
147.186180, 1.653223, 1.579907, -0.073316,   1.650806, 1.657251, 0.006445,   1.637109, 0.028198,
147.210543, 1.653223, 1.556543, -0.096680,   1.654028, 1.640332, -0.013696,   1.635498, 0.028198,
147.235056, 1.652417, 1.581519, -0.070898,   1.650806, 1.657251, 0.006445,   1.631470, 0.028198,
147.259388, 1.650806, 1.581519, -0.069287,   1.649194, 1.639526, -0.009668,   1.629053, 0.022559,
147.284207, 1.665308, 1.579907, -0.085400,   1.666113, 1.650000, -0.016113,   1.637915, 0.036255,
147.308842, 1.660474, 1.549292, -0.111182,   1.660474, 1.650806, -0.009668,   1.641943, 0.034644,
147.333386, 1.661279, 1.574268, -0.087012,   1.660474, 1.647583, -0.012891,   1.641138, 0.041895,
147.357940, 1.660474, 1.578296, -0.082178,   1.658057, 1.647583, -0.010474,   1.641138, 0.039478,
147.382829, 1.658862, 1.579907, -0.078955,   1.658862, 1.650806, -0.008057,   1.640332, 0.037866,
147.407393, 1.660474, 1.586352, -0.074121,   1.660474, 1.648389, -0.012085,   1.633081, 0.036255,
147.431947, 1.656445, 1.587158, -0.069287,   1.654834, 1.670142, 0.015308,   1.637109, 0.037866,
147.447499, 1.657251, 1.599243, -0.058008,   1.658862, 1.654028, -0.004834,   1.640332, 0.037866,
147.472166, 1.658862, 1.583935, -0.074927,   1.658057, 1.658862, 0.000806,   1.637915, 0.039478,
147.496595, 1.654834, 1.578296, -0.076538,   1.658862, 1.654834, -0.004028,   1.633887, 0.040283,
147.521273, 1.654834, 1.599243, -0.055591,   1.658862, 1.658057, -0.000806,   1.637915, 0.038672,
147.545747, 1.660474, 1.604883, -0.055591,   1.653223, 1.679004, 0.025781,   1.637109, 0.039478,
147.570064, 1.657251, 1.574268, -0.082983,   1.658057, 1.649194, -0.008862,   1.640332, 0.041895,
147.594723, 1.654834, 1.590381, -0.064453,   1.658057, 1.619385, -0.038672,   1.641943, 0.035449,
147.619278, 1.643555, 1.581519, -0.062036,   1.641138, 1.650000, 0.008862,   1.627441, 0.024976,
147.643509, 1.647583, 1.591992, -0.055591,   1.647583, 1.641138, -0.006445,   1.633081, 0.028198,
147.668174, 1.643555, 1.577490, -0.066064,   1.648389, 1.647583, -0.000806,   1.629053, 0.028198,
147.692824, 1.647583, 1.577490, -0.070093,   1.648389, 1.639526, -0.008862,   1.631470, 0.025781,
147.717505, 1.650000, 1.579907, -0.070093,   1.647583, 1.648389, 0.000806,   1.636304, 0.025781,
147.741857, 1.649194, 1.615356, -0.033838,   1.647583, 1.658862, 0.011279,   1.629858, 0.027393,
147.766286, 1.649194, 1.575879, -0.073316,   1.650000, 1.647583, -0.002417,   1.631470, 0.025781,
147.790950, 1.648389, 1.567017, -0.081372,   1.650000, 1.648389, -0.001611,   1.633081, 0.025781,
147.815609, 1.652417, 1.581519, -0.070898,   1.650000, 1.633887, -0.016113,   1.633081, 0.028198,
147.840171, 1.645972, 1.587964, -0.058008,   1.650806, 1.612134, -0.038672,   1.629053, 0.028198,
147.864826, 1.648389, 1.590381, -0.058008,   1.650000, 1.645166, -0.004834,   1.633081, 0.025781,
147.889508, 1.649194, 1.619385, -0.029810,   1.649194, 1.637915, -0.011279,   1.633081, 0.025781,
147.914173, 1.650000, 1.587964, -0.062036,   1.648389, 1.662891, 0.014502,   1.631470, 0.026587,
147.938533, 1.658862, 1.577490, -0.081372,   1.664502, 1.643555, -0.020947,   1.637915, 0.038672,
147.963173, 1.658862, 1.611328, -0.047534,   1.657251, 1.662085, 0.004834,   1.645166, 0.041895,
147.987618, 1.660474, 1.612939, -0.047534,   1.660474, 1.645166, -0.015308,   1.641943, 0.034644,
148.012243, 1.662085, 1.598437, -0.063648,   1.654834, 1.650000, -0.004834,   1.643555, 0.037866,
148.036826, 1.662085, 1.591992, -0.070093,   1.658057, 1.654834, -0.003223,   1.641138, 0.039478,
148.061393, 1.661279, 1.603271, -0.058008,   1.657251, 1.660474, 0.003223,   1.641138, 0.040283,
148.085838, 1.654028, 1.591187, -0.062842,   1.654834, 1.662085, 0.007251,   1.637915, 0.040283,
148.110211, 1.658862, 1.578296, -0.080566,   1.662085, 1.645166, -0.016919,   1.644360, 0.040283,
148.134750, 1.654028, 1.571851, -0.082178,   1.660474, 1.660474, 0.000000,   1.640332, 0.037866,
148.159065, 1.661279, 1.574268, -0.087012,   1.661279, 1.640332, -0.020947,   1.636304, 0.039478,
148.183833, 1.658862, 1.557349, -0.101514,   1.653223, 1.664502, 0.011279,   1.633081, 0.040283,
148.208174, 1.654834, 1.552515, -0.102319,   1.657251, 1.625024, -0.032227,   1.637109, 0.041895,
148.232726, 1.658057, 1.577490, -0.080566,   1.658862, 1.650806, -0.008057,   1.640332, 0.035449,
148.257281, 1.652417, 1.618579, -0.033838,   1.647583, 1.633081, -0.014502,   1.629858, 0.028198,
148.282072, 1.645166, 1.599243, -0.045923,   1.644360, 1.647583, 0.003223,   1.625830, 0.027393,
148.306401, 1.647583, 1.585547, -0.062036,   1.645166, 1.647583, 0.002417,   1.633081, 0.026587,
148.330755, 1.644360, 1.552515, -0.091846,   1.645972, 1.670142, 0.024170,   1.629053, 0.026587,
148.355058, 1.650806, 1.577490, -0.073315,   1.647583, 1.662085, 0.014502,   1.633081, 0.024976,
148.379720, 1.647583, 1.579907, -0.067676,   1.645166, 1.650000, 0.004834,   1.631470, 0.027393,
148.404075, 1.648389, 1.583130, -0.065259,   1.652417, 1.650806, -0.001611,   1.633081, 0.023364,
148.428731, 1.647583, 1.589575, -0.058008,   1.647583, 1.636304, -0.011279,   1.635498, 0.028198,
148.453290, 1.649194, 1.581519, -0.067676,   1.650000, 1.648389, -0.001611,   1.628247, 0.024976,
148.478054, 1.650806, 1.571045, -0.079761,   1.647583, 1.641943, -0.005640,   1.633081, 0.027393,
148.502620, 1.648389, 1.570239, -0.078149,   1.649194, 1.654834, 0.005640,   1.636304, 0.025781,
148.527093, 1.647583, 1.566211, -0.081372,   1.652417, 1.670947, 0.018530,   1.629858, 0.026587,
148.551391, 1.650000, 1.583935, -0.066064,   1.647583, 1.649194, 0.001611,   1.633081, 0.027393,
148.575847, 1.665308, 1.583130, -0.082178,   1.658057, 1.660474, 0.002417,   1.644360, 0.043506,
148.600283, 1.658057, 1.587158, -0.070898,   1.664502, 1.654028, -0.010474,   1.641943, 0.040283,
148.624954, 1.662085, 1.585547, -0.076538,   1.660474, 1.640332, -0.020142,   1.643555, 0.033838,
148.649512, 1.662891, 1.583935, -0.078955,   1.661279, 1.650806, -0.010474,   1.640332, 0.040283,
148.674187, 1.662085, 1.557349, -0.104736,   1.662085, 1.653223, -0.008862,   1.644360, 0.037866,
148.698826, 1.654834, 1.610522, -0.044312,   1.660474, 1.644360, -0.016113,   1.641943, 0.041895,
148.723423, 1.661279, 1.590381, -0.070899,   1.658862, 1.625024, -0.033838,   1.639526, 0.037866,
148.747949, 1.658862, 1.578296, -0.080566,   1.653223, 1.650000, -0.003223,   1.640332, 0.039478,
148.772622, 1.661279, 1.583935, -0.077344,   1.660474, 1.670142, 0.009668,   1.637109, 0.041895,
148.797181, 1.658057, 1.581519, -0.076538,   1.658862, 1.645972, -0.012891,   1.640332, 0.039478,
148.821816, 1.658862, 1.587964, -0.070898,   1.656445, 1.658862, 0.002417,   1.640332, 0.037866,
148.846152, 1.660474, 1.590381, -0.070093,   1.654834, 1.650000, -0.004834,   1.641138, 0.041895,
148.870735, 1.658862, 1.590381, -0.068481,   1.656445, 1.664502, 0.008057,   1.641943, 0.037866,
148.895070, 1.647583, 1.574268, -0.073316,   1.647583, 1.611328, -0.036255,   1.633081, 0.023364,
148.919732, 1.645166, 1.587158, -0.058008,   1.645972, 1.621802, -0.024170,   1.633081, 0.028198,
148.944187, 1.647583, 1.574268, -0.073316,   1.647583, 1.633081, -0.014502,   1.633887, 0.024976,
148.968724, 1.650000, 1.585547, -0.064453,   1.644360, 1.637915, -0.006445,   1.635498, 0.027393,
148.993415, 1.650000, 1.558960, -0.091040,   1.649194, 1.640332, -0.008862,   1.633081, 0.028198,
149.017959, 1.650000, 1.586352, -0.063648,   1.645166, 1.650806, 0.005640,   1.633887, 0.027393,
149.042298, 1.648389, 1.573462, -0.074927,   1.650806, 1.643555, -0.007251,   1.633887, 0.025781,
149.066956, 1.647583, 1.579907, -0.067676,   1.650000, 1.635498, -0.014502,   1.633887, 0.022559,
149.091621, 1.650000, 1.579907, -0.070093,   1.650000, 1.637915, -0.012085,   1.631470, 0.024976,
149.116198, 1.647583, 1.582324, -0.065259,   1.649194, 1.645166, -0.004028,   1.635498, 0.022559,
149.140726, 1.652417, 1.599243, -0.053174,   1.649194, 1.645972, -0.003223,   1.635498, 0.025781,
149.165412, 1.650000, 1.579907, -0.070093,   1.650000, 1.650000, 0.000000,   1.633081, 0.028198,
149.189913, 1.654028, 1.571851, -0.082178,   1.653223, 1.644360, -0.008862,   1.636304, 0.027393,
149.214624, 1.660474, 1.575879, -0.084595,   1.658862, 1.654834, -0.004028,   1.635498, 0.037866,
149.239180, 1.662891, 1.577490, -0.085400,   1.662891, 1.653223, -0.009668,   1.645166, 0.040283,
149.263951, 1.662891, 1.581519, -0.081372,   1.657251, 1.637109, -0.020142,   1.640332, 0.038672,
149.288617, 1.662085, 1.598437, -0.063648,   1.658057, 1.647583, -0.010474,   1.640332, 0.039478,
149.313310, 1.654028, 1.582324, -0.071704,   1.662085, 1.665308, 0.003223,   1.641138, 0.036255,
149.337621, 1.657251, 1.586352, -0.070899,   1.658862, 1.647583, -0.011279,   1.640332, 0.038672,
149.362182, 1.658057, 1.581519, -0.076538,   1.662085, 1.658057, -0.004028,   1.641943, 0.040283,
149.386951, 1.658862, 1.589575, -0.069287,   1.654834, 1.664502, 0.009668,   1.641138, 0.040283,
149.411315, 1.660474, 1.589575, -0.070898,   1.658057, 1.666919, 0.008862,   1.637915, 0.040283,
149.435616, 1.654028, 1.595215, -0.058813,   1.661279, 1.654028, -0.007251,   1.640332, 0.040283,
149.459155, 1.658057, 1.587964, -0.070093,   1.660474, 1.633081, -0.027393,   1.640332, 0.040283,
149.483954, 1.657251, 1.587964, -0.069287,   1.658862, 1.654834, -0.004028,   1.640332, 0.036255,
149.508514, 1.660474, 1.596020, -0.064453,   1.654028, 1.645166, -0.008862,   1.637109, 0.037866,
149.533069, 1.645972, 1.604077, -0.041895,   1.645972, 1.662085, 0.016113,   1.632275, 0.028198,
149.557409, 1.647583, 1.566211, -0.081372,   1.645972, 1.633887, -0.012085,   1.632275, 0.025781,
149.582190, 1.645972, 1.596826, -0.049145,   1.650000, 1.629053, -0.020947,   1.633081, 0.024976,
149.606735, 1.650000, 1.579907, -0.070093,   1.647583, 1.654834, 0.007251,   1.635498, 0.027393,
149.631074, 1.647583, 1.554126, -0.093457,   1.648389, 1.650000, 0.001611,   1.629858, 0.028198,
149.655406, 1.649194, 1.578296, -0.070899,   1.647583, 1.657251, 0.009668,   1.635498, 0.028198,
149.679961, 1.649194, 1.587158, -0.062036,   1.649194, 1.653223, 0.004028,   1.633081, 0.022559,
149.704281, 1.650806, 1.586352, -0.064453,   1.645972, 1.657251, 0.011279,   1.633887, 0.025781,
149.728743, 1.648389, 1.542847, -0.105542,   1.650806, 1.650000, -0.000806,   1.633887, 0.025781,
149.753282, 1.648389, 1.583935, -0.064453,   1.647583, 1.619385, -0.028198,   1.631470, 0.026587,
149.778060, 1.650806, 1.574268, -0.076538,   1.650000, 1.616968, -0.033032,   1.633081, 0.023364,
149.802626, 1.652417, 1.583935, -0.068481,   1.645972, 1.654834, 0.008862,   1.631470, 0.028198,
149.827085, 1.650000, 1.583130, -0.066870,   1.652417, 1.633081, -0.019336,   1.633887, 0.028198,
149.851626, 1.662891, 1.578296, -0.084595,   1.662085, 1.654834, -0.007251,   1.641138, 0.042700,
149.876296, 1.660474, 1.590381, -0.070093,   1.662085, 1.640332, -0.021753,   1.641138, 0.038672,
149.901023, 1.662085, 1.581519, -0.080566,   1.658057, 1.645972, -0.012085,   1.640332, 0.035449,
149.925783, 1.662085, 1.595215, -0.066870,   1.662085, 1.645972, -0.016113,   1.640332, 0.040283,
149.950539, 1.654834, 1.596826, -0.058008,   1.660474, 1.657251, -0.003223,   1.643555, 0.037866,
149.975409, 1.662085, 1.586352, -0.075732,   1.658057, 1.645166, -0.012891,   1.641138, 0.037866,
150.000239, 1.658862, 1.579102, -0.079761,   1.654834, 1.649194, -0.005640,   1.640332, 0.038672,
150.025040, 1.656445, 1.585547, -0.070898,   1.656445, 1.650806, -0.005640,   1.640332, 0.041895,
150.049735, 1.654834, 1.602466, -0.052368,   1.658862, 1.666113, 0.007251,   1.640332, 0.037866,
150.074290, 1.658057, 1.591187, -0.066870,   1.661279, 1.650000, -0.011279,   1.637915, 0.035449,
150.099192, 1.660474, 1.604883, -0.055591,   1.658862, 1.650000, -0.008862,   1.637109, 0.037866,
150.124004, 1.654834, 1.596020, -0.058813,   1.657251, 1.640332, -0.016919,   1.641138, 0.036255,
150.148677, 1.654834, 1.562988, -0.091846,   1.654834, 1.654028, -0.000806,   1.641138, 0.037866,
150.173843, 1.647583, 1.583935, -0.063648,   1.645972, 1.628247, -0.017725,   1.633081, 0.027393,
150.198664, 1.645166, 1.611328, -0.033838,   1.647583, 1.645166, -0.002417,   1.640332, 0.024976,
150.223531, 1.647583, 1.585547, -0.062036,   1.645166, 1.650000, 0.004834,   1.633887, 0.026587,
150.248089, 1.641943, 1.578296, -0.063648,   1.648389, 1.627441, -0.020947,   1.635498, 0.028198,
150.272857, 1.647583, 1.577490, -0.070093,   1.647583, 1.657251, 0.009668,   1.633081, 0.025781,
150.297517, 1.647583, 1.603271, -0.044312,   1.649194, 1.645166, -0.004028,   1.636304, 0.027393,
150.322200, 1.650000, 1.598437, -0.051563,   1.645972, 1.620996, -0.024976,   1.633887, 0.026587,
150.346859, 1.649194, 1.574268, -0.074927,   1.647583, 1.625024, -0.022559,   1.631470, 0.027393,
150.371643, 1.648389, 1.593603, -0.054785,   1.645166, 1.616968, -0.028198,   1.632275, 0.026587,
150.396642, 1.647583, 1.618579, -0.029004,   1.650000, 1.639526, -0.010474,   1.629858, 0.025781,
150.421568, 1.653223, 1.607300, -0.045923,   1.647583, 1.633081, -0.014502,   1.633081, 0.023364,
150.446301, 1.654028, 1.583935, -0.070093,   1.650000, 1.652417, 0.002417,   1.636304, 0.024976,
150.470807, 1.650806, 1.587158, -0.063647,   1.652417, 1.640332, -0.012085,   1.640332, 0.027393,
150.495754, 1.660474, 1.590381, -0.070093,   1.658862, 1.653223, -0.005640,   1.636304, 0.037866,
150.520424, 1.654834, 1.587964, -0.066870,   1.660474, 1.660474, 0.000000,   1.635498, 0.036255,
150.544772, 1.662085, 1.611328, -0.050757,   1.657251, 1.654028, -0.003223,   1.637915, 0.037866,
150.569530, 1.658057, 1.602466, -0.055591,   1.654834, 1.678198, 0.023364,   1.640332, 0.038672,
150.593387, 1.662085, 1.579907, -0.082178,   1.654834, 1.654834, 0.000000,   1.640332, 0.039478,
150.618118, 1.656445, 1.600049, -0.056396,   1.660474, 1.633081, -0.027393,   1.641138, 0.037866,
150.642777, 1.661279, 1.587964, -0.073316,   1.660474, 1.635498, -0.024976,   1.641138, 0.037866,
150.667558, 1.658862, 1.591187, -0.067676,   1.661279, 1.644360, -0.016919,   1.644360, 0.038672,
150.692359, 1.660474, 1.591187, -0.069287,   1.658057, 1.650000, -0.008057,   1.643555, 0.040283,
150.717099, 1.660474, 1.587158, -0.073315,   1.658057, 1.654028, -0.004028,   1.640332, 0.040283,
150.741861, 1.658057, 1.585547, -0.072510,   1.657251, 1.649194, -0.008057,   1.635498, 0.039478,
150.766705, 1.658862, 1.590381, -0.068481,   1.658862, 1.641943, -0.016919,   1.640332, 0.038672,
150.791558, 1.654028, 1.581519, -0.072510,   1.658862, 1.640332, -0.018530,   1.644360, 0.039478,
150.816421, 1.645972, 1.581519, -0.064453,   1.647583, 1.654028, 0.006445,   1.633887, 0.024976,
150.841009, 1.647583, 1.554126, -0.093457,   1.648389, 1.654834, 0.006445,   1.632275, 0.027393,
150.865681, 1.648389, 1.586352, -0.062036,   1.650000, 1.640332, -0.009668,   1.637109, 0.025781,
150.890557, 1.650000, 1.600855, -0.049145,   1.648389, 1.640332, -0.008057,   1.637109, 0.024976,
150.915318, 1.649194, 1.587964, -0.061231,   1.645972, 1.611328, -0.034644,   1.631470, 0.025781,
150.940177, 1.649194, 1.594409, -0.054785,   1.649194, 1.640332, -0.008862,   1.636304, 0.027393,
150.965046, 1.654028, 1.581519, -0.072510,   1.652417, 1.650806, -0.001611,   1.640332, 0.030615,
150.990003, 1.645972, 1.587964, -0.058008,   1.650806, 1.641943, -0.008862,   1.633081, 0.028198,
151.014858, 1.647583, 1.596020, -0.051563,   1.650806, 1.647583, -0.003223,   1.633081, 0.024976,
151.039662, 1.650000, 1.587158, -0.062842,   1.650000, 1.648389, -0.001611,   1.632275, 0.027393,
151.064549, 1.650000, 1.618579, -0.031421,   1.647583, 1.654834, 0.007251,   1.629053, 0.025781,
151.089116, 1.647583, 1.589575, -0.058008,   1.650000, 1.645972, -0.004028,   1.636304, 0.027393,
151.113754, 1.648389, 1.587158, -0.061230,   1.649194, 1.641138, -0.008057,   1.636304, 0.024976,
151.138578, 1.664502, 1.577490, -0.087012,   1.662891, 1.666113, 0.003223,   1.641943, 0.035449,
151.163157, 1.664502, 1.567822, -0.096680,   1.662085, 1.648389, -0.013696,   1.641138, 0.040283,
151.188199, 1.662891, 1.595215, -0.067676,   1.658862, 1.649194, -0.009668,   1.637109, 0.037866,
151.213059, 1.662085, 1.595215, -0.066870,   1.658862, 1.650000, -0.008862,   1.637915, 0.039478,
151.237762, 1.658862, 1.593603, -0.065259,   1.658862, 1.618579, -0.040283,   1.640332, 0.041895,
151.262637, 1.660474, 1.581519, -0.078955,   1.660474, 1.647583, -0.012891,   1.639526, 0.037866,
151.287658, 1.658862, 1.591187, -0.067676,   1.657251, 1.649194, -0.008057,   1.640332, 0.037866,
151.312430, 1.654834, 1.575073, -0.079761,   1.657251, 1.673364, 0.016113,   1.632275, 0.036255,
151.336960, 1.656445, 1.591992, -0.064453,   1.658862, 1.658862, 0.000000,   1.640332, 0.034644,
151.361547, 1.658057, 1.604077, -0.053980,   1.660474, 1.641138, -0.019336,   1.641943, 0.038672,
151.386578, 1.662085, 1.596020, -0.066064,   1.657251, 1.656445, -0.000806,   1.640332, 0.039478,
151.411333, 1.657251, 1.585547, -0.071704,   1.658862, 1.654028, -0.004834,   1.641943, 0.040283,
151.435987, 1.654834, 1.608105, -0.046728,   1.654028, 1.654834, 0.000806,   1.640332, 0.037866,
151.460353, 1.645972, 1.581519, -0.064453,   1.647583, 1.618579, -0.029004,   1.633081, 0.023364,
151.474269, 1.647583, 1.611328, -0.036255,   1.648389, 1.635498, -0.012891,   1.635498, 0.023364,
151.499211, 1.645166, 1.587158, -0.058008,   1.647583, 1.637915, -0.009668,   1.633081, 0.027393,
151.524051, 1.645166, 1.587158, -0.058008,   1.647583, 1.606494, -0.041089,   1.635498, 0.028198,
151.548791, 1.647583, 1.596826, -0.050757,   1.645972, 1.657251, 0.011279,   1.636304, 0.025781,
151.573366, 1.650000, 1.566211, -0.083789,   1.648389, 1.644360, -0.004028,   1.636304, 0.026587,
151.598202, 1.649194, 1.578296, -0.070899,   1.645972, 1.649194, 0.003223,   1.635498, 0.025781,
151.622862, 1.653223, 1.600049, -0.053174,   1.649194, 1.668530, 0.019336,   1.632275, 0.024976,
151.647435, 1.647583, 1.587158, -0.060425,   1.647583, 1.677393, 0.029810,   1.633887, 0.025781,
151.671882, 1.650806, 1.581519, -0.069287,   1.647583, 1.653223, 0.005640,   1.637915, 0.023364,
151.696546, 1.650806, 1.575879, -0.074927,   1.647583, 1.670947, 0.023364,   1.633887, 0.022559,
151.721122, 1.648389, 1.577490, -0.070898,   1.650806, 1.647583, -0.003223,   1.633081, 0.028198,
151.745673, 1.652417, 1.600049, -0.052368,   1.647583, 1.645972, -0.001611,   1.633887, 0.025781,
151.770492, 1.664502, 1.557349, -0.107153,   1.664502, 1.662891, -0.001611,   1.640332, 0.037866,
151.795212, 1.665308, 1.603271, -0.062036,   1.661279, 1.665308, 0.004028,   1.641943, 0.039478,
151.819727, 1.666113, 1.598437, -0.067676,   1.654834, 1.662891, 0.008057,   1.639526, 0.038672,
151.844209, 1.660474, 1.593603, -0.066870,   1.658862, 1.660474, 0.001611,   1.637915, 0.037866,
151.868752, 1.654834, 1.587964, -0.066870,   1.660474, 1.660474, 0.000000,   1.641138, 0.037866,
151.893415, 1.661279, 1.591187, -0.070093,   1.657251, 1.648389, -0.008862,   1.639526, 0.040283,
151.918206, 1.658862, 1.599243, -0.059619,   1.662085, 1.654834, -0.007251,   1.632275, 0.040283,
151.943056, 1.662085, 1.587964, -0.074121,   1.654834, 1.620996, -0.033838,   1.640332, 0.041895,
151.967945, 1.660474, 1.581519, -0.078955,   1.654834, 1.654028, -0.000806,   1.640332, 0.037866,
151.992770, 1.657251, 1.562183, -0.095068,   1.660474, 1.643555, -0.016919,   1.639526, 0.039478,
152.017554, 1.652417, 1.591187, -0.061230,   1.658057, 1.668530, 0.010474,   1.635498, 0.037866,
152.042098, 1.658862, 1.587964, -0.070898,   1.658862, 1.650000, -0.008862,   1.647583, 0.039478,
152.066798, 1.658057, 1.594409, -0.063648,   1.658862, 1.643555, -0.015308,   1.643555, 0.037866,
152.091618, 1.656445, 1.578296, -0.078149,   1.649194, 1.641943, -0.007251,   1.640332, 0.031421,
152.116445, 1.645166, 1.583130, -0.062036,   1.647583, 1.645972, -0.001611,   1.633887, 0.028198,
152.141210, 1.647583, 1.574268, -0.073316,   1.648389, 1.644360, -0.004028,   1.633887, 0.024976,
152.166214, 1.648389, 1.583935, -0.064453,   1.647583, 1.648389, 0.000806,   1.633081, 0.024976,
152.190822, 1.649194, 1.574268, -0.074927,   1.648389, 1.640332, -0.008057,   1.633081, 0.028198,
152.215782, 1.652417, 1.589575, -0.062842,   1.654028, 1.639526, -0.014502,   1.632275, 0.025781,
152.240586, 1.645972, 1.595215, -0.050757,   1.645972, 1.640332, -0.005640,   1.633081, 0.028198,
152.265490, 1.648389, 1.583935, -0.064453,   1.645972, 1.641943, -0.004028,   1.635498, 0.023364,
152.290344, 1.650806, 1.583130, -0.067676,   1.649194, 1.645166, -0.004028,   1.629858, 0.027393,
152.315206, 1.650806, 1.587964, -0.062842,   1.654028, 1.629053, -0.024976,   1.637915, 0.028198,
152.340011, 1.652417, 1.573462, -0.078955,   1.650806, 1.612939, -0.037866,   1.633887, 0.027393,
152.364907, 1.650806, 1.575073, -0.075732,   1.649194, 1.654028, 0.004834,   1.635498, 0.026587,
152.389665, 1.652417, 1.564600, -0.087817,   1.650806, 1.631470, -0.019336,   1.631470, 0.027393,
152.414549, 1.657251, 1.587158, -0.070093,   1.662891, 1.648389, -0.014502,   1.637109, 0.037866,
152.439334, 1.662085, 1.581519, -0.080566,   1.660474, 1.657251, -0.003223,   1.641943, 0.037866,
152.464222, 1.664502, 1.608105, -0.056396,   1.662085, 1.647583, -0.014502,   1.637109, 0.037866,
152.489116, 1.662891, 1.582324, -0.080566,   1.658862, 1.641138, -0.017725,   1.637109, 0.037866,
152.513878, 1.660474, 1.587964, -0.072510,   1.658057, 1.640332, -0.017725,   1.640332, 0.036255,
152.538648, 1.657251, 1.598437, -0.058814,   1.661279, 1.654834, -0.006445,   1.641138, 0.040283,
152.563546, 1.660474, 1.546875, -0.113599,   1.661279, 1.657251, -0.004028,   1.645166, 0.037866,
152.588342, 1.661279, 1.587158, -0.074121,   1.657251, 1.654834, -0.002417,   1.640332, 0.036255,
152.613228, 1.658862, 1.600855, -0.058008,   1.653223, 1.662085, 0.008862,   1.640332, 0.039478,
152.637550, 1.660474, 1.587158, -0.073315,   1.657251, 1.654834, -0.002417,   1.636304, 0.038672,
152.662325, 1.657251, 1.590381, -0.066870,   1.662085, 1.645972, -0.016113,   1.640332, 0.037866,
152.687247, 1.658057, 1.596020, -0.062036,   1.658862, 1.654834, -0.004028,   1.637915, 0.037866,
152.712097, 1.654834, 1.593603, -0.061230,   1.658862, 1.657251, -0.001611,   1.641138, 0.039478,
152.736887, 1.649194, 1.581519, -0.067676,   1.645972, 1.633887, -0.012085,   1.635498, 0.024976,
152.761660, 1.647583, 1.596020, -0.051563,   1.647583, 1.641943, -0.005640,   1.637915, 0.024976,
152.786575, 1.648389, 1.594409, -0.053980,   1.648389, 1.621802, -0.026587,   1.633887, 0.025781,
152.811501, 1.647583, 1.582324, -0.065259,   1.648389, 1.650000, 0.001611,   1.633081, 0.025781,
152.836029, 1.647583, 1.566211, -0.081372,   1.652417, 1.654834, 0.002417,   1.637109, 0.028198,
152.860446, 1.650000, 1.582324, -0.067676,   1.648389, 1.650806, 0.002417,   1.633081, 0.028198,
152.885155, 1.649194, 1.590381, -0.058814,   1.650000, 1.654834, 0.004834,   1.633081, 0.024976,
152.909722, 1.647583, 1.554126, -0.093457,   1.648389, 1.650806, 0.002417,   1.633887, 0.022559,
152.934348, 1.650000, 1.608105, -0.041895,   1.650000, 1.650000, 0.000000,   1.633887, 0.028198,
152.958634, 1.653223, 1.587964, -0.065259,   1.645166, 1.633081, -0.012085,   1.633081, 0.021753,
152.983449, 1.650806, 1.587964, -0.062842,   1.648389, 1.641943, -0.006445,   1.633081, 0.028198,
153.007971, 1.649194, 1.582324, -0.066870,   1.650806, 1.652417, 0.001611,   1.633887, 0.026587,
153.032305, 1.649194, 1.587964, -0.061231,   1.653223, 1.653223, 0.000000,   1.635498, 0.027393,
153.056650, 1.662085, 1.615356, -0.046728,   1.664502, 1.624219, -0.040283,   1.641943, 0.035449,
153.081542, 1.662085, 1.541235, -0.120850,   1.662891, 1.619385, -0.043506,   1.641138, 0.041895,
153.106108, 1.661279, 1.587158, -0.074121,   1.657251, 1.666113, 0.008862,   1.640332, 0.042700,
153.130537, 1.660474, 1.583130, -0.077344,   1.662891, 1.650806, -0.012085,   1.641138, 0.037866,
153.155096, 1.660474, 1.586352, -0.074121,   1.662085, 1.653223, -0.008862,   1.639526, 0.037866,
153.179885, 1.658057, 1.603271, -0.054785,   1.657251, 1.650000, -0.007251,   1.637109, 0.042700,
153.204418, 1.657251, 1.579907, -0.077344,   1.658862, 1.660474, 0.001611,   1.639526, 0.039478,
153.228751, 1.660474, 1.624219, -0.036255,   1.656445, 1.647583, -0.008862,   1.645972, 0.039478,
153.253416, 1.662891, 1.596020, -0.066870,   1.658057, 1.656445, -0.001611,   1.641138, 0.039478,
153.278198, 1.660474, 1.586352, -0.074121,   1.656445, 1.665308, 0.008862,   1.640332, 0.037866,
153.302535, 1.660474, 1.587158, -0.073315,   1.654834, 1.658057, 0.003223,   1.639526, 0.040283,
153.326962, 1.658862, 1.599243, -0.059619,   1.658862, 1.654028, -0.004834,   1.645166, 0.037866,
153.351537, 1.658862, 1.586352, -0.072510,   1.660474, 1.657251, -0.003223,   1.637109, 0.039478,
153.376215, 1.645972, 1.558960, -0.087012,   1.647583, 1.650000, 0.002417,   1.636304, 0.025781,
153.400643, 1.648389, 1.577490, -0.070898,   1.647583, 1.656445, 0.008862,   1.629858, 0.025781,
153.424988, 1.647583, 1.582324, -0.065259,   1.647583, 1.648389, 0.000806,   1.636304, 0.028198,
153.449327, 1.650000, 1.582324, -0.067676,   1.650000, 1.645972, -0.004028,   1.635498, 0.027393,
153.473965, 1.645166, 1.590381, -0.054785,   1.648389, 1.640332, -0.008057,   1.633081, 0.026587,
153.498199, 1.650806, 1.567017, -0.083789,   1.648389, 1.640332, -0.008057,   1.635498, 0.027393,
153.522855, 1.648389, 1.591992, -0.056396,   1.650806, 1.645166, -0.005640,   1.632275, 0.022559,
153.547426, 1.650000, 1.581519, -0.068481,   1.649194, 1.620996, -0.028198,   1.627441, 0.024976,
153.572091, 1.647583, 1.578296, -0.069287,   1.650806, 1.640332, -0.010474,   1.632275, 0.028198,
153.596755, 1.652417, 1.587964, -0.064453,   1.650806, 1.650806, 0.000000,   1.635498, 0.026587,
153.621193, 1.648389, 1.579102, -0.069287,   1.650806, 1.664502, 0.013696,   1.633081, 0.027393,
153.645537, 1.653223, 1.585547, -0.067676,   1.654028, 1.625024, -0.029004,   1.632275, 0.026587,
153.670096, 1.652417, 1.577490, -0.074927,   1.649194, 1.657251, 0.008057,   1.631470, 0.027393,
153.694426, 1.657251, 1.595215, -0.062036,   1.662085, 1.649194, -0.012891,   1.640332, 0.040283,
153.719079, 1.662891, 1.593603, -0.069287,   1.662891, 1.657251, -0.005640,   1.640332, 0.042700,
153.743540, 1.658862, 1.612939, -0.045923,   1.662085, 1.654028, -0.008057,   1.637915, 0.036255,
153.768201, 1.658862, 1.590381, -0.068481,   1.662085, 1.670142, 0.008057,   1.640332, 0.042700,
153.792642, 1.662085, 1.567822, -0.094263,   1.658057, 1.645166, -0.012891,   1.641138, 0.037866,
153.817303, 1.661279, 1.608105, -0.053174,   1.660474, 1.670142, 0.009668,   1.637915, 0.041895,
153.841745, 1.661279, 1.583935, -0.077344,   1.660474, 1.643555, -0.016919,   1.637109, 0.038672,
153.866421, 1.658057, 1.573462, -0.084595,   1.658057, 1.650000, -0.008057,   1.641138, 0.040283,
153.891106, 1.654834, 1.566211, -0.088623,   1.658057, 1.639526, -0.018530,   1.640332, 0.042700,
153.915760, 1.654834, 1.562183, -0.092651,   1.658057, 1.654834, -0.003223,   1.641138, 0.037866,
153.940303, 1.658862, 1.578296, -0.080566,   1.658057, 1.650000, -0.008057,   1.636304, 0.040283,
153.964972, 1.657251, 1.574268, -0.082983,   1.656445, 1.649194, -0.007251,   1.640332, 0.037866,
153.989643, 1.661279, 1.598437, -0.062842,   1.652417, 1.647583, -0.004834,   1.640332, 0.039478,
154.014443, 1.647583, 1.583130, -0.064453,   1.645166, 1.654028, 0.008862,   1.633081, 0.025781,
154.038894, 1.648389, 1.585547, -0.062842,   1.644360, 1.636304, -0.008057,   1.628247, 0.024976,
154.063593, 1.647583, 1.585547, -0.062036,   1.645972, 1.647583, 0.001611,   1.637915, 0.025781,
154.088196, 1.645166, 1.579102, -0.066064,   1.645972, 1.662085, 0.016113,   1.633887, 0.026587,
154.112734, 1.648389, 1.596020, -0.052368,   1.648389, 1.637915, -0.010474,   1.631470, 0.023364,
154.137543, 1.645166, 1.552515, -0.092651,   1.647583, 1.654834, 0.007251,   1.633887, 0.025781,
154.162098, 1.649194, 1.558154, -0.091040,   1.648389, 1.661279, 0.012891,   1.631470, 0.027393,
154.186786, 1.654834, 1.633081, -0.021753,   1.656445, 1.654028, -0.002417,   1.635498, 0.032227,
154.211552, 1.647583, 1.615356, -0.032227,   1.647583, 1.662891, 0.015308,   1.633081, 0.027393,
154.236137, 1.648389, 1.583935, -0.064453,   1.652417, 1.654834, 0.002417,   1.633081, 0.024976,
154.260552, 1.653223, 1.582324, -0.070899,   1.648389, 1.636304, -0.012085,   1.627441, 0.028198,
154.285533, 1.650000, 1.591992, -0.058008,   1.649194, 1.662085, 0.012891,   1.635498, 0.027393,
154.310128, 1.652417, 1.574268, -0.078149,   1.650000, 1.645166, -0.004834,   1.633887, 0.026587,
154.334911, 1.665308, 1.573462, -0.091846,   1.662085, 1.654834, -0.007251,   1.640332, 0.036255,
154.359622, 1.664502, 1.606494, -0.058008,   1.664502, 1.633081, -0.031421,   1.643555, 0.038672,
154.384683, 1.658862, 1.554932, -0.103931,   1.661279, 1.679004, 0.017725,   1.640332, 0.037866,
154.409288, 1.662085, 1.583130, -0.078955,   1.660474, 1.639526, -0.020947,   1.641138, 0.037866,
154.434140, 1.657251, 1.589575, -0.067676,   1.654834, 1.656445, 0.001611,   1.636304, 0.038672,
154.458572, 1.654834, 1.583935, -0.070898,   1.658862, 1.650000, -0.008862,   1.641138, 0.037866,
154.483513, 1.658057, 1.604883, -0.053174,   1.657251, 1.650000, -0.007251,   1.645972, 0.036255,
154.508226, 1.658057, 1.586352, -0.071704,   1.658057, 1.649194, -0.008862,   1.643555, 0.037866,
154.532989, 1.654834, 1.587964, -0.066870,   1.658057, 1.652417, -0.005640,   1.641138, 0.039478,
154.557739, 1.656445, 1.575073, -0.081372,   1.658862, 1.640332, -0.018530,   1.643555, 0.037866,
154.582668, 1.658862, 1.602466, -0.056396,   1.658862, 1.658862, 0.000000,   1.637109, 0.039478,
154.607239, 1.658862, 1.602466, -0.056396,   1.657251, 1.633887, -0.023364,   1.640332, 0.035449,
154.631876, 1.660474, 1.562988, -0.097485,   1.658057, 1.645166, -0.012891,   1.641138, 0.040283,
154.656669, 1.644360, 1.600049, -0.044312,   1.645972, 1.631470, -0.014502,   1.632275, 0.028198,
154.681545, 1.648389, 1.541235, -0.107153,   1.643555, 1.644360, 0.000806,   1.633081, 0.028198,
154.706210, 1.647583, 1.577490, -0.070093,   1.647583, 1.643555, -0.004028,   1.633887, 0.030615,
154.730993, 1.647583, 1.612134, -0.035449,   1.650000, 1.647583, -0.002417,   1.633081, 0.028198,
154.755765, 1.647583, 1.598437, -0.049146,   1.649194, 1.650000, 0.000806,   1.633081, 0.026587,
154.780333, 1.649194, 1.562183, -0.087012,   1.648389, 1.637915, -0.010474,   1.633081, 0.028198,
154.805137, 1.648389, 1.600049, -0.048340,   1.645166, 1.652417, 0.007251,   1.633081, 0.028198,
154.829734, 1.652417, 1.570239, -0.082178,   1.650000, 1.645972, -0.004028,   1.628247, 0.023364,
154.854559, 1.649194, 1.599243, -0.049951,   1.650806, 1.677393, 0.026587,   1.631470, 0.026587,
154.879240, 1.649194, 1.595215, -0.053980,   1.650000, 1.623413, -0.026587,   1.636304, 0.025781,
154.904029, 1.650806, 1.587964, -0.062842,   1.649194, 1.643555, -0.005640,   1.631470, 0.023364,
154.928857, 1.649194, 1.595215, -0.053980,   1.647583, 1.633887, -0.013696,   1.635498, 0.027393,
154.953671, 1.647583, 1.586352, -0.061231,   1.649194, 1.652417, 0.003223,   1.631470, 0.028198,
154.978308, 1.665308, 1.611328, -0.053980,   1.662085, 1.673364, 0.011279,   1.641138, 0.040283,
155.002912, 1.661279, 1.593603, -0.067676,   1.662085, 1.657251, -0.004834,   1.639526, 0.042700,
155.027545, 1.657251, 1.581519, -0.075732,   1.654028, 1.654028, 0.000000,   1.637109, 0.038672,
155.051883, 1.662085, 1.591992, -0.070093,   1.661279, 1.664502, 0.003223,   1.637915, 0.039478,
155.076485, 1.658862, 1.604883, -0.053979,   1.658862, 1.640332, -0.018530,   1.636304, 0.038672,
155.101273, 1.661279, 1.596020, -0.065259,   1.654834, 1.629053, -0.025781,   1.633887, 0.037866,
155.126049, 1.657251, 1.581519, -0.075732,   1.656445, 1.679810, 0.023364,   1.635498, 0.037866,
155.150599, 1.660474, 1.591992, -0.068481,   1.657251, 1.674976, 0.017725,   1.640332, 0.037866,
155.175232, 1.661279, 1.587964, -0.073316,   1.654028, 1.636304, -0.017725,   1.645166, 0.041895,
155.200075, 1.660474, 1.587964, -0.072510,   1.656445, 1.650806, -0.005640,   1.641138, 0.034644,
155.224880, 1.658057, 1.587964, -0.070093,   1.658862, 1.649194, -0.009668,   1.641943, 0.041895,
155.249673, 1.656445, 1.595215, -0.061230,   1.658862, 1.654028, -0.004834,   1.637915, 0.037866,
155.274582, 1.662085, 1.595215, -0.066870,   1.658862, 1.641138, -0.017725,   1.640332, 0.039478,
155.299452, 1.644360, 1.583935, -0.060425,   1.647583, 1.627441, -0.020142,   1.633887, 0.023364,
155.324236, 1.647583, 1.582324, -0.065259,   1.647583, 1.641138, -0.006445,   1.636304, 0.023364,
155.349016, 1.648389, 1.594409, -0.053980,   1.645972, 1.648389, 0.002417,   1.633081, 0.027393,
155.373587, 1.647583, 1.579907, -0.067676,   1.649194, 1.636304, -0.012891,   1.639526, 0.027393,
155.398558, 1.649194, 1.579907, -0.069287,   1.648389, 1.640332, -0.008057,   1.633081, 0.026587,
155.423338, 1.649194, 1.577490, -0.071704,   1.650000, 1.654834, 0.004834,   1.633081, 0.026587,
155.447863, 1.650000, 1.616162, -0.033838,   1.652417, 1.619385, -0.033032,   1.637109, 0.025781,
155.472805, 1.649194, 1.585547, -0.063648,   1.652417, 1.637915, -0.014502,   1.636304, 0.026587,
155.495819, 1.650000, 1.569434, -0.080566,   1.650806, 1.657251, 0.006445,   1.637109, 0.028198,
155.520658, 1.650000, 1.604077, -0.045923,   1.650806, 1.621802, -0.029004,   1.633887, 0.024976,
155.545441, 1.649194, 1.574268, -0.074927,   1.650806, 1.649194, -0.001611,   1.632275, 0.028198,
155.570144, 1.650000, 1.585547, -0.064453,   1.650000, 1.650000, 0.000000,   1.633887, 0.027393,
155.594738, 1.647583, 1.561377, -0.086206,   1.649194, 1.643555, -0.005640,   1.628247, 0.026587,
155.619398, 1.662891, 1.600049, -0.062842,   1.664502, 1.656445, -0.008057,   1.640332, 0.037866,
155.644113, 1.662891, 1.591992, -0.070898,   1.660474, 1.653223, -0.007251,   1.641138, 0.041895,
155.668788, 1.662085, 1.608105, -0.053980,   1.662085, 1.668530, 0.006445,   1.637109, 0.037866,
155.693397, 1.658057, 1.595215, -0.062842,   1.654834, 1.654834, 0.000000,   1.637109, 0.039478,
155.717995, 1.662085, 1.574268, -0.087817,   1.656445, 1.687866, 0.031421,   1.640332, 0.038672,
155.742577, 1.658862, 1.582324, -0.076538,   1.662085, 1.658862, -0.003223,   1.644360, 0.042700,
155.767482, 1.658862, 1.562183, -0.096680,   1.654834, 1.662085, 0.007251,   1.640332, 0.036255,
155.792019, 1.661279, 1.591992, -0.069287,   1.657251, 1.649194, -0.008057,   1.641138, 0.040283,
155.816800, 1.658862, 1.593603, -0.065259,   1.654028, 1.653223, -0.000806,   1.641943, 0.038672,
155.841583, 1.660474, 1.596020, -0.064453,   1.653223, 1.653223, 0.000000,   1.636304, 0.040283,
155.866057, 1.657251, 1.587158, -0.070093,   1.654834, 1.657251, 0.002417,   1.640332, 0.038672,
155.890649, 1.657251, 1.579102, -0.078149,   1.654028, 1.650000, -0.004028,   1.641138, 0.041895,
155.915391, 1.660474, 1.612134, -0.048340,   1.658057, 1.661279, 0.003223,   1.640332, 0.038672,
155.939898, 1.640332, 1.571851, -0.068481,   1.643555, 1.645166, 0.001611,   1.632275, 0.022559,
155.964448, 1.644360, 1.581519, -0.062842,   1.643555, 1.637109, -0.006445,   1.632275, 0.025781,
155.989231, 1.648389, 1.583935, -0.064453,   1.644360, 1.653223, 0.008862,   1.633081, 0.022559,
156.013894, 1.649194, 1.587158, -0.062036,   1.645166, 1.669336, 0.024170,   1.628247, 0.028198,
156.038360, 1.645972, 1.552515, -0.093457,   1.645972, 1.640332, -0.005640,   1.633081, 0.025781,
156.063193, 1.653223, 1.583130, -0.070093,   1.650000, 1.650806, 0.000806,   1.633081, 0.026587,
156.087789, 1.648389, 1.586352, -0.062036,   1.645972, 1.640332, -0.005640,   1.633081, 0.028198,
156.112391, 1.647583, 1.583130, -0.064453,   1.652417, 1.645166, -0.007251,   1.632275, 0.026587,
156.136998, 1.648389, 1.581519, -0.066870,   1.647583, 1.650000, 0.002417,   1.631470, 0.028198,
156.161322, 1.649194, 1.579102, -0.070093,   1.650000, 1.640332, -0.009668,   1.633081, 0.028198,
156.186099, 1.650000, 1.546875, -0.103125,   1.650000, 1.658057, 0.008057,   1.633081, 0.026587,
156.210507, 1.645972, 1.569434, -0.076538,   1.650000, 1.650000, 0.000000,   1.635498, 0.023364,
156.234766, 1.650000, 1.581519, -0.068481,   1.647583, 1.669336, 0.021753,   1.632275, 0.023364,
156.259102, 1.660474, 1.577490, -0.082983,   1.658862, 1.652417, -0.006445,   1.640332, 0.038672,
156.283872, 1.664502, 1.590381, -0.074121,   1.657251, 1.652417, -0.004834,   1.639526, 0.040283,
156.308431, 1.662085, 1.591992, -0.070093,   1.662085, 1.633887, -0.028198,   1.641138, 0.039478,
156.332995, 1.660474, 1.591992, -0.068481,   1.658057, 1.652417, -0.005640,   1.640332, 0.037866,
156.357549, 1.658057, 1.598437, -0.059619,   1.658057, 1.662085, 0.004028,   1.641138, 0.037866,
156.382216, 1.661279, 1.574268, -0.087012,   1.662085, 1.654028, -0.008057,   1.639526, 0.036255,
156.406768, 1.658057, 1.586352, -0.071704,   1.660474, 1.639526, -0.020947,   1.637109, 0.036255,
156.431436, 1.654028, 1.583935, -0.070093,   1.658057, 1.677393, 0.019336,   1.640332, 0.039478,
156.455774, 1.654834, 1.546069, -0.108765,   1.654834, 1.645972, -0.008862,   1.640332, 0.034644,
156.480555, 1.658057, 1.579102, -0.078955,   1.660474, 1.650806, -0.009668,   1.640332, 0.038672,
156.505099, 1.658862, 1.599243, -0.059619,   1.658057, 1.620190, -0.037866,   1.636304, 0.040283,
156.529661, 1.658862, 1.573462, -0.085400,   1.661279, 1.652417, -0.008862,   1.640332, 0.040283,
156.554225, 1.660474, 1.596020, -0.064453,   1.661279, 1.658862, -0.002417,   1.640332, 0.042700,
156.578991, 1.648389, 1.593603, -0.054785,   1.644360, 1.649194, 0.004834,   1.633081, 0.028198,
156.603327, 1.648389, 1.586352, -0.062036,   1.645972, 1.647583, 0.001611,   1.633081, 0.023364,
156.627770, 1.643555, 1.577490, -0.066064,   1.647583, 1.644360, -0.003223,   1.629858, 0.025781,
156.652323, 1.648389, 1.573462, -0.074927,   1.644360, 1.681421, 0.037061,   1.633887, 0.025781,
156.676766, 1.649194, 1.587964, -0.061231,   1.649194, 1.640332, -0.008862,   1.631470, 0.024976,
156.701318, 1.652417, 1.582324, -0.070093,   1.645166, 1.647583, 0.002417,   1.637915, 0.026587,
156.725759, 1.649194, 1.612939, -0.036255,   1.650000, 1.637915, -0.012085,   1.629053, 0.024976,
156.750320, 1.649194, 1.575073, -0.074121,   1.652417, 1.654834, 0.002417,   1.629053, 0.025781,
156.774765, 1.650000, 1.581519, -0.068481,   1.650806, 1.633887, -0.016919,   1.639526, 0.025781,
156.799451, 1.648389, 1.575879, -0.072510,   1.647583, 1.647583, 0.000000,   1.631470, 0.021753,
156.823878, 1.652417, 1.591992, -0.060425,   1.648389, 1.641138, -0.007251,   1.636304, 0.026587,
156.848438, 1.653223, 1.575073, -0.078149,   1.652417, 1.633887, -0.018530,   1.635498, 0.026587,
156.873105, 1.648389, 1.581519, -0.066870,   1.650806, 1.620190, -0.030615,   1.633887, 0.027393,
156.897773, 1.662085, 1.631470, -0.030615,   1.665308, 1.637915, -0.027393,   1.640332, 0.037866,
156.922432, 1.658057, 1.585547, -0.072510,   1.660474, 1.658862, -0.001611,   1.643555, 0.035449,
156.946993, 1.657251, 1.578296, -0.078955,   1.658862, 1.652417, -0.006445,   1.637109, 0.038672,
156.971653, 1.658057, 1.602466, -0.055591,   1.662085, 1.677393, 0.015308,   1.640332, 0.039478,
156.996085, 1.656445, 1.600049, -0.056396,   1.657251, 1.647583, -0.009668,   1.641943, 0.040283,
157.020667, 1.660474, 1.596826, -0.063647,   1.656445, 1.650000, -0.006445,   1.640332, 0.034644,
157.045216, 1.657251, 1.596020, -0.061231,   1.656445, 1.662085, 0.005640,   1.640332, 0.038672,
157.069549, 1.654028, 1.587964, -0.066064,   1.654834, 1.653223, -0.001611,   1.640332, 0.040283,
157.094105, 1.662085, 1.603271, -0.058813,   1.658862, 1.649194, -0.009668,   1.633081, 0.039478,
157.118437, 1.661279, 1.552515, -0.108765,   1.660474, 1.641943, -0.018530,   1.636304, 0.040283,
157.143004, 1.654834, 1.550903, -0.103931,   1.658862, 1.662891, 0.004028,   1.643555, 0.037866,
157.167435, 1.658862, 1.616968, -0.041894,   1.654834, 1.640332, -0.014502,   1.637915, 0.039478,
157.192110, 1.657251, 1.587964, -0.069287,   1.658862, 1.650806, -0.008057,   1.640332, 0.040283,
157.216655, 1.647583, 1.579102, -0.068481,   1.640332, 1.627441, -0.012891,   1.633081, 0.023364,
157.241221, 1.648389, 1.602466, -0.045923,   1.647583, 1.631470, -0.016113,   1.633887, 0.026587,
157.265881, 1.645972, 1.589575, -0.056396,   1.645166, 1.641138, -0.004028,   1.633887, 0.028198,
157.290559, 1.641943, 1.582324, -0.059619,   1.649194, 1.647583, -0.001611,   1.633887, 0.024976,
157.315218, 1.647583, 1.581519, -0.066064,   1.647583, 1.647583, 0.000000,   1.633081, 0.026587,
157.339554, 1.649194, 1.578296, -0.070899,   1.648389, 1.644360, -0.004028,   1.632275, 0.023364,
157.364236, 1.648389, 1.590381, -0.058008,   1.650000, 1.647583, -0.002417,   1.631470, 0.028198,
157.389008, 1.650000, 1.575879, -0.074121,   1.649194, 1.645166, -0.004028,   1.633887, 0.027393,
157.413570, 1.650806, 1.591992, -0.058813,   1.654028, 1.643555, -0.010474,   1.633081, 0.028198,
157.438107, 1.650806, 1.571851, -0.078955,   1.648389, 1.650806, 0.002417,   1.635498, 0.028198,
157.462446, 1.647583, 1.579907, -0.067676,   1.650000, 1.637915, -0.012085,   1.636304, 0.026587,
157.487108, 1.650806, 1.600049, -0.050757,   1.647583, 1.648389, 0.000806,   1.632275, 0.026587,
157.508876, 1.650806, 1.596020, -0.054785,   1.649194, 1.640332, -0.008862,   1.632275, 0.026587,
157.533657, 1.665308, 1.594409, -0.070899,   1.660474, 1.662085, 0.001611,   1.640332, 0.038672,
157.557992, 1.665308, 1.599243, -0.066064,   1.658057, 1.637109, -0.020947,   1.640332, 0.037866,
157.582774, 1.654834, 1.583935, -0.070898,   1.660474, 1.654028, -0.006445,   1.637915, 0.036255,
157.607318, 1.664502, 1.587964, -0.076538,   1.662085, 1.647583, -0.014502,   1.636304, 0.041895,
157.631895, 1.658057, 1.560571, -0.097485,   1.662085, 1.670142, 0.008057,   1.637915, 0.040283,
157.656221, 1.660474, 1.573462, -0.087012,   1.662085, 1.666113, 0.004028,   1.640332, 0.038672,
157.680782, 1.657251, 1.591187, -0.066064,   1.658057, 1.653223, -0.004834,   1.640332, 0.037866,
157.705396, 1.660474, 1.604077, -0.056396,   1.661279, 1.647583, -0.013696,   1.641943, 0.041895,
157.729999, 1.658057, 1.579102, -0.078955,   1.654028, 1.658057, 0.004028,   1.645166, 0.041895,
157.754333, 1.660474, 1.552515, -0.107959,   1.661279, 1.654028, -0.007251,   1.641943, 0.038672,
157.779219, 1.662085, 1.591992, -0.070093,   1.658862, 1.645166, -0.013696,   1.639526, 0.037866,
157.803773, 1.654834, 1.593603, -0.061230,   1.658057, 1.654834, -0.003223,   1.640332, 0.040283,
157.828446, 1.657251, 1.579907, -0.077344,   1.660474, 1.644360, -0.016113,   1.641943, 0.037866,
157.853000, 1.645972, 1.596826, -0.049145,   1.650000, 1.631470, -0.018530,   1.635498, 0.026587,
157.877778, 1.648389, 1.549292, -0.099097,   1.644360, 1.653223, 0.008862,   1.633081, 0.026587,
157.902123, 1.648389, 1.557349, -0.091040,   1.647583, 1.660474, 0.012891,   1.631470, 0.028198,
157.926557, 1.647583, 1.573462, -0.074121,   1.648389, 1.641943, -0.006445,   1.636304, 0.026587,
157.951107, 1.644360, 1.594409, -0.049951,   1.645166, 1.665308, 0.020142,   1.633887, 0.027393,
157.975553, 1.645972, 1.575879, -0.070093,   1.649194, 1.647583, -0.001611,   1.633081, 0.027393,
158.000111, 1.648389, 1.587158, -0.061230,   1.649194, 1.648389, -0.000806,   1.636304, 0.026587,
158.024771, 1.649194, 1.593603, -0.055591,   1.650000, 1.624219, -0.025781,   1.635498, 0.027393,
158.049318, 1.645972, 1.602466, -0.043506,   1.650000, 1.641138, -0.008862,   1.636304, 0.028198,
158.074001, 1.649194, 1.569434, -0.079761,   1.650806, 1.644360, -0.006445,   1.633887, 0.028198,
158.098673, 1.652417, 1.600049, -0.052368,   1.645972, 1.637915, -0.008057,   1.633081, 0.028198,
158.123225, 1.652417, 1.574268, -0.078149,   1.650000, 1.648389, -0.001611,   1.632275, 0.028198,
158.147771, 1.650000, 1.587158, -0.062842,   1.654834, 1.645972, -0.008862,   1.637109, 0.029810,
158.172451, 1.662085, 1.553320, -0.108765,   1.658862, 1.650000, -0.008862,   1.640332, 0.037866,
158.197105, 1.662891, 1.596020, -0.066870,   1.662891, 1.650806, -0.012085,   1.640332, 0.042700,
158.221775, 1.662085, 1.582324, -0.079761,   1.658057, 1.653223, -0.004834,   1.641138, 0.038672,
158.246319, 1.662891, 1.591992, -0.070898,   1.662891, 1.654028, -0.008862,   1.641943, 0.039478,
158.270870, 1.662085, 1.594409, -0.067676,   1.660474, 1.674170, 0.013696,   1.641943, 0.041895,
158.295235, 1.661279, 1.599243, -0.062036,   1.654834, 1.666919, 0.012085,   1.633081, 0.036255,
158.319560, 1.662085, 1.595215, -0.066870,   1.658057, 1.662085, 0.004028,   1.643555, 0.037866,
158.343786, 1.656445, 1.579907, -0.076538,   1.654834, 1.654834, 0.000000,   1.639526, 0.038672,
158.368223, 1.654834, 1.577490, -0.077344,   1.657251, 1.666919, 0.009668,   1.636304, 0.037866,
158.392781, 1.661279, 1.589575, -0.071704,   1.658862, 1.648389, -0.010474,   1.643555, 0.035449,
158.417378, 1.654028, 1.596020, -0.058008,   1.654834, 1.654834, 0.000000,   1.640332, 0.037866,
158.441659, 1.656445, 1.579907, -0.076538,   1.652417, 1.645972, -0.006445,   1.641943, 0.040283,
158.466341, 1.654834, 1.574268, -0.080566,   1.661279, 1.658862, -0.002417,   1.640332, 0.039478,
158.491014, 1.645972, 1.581519, -0.064453,   1.647583, 1.625024, -0.022559,   1.633081, 0.028198,
158.515576, 1.643555, 1.574268, -0.069287,   1.645166, 1.654834, 0.009668,   1.629858, 0.025781,
158.539879, 1.648389, 1.599243, -0.049145,   1.645972, 1.641138, -0.004834,   1.632275, 0.028198,
158.564673, 1.653223, 1.575879, -0.077344,   1.652417, 1.658057, 0.005640,   1.637109, 0.031421,
158.589109, 1.650000, 1.557349, -0.092651,   1.649194, 1.628247, -0.020947,   1.633081, 0.025781,
158.613753, 1.649194, 1.579907, -0.069287,   1.650000, 1.615356, -0.034644,   1.632275, 0.026587,
158.638325, 1.648389, 1.577490, -0.070898,   1.648389, 1.648389, 0.000000,   1.633081, 0.028198,
158.662668, 1.650806, 1.574268, -0.076538,   1.650806, 1.650806, 0.000000,   1.633887, 0.026587,
158.687253, 1.650806, 1.607300, -0.043506,   1.647583, 1.645166, -0.002417,   1.628247, 0.025781,
158.711820, 1.649194, 1.587158, -0.062036,   1.645166, 1.643555, -0.001611,   1.637915, 0.028198,
158.736454, 1.649194, 1.581519, -0.067676,   1.648389, 1.645166, -0.003223,   1.627441, 0.025781,
158.761009, 1.648389, 1.590381, -0.058008,   1.650000, 1.632275, -0.017725,   1.633081, 0.027393,
158.785777, 1.649194, 1.582324, -0.066870,   1.645166, 1.654028, 0.008862,   1.637109, 0.026587,
158.810161, 1.665308, 1.591187, -0.074121,   1.665308, 1.660474, -0.004834,   1.641138, 0.039478,
158.834654, 1.664502, 1.587964, -0.076538,   1.658057, 1.669336, 0.011279,   1.643555, 0.035449,
158.859025, 1.662891, 1.571045, -0.091846,   1.657251, 1.653223, -0.004028,   1.640332, 0.040283,
158.883811, 1.662085, 1.587964, -0.074121,   1.661279, 1.649194, -0.012085,   1.641138, 0.035449,
158.908447, 1.661279, 1.590381, -0.070899,   1.658862, 1.645972, -0.012891,   1.633887, 0.036255,
158.933012, 1.662085, 1.591187, -0.070898,   1.656445, 1.658862, 0.002417,   1.640332, 0.037866,
158.957330, 1.658057, 1.583130, -0.074927,   1.661279, 1.639526, -0.021753,   1.637109, 0.040283,
158.982131, 1.658862, 1.579102, -0.079761,   1.662085, 1.662085, 0.000000,   1.641138, 0.037866,
159.006445, 1.654834, 1.587964, -0.066870,   1.656445, 1.640332, -0.016113,   1.640332, 0.039478,
159.031011, 1.661279, 1.573462, -0.087817,   1.658862, 1.669336, 0.010474,   1.640332, 0.038672,
159.055362, 1.661279, 1.583130, -0.078149,   1.656445, 1.625024, -0.031421,   1.641138, 0.037866,
159.080113, 1.657251, 1.587158, -0.070093,   1.654834, 1.649194, -0.005640,   1.640332, 0.037866,
159.104675, 1.662085, 1.611328, -0.050757,   1.658057, 1.645166, -0.012891,   1.641138, 0.039478,
159.129333, 1.641138, 1.566211, -0.074927,   1.647583, 1.654834, 0.007251,   1.633887, 0.028198,
159.153671, 1.648389, 1.554932, -0.093457,   1.641138, 1.647583, 0.006445,   1.633081, 0.028198,
159.178236, 1.649194, 1.569434, -0.079761,   1.645166, 1.629053, -0.016113,   1.632275, 0.028198,
159.202781, 1.647583, 1.579102, -0.068481,   1.650000, 1.633887, -0.016113,   1.633081, 0.025781,
159.227448, 1.645972, 1.578296, -0.067676,   1.650000, 1.668530, 0.018530,   1.633081, 0.027393,
159.251781, 1.649194, 1.583935, -0.065259,   1.647583, 1.648389, 0.000806,   1.629053, 0.026587,
159.276248, 1.649194, 1.585547, -0.063648,   1.649194, 1.676587, 0.027393,   1.633887, 0.024976,
159.300663, 1.645166, 1.599243, -0.045923,   1.650000, 1.645972, -0.004028,   1.633887, 0.028198,
159.325332, 1.645166, 1.571851, -0.073316,   1.645166, 1.674170, 0.029004,   1.629858, 0.024976,
159.349657, 1.649194, 1.591187, -0.058008,   1.653223, 1.625024, -0.028198,   1.635498, 0.023364,
159.374355, 1.653223, 1.552515, -0.100708,   1.650000, 1.632275, -0.017725,   1.633887, 0.026587,
159.399114, 1.648389, 1.606494, -0.041895,   1.647583, 1.658862, 0.011279,   1.632275, 0.028198,
159.423562, 1.650000, 1.589575, -0.060425,   1.652417, 1.640332, -0.012085,   1.633887, 0.028198,
159.448120, 1.662085, 1.570239, -0.091846,   1.662085, 1.649194, -0.012891,   1.641138, 0.040283,
159.472789, 1.662085, 1.585547, -0.076538,   1.661279, 1.645166, -0.016113,   1.641943, 0.039478,
159.497454, 1.661279, 1.594409, -0.066870,   1.664502, 1.645166, -0.019336,   1.633081, 0.039478,
159.522098, 1.662891, 1.566211, -0.096680,   1.662085, 1.647583, -0.014502,   1.640332, 0.037866,
159.546652, 1.661279, 1.596826, -0.064453,   1.656445, 1.656445, 0.000000,   1.640332, 0.036255,
159.571087, 1.662085, 1.558960, -0.103125,   1.658862, 1.641943, -0.016919,   1.635498, 0.040283,
159.595664, 1.654834, 1.591992, -0.062842,   1.661279, 1.650000, -0.011279,   1.639526, 0.040283,
159.620332, 1.654028, 1.579907, -0.074121,   1.662085, 1.653223, -0.008862,   1.643555, 0.038672,
159.644891, 1.654834, 1.587964, -0.066870,   1.658862, 1.650000, -0.008862,   1.644360, 0.042700,
159.669466, 1.660474, 1.594409, -0.066064,   1.656445, 1.628247, -0.028198,   1.640332, 0.039478,
159.694012, 1.658057, 1.574268, -0.083789,   1.653223, 1.640332, -0.012891,   1.640332, 0.038672,
159.718568, 1.657251, 1.593603, -0.063648,   1.656445, 1.629053, -0.027393,   1.641943, 0.037866,
159.743118, 1.654834, 1.567822, -0.087012,   1.661279, 1.669336, 0.008057,   1.643555, 0.040283,
159.767562, 1.660474, 1.594409, -0.066064,   1.657251, 1.664502, 0.007251,   1.636304, 0.039478,
159.792014, 1.647583, 1.560571, -0.087012,   1.641943, 1.640332, -0.001611,   1.633081, 0.028198,
159.816667, 1.645166, 1.594409, -0.050757,   1.644360, 1.664502, 0.020142,   1.637915, 0.026587,
159.841020, 1.648389, 1.562183, -0.086206,   1.645972, 1.648389, 0.002417,   1.633081, 0.025781,
159.865468, 1.644360, 1.583130, -0.061230,   1.649194, 1.645166, -0.004028,   1.636304, 0.028198,
159.890135, 1.649194, 1.579907, -0.069287,   1.650000, 1.645166, -0.004834,   1.635498, 0.023364,
159.914674, 1.650806, 1.590381, -0.060425,   1.654028, 1.647583, -0.006445,   1.633887, 0.029810,
159.939232, 1.648389, 1.554126, -0.094263,   1.650000, 1.635498, -0.014502,   1.633887, 0.025781,
159.963890, 1.649194, 1.579907, -0.069287,   1.648389, 1.635498, -0.012891,   1.633887, 0.023364,
159.988565, 1.647583, 1.579907, -0.067676,   1.645166, 1.650806, 0.005640,   1.635498, 0.026587,
160.012915, 1.650000, 1.599243, -0.050757,   1.649194, 1.645166, -0.004028,   1.633081, 0.024976,
160.037449, 1.649194, 1.581519, -0.067676,   1.650000, 1.647583, -0.002417,   1.635498, 0.024976,
160.062034, 1.652417, 1.595215, -0.057202,   1.652417, 1.636304, -0.016113,   1.633081, 0.027393,
160.086789, 1.666919, 1.591992, -0.074927,   1.662085, 1.652417, -0.009668,   1.640332, 0.039478,
160.111382, 1.664502, 1.586352, -0.078149,   1.666919, 1.625830, -0.041089,   1.640332, 0.038672,
160.135883, 1.661279, 1.591992, -0.069287,   1.658862, 1.674170, 0.015308,   1.640332, 0.038672,
160.160232, 1.657251, 1.585547, -0.071704,   1.658862, 1.654834, -0.004028,   1.637109, 0.035449,
160.185345, 1.662891, 1.596020, -0.066870,   1.657251, 1.649194, -0.008057,   1.637109, 0.037866,
160.209972, 1.658862, 1.583130, -0.075732,   1.657251, 1.657251, 0.000000,   1.640332, 0.038672,
160.234342, 1.658862, 1.603271, -0.055591,   1.661279, 1.657251, -0.004028,   1.639526, 0.040283,
160.258919, 1.658057, 1.587964, -0.070093,   1.658057, 1.657251, -0.000806,   1.640332, 0.039478,
160.283665, 1.654028, 1.596020, -0.058008,   1.658057, 1.649194, -0.008862,   1.640332, 0.041895,
160.308237, 1.656445, 1.581519, -0.074927,   1.650806, 1.666919, 0.016113,   1.645166, 0.041895,
160.332566, 1.662085, 1.587964, -0.074121,   1.656445, 1.657251, 0.000806,   1.641943, 0.037866,
160.356887, 1.657251, 1.590381, -0.066870,   1.657251, 1.631470, -0.025781,   1.641138, 0.039478,
160.381794, 1.654834, 1.586352, -0.068481,   1.660474, 1.670142, 0.009668,   1.641138, 0.040283,
160.406240, 1.645166, 1.590381, -0.054785,   1.647583, 1.629053, -0.018530,   1.633081, 0.027393,
160.430781, 1.643555, 1.579102, -0.064453,   1.649194, 1.640332, -0.008862,   1.632275, 0.023364,
160.455354, 1.650000, 1.583935, -0.066064,   1.644360, 1.654834, 0.010474,   1.625830, 0.023364,
160.479895, 1.647583, 1.569434, -0.078149,   1.643555, 1.653223, 0.009668,   1.631470, 0.028198,
160.504238, 1.649194, 1.579907, -0.069287,   1.647583, 1.649194, 0.001611,   1.637915, 0.023364,
160.528673, 1.648389, 1.567822, -0.080566,   1.650806, 1.650000, -0.000806,   1.637109, 0.025781,
160.553245, 1.650806, 1.579102, -0.071704,   1.647583, 1.643555, -0.004028,   1.633081, 0.027393,
160.578021, 1.647583, 1.567822, -0.079761,   1.648389, 1.637109, -0.011279,   1.629858, 0.025781,
160.602573, 1.648389, 1.554932, -0.093457,   1.649194, 1.649194, 0.000000,   1.635498, 0.026587,
160.627009, 1.650806, 1.587964, -0.062842,   1.653223, 1.645166, -0.008057,   1.629053, 0.027393,
160.651592, 1.650806, 1.612939, -0.037866,   1.647583, 1.631470, -0.016113,   1.635498, 0.024976,
160.676235, 1.650000, 1.574268, -0.075732,   1.649194, 1.654834, 0.005640,   1.633081, 0.028198,
160.700564, 1.650806, 1.581519, -0.069287,   1.648389, 1.654834, 0.006445,   1.633081, 0.028198,
160.725023, 1.662891, 1.598437, -0.064453,   1.662085, 1.650000, -0.012085,   1.645166, 0.042700,
160.749567, 1.661279, 1.587964, -0.073316,   1.662085, 1.654834, -0.007251,   1.641138, 0.035449,
160.774242, 1.664502, 1.600049, -0.064453,   1.661279, 1.645166, -0.016113,   1.641138, 0.040283,
160.799016, 1.661279, 1.602466, -0.058814,   1.654834, 1.645972, -0.008862,   1.641943, 0.038672,
160.823568, 1.662085, 1.585547, -0.076538,   1.660474, 1.654834, -0.005640,   1.637915, 0.037866,
160.848157, 1.662085, 1.581519, -0.080566,   1.657251, 1.637109, -0.020142,   1.644360, 0.042700,
160.872783, 1.662085, 1.587158, -0.074927,   1.657251, 1.650806, -0.006445,   1.641943, 0.039478,
160.897470, 1.654834, 1.577490, -0.077344,   1.661279, 1.640332, -0.020947,   1.640332, 0.034644,
160.922114, 1.657251, 1.578296, -0.078955,   1.654834, 1.650806, -0.004028,   1.637109, 0.038672,
160.946668, 1.654028, 1.587964, -0.066064,   1.657251, 1.664502, 0.007251,   1.637915, 0.039478,
160.971103, 1.661279, 1.603271, -0.058008,   1.658057, 1.645166, -0.012891,   1.636304, 0.039478,
160.995683, 1.658057, 1.593603, -0.064453,   1.658057, 1.658057, 0.000000,   1.640332, 0.037866,
161.020015, 1.657251, 1.567822, -0.089429,   1.658862, 1.654834, -0.004028,   1.645166, 0.037866,
161.044599, 1.645166, 1.585547, -0.059619,   1.645166, 1.657251, 0.012085,   1.637109, 0.027393,
161.067930, 1.645166, 1.579907, -0.065259,   1.647583, 1.650000, 0.002417,   1.635498, 0.027393,
161.092467, 1.647583, 1.562988, -0.084595,   1.648389, 1.639526, -0.008862,   1.633887, 0.024976,
161.117121, 1.649194, 1.574268, -0.074927,   1.648389, 1.650806, 0.002417,   1.633887, 0.026587,
161.141453, 1.649194, 1.583130, -0.066064,   1.648389, 1.625024, -0.023364,   1.633887, 0.024976,
161.166124, 1.647583, 1.569434, -0.078149,   1.649194, 1.645166, -0.004028,   1.633887, 0.025781,
161.190792, 1.650806, 1.581519, -0.069287,   1.647583, 1.624219, -0.023364,   1.633081, 0.027393,
161.215368, 1.648389, 1.583935, -0.064453,   1.649194, 1.633887, -0.015308,   1.633081, 0.026587,
161.239908, 1.652417, 1.578296, -0.074121,   1.650000, 1.649194, -0.000806,   1.639526, 0.026587,
161.264575, 1.647583, 1.575073, -0.072510,   1.654834, 1.640332, -0.014502,   1.636304, 0.029810,
161.289246, 1.648389, 1.587158, -0.061230,   1.652417, 1.649194, -0.003223,   1.633887, 0.026587,
161.313899, 1.650000, 1.574268, -0.075732,   1.650000, 1.612939, -0.037060,   1.633081, 0.028198,
161.338457, 1.652417, 1.589575, -0.062842,   1.650000, 1.640332, -0.009668,   1.629053, 0.026587,
161.363020, 1.661279, 1.603271, -0.058008,   1.658057, 1.650000, -0.008057,   1.637915, 0.039478,
161.387894, 1.664502, 1.575879, -0.088623,   1.658057, 1.650806, -0.007251,   1.637109, 0.037866,
161.412504, 1.661279, 1.612939, -0.048340,   1.662085, 1.650806, -0.011279,   1.637109, 0.037866,
161.437019, 1.661279, 1.599243, -0.062036,   1.662891, 1.672559, 0.009668,   1.640332, 0.041895,
161.461351, 1.662891, 1.566211, -0.096680,   1.661279, 1.647583, -0.013696,   1.641943, 0.037866,
161.486131, 1.656445, 1.598437, -0.058008,   1.658862, 1.657251, -0.001611,   1.641943, 0.037866,
161.510720, 1.662085, 1.596020, -0.066064,   1.661279, 1.648389, -0.012891,   1.640332, 0.040283,
161.535248, 1.654834, 1.586352, -0.068481,   1.660474, 1.648389, -0.012085,   1.637109, 0.037866,
161.559795, 1.661279, 1.608911, -0.052368,   1.662085, 1.668530, 0.006445,   1.640332, 0.040283,
161.584359, 1.661279, 1.625024, -0.036255,   1.658862, 1.685449, 0.026587,   1.635498, 0.037866,
161.608701, 1.658862, 1.587964, -0.070898,   1.660474, 1.631470, -0.029004,   1.639526, 0.039478,
161.633348, 1.654834, 1.596826, -0.058008,   1.658057, 1.660474, 0.002417,   1.639526, 0.041895,
161.657681, 1.658862, 1.603271, -0.055591,   1.654834, 1.645166, -0.009668,   1.641943, 0.039478,
161.682460, 1.661279, 1.579907, -0.081372,   1.660474, 1.652417, -0.008057,   1.635498, 0.042700,
161.707035, 1.645972, 1.614551, -0.031421,   1.643555, 1.639526, -0.004028,   1.637109, 0.028198,
161.731575, 1.645972, 1.583935, -0.062036,   1.645166, 1.648389, 0.003223,   1.633081, 0.027393,
161.755905, 1.647583, 1.581519, -0.066064,   1.645972, 1.644360, -0.001611,   1.635498, 0.027393,
161.780677, 1.647583, 1.582324, -0.065259,   1.647583, 1.641138, -0.006445,   1.635498, 0.025781,
161.805345, 1.650806, 1.573462, -0.077344,   1.649194, 1.649194, 0.000000,   1.628247, 0.026587,
161.829694, 1.647583, 1.583935, -0.063648,   1.649194, 1.649194, 0.000000,   1.629858, 0.026587,
161.854021, 1.650000, 1.585547, -0.064453,   1.649194, 1.629858, -0.019336,   1.633887, 0.026587,
161.878796, 1.650000, 1.581519, -0.068481,   1.645972, 1.639526, -0.006445,   1.632275, 0.024976,
161.903340, 1.653223, 1.618579, -0.034644,   1.650806, 1.645972, -0.004834,   1.629858, 0.027393,
161.927902, 1.648389, 1.566211, -0.082178,   1.653223, 1.641943, -0.011279,   1.633081, 0.025781,
161.952461, 1.647583, 1.574268, -0.073316,   1.647583, 1.650000, 0.002417,   1.631470, 0.026587,
161.976888, 1.648389, 1.550903, -0.097485,   1.649194, 1.662085, 0.012891,   1.633081, 0.026587,
162.001253, 1.662085, 1.537207, -0.124878,   1.662891, 1.654834, -0.008057,   1.641943, 0.035449,
162.025891, 1.664502, 1.585547, -0.078955,   1.657251, 1.689478, 0.032227,   1.640332, 0.037866,
162.050244, 1.661279, 1.581519, -0.079761,   1.660474, 1.681421, 0.020947,   1.639526, 0.037866,
162.074686, 1.658057, 1.561377, -0.096680,   1.661279, 1.669336, 0.008057,   1.641138, 0.038672,
162.099131, 1.662891, 1.587964, -0.074927,   1.660474, 1.650000, -0.010474,   1.639526, 0.042700,
162.123789, 1.662085, 1.591992, -0.070093,   1.660474, 1.664502, 0.004028,   1.637109, 0.039478,
162.148129, 1.660474, 1.595215, -0.065259,   1.658862, 1.649194, -0.009668,   1.640332, 0.037866,
162.172791, 1.661279, 1.575879, -0.085400,   1.661279, 1.661279, 0.000000,   1.640332, 0.037866,
162.197249, 1.658862, 1.570239, -0.088623,   1.662085, 1.633081, -0.029004,   1.639526, 0.040283,
162.221819, 1.656445, 1.611328, -0.045117,   1.654834, 1.644360, -0.010474,   1.640332, 0.037866,
162.246346, 1.654834, 1.581519, -0.073315,   1.657251, 1.649194, -0.008057,   1.635498, 0.040283,
162.270900, 1.658057, 1.608105, -0.049951,   1.660474, 1.662085, 0.001611,   1.641138, 0.040283,
162.295281, 1.654834, 1.565405, -0.089429,   1.661279, 1.653223, -0.008057,   1.636304, 0.039478,
162.319794, 1.645166, 1.579907, -0.065259,   1.645972, 1.647583, 0.001611,   1.629053, 0.025781,
162.344030, 1.645972, 1.583935, -0.062036,   1.641138, 1.656445, 0.015308,   1.636304, 0.028198,
162.368351, 1.645972, 1.571045, -0.074927,   1.648389, 1.621802, -0.026587,   1.633887, 0.028198,
162.393135, 1.647583, 1.574268, -0.073316,   1.648389, 1.647583, -0.000806,   1.633081, 0.023364,
162.417794, 1.648389, 1.586352, -0.062036,   1.648389, 1.649194, 0.000806,   1.633081, 0.028198,
162.442135, 1.650806, 1.587158, -0.063647,   1.647583, 1.645166, -0.002417,   1.640332, 0.023364,
162.466801, 1.649194, 1.587964, -0.061231,   1.645972, 1.658862, 0.012891,   1.633887, 0.024976,
162.491243, 1.648389, 1.616162, -0.032227,   1.650000, 1.633081, -0.016919,   1.632275, 0.025781,
162.515894, 1.649194, 1.585547, -0.063648,   1.645972, 1.650806, 0.004834,   1.640332, 0.031421,
162.540239, 1.652417, 1.573462, -0.078955,   1.645166, 1.653223, 0.008057,   1.636304, 0.026587,
162.564675, 1.652417, 1.582324, -0.070093,   1.650806, 1.650806, 0.000000,   1.633081, 0.024976,
162.589136, 1.645972, 1.571851, -0.074121,   1.647583, 1.647583, 0.000000,   1.633081, 0.028198,
162.613516, 1.650806, 1.583130, -0.067676,   1.652417, 1.632275, -0.020142,   1.635498, 0.028198,
162.638134, 1.664502, 1.604077, -0.060425,   1.664502, 1.650000, -0.014502,   1.637109, 0.037866,
162.662680, 1.662891, 1.567822, -0.095068,   1.660474, 1.654834, -0.005640,   1.633081, 0.038672,
162.687473, 1.657251, 1.587158, -0.070093,   1.658057, 1.656445, -0.001611,   1.637109, 0.037866,
162.712044, 1.662891, 1.579907, -0.082983,   1.664502, 1.650806, -0.013696,   1.641138, 0.037866,
162.736590, 1.660474, 1.591187, -0.069287,   1.661279, 1.656445, -0.004834,   1.640332, 0.039478,
162.761125, 1.657251, 1.587964, -0.069287,   1.662891, 1.644360, -0.018530,   1.641943, 0.038672,
162.785903, 1.661279, 1.583130, -0.078149,   1.660474, 1.645166, -0.015308,   1.637109, 0.038672,
162.810485, 1.654834, 1.614551, -0.040283,   1.658862, 1.652417, -0.006445,   1.637915, 0.036255,
162.835123, 1.660474, 1.599243, -0.061230,   1.662085, 1.661279, -0.000806,   1.640332, 0.040283,
162.859693, 1.654834, 1.579907, -0.074927,   1.654834, 1.644360, -0.010474,   1.639526, 0.039478,
162.884466, 1.654834, 1.591992, -0.062842,   1.654834, 1.623413, -0.031421,   1.637109, 0.037866,
162.909063, 1.660474, 1.587158, -0.073315,   1.658862, 1.640332, -0.018530,   1.640332, 0.042700,
162.933581, 1.654028, 1.593603, -0.060425,   1.661279, 1.654834, -0.006445,   1.641138, 0.039478,
162.958141, 1.649194, 1.578296, -0.070899,   1.645972, 1.650000, 0.004028,   1.635498, 0.028198,
162.982678, 1.645972, 1.591187, -0.054785,   1.645972, 1.624219, -0.021753,   1.633081, 0.026587,
163.007248, 1.647583, 1.575879, -0.071704,   1.648389, 1.648389, 0.000000,   1.636304, 0.027393,
163.031577, 1.647583, 1.586352, -0.061231,   1.641943, 1.643555, 0.001611,   1.631470, 0.026587,
163.055898, 1.647583, 1.579102, -0.068481,   1.645166, 1.650000, 0.004834,   1.629858, 0.026587,
163.080466, 1.648389, 1.570239, -0.078149,   1.650806, 1.629858, -0.020947,   1.635498, 0.028198,
163.105037, 1.649194, 1.579102, -0.070093,   1.647583, 1.647583, 0.000000,   1.633887, 0.029810,
163.129351, 1.652417, 1.583130, -0.069287,   1.650000, 1.645972, -0.004028,   1.633887, 0.028198,
163.153909, 1.648389, 1.556543, -0.091846,   1.650000, 1.641943, -0.008057,   1.632275, 0.027393,
163.178688, 1.653223, 1.560571, -0.092651,   1.648389, 1.645166, -0.003223,   1.631470, 0.023364,
163.203255, 1.650000, 1.566211, -0.083789,   1.650000, 1.640332, -0.009668,   1.633887, 0.028198,
163.227907, 1.649194, 1.589575, -0.059619,   1.647583, 1.641138, -0.006445,   1.633887, 0.026587,
163.252464, 1.645972, 1.587964, -0.058008,   1.650806, 1.636304, -0.014502,   1.637109, 0.027393,
163.277235, 1.662085, 1.593603, -0.068481,   1.666113, 1.645972, -0.020142,   1.639526, 0.041895,
163.301799, 1.662085, 1.594409, -0.067676,   1.658057, 1.640332, -0.017725,   1.641138, 0.039478,
163.326355, 1.662085, 1.596020, -0.066064,   1.658057, 1.689478, 0.031421,   1.641943, 0.039478,
163.350675, 1.662891, 1.596020, -0.066870,   1.662085, 1.662085, 0.000000,   1.645972, 0.038672,
163.375137, 1.662085, 1.575879, -0.086206,   1.662085, 1.650806, -0.011279,   1.639526, 0.037866,
163.399690, 1.658862, 1.585547, -0.073315,   1.660474, 1.657251, -0.003223,   1.640332, 0.041895,
163.424362, 1.661279, 1.583130, -0.078149,   1.660474, 1.656445, -0.004028,   1.637915, 0.037866,
163.448908, 1.661279, 1.600855, -0.060425,   1.660474, 1.647583, -0.012891,   1.636304, 0.036255,
163.473581, 1.658057, 1.583935, -0.074121,   1.657251, 1.633081, -0.024170,   1.636304, 0.038672,
163.498253, 1.662085, 1.581519, -0.080566,   1.657251, 1.649194, -0.008057,   1.637915, 0.037866,
163.522797, 1.654834, 1.587158, -0.067676,   1.656445, 1.637109, -0.019336,   1.641138, 0.041895,
163.547343, 1.658057, 1.608105, -0.049951,   1.657251, 1.657251, 0.000000,   1.640332, 0.037866,
163.565578, 1.657251, 1.571045, -0.086206,   1.653223, 1.625830, -0.027393,   1.640332, 0.040283,
163.590249, 1.657251, 1.581519, -0.075732,   1.654834, 1.662085, 0.007251,   1.640332, 0.034644,
163.614680, 1.647583, 1.570239, -0.077344,   1.643555, 1.647583, 0.004028,   1.635498, 0.028198,
163.639027, 1.647583, 1.595215, -0.052368,   1.647583, 1.633887, -0.013696,   1.633081, 0.024976,
163.663588, 1.645166, 1.566211, -0.078955,   1.648389, 1.635498, -0.012891,   1.635498, 0.028198,
163.688252, 1.645972, 1.558960, -0.087012,   1.648389, 1.635498, -0.012891,   1.633081, 0.028198,
163.712822, 1.647583, 1.590381, -0.057202,   1.644360, 1.647583, 0.003223,   1.635498, 0.025781,
163.737138, 1.649194, 1.579907, -0.069287,   1.645972, 1.619385, -0.026587,   1.633081, 0.027393,
163.761694, 1.650000, 1.579907, -0.070093,   1.645972, 1.621802, -0.024170,   1.635498, 0.026587,
163.786474, 1.649194, 1.604883, -0.044312,   1.650000, 1.644360, -0.005640,   1.629858, 0.026587,
163.811067, 1.649194, 1.585547, -0.063648,   1.649194, 1.640332, -0.008862,   1.639526, 0.028198,
163.835585, 1.647583, 1.566211, -0.081372,   1.649194, 1.654028, 0.004834,   1.633081, 0.025781,
163.859914, 1.653223, 1.608911, -0.044312,   1.648389, 1.661279, 0.012891,   1.637109, 0.027393,
163.884471, 1.650806, 1.587964, -0.062842,   1.650000, 1.650000, 0.000000,   1.633081, 0.026587,
163.908809, 1.650806, 1.564600, -0.086206,   1.652417, 1.653223, 0.000806,   1.631470, 0.026587,
163.933213, 1.661279, 1.567017, -0.094263,   1.660474, 1.662085, 0.001611,   1.640332, 0.037866,
163.957587, 1.662891, 1.570239, -0.092651,   1.658057, 1.647583, -0.010474,   1.635498, 0.041895,
163.982362, 1.660474, 1.600855, -0.059619,   1.665308, 1.633081, -0.032227,   1.641943, 0.041895,
164.007034, 1.662085, 1.593603, -0.068481,   1.658862, 1.645972, -0.012891,   1.636304, 0.044312,
164.031582, 1.661279, 1.581519, -0.079761,   1.664502, 1.654028, -0.010474,   1.637109, 0.039478,
164.056140, 1.662085, 1.570239, -0.091846,   1.656445, 1.654834, -0.001611,   1.637109, 0.038672,
164.080904, 1.658862, 1.583130, -0.075732,   1.656445, 1.653223, -0.003223,   1.640332, 0.044312,
164.105469, 1.662085, 1.606494, -0.055591,   1.661279, 1.647583, -0.013696,   1.641138, 0.034644,
164.130161, 1.657251, 1.569434, -0.087817,   1.660474, 1.652417, -0.008057,   1.633887, 0.038672,
164.154679, 1.657251, 1.598437, -0.058814,   1.662085, 1.670142, 0.008057,   1.643555, 0.037866,
164.179253, 1.662085, 1.582324, -0.079761,   1.657251, 1.652417, -0.004834,   1.635498, 0.037866,
164.203803, 1.656445, 1.594409, -0.062036,   1.654834, 1.650806, -0.004028,   1.641943, 0.035449,
164.228478, 1.661279, 1.583130, -0.078149,   1.654834, 1.665308, 0.010474,   1.647583, 0.036255,
164.252803, 1.643555, 1.579907, -0.063648,   1.641138, 1.650000, 0.008862,   1.633081, 0.023364,
164.277338, 1.643555, 1.573462, -0.070093,   1.641943, 1.674976, 0.033032,   1.633887, 0.025781,
164.301688, 1.647583, 1.600049, -0.047534,   1.647583, 1.664502, 0.016919,   1.633081, 0.025781,
164.326141, 1.649194, 1.583130, -0.066064,   1.647583, 1.650000, 0.002417,   1.637109, 0.027393,
164.350479, 1.648389, 1.582324, -0.066064,   1.645972, 1.682227, 0.036255,   1.636304, 0.023364,
164.374906, 1.649194, 1.573462, -0.075732,   1.650806, 1.681421, 0.030615,   1.636304, 0.024976,
164.399470, 1.647583, 1.591187, -0.056396,   1.650000, 1.660474, 0.010474,   1.629053, 0.028198,
164.423808, 1.650806, 1.582324, -0.068481,   1.648389, 1.643555, -0.004834,   1.637109, 0.026587,
164.448371, 1.650000, 1.586352, -0.063648,   1.647583, 1.654834, 0.007251,   1.629053, 0.028198,
164.472795, 1.648389, 1.573462, -0.074927,   1.650806, 1.647583, -0.003223,   1.635498, 0.028198,
164.497480, 1.654834, 1.582324, -0.072510,   1.653223, 1.656445, 0.003223,   1.633081, 0.029810,
164.521898, 1.647583, 1.586352, -0.061231,   1.652417, 1.636304, -0.016113,   1.629053, 0.028198,
164.546459, 1.647583, 1.553320, -0.094263,   1.650806, 1.640332, -0.010474,   1.629053, 0.028198,
164.571116, 1.662085, 1.575879, -0.086206,   1.662085, 1.662891, 0.000806,   1.637109, 0.038672,
164.595472, 1.661279, 1.583130, -0.078149,   1.664502, 1.648389, -0.016113,   1.637109, 0.040283,
164.620036, 1.661279, 1.586352, -0.074927,   1.660474, 1.654028, -0.006445,   1.644360, 0.037866,
164.644688, 1.658057, 1.600855, -0.057202,   1.657251, 1.677393, 0.020142,   1.641138, 0.039478,
164.669140, 1.660474, 1.591992, -0.068481,   1.657251, 1.664502, 0.007251,   1.640332, 0.036255,
164.693473, 1.656445, 1.587964, -0.068481,   1.654834, 1.661279, 0.006445,   1.640332, 0.038672,
164.717917, 1.662085, 1.581519, -0.080566,   1.662085, 1.670142, 0.008057,   1.639526, 0.038672,
164.742255, 1.658862, 1.565405, -0.093457,   1.658057, 1.654834, -0.003223,   1.631470, 0.037866,
164.766911, 1.662085, 1.581519, -0.080566,   1.656445, 1.662085, 0.005640,   1.637915, 0.037866,
164.791370, 1.658862, 1.583130, -0.075732,   1.658862, 1.652417, -0.006445,   1.640332, 0.040283,
164.815926, 1.654028, 1.587964, -0.066064,   1.660474, 1.654834, -0.005640,   1.637915, 0.036255,
164.840472, 1.660474, 1.577490, -0.082983,   1.653223, 1.641943, -0.011279,   1.641138, 0.042700,
164.865136, 1.658057, 1.579102, -0.078955,   1.656445, 1.653223, -0.003223,   1.640332, 0.038672,
164.889812, 1.647583, 1.577490, -0.070093,   1.641943, 1.637915, -0.004028,   1.632275, 0.027393,
164.914472, 1.652417, 1.569434, -0.082983,   1.650806, 1.644360, -0.006445,   1.635498, 0.028198,
164.939035, 1.648389, 1.567822, -0.080566,   1.648389, 1.643555, -0.004834,   1.633081, 0.025781,
164.963592, 1.645166, 1.566211, -0.078955,   1.647583, 1.648389, 0.000806,   1.632275, 0.025781,
164.988044, 1.650000, 1.554126, -0.095874,   1.647583, 1.674170, 0.026587,   1.629858, 0.028198,
165.012441, 1.644360, 1.589575, -0.054785,   1.650000, 1.657251, 0.007251,   1.635498, 0.027393,
165.036809, 1.650806, 1.573462, -0.077344,   1.650000, 1.645166, -0.004834,   1.633081, 0.028198,
165.061353, 1.648389, 1.615356, -0.033032,   1.650000, 1.648389, -0.001611,   1.633081, 0.026587,
165.086143, 1.649194, 1.579907, -0.069287,   1.647583, 1.662085, 0.014502,   1.632275, 0.025781,
165.110552, 1.648389, 1.595215, -0.053174,   1.650806, 1.654028, 0.003223,   1.631470, 0.026587,
165.134912, 1.647583, 1.567017, -0.080566,   1.652417, 1.625830, -0.026587,   1.632275, 0.028198,
165.159481, 1.647583, 1.589575, -0.058008,   1.647583, 1.662085, 0.014502,   1.629858, 0.028198,
165.184029, 1.647583, 1.579102, -0.068481,   1.650806, 1.668530, 0.017725,   1.636304, 0.024976,
165.208360, 1.662085, 1.591187, -0.070898,   1.665308, 1.653223, -0.012085,   1.641138, 0.039478,
165.232906, 1.662085, 1.596826, -0.065259,   1.664502, 1.658862, -0.005640,   1.641138, 0.041895,
165.257469, 1.662085, 1.552515, -0.109570,   1.661279, 1.649194, -0.012085,   1.641138, 0.037866,
165.282258, 1.661279, 1.565405, -0.095874,   1.658057, 1.660474, 0.002417,   1.641943, 0.040283,
165.306602, 1.660474, 1.578296, -0.082178,   1.658862, 1.654834, -0.004028,   1.637109, 0.037866,
165.331149, 1.657251, 1.589575, -0.067676,   1.658862, 1.640332, -0.018530,   1.644360, 0.041895,
165.355692, 1.656445, 1.573462, -0.082983,   1.661279, 1.657251, -0.004028,   1.641138, 0.039478,
165.380586, 1.654028, 1.595215, -0.058813,   1.658862, 1.641943, -0.016919,   1.643555, 0.040283,
165.405141, 1.658057, 1.600049, -0.058008,   1.657251, 1.650000, -0.007251,   1.640332, 0.038672,
165.429694, 1.658862, 1.587964, -0.070898,   1.658862, 1.637109, -0.021753,   1.636304, 0.037866,
165.454248, 1.658862, 1.582324, -0.076538,   1.654834, 1.645166, -0.009668,   1.635498, 0.035449,
165.479042, 1.656445, 1.633887, -0.022559,   1.654834, 1.637109, -0.017725,   1.640332, 0.037866,
165.503590, 1.660474, 1.600049, -0.060425,   1.650806, 1.653223, 0.002417,   1.641138, 0.037866,
165.527914, 1.660474, 1.593603, -0.066870,   1.658862, 1.658862, 0.000000,   1.641943, 0.039478,
165.552263, 1.644360, 1.556543, -0.087817,   1.645972, 1.647583, 0.001611,   1.633081, 0.022559,
165.576697, 1.649194, 1.567017, -0.082178,   1.645972, 1.647583, 0.001611,   1.632275, 0.027393,
165.601143, 1.649194, 1.566211, -0.082983,   1.647583, 1.640332, -0.007251,   1.633081, 0.027393,
165.625814, 1.647583, 1.554932, -0.092651,   1.645972, 1.627441, -0.018530,   1.633081, 0.023364,
165.650370, 1.647583, 1.583935, -0.063648,   1.644360, 1.647583, 0.003223,   1.633081, 0.028198,
165.674803, 1.650000, 1.554126, -0.095874,   1.650000, 1.647583, -0.002417,   1.633081, 0.026587,
165.699491, 1.649194, 1.589575, -0.059619,   1.650000, 1.654834, 0.004834,   1.633887, 0.023364,
165.723924, 1.649194, 1.610522, -0.038672,   1.645972, 1.633887, -0.012085,   1.635498, 0.028198,
165.748479, 1.653223, 1.567822, -0.085400,   1.657251, 1.670142, 0.012891,   1.635498, 0.024976,
165.772910, 1.647583, 1.581519, -0.066064,   1.650806, 1.637915, -0.012891,   1.633887, 0.025781,
165.797596, 1.650000, 1.590381, -0.059619,   1.647583, 1.654028, 0.006445,   1.633081, 0.027393,
165.821913, 1.650806, 1.566211, -0.084595,   1.650000, 1.640332, -0.009668,   1.633887, 0.022559,
165.846456, 1.658862, 1.591992, -0.066870,   1.662085, 1.654028, -0.008057,   1.641943, 0.038672,
165.871120, 1.665308, 1.578296, -0.087012,   1.662891, 1.645972, -0.016919,   1.640332, 0.041895,
165.895723, 1.662085, 1.582324, -0.079761,   1.662085, 1.649194, -0.012891,   1.643555, 0.038672,
165.920265, 1.658862, 1.591992, -0.066870,   1.658862, 1.657251, -0.001611,   1.643555, 0.040283,
165.944693, 1.662891, 1.583130, -0.079761,   1.658862, 1.647583, -0.011279,   1.645166, 0.038672,
165.969365, 1.660474, 1.578296, -0.082178,   1.658862, 1.647583, -0.011279,   1.645166, 0.037866,
165.994048, 1.660474, 1.600049, -0.060425,   1.658862, 1.650806, -0.008057,   1.641943, 0.037866,
166.018487, 1.662085, 1.591187, -0.070898,   1.658862, 1.652417, -0.006445,   1.637109, 0.040283,
166.043034, 1.654834, 1.579907, -0.074927,   1.653223, 1.654834, 0.001611,   1.641943, 0.035449,
166.067488, 1.661279, 1.602466, -0.058814,   1.657251, 1.653223, -0.004028,   1.641138, 0.037866,
166.092162, 1.652417, 1.603271, -0.049145,   1.658057, 1.679810, 0.021753,   1.637109, 0.036255,
166.116589, 1.658862, 1.591187, -0.067676,   1.654834, 1.654834, 0.000000,   1.633081, 0.038672,
166.140921, 1.658057, 1.595215, -0.062842,   1.658862, 1.654834, -0.004028,   1.647583, 0.041895,
166.165589, 1.648389, 1.599243, -0.049145,   1.647583, 1.654834, 0.007251,   1.632275, 0.030615,
166.190043, 1.643555, 1.581519, -0.062036,   1.647583, 1.665308, 0.017725,   1.631470, 0.028198,
166.214471, 1.645166, 1.593603, -0.051563,   1.647583, 1.637109, -0.010474,   1.635498, 0.024976,
166.239032, 1.643555, 1.606494, -0.037061,   1.648389, 1.658862, 0.010474,   1.633887, 0.027393,
166.263359, 1.643555, 1.575879, -0.067676,   1.645166, 1.648389, 0.003223,   1.631470, 0.022559,
166.287961, 1.648389, 1.589575, -0.058813,   1.650000, 1.666113, 0.016113,   1.633081, 0.027393,
166.312469, 1.647583, 1.558960, -0.088623,   1.650000, 1.652417, 0.002417,   1.631470, 0.024976,
166.336823, 1.650000, 1.593603, -0.056396,   1.648389, 1.657251, 0.008862,   1.633081, 0.024976,
166.361154, 1.647583, 1.567017, -0.080566,   1.647583, 1.650806, 0.003223,   1.633887, 0.027393,
166.385814, 1.649194, 1.583935, -0.065259,   1.647583, 1.621802, -0.025781,   1.632275, 0.025781,
166.410421, 1.649194, 1.623413, -0.025781,   1.650806, 1.643555, -0.007251,   1.636304, 0.026587,
166.434915, 1.650806, 1.579907, -0.070898,   1.648389, 1.648389, 0.000000,   1.632275, 0.025781,
166.459265, 1.650806, 1.587964, -0.062842,   1.645972, 1.644360, -0.001611,   1.632275, 0.024976,
166.484080, 1.660474, 1.595215, -0.065259,   1.664502, 1.670142, 0.005640,   1.639526, 0.039478,
166.508485, 1.660474, 1.583935, -0.076538,   1.662085, 1.653223, -0.008862,   1.639526, 0.035449,
166.533038, 1.664502, 1.582324, -0.082178,   1.662085, 1.654834, -0.007251,   1.635498, 0.038672,
166.557594, 1.662085, 1.596020, -0.066064,   1.656445, 1.661279, 0.004834,   1.636304, 0.037866,
166.582159, 1.654834, 1.574268, -0.080566,   1.662085, 1.666919, 0.004834,   1.637915, 0.041895,
166.606477, 1.661279, 1.581519, -0.079761,   1.660474, 1.650000, -0.010474,   1.643555, 0.038672,
166.631052, 1.657251, 1.591992, -0.065259,   1.654028, 1.649194, -0.004834,   1.637915, 0.039478,
166.655597, 1.660474, 1.587158, -0.073315,   1.654834, 1.658862, 0.004028,   1.641943, 0.040283,
166.680171, 1.662085, 1.575879, -0.086206,   1.662085, 1.647583, -0.014502,   1.645166, 0.040283,
166.704699, 1.660474, 1.603271, -0.057202,   1.658862, 1.644360, -0.014502,   1.640332, 0.041895,
166.729360, 1.656445, 1.593603, -0.062842,   1.657251, 1.645972, -0.011279,   1.643555, 0.041895,
166.753934, 1.662085, 1.599243, -0.062842,   1.654028, 1.652417, -0.001611,   1.635498, 0.038672,
166.778701, 1.662085, 1.608105, -0.053980,   1.661279, 1.669336, 0.008057,   1.641943, 0.038672,
166.803043, 1.645972, 1.567017, -0.078955,   1.641138, 1.624219, -0.016919,   1.635498, 0.025781,
166.827700, 1.641943, 1.581519, -0.060425,   1.643555, 1.654834, 0.011279,   1.631470, 0.028198,
166.852040, 1.643555, 1.585547, -0.058008,   1.645166, 1.652417, 0.007251,   1.631470, 0.026587,
166.876484, 1.644360, 1.587964, -0.056396,   1.645972, 1.647583, 0.001611,   1.633081, 0.023364,
166.900915, 1.647583, 1.581519, -0.066064,   1.647583, 1.654028, 0.006445,   1.633081, 0.024976,
166.925384, 1.641943, 1.579907, -0.062036,   1.648389, 1.660474, 0.012085,   1.629053, 0.028198,
166.949699, 1.652417, 1.573462, -0.078955,   1.648389, 1.650000, 0.001611,   1.633081, 0.027393,
166.974146, 1.647583, 1.583935, -0.063648,   1.650000, 1.633887, -0.016113,   1.629858, 0.027393,
166.998808, 1.649194, 1.586352, -0.062842,   1.652417, 1.654834, 0.002417,   1.629858, 0.024976,
167.023269, 1.649194, 1.575879, -0.073316,   1.650000, 1.633887, -0.016113,   1.629053, 0.028198,
167.047809, 1.649194, 1.560571, -0.088623,   1.648389, 1.650806, 0.002417,   1.633081, 0.026587,
167.072266, 1.650806, 1.581519, -0.069287,   1.650806, 1.644360, -0.006445,   1.636304, 0.027393,
167.096914, 1.654834, 1.571045, -0.083789,   1.653223, 1.640332, -0.012891,   1.636304, 0.029810,
167.121240, 1.662085, 1.587964, -0.074121,   1.658862, 1.632275, -0.026587,   1.645166, 0.037866,
167.145710, 1.664502, 1.581519, -0.082983,   1.662891, 1.666113, 0.003223,   1.639526, 0.038672,
167.170160, 1.660474, 1.564600, -0.095874,   1.660474, 1.681421, 0.020947,   1.640332, 0.037866,
167.194484, 1.657251, 1.587964, -0.069287,   1.662085, 1.666919, 0.004834,   1.640332, 0.034644,
167.218826, 1.658862, 1.579907, -0.078955,   1.654834, 1.625024, -0.029809,   1.637915, 0.037866,
167.243375, 1.658057, 1.579907, -0.078149,   1.657251, 1.654028, -0.003223,   1.640332, 0.038672,
167.268053, 1.656445, 1.604077, -0.052368,   1.661279, 1.679810, 0.018530,   1.641943, 0.041895,
167.292479, 1.658862, 1.585547, -0.073315,   1.653223, 1.648389, -0.004834,   1.637915, 0.035449,
167.317048, 1.662085, 1.591187, -0.070898,   1.656445, 1.658862, 0.002417,   1.640332, 0.039478,
167.341375, 1.658862, 1.567822, -0.091040,   1.658862, 1.652417, -0.006445,   1.640332, 0.038672,
167.366038, 1.660474, 1.593603, -0.066870,   1.657251, 1.666113, 0.008862,   1.635498, 0.039478,
167.390604, 1.662085, 1.615356, -0.046728,   1.653223, 1.650806, -0.002417,   1.635498, 0.039478,
167.415266, 1.654028, 1.587158, -0.066870,   1.658057, 1.661279, 0.003223,   1.645166, 0.037866,
167.439596, 1.649194, 1.587964, -0.061231,   1.652417, 1.647583, -0.004834,   1.640332, 0.037866,
167.464152, 1.645166, 1.579907, -0.065259,   1.640332, 1.640332, 0.000000,   1.633887, 0.024976,
167.488607, 1.648389, 1.558960, -0.089429,   1.648389, 1.643555, -0.004834,   1.633081, 0.026587,
167.513165, 1.650806, 1.567017, -0.083789,   1.653223, 1.654834, 0.001611,   1.639526, 0.029810,
167.537505, 1.647583, 1.586352, -0.061231,   1.644360, 1.643555, -0.000806,   1.635498, 0.025781,
167.562046, 1.645166, 1.582324, -0.062842,   1.641943, 1.649194, 0.007251,   1.633081, 0.028198,
167.586608, 1.649194, 1.539624, -0.109570,   1.649194, 1.633887, -0.015308,   1.628247, 0.024976,
167.611202, 1.650806, 1.593603, -0.057202,   1.647583, 1.648389, 0.000806,   1.635498, 0.028198,
167.635486, 1.650806, 1.587964, -0.062842,   1.649194, 1.654834, 0.005640,   1.639526, 0.024976,
167.659820, 1.648389, 1.575879, -0.072510,   1.648389, 1.650806, 0.002417,   1.637109, 0.025781,
167.684372, 1.650000, 1.587158, -0.062842,   1.650000, 1.641943, -0.008057,   1.635498, 0.025781,
167.708926, 1.650806, 1.570239, -0.080566,   1.650000, 1.635498, -0.014502,   1.633887, 0.027393,
167.733595, 1.649194, 1.596020, -0.053174,   1.645972, 1.654834, 0.008862,   1.633081, 0.026587,
167.757926, 1.662085, 1.581519, -0.080566,   1.662085, 1.662085, 0.000000,   1.637915, 0.039478,
167.782492, 1.661279, 1.586352, -0.074927,   1.660474, 1.662085, 0.001611,   1.635498, 0.041895,
167.806810, 1.658862, 1.583935, -0.074927,   1.656445, 1.643555, -0.012891,   1.640332, 0.038672,
167.831374, 1.661279, 1.582324, -0.078955,   1.662085, 1.653223, -0.008862,   1.640332, 0.037866,
167.855926, 1.662085, 1.587158, -0.074927,   1.654834, 1.637915, -0.016919,   1.643555, 0.039478,
167.880709, 1.662085, 1.591187, -0.070898,   1.662085, 1.662085, 0.000000,   1.639526, 0.038672,
167.905054, 1.658057, 1.600049, -0.058008,   1.654834, 1.641943, -0.012891,   1.641943, 0.038672,
167.929725, 1.661279, 1.593603, -0.067676,   1.660474, 1.650000, -0.010474,   1.643555, 0.042700,
167.954280, 1.660474, 1.558960, -0.101514,   1.656445, 1.654834, -0.001611,   1.641943, 0.040283,
167.979049, 1.658862, 1.587158, -0.071704,   1.658862, 1.652417, -0.006445,   1.640332, 0.034644,
168.003598, 1.658862, 1.600049, -0.058813,   1.654028, 1.625024, -0.029004,   1.641943, 0.040283,
168.028266, 1.660474, 1.585547, -0.074927,   1.657251, 1.656445, -0.000806,   1.636304, 0.040283,
168.052827, 1.654834, 1.571851, -0.082983,   1.654834, 1.632275, -0.022559,   1.639526, 0.038672,
168.077602, 1.656445, 1.581519, -0.074927,   1.647583, 1.641138, -0.006445,   1.633081, 0.028198,
168.102156, 1.648389, 1.573462, -0.074927,   1.644360, 1.656445, 0.012085,   1.633081, 0.025781,
168.126603, 1.650000, 1.567017, -0.082983,   1.645972, 1.633887, -0.012085,   1.632275, 0.027393,
168.151149, 1.648389, 1.589575, -0.058813,   1.645166, 1.669336, 0.024170,   1.633887, 0.027393,
168.175603, 1.645166, 1.625830, -0.019336,   1.647583, 1.637109, -0.010474,   1.632275, 0.028198,
168.200153, 1.649194, 1.585547, -0.063648,   1.650000, 1.650000, 0.000000,   1.636304, 0.025781,
168.224608, 1.647583, 1.578296, -0.069287,   1.649194, 1.649194, 0.000000,   1.631470, 0.028198,
168.248923, 1.650806, 1.585547, -0.065259,   1.648389, 1.641943, -0.006445,   1.633081, 0.024976,
168.273594, 1.649194, 1.579102, -0.070093,   1.649194, 1.649194, 0.000000,   1.633081, 0.025781,
168.298055, 1.649194, 1.581519, -0.067676,   1.650000, 1.647583, -0.002417,   1.632275, 0.023364,
168.322715, 1.652417, 1.581519, -0.070898,   1.650000, 1.623413, -0.026587,   1.631470, 0.028198,
168.347274, 1.654028, 1.590381, -0.063648,   1.652417, 1.640332, -0.012085,   1.633081, 0.026587,
168.371921, 1.650000, 1.577490, -0.072510,   1.649194, 1.643555, -0.005640,   1.633081, 0.027393,
168.396698, 1.654834, 1.577490, -0.077344,   1.665308, 1.639526, -0.025781,   1.637109, 0.037866,
168.421251, 1.658057, 1.562988, -0.095068,   1.662085, 1.650000, -0.012085,   1.641138, 0.037866,
168.445706, 1.658057, 1.587964, -0.070093,   1.660474, 1.654834, -0.005640,   1.644360, 0.040283,
168.470385, 1.657251, 1.585547, -0.071704,   1.654834, 1.620190, -0.034644,   1.637915, 0.041895,
168.494926, 1.662085, 1.587964, -0.074121,   1.658057, 1.653223, -0.004834,   1.641138, 0.035449,
168.519395, 1.660474, 1.608105, -0.052368,   1.654834, 1.633887, -0.020947,   1.639526, 0.039478,
168.543826, 1.661279, 1.560571, -0.100708,   1.657251, 1.654834, -0.002417,   1.640332, 0.039478,
168.568506, 1.658862, 1.600049, -0.058813,   1.658057, 1.639526, -0.018530,   1.640332, 0.040283,
168.593159, 1.661279, 1.591992, -0.069287,   1.654834, 1.649194, -0.005640,   1.636304, 0.037866,
168.617822, 1.662085, 1.575073, -0.087012,   1.657251, 1.658057, 0.000806,   1.635498, 0.036255,
168.642158, 1.658862, 1.579907, -0.078955,   1.657251, 1.648389, -0.008862,   1.641138, 0.040283,
168.666823, 1.661279, 1.593603, -0.067676,   1.656445, 1.650000, -0.006445,   1.640332, 0.037866,
168.691498, 1.656445, 1.578296, -0.078149,   1.654834, 1.645166, -0.009668,   1.633887, 0.037866,
168.716155, 1.658057, 1.632275, -0.025781,   1.650806, 1.673364, 0.022559,   1.640332, 0.033838,
168.740492, 1.647583, 1.591187, -0.056396,   1.647583, 1.652417, 0.004834,   1.633081, 0.026587,
168.764827, 1.649194, 1.581519, -0.067676,   1.649194, 1.658862, 0.009668,   1.631470, 0.027393,
168.789276, 1.647583, 1.577490, -0.070093,   1.648389, 1.618579, -0.029810,   1.633081, 0.026587,
168.813890, 1.648389, 1.583935, -0.064453,   1.647583, 1.660474, 0.012891,   1.629858, 0.026587,
168.838156, 1.652417, 1.591187, -0.061230,   1.649194, 1.647583, -0.001611,   1.635498, 0.022559,
168.862705, 1.649194, 1.581519, -0.067676,   1.648389, 1.645972, -0.002417,   1.633887, 0.026587,
168.887506, 1.645972, 1.575879, -0.070093,   1.647583, 1.644360, -0.003223,   1.633887, 0.023364,
168.912149, 1.650000, 1.587964, -0.062036,   1.648389, 1.666113, 0.017725,   1.633887, 0.027393,
168.936498, 1.647583, 1.593603, -0.053980,   1.650000, 1.656445, 0.006445,   1.632275, 0.025781,
168.960832, 1.649194, 1.575879, -0.073316,   1.649194, 1.658057, 0.008862,   1.635498, 0.027393,
168.985384, 1.650000, 1.571045, -0.078955,   1.647583, 1.662891, 0.015308,   1.632275, 0.028198,
169.009786, 1.650000, 1.579907, -0.070093,   1.648389, 1.650000, 0.001611,   1.632275, 0.026587,
169.034162, 1.649194, 1.585547, -0.063648,   1.652417, 1.643555, -0.008862,   1.637915, 0.028198,
169.058714, 1.662085, 1.610522, -0.051563,   1.662085, 1.658862, -0.003223,   1.643555, 0.036255,
169.083499, 1.665308, 1.611328, -0.053980,   1.662085, 1.656445, -0.005640,   1.633081, 0.038672,
169.108056, 1.660474, 1.578296, -0.082178,   1.660474, 1.654834, -0.005640,   1.640332, 0.036255,
169.132608, 1.662085, 1.587964, -0.074121,   1.658862, 1.660474, 0.001611,   1.633887, 0.039478,
169.156928, 1.658862, 1.585547, -0.073315,   1.658862, 1.654834, -0.004028,   1.639526, 0.038672,
169.181708, 1.662085, 1.599243, -0.062842,   1.662085, 1.657251, -0.004834,   1.645166, 0.037866,
169.206385, 1.662085, 1.574268, -0.087817,   1.656445, 1.649194, -0.007251,   1.640332, 0.039478,
169.230944, 1.658057, 1.589575, -0.068481,   1.662085, 1.662085, 0.000000,   1.639526, 0.037866,
169.255268, 1.658057, 1.564600, -0.093457,   1.657251, 1.648389, -0.008862,   1.641138, 0.038672,
169.280056, 1.658057, 1.589575, -0.068481,   1.654834, 1.650000, -0.004834,   1.641943, 0.041895,
169.304617, 1.657251, 1.587964, -0.069287,   1.654028, 1.654834, 0.000806,   1.640332, 0.037866,
169.328943, 1.657251, 1.596020, -0.061231,   1.658862, 1.654028, -0.004834,   1.641138, 0.038672,
169.353492, 1.657251, 1.593603, -0.063648,   1.658862, 1.649194, -0.009668,   1.641943, 0.039478,
169.378344, 1.645972, 1.554126, -0.091846,   1.641943, 1.658862, 0.016919,   1.635498, 0.027393,
169.402729, 1.647583, 1.591187, -0.056396,   1.645166, 1.627441, -0.017725,   1.632275, 0.028198,
169.427373, 1.645166, 1.544458, -0.100708,   1.643555, 1.641943, -0.001611,   1.629053, 0.026587,
169.451936, 1.647583, 1.579102, -0.068481,   1.649194, 1.633887, -0.015308,   1.629858, 0.025781,
169.476610, 1.648389, 1.587964, -0.060425,   1.648389, 1.647583, -0.000806,   1.629858, 0.027393,
169.501180, 1.647583, 1.583935, -0.063648,   1.650000, 1.658057, 0.008057,   1.633887, 0.022559,
169.525484, 1.649194, 1.587964, -0.061231,   1.645166, 1.645166, 0.000000,   1.633081, 0.028198,
169.549826, 1.645166, 1.624219, -0.020947,   1.650000, 1.654834, 0.004834,   1.631470, 0.024976,
169.574386, 1.650000, 1.575879, -0.074121,   1.648389, 1.644360, -0.004028,   1.637109, 0.023364,
169.599057, 1.656445, 1.586352, -0.070093,   1.648389, 1.644360, -0.004028,   1.635498, 0.028198,
169.623607, 1.650806, 1.587158, -0.063647,   1.650000, 1.612134, -0.037866,   1.637109, 0.026587,
169.648168, 1.650806, 1.583935, -0.066870,   1.647583, 1.657251, 0.009668,   1.633887, 0.028198,
169.672610, 1.650806, 1.596020, -0.054785,   1.650000, 1.637109, -0.012891,   1.633887, 0.028198,
169.697284, 1.662891, 1.585547, -0.077344,   1.665308, 1.660474, -0.004834,   1.637109, 0.037866,
169.721933, 1.661279, 1.590381, -0.070899,   1.661279, 1.637109, -0.024170,   1.639526, 0.039478,
169.746495, 1.657251, 1.600049, -0.057202,   1.662891, 1.647583, -0.015308,   1.640332, 0.037866,
169.771158, 1.658057, 1.598437, -0.059619,   1.657251, 1.649194, -0.008057,   1.643555, 0.037866,
169.795711, 1.662085, 1.582324, -0.079761,   1.654834, 1.633081, -0.021753,   1.640332, 0.037866,
169.820388, 1.662085, 1.593603, -0.068481,   1.661279, 1.666113, 0.004834,   1.641943, 0.039478,
169.844609, 1.658862, 1.595215, -0.063647,   1.657251, 1.650806, -0.006445,   1.641138, 0.040283,
169.869162, 1.661279, 1.574268, -0.087012,   1.660474, 1.637109, -0.023364,   1.644360, 0.041895,
169.893732, 1.656445, 1.624219, -0.032227,   1.658057, 1.654028, -0.004028,   1.640332, 0.039478,
169.918288, 1.658057, 1.608911, -0.049145,   1.658057, 1.662891, 0.004834,   1.639526, 0.040283,
169.942609, 1.657251, 1.581519, -0.075732,   1.658862, 1.653223, -0.005640,   1.640332, 0.038672,
169.967276, 1.657251, 1.590381, -0.066870,   1.657251, 1.666113, 0.008862,   1.639526, 0.040283,
169.991728, 1.654834, 1.578296, -0.076538,   1.654028, 1.632275, -0.021753,   1.640332, 0.041895,
170.016374, 1.647583, 1.585547, -0.062036,   1.645166, 1.641138, -0.004028,   1.633887, 0.027393,
170.040938, 1.649194, 1.561377, -0.087817,   1.645972, 1.649194, 0.003223,   1.633081, 0.027393,
170.065358, 1.648389, 1.565405, -0.082983,   1.647583, 1.637915, -0.009668,   1.633081, 0.023364,
170.090102, 1.650000, 1.591187, -0.058813,   1.648389, 1.644360, -0.004028,   1.633887, 0.026587,
170.114707, 1.650806, 1.583935, -0.066870,   1.650806, 1.650000, -0.000806,   1.633887, 0.026587,
170.139277, 1.649194, 1.603271, -0.045923,   1.650000, 1.640332, -0.009668,   1.633081, 0.024976,
170.163829, 1.650000, 1.570239, -0.079761,   1.650000, 1.647583, -0.002417,   1.631470, 0.025781,
170.188832, 1.647583, 1.591187, -0.056396,   1.650000, 1.645166, -0.004834,   1.637109, 0.028198,
170.213403, 1.650000, 1.583130, -0.066870,   1.650806, 1.649194, -0.001611,   1.632275, 0.025781,
170.237943, 1.652417, 1.579102, -0.073315,   1.650000, 1.637109, -0.012891,   1.633081, 0.028198,
170.262498, 1.652417, 1.598437, -0.053980,   1.650806, 1.635498, -0.015308,   1.633887, 0.025781,
170.287312, 1.653223, 1.587964, -0.065259,   1.647583, 1.636304, -0.011279,   1.635498, 0.024976,
170.311995, 1.650000, 1.583130, -0.066870,   1.648389, 1.645972, -0.002417,   1.633887, 0.025781,
170.336497, 1.661279, 1.583935, -0.077344,   1.662891, 1.645972, -0.016919,   1.633887, 0.039478,
170.361061, 1.665308, 1.600049, -0.065259,   1.662085, 1.652417, -0.009668,   1.640332, 0.040283,
170.385938, 1.660474, 1.587964, -0.072510,   1.664502, 1.657251, -0.007251,   1.645166, 0.037866,
170.410548, 1.662085, 1.589575, -0.072510,   1.662085, 1.662085, 0.000000,   1.639526, 0.034644,
170.434833, 1.662085, 1.606494, -0.055591,   1.661279, 1.641138, -0.020142,   1.641138, 0.037866,
170.459385, 1.657251, 1.566211, -0.091040,   1.657251, 1.664502, 0.007251,   1.640332, 0.036255,
170.484019, 1.657251, 1.583935, -0.073316,   1.658862, 1.669336, 0.010474,   1.641943, 0.039478,
170.508383, 1.662085, 1.583935, -0.078149,   1.656445, 1.645972, -0.010474,   1.641943, 0.036255,
170.532933, 1.658057, 1.575879, -0.082178,   1.662085, 1.678198, 0.016113,   1.640332, 0.040283,
170.557325, 1.658057, 1.591992, -0.066064,   1.658862, 1.654028, -0.004834,   1.645166, 0.035449,
170.582176, 1.656445, 1.582324, -0.074121,   1.656445, 1.640332, -0.016113,   1.640332, 0.041895,
170.606711, 1.653223, 1.570239, -0.082983,   1.654834, 1.650806, -0.004028,   1.640332, 0.035449,
170.631385, 1.654028, 1.587964, -0.066064,   1.658057, 1.661279, 0.003223,   1.640332, 0.037866,
170.655716, 1.644360, 1.582324, -0.062036,   1.641138, 1.637915, -0.003223,   1.635498, 0.028198,
170.680548, 1.647583, 1.587158, -0.060425,   1.641138, 1.662085, 0.020947,   1.629053, 0.028198,
170.704936, 1.649194, 1.587158, -0.062036,   1.649194, 1.640332, -0.008862,   1.629053, 0.024976,
170.729497, 1.650000, 1.581519, -0.068481,   1.645166, 1.650000, 0.004834,   1.633081, 0.027393,
170.753843, 1.650000, 1.586352, -0.063648,   1.645972, 1.647583, 0.001611,   1.636304, 0.024976,
170.778373, 1.650806, 1.569434, -0.081372,   1.650000, 1.643555, -0.006445,   1.632275, 0.025781,
170.802939, 1.647583, 1.586352, -0.061231,   1.650806, 1.650000, -0.000806,   1.633081, 0.028198,
170.827620, 1.650806, 1.554932, -0.095874,   1.647583, 1.625024, -0.022559,   1.633887, 0.023364,
170.852172, 1.645166, 1.583935, -0.061231,   1.649194, 1.661279, 0.012085,   1.633887, 0.024976,
170.876610, 1.648389, 1.571851, -0.076538,   1.647583, 1.640332, -0.007251,   1.628247, 0.026587,
170.901164, 1.654028, 1.587964, -0.066064,   1.649194, 1.674976, 0.025781,   1.633081, 0.023364,
170.925505, 1.650000, 1.589575, -0.060425,   1.652417, 1.666113, 0.013696,   1.632275, 0.026587,
170.949830, 1.654834, 1.587158, -0.067676,   1.652417, 1.660474, 0.008057,   1.631470, 0.027393,
170.974285, 1.662085, 1.612134, -0.049951,   1.662085, 1.643555, -0.018530,   1.640332, 0.038672,
170.998941, 1.662085, 1.596020, -0.066064,   1.662085, 1.662085, 0.000000,   1.641943, 0.037866,
171.023392, 1.660474, 1.591187, -0.069287,   1.657251, 1.650000, -0.007251,   1.640332, 0.041895,
171.047936, 1.662085, 1.596020, -0.066064,   1.661279, 1.669336, 0.008057,   1.641943, 0.040283,
171.072407, 1.662085, 1.587158, -0.074927,   1.658057, 1.657251, -0.000806,   1.637109, 0.035449,
171.097068, 1.660474, 1.594409, -0.066064,   1.656445, 1.658057, 0.001611,   1.641138, 0.037866,
171.121491, 1.654028, 1.587964, -0.066064,   1.660474, 1.647583, -0.012891,   1.641943, 0.040283,
171.146148, 1.654834, 1.581519, -0.073315,   1.658862, 1.654028, -0.004834,   1.637915, 0.037866,
171.170718, 1.658862, 1.596020, -0.062842,   1.661279, 1.661279, 0.000000,   1.640332, 0.036255,
171.195068, 1.658862, 1.560571, -0.098291,   1.656445, 1.648389, -0.008057,   1.640332, 0.037866,
171.219616, 1.654028, 1.595215, -0.058813,   1.658057, 1.640332, -0.017725,   1.640332, 0.037866,
171.244063, 1.662085, 1.575073, -0.087012,   1.656445, 1.652417, -0.004028,   1.637915, 0.037866,
171.268642, 1.657251, 1.587964, -0.069287,   1.661279, 1.648389, -0.012891,   1.637915, 0.037866,
171.293389, 1.649194, 1.586352, -0.062842,   1.647583, 1.644360, -0.003223,   1.637109, 0.028198,
171.317947, 1.645166, 1.560571, -0.084595,   1.643555, 1.662085, 0.018530,   1.633081, 0.026587,
171.342320, 1.643555, 1.587158, -0.056396,   1.641943, 1.677393, 0.035449,   1.636304, 0.028198,
171.366719, 1.652417, 1.585547, -0.066870,   1.648389, 1.662891, 0.014502,   1.633887, 0.027393,
171.391286, 1.649194, 1.573462, -0.075732,   1.645166, 1.643555, -0.001611,   1.633887, 0.025781,
171.416063, 1.650000, 1.560571, -0.089429,   1.645972, 1.640332, -0.005640,   1.633887, 0.028198,
171.440615, 1.643555, 1.585547, -0.058008,   1.647583, 1.635498, -0.012085,   1.635498, 0.025781,
171.465311, 1.654834, 1.590381, -0.064453,   1.650806, 1.645166, -0.005640,   1.636304, 0.029810,
171.489950, 1.650806, 1.593603, -0.057202,   1.650000, 1.640332, -0.009668,   1.632275, 0.026587,
171.514532, 1.652417, 1.586352, -0.066064,   1.647583, 1.654834, 0.007251,   1.633081, 0.026587,
171.538833, 1.653223, 1.590381, -0.062842,   1.650806, 1.639526, -0.011279,   1.627441, 0.028198,
171.563388, 1.649194, 1.599243, -0.049951,   1.650000, 1.653223, 0.003223,   1.631470, 0.025781,
171.587941, 1.653223, 1.566211, -0.087012,   1.649194, 1.640332, -0.008862,   1.637109, 0.024976,
171.612694, 1.664502, 1.587964, -0.076538,   1.658057, 1.653223, -0.004834,   1.640332, 0.036255,
171.637282, 1.662085, 1.574268, -0.087817,   1.660474, 1.643555, -0.016919,   1.641943, 0.037866,
171.661856, 1.662085, 1.587964, -0.074121,   1.654834, 1.662085, 0.007251,   1.640332, 0.037866,
171.686399, 1.660474, 1.587964, -0.072510,   1.662085, 1.640332, -0.021753,   1.640332, 0.040283,
171.710998, 1.657251, 1.596826, -0.060425,   1.661279, 1.650000, -0.011279,   1.641943, 0.037866,
171.735506, 1.654834, 1.579907, -0.074927,   1.661279, 1.654834, -0.006445,   1.636304, 0.040283,
171.760065, 1.658862, 1.581519, -0.077344,   1.658862, 1.650806, -0.008057,   1.639526, 0.037866,
171.784843, 1.662085, 1.620996, -0.041089,   1.654834, 1.657251, 0.002417,   1.635498, 0.040283,
171.809334, 1.661279, 1.600855, -0.060425,   1.657251, 1.650000, -0.007251,   1.640332, 0.039478,
171.833832, 1.661279, 1.628247, -0.033032,   1.650000, 1.621802, -0.028198,   1.640332, 0.041895,
171.858428, 1.660474, 1.562988, -0.097485,   1.656445, 1.648389, -0.008057,   1.647583, 0.038672,
171.883173, 1.660474, 1.586352, -0.074121,   1.662085, 1.661279, -0.000806,   1.641138, 0.039478,
171.907730, 1.656445, 1.591187, -0.065259,   1.652417, 1.647583, -0.004834,   1.637109, 0.039478,
171.932286, 1.640332, 1.574268, -0.066064,   1.643555, 1.653223, 0.009668,   1.632275, 0.028198,
171.956615, 1.647583, 1.548486, -0.099097,   1.647583, 1.637109, -0.010474,   1.632275, 0.028198,
171.981390, 1.641138, 1.574268, -0.066870,   1.647583, 1.648389, 0.000806,   1.633887, 0.024976,
172.005716, 1.649194, 1.582324, -0.066870,   1.644360, 1.639526, -0.004834,   1.635498, 0.026587,
172.030286, 1.649194, 1.583130, -0.066064,   1.648389, 1.647583, -0.000806,   1.629053, 0.026587,
172.054843, 1.650000, 1.593603, -0.056396,   1.647583, 1.640332, -0.007251,   1.632275, 0.027393,
172.079623, 1.647583, 1.590381, -0.057202,   1.647583, 1.648389, 0.000806,   1.633081, 0.023364,
172.103944, 1.649194, 1.582324, -0.066870,   1.650000, 1.639526, -0.010474,   1.633081, 0.028198,
172.128624, 1.647583, 1.603271, -0.044312,   1.647583, 1.640332, -0.007251,   1.629053, 0.026587,
172.153182, 1.652417, 1.595215, -0.057202,   1.650000, 1.654834, 0.004834,   1.633887, 0.028198,
172.177702, 1.649194, 1.599243, -0.049951,   1.650000, 1.650000, 0.000000,   1.631470, 0.028198,
172.202069, 1.650000, 1.583130, -0.066870,   1.645166, 1.676587, 0.031421,   1.633887, 0.025781,
172.226505, 1.643555, 1.585547, -0.058008,   1.650000, 1.641943, -0.008057,   1.633081, 0.027393,
172.251095, 1.666113, 1.595215, -0.070898,   1.662085, 1.654834, -0.007251,   1.637915, 0.041895,
172.275721, 1.662085, 1.570239, -0.091846,   1.658057, 1.652417, -0.005640,   1.643555, 0.039478,
172.300403, 1.664502, 1.612134, -0.052368,   1.664502, 1.650806, -0.013696,   1.640332, 0.038672,
172.325067, 1.662085, 1.579102, -0.082983,   1.658057, 1.654834, -0.003223,   1.643555, 0.037866,
172.349617, 1.662891, 1.571045, -0.091846,   1.661279, 1.629053, -0.032227,   1.637109, 0.039478,
172.374281, 1.654834, 1.589575, -0.065259,   1.660474, 1.641943, -0.018530,   1.647583, 0.040283,
172.399073, 1.660474, 1.629858, -0.030615,   1.662085, 1.656445, -0.005640,   1.643555, 0.040283,
172.423618, 1.654834, 1.596020, -0.058813,   1.656445, 1.637109, -0.019336,   1.643555, 0.034644,
172.448209, 1.657251, 1.564600, -0.092651,   1.660474, 1.664502, 0.004028,   1.641943, 0.035449,
172.472624, 1.657251, 1.581519, -0.075732,   1.654834, 1.654028, -0.000806,   1.641943, 0.037866,
172.497299, 1.654834, 1.575879, -0.078955,   1.658862, 1.666919, 0.008057,   1.635498, 0.039478,
172.521709, 1.661279, 1.578296, -0.082983,   1.657251, 1.643555, -0.013696,   1.641138, 0.036255,
172.546272, 1.657251, 1.587964, -0.069287,   1.654834, 1.637109, -0.017725,   1.641138, 0.038672,
172.570842, 1.645166, 1.571045, -0.074121,   1.644360, 1.647583, 0.003223,   1.635498, 0.027393,
172.595173, 1.644360, 1.583935, -0.060425,   1.643555, 1.645972, 0.002417,   1.633081, 0.026587,
172.619519, 1.647583, 1.566211, -0.081372,   1.647583, 1.631470, -0.016113,   1.636304, 0.021753,
172.643987, 1.650000, 1.578296, -0.071704,   1.647583, 1.644360, -0.003223,   1.632275, 0.025781,
172.668617, 1.649194, 1.577490, -0.071704,   1.647583, 1.643555, -0.004028,   1.628247, 0.025781,
172.693291, 1.650806, 1.587158, -0.063647,   1.650000, 1.644360, -0.005640,   1.629858, 0.025781,
172.717940, 1.652417, 1.571045, -0.081372,   1.647583, 1.641943, -0.005640,   1.633887, 0.026587,
172.742513, 1.650000, 1.589575, -0.060425,   1.650000, 1.687060, 0.037060,   1.632275, 0.026587,
172.766944, 1.650806, 1.586352, -0.064453,   1.649194, 1.661279, 0.012085,   1.628247, 0.023364,
172.791400, 1.648389, 1.612134, -0.036255,   1.652417, 1.645166, -0.007251,   1.633887, 0.028198,
172.816073, 1.656445, 1.552515, -0.103931,   1.654834, 1.644360, -0.010474,   1.632275, 0.031421,
172.840647, 1.649194, 1.569434, -0.079761,   1.649194, 1.645166, -0.004028,   1.629858, 0.025781,
172.865180, 1.653223, 1.571045, -0.082178,   1.650000, 1.650806, 0.000806,   1.636304, 0.027393,
172.889621, 1.664502, 1.582324, -0.082178,   1.661279, 1.668530, 0.007251,   1.636304, 0.040283,
172.914067, 1.658862, 1.585547, -0.073315,   1.662085, 1.620996, -0.041089,   1.641138, 0.035449,
172.938623, 1.662085, 1.589575, -0.072510,   1.662891, 1.647583, -0.015308,   1.641943, 0.037866,
172.963188, 1.660474, 1.579102, -0.081372,   1.662085, 1.662891, 0.000806,   1.637109, 0.036255,
172.987729, 1.661279, 1.587158, -0.074121,   1.660474, 1.653223, -0.007251,   1.633887, 0.037866,
173.012360, 1.661279, 1.604077, -0.057202,   1.662085, 1.658862, -0.003223,   1.640332, 0.039478,
173.036839, 1.660474, 1.564600, -0.095874,   1.661279, 1.647583, -0.013696,   1.640332, 0.039478,
173.061401, 1.658862, 1.585547, -0.073315,   1.662085, 1.647583, -0.014502,   1.637109, 0.038672,
173.086182, 1.660474, 1.591187, -0.069287,   1.656445, 1.645166, -0.011279,   1.640332, 0.038672,
173.110763, 1.656445, 1.560571, -0.095874,   1.658057, 1.650806, -0.007251,   1.644360, 0.037866,
173.135305, 1.661279, 1.625024, -0.036255,   1.657251, 1.620190, -0.037061,   1.640332, 0.041895,
173.159843, 1.654834, 1.581519, -0.073315,   1.654834, 1.652417, -0.002417,   1.637915, 0.039478,
173.184632, 1.654834, 1.596020, -0.058813,   1.660474, 1.650000, -0.010474,   1.641943, 0.037866,
173.209343, 1.658057, 1.583130, -0.074927,   1.658862, 1.653223, -0.005640,   1.636304, 0.034644,
173.233874, 1.648389, 1.587964, -0.060425,   1.649194, 1.650000, 0.000806,   1.631470, 0.032227,
173.258178, 1.647583, 1.561377, -0.086206,   1.640332, 1.641943, 0.001611,   1.633081, 0.026587,
173.282732, 1.649194, 1.591992, -0.057202,   1.650806, 1.660474, 0.009668,   1.627441, 0.026587,
173.307069, 1.648389, 1.578296, -0.070093,   1.645972, 1.647583, 0.001611,   1.633887, 0.025781,
173.331454, 1.649194, 1.599243, -0.049951,   1.648389, 1.652417, 0.004028,   1.629858, 0.024976,
173.355737, 1.645972, 1.579102, -0.066870,   1.645972, 1.636304, -0.009668,   1.631470, 0.024976,
173.380631, 1.647583, 1.583935, -0.063648,   1.647583, 1.649194, 0.001611,   1.633887, 0.024976,
173.404950, 1.648389, 1.577490, -0.070898,   1.649194, 1.623413, -0.025781,   1.637109, 0.026587,
173.429508, 1.650806, 1.587158, -0.063647,   1.648389, 1.648389, 0.000000,   1.632275, 0.027393,
173.453845, 1.649194, 1.566211, -0.082983,   1.648389, 1.643555, -0.004834,   1.633887, 0.025781,
173.478627, 1.648389, 1.564600, -0.083789,   1.645972, 1.645972, 0.000000,   1.631470, 0.021753,
173.502946, 1.650000, 1.581519, -0.068481,   1.648389, 1.633081, -0.015308,   1.633081, 0.022559,
173.527510, 1.666113, 1.603271, -0.062842,   1.662891, 1.647583, -0.015308,   1.640332, 0.038672,
173.552085, 1.662085, 1.607300, -0.054785,   1.662085, 1.650806, -0.011279,   1.635498, 0.041895,
173.576726, 1.661279, 1.591187, -0.070093,   1.661279, 1.637109, -0.024170,   1.637109, 0.037866,
173.600731, 1.662085, 1.566211, -0.095874,   1.662891, 1.650806, -0.012085,   1.640332, 0.037866,
173.625390, 1.656445, 1.575879, -0.080566,   1.658057, 1.641138, -0.016919,   1.640332, 0.038672,
173.649969, 1.658862, 1.581519, -0.077344,   1.658862, 1.649194, -0.009668,   1.641943, 0.042700,
173.674624, 1.658862, 1.595215, -0.063647,   1.660474, 1.653223, -0.007251,   1.641943, 0.039478,
173.699304, 1.662085, 1.587964, -0.074121,   1.662085, 1.657251, -0.004834,   1.636304, 0.041895,
173.723950, 1.660474, 1.589575, -0.070898,   1.657251, 1.670947, 0.013696,   1.640332, 0.037866,
173.748299, 1.654834, 1.590381, -0.064453,   1.654834, 1.652417, -0.002417,   1.637109, 0.037866,
173.773078, 1.660474, 1.591187, -0.069287,   1.657251, 1.636304, -0.020947,   1.640332, 0.035449,
173.797732, 1.661279, 1.595215, -0.066064,   1.654834, 1.662085, 0.007251,   1.639526, 0.037866,
173.822177, 1.661279, 1.567822, -0.093457,   1.658862, 1.637915, -0.020947,   1.641943, 0.038672,
173.846727, 1.645972, 1.587964, -0.058008,   1.647583, 1.621802, -0.025781,   1.633081, 0.024976,
173.871387, 1.645166, 1.587158, -0.058008,   1.645972, 1.644360, -0.001611,   1.636304, 0.028198,
173.895972, 1.648389, 1.585547, -0.062842,   1.641943, 1.650000, 0.008057,   1.632275, 0.025781,
173.920399, 1.644360, 1.581519, -0.062842,   1.644360, 1.631470, -0.012891,   1.640332, 0.028198,
173.944849, 1.652417, 1.574268, -0.078149,   1.645972, 1.637109, -0.008862,   1.633081, 0.024976,
173.969410, 1.645972, 1.573462, -0.072510,   1.650000, 1.656445, 0.006445,   1.629053, 0.024976,
173.993736, 1.652417, 1.566211, -0.086206,   1.647583, 1.650000, 0.002417,   1.633081, 0.027393,
174.018082, 1.654028, 1.611328, -0.042700,   1.649194, 1.647583, -0.001611,   1.632275, 0.025781,
174.042629, 1.645972, 1.553320, -0.092651,   1.652417, 1.652417, 0.000000,   1.637109, 0.023364,
174.067084, 1.648389, 1.595215, -0.053174,   1.654028, 1.648389, -0.005640,   1.633887, 0.031421,
174.091769, 1.648389, 1.582324, -0.066064,   1.647583, 1.652417, 0.004834,   1.631470, 0.027393,
174.116088, 1.650000, 1.589575, -0.060425,   1.650806, 1.647583, -0.003223,   1.633081, 0.025781,
174.140633, 1.649194, 1.625830, -0.023364,   1.652417, 1.648389, -0.004028,   1.631470, 0.028198,
174.165187, 1.665308, 1.611328, -0.053980,   1.664502, 1.666113, 0.001611,   1.637915, 0.039478,
174.189633, 1.664502, 1.589575, -0.074927,   1.662891, 1.652417, -0.010474,   1.641943, 0.037866,
174.214293, 1.658057, 1.599243, -0.058813,   1.664502, 1.653223, -0.011279,   1.637109, 0.036255,
174.238847, 1.662085, 1.581519, -0.080566,   1.660474, 1.652417, -0.008057,   1.640332, 0.037866,
174.263401, 1.660474, 1.587964, -0.072510,   1.662085, 1.625830, -0.036255,   1.640332, 0.037866,
174.288194, 1.658862, 1.558960, -0.099902,   1.658862, 1.644360, -0.014502,   1.641138, 0.037866,
174.312768, 1.660474, 1.578296, -0.082178,   1.656445, 1.674976, 0.018530,   1.640332, 0.037866,
174.337180, 1.662085, 1.589575, -0.072510,   1.660474, 1.620996, -0.039477,   1.637109, 0.037866,
174.361732, 1.661279, 1.590381, -0.070899,   1.658057, 1.662085, 0.004028,   1.641943, 0.034644,
174.386408, 1.656445, 1.603271, -0.053174,   1.658862, 1.637109, -0.021753,   1.641138, 0.040283,
174.411018, 1.658862, 1.611328, -0.047534,   1.658057, 1.653223, -0.004834,   1.637915, 0.040283,
174.435510, 1.657251, 1.612939, -0.044312,   1.658057, 1.647583, -0.010474,   1.645166, 0.041895,
174.460078, 1.656445, 1.594409, -0.062036,   1.654028, 1.683032, 0.029004,   1.637915, 0.040283,
174.484639, 1.649194, 1.581519, -0.067676,   1.647583, 1.640332, -0.007251,   1.636304, 0.031421,
174.509221, 1.643555, 1.562988, -0.080566,   1.643555, 1.647583, 0.004028,   1.633081, 0.028198,
174.533521, 1.645166, 1.586352, -0.058814,   1.648389, 1.633887, -0.014502,   1.628247, 0.028198,
174.558075, 1.650806, 1.567017, -0.083789,   1.648389, 1.624219, -0.024170,   1.636304, 0.028198,
174.582852, 1.647583, 1.564600, -0.082983,   1.647583, 1.645972, -0.001611,   1.633081, 0.027393,
174.607403, 1.650000, 1.587964, -0.062036,   1.647583, 1.657251, 0.009668,   1.633081, 0.026587,
174.631740, 1.645972, 1.583935, -0.062036,   1.647583, 1.650000, 0.002417,   1.633081, 0.026587,
174.656086, 1.648389, 1.587158, -0.061230,   1.647583, 1.640332, -0.007251,   1.632275, 0.027393,
174.680865, 1.647583, 1.590381, -0.057202,   1.647583, 1.649194, 0.001611,   1.631470, 0.024976,
174.705197, 1.649194, 1.558960, -0.090234,   1.649194, 1.640332, -0.008862,   1.639526, 0.024976,
174.729737, 1.645972, 1.587964, -0.058008,   1.649194, 1.641138, -0.008057,   1.628247, 0.026587,
174.754303, 1.652417, 1.594409, -0.058008,   1.652417, 1.624219, -0.028198,   1.629053, 0.026587,
174.779083, 1.649194, 1.571045, -0.078149,   1.645972, 1.648389, 0.002417,   1.635498, 0.024976,
174.803414, 1.664502, 1.596020, -0.068481,   1.662891, 1.647583, -0.015308,   1.636304, 0.038672,
174.828087, 1.658862, 1.587158, -0.071704,   1.662085, 1.656445, -0.005640,   1.637109, 0.036255,
174.852631, 1.658862, 1.561377, -0.097485,   1.662085, 1.637915, -0.024170,   1.639526, 0.038672,
174.877410, 1.657251, 1.590381, -0.066870,   1.656445, 1.670947, 0.014502,   1.645166, 0.038672,
174.901730, 1.662085, 1.593603, -0.068481,   1.662085, 1.649194, -0.012891,   1.641138, 0.037866,
174.926297, 1.658862, 1.557349, -0.101514,   1.662085, 1.658862, -0.003223,   1.640332, 0.039478,
174.950859, 1.662085, 1.575073, -0.087012,   1.654028, 1.635498, -0.018530,   1.641138, 0.034644,
174.975516, 1.658862, 1.596826, -0.062036,   1.654028, 1.649194, -0.004834,   1.640332, 0.040283,
175.000085, 1.662085, 1.603271, -0.058813,   1.661279, 1.678198, 0.016919,   1.644360, 0.043506,
175.024519, 1.658862, 1.587964, -0.070898,   1.656445, 1.645166, -0.011279,   1.640332, 0.042700,
175.049082, 1.654834, 1.595215, -0.059619,   1.658057, 1.654834, -0.003223,   1.639526, 0.042700,
175.073737, 1.658862, 1.583130, -0.075732,   1.660474, 1.644360, -0.016113,   1.641943, 0.039478,
175.098404, 1.662085, 1.581519, -0.080566,   1.658057, 1.658862, 0.000806,   1.637915, 0.037866,
175.122850, 1.656445, 1.606494, -0.049951,   1.658862, 1.625830, -0.033032,   1.645972, 0.038672,
175.147391, 1.645166, 1.583130, -0.062036,   1.647583, 1.653223, 0.005640,   1.629858, 0.028198,
175.171856, 1.645166, 1.571045, -0.074121,   1.649194, 1.647583, -0.001611,   1.635498, 0.023364,
175.196520, 1.645166, 1.586352, -0.058814,   1.647583, 1.641943, -0.005640,   1.633887, 0.027393,
175.221095, 1.650806, 1.598437, -0.052368,   1.644360, 1.635498, -0.008862,   1.640332, 0.028198,
175.245519, 1.645972, 1.575073, -0.070898,   1.648389, 1.654834, 0.006445,   1.633887, 0.028198,
175.269865, 1.645166, 1.581519, -0.063648,   1.650000, 1.635498, -0.014502,   1.632275, 0.028198,
175.294404, 1.650000, 1.583130, -0.066870,   1.647583, 1.643555, -0.004028,   1.633081, 0.023364,
175.318902, 1.649194, 1.579102, -0.070093,   1.650000, 1.640332, -0.009668,   1.635498, 0.024976,
175.343416, 1.650000, 1.574268, -0.075732,   1.649194, 1.648389, -0.000806,   1.632275, 0.027393,
175.368078, 1.650000, 1.586352, -0.063648,   1.648389, 1.647583, -0.000806,   1.632275, 0.028198,
175.392859, 1.648389, 1.587158, -0.061230,   1.652417, 1.656445, 0.004028,   1.633081, 0.023364,
175.417304, 1.654834, 1.591187, -0.063647,   1.654834, 1.670947, 0.016113,   1.633081, 0.032227,
175.441636, 1.662085, 1.587964, -0.074121,   1.664502, 1.648389, -0.016113,   1.645166, 0.037866,
175.466325, 1.665308, 1.604883, -0.060425,   1.662891, 1.670142, 0.007251,   1.640332, 0.037866,
175.490746, 1.662891, 1.578296, -0.084595,   1.658057, 1.643555, -0.014502,   1.643555, 0.039478,
175.515408, 1.662085, 1.596020, -0.066064,   1.656445, 1.661279, 0.004834,   1.643555, 0.039478,
175.539735, 1.660474, 1.589575, -0.070898,   1.656445, 1.669336, 0.012891,   1.640332, 0.040283,
175.564083, 1.661279, 1.596020, -0.065259,   1.654834, 1.670947, 0.016113,   1.643555, 0.040283,
175.587618, 1.661279, 1.571045, -0.090234,   1.658862, 1.658057, -0.000806,   1.643555, 0.041895,
175.612329, 1.660474, 1.574268, -0.086206,   1.656445, 1.650000, -0.006445,   1.639526, 0.040283,
175.636858, 1.661279, 1.583130, -0.078149,   1.654834, 1.658057, 0.003223,   1.641138, 0.042700,
175.661208, 1.658057, 1.599243, -0.058813,   1.660474, 1.647583, -0.012891,   1.641943, 0.037866,
175.685970, 1.658862, 1.583130, -0.075732,   1.657251, 1.633887, -0.023364,   1.637915, 0.036255,
175.710624, 1.662085, 1.603271, -0.058813,   1.654834, 1.672559, 0.017725,   1.636304, 0.035449,
175.734960, 1.661279, 1.581519, -0.079761,   1.657251, 1.650000, -0.007251,   1.645166, 0.039478,
175.759529, 1.648389, 1.599243, -0.049145,   1.644360, 1.660474, 0.016113,   1.629858, 0.024976,
175.784096, 1.645166, 1.581519, -0.063648,   1.645972, 1.633887, -0.012085,   1.633081, 0.028198,
175.808643, 1.648389, 1.581519, -0.066870,   1.648389, 1.632275, -0.016113,   1.633887, 0.028198,
175.833304, 1.649194, 1.573462, -0.075732,   1.648389, 1.664502, 0.016113,   1.636304, 0.032227,
175.857646, 1.650000, 1.582324, -0.067676,   1.645166, 1.647583, 0.002417,   1.633081, 0.028198,
175.882196, 1.650000, 1.611328, -0.038672,   1.650000, 1.633081, -0.016919,   1.633081, 0.025781,
175.906750, 1.647583, 1.585547, -0.062036,   1.647583, 1.647583, 0.000000,   1.628247, 0.026587,
175.931085, 1.648389, 1.586352, -0.062036,   1.649194, 1.662891, 0.013696,   1.633887, 0.028198,
175.955422, 1.647583, 1.573462, -0.074121,   1.649194, 1.635498, -0.013696,   1.633081, 0.028198,
175.980192, 1.649194, 1.583130, -0.066064,   1.648389, 1.645972, -0.002417,   1.632275, 0.025781,
176.004738, 1.652417, 1.556543, -0.095874,   1.650000, 1.621802, -0.028198,   1.633887, 0.026587,
176.029429, 1.645972, 1.565405, -0.080566,   1.649194, 1.645166, -0.004028,   1.633887, 0.027393,
176.053995, 1.650000, 1.578296, -0.071704,   1.650806, 1.637915, -0.012891,   1.632275, 0.027393,
176.078751, 1.664502, 1.579102, -0.085400,   1.662891, 1.650000, -0.012891,   1.640332, 0.037866,
176.103305, 1.661279, 1.591187, -0.070093,   1.661279, 1.658057, -0.003223,   1.641943, 0.037866,
176.127867, 1.660474, 1.608105, -0.052368,   1.658057, 1.650806, -0.007251,   1.635498, 0.038672,
176.152406, 1.662085, 1.581519, -0.080566,   1.657251, 1.643555, -0.013696,   1.640332, 0.041895,
176.177184, 1.656445, 1.587158, -0.069287,   1.658057, 1.652417, -0.005640,   1.636304, 0.037866,
176.201866, 1.656445, 1.604883, -0.051562,   1.657251, 1.650000, -0.007251,   1.641138, 0.037866,
176.226527, 1.658057, 1.582324, -0.075732,   1.661279, 1.658862, -0.002417,   1.640332, 0.036255,
176.251095, 1.662891, 1.582324, -0.080566,   1.661279, 1.658862, -0.002417,   1.641138, 0.038672,
176.275743, 1.656445, 1.600049, -0.056396,   1.656445, 1.645972, -0.010474,   1.641943, 0.037866,
176.300404, 1.656445, 1.590381, -0.066064,   1.660474, 1.661279, 0.000806,   1.640332, 0.040283,
176.324863, 1.658862, 1.581519, -0.077344,   1.654834, 1.637915, -0.016919,   1.637109, 0.039478,
176.349411, 1.658057, 1.604077, -0.053980,   1.654028, 1.658057, 0.004028,   1.640332, 0.038672,
176.373861, 1.657251, 1.582324, -0.074927,   1.657251, 1.629858, -0.027393,   1.641138, 0.040283,
176.398643, 1.645166, 1.583130, -0.062036,   1.649194, 1.623413, -0.025781,   1.633081, 0.027393,
176.423302, 1.647583, 1.573462, -0.074121,   1.647583, 1.639526, -0.008057,   1.633081, 0.027393,
176.447862, 1.648389, 1.596020, -0.052368,   1.641138, 1.649194, 0.008057,   1.631470, 0.028198,
176.472302, 1.647583, 1.575073, -0.072510,   1.649194, 1.641943, -0.007251,   1.632275, 0.028198,
176.496953, 1.645166, 1.582324, -0.062842,   1.644360, 1.647583, 0.003223,   1.633887, 0.028198,
176.521409, 1.650000, 1.564600, -0.085400,   1.649194, 1.650000, 0.000806,   1.632275, 0.023364,
176.545653, 1.647583, 1.567017, -0.080566,   1.649194, 1.644360, -0.004834,   1.635498, 0.028198,
176.570313, 1.650806, 1.583935, -0.066870,   1.652417, 1.637915, -0.014502,   1.629858, 0.023364,
176.594961, 1.654028, 1.571851, -0.082178,   1.650806, 1.654834, 0.004028,   1.633081, 0.026587,
176.619314, 1.652417, 1.587158, -0.065259,   1.649194, 1.637109, -0.012085,   1.632275, 0.028198,
176.643886, 1.648389, 1.570239, -0.078149,   1.648389, 1.647583, -0.000806,   1.625830, 0.026587,
176.668542, 1.648389, 1.582324, -0.066064,   1.649194, 1.648389, -0.000806,   1.633081, 0.026587,
176.693188, 1.652417, 1.600855, -0.051562,   1.650806, 1.645972, -0.004834,   1.635498, 0.027393,
176.717866, 1.666919, 1.599243, -0.067676,   1.661279, 1.625024, -0.036255,   1.640332, 0.039478,
176.742420, 1.665308, 1.595215, -0.070093,   1.658057, 1.633887, -0.024170,   1.637109, 0.039478,
176.767084, 1.666113, 1.591187, -0.074927,   1.665308, 1.623413, -0.041895,   1.645166, 0.040283,
176.791758, 1.658862, 1.587964, -0.070898,   1.660474, 1.647583, -0.012891,   1.641138, 0.035449,
176.816350, 1.658862, 1.582324, -0.076538,   1.660474, 1.654834, -0.005640,   1.647583, 0.034644,
176.840863, 1.660474, 1.583130, -0.077344,   1.660474, 1.633081, -0.027393,   1.640332, 0.040283,
176.865426, 1.661279, 1.615356, -0.045923,   1.661279, 1.657251, -0.004028,   1.645166, 0.038672,
176.890097, 1.660474, 1.591992, -0.068481,   1.660474, 1.654834, -0.005640,   1.639526, 0.039478,
176.914743, 1.658862, 1.596826, -0.062036,   1.660474, 1.662085, 0.001611,   1.641138, 0.037866,
176.939096, 1.657251, 1.583130, -0.074121,   1.654834, 1.666919, 0.012085,   1.641943, 0.038672,
176.963425, 1.658862, 1.587158, -0.071704,   1.660474, 1.658862, -0.001611,   1.637109, 0.041895,
176.988200, 1.661279, 1.589575, -0.071704,   1.658057, 1.645972, -0.012085,   1.640332, 0.037866,
177.012795, 1.658862, 1.585547, -0.073315,   1.654834, 1.662085, 0.007251,   1.639526, 0.038672,
177.037111, 1.658862, 1.575073, -0.083789,   1.650806, 1.641138, -0.009668,   1.632275, 0.028198,
177.061644, 1.645972, 1.574268, -0.071704,   1.645166, 1.648389, 0.003223,   1.632275, 0.022559,
177.086201, 1.647583, 1.574268, -0.073316,   1.647583, 1.649194, 0.001611,   1.637109, 0.026587,
177.110603, 1.645972, 1.554932, -0.091040,   1.648389, 1.633887, -0.014502,   1.635498, 0.024976,
177.135212, 1.647583, 1.575879, -0.071704,   1.645972, 1.635498, -0.010474,   1.629858, 0.026587,
177.159745, 1.650000, 1.569434, -0.080566,   1.649194, 1.653223, 0.004028,   1.629053, 0.026587,
177.184320, 1.649194, 1.624219, -0.024976,   1.652417, 1.629858, -0.022559,   1.632275, 0.028198,
177.208867, 1.648389, 1.586352, -0.062036,   1.649194, 1.635498, -0.013696,   1.631470, 0.023364,
177.233462, 1.648389, 1.600049, -0.048340,   1.650000, 1.649194, -0.000806,   1.633081, 0.022559,
177.257966, 1.649194, 1.612939, -0.036255,   1.648389, 1.647583, -0.000806,   1.629053, 0.028198,
177.282742, 1.648389, 1.578296, -0.070093,   1.650806, 1.628247, -0.022559,   1.632275, 0.027393,
177.307309, 1.650806, 1.554126, -0.096680,   1.650000, 1.645972, -0.004028,   1.628247, 0.026587,
177.331854, 1.652417, 1.587964, -0.064453,   1.650000, 1.645972, -0.004028,   1.633887, 0.028198,
177.356415, 1.652417, 1.585547, -0.066870,   1.657251, 1.650806, -0.006445,   1.637109, 0.037866,
177.377388, 1.664502, 1.583935, -0.080566,   1.662891, 1.641943, -0.020947,   1.643555, 0.041895,
177.401966, 1.662891, 1.596020, -0.066870,   1.658057, 1.654028, -0.004028,   1.637915, 0.037866,
177.426640, 1.662085, 1.574268, -0.087817,   1.660474, 1.629053, -0.031421,   1.640332, 0.039478,
177.451199, 1.658862, 1.587158, -0.071704,   1.662085, 1.648389, -0.013696,   1.640332, 0.040283,
177.475862, 1.661279, 1.586352, -0.074927,   1.661279, 1.662085, 0.000806,   1.633887, 0.038672,
177.500208, 1.662891, 1.557349, -0.105542,   1.657251, 1.641943, -0.015308,   1.635498, 0.039478,
177.524864, 1.658057, 1.591992, -0.066064,   1.660474, 1.653223, -0.007251,   1.639526, 0.037866,
177.549418, 1.662085, 1.591992, -0.070093,   1.661279, 1.627441, -0.033838,   1.644360, 0.039478,
177.574098, 1.662085, 1.591992, -0.070093,   1.658862, 1.623413, -0.035449,   1.643555, 0.039478,
177.598756, 1.661279, 1.594409, -0.066870,   1.658862, 1.648389, -0.010474,   1.641138, 0.038672,
177.623426, 1.658862, 1.591992, -0.066870,   1.660474, 1.650806, -0.009668,   1.640332, 0.037866,
177.647969, 1.662085, 1.589575, -0.072510,   1.654834, 1.674170, 0.019336,   1.639526, 0.037866,
177.672409, 1.657251, 1.587158, -0.070093,   1.654834, 1.643555, -0.011279,   1.636304, 0.034644,
177.697103, 1.645166, 1.587158, -0.058008,   1.647583, 1.647583, 0.000000,   1.633081, 0.023364,
177.721420, 1.647583, 1.581519, -0.066064,   1.645972, 1.640332, -0.005640,   1.633887, 0.024976,
177.745876, 1.650806, 1.579907, -0.070898,   1.647583, 1.643555, -0.004028,   1.629053, 0.028198,
177.770419, 1.647583, 1.587158, -0.060425,   1.647583, 1.640332, -0.007251,   1.633081, 0.028198,
177.794973, 1.652417, 1.578296, -0.074121,   1.649194, 1.648389, -0.000806,   1.629053, 0.025781,
177.819646, 1.649194, 1.579907, -0.069287,   1.647583, 1.645166, -0.002417,   1.633081, 0.026587,
177.844320, 1.649194, 1.594409, -0.054785,   1.648389, 1.658862, 0.010474,   1.635498, 0.028198,
177.868750, 1.648389, 1.599243, -0.049145,   1.645972, 1.650806, 0.004834,   1.633081, 0.028198,
177.893317, 1.653223, 1.583130, -0.070093,   1.648389, 1.652417, 0.004028,   1.633081, 0.024976,
177.917712, 1.652417, 1.590381, -0.062036,   1.649194, 1.645972, -0.003223,   1.633081, 0.027393,
177.942202, 1.653223, 1.564600, -0.088623,   1.650000, 1.650806, 0.000806,   1.637915, 0.025781,
177.966650, 1.650000, 1.554126, -0.095874,   1.650000, 1.647583, -0.002417,   1.633081, 0.028198,
177.991318, 1.650806, 1.583935, -0.066870,   1.650000, 1.656445, 0.006445,   1.627441, 0.027393,
178.015713, 1.662891, 1.591187, -0.071704,   1.658862, 1.660474, 0.001611,   1.633887, 0.042700,
178.040100, 1.662085, 1.579907, -0.082178,   1.662085, 1.652417, -0.009668,   1.639526, 0.038672,
178.064650, 1.662085, 1.583935, -0.078149,   1.658862, 1.664502, 0.005640,   1.640332, 0.035449,
178.089359, 1.660474, 1.579907, -0.080566,   1.658057, 1.631470, -0.026587,   1.639526, 0.036255,
178.113943, 1.662085, 1.546069, -0.116016,   1.658862, 1.674170, 0.015308,   1.640332, 0.037866,
178.138322, 1.660474, 1.583935, -0.076538,   1.658057, 1.648389, -0.009668,   1.640332, 0.042700,
178.162967, 1.661279, 1.595215, -0.066064,   1.658057, 1.670142, 0.012085,   1.641943, 0.037866,
178.187536, 1.661279, 1.615356, -0.045923,   1.654834, 1.645972, -0.008862,   1.645972, 0.040283,
178.212169, 1.658862, 1.583130, -0.075732,   1.658862, 1.654834, -0.004028,   1.640332, 0.036255,
178.236746, 1.658862, 1.591992, -0.066870,   1.653223, 1.635498, -0.017725,   1.637915, 0.039478,
178.261101, 1.654028, 1.585547, -0.068481,   1.661279, 1.637109, -0.024170,   1.640332, 0.039478,
178.285905, 1.660474, 1.595215, -0.065259,   1.654834, 1.636304, -0.018530,   1.637109, 0.037866,
178.310586, 1.658057, 1.607300, -0.050757,   1.654028, 1.657251, 0.003223,   1.640332, 0.035449,
178.334863, 1.645166, 1.579102, -0.066064,   1.641943, 1.673364, 0.031421,   1.631470, 0.028198,
178.359205, 1.641943, 1.570239, -0.071704,   1.644360, 1.662085, 0.017725,   1.631470, 0.025781,
178.383871, 1.648389, 1.587158, -0.061230,   1.649194, 1.647583, -0.001611,   1.633081, 0.025781,
178.408436, 1.649194, 1.574268, -0.074927,   1.648389, 1.641138, -0.007251,   1.631470, 0.025781,
178.432994, 1.650000, 1.591187, -0.058813,   1.650000, 1.645166, -0.004834,   1.635498, 0.031421,
178.457528, 1.649194, 1.579907, -0.069287,   1.647583, 1.647583, 0.000000,   1.632275, 0.028198,
178.482103, 1.649194, 1.589575, -0.059619,   1.649194, 1.652417, 0.003223,   1.635498, 0.024976,
178.506418, 1.648389, 1.598437, -0.049951,   1.647583, 1.661279, 0.013696,   1.633887, 0.028198,
178.530764, 1.650000, 1.594409, -0.055591,   1.647583, 1.645972, -0.001611,   1.631470, 0.027393,
178.555420, 1.653223, 1.581519, -0.071704,   1.649194, 1.623413, -0.025781,   1.633887, 0.027393,
178.580213, 1.654028, 1.574268, -0.079761,   1.650000, 1.654028, 0.004028,   1.636304, 0.024976,
178.604545, 1.649194, 1.579102, -0.070093,   1.649194, 1.637109, -0.012085,   1.633081, 0.028198,
178.629204, 1.650000, 1.587964, -0.062036,   1.650806, 1.636304, -0.014502,   1.633887, 0.023364,
178.653757, 1.662085, 1.556543, -0.105542,   1.658862, 1.637915, -0.020947,   1.640332, 0.036255,
178.678541, 1.662891, 1.591992, -0.070898,   1.662891, 1.673364, 0.010474,   1.639526, 0.035449,
178.702870, 1.657251, 1.589575, -0.067676,   1.662085, 1.647583, -0.014502,   1.636304, 0.036255,
178.727541, 1.658057, 1.591187, -0.066870,   1.654028, 1.643555, -0.010474,   1.641943, 0.036255,
178.752099, 1.658862, 1.560571, -0.098291,   1.662085, 1.677393, 0.015308,   1.641943, 0.039478,
178.776547, 1.661279, 1.593603, -0.067676,   1.658057, 1.657251, -0.000806,   1.639526, 0.035449,
178.801108, 1.660474, 1.583130, -0.077344,   1.656445, 1.640332, -0.016113,   1.641943, 0.039478,
178.825756, 1.654834, 1.548486, -0.106348,   1.656445, 1.668530, 0.012085,   1.643555, 0.039478,
178.850104, 1.661279, 1.587964, -0.073316,   1.662085, 1.647583, -0.014502,   1.639526, 0.042700,
178.874752, 1.658057, 1.596020, -0.062036,   1.658862, 1.658862, 0.000000,   1.635498, 0.036255,
178.899201, 1.654028, 1.599243, -0.054785,   1.658862, 1.643555, -0.015308,   1.636304, 0.036255,
178.923869, 1.660474, 1.581519, -0.078955,   1.657251, 1.633887, -0.023364,   1.637915, 0.038672,
178.948436, 1.658862, 1.581519, -0.077344,   1.658862, 1.668530, 0.009668,   1.640332, 0.037866,
178.972863, 1.649194, 1.550098, -0.099097,   1.645972, 1.629858, -0.016113,   1.633081, 0.022559,
178.997543, 1.647583, 1.583130, -0.064453,   1.645166, 1.657251, 0.012085,   1.631470, 0.028198,
179.021957, 1.649194, 1.579102, -0.070093,   1.645166, 1.652417, 0.007251,   1.633081, 0.028198,
179.046309, 1.648389, 1.619385, -0.029004,   1.649194, 1.645166, -0.004028,   1.633081, 0.027393,
179.070881, 1.648389, 1.574268, -0.074121,   1.647583, 1.649194, 0.001611,   1.632275, 0.027393,
179.095204, 1.649194, 1.560571, -0.088623,   1.645166, 1.645166, 0.000000,   1.629053, 0.027393,
179.119544, 1.649194, 1.561377, -0.087817,   1.649194, 1.643555, -0.005640,   1.629858, 0.023364,
179.143970, 1.645972, 1.578296, -0.067676,   1.645166, 1.647583, 0.002417,   1.633887, 0.026587,
179.168421, 1.649194, 1.575879, -0.073316,   1.650000, 1.641943, -0.008057,   1.635498, 0.027393,
179.193103, 1.650806, 1.578296, -0.072510,   1.650806, 1.650000, -0.000806,   1.637109, 0.025781,
179.217752, 1.648389, 1.579907, -0.068481,   1.647583, 1.615356, -0.032227,   1.635498, 0.024976,
179.242318, 1.652417, 1.582324, -0.070093,   1.648389, 1.658057, 0.009668,   1.631470, 0.026587,
179.266763, 1.654028, 1.558960, -0.095068,   1.650000, 1.674170, 0.024170,   1.633081, 0.028198,
179.291217, 1.658057, 1.599243, -0.058813,   1.661279, 1.647583, -0.013696,   1.640332, 0.038672,
179.315869, 1.658057, 1.575073, -0.082983,   1.657251, 1.666113, 0.008862,   1.641138, 0.039478,
179.340324, 1.662891, 1.587158, -0.075732,   1.662085, 1.647583, -0.014502,   1.636304, 0.036255,
179.364877, 1.662085, 1.596020, -0.066064,   1.662085, 1.649194, -0.012891,   1.637915, 0.039478,
179.389657, 1.658057, 1.604883, -0.053174,   1.654028, 1.653223, -0.000806,   1.637915, 0.037866,
179.414319, 1.661279, 1.579907, -0.081372,   1.662085, 1.658862, -0.003223,   1.640332, 0.035449,
179.438869, 1.662891, 1.599243, -0.063647,   1.653223, 1.621802, -0.031421,   1.641943, 0.034644,
179.463446, 1.660474, 1.575073, -0.085400,   1.654834, 1.665308, 0.010474,   1.637109, 0.037866,
179.487971, 1.658057, 1.610522, -0.047534,   1.654028, 1.666113, 0.012085,   1.645166, 0.032227,
179.512379, 1.657251, 1.587158, -0.070093,   1.661279, 1.658862, -0.002417,   1.640332, 0.035449,
179.536880, 1.654834, 1.578296, -0.076538,   1.654028, 1.645166, -0.008862,   1.644360, 0.038672,
179.561434, 1.658862, 1.589575, -0.069287,   1.658862, 1.678198, 0.019336,   1.640332, 0.037866,
179.585990, 1.653223, 1.583935, -0.069287,   1.652417, 1.654028, 0.001611,   1.637915, 0.037866,
179.610485, 1.645972, 1.581519, -0.064453,   1.647583, 1.662891, 0.015308,   1.636304, 0.024976,
179.632536, 1.645166, 1.587158, -0.058008,   1.647583, 1.660474, 0.012891,   1.629053, 0.024976,
179.656898, 1.647583, 1.544458, -0.103125,   1.645166, 1.654834, 0.009668,   1.633081, 0.026587,
179.681426, 1.649194, 1.602466, -0.046729,   1.653223, 1.650806, -0.002417,   1.633081, 0.028198,
179.706010, 1.648389, 1.552515, -0.095874,   1.647583, 1.629053, -0.018530,   1.635498, 0.024976,
179.730656, 1.647583, 1.582324, -0.065259,   1.650000, 1.632275, -0.017725,   1.631470, 0.027393,
179.755217, 1.650806, 1.566211, -0.084595,   1.650000, 1.654834, 0.004834,   1.629858, 0.026587,
179.779760, 1.650000, 1.579907, -0.070093,   1.647583, 1.648389, 0.000806,   1.629858, 0.029810,
179.804126, 1.650806, 1.599243, -0.051562,   1.647583, 1.672559, 0.024976,   1.635498, 0.027393,
179.828551, 1.649194, 1.578296, -0.070899,   1.647583, 1.648389, 0.000806,   1.629858, 0.028198,
179.852899, 1.650000, 1.598437, -0.051563,   1.645972, 1.632275, -0.013696,   1.636304, 0.024976,
179.877657, 1.648389, 1.575073, -0.073315,   1.652417, 1.641943, -0.010474,   1.628247, 0.028198,
179.902321, 1.652417, 1.573462, -0.078955,   1.650000, 1.649194, -0.000806,   1.633887, 0.028198,
179.927127, 1.664502, 1.591187, -0.073315,   1.660474, 1.647583, -0.012891,   1.637109, 0.036255,
179.951878, 1.665308, 1.577490, -0.087817,   1.662891, 1.666919, 0.004028,   1.640332, 0.039478,
179.976468, 1.654834, 1.587964, -0.066870,   1.662085, 1.650806, -0.011279,   1.641943, 0.038672,
180.001351, 1.662085, 1.596020, -0.066064,   1.658057, 1.633081, -0.024976,   1.637109, 0.033838,
180.026214, 1.660474, 1.583130, -0.077344,   1.656445, 1.654834, -0.001611,   1.640332, 0.039478,
180.050910, 1.658057, 1.587964, -0.070093,   1.660474, 1.645972, -0.014502,   1.643555, 0.039478,
180.075683, 1.658862, 1.593603, -0.065259,   1.656445, 1.654834, -0.001611,   1.637109, 0.039478,
180.100661, 1.658057, 1.571851, -0.086206,   1.656445, 1.645972, -0.010474,   1.641943, 0.040283,
180.125456, 1.657251, 1.591992, -0.065259,   1.654834, 1.649194, -0.005640,   1.641138, 0.038672,
180.150257, 1.654028, 1.585547, -0.068481,   1.660474, 1.662085, 0.001611,   1.633887, 0.034644,
180.175245, 1.660474, 1.590381, -0.070093,   1.660474, 1.653223, -0.007251,   1.647583, 0.040283,
180.199928, 1.661279, 1.581519, -0.079761,   1.661279, 1.662891, 0.001611,   1.641943, 0.038672,
180.224504, 1.661279, 1.595215, -0.066064,   1.657251, 1.660474, 0.003223,   1.640332, 0.036255,
180.249134, 1.645166, 1.585547, -0.059619,   1.643555, 1.647583, 0.004028,   1.632275, 0.027393,
180.273595, 1.645166, 1.581519, -0.063648,   1.647583, 1.654028, 0.006445,   1.629858, 0.027393,
180.298229, 1.645166, 1.581519, -0.063648,   1.647583, 1.682227, 0.034644,   1.629053, 0.023364,
180.322882, 1.647583, 1.596826, -0.050757,   1.647583, 1.647583, 0.000000,   1.631470, 0.027393,
180.347357, 1.647583, 1.590381, -0.057202,   1.649194, 1.657251, 0.008057,   1.633081, 0.025781,
180.371881, 1.645166, 1.583130, -0.062036,   1.648389, 1.660474, 0.012085,   1.635498, 0.026587,
180.396534, 1.649194, 1.585547, -0.063648,   1.647583, 1.636304, -0.011279,   1.633887, 0.026587,
180.421475, 1.650000, 1.550098, -0.099902,   1.648389, 1.637109, -0.011279,   1.625024, 0.024976,
180.446142, 1.650806, 1.579907, -0.070898,   1.650000, 1.665308, 0.015308,   1.632275, 0.022559,
180.470580, 1.648389, 1.583935, -0.064453,   1.649194, 1.677393, 0.028198,   1.636304, 0.024976,
180.495231, 1.648389, 1.606494, -0.041895,   1.648389, 1.624219, -0.024170,   1.633081, 0.028198,
180.520003, 1.649194, 1.579102, -0.070093,   1.652417, 1.645166, -0.007251,   1.631470, 0.023364,
180.544773, 1.652417, 1.595215, -0.057202,   1.650000, 1.666919, 0.016919,   1.632275, 0.026587,
180.569339, 1.662891, 1.594409, -0.068481,   1.664502, 1.647583, -0.016919,   1.637109, 0.035449,
180.594251, 1.658057, 1.578296, -0.079761,   1.662085, 1.637915, -0.024170,   1.643555, 0.040283,
180.618893, 1.660474, 1.589575, -0.070898,   1.664502, 1.647583, -0.016919,   1.637915, 0.040283,
180.643675, 1.658862, 1.591992, -0.066870,   1.661279, 1.644360, -0.016919,   1.641138, 0.040283,
180.668460, 1.657251, 1.566211, -0.091040,   1.654834, 1.662891, 0.008057,   1.636304, 0.039478,
180.693152, 1.661279, 1.610522, -0.050757,   1.656445, 1.647583, -0.008862,   1.640332, 0.035449,
180.718021, 1.662891, 1.594409, -0.068481,   1.661279, 1.662085, 0.000806,   1.641943, 0.040283,
180.742691, 1.657251, 1.558960, -0.098291,   1.658862, 1.654834, -0.004028,   1.637109, 0.037866,
180.767577, 1.654834, 1.585547, -0.069287,   1.654834, 1.619385, -0.035449,   1.645166, 0.041895,
180.792385, 1.662085, 1.585547, -0.076538,   1.658057, 1.652417, -0.005640,   1.641943, 0.042700,
180.816900, 1.658862, 1.593603, -0.065259,   1.653223, 1.650806, -0.002417,   1.644360, 0.034644,
180.841231, 1.654834, 1.581519, -0.073315,   1.658057, 1.649194, -0.008862,   1.637109, 0.035449,
180.866180, 1.661279, 1.578296, -0.082983,   1.660474, 1.674976, 0.014502,   1.640332, 0.040283,
180.890687, 1.654834, 1.591992, -0.062842,   1.656445, 1.653223, -0.003223,   1.635498, 0.033838,
180.915460, 1.649194, 1.583130, -0.066064,   1.644360, 1.648389, 0.004028,   1.629858, 0.025781,
180.939934, 1.644360, 1.586352, -0.058008,   1.644360, 1.649194, 0.004834,   1.633081, 0.027393,
180.964409, 1.645166, 1.574268, -0.070899,   1.645166, 1.631470, -0.013696,   1.633081, 0.027393,
180.989245, 1.647583, 1.591992, -0.055591,   1.643555, 1.649194, 0.005640,   1.636304, 0.026587,
181.013789, 1.649194, 1.599243, -0.049951,   1.645972, 1.658862, 0.012891,   1.632275, 0.023364,
181.038381, 1.647583, 1.581519, -0.066064,   1.650000, 1.633081, -0.016919,   1.631470, 0.027393,
181.063216, 1.650000, 1.587158, -0.062842,   1.650000, 1.647583, -0.002417,   1.633081, 0.026587,
181.088175, 1.648389, 1.594409, -0.053980,   1.649194, 1.645972, -0.003223,   1.633081, 0.026587,
181.112996, 1.647583, 1.596020, -0.051563,   1.645972, 1.645972, 0.000000,   1.633081, 0.026587,
181.137645, 1.650000, 1.590381, -0.059619,   1.648389, 1.633887, -0.014502,   1.632275, 0.028198,
181.162356, 1.648389, 1.587158, -0.061230,   1.650000, 1.648389, -0.001611,   1.640332, 0.024976,
181.187345, 1.650806, 1.566211, -0.084595,   1.650806, 1.636304, -0.014502,   1.631470, 0.025781,
181.212125, 1.665308, 1.596020, -0.069287,   1.662891, 1.661279, -0.001611,   1.640332, 0.038672,
181.236888, 1.661279, 1.586352, -0.074927,   1.664502, 1.654028, -0.010474,   1.640332, 0.040283,
181.261660, 1.662891, 1.575073, -0.087817,   1.662085, 1.661279, -0.000806,   1.640332, 0.037866,
181.286452, 1.662085, 1.586352, -0.075732,   1.657251, 1.620996, -0.036255,   1.641943, 0.039478,
181.311254, 1.658862, 1.585547, -0.073315,   1.658057, 1.676587, 0.018530,   1.635498, 0.038672,
181.335670, 1.656445, 1.583130, -0.073315,   1.654834, 1.633887, -0.020947,   1.637109, 0.037866,
181.360382, 1.657251, 1.587964, -0.069287,   1.661279, 1.648389, -0.012891,   1.640332, 0.037866,
181.385346, 1.654834, 1.583935, -0.070898,   1.658862, 1.645972, -0.012891,   1.636304, 0.040283,
181.410154, 1.654834, 1.600049, -0.054785,   1.657251, 1.656445, -0.000806,   1.641943, 0.035449,
181.434907, 1.654834, 1.583935, -0.070898,   1.654028, 1.648389, -0.005640,   1.639526, 0.036255,
181.459680, 1.661279, 1.591187, -0.070093,   1.654834, 1.662085, 0.007251,   1.640332, 0.036255,
181.484390, 1.658862, 1.585547, -0.073315,   1.654834, 1.650000, -0.004834,   1.635498, 0.036255,
181.509379, 1.661279, 1.591992, -0.069287,   1.658862, 1.647583, -0.011279,   1.637915, 0.037866,
181.534072, 1.647583, 1.579907, -0.067676,   1.641943, 1.637915, -0.004028,   1.633887, 0.026587,
181.558885, 1.644360, 1.585547, -0.058813,   1.645972, 1.644360, -0.001611,   1.635498, 0.026587,
181.583945, 1.645166, 1.587158, -0.058008,   1.645166, 1.633081, -0.012085,   1.633081, 0.024976,
181.608362, 1.649194, 1.594409, -0.054785,   1.644360, 1.653223, 0.008862,   1.633081, 0.027393,
181.632954, 1.650000, 1.600049, -0.049951,   1.645972, 1.618579, -0.027393,   1.633081, 0.022559,
181.657511, 1.647583, 1.598437, -0.049146,   1.649194, 1.644360, -0.004834,   1.633081, 0.028198,
181.682573, 1.645166, 1.586352, -0.058814,   1.650000, 1.647583, -0.002417,   1.633887, 0.028198,
181.707360, 1.650806, 1.587158, -0.063647,   1.650806, 1.625024, -0.025781,   1.629053, 0.024976,
181.732117, 1.650806, 1.596826, -0.053979,   1.648389, 1.648389, 0.000000,   1.627441, 0.028198,
181.756650, 1.650806, 1.594409, -0.056396,   1.649194, 1.643555, -0.005640,   1.631470, 0.024976,
181.781695, 1.650000, 1.591187, -0.058813,   1.652417, 1.650806, -0.001611,   1.632275, 0.027393,
181.806409, 1.650806, 1.577490, -0.073315,   1.650000, 1.637109, -0.012891,   1.633081, 0.024976,
181.831250, 1.650806, 1.567822, -0.082983,   1.650000, 1.640332, -0.009668,   1.628247, 0.028198,
181.855783, 1.664502, 1.587964, -0.076538,   1.661279, 1.662085, 0.000806,   1.641138, 0.040283,
181.880419, 1.656445, 1.612939, -0.043506,   1.662085, 1.654834, -0.007251,   1.633887, 0.042700,
181.905187, 1.662085, 1.596020, -0.066064,   1.658862, 1.639526, -0.019336,   1.635498, 0.039478,
181.929936, 1.658862, 1.585547, -0.073315,   1.661279, 1.645972, -0.015308,   1.640332, 0.039478,
181.954673, 1.662085, 1.566211, -0.095874,   1.662085, 1.664502, 0.002417,   1.637915, 0.038672,
181.979473, 1.661279, 1.600049, -0.061231,   1.661279, 1.657251, -0.004028,   1.640332, 0.035449,
182.004275, 1.658862, 1.600049, -0.058813,   1.660474, 1.654028, -0.006445,   1.641138, 0.041895,
182.029137, 1.656445, 1.620996, -0.035449,   1.658057, 1.656445, -0.001611,   1.641138, 0.041895,
182.053891, 1.662085, 1.596020, -0.066064,   1.658057, 1.662891, 0.004834,   1.640332, 0.037866,
182.078508, 1.658057, 1.593603, -0.064453,   1.660474, 1.652417, -0.008057,   1.636304, 0.039478,
182.103374, 1.656445, 1.578296, -0.078149,   1.654834, 1.637109, -0.017725,   1.640332, 0.037866,
182.128150, 1.656445, 1.585547, -0.070898,   1.658057, 1.679810, 0.021753,   1.640332, 0.037866,
182.152682, 1.658862, 1.596020, -0.062842,   1.660474, 1.637109, -0.023364,   1.641138, 0.035449,
182.177529, 1.647583, 1.587158, -0.060425,   1.645972, 1.652417, 0.006445,   1.629858, 0.026587,
182.202023, 1.647583, 1.579907, -0.067676,   1.643555, 1.629858, -0.013696,   1.633081, 0.024976,
182.226815, 1.643555, 1.589575, -0.053980,   1.648389, 1.654834, 0.006445,   1.632275, 0.026587,
182.251417, 1.647583, 1.579102, -0.068481,   1.648389, 1.633887, -0.014502,   1.633081, 0.027393,
182.276246, 1.654028, 1.586352, -0.067676,   1.656445, 1.668530, 0.012085,   1.637109, 0.031421,
182.300922, 1.644360, 1.587158, -0.057202,   1.650000, 1.640332, -0.009668,   1.635498, 0.028198,
182.325662, 1.647583, 1.581519, -0.066064,   1.649194, 1.647583, -0.001611,   1.631470, 0.027393,
182.350353, 1.649194, 1.585547, -0.063648,   1.650000, 1.645166, -0.004834,   1.633081, 0.028198,
182.375248, 1.652417, 1.591992, -0.060425,   1.647583, 1.631470, -0.016113,   1.635498, 0.028198,
182.400054, 1.647583, 1.586352, -0.061231,   1.652417, 1.640332, -0.012085,   1.633887, 0.027393,
182.424893, 1.650806, 1.561377, -0.089429,   1.652417, 1.650000, -0.002417,   1.636304, 0.025781,
182.449674, 1.645972, 1.583935, -0.062036,   1.650000, 1.641943, -0.008057,   1.632275, 0.027393,
182.474489, 1.650806, 1.590381, -0.060425,   1.649194, 1.614551, -0.034644,   1.629053, 0.023364,
182.499285, 1.662085, 1.581519, -0.080566,   1.662891, 1.640332, -0.022559,   1.633887, 0.037866,
182.524136, 1.661279, 1.591187, -0.070093,   1.658862, 1.625024, -0.033838,   1.640332, 0.037866,
182.548912, 1.664502, 1.596020, -0.068481,   1.661279, 1.648389, -0.012891,   1.641138, 0.036255,
182.573677, 1.654834, 1.589575, -0.065259,   1.658862, 1.650000, -0.008862,   1.637109, 0.037866,
182.598464, 1.662085, 1.565405, -0.096680,   1.660474, 1.650000, -0.010474,   1.641943, 0.038672,
182.623340, 1.656445, 1.594409, -0.062036,   1.662085, 1.658862, -0.003223,   1.636304, 0.037866,
182.648026, 1.654834, 1.581519, -0.073315,   1.657251, 1.625830, -0.031421,   1.637109, 0.038672,
182.672855, 1.658862, 1.596020, -0.062842,   1.654028, 1.647583, -0.006445,   1.640332, 0.037866,
182.697797, 1.658057, 1.579907, -0.078149,   1.660474, 1.649194, -0.011279,   1.641138, 0.035449,
182.722684, 1.658057, 1.593603, -0.064453,   1.661279, 1.657251, -0.004028,   1.639526, 0.041895,
182.747485, 1.660474, 1.606494, -0.053980,   1.660474, 1.629053, -0.031421,   1.641138, 0.037866,
182.772177, 1.656445, 1.590381, -0.066064,   1.657251, 1.640332, -0.016919,   1.637915, 0.037866,
182.796905, 1.661279, 1.595215, -0.066064,   1.658057, 1.658057, 0.000000,   1.640332, 0.029810,
182.821559, 1.645972, 1.587158, -0.058813,   1.648389, 1.645166, -0.003223,   1.633081, 0.026587,
182.846345, 1.645166, 1.591187, -0.053980,   1.644360, 1.633081, -0.011279,   1.633081, 0.023364,
182.871262, 1.647583, 1.579102, -0.068481,   1.645972, 1.676587, 0.030615,   1.633081, 0.028198,
182.895684, 1.645972, 1.600855, -0.045117,   1.649194, 1.654028, 0.004834,   1.633081, 0.027393,
182.920284, 1.650806, 1.581519, -0.069287,   1.650000, 1.641943, -0.008057,   1.637109, 0.024976,
182.944926, 1.645972, 1.579907, -0.066064,   1.644360, 1.652417, 0.008057,   1.633081, 0.024976,
182.969444, 1.652417, 1.566211, -0.086206,   1.645166, 1.654028, 0.008862,   1.633081, 0.025781,
182.993859, 1.650000, 1.587158, -0.062842,   1.643555, 1.650806, 0.007251,   1.633887, 0.028198,
183.018347, 1.652417, 1.566211, -0.086206,   1.647583, 1.640332, -0.007251,   1.633081, 0.026587,
183.043206, 1.649194, 1.581519, -0.067676,   1.650000, 1.652417, 0.002417,   1.631470, 0.025781,
183.067804, 1.645972, 1.587964, -0.058008,   1.645166, 1.637915, -0.007251,   1.633887, 0.025781,
183.092751, 1.652417, 1.600855, -0.051562,   1.650806, 1.648389, -0.002417,   1.632275, 0.027393,
183.117491, 1.666113, 1.596020, -0.070093,   1.666113, 1.637915, -0.028198,   1.641138, 0.040283,
183.142365, 1.662085, 1.595215, -0.066870,   1.662085, 1.654834, -0.007251,   1.640332, 0.040283,
183.167278, 1.662085, 1.590381, -0.071704,   1.662085, 1.654028, -0.008057,   1.635498, 0.037866,
183.191904, 1.662085, 1.625024, -0.037060,   1.658057, 1.661279, 0.003223,   1.640332, 0.040283,
183.216253, 1.661279, 1.591992, -0.069287,   1.664502, 1.647583, -0.016919,   1.641138, 0.037866,
183.240787, 1.661279, 1.637915, -0.023364,   1.654834, 1.668530, 0.013696,   1.639526, 0.038672,
183.265133, 1.660474, 1.548486, -0.111987,   1.654834, 1.637915, -0.016919,   1.633887, 0.040283,
183.289781, 1.662085, 1.571045, -0.091040,   1.657251, 1.666919, 0.009668,   1.640332, 0.037866,
183.314139, 1.656445, 1.554932, -0.101514,   1.661279, 1.665308, 0.004028,   1.641943, 0.036255,
183.338451, 1.658862, 1.583130, -0.075732,   1.656445, 1.648389, -0.008057,   1.641138, 0.039478,
183.363004, 1.654834, 1.583130, -0.071704,   1.661279, 1.666113, 0.004834,   1.637915, 0.040283,
183.387671, 1.658862, 1.583935, -0.074927,   1.660474, 1.645972, -0.014502,   1.643555, 0.038672,
183.412368, 1.657251, 1.581519, -0.075732,   1.657251, 1.637109, -0.020142,   1.637109, 0.040283,
183.436888, 1.660474, 1.561377, -0.099097,   1.652417, 1.650000, -0.002417,   1.637915, 0.030615,
183.461463, 1.645166, 1.581519, -0.063648,   1.647583, 1.658057, 0.010474,   1.629858, 0.025781,
183.486001, 1.647583, 1.579907, -0.067676,   1.644360, 1.645166, 0.000806,   1.633081, 0.027393,
183.510393, 1.643555, 1.599243, -0.044312,   1.645972, 1.648389, 0.002417,   1.637109, 0.028198,
183.534669, 1.650000, 1.579102, -0.070898,   1.650000, 1.652417, 0.002417,   1.628247, 0.022559,
183.559014, 1.648389, 1.581519, -0.066870,   1.645972, 1.658862, 0.012891,   1.633081, 0.026587,
183.583127, 1.647583, 1.546875, -0.100708,   1.645972, 1.633081, -0.012891,   1.633887, 0.024976,
183.607669, 1.649194, 1.577490, -0.071704,   1.648389, 1.625830, -0.022559,   1.633887, 0.023364,
183.632224, 1.650806, 1.587964, -0.062842,   1.650000, 1.640332, -0.009668,   1.639526, 0.028198,
183.656797, 1.647583, 1.602466, -0.045117,   1.647583, 1.618579, -0.029004,   1.633887, 0.026587,
183.681575, 1.653223, 1.574268, -0.078955,   1.650000, 1.644360, -0.005640,   1.629053, 0.023364,
183.706149, 1.650000, 1.583935, -0.066064,   1.647583, 1.615356, -0.032227,   1.633081, 0.028198,
183.730782, 1.652417, 1.571851, -0.080566,   1.650806, 1.641138, -0.009668,   1.636304, 0.027393,
183.755346, 1.647583, 1.581519, -0.066064,   1.652417, 1.649194, -0.003223,   1.637915, 0.034644,
183.780126, 1.662085, 1.591992, -0.070093,   1.662085, 1.658057, -0.004028,   1.637915, 0.040283,
183.804676, 1.666113, 1.590381, -0.075732,   1.662085, 1.668530, 0.006445,   1.637915, 0.040283,
183.829006, 1.660474, 1.591992, -0.068481,   1.662085, 1.650000, -0.012085,   1.637915, 0.037866,
183.853574, 1.662891, 1.591992, -0.070898,   1.656445, 1.666919, 0.010474,   1.641943, 0.040283,
183.878128, 1.660474, 1.591187, -0.069287,   1.660474, 1.654834, -0.005640,   1.640332, 0.033838,
183.902676, 1.653223, 1.582324, -0.070899,   1.654028, 1.662085, 0.008057,   1.641943, 0.040283,
183.927128, 1.660474, 1.561377, -0.099097,   1.658862, 1.650000, -0.008862,   1.639526, 0.038672,
183.951675, 1.658862, 1.596020, -0.062842,   1.654834, 1.640332, -0.014502,   1.644360, 0.037866,
183.976346, 1.661279, 1.594409, -0.066870,   1.656445, 1.665308, 0.008862,   1.641138, 0.040283,
184.000768, 1.660474, 1.571851, -0.088623,   1.658862, 1.637109, -0.021753,   1.643555, 0.033838,
184.025353, 1.662085, 1.591187, -0.070898,   1.658057, 1.660474, 0.002417,   1.635498, 0.036255,
184.049672, 1.660474, 1.596826, -0.063647,   1.658057, 1.645972, -0.012085,   1.643555, 0.038672,
184.074346, 1.654834, 1.587158, -0.067676,   1.654834, 1.650000, -0.004834,   1.640332, 0.039478,
184.099013, 1.647583, 1.579907, -0.067676,   1.643555, 1.665308, 0.021753,   1.633887, 0.025781,
184.123421, 1.647583, 1.583130, -0.064453,   1.647583, 1.669336, 0.021753,   1.635498, 0.024976,
184.147777, 1.647583, 1.579102, -0.068481,   1.648389, 1.649194, 0.000806,   1.635498, 0.024976,
184.172220, 1.648389, 1.566211, -0.082178,   1.645166, 1.633081, -0.012085,   1.633887, 0.027393,
184.196887, 1.645166, 1.591992, -0.053174,   1.648389, 1.637109, -0.011279,   1.633887, 0.027393,
184.221548, 1.650806, 1.587964, -0.062842,   1.649194, 1.660474, 0.011279,   1.632275, 0.024976,
184.245952, 1.645972, 1.553320, -0.092651,   1.650000, 1.650000, 0.000000,   1.633887, 0.026587,
184.270552, 1.648389, 1.598437, -0.049951,   1.648389, 1.631470, -0.016919,   1.633887, 0.025781,
184.295262, 1.652417, 1.560571, -0.091846,   1.645972, 1.636304, -0.009668,   1.627441, 0.027393,
184.319926, 1.647583, 1.589575, -0.058008,   1.649194, 1.657251, 0.008057,   1.632275, 0.028198,
184.344387, 1.648389, 1.604077, -0.044312,   1.652417, 1.640332, -0.012085,   1.629858, 0.026587,
184.369149, 1.653223, 1.587964, -0.065259,   1.650000, 1.653223, 0.003223,   1.633887, 0.025781,
184.393881, 1.648389, 1.589575, -0.058813,   1.650806, 1.648389, -0.002417,   1.633081, 0.026587,
184.418685, 1.666113, 1.587964, -0.078149,   1.662085, 1.648389, -0.013696,   1.640332, 0.037866,
184.443325, 1.664502, 1.581519, -0.082983,   1.662085, 1.653223, -0.008862,   1.640332, 0.041895,
184.468152, 1.662085, 1.591187, -0.070898,   1.664502, 1.625830, -0.038672,   1.643555, 0.037866,
184.492849, 1.662085, 1.591187, -0.070898,   1.658057, 1.647583, -0.010474,   1.637915, 0.037866,
184.517645, 1.660474, 1.578296, -0.082178,   1.660474, 1.654028, -0.006445,   1.636304, 0.035449,
184.542400, 1.661279, 1.595215, -0.066064,   1.660474, 1.654834, -0.005640,   1.640332, 0.035449,
184.567373, 1.660474, 1.586352, -0.074121,   1.654834, 1.647583, -0.007251,   1.640332, 0.036255,
184.592339, 1.658862, 1.549292, -0.109570,   1.658862, 1.650000, -0.008862,   1.640332, 0.040283,
184.617161, 1.658862, 1.590381, -0.068481,   1.658862, 1.650000, -0.008862,   1.640332, 0.039478,
184.641886, 1.661279, 1.598437, -0.062842,   1.657251, 1.647583, -0.009668,   1.639526, 0.037866,
184.666700, 1.660474, 1.629858, -0.030615,   1.657251, 1.640332, -0.016919,   1.640332, 0.040283,
184.691624, 1.653223, 1.591992, -0.061231,   1.657251, 1.650806, -0.006445,   1.635498, 0.039478,
184.716466, 1.658862, 1.594409, -0.064453,   1.658862, 1.625830, -0.033032,   1.639526, 0.031421,
184.741155, 1.645166, 1.581519, -0.063648,   1.645166, 1.633887, -0.011279,   1.633887, 0.028198,
184.765809, 1.643555, 1.554932, -0.088623,   1.644360, 1.641943, -0.002417,   1.629858, 0.026587,
184.790585, 1.647583, 1.578296, -0.069287,   1.647583, 1.631470, -0.016113,   1.631470, 0.028198,
184.815391, 1.648389, 1.574268, -0.074121,   1.648389, 1.641138, -0.007251,   1.633081, 0.024976,
184.840168, 1.649194, 1.570239, -0.078955,   1.647583, 1.649194, 0.001611,   1.633081, 0.027393,
184.864700, 1.650806, 1.587158, -0.063647,   1.645972, 1.647583, 0.001611,   1.633887, 0.025781,
184.889403, 1.654028, 1.578296, -0.075732,   1.647583, 1.629858, -0.017725,   1.633887, 0.028198,
184.914361, 1.645972, 1.577490, -0.068481,   1.647583, 1.653223, 0.005640,   1.633887, 0.025781,
184.938909, 1.649194, 1.541235, -0.107959,   1.650806, 1.644360, -0.006445,   1.632275, 0.028198,
184.963621, 1.650806, 1.589575, -0.061230,   1.649194, 1.643555, -0.005640,   1.627441, 0.028198,
184.988514, 1.654028, 1.608911, -0.045117,   1.653223, 1.650000, -0.003223,   1.633081, 0.032227,
185.013464, 1.650806, 1.583130, -0.067676,   1.650000, 1.649194, -0.000806,   1.631470, 0.025781,
185.038267, 1.661279, 1.587964, -0.073316,   1.665308, 1.636304, -0.029004,   1.641138, 0.040283,
185.062901, 1.661279, 1.593603, -0.067676,   1.661279, 1.627441, -0.033838,   1.640332, 0.037866,
185.087817, 1.662085, 1.628247, -0.033838,   1.660474, 1.625024, -0.035449,   1.641943, 0.037866,
185.112691, 1.658862, 1.600049, -0.058813,   1.662085, 1.621802, -0.040283,   1.641138, 0.037866,
185.137462, 1.658057, 1.587158, -0.070898,   1.660474, 1.654834, -0.005640,   1.640332, 0.038672,
185.162190, 1.658057, 1.600049, -0.058008,   1.658862, 1.637109, -0.021753,   1.640332, 0.035449,
185.187081, 1.658862, 1.578296, -0.080566,   1.658862, 1.637109, -0.021753,   1.637109, 0.040283,
185.211797, 1.661279, 1.604077, -0.057202,   1.658057, 1.641943, -0.016113,   1.643555, 0.038672,
185.236658, 1.656445, 1.596020, -0.060425,   1.657251, 1.678198, 0.020947,   1.640332, 0.037866,
185.261264, 1.662085, 1.591992, -0.070093,   1.654834, 1.664502, 0.009668,   1.643555, 0.038672,
185.285938, 1.657251, 1.554126, -0.103125,   1.658862, 1.656445, -0.002417,   1.637915, 0.038672,
185.310757, 1.660474, 1.579102, -0.081372,   1.653223, 1.654028, 0.000806,   1.635498, 0.041895,
185.335382, 1.654028, 1.581519, -0.072510,   1.654834, 1.648389, -0.006445,   1.639526, 0.035449,
185.360125, 1.641943, 1.602466, -0.039478,   1.647583, 1.654834, 0.007251,   1.627441, 0.026587,
185.384860, 1.644360, 1.562183, -0.082178,   1.644360, 1.648389, 0.004028,   1.635498, 0.025781,
185.409380, 1.653223, 1.552515, -0.100708,   1.649194, 1.645166, -0.004028,   1.633081, 0.023364,
185.434153, 1.648389, 1.596020, -0.052368,   1.648389, 1.640332, -0.008057,   1.631470, 0.027393,
185.458814, 1.650000, 1.583130, -0.066870,   1.648389, 1.641943, -0.006445,   1.637109, 0.025781,
185.483716, 1.649194, 1.577490, -0.071704,   1.644360, 1.657251, 0.012891,   1.633081, 0.022559,
185.508346, 1.652417, 1.575879, -0.076538,   1.654028, 1.645166, -0.008862,   1.636304, 0.030615,
185.533057, 1.649194, 1.566211, -0.082983,   1.648389, 1.648389, 0.000000,   1.636304, 0.027393,
185.557468, 1.652417, 1.579907, -0.072510,   1.650000, 1.645972, -0.004028,   1.633887, 0.026587,
185.582433, 1.652417, 1.596020, -0.056396,   1.647583, 1.637109, -0.010474,   1.633887, 0.028198,
185.607226, 1.645972, 1.589575, -0.056396,   1.650000, 1.645972, -0.004028,   1.633887, 0.026587,
185.628956, 1.648389, 1.599243, -0.049145,   1.650000, 1.656445, 0.006445,   1.633081, 0.028198,
185.653484, 1.648389, 1.542041, -0.106348,   1.652417, 1.641138, -0.011279,   1.635498, 0.027393,
185.678340, 1.664502, 1.587158, -0.077344,   1.664502, 1.673364, 0.008862,   1.640332, 0.039478,
185.702887, 1.662891, 1.587158, -0.075732,   1.665308, 1.628247, -0.037061,   1.641943, 0.038672,
185.727738, 1.660474, 1.596826, -0.063647,   1.662085, 1.664502, 0.002417,   1.640332, 0.040283,
185.752330, 1.661279, 1.589575, -0.071704,   1.656445, 1.672559, 0.016113,   1.640332, 0.041895,
185.777088, 1.662085, 1.595215, -0.066870,   1.660474, 1.664502, 0.004028,   1.640332, 0.039478,
185.801657, 1.662891, 1.629053, -0.033838,   1.658862, 1.635498, -0.023364,   1.639526, 0.037866,
185.826475, 1.658862, 1.600049, -0.058813,   1.656445, 1.647583, -0.008862,   1.639526, 0.040283,
185.851294, 1.662085, 1.583935, -0.078149,   1.658862, 1.654834, -0.004028,   1.641138, 0.038672,
185.876041, 1.658057, 1.595215, -0.062842,   1.658057, 1.658057, 0.000000,   1.637109, 0.040283,
185.900702, 1.658862, 1.587964, -0.070898,   1.658057, 1.654028, -0.004028,   1.635498, 0.037866,
185.925465, 1.662085, 1.599243, -0.062842,   1.658862, 1.652417, -0.006445,   1.643555, 0.038672,
185.950223, 1.661279, 1.571851, -0.089429,   1.658862, 1.661279, 0.002417,   1.636304, 0.036255,
185.974911, 1.657251, 1.558154, -0.099097,   1.657251, 1.647583, -0.009668,   1.640332, 0.038672,
185.999807, 1.645166, 1.581519, -0.063648,   1.641138, 1.637109, -0.004028,   1.633887, 0.027393,
186.024697, 1.648389, 1.552515, -0.095874,   1.643555, 1.649194, 0.005640,   1.633081, 0.023364,
186.049145, 1.650000, 1.586352, -0.063648,   1.650000, 1.649194, -0.000806,   1.631470, 0.023364,
186.073922, 1.647583, 1.583130, -0.064453,   1.648389, 1.647583, -0.000806,   1.631470, 0.028198,
186.098735, 1.650000, 1.553320, -0.096680,   1.647583, 1.645166, -0.002417,   1.635498, 0.023364,
186.123593, 1.645972, 1.591992, -0.053980,   1.650806, 1.641138, -0.009668,   1.629053, 0.022559,
186.148369, 1.648389, 1.620190, -0.028198,   1.650000, 1.643555, -0.006445,   1.633887, 0.026587,
186.173156, 1.650806, 1.574268, -0.076538,   1.650000, 1.635498, -0.014502,   1.631470, 0.026587,
186.197948, 1.654028, 1.587158, -0.066870,   1.647583, 1.635498, -0.012085,   1.629053, 0.025781,
186.222819, 1.645972, 1.579102, -0.066870,   1.650000, 1.658862, 0.008862,   1.633081, 0.022559,
186.247411, 1.649194, 1.582324, -0.066870,   1.645972, 1.619385, -0.026587,   1.633081, 0.028198,
186.272253, 1.650806, 1.558960, -0.091846,   1.650806, 1.640332, -0.010474,   1.633081, 0.026587,
186.297135, 1.650000, 1.607300, -0.042700,   1.650000, 1.650000, 0.000000,   1.628247, 0.028198,
186.321759, 1.662085, 1.586352, -0.075732,   1.664502, 1.654834, -0.009668,   1.640332, 0.036255,
186.346456, 1.660474, 1.596020, -0.064453,   1.661279, 1.662085, 0.000806,   1.639526, 0.039478,
186.370789, 1.664502, 1.594409, -0.070093,   1.662085, 1.650000, -0.012085,   1.640332, 0.033838,
186.395467, 1.662085, 1.598437, -0.063648,   1.662085, 1.624219, -0.037866,   1.639526, 0.035449,
186.420025, 1.662085, 1.586352, -0.075732,   1.662085, 1.661279, -0.000806,   1.635498, 0.037866,
186.444574, 1.664502, 1.596020, -0.068481,   1.662085, 1.662085, 0.000000,   1.639526, 0.041895,
186.468916, 1.662085, 1.587158, -0.074927,   1.660474, 1.654834, -0.005640,   1.640332, 0.037866,
186.493570, 1.654834, 1.598437, -0.056396,   1.660474, 1.654834, -0.005640,   1.637915, 0.042700,
186.518139, 1.661279, 1.581519, -0.079761,   1.658862, 1.643555, -0.015308,   1.633887, 0.036255,
186.542701, 1.658057, 1.581519, -0.076538,   1.660474, 1.662891, 0.002417,   1.637915, 0.038672,
186.567156, 1.660474, 1.589575, -0.070898,   1.654834, 1.645972, -0.008862,   1.640332, 0.037866,
186.591797, 1.654834, 1.579907, -0.074927,   1.660474, 1.662891, 0.002417,   1.640332, 0.041895,
186.616238, 1.654834, 1.590381, -0.064453,   1.661279, 1.649194, -0.012085,   1.640332, 0.037866,
186.640791, 1.656445, 1.612134, -0.044312,   1.662085, 1.650000, -0.012085,   1.640332, 0.039478,
186.665360, 1.645972, 1.579102, -0.066870,   1.645166, 1.643555, -0.001611,   1.633887, 0.028198,
186.690136, 1.645166, 1.578296, -0.066870,   1.648389, 1.645972, -0.002417,   1.633081, 0.026587,
186.714794, 1.650000, 1.603271, -0.046728,   1.645972, 1.639526, -0.006445,   1.631470, 0.026587,
186.739364, 1.648389, 1.582324, -0.066064,   1.645166, 1.652417, 0.007251,   1.631470, 0.029810,
186.763683, 1.652417, 1.581519, -0.070898,   1.645166, 1.643555, -0.001611,   1.629858, 0.022559,
186.788477, 1.649194, 1.571851, -0.077344,   1.650806, 1.637109, -0.013696,   1.629858, 0.025781,
186.813131, 1.645166, 1.574268, -0.070899,   1.650806, 1.645972, -0.004834,   1.633887, 0.028198,
186.837691, 1.650000, 1.554932, -0.095068,   1.649194, 1.650000, 0.000806,   1.637915, 0.028198,
186.862016, 1.649194, 1.612134, -0.037061,   1.654834, 1.672559, 0.017725,   1.637109, 0.031421,
186.886579, 1.650000, 1.603271, -0.046728,   1.648389, 1.625024, -0.023364,   1.632275, 0.025781,
186.911171, 1.653223, 1.581519, -0.071704,   1.647583, 1.644360, -0.003223,   1.625024, 0.028198,
186.935723, 1.650806, 1.589575, -0.061230,   1.649194, 1.647583, -0.001611,   1.633887, 0.022559,
186.960244, 1.662891, 1.589575, -0.073315,   1.662085, 1.647583, -0.014502,   1.640332, 0.038672,
186.985029, 1.664502, 1.600049, -0.064453,   1.660474, 1.648389, -0.012085,   1.640332, 0.035449,
187.009650, 1.664502, 1.608105, -0.056396,   1.658057, 1.650806, -0.007251,   1.641138, 0.038672,
187.034241, 1.658862, 1.587158, -0.071704,   1.654834, 1.656445, 0.001611,   1.637915, 0.038672,
187.058574, 1.662085, 1.598437, -0.063648,   1.658862, 1.660474, 0.001611,   1.636304, 0.036255,
187.083134, 1.661279, 1.590381, -0.070899,   1.654834, 1.649194, -0.005640,   1.637915, 0.035449,
187.107693, 1.660474, 1.577490, -0.082983,   1.654028, 1.640332, -0.013696,   1.639526, 0.038672,
187.132319, 1.660474, 1.579102, -0.081372,   1.662085, 1.636304, -0.025781,   1.645972, 0.039478,
187.156909, 1.658862, 1.591187, -0.067676,   1.656445, 1.637915, -0.018530,   1.636304, 0.039478,
187.181693, 1.661279, 1.587964, -0.073316,   1.661279, 1.660474, -0.000806,   1.639526, 0.039478,
187.206358, 1.658862, 1.571851, -0.087012,   1.661279, 1.643555, -0.017725,   1.643555, 0.038672,
187.230909, 1.660474, 1.583130, -0.077344,   1.658057, 1.647583, -0.010474,   1.637109, 0.036255,
187.255466, 1.656445, 1.532373, -0.124072,   1.661279, 1.656445, -0.004834,   1.639526, 0.037866,
187.280245, 1.647583, 1.632275, -0.015308,   1.650000, 1.643555, -0.006445,   1.645166, 0.028198,
187.304790, 1.650000, 1.573462, -0.076538,   1.647583, 1.637915, -0.009668,   1.629858, 0.025781,
187.329469, 1.648389, 1.590381, -0.058008,   1.645166, 1.658862, 0.013696,   1.627441, 0.027393,
187.353803, 1.648389, 1.556543, -0.091846,   1.650000, 1.633081, -0.016919,   1.629053, 0.028198,
187.378668, 1.647583, 1.566211, -0.081372,   1.648389, 1.644360, -0.004028,   1.628247, 0.026587,
187.403247, 1.650806, 1.571045, -0.079761,   1.648389, 1.640332, -0.008057,   1.633081, 0.022559,
187.427799, 1.645972, 1.590381, -0.055591,   1.647583, 1.660474, 0.012891,   1.633081, 0.028198,
187.452253, 1.650806, 1.579102, -0.071704,   1.648389, 1.645166, -0.003223,   1.635498, 0.023364,
187.476912, 1.649194, 1.587964, -0.061231,   1.649194, 1.660474, 0.011279,   1.633081, 0.028198,
187.501237, 1.649194, 1.578296, -0.070899,   1.652417, 1.645972, -0.006445,   1.633081, 0.026587,
187.525908, 1.650000, 1.573462, -0.076538,   1.649194, 1.656445, 0.007251,   1.633887, 0.022559,
187.550245, 1.649194, 1.583130, -0.066064,   1.650806, 1.645972, -0.004834,   1.631470, 0.021753,
187.574911, 1.647583, 1.579907, -0.067676,   1.650000, 1.637109, -0.012891,   1.628247, 0.028198,
187.599576, 1.662085, 1.595215, -0.066870,   1.662085, 1.662085, 0.000000,   1.637109, 0.040283,
187.623911, 1.662891, 1.583935, -0.078955,   1.662085, 1.643555, -0.018530,   1.639526, 0.038672,
187.646998, 1.664502, 1.620190, -0.044312,   1.657251, 1.653223, -0.004028,   1.644360, 0.036255,
187.671690, 1.657251, 1.591187, -0.066064,   1.658862, 1.678198, 0.019336,   1.640332, 0.037866,
187.696104, 1.665308, 1.587964, -0.077344,   1.662085, 1.640332, -0.021753,   1.643555, 0.039478,
187.720706, 1.657251, 1.591187, -0.066064,   1.662085, 1.649194, -0.012891,   1.641138, 0.039478,
187.745251, 1.656445, 1.574268, -0.082178,   1.658057, 1.673364, 0.015308,   1.635498, 0.037866,
187.769598, 1.658862, 1.573462, -0.085400,   1.657251, 1.640332, -0.016919,   1.640332, 0.040283,
187.794258, 1.658057, 1.595215, -0.062842,   1.654834, 1.664502, 0.009668,   1.641943, 0.037866,
187.818575, 1.658862, 1.558960, -0.099902,   1.658862, 1.621802, -0.037060,   1.641138, 0.037866,
187.843033, 1.654834, 1.582324, -0.072510,   1.656445, 1.625024, -0.031421,   1.637109, 0.040283,
187.867691, 1.657251, 1.585547, -0.071704,   1.658057, 1.650806, -0.007251,   1.640332, 0.040283,
187.892369, 1.656445, 1.585547, -0.070898,   1.658862, 1.654028, -0.004834,   1.640332, 0.038672,
187.917036, 1.650806, 1.583130, -0.067676,   1.650806, 1.623413, -0.027393,   1.637109, 0.028198,
187.941580, 1.647583, 1.573462, -0.074121,   1.641138, 1.639526, -0.001611,   1.629053, 0.025781,
187.966143, 1.647583, 1.587964, -0.059619,   1.647583, 1.635498, -0.012085,   1.636304, 0.025781,
187.990803, 1.650000, 1.583935, -0.066064,   1.648389, 1.641138, -0.007251,   1.633887, 0.025781,
188.015437, 1.650000, 1.575879, -0.074121,   1.648389, 1.650806, 0.002417,   1.631470, 0.028198,
188.039803, 1.649194, 1.575879, -0.073316,   1.644360, 1.645166, 0.000806,   1.633081, 0.024976,
188.064153, 1.652417, 1.599243, -0.053174,   1.650000, 1.611328, -0.038672,   1.635498, 0.028198,
188.088913, 1.647583, 1.594409, -0.053174,   1.648389, 1.645166, -0.003223,   1.636304, 0.026587,
188.113558, 1.654834, 1.589575, -0.065259,   1.654834, 1.625024, -0.029809,   1.637109, 0.032227,
188.138142, 1.650000, 1.583130, -0.066870,   1.652417, 1.649194, -0.003223,   1.632275, 0.025781,
188.162689, 1.652417, 1.566211, -0.086206,   1.650000, 1.647583, -0.002417,   1.633081, 0.028198,
188.187471, 1.645972, 1.587964, -0.058008,   1.650000, 1.645972, -0.004028,   1.632275, 0.025781,
188.212132, 1.648389, 1.590381, -0.058008,   1.648389, 1.660474, 0.012085,   1.633887, 0.027393,
188.236467, 1.650000, 1.574268, -0.075732,   1.656445, 1.650000, -0.006445,   1.639526, 0.039478,
188.261029, 1.662085, 1.593603, -0.068481,   1.662085, 1.652417, -0.009668,   1.641943, 0.036255,
188.285806, 1.658057, 1.594409, -0.063648,   1.661279, 1.657251, -0.004028,   1.639526, 0.041895,
188.310567, 1.662085, 1.552515, -0.109570,   1.662891, 1.664502, 0.001611,   1.640332, 0.038672,
188.334911, 1.660474, 1.579907, -0.080566,   1.662085, 1.652417, -0.009668,   1.643555, 0.034644,
188.359466, 1.658862, 1.593603, -0.065259,   1.658862, 1.670142, 0.011279,   1.641943, 0.039478,
188.384151, 1.661279, 1.594409, -0.066870,   1.654834, 1.647583, -0.007251,   1.637109, 0.039478,
188.408694, 1.658862, 1.579907, -0.078955,   1.654834, 1.677393, 0.022559,   1.636304, 0.039478,
188.433030, 1.654028, 1.599243, -0.054785,   1.657251, 1.666113, 0.008862,   1.641943, 0.036255,
188.457379, 1.654028, 1.566211, -0.087817,   1.660474, 1.654834, -0.005640,   1.637109, 0.038672,
188.482142, 1.658862, 1.574268, -0.084595,   1.654834, 1.645166, -0.009668,   1.641138, 0.037866,
188.506699, 1.660474, 1.587158, -0.073315,   1.654834, 1.636304, -0.018530,   1.636304, 0.037866,
188.531250, 1.658057, 1.593603, -0.064453,   1.658862, 1.640332, -0.018530,   1.640332, 0.041895,
188.555815, 1.656445, 1.587964, -0.068481,   1.654834, 1.649194, -0.005640,   1.640332, 0.034644,
188.580580, 1.643555, 1.591187, -0.052368,   1.645166, 1.621802, -0.023364,   1.635498, 0.024976,
188.605145, 1.647583, 1.564600, -0.082983,   1.645166, 1.644360, -0.000806,   1.633081, 0.028198,
188.629803, 1.648389, 1.554126, -0.094263,   1.647583, 1.641943, -0.005640,   1.629053, 0.026587,
188.654472, 1.644360, 1.569434, -0.074927,   1.648389, 1.649194, 0.000806,   1.628247, 0.026587,
188.679030, 1.647583, 1.549292, -0.098291,   1.648389, 1.654834, 0.006445,   1.635498, 0.028198,
188.703374, 1.650000, 1.579907, -0.070093,   1.645166, 1.640332, -0.004834,   1.631470, 0.027393,
188.728040, 1.650806, 1.573462, -0.077344,   1.647583, 1.650000, 0.002417,   1.637915, 0.026587,
188.752363, 1.647583, 1.574268, -0.073316,   1.649194, 1.654834, 0.005640,   1.633081, 0.026587,
188.776911, 1.648389, 1.589575, -0.058813,   1.649194, 1.654028, 0.004834,   1.636304, 0.028198,
188.801256, 1.647583, 1.606494, -0.041089,   1.649194, 1.641943, -0.007251,   1.636304, 0.024976,
188.825799, 1.649194, 1.569434, -0.079761,   1.650806, 1.620190, -0.030615,   1.633081, 0.025781,
188.850358, 1.649194, 1.581519, -0.067676,   1.645166, 1.627441, -0.017725,   1.636304, 0.026587,
188.875022, 1.649194, 1.587158, -0.062036,   1.648389, 1.657251, 0.008862,   1.632275, 0.031421,
188.899478, 1.662085, 1.586352, -0.075732,   1.660474, 1.654834, -0.005640,   1.643555, 0.041895,
188.924033, 1.662085, 1.596020, -0.066064,   1.658862, 1.664502, 0.005640,   1.637915, 0.037866,
188.948363, 1.660474, 1.591187, -0.069287,   1.662891, 1.650000, -0.012891,   1.640332, 0.040283,
188.973034, 1.660474, 1.578296, -0.082178,   1.662085, 1.670142, 0.008057,   1.640332, 0.038672,
188.997472, 1.654028, 1.566211, -0.087817,   1.660474, 1.662085, 0.001611,   1.645166, 0.037866,
189.021787, 1.658862, 1.581519, -0.077344,   1.658862, 1.678198, 0.019336,   1.641138, 0.037866,
189.046110, 1.662085, 1.567822, -0.094263,   1.658862, 1.656445, -0.002417,   1.641138, 0.037866,
189.070697, 1.656445, 1.587964, -0.068481,   1.657251, 1.625024, -0.032227,   1.641138, 0.037866,
189.095276, 1.658862, 1.593603, -0.065259,   1.654028, 1.635498, -0.018530,   1.640332, 0.039478,
189.119697, 1.657251, 1.600855, -0.056396,   1.654834, 1.654834, 0.000000,   1.641138, 0.037866,
189.144025, 1.657251, 1.591992, -0.065259,   1.652417, 1.654834, 0.002417,   1.640332, 0.034644,
189.168387, 1.654028, 1.633081, -0.020947,   1.653223, 1.650806, -0.002417,   1.643555, 0.040283,
189.193032, 1.657251, 1.631470, -0.025781,   1.656445, 1.658057, 0.001611,   1.641943, 0.037866,
189.217465, 1.645166, 1.558960, -0.086206,   1.648389, 1.641138, -0.007251,   1.629858, 0.027393,
189.242038, 1.648389, 1.578296, -0.070093,   1.648389, 1.647583, -0.000806,   1.632275, 0.022559,
189.266585, 1.649194, 1.575073, -0.074121,   1.647583, 1.627441, -0.020142,   1.629053, 0.027393,
189.291300, 1.645166, 1.591187, -0.053980,   1.650000, 1.649194, -0.000806,   1.631470, 0.026587,
189.316004, 1.650000, 1.594409, -0.055591,   1.644360, 1.650806, 0.006445,   1.631470, 0.026587,
189.340368, 1.650806, 1.583935, -0.066870,   1.650000, 1.644360, -0.005640,   1.633081, 0.023364,
189.364919, 1.652417, 1.581519, -0.070898,   1.650000, 1.650000, 0.000000,   1.631470, 0.031421,
189.389590, 1.650000, 1.587158, -0.062842,   1.650806, 1.640332, -0.010474,   1.632275, 0.024976,
189.414164, 1.650806, 1.581519, -0.069287,   1.650000, 1.650000, 0.000000,   1.631470, 0.023364,
189.438473, 1.649194, 1.558960, -0.090234,   1.652417, 1.650000, -0.002417,   1.633081, 0.023364,
189.463038, 1.648389, 1.560571, -0.087817,   1.649194, 1.643555, -0.005640,   1.633887, 0.028198,
189.487837, 1.649194, 1.577490, -0.071704,   1.650806, 1.662085, 0.011279,   1.633081, 0.028198,
189.512363, 1.654028, 1.589575, -0.064453,   1.648389, 1.628247, -0.020142,   1.631470, 0.028198,
189.536923, 1.664502, 1.585547, -0.078955,   1.661279, 1.647583, -0.013696,   1.643555, 0.038672,
189.561583, 1.662085, 1.589575, -0.072510,   1.664502, 1.687060, 0.022559,   1.636304, 0.040283,
189.586151, 1.662891, 1.589575, -0.073315,   1.661279, 1.658057, -0.003223,   1.639526, 0.035449,
189.610743, 1.657251, 1.596020, -0.061231,   1.658057, 1.681421, 0.023364,   1.640332, 0.043506,
189.635038, 1.660474, 1.583130, -0.077344,   1.661279, 1.664502, 0.003223,   1.639526, 0.035449,
189.650464, 1.660474, 1.561377, -0.099097,   1.660474, 1.645166, -0.015308,   1.645166, 0.037866,
189.675154, 1.662891, 1.583935, -0.078955,   1.660474, 1.665308, 0.004834,   1.641943, 0.037866,
189.699587, 1.661279, 1.575073, -0.086206,   1.654028, 1.662891, 0.008862,   1.643555, 0.036255,
189.724030, 1.654834, 1.593603, -0.061230,   1.658862, 1.647583, -0.011279,   1.637109, 0.035449,
189.748587, 1.658862, 1.587158, -0.071704,   1.658862, 1.636304, -0.022559,   1.643555, 0.036255,
189.773252, 1.660474, 1.579907, -0.080566,   1.654028, 1.676587, 0.022559,   1.633081, 0.034644,
189.797703, 1.662085, 1.586352, -0.075732,   1.658862, 1.648389, -0.010474,   1.644360, 0.040283,
189.822375, 1.658057, 1.600049, -0.058008,   1.656445, 1.657251, 0.000806,   1.643555, 0.037866,
189.846701, 1.643555, 1.583935, -0.059619,   1.645166, 1.654028, 0.008862,   1.633081, 0.027393,
189.871127, 1.645166, 1.579102, -0.066064,   1.644360, 1.640332, -0.004028,   1.633081, 0.024976,
189.895702, 1.645166, 1.596020, -0.049146,   1.641138, 1.654834, 0.013696,   1.637109, 0.027393,
189.920154, 1.645166, 1.587964, -0.057202,   1.645166, 1.662085, 0.016919,   1.633081, 0.029810,
189.944365, 1.650000, 1.587158, -0.062842,   1.645972, 1.650806, 0.004834,   1.636304, 0.025781,
189.968709, 1.650806, 1.625024, -0.025781,   1.645972, 1.618579, -0.027393,   1.636304, 0.027393,
189.993372, 1.647583, 1.581519, -0.066064,   1.647583, 1.654834, 0.007251,   1.632275, 0.028198,
190.017803, 1.650806, 1.590381, -0.060425,   1.644360, 1.648389, 0.004028,   1.632275, 0.026587,
190.042153, 1.650806, 1.596020, -0.054785,   1.653223, 1.678198, 0.024976,   1.633887, 0.026587,
190.066478, 1.650000, 1.587964, -0.062036,   1.650806, 1.637915, -0.012891,   1.637109, 0.024976,
190.091159, 1.654834, 1.574268, -0.080566,   1.654834, 1.647583, -0.007251,   1.639526, 0.029810,
190.115792, 1.648389, 1.591992, -0.056396,   1.650000, 1.641943, -0.008057,   1.635498, 0.026587,
190.140372, 1.648389, 1.567822, -0.080566,   1.650000, 1.643555, -0.006445,   1.629858, 0.024976,
190.164923, 1.662891, 1.583935, -0.078955,   1.658862, 1.665308, 0.006445,   1.636304, 0.039478,
190.189818, 1.662891, 1.591187, -0.071704,   1.658057, 1.649194, -0.008862,   1.640332, 0.037866,
190.214466, 1.662891, 1.585547, -0.077344,   1.662085, 1.679004, 0.016919,   1.643555, 0.040283,
190.238805, 1.658057, 1.591187, -0.066870,   1.657251, 1.661279, 0.004028,   1.640332, 0.040283,
190.263159, 1.658862, 1.583130, -0.075732,   1.661279, 1.644360, -0.016919,   1.637915, 0.038672,
190.287917, 1.660474, 1.596020, -0.064453,   1.657251, 1.664502, 0.007251,   1.641943, 0.037866,
190.312314, 1.654028, 1.581519, -0.072510,   1.657251, 1.666919, 0.009668,   1.643555, 0.037866,
190.336710, 1.658057, 1.587964, -0.070093,   1.656445, 1.619385, -0.037060,   1.640332, 0.037866,
190.361259, 1.658057, 1.575073, -0.082983,   1.656445, 1.625024, -0.031421,   1.639526, 0.039478,
190.386151, 1.662085, 1.596020, -0.066064,   1.661279, 1.640332, -0.020947,   1.637109, 0.037866,
190.410763, 1.661279, 1.614551, -0.046729,   1.658862, 1.654834, -0.004028,   1.637109, 0.037866,
190.435376, 1.656445, 1.587964, -0.068481,   1.654028, 1.637915, -0.016113,   1.640332, 0.040283,
190.459919, 1.661279, 1.591187, -0.070093,   1.658862, 1.633081, -0.025781,   1.636304, 0.040283,
190.484710, 1.660474, 1.596826, -0.063647,   1.654028, 1.664502, 0.010474,   1.643555, 0.034644,
190.509076, 1.649194, 1.579907, -0.069287,   1.650806, 1.653223, 0.002417,   1.641138, 0.031421,
190.533374, 1.645972, 1.587158, -0.058813,   1.647583, 1.640332, -0.007251,   1.633887, 0.028198,
190.557922, 1.645972, 1.578296, -0.067676,   1.643555, 1.633081, -0.010474,   1.637109, 0.026587,
190.582714, 1.645972, 1.566211, -0.079761,   1.647583, 1.625024, -0.022559,   1.629053, 0.026587,
190.607272, 1.645972, 1.596826, -0.049145,   1.647583, 1.650000, 0.002417,   1.633081, 0.026587,
190.631710, 1.645972, 1.573462, -0.072510,   1.645166, 1.633887, -0.011279,   1.633887, 0.026587,
190.656272, 1.650000, 1.562988, -0.087012,   1.647583, 1.645972, -0.001611,   1.633887, 0.027393,
190.681052, 1.645166, 1.578296, -0.066870,   1.648389, 1.640332, -0.008057,   1.636304, 0.026587,
190.705620, 1.650000, 1.582324, -0.067676,   1.647583, 1.645972, -0.001611,   1.629053, 0.028198,
190.730268, 1.647583, 1.585547, -0.062036,   1.649194, 1.645972, -0.003223,   1.629858, 0.023364,
190.754804, 1.650000, 1.587964, -0.062036,   1.650000, 1.645972, -0.004028,   1.629858, 0.026587,
190.779593, 1.650806, 1.583935, -0.066870,   1.650806, 1.637915, -0.012891,   1.635498, 0.024976,
190.804157, 1.662891, 1.562988, -0.099902,   1.661279, 1.664502, 0.003223,   1.640332, 0.035449,
190.828484, 1.661279, 1.579907, -0.081372,   1.662891, 1.644360, -0.018530,   1.639526, 0.036255,
190.853044, 1.662085, 1.587964, -0.074121,   1.660474, 1.624219, -0.036255,   1.637915, 0.037866,
190.877799, 1.662085, 1.610522, -0.051563,   1.654028, 1.637915, -0.016113,   1.640332, 0.039478,
190.902379, 1.658057, 1.611328, -0.046728,   1.660474, 1.654834, -0.005640,   1.637109, 0.038672,
190.927034, 1.662891, 1.627441, -0.035449,   1.654834, 1.658057, 0.003223,   1.639526, 0.039478,
190.951374, 1.656445, 1.562988, -0.093457,   1.657251, 1.650806, -0.006445,   1.640332, 0.039478,
190.976044, 1.658057, 1.598437, -0.059619,   1.661279, 1.662891, 0.001611,   1.640332, 0.037866,
191.000468, 1.660474, 1.582324, -0.078149,   1.654834, 1.640332, -0.014502,   1.641138, 0.038672,
191.025169, 1.658057, 1.591992, -0.066064,   1.660474, 1.658862, -0.001611,   1.633081, 0.040283,
191.049711, 1.660474, 1.596826, -0.063647,   1.654834, 1.650000, -0.004834,   1.636304, 0.037866,
191.074374, 1.658057, 1.600855, -0.057202,   1.660474, 1.643555, -0.016919,   1.640332, 0.037866,
191.099040, 1.657251, 1.603271, -0.053980,   1.661279, 1.649194, -0.012085,   1.641943, 0.035449,
191.123702, 1.645166, 1.582324, -0.062842,   1.647583, 1.640332, -0.007251,   1.633081, 0.029810,
191.148265, 1.647583, 1.577490, -0.070093,   1.645166, 1.647583, 0.002417,   1.629053, 0.024976,
191.172710, 1.647583, 1.581519, -0.066064,   1.648389, 1.633081, -0.015308,   1.632275, 0.023364,
191.197372, 1.648389, 1.591992, -0.056396,   1.647583, 1.639526, -0.008057,   1.636304, 0.027393,
191.222033, 1.648389, 1.574268, -0.074121,   1.645166, 1.612134, -0.033032,   1.633081, 0.026587,
191.246580, 1.645166, 1.574268, -0.070899,   1.647583, 1.636304, -0.011279,   1.629858, 0.027393,
191.271256, 1.647583, 1.581519, -0.066064,   1.645166, 1.647583, 0.002417,   1.635498, 0.026587,
191.295608, 1.650806, 1.591992, -0.058813,   1.645972, 1.650806, 0.004834,   1.636304, 0.024976,
191.319932, 1.650000, 1.581519, -0.068481,   1.649194, 1.615356, -0.033838,   1.629858, 0.028198,
191.344381, 1.647583, 1.581519, -0.066064,   1.652417, 1.654028, 0.001611,   1.636304, 0.023364,
191.368707, 1.653223, 1.579102, -0.074121,   1.648389, 1.636304, -0.012085,   1.633081, 0.024976,
191.393481, 1.652417, 1.600049, -0.052368,   1.652417, 1.645166, -0.007251,   1.633887, 0.022559,
191.418164, 1.649194, 1.577490, -0.071704,   1.650806, 1.643555, -0.007251,   1.633887, 0.027393,
191.442717, 1.662891, 1.593603, -0.069287,   1.661279, 1.649194, -0.012085,   1.641943, 0.043506,
191.467338, 1.664502, 1.595215, -0.069287,   1.661279, 1.648389, -0.012891,   1.633887, 0.040283,
191.492056, 1.662085, 1.602466, -0.059619,   1.664502, 1.660474, -0.004028,   1.639526, 0.037866,
191.516622, 1.657251, 1.621802, -0.035449,   1.662085, 1.645166, -0.016919,   1.641138, 0.037866,
191.541164, 1.656445, 1.591187, -0.065259,   1.661279, 1.657251, -0.004028,   1.640332, 0.042700,
191.565709, 1.661279, 1.582324, -0.078955,   1.661279, 1.637109, -0.024170,   1.637915, 0.040283,
191.590489, 1.658862, 1.600049, -0.058813,   1.654028, 1.644360, -0.009668,   1.640332, 0.034644,
191.615049, 1.660474, 1.589575, -0.070898,   1.658057, 1.645166, -0.012891,   1.641138, 0.040283,
191.639592, 1.661279, 1.585547, -0.075732,   1.657251, 1.645166, -0.012085,   1.640332, 0.039478,
191.664272, 1.653223, 1.575073, -0.078149,   1.662085, 1.666113, 0.004028,   1.636304, 0.041895,
191.688815, 1.661279, 1.589575, -0.071704,   1.660474, 1.654834, -0.005640,   1.641138, 0.040283,
191.713440, 1.658862, 1.585547, -0.073315,   1.660474, 1.637109, -0.023364,   1.640332, 0.037866,
191.738038, 1.658862, 1.579102, -0.079761,   1.660474, 1.670142, 0.009668,   1.641138, 0.041895,
191.762374, 1.647583, 1.585547, -0.062036,   1.643555, 1.653223, 0.009668,   1.633081, 0.023364,
191.786927, 1.645166, 1.583935, -0.061231,   1.645972, 1.677393, 0.031421,   1.636304, 0.024976,
191.811311, 1.648389, 1.596020, -0.052368,   1.649194, 1.645166, -0.004028,   1.633081, 0.026587,
191.835929, 1.647583, 1.583130, -0.064453,   1.650806, 1.648389, -0.002417,   1.633081, 0.027393,
191.860489, 1.653223, 1.590381, -0.062842,   1.648389, 1.625024, -0.023364,   1.637915, 0.028198,
191.885261, 1.649194, 1.573462, -0.075732,   1.650000, 1.625024, -0.024976,   1.633081, 0.028198,
191.909872, 1.649194, 1.595215, -0.053980,   1.648389, 1.627441, -0.020947,   1.633887, 0.026587,
191.934477, 1.649194, 1.575073, -0.074121,   1.648389, 1.649194, 0.000806,   1.629858, 0.028198,
191.958820, 1.653223, 1.566211, -0.087012,   1.652417, 1.673364, 0.020947,   1.637109, 0.025781,
191.983376, 1.647583, 1.581519, -0.066064,   1.652417, 1.645972, -0.006445,   1.635498, 0.024976,
192.007933, 1.652417, 1.582324, -0.070093,   1.649194, 1.654028, 0.004834,   1.631470, 0.027393,
192.032272, 1.647583, 1.575073, -0.072510,   1.648389, 1.640332, -0.008057,   1.631470, 0.028198,
192.056830, 1.650000, 1.587158, -0.062842,   1.647583, 1.650000, 0.002417,   1.633081, 0.022559,
192.081389, 1.665308, 1.591187, -0.074121,   1.662085, 1.639526, -0.022559,   1.639526, 0.039478,
192.105933, 1.664502, 1.596826, -0.067676,   1.662085, 1.660474, -0.001611,   1.640332, 0.037866,
192.130497, 1.660474, 1.579102, -0.081372,   1.657251, 1.660474, 0.003223,   1.639526, 0.037866,
192.154818, 1.658862, 1.599243, -0.059619,   1.662085, 1.640332, -0.021753,   1.639526, 0.041895,
192.179603, 1.654834, 1.589575, -0.065259,   1.657251, 1.653223, -0.004028,   1.637915, 0.037866,
192.204167, 1.662085, 1.589575, -0.072510,   1.658057, 1.645972, -0.012085,   1.639526, 0.040283,
192.228715, 1.658057, 1.560571, -0.097485,   1.660474, 1.657251, -0.003223,   1.633887, 0.039478,
192.253267, 1.660474, 1.585547, -0.074927,   1.654834, 1.654834, 0.000000,   1.643555, 0.037866,
192.277783, 1.658057, 1.594409, -0.063648,   1.656445, 1.661279, 0.004834,   1.636304, 0.038672,
192.302155, 1.661279, 1.591187, -0.070093,   1.657251, 1.650000, -0.007251,   1.636304, 0.040283,
192.326815, 1.657251, 1.600855, -0.056396,   1.658057, 1.637915, -0.020142,   1.643555, 0.037866,
192.351379, 1.657251, 1.587964, -0.069287,   1.657251, 1.653223, -0.004028,   1.637915, 0.041895,
192.376062, 1.658862, 1.610522, -0.048340,   1.657251, 1.660474, 0.003223,   1.637109, 0.038672,
192.400597, 1.656445, 1.586352, -0.070093,   1.658862, 1.657251, -0.001611,   1.641138, 0.041895,
192.425274, 1.647583, 1.565405, -0.082178,   1.647583, 1.654028, 0.006445,   1.633081, 0.028198,
192.449605, 1.643555, 1.579907, -0.063648,   1.647583, 1.636304, -0.011279,   1.633887, 0.028198,
192.474268, 1.647583, 1.574268, -0.073316,   1.645166, 1.650000, 0.004834,   1.633081, 0.025781,
192.498711, 1.647583, 1.579102, -0.068481,   1.649194, 1.640332, -0.008862,   1.633081, 0.023364,
192.523281, 1.645972, 1.571851, -0.074121,   1.650000, 1.654834, 0.004834,   1.633887, 0.026587,
192.547614, 1.648389, 1.578296, -0.070093,   1.648389, 1.640332, -0.008057,   1.633081, 0.025781,
192.572291, 1.647583, 1.587158, -0.060425,   1.649194, 1.650806, 0.001611,   1.631470, 0.027393,
192.596716, 1.649194, 1.577490, -0.071704,   1.649194, 1.645972, -0.003223,   1.633887, 0.021753,
192.621365, 1.648389, 1.578296, -0.070093,   1.650000, 1.627441, -0.022559,   1.635498, 0.024976,
192.645816, 1.647583, 1.574268, -0.073316,   1.647583, 1.650806, 0.003223,   1.632275, 0.028198,
192.670175, 1.649194, 1.566211, -0.082983,   1.649194, 1.647583, -0.001611,   1.633887, 0.023364,
192.694711, 1.654834, 1.587964, -0.066870,   1.652417, 1.650000, -0.002417,   1.633081, 0.024976,
192.719296, 1.661279, 1.587158, -0.074121,   1.662085, 1.662085, 0.000000,   1.637109, 0.037866,
192.743601, 1.662085, 1.596020, -0.066064,   1.658057, 1.689478, 0.031421,   1.640332, 0.037866,
192.768104, 1.661279, 1.589575, -0.071704,   1.658862, 1.669336, 0.010474,   1.637109, 0.035449,
192.792481, 1.662085, 1.595215, -0.066870,   1.657251, 1.683838, 0.026587,   1.640332, 0.038672,
192.816820, 1.660474, 1.596826, -0.063647,   1.660474, 1.635498, -0.024976,   1.641138, 0.037866,
192.841385, 1.662085, 1.571851, -0.090234,   1.654834, 1.668530, 0.013696,   1.640332, 0.036255,
192.865717, 1.660474, 1.582324, -0.078149,   1.658057, 1.645972, -0.012085,   1.641138, 0.039478,
192.890503, 1.657251, 1.587158, -0.070093,   1.661279, 1.652417, -0.008862,   1.640332, 0.037866,
192.915165, 1.661279, 1.586352, -0.074927,   1.656445, 1.650806, -0.005640,   1.643555, 0.039478,
192.939710, 1.658057, 1.565405, -0.092651,   1.657251, 1.641943, -0.015308,   1.640332, 0.042700,
192.964385, 1.657251, 1.608105, -0.049146,   1.658862, 1.637915, -0.020947,   1.637915, 0.037866,
192.989175, 1.660474, 1.587964, -0.072510,   1.658862, 1.660474, 0.001611,   1.639526, 0.036255,
193.013536, 1.654834, 1.600049, -0.054785,   1.654834, 1.654028, -0.000806,   1.641943, 0.037866,
193.038053, 1.643555, 1.573462, -0.070093,   1.649194, 1.647583, -0.001611,   1.633887, 0.026587,
193.062612, 1.645166, 1.567822, -0.077344,   1.647583, 1.637109, -0.010474,   1.633887, 0.027393,
193.087382, 1.648389, 1.587964, -0.060425,   1.647583, 1.649194, 0.001611,   1.631470, 0.027393,
193.111738, 1.650806, 1.581519, -0.069287,   1.645972, 1.640332, -0.005640,   1.627441, 0.026587,
193.136269, 1.645166, 1.608911, -0.036255,   1.648389, 1.641943, -0.006445,   1.629053, 0.026587,
193.160836, 1.648389, 1.579907, -0.068481,   1.652417, 1.643555, -0.008862,   1.633887, 0.025781,
193.185614, 1.649194, 1.577490, -0.071704,   1.650000, 1.657251, 0.007251,   1.633081, 0.026587,
193.209971, 1.647583, 1.569434, -0.078149,   1.654028, 1.635498, -0.018530,   1.633081, 0.032227,
193.234502, 1.652417, 1.567017, -0.085400,   1.650000, 1.641138, -0.008862,   1.637109, 0.026587,
193.259052, 1.647583, 1.581519, -0.066064,   1.648389, 1.644360, -0.004028,   1.633081, 0.026587,
193.283825, 1.650806, 1.544458, -0.106348,   1.649194, 1.658057, 0.008862,   1.633081, 0.023364,
193.308276, 1.650806, 1.594409, -0.056396,   1.653223, 1.643555, -0.009668,   1.633887, 0.024976,
193.332821, 1.652417, 1.595215, -0.057202,   1.650000, 1.629053, -0.020947,   1.633081, 0.026587,
193.357412, 1.660474, 1.589575, -0.070898,   1.664502, 1.660474, -0.004028,   1.636304, 0.040283,
193.382263, 1.661279, 1.590381, -0.070899,   1.662085, 1.641138, -0.020947,   1.641138, 0.035449,
193.406828, 1.658057, 1.587964, -0.070093,   1.661279, 1.653223, -0.008057,   1.633081, 0.037866,
193.431490, 1.662085, 1.591992, -0.070093,   1.658862, 1.645166, -0.013696,   1.637915, 0.037866,
193.456050, 1.660474, 1.593603, -0.066870,   1.658057, 1.640332, -0.017725,   1.640332, 0.037866,
193.480836, 1.661279, 1.578296, -0.082983,   1.661279, 1.633081, -0.028198,   1.640332, 0.038672,
193.505489, 1.660474, 1.585547, -0.074927,   1.658862, 1.653223, -0.005640,   1.641138, 0.035449,
193.530063, 1.661279, 1.593603, -0.067676,   1.662085, 1.647583, -0.014502,   1.640332, 0.039478,
193.554627, 1.660474, 1.590381, -0.070093,   1.658057, 1.641943, -0.016113,   1.637109, 0.035449,
193.579389, 1.660474, 1.600049, -0.060425,   1.658057, 1.645166, -0.012891,   1.640332, 0.038672,
193.603936, 1.662085, 1.591187, -0.070898,   1.658862, 1.682227, 0.023364,   1.637915, 0.038672,
193.628387, 1.658057, 1.590381, -0.067676,   1.660474, 1.652417, -0.008057,   1.635498, 0.039478,
193.652938, 1.658862, 1.594409, -0.064453,   1.658862, 1.650806, -0.008057,   1.641138, 0.037866,
193.677721, 1.650000, 1.603271, -0.046728,   1.645972, 1.645972, 0.000000,   1.637915, 0.028198,
193.702062, 1.645972, 1.600855, -0.045117,   1.647583, 1.650806, 0.003223,   1.633887, 0.024976,
193.726491, 1.647583, 1.562183, -0.085400,   1.648389, 1.621802, -0.026587,   1.633887, 0.028198,
193.751073, 1.645166, 1.600049, -0.045117,   1.645972, 1.619385, -0.026587,   1.633887, 0.026587,
193.775721, 1.650000, 1.567822, -0.082178,   1.647583, 1.654834, 0.007251,   1.628247, 0.027393,
193.800173, 1.650806, 1.582324, -0.068481,   1.650000, 1.652417, 0.002417,   1.633081, 0.022559,
193.824602, 1.650000, 1.546069, -0.103931,   1.650000, 1.650806, 0.000806,   1.633887, 0.024976,
193.848935, 1.649194, 1.583130, -0.066064,   1.648389, 1.649194, 0.000806,   1.633081, 0.023364,
193.873401, 1.649194, 1.594409, -0.054785,   1.649194, 1.632275, -0.016919,   1.633081, 0.025781,
193.898167, 1.650000, 1.591187, -0.058813,   1.647583, 1.640332, -0.007251,   1.628247, 0.028198,
193.922720, 1.650000, 1.578296, -0.071704,   1.649194, 1.645972, -0.003223,   1.637109, 0.026587,
193.947268, 1.650806, 1.586352, -0.064453,   1.650000, 1.640332, -0.009668,   1.633081, 0.023364,
193.971942, 1.650000, 1.571851, -0.078149,   1.650000, 1.653223, 0.003223,   1.631470, 0.025781,
193.996381, 1.654834, 1.599243, -0.055591,   1.657251, 1.635498, -0.021753,   1.641138, 0.036255,
194.020939, 1.662891, 1.596020, -0.066870,   1.662085, 1.677393, 0.015308,   1.639526, 0.039478,
194.045172, 1.665308, 1.586352, -0.078955,   1.664502, 1.656445, -0.008057,   1.640332, 0.039478,
194.069731, 1.662085, 1.600049, -0.062036,   1.660474, 1.650000, -0.010474,   1.641138, 0.036255,
194.094394, 1.658862, 1.569434, -0.089429,   1.662085, 1.662085, 0.000000,   1.635498, 0.037866,
194.118697, 1.662085, 1.574268, -0.087817,   1.662085, 1.625024, -0.037060,   1.637109, 0.039478,
194.143296, 1.658057, 1.578296, -0.079761,   1.660474, 1.664502, 0.004028,   1.637915, 0.042700,
194.167730, 1.658862, 1.583935, -0.074927,   1.654834, 1.636304, -0.018530,   1.640332, 0.036255,
194.192389, 1.657251, 1.607300, -0.049951,   1.657251, 1.664502, 0.007251,   1.641138, 0.037866,
194.216829, 1.658057, 1.561377, -0.096680,   1.658862, 1.650806, -0.008057,   1.639526, 0.037866,
194.241406, 1.662085, 1.587964, -0.074121,   1.661279, 1.654834, -0.006445,   1.640332, 0.038672,
194.265940, 1.654834, 1.583130, -0.071704,   1.658862, 1.647583, -0.011279,   1.637109, 0.039478,
194.290613, 1.657251, 1.581519, -0.075732,   1.660474, 1.653223, -0.007251,   1.640332, 0.038672,
194.315265, 1.656445, 1.591187, -0.065259,   1.654028, 1.641943, -0.012085,   1.640332, 0.040283,
194.339838, 1.645166, 1.583935, -0.061231,   1.643555, 1.645972, 0.002417,   1.631470, 0.027393,
194.364177, 1.647583, 1.578296, -0.069287,   1.647583, 1.633887, -0.013696,   1.637109, 0.025781,
194.389066, 1.647583, 1.593603, -0.053980,   1.647583, 1.619385, -0.028198,   1.631470, 0.026587,
194.413716, 1.648389, 1.574268, -0.074121,   1.645166, 1.628247, -0.016919,   1.635498, 0.028198,
194.438281, 1.647583, 1.554932, -0.092651,   1.648389, 1.653223, 0.004834,   1.633887, 0.023364,
194.462614, 1.649194, 1.571045, -0.078149,   1.650000, 1.650000, 0.000000,   1.633887, 0.023364,
194.487174, 1.650806, 1.561377, -0.089429,   1.650000, 1.666919, 0.016919,   1.629053, 0.028198,
194.511523, 1.650000, 1.583130, -0.066870,   1.648389, 1.660474, 0.012085,   1.632275, 0.023364,
194.535846, 1.649194, 1.567822, -0.081372,   1.649194, 1.631470, -0.017725,   1.625830, 0.028198,
194.560392, 1.653223, 1.566211, -0.087012,   1.654834, 1.653223, -0.001611,   1.635498, 0.032227,
194.585180, 1.649194, 1.600855, -0.048340,   1.649194, 1.640332, -0.008862,   1.636304, 0.026587,
194.609744, 1.652417, 1.579907, -0.072510,   1.650806, 1.649194, -0.001611,   1.633081, 0.027393,
194.634279, 1.653223, 1.579102, -0.074121,   1.650000, 1.662085, 0.012085,   1.629053, 0.028198,
194.658608, 1.662891, 1.575879, -0.087012,   1.664502, 1.654028, -0.010474,   1.637109, 0.040283,
194.683395, 1.662891, 1.586352, -0.076538,   1.657251, 1.650806, -0.006445,   1.640332, 0.037866,
194.707947, 1.657251, 1.552515, -0.104736,   1.660474, 1.666919, 0.006445,   1.640332, 0.039478,
194.732303, 1.662085, 1.594409, -0.067676,   1.658057, 1.641943, -0.016113,   1.639526, 0.037866,
194.756843, 1.658862, 1.591992, -0.066870,   1.661279, 1.687060, 0.025781,   1.640332, 0.036255,
194.781394, 1.661279, 1.593603, -0.067676,   1.660474, 1.641138, -0.019336,   1.637109, 0.037866,
194.805938, 1.656445, 1.587158, -0.069287,   1.660474, 1.637915, -0.022559,   1.641138, 0.037866,
194.830487, 1.657251, 1.578296, -0.078955,   1.657251, 1.645972, -0.011279,   1.639526, 0.038672,
194.855058, 1.661279, 1.595215, -0.066064,   1.658862, 1.654834, -0.004028,   1.639526, 0.038672,
194.879825, 1.661279, 1.591187, -0.070093,   1.654834, 1.645972, -0.008862,   1.641138, 0.039478,
194.904401, 1.660474, 1.589575, -0.070898,   1.656445, 1.654834, -0.001611,   1.633887, 0.037866,
194.928955, 1.658862, 1.589575, -0.069287,   1.660474, 1.647583, -0.012891,   1.637915, 0.040283,
194.953494, 1.656445, 1.587158, -0.069287,   1.658057, 1.656445, -0.001611,   1.640332, 0.039478,
194.978268, 1.648389, 1.603271, -0.045117,   1.650806, 1.657251, 0.006445,   1.637109, 0.029810,
195.002613, 1.645972, 1.590381, -0.055591,   1.650000, 1.654834, 0.004834,   1.633081, 0.027393,
195.026943, 1.645972, 1.587964, -0.058008,   1.647583, 1.639526, -0.008057,   1.635498, 0.024976,
195.051496, 1.649194, 1.541235, -0.107959,   1.645972, 1.645166, -0.000806,   1.635498, 0.028198,
195.076179, 1.643555, 1.581519, -0.062036,   1.647583, 1.682227, 0.034644,   1.631470, 0.028198,
195.100506, 1.647583, 1.586352, -0.061231,   1.649194, 1.645166, -0.004028,   1.631470, 0.026587,
195.125189, 1.648389, 1.585547, -0.062842,   1.650000, 1.648389, -0.001611,   1.631470, 0.027393,
195.149724, 1.650000, 1.558960, -0.091040,   1.648389, 1.647583, -0.000806,   1.636304, 0.022559,
195.174399, 1.645972, 1.595215, -0.050757,   1.650000, 1.650000, 0.000000,   1.637109, 0.024976,
195.198833, 1.650000, 1.589575, -0.060425,   1.650000, 1.635498, -0.014502,   1.633887, 0.025781,
195.223511, 1.650000, 1.574268, -0.075732,   1.650000, 1.654834, 0.004834,   1.635498, 0.028198,
195.247832, 1.650000, 1.578296, -0.071704,   1.650000, 1.647583, -0.002417,   1.633081, 0.023364,
195.272515, 1.649194, 1.583130, -0.066064,   1.650000, 1.652417, 0.002417,   1.632275, 0.023364,
195.296952, 1.662085, 1.566211, -0.095874,   1.662085, 1.650806, -0.011279,   1.640332, 0.040283,
195.321600, 1.662085, 1.574268, -0.087817,   1.662085, 1.653223, -0.008862,   1.637915, 0.037866,
195.346158, 1.654028, 1.612939, -0.041089,   1.662085, 1.653223, -0.008862,   1.640332, 0.041895,
195.370730, 1.661279, 1.586352, -0.074927,   1.658862, 1.653223, -0.005640,   1.645166, 0.037866,
195.395422, 1.664502, 1.595215, -0.069287,   1.662891, 1.643555, -0.019336,   1.643555, 0.037866,
195.419943, 1.662085, 1.585547, -0.076538,   1.658862, 1.647583, -0.011279,   1.641138, 0.036255,
195.444394, 1.658862, 1.590381, -0.068481,   1.661279, 1.654834, -0.006445,   1.644360, 0.043506,
195.468937, 1.660474, 1.633081, -0.027393,   1.658862, 1.677393, 0.018530,   1.640332, 0.042700,
195.493395, 1.662085, 1.599243, -0.062842,   1.658057, 1.645166, -0.012891,   1.644360, 0.040283,
195.517999, 1.658862, 1.587964, -0.070898,   1.660474, 1.629053, -0.031421,   1.641943, 0.038672,
195.542502, 1.658057, 1.590381, -0.067676,   1.657251, 1.660474, 0.003223,   1.641138, 0.035449,
195.566834, 1.657251, 1.585547, -0.071704,   1.657251, 1.648389, -0.008862,   1.639526, 0.035449,
195.591616, 1.654028, 1.598437, -0.055591,   1.654834, 1.681421, 0.026587,   1.639526, 0.037866,
195.616025, 1.645972, 1.575879, -0.070093,   1.647583, 1.650806, 0.003223,   1.633081, 0.023364,
195.640280, 1.647583, 1.586352, -0.061231,   1.648389, 1.662085, 0.013696,   1.633081, 0.028198,
195.664605, 1.650000, 1.596020, -0.053980,   1.645166, 1.647583, 0.002417,   1.633081, 0.022559,
195.689188, 1.650000, 1.585547, -0.064453,   1.649194, 1.645166, -0.004028,   1.629858, 0.027393,
195.713767, 1.645972, 1.560571, -0.085400,   1.645166, 1.645166, 0.000000,   1.635498, 0.027393,
195.738070, 1.650000, 1.581519, -0.068481,   1.649194, 1.611328, -0.037866,   1.629858, 0.028198,
195.762614, 1.648389, 1.603271, -0.045117,   1.653223, 1.641138, -0.012085,   1.632275, 0.025781,
195.787400, 1.650806, 1.574268, -0.076538,   1.650000, 1.645166, -0.004834,   1.632275, 0.026587,
195.811956, 1.657251, 1.574268, -0.082983,   1.656445, 1.662085, 0.005640,   1.636304, 0.031421,
195.836283, 1.648389, 1.579907, -0.068481,   1.648389, 1.648389, 0.000000,   1.633887, 0.024976,
195.860621, 1.654028, 1.574268, -0.079761,   1.650806, 1.664502, 0.013696,   1.633081, 0.027393,
195.885183, 1.650000, 1.574268, -0.075732,   1.648389, 1.647583, -0.000806,   1.640332, 0.027393,
195.909787, 1.650806, 1.579907, -0.070898,   1.650000, 1.652417, 0.002417,   1.629053, 0.021753,
195.934174, 1.658057, 1.586352, -0.071704,   1.658862, 1.643555, -0.015308,   1.641943, 0.036255,
195.958725, 1.657251, 1.607300, -0.049951,   1.658057, 1.657251, -0.000806,   1.640332, 0.037866,
195.983525, 1.658862, 1.594409, -0.064453,   1.662085, 1.647583, -0.014502,   1.640332, 0.036255,
196.008056, 1.656445, 1.558960, -0.097485,   1.658862, 1.657251, -0.001611,   1.641138, 0.037866,
196.032629, 1.662891, 1.603271, -0.059619,   1.660474, 1.652417, -0.008057,   1.640332, 0.037866,
196.057294, 1.654834, 1.593603, -0.061230,   1.657251, 1.656445, -0.000806,   1.640332, 0.040283,
196.082077, 1.658057, 1.599243, -0.058813,   1.656445, 1.648389, -0.008057,   1.640332, 0.042700,
196.106647, 1.658057, 1.585547, -0.072510,   1.657251, 1.654028, -0.003223,   1.641943, 0.040283,
196.131281, 1.654834, 1.581519, -0.073315,   1.658057, 1.647583, -0.010474,   1.645166, 0.037866,
196.155843, 1.658057, 1.583130, -0.074927,   1.660474, 1.650806, -0.009668,   1.635498, 0.038672,
196.180615, 1.660474, 1.564600, -0.095874,   1.657251, 1.631470, -0.025781,   1.640332, 0.036255,
196.205184, 1.658057, 1.596020, -0.062036,   1.658057, 1.662085, 0.004028,   1.640332, 0.036255,
196.229498, 1.661279, 1.594409, -0.066870,   1.658862, 1.650000, -0.008862,   1.640332, 0.039478,
196.254073, 1.644360, 1.575879, -0.068481,   1.645972, 1.654834, 0.008862,   1.633887, 0.027393,
196.278624, 1.647583, 1.620190, -0.027393,   1.645972, 1.653223, 0.007251,   1.636304, 0.026587,
